x	y
0.248341397180088	0.401149235231614
0.620411531746712	1.09998265700452
0.325781490506334	0.646399417330193
0.746463993436177	1.03097719598695
0.68444096544081	0.714052736299979
0.398800933949429	0.745161832978492
0.0801221161410709	0.0961229744060828
0.399677046879893	0.792327166218573
0.465979742800692	0.531686684130118
0.337752528926651	0.608374172861764
0.315298299229326	0.440841684099531
0.0295000973455045	0.0289116017220975
0.0401173859144188	0.0404774869351134
-0.278174410415057	0.466859314919867
0.315534311182634	0.697294268950785
0.494072328191404	1.26860417124309
0.384677448211605	0.297709549054516
0.755820573681719	0.701883948807302
0.389994787236511	0.331570034983136
0.383884770269865	0.282244550639291
1.07024194520318	2.13739921233577
0.841605994016668	1.47090541739927
0.136717974615723	0.12434248095081
0.186587692135692	0.226602045327523
-0.747465070310642	0.982301497137114
0.397726253851765	0.476638929372989
0.0460378451422142	0.0501084869822011
-0.341332998457959	0.710819068668315
0.0612530878658398	0.105022012754436
0.326682824417881	0.94157531329444
0.519164756997838	0.401123062932193
-0.0219968743213536	0.0124903837314501
0.333310301798866	0.363784426111765
0.147671458936868	0.138924241750036
-0.851168478426216	1.01040244656675
-0.226758260333755	0.239058621030793
-0.331024300282593	0.439358180358532
0.172272052212932	0.222144848422432
0.0796850575671874	0.140537532796335
0.343627306160865	1.1156959838518
0.101710366845022	0.0594813361151755
0.219663030713871	0.126037205246425
0.185162687659618	0.136591660990145
0.460335352404651	0.556014691582338
-0.390474053725533	0.474223697289082
0.803980327426395	1.02480731854632
0.475108871952066	0.492474378163868
0.301182310102865	0.374671017519561
-0.156396607714625	0.221901576379593
0.183561493721716	0.336145031505905
0.350799572197145	1.00668113098407
0.845429272841547	0.518063989020872
0.283387999048703	0.219694693457117
-0.115108239055747	0.0616850332279238
0.559226290406451	0.601528756424369
0.396753124314385	0.436460304450948
-0.354723832632367	0.328222748752441
0.00988085061563151	0.00662074126265968
1.17124904106016	1.27090981755679
-0.146697979234959	0.112000719717952
0.788083773932127	1.17620711041767
0.435907589595399	0.772754011264657
0.304728773921579	0.701677127350755
1.23129347200878	1.12406631529863
0.149109401020288	0.0989647859869651
0.736180089651216	0.527932841998446
-0.0518872664176108	0.033358803318687
0.394736033792909	0.393425798360894
-0.273750191384587	0.255841178617435
0.10952072015934	0.0923977510708432
0.0944981159296176	0.0765746603930602
-0.142510371391143	0.0991126283555716
-0.153712157663089	0.136890835478377
1.03249572465139	2.54902535924867
0.148608419519672	0.208648238428215
0.633066165437144	0.337251009635842
0.23656066292999	0.146270648856057
0.384798295647784	0.250640871017619
-0.0706816745287086	0.0502760850209133
0.595356760832615	0.769812033761794
0.395074069444082	0.407578658891583
-1.52031507451432	2.26867835611518
0.395688511240621	0.435018823085339
-0.478599312111755	0.495530937603513
0.501316652041301	0.724866362893344
0.493353593195672	0.438277067121186
2.29124154061631	2.41906604552986
0.385810911634112	0.298823867865278
0.549978595927915	0.376666352239561
-0.183732890466988	0.138865411896528
-0.0823578098109074	0.0741525017211262
-0.354361959950208	0.327787163592429
0.00542033504057595	0.00436286611606683
0.465770444244095	0.531459415852898
0.329762880347858	0.349159475884153
0.0395765726239225	0.0448653543255085
0.389286038198549	0.330924446104417
0.325688479531298	0.333863278595378
-0.333007413616749	0.287735937693064
-0.153502877467174	0.136680411453605
0.287241041583821	0.32931953672209
0.1002191593653	0.110782946709135
0.517026606006673	0.680645642077671
0.319173925522695	0.45652153867366
0.138701969581693	0.142891218258283
0.178984595301402	0.280758833859828
1.0315067701156	1.67690294774651
-0.181917029762889	0.161204042742032
0.526282856602895	0.658028903916192
0.169202456517575	0.170137716845272
-0.181377661564721	0.171563563286058
0.492079218011834	0.758945580459397
0.260005173547419	0.256332287268038
0.0916440026622495	0.0909442709089911
0.394024357650219	0.406145384134356
0.0885378209183304	0.102117820284459
0.331365575287106	0.541858097805295
0.288357992983099	0.330985339887413
0.86285843343546	1.32344662368292
-0.158455560909434	0.159395293486942
0.14798596015844	0.119988405706041
-0.389775888760107	0.406914383816053
0.340531148116623	0.394187991170295
0.0670290169742965	0.0623545280135322
0.0617336123676639	0.0659126238357118
0.0930539849221718	0.0841964074909925
0.00173725241819439	0.00160114432325917
0.0766249381634255	0.0594532082320536
0.118406040689801	0.11464437212109
0.117139383764166	0.113314524752822
-0.158236719828009	0.159149385347993
0.00799205295892498	0.00876140079523404
0.432619506011759	0.764141454613386
0.178580792515468	0.185220663636012
0.452802124932789	0.605875246233898
0.103183276251971	0.105626479866522
0.00674300303815868	0.00542036429690951
0.20174621516169	0.22819424982162
0.397297655211992	0.488634787061573
0.398260944036585	0.502785456309592
-0.246545187146621	0.273490035318251
-0.548916359630411	0.725301974798068
-0.504294071468007	0.637973366942231
0.0905906544175208	0.097478173800589
-0.28599410051894	0.37946986571241
-0.909312238030853	1.60760866837109
-0.0822695526908644	0.0922554215085271
0.484924627532035	0.79391992400241
-0.317453029390982	0.368904461067124
0.130307087810737	0.17195221865142
0.525960745579839	1.09684348135986
0.328226620666529	0.517734939971062
0.787268655589595	1.61869630062749
0.6963021233548	1.19934832711509
0.24370156328879	0.277839812648055
0.445031662512853	0.666627830117755
0.315216594043857	0.440686908381875
-0.0630012952185169	0.0569536314564664
-0.140457083801528	0.149342834938085
0.458713003334327	0.569281361245853
-0.697968312118864	0.877830413956387
-0.159861951411413	0.169689349929073
0.112907064622726	0.119009757370005
-0.0829569345541545	0.0747528656737173
0.060990729755313	0.0650701848525361
0.0911092634232979	0.0980753841149214
0.113285750492565	0.140500324204047
-0.0331822382627089	0.0372402097635131
0.0665702679867856	0.0619038891118054
-0.400633235816984	0.508605829026723
-0.515536402191053	0.711301232493196
-0.505147568160141	0.639651149778991
-0.83187925698039	1.7606838896892
-0.0541148650548634	0.0707870275125526
-0.232342359734722	0.296053966726386
-0.0807640474607198	0.0818084962796795
0.270662121054499	0.358518619120703
0.870896981084675	1.6191179002649
0.344390061371426	0.420346280678203
0.611591627630762	0.938688885190286
0.325287850464325	0.494337865401375
-0.126693129891061	0.141747118611965
0.325011339231375	0.493851182055053
-0.0122983737774162	0.013803880288051
0.313978943658709	0.429887876886012
0.448599713553502	0.643851371143915
0.0522456409026752	0.0469319741887027
-0.182810268472006	0.162104239003659
-1.07927228621344	1.65136326427796
0.0456123593842356	0.043559171340632
-0.522297477979622	0.779105761745184
0.398525388007789	0.516021591463826
-0.19951789412005	0.233144155003132
0.177836371040865	0.18433681419219
0.362534147393926	0.566952148349079
-0.645819294782776	1.32426830798313
-0.0651787715860887	0.0661857278202473
0.540834200841937	0.858277474338785
0.249082589708751	0.291815923554678
0.160489850482724	0.156388067325977
0.252444045034544	0.361430999813154
0.180583757564079	0.305060024823275
-0.252673392884025	0.374556054401406
-0.346221505416992	0.401622570683262
0.167338385862257	0.232570260106719
0.60521895335678	0.762646009193508
0.548900053199702	0.834611221076272
0.0779507072946078	0.0679815913744988
0.122474321651115	0.145750657297991
0.315833079179474	0.441787289863601
0.50590231767349	0.715391561574911
-0.401508873734413	0.510114023448738
0.354636950984737	0.49976386017708
0.266472183527557	0.271461883958253
-0.010873700044652	0.0111083645539357
0.346391703910599	0.433781290489808
0.0182284703781409	0.0162985236840451
0.55031470243765	0.838001969003495
-0.34529873601377	0.43965733892349
0.756615677665304	1.17939870208679
0.507982366776264	0.701229749141202
0.572325848831229	0.796416447597016
0.689698310239046	1.04319992148052
-0.786391380338471	1.30128633385919
0.0607001327094407	0.0647348900632768
-0.16474331127638	0.201514164366928
0.340960561521572	0.394751541652597
-0.216798794023213	0.264856805315182
-0.180046368136624	0.200666938483416
0.0156875014880182	0.0148973489254929
0.0608616870316272	0.0649051773213534
0.155065005019986	0.206484607813098
0.112144188486266	0.138928410631058
0.160687431157885	0.198081581653551
0.094126205451029	0.118024654118449
0.459770848524441	0.928072809237755
0.117228445324839	0.136516259122646
-0.292483749580688	0.419624678850292
0.115348216804459	0.0853650541876777
0.299539618520888	0.372015048604053
0.140634190985606	0.161081310820932
0.30723975868983	0.401348484996956
0.700678041118694	1.3524108013033
-0.0450146685065648	0.0408326852505502
-0.0844503687939976	0.0655795278060275
0.0953989465223389	0.067141656999629
0.387132504499427	0.31454201574163
0.860595610453273	0.86696154947623
0.245342115791345	0.225375611207525
0.095044275891209	0.0668775446083058
-0.541152891925022	0.622623896416935
0.325320238449163	0.333358488968303
-0.740742942341238	1.72939693221681
0.306503532477437	0.522211063473191
0.470530074612286	0.854481041385306
-0.0352254504056027	0.0277616497134267
-0.520945339719204	0.471935303911845
0.0764639571723576	0.0593205303796709
0.0944797781649225	0.0664466700299862
0.0354880624197834	0.0250476751352471
0.226086312393907	0.191814334729002
-0.487579362490015	0.701050235629998
-0.10247224497227	0.120124464597734
0.0132591006762271	0.0132816288639115
0.0275082761851477	0.0346322908282043
-0.411340989938162	0.545580887756773
-0.0661481453730692	0.067236184170158
-0.116258834796229	0.169224255123343
-0.117195684064933	0.175328274723818
0.240231256251471	0.458779076851781
-0.308308859448675	0.594157281777637
0.104932219385102	0.144413814454177
0.162177123909872	0.255835941391101
-0.0262882601235378	0.0363511826224262
0.0617974326672906	0.0858023044559148
0.258545268370464	0.439573949982254
0.0108532142521553	0.0135423227078585
0.399210855356647	0.723321151405006
0.592006248611651	1.47428974073952
0.172567295328132	0.199102369424345
0.484971586126037	1.35505468248353
0.166403793777731	0.282955408866135
0.285037220512623	0.570539142770065
0.572031883779787	0.986370501029033
0.272183795332599	0.200617308671667
-0.0207952703125401	0.0118157098229444
0.385541307542877	0.298599312587628
0.482494117264068	0.464551412745213
0.695269815955742	0.881329426135284
0.0767452335194767	0.0595515436269276
-0.234059811114818	0.233787874471876
0.227445537103874	0.329375302675665
-0.067578025460761	0.0756829308061893
0.259103240695563	0.319660563144864
0.118035645051377	0.114262105989498
0.200257266973453	0.155237666549093
0.899653116892034	1.18403566103313
0.334338962784881	0.365276847053956
-0.349777785230719	0.366007371151942
-0.14195035495827	0.0986650672172448
-0.13363907686803	0.127275892740545
-0.303018321497084	0.450124955847835
0.138941830558266	0.173781322387746
0.438476082393571	0.737979430692534
0.125209762636555	0.149482499185726
0.349568051055787	0.449410750693635
-0.46927154750268	0.852514308831062
0.0261196050797868	0.033951198664043
-0.181873968215531	0.316399414217065
-0.359080111186654	0.850534942349093
-0.293954731231396	0.495080650813403
-0.302047078832345	0.595134643786356
0.102929156476119	0.155332855272426
-0.133826390536877	0.189411979705714
0.138359642889758	0.212629530212257
0.303117807581157	0.595668303297443
0.0990896475093858	0.133795871167855
0.132830670925304	0.200493947111851
-0.125656732431485	0.140430358887965
0.400424414725802	0.960014073503219
0.342118163297519	0.636775822509293
0.149247789303026	0.099049853286427
0.187983449279527	0.171955396107895
1.50924711654859	2.47017795065111
0.899735540468771	1.18455397861753
0.493575647230985	0.438658613032708
-0.0126681454969642	0.010821209530516
0.144296975407261	0.184362811191862
-0.859307392897867	1.86817601190129
-0.246332271044111	0.326637658538929
0.175339932957293	0.154374156387729
-0.0420698412455073	0.030243258538251
-0.228127126498529	0.170849133189913
-0.227876705669998	0.170656982987083
-0.0128026965680656	0.010936250458208
-0.35416129574831	0.327534451670262
-0.289352288371458	0.336419357655046
0.185309570006054	0.224767474682109
-0.0518228390127273	0.0527875579191808
0.360825426619848	0.563368361007895
0.052004508808116	0.0540340024528184
-0.49172474981863	0.734186352642034
-0.372263450220365	0.669228632564688
-0.221579669885497	0.388302949716169
-0.38842775063936	0.795503308411224
-0.454392927072506	1.16232657058098
-0.182460094137235	0.276842554742705
0.213911301556513	0.291256785368021
0.259966779735536	0.387413723797373
-0.0827611327028775	0.101067317167372
-0.342334660344342	0.509912304663487
0.0626309478694096	0.0831631477323299
0.131557447484609	0.173896348830283
0.300829263438548	0.48732518571918
0.872165077713664	1.62246041517389
0.357189621740568	0.514983724051667
0.469470224230553	0.867151710611618
-0.202981324068561	0.226301551056394
-0.370347778070337	0.47022215429917
-0.34395547989379	0.437540606869482
-0.356562917920783	0.473545984968066
0.348817923221181	0.448158839219842
-0.367640774315152	0.508524347886548
0.521414556555746	0.909320089681105
0.291386184400507	0.438550019106103
-0.0621146953822606	0.0725515346634803
0.0397947870633114	0.0401305084806454
-0.0656676303661705	0.077057373138373
0.330402353410944	0.349961950166693
-0.34540369035179	0.400319810941085
0.247886330528842	0.29010003222041
0.244785575107614	0.336238371284501
0.0341575107103861	0.0361455392940442
0.0798928234697734	0.0898566274122653
-0.431702177305729	0.546876388417649
-0.391504453195131	0.647532448359097
-0.291845187183114	0.418469013465289
-0.719975005110639	1.07036896399344
-0.280768292497102	0.342326309114559
0.669019293550364	0.894364720362281
1.14349811900679	2.63489300574324
0.0889079418876345	0.102585801347225
0.327625020002	0.516546122861368
0.399355787595513	0.567940380712327
0.837974154305753	1.76302318758662
0.0627175073018066	0.0716873555357956
0.677818182915522	1.21189964877177
-0.25674396035358	0.312909699454676
0.253168522624433	0.304160248579754
0.397788227645828	0.489447764061654
0.453023455797288	0.590601795127274
0.398052825052645	0.540209284232666
-0.252828603205954	0.322437453384292
-0.260544366867788	0.359460362670666
-0.393808208657838	0.608266765093376
-0.14067853002026	0.149639808862707
-0.840793191790507	1.72989421195939
0.172939765566569	0.199592958479198
0.0150870675240818	0.0143228656264642
0.573893954062056	0.991537721192365
0.290846766125051	0.437543941955088
0.269614689952331	0.425004305222898
0.221040243387275	0.313008942881027
-0.401499404527219	0.641634316034221
0.162209023539343	0.220973054410209
-0.16628174749841	0.220037287238699
0.0397836538158227	0.0345486932545297
-0.490458580913768	0.73146456155745
0.121534332567423	0.131703292509236
-0.33261843135292	0.512682394157813
0.236376355076264	0.261795869475058
0.161108191798117	0.198663293922965
-0.243915254173132	0.336639523719888
0.400496779412796	0.631967997602048
0.668080939627123	0.722090860032636
0.395744850831878	0.435096484615849
0.135564068242197	0.123172204191555
-0.0663050649871901	0.0673886738040089
0.306503532477437	0.522211063473191
0.111238546058825	0.137665885773743
0.0628523120453899	0.0718509097369297
0.222402366914451	0.23216590261349
-0.374031532957497	0.368579328779259
-0.150650420270488	0.124858852715532
-0.0964802966039783	0.080978599005512
0.284129936741928	0.317214751105345
0.260049917842324	0.256364057063728
-0.912073915596659	1.77426111996759
-0.0811398919900543	0.0822473793812884
-0.386312947511799	0.576272393598727
0.0613621716431077	0.0654922778781934
-0.909595700326363	1.60851798945632
0.315379958202587	0.440979524813381
-0.158715689598827	0.232828292697496
0.296776511258935	0.558547097115492
-0.152140178405095	0.249464726828993
0.0131103773464218	0.0181770197827631
-0.313535913672862	0.482267659575481
-0.171581720289224	0.267646790913988
-0.398941487384195	0.799521767050954
-0.115981653326927	0.168756650099953
0.450790676776798	1.05035183110473
0.110656538673361	0.15520879529515
-0.254324772138201	0.460860100860253
0.26282241068022	0.399061616209028
0.365124052386916	0.623643604586784
0.187079441983183	0.138267862265573
0.398615194580998	0.503492235845559
0.296675003557205	0.471068085138506
-0.0227641075507183	0.0244112459064059
0.241249377598255	0.324464812196337
0.0669626170348026	0.0622841164901435
0.214446554027659	0.174211840638275
0.398462594155892	0.503244140657225
-0.0817885156360663	0.0736192845984877
0.0917278389428172	0.0910334935268468
0.00547652870264996	0.00440751314847233
-0.332369533485244	0.441682598150252
-0.300563153023109	0.492513518105317
0.0998797559265005	0.110418789196627
-0.528091945387378	0.846338505332996
-0.228567553528824	0.303034950486937
0.248286657595943	0.348129756528363
-0.402671017707428	0.706775064767708
0.0331771101459048	0.0425213233093525
0.0601596061496498	0.0897232965141266
-0.280047799031682	0.53474628271157
0.280836618900021	0.474249675092591
-0.182401824259022	0.259821583322503
-0.523917350210477	1.03895411489571
0.108806604700346	0.142572071465549
-0.0049460598152174	0.00578449588611638
0.52038583699447	1.11472687478323
-0.376651626460407	0.733376449678127
0.231372798976947	0.341618912793803
0.498363547016068	0.736731453884852
0.642120773301834	1.07651506721047
-0.650357615547438	1.22508356250201
-0.242196885015589	0.282597501666804
0.456232260094942	0.580881258900321
-0.518195206276735	0.743759891385933
0.00988085061563151	0.00662074126265968
0.169395075169339	0.170337368261079
-0.0286735399878737	0.0260981474894594
1.19348502119691	2.22056425568765
0.176915785471859	0.232878480880082
0.0476302833079359	0.0455543032411164
-0.427740141417309	0.614808926546767
-0.206745482910514	0.207017244233064
0.071392925535908	0.0782914958491985
0.0535898054934196	0.0597272919671649
-0.617569152785014	1.42962575357894
0.0653613665989746	0.0880516883553976
-0.201988956144559	0.343637526506345
-0.238306513555168	0.440305089106458
-0.252807727925715	0.374824728134529
-0.142808367913493	0.159502093456951
-0.59398825395433	1.33879434338473
0.751744115415638	1.76724338855663
-0.0898610484271551	0.105433639765461
0.370351368347863	0.716031694887538
0.142587833204223	0.20968414583131
0.222890453163575	0.232759097582355
-0.0833049640820776	0.0846003601600058
0.49464495642987	0.74691708104362
0.120240811518389	0.163897654020968
0.146515054173399	0.171940318198979
-0.927981126048409	1.58601429470611
-0.247048894945465	0.274206107706783
0.24278949625112	0.276616545424143
-0.180400026071829	0.180884089356834
0.070259358863249	0.071414685083746
-0.203902907095133	0.215724772951592
0.0270441299491476	0.0264566100732285
0.0570448158229819	0.0716293494048883
-0.155532449843793	0.213469942277992
0.22170898165619	0.271537110299748
-0.0600004369066273	0.0641732575555765
0.192352866226837	0.269545089175879
0.0704454293440935	0.0873785809317484
-0.162038759988454	0.259492672983417
-0.398606645052928	0.740677583045034
-0.196137679077158	0.269988546902968
0.138533687110868	0.187144069497594
-0.495265795387002	0.766253903269295
-0.137343107929155	0.138490374352099
-0.143474327531973	0.160375049849339
0.448653151062795	0.62870067504794
-0.121847507230544	0.129725472290927
0.0289825378754364	0.0320088017406627
0.318610109419258	0.455514576138949
0.796196762096542	1.47025265808736
0.0806918706055976	0.102581898300626
-0.545906898162446	1.08355988890534
-0.620966492466553	1.20447099754583
0.3999416882533	0.630740262183681
-0.424554223418923	0.679523845813626
-0.34462703561215	0.438625100944658
-0.226757752126565	0.312618263296484
-0.137169075546752	0.174575654384288
0.0964501759195651	0.113945082686415
-0.755799550041521	1.63968811783825
0.355303428816727	0.490629497751341
-0.246324301513007	0.389250965710752
-0.0781502592846065	0.0991686260282259
-0.113604690668149	0.144720286210761
0.442665914066124	0.690759779582869
-0.326233399857197	0.583930769031379
0.0735786671893819	0.0915832407503055
-0.391618578124546	0.70699983467849
0.333701012695513	0.555738954291284
0.515299907535658	0.930414098781321
0.15216030189849	0.199057877850262
-0.0980635480477918	0.0991811375570315
0.341448186766195	0.395294892519827
0.197357345583284	0.186987533874204
0.35116981453297	0.462561594105113
-0.062572115189626	0.0565464342681004
0.0588608963699001	0.0580333622758105
0.483892035714454	0.791448555790263
0.302004963669135	0.375876929686295
0.139743967691442	0.159984510611312
0.188755691088601	0.259629237104425
0.0796872433804323	0.0955727727109101
1.03057912367551	2.6950094251893
0.0183812154038773	0.0164374753435442
0.111711850721297	0.117615340715454
-0.50530418695218	0.639889723674012
0.00285726092609392	0.00262509636911261
-0.216054508187386	0.263741264212746
0.45650659403614	0.581324936649726
-0.508052855402697	0.870509676141347
0.469925109291211	0.852759800957595
-0.652461758766213	1.19273925421034
0.089229378325277	0.102990616182324
0.492157172353127	0.759158932722712
0.0793203906770859	0.0950755293864905
-0.0739444080034833	0.0971600124751468
-0.160811172606007	0.263991665500965
0.139801033826437	0.215261048619253
-0.00460623597042486	0.00538746800068561
0.592049934573218	1.14244037511232
-0.363334254353348	0.541484338248547
-0.0141775284943813	0.0145089949730266
0.271352370736813	0.434916640102842
0.529960956838435	1.09091454842297
0.17323985182555	0.223640106520511
0.627358697007021	1.25932420148088
0.0905254674347092	0.0974027766410963
-0.243186175487893	0.33539859041037
0.331799098509178	0.542855890218509
-0.19806162998702	0.242021560527753
0.450223818359497	0.631704246706761
0.396138813477519	0.461395546771687
0.0579619385084061	0.0571216807897263
0.561032240041699	0.817843530824787
0.220994941601855	0.270503866989844
-0.320262384495362	0.442457793870141
-0.319566432421931	0.407163592010209
-0.0226537862255799	0.026521584998526
0.0903142146615296	0.0971420752058084
-0.229268640151539	0.304214862421671
-0.257865592280737	0.314691820968564
0.399508848382787	0.653869598273711
-0.0130785520715757	0.0152997366221521
0.056074222900937	0.0665995191593964
0.261138537742299	0.389553231538556
-0.239885447699432	0.343078177656629
-0.120374463387753	0.14713180200815
-0.163167619049519	0.199236495989779
0.208657333146504	0.242550411323364
0.178208593916735	0.184782700121245
0.121615972661889	0.131763971318641
0.148071376439953	0.157157096605531
0.239251898764212	0.321074953522004
0.0720725475361959	0.0895766757465505
-0.220389167008914	0.336168701789405
-0.050316593827874	0.0511782450256582
0.274585451995907	0.371986751741677
0.669471502760763	1.05733612171892
0.258352688510659	0.318606270829094
0.333796388421269	0.364549202836084
-0.0633515550239315	0.0572778907870239
0.0444726635876921	0.0483363064945031
0.00476581763031749	0.00563189985033119
0.334750028179365	0.57552991870548
-0.367745777673965	0.605035113845865
0.147697786788782	0.156710352989194
0.299760824362157	0.372402790973481
0.511122937871648	1.1690743967537
0.0626899201796275	0.0975090998382278
0.0983402552098105	0.139390695401529
0.473912539569454	1.13928071943771
-0.0887139335592586	0.103965038085143
0.104054533374464	0.125868572224236
0.114790174580121	0.153485289823577
0.151322196693014	0.197797180984759
0.340219541058185	0.393768974372966
0.0392159858809174	0.0340580521257483
0.753475402352275	1.33300181122487
0.0793865916228443	0.0951803397332652
0.169257139253216	0.256182898904861
0.115258856977567	0.154172633044266
0.197832725032462	0.251813705146486
0.310392183325651	0.41508812950712
0.78260852284261	1.47033750651731
0.730059890666992	1.33923853216726
0.123355762336143	0.146981246373279
0.112458016854197	0.118490324305745
0.307155929974123	0.531044823359179
0.0869836387213057	0.106691634451501
-0.0550530097037325	0.0721095976613725
-0.352465255939796	0.544016143061299
0.0000201351554800657	0.00000811781747593709
-0.0915738691153189	0.128440763619838
0.00878001973381012	0.0116400798339514
0.582922130600561	1.66042127767898
-0.112209504912372	0.142737193490284
-0.300016337974265	0.41468325101356
0.160778262767021	0.198212506741824
0.213356768353907	0.254116392865132
0.306944230703975	0.400840225226856
0.542778958855952	1.05324838726915
0.258995390001342	0.385565942195579
-0.0608385269014987	0.0651345492104088
0.0730091143869912	0.0907916867132951
-0.170774149603624	0.243246237258414
0.572216322047422	1.17140735496414
0.175033718226472	0.248665323057688
0.0398797547387829	0.0452248596280906
-0.280319016867383	0.341748595672474
0.319754145888421	0.466267357104196
0.0505787682439509	0.0622442727766137
0.124053927655763	0.160298207244446
-0.0496964875824243	0.0669191642993942
0.177012838417954	0.255698631122332
-0.0129814618891407	0.0139440997103415
0.288369615501422	0.425509458248466
0.172567295328132	0.199102369424345
0.668093708314604	0.892678160127215
0.17842795925568	0.185048349604006
0.635783376572363	0.913010948408167
0.284715305496792	0.317975431891569
0.448523032541679	0.643702075619613
0.40072270712597	0.632220121368573
0.17885861458365	0.211618868403142
0.174248772180962	0.305604675288228
0.399284766528481	0.723553607325908
0.89476339714267	2.33447143474933
0.400364715350269	0.619517251373928
0.300662954448017	0.373774882199992
0.102917590296241	0.14835575283231
0.274297026168374	0.511427760844517
0.100847272119064	0.129181939585302
0.0226642642966632	0.0270147808789614
0.0211199317842748	0.0227835961951376
0.353994933480163	0.477816063326305
0.501247320561674	0.724719591435376
0.147983990463942	0.173902708625337
0.398322591988606	0.528203035290014
0.159378395183427	0.155213645112955
-0.479022008361736	0.659770890892153
-0.180797171383473	0.211468512384744
0.84204651553329	1.47200620921521
-0.20171186672315	0.224694253301428
0.097045675580277	0.114735263738398
-0.14235500875645	0.232742738467651
-0.0491218763801078	0.0621814961574435
-0.129540455580465	0.151545175667983
0.667288808696881	1.52274966609654
0.138313036372905	0.142414976150723
0.675725161663193	1.36671814920318
0.150145838114248	0.211165035687629
-0.650567417708993	1.26389016467261
0.661670680295558	1.37967961498149
-0.235550400128851	0.287274821915006
0.450455843799667	0.61687465829116
0.594444578210587	0.768030452031566
0.230593427180209	0.248255895500791
0.393890401553959	0.392418262603318
0.587375757605003	0.779293586289731
0.229852278917801	0.247316333819612
0.00331282978467636	0.00286397105256798
0.193717792144951	0.212887111019137
-0.575037001669944	1.43966032085623
0.0759956439135284	0.109773276819668
0.172419836198639	0.244384964590494
0.400246538681378	0.655542568906552
0.253919890133969	0.305357757706045
0.208063891878578	0.241728559081574
-0.330556609641435	0.36480622392335
0.433990326085907	0.781413851903953
0.275518019595223	0.456316538023783
0.400588445445807	0.632154052574574
-0.0217556820687408	0.0254430856690307
0.161752466003948	0.199589675072028
0.0622503634874484	0.0664940272196473
0.130367959638388	0.145208802683568
0.347978776522964	0.43625456575735
0.448001304454534	0.642717588284978
-0.591942896869452	1.01536450331923
0.0392319973612852	0.0340642334904388
0.690584924427416	1.045265442564
-0.409845072698275	0.611495184730206
0.151020133353067	0.197333847514468
0.436645439460392	0.774406823693224
-0.101027770411563	0.118234171398146
0.156186900719718	0.170518302738147
-0.0726777446738655	0.06131048803288
0.0225080519245744	0.0188338385296768
0.139096627038374	0.159156895227769
0.186749898241691	0.226815607471803
0.398662515041467	0.478034804781324
1.06670907317059	3.14093827989332
0.0433557723892762	0.0522291072179977
0.886038680005736	2.45755930283512
0.470198454910652	0.85362990416463
-0.0814491756592651	0.0912296299236956
-0.229627801374648	0.304795045635296
0.244184645500487	0.335190374944223
-0.281790452429919	0.389776374625211
0.116017796210248	0.155318369058819
-0.197360036984421	0.261917349404238
-0.278875547270844	0.384802359902274
0.103632757062193	0.106098695501073
0.215965401307646	0.257920041899205
0.200179240115855	0.226021744644787
-0.310764475966077	0.445653099510698
0.769454531022244	1.76228827496409
0.323502550227245	0.482134204014909
0.156414234866176	0.170771245624532
0.00595835378552977	0.00479171959671678
0.294218772508106	0.347455176911482
0.465356283251399	0.531018870423431
0.371306928537766	0.708747091465907
0.307453786347588	0.524324414224058
0.126772168224006	0.176318300401638
-0.00424649881605614	0.00455910262777431
-0.0577660346287227	0.0451825822278554
0.396720625669208	0.449503322140932
0.203121336691696	0.264522995595616
-0.622919730974579	1.06784089448697
0.0945501489386251	0.118616356091318
0.0884064464246774	0.114897769507775
0.400132862072396	0.826599043276793
0.318096183415576	0.454541984352245
0.0623765627555272	0.0523909607214932
0.138177920060611	0.142284060310852
0.661299931863704	1.37854986615522
0.384225359380508	0.282537949964564
1.46746836756431	1.58000970851844
0.155385412935157	0.283418019559918
0.233685993622872	0.467978935188533
-0.0865775315270184	0.139532044772293
0.192376629168369	0.34075018069827
-0.579227127917755	1.71982184932316
0.259426457638371	0.447112655276973
0.289760687336748	0.332918510987256
0.572481317160765	0.796754948720121
0.0514709471049935	0.0534566935646164
-0.44782967930621	0.717015089731404
-0.228200514951563	0.3150436826849
0.00177622620236569	0.00224321070299739
0.697736070165576	1.647214494891
-0.0451407389108003	0.0506901745107708
0.445049081003638	0.666606219433776
0.0280857272139196	0.0275026493432241
0.178168130685462	0.184694077858837
0.26366648072155	0.406704560499252
0.0704902673637844	0.0824694988927069
0.129948950282375	0.0555267392668019
0.384397430124121	0.267042203099591
0.310498661465849	0.659899871833
-0.35512582860304	0.672180140752802
0.494348170488434	1.0085665301541
0.649889765136335	1.8460825054483
-0.170882880162392	0.273724051498244
-0.0314418447546479	0.0382821601019696
-0.308488118071507	0.409740268453087
0.259624149134152	0.320471375210677
-0.450809687199284	0.623279622290514
-0.0871452378275357	0.101916908299477
0.36348181006401	0.609671344880188
0.138055094548511	0.199562509517079
0.168244347331573	0.212521100736698
-0.371900613873978	0.472879283695797
-0.333341836094033	0.443222720377587
0.530597150019239	0.874317296548668
-0.0742608087905281	0.0793793350178314
0.301492968023351	0.496132538127387
0.495545257822322	0.748667176776689
-0.0564730429451187	0.0543370673296591
0.493054296590658	0.438075720948024
0.697717424383949	0.533812580370505
-0.0187191526480589	0.00859422588068306
-0.0624243474137874	0.0345335859973686
0.667000345383301	0.539924886281575
0.10827170760527	0.122838265319108
0.1954255088705	0.215089211116239
0.1954255088705	0.215089211116239
-0.519089080032871	0.745525528172747
0.0573451093675111	0.0682036015522116
0.0208231229270478	0.0257050106213682
0.191518129954481	0.338923127756712
0.110734959884155	0.136957174678856
0.118632954136453	0.15021306511545
0.186134624926204	0.225960498633712
0.309014859903353	0.412548974373721
0.270867224326265	0.433876604366783
0.13929356997764	0.143559268975176
0.00292717468168313	0.00369380935666096
0.173458860480661	0.26707285052483
0.182343527737878	0.26861168905026
0.273260952143904	0.445106049386254
-0.136232759792181	0.173172200789526
-0.0111786541694826	0.0130505490710271
0.0808105940494534	0.128754920470949
-0.108871414655163	0.148599574487082
-0.249135313735507	0.381577675334882
0.186436233431283	0.199153675187557
0.398965716201272	0.516797489971534
-0.0266372929516591	0.0257649988758002
0.46003949350872	0.555354900302163
0.398441486763482	0.515882205103695
0.552191116243038	0.614396648600545
0.763142445406663	1.02754757300496
0.530597333779631	1.29891653105917
0.226542285461323	0.327770507647363
0.482247728816769	0.804231697123762
0.198468294221608	0.28421572651658
0.40368701504429	0.993651539975007
0.399791499303116	0.814565159173734
0.497767765441179	1.00189892494773
-0.0415778807596299	0.0486504176206777
-0.247677252915041	0.328908256335151
-0.153992443831719	0.203945417337985
-0.448945036378173	0.620075426926341
0.259497700060947	0.386552358287008
0.497166849043536	0.984047130606404
0.0942172583270305	0.11815443798584
0.178356281208746	0.279551250522364
0.102353865679297	0.131336500734863
-0.166982901483708	0.221157815383917
-0.35544516917491	0.471526462271808
0.71887333328173	1.34119566486163
0.0962643355802332	0.113712191001891
0.291216500336144	0.438250716339594
0.364907145919441	0.602864917913811
0.173610507653709	0.224140136894089
-0.231098486010129	0.307035530159345
0.20791552439749	0.241510173368098
0.00520718484684336	0.00419244905559169
0.283740008390859	0.219991267832969
-0.908101451687711	1.12874679361601
0.755114279552729	0.701573718807632
0.0783926668587607	0.0683964384915454
-0.0854988014431718	0.0664531059350029
0.396122170627456	0.422369713551735
0.0912955761461757	0.132807986779202
0.193346280199907	0.346535194208905
0.715255293336227	2.06223880016798
0.370803802787595	0.707485503190457
0.181479225751705	0.267043072292125
0.295690815433088	0.548643510295625
0.126183384112559	0.175435069710274
0.347428322146127	0.68538038938671
0.149195733374415	0.209619410065334
0.169829510627345	0.257227097548088
0.290477032605966	0.436823260323331
0.208000747129216	0.309741908856976
0.131290742849323	0.160267518881078
0.297981095310271	0.47391719151908
0.157058397629115	0.225461500092574
0.0638671459769678	0.0775880537835258
0.16754462840838	0.23283871933133
0.346710256221666	0.434322456377745
0.145910132842074	0.186730192064742
-0.0236276806906566	0.0241104478830235
-0.239319381644096	0.342026182125074
-0.0478371441066759	0.051268332655904
0.303911318204041	0.387435574557415
-0.243092786002152	0.283821539733971
0.64467527352038	0.903726883653554
0.201089932425983	0.155964504853306
0.518162384573891	0.400222740025432
0.0325783806233575	0.0162083672083924
0.149675957500915	0.0993636038635462
0.389554570967454	0.331169269656819
0.275970053864514	0.374493978247018
0.190611662656491	0.290897057790979
0.273606015181575	0.445956946539944
0.333286588161221	0.554839037252597
0.304987682802048	0.511314327434258
0.840512900155655	1.61899921545444
0.578562035636199	0.980857852756867
0.0402784045639205	0.0406428316760949
0.362857223999606	0.567622331259061
0.217537696497347	0.302147523095541
0.0401424931141492	0.0542611253856691
-0.451018619759624	1.02135104635009
0.173980151191024	0.305113136500915
0.18629440856406	0.301793303022561
0.202750561414784	0.263931205782402
0.238432149622131	0.449358021171516
0.642235351469266	1.69932058458935
0.142216650505992	0.209096163166332
0.0650203553958836	0.0834553510022779
0.247734958087118	0.28987519392525
0.356795178969402	0.524277368428536
0.704081019563568	1.50266281409216
0.0640134757682438	0.0732513710053159
-0.0330476461256837	0.0370842167834324
0.292511021871305	0.345021683039683
-0.0319137333042239	0.0271678514565463
-0.147303987036919	0.112517074553261
-0.678844641457055	0.604478618973311
-1.35372303735011	1.79615640298374
-1.23052736449044	1.49624135444878
-0.141976083067552	0.0986975574396042
0.765062575034555	1.32758009000472
0.193789554322163	0.272065147994875
0.346475165889222	0.433960561490111
0.268016676468257	0.347301335029758
-0.0238571370720534	0.0268120763236249
0.143141022053061	0.210695292848014
-0.0318343824367037	0.0372585155867273
0.211654654922637	0.287394228303971
-0.410202708400188	0.612200271859137
0.454661077244118	0.593736273062022
0.130741031506286	0.145679124641893
0.568770931098511	1.00040106805557
0.226059434435422	0.283505301602875
0.304580981885441	0.38851494144996
0.000690931179783462	0.000673454500373799
-0.3078234754268	0.408601533465371
0.398511679295838	0.675000599822251
-0.101828422387096	0.143216613424649
0.0748447424365863	0.107957304979438
-0.0535610696960239	0.0700229079476079
0.637853153572341	1.23856262584652
0.361016778918569	0.54308816622719
-0.0226207286200047	0.0264795371299231
0.222536452592475	0.232232227142606
-0.0619289031591353	0.055928965984431
0.326373783203032	0.334715172852154
0.0720442947062724	0.0480459965639456
-0.464541298861728	0.293812089400549
-0.810901823231979	0.865157340270614
0.621569474513966	0.553067294327612
0.300343889940883	0.255170282075542
0.387132504499427	0.31454201574163
0.132977427996309	0.176023297545063
0.443119921945521	0.691744789363031
0.0387876968700832	0.0336767324900119
-0.371596243631392	0.472422145786247
-0.205592112654949	0.205694539463638
0.344865028366	0.421160163003219
0.102732377803048	0.105102167126366
0.196336714654059	0.21615027183062
-0.461928270054423	0.689287503027347
0.222519999533577	0.232294673219552
0.398963134804582	0.734223064806235
-0.540839534851351	0.987535799797553
0.010148143646373	0.0126534461098583
0.187669289618739	0.304577336191495
-0.0191067373447247	0.0271379379356269
0.327105096894634	0.506741597219581
0.463057526330184	0.909028079002408
0.491985019209776	1.01748641617956
0.361921190781492	0.555335814307416
0.147031709091992	0.172645478108246
0.092000559544576	0.0990855698724788
-0.0365866455132307	0.0288464621497403
-0.65551033165996	0.708408896246319
-0.329842810698226	0.189306253830455
-0.966198513599258	0.538168127121678
0.570142263706774	0.362464883970776
0.394359594817734	0.135507846198324
0.383760027863942	0.232051184638508
0.569175431435177	0.361700906016139
1.0029582471682	1.66560239153271
0.479010698089672	0.812793900054738
0.364755053940939	0.612687639891829
-0.472501691111034	0.756633556871418
0.148369761163946	0.157503190897622
-0.247048894945465	0.274206107706783
0.0811945136184512	0.0781310058438851
-0.364849469555628	0.402235935383536
-0.0917625427544937	0.0878385600136148
-0.0250626719854814	0.024215810808794
-0.371578808975682	0.472346080131912
-0.550301017206907	0.757476470283231
-0.768385166173752	1.36246472404112
0.398457367145134	0.698396703292703
0.196357805681357	0.35325769581464
-0.121559156143364	0.192245333501521
0.0713519984266732	0.105806159821045
0.824567088388329	1.61460082953323
0.466460736300371	0.532523419448777
-0.592595689743357	0.607016053745279
0.830954752341549	0.702737106735197
-1.02411687139406	0.722858406567284
-0.0192515748287181	0.00883155921989002
1.14991335422364	0.734758416149278
0.399047638168481	0.652788338187503
0.0647366408023077	0.0830564251485897
0.363431559629271	0.599552791983381
0.503570784040745	0.9684534929265
0.354331072962008	0.488927923326413
-0.0250601420624244	0.0242060895825759
-0.530783144867425	0.880057625377082
-0.0945256781468471	0.115467379321658
-0.132975308871825	0.162356866501157
-0.200042236148941	0.233875948939759
0.128116559890381	0.12794525906026
0.0727068423734014	0.0953380468145162
-0.434967769170606	0.896840071049466
-0.611725616846951	1.6338337865827
0.306611731066413	0.627017529925407
0.0814747579020285	0.129974190185789
0.401560639105501	0.875074913414449
0.498485049882036	0.987990145592578
0.358379734613339	0.527589629671363
0.137235053804535	0.185107579117847
0.125056703300779	0.161802248189449
0.310280070088648	0.414906072396005
0.198345820273143	0.252617931256931
0.250049237505526	0.164855062130115
0.095044275891209	0.0668775446083058
-0.0212757848816483	0.0120869001367899
0.0206121753474172	0.0222265989341631
0.635360310081931	1.56090821580467
0.207635170138633	0.365564653749482
0.167133838330111	0.21090752215797
-0.00327492533191632	0.00351474438176792
-0.129578405470326	0.151590012960446
0.0658826848269576	0.0846459953525501
0.0814194197331517	0.0917095281814444
-0.520589407746366	1.00410614863735
-0.310764475966077	0.445653099510698
0.0644563849392329	0.0783563236402257
-0.0463735679217838	0.0606489159171676
0.0976156562229397	0.144741358230053
-0.100343237316537	0.127542003424069
0.26933670765116	0.487333104622793
0.349079052363882	0.698509925477965
0.369539305789524	0.684483085999283
0.443781885042189	0.693042110943776
0.718727829609439	1.19141308758492
-0.456405706537986	0.656190583359103
0.362944570312681	0.578156340028294
0.0192759126173362	0.0207585471211188
-0.330495684330852	0.401916260154775
0.244866662159584	0.224887581466599
-0.7407286960694	0.747639798071415
-0.187345199918662	0.128706741269906
0.569767628338025	0.362213706599297
0.196719679982082	0.103550825173407
0.390747173927566	0.346697456131693
0.192460730082545	0.294415424755085
-0.0406142901122457	0.039176824182492
0.311941718430902	0.549678086800225
0.886193309654249	2.72742478799333
0.027066898475888	0.0340542228529011
0.138729728103008	0.21333641445155
0.0620087964888184	0.0861209052926905
0.208841176093366	0.342247282134815
0.217572257230006	0.302210027028081
-0.232262398345421	0.295928968922069
0.777901845677261	1.75546576346466
0.109077805787203	0.123847424957417
0.126756417728551	0.176353414616618
0.0056331852612632	0.00665806272720694
-0.371932788233363	0.573902994802325
0.0433335950522677	0.056888981460911
-0.132220571284243	0.181202730212041
0.161458564922207	0.302458854684772
0.376416860306168	0.812306395905296
-0.0671554217787969	0.0994222377314439
0.0675165539571109	0.0912473993523492
0.138988781466879	0.173861896154339
-0.0314033369400937	0.0367319495043539
-0.363756808213894	0.542287888220577
-0.117404730155334	0.11862112979513
-0.590801113065577	0.81284681246443
0.492858251217792	0.437867039470441
0.0952108348230544	0.0670022760812247
0.272692689652606	0.201051761305512
1.46720316420158	1.57973674306227
-0.186015905770752	0.113295491069645
0.789047392856913	0.701342123090752
0.169534629962238	0.11897014902462
0.381943315219466	0.212186929048949
0.306571424358625	0.400189773660372
0.174741170575499	0.269453324132133
0.295571008258204	0.555488706349944
0.439399865163314	0.740000900845926
0.0918414904280369	0.13373206499603
0.127369963064269	0.209010869194457
0.011351850739906	0.0146332022336304
-0.10832337971869	0.161819314448229
0.44287373438234	0.691071449069536
0.549914708695672	1.22109224469067
0.333037108397646	0.54520204722182
-0.0107328423070405	0.0115056834965562
-0.18149976706643	0.249505757892244
-0.0810666219750481	0.0821570832945293
0.399632629424249	0.543343953778162
0.0434230192637392	0.0523014567632488
-0.385568598203427	0.57482520289938
0.0602691486423217	0.0798184077152806
-0.0268584234907374	0.0360387831362298
-0.793446118986802	2.45338763349078
0.115313736882006	0.199622156425812
-0.181044482437118	0.330385042869054
0.732338745992866	1.9065125588025
0.398913423252251	0.676127273841803
0.34527693560527	0.662220508995403
0.0610551281162225	0.0651438874372823
-0.769933536335217	1.14386373259031
0.176490061048742	0.155484976359711
0.506463794070607	0.411021795238798
0.569707180843949	0.362140744984604
0.384778725021319	0.267370113977008
0.569610576487529	0.362084403314652
-0.966453487774123	0.538358739862374
-0.578416452425551	0.305020392350438
0.272705428175462	0.201084978892791
0.288577557767606	0.331308050097427
-0.025956500082034	0.0250945718138965
-0.465921030974966	1.0564302922005
-1.19183706322599	4.34240479081372
-0.137368008347592	0.174860424855148
0.833849840539111	2.04291101178976
0.0291627332061105	0.0367769996665825
0.201720893235989	0.348681176624341
0.374738462660488	0.767453691394738
-0.0876950253779719	0.119200114965683
0.324550197764283	0.492921263741476
-0.0345158202457603	0.0478802750719755
0.188595978526381	0.306387735656379
0.32482074647761	0.786996662056647
0.307263294953016	0.523882840282339
-0.165012872624017	0.201862619277116
-0.57484224246704	1.35260184177485
-0.534405923303314	1.22291176502166
-0.453852116474962	0.75137260832324
-0.467015568565221	0.944980693128391
-0.422754498832106	0.743624100907952
0.196963799093925	0.358330367704244
0.218601520087005	0.443103109080114
0.0322161375926527	0.0393294030736355
-0.440269523404317	0.930792810791446
0.00289708344283835	0.0034240862750719
-0.0579256940582288	0.0733577663941777
0.348185660476461	0.696208591532562
0.306608370142548	0.627064636463276
0.0506879403091474	0.067907464782835
0.510954954048677	0.936839042465874
0.0644563849392329	0.0783563236402257
0.223240382231384	0.356947166350397
0.400140871629383	0.815635376606682
0.374370276540718	0.766415413067402
-0.568270880518637	1.09958256928985
0.0202406319152514	0.0181147657459301
-0.478680539059408	0.495738990087645
0.00670620147309976	0.00497340480164657
-0.431373065986898	0.448472375719339
-0.593086054304572	0.533022292767153
-1.31575674395277	2.06708701367638
-0.727180474785692	0.780821150824528
0.392273106820117	0.362600559072895
-0.0188055190861795	0.0122527306065442
0.387615138990918	0.314907609056914
0.432315519573834	0.790324248982104
-0.230227919392798	0.305769522833611
-0.11670438474336	0.154136589995933
-0.461582656739595	0.908867154047629
-0.0122915257693917	0.0131965847798793
-0.148848183631372	0.236828273879725
0.0337488822184727	0.0432918633016777
0.199783043128088	0.316144301167402
0.298846177427045	0.475456243156066
0.107837443482054	0.141097718248271
0.346205372650266	0.664565214165573
0.897839127396241	1.47941624685399
0.295131997621668	0.547516143814898
0.0168940102255588	0.0189707065766393
0.0871176666177396	0.10687004039404
0.107682405111497	0.14091856284565
-0.110590131270814	0.155542967944806
0.0422471349629659	0.0508174119687318
0.0795146014763271	0.111535115875152
0.201355269162692	0.319221460513662
-0.291098737235357	0.416893039695889
0.0658639419344203	0.0888039782527872
-0.665401309177915	1.51106782921838
0.4279351723836	0.904620857014808
0.0331174118263934	0.0438978470556701
0.0458814669964481	0.0583369681808636
0.190745723348299	0.314333056674981
-0.0309393077376931	0.0390361068241464
0.0339623098504189	0.0435798622592787
0.0417825787484209	0.054749216653151
-0.484671232430532	1.10434677309167
-0.00597429692775088	0.00749753112430282
0.244369858416387	0.431259807766202
0.0781824884121005	0.104413150989028
0.435266487494192	0.770979524250967
0.0140682617102598	0.0164015162229396
0.00630504394831778	0.00718662853499154
-0.0941845986199377	0.124064136783517
-0.478073576854542	0.919273526195377
-0.260905014876466	0.413196442659218
-0.390559784345488	0.704370160092017
0.112157193371391	0.118133534377035
-0.181063758889024	0.171194301015069
0.0767859547541106	0.0595840256248736
-0.372067461830948	0.366246184629785
-0.18165931189373	0.160937396185689
-0.348409643712486	0.36402479027356
0.322294932017988	0.319638901524048
0.395228507431726	0.421200288629782
-1.0875086754852	1.78965259025511
0.465407569282618	0.531118468671176
0.570255811307206	0.593321588566468
0.220070475695432	0.269169511740476
0.0271499429432975	0.0341655811649672
0.0117507587298852	0.0146640299057745
0.203856335047855	0.26563807890158
0.0130315317171612	0.0151770845895107
0.139536180685289	0.174516048871782
0.431988124593221	0.802676637299987
0.140199413725301	0.203103887953695
0.158075059146853	0.211240934104696
0.554978227229647	1.21827169442041
-0.0322438533120296	0.0392799577191401
0.296821027003205	0.359613701757605
0.245489936767531	0.225507795027544
0.137979900645168	0.157679054132394
0.399452414321004	0.530347105898391
0.258796944539391	0.319323790948197
0.0852470861006058	0.110420867544823
-0.422388040114395	0.674381436115748
0.118498855943426	0.150023873845656
-0.0924046253622227	0.148934398940864
0.197732341471735	0.360277724177368
0.526900758400827	1.09953665025132
0.321416540122055	0.469323894315228
0.435538664990912	0.771886216427179
0.17818840016673	0.25776782816362
0.27161483817931	0.360100472689389
-0.371474603379448	0.572867626027392
0.154574540663571	0.221393675098177
0.121774216571425	0.177178677045125
0.114830931818922	0.196964976199347
-0.180671200022893	0.289728419644961
-0.119862801729752	0.184586556957209
-0.201559134536537	0.361453919838638
0.194998554860786	0.350329787338452
-0.180284912809544	0.304996944106223
0.539363469391342	1.06271734494554
0.25829174602168	0.384215677447751
0.493221478908876	1.0052212324338
0.144509863565882	0.199246035495682
0.124589299801394	0.161103384825098
0.224455759802745	0.359358218957377
0.26984002296914	0.425436413200471
-0.133156215632655	0.162607941840119
0.241561387877968	0.376794162320142
0.26416632708432	0.334314996118438
0.02936040865824	0.0370432381407785
-0.110463788969987	0.155336100723179
0.455300125752838	0.956434564958869
-0.483371026962399	0.827528215947692
0.447781320292601	0.642214131166357
1.00397558501247	1.5178129397385
0.0956086190971453	0.0672890441351927
-0.593255716393555	0.533201707593114
1.11724296024708	1.56388118319032
0.493758342708815	0.438812470001772
0.0720312354634971	0.0480418974366956
0.333269252225816	0.363852988018118
0.591756950300286	0.571308200240005
0.201155658704029	0.156059359437565
0.103625109932128	0.0968116939435856
0.354687904823142	0.489600448178469
0.0470651373048762	0.0380288962479518
0.0982911201651185	0.116350005677399
0.454537516716994	0.995142678098327
-0.182487760164599	0.276947218527762
-0.182691836832318	0.27735544708346
-0.0309641430431111	0.0376775020849881
-0.142443712248841	0.19512033292466
-0.0769270789630486	0.0902189258530538
0.352337125495365	0.743720307630924
0.188708739755601	0.329153832664961
0.073783117043539	0.0866100470180689
0.232767316701993	0.349318783369661
0.00355046623817524	0.00306707362907714
0.59156876246747	0.571076151613936
0.711868727370416	0.877442166050716
-0.443478769992836	0.377141653686316
0.781214184578996	1.02384625061197
0.460607333324243	0.556471993965502
0.333900256466275	0.573505481038554
0.478484501369028	0.827567064533844
0.323351496191612	0.490465759907249
0.46975932747112	0.852397506342806
0.327759047687213	0.516849951387063
0.463556301183769	0.895524344702758
0.197944819397462	0.283191827095347
-0.496319633283557	0.930290278577134
-0.19695542340586	0.29085207809976
-0.022045556084168	0.0257863360283341
0.238259673894592	0.365045057346243
-0.0126793642785956	0.0153870692839287
-0.0460475826911647	0.0658332826554348
0.0622345824052799	0.0864629199790115
-0.252215315982319	0.422233283679872
-0.147042809771027	0.215193006107851
0.0880205931939014	0.131863643223526
0.233517460184856	0.392306969716454
0.177256189962198	0.256097285773036
0.456588519145959	0.960551270824949
0.204756909783055	0.299456340179988
0.32294946552693	0.630789841840153
0.255565470947208	0.427457905755898
0.23701219195382	0.36253234999407
0.165932285560271	0.209099659149633
0.14496906957127	0.185352826855522
-0.0575039109727968	0.0727751377730971
-0.502049872433251	0.993338576132609
-0.308234168380366	0.490636857362519
-0.0674519923592201	0.0854704234863504
0.198191695522372	0.283709932116038
0.112303919386063	0.157846838664878
0.191099665820239	0.263376275122234
0.255605366758536	0.373199912385017
0.400000377755672	0.606507389336307
0.594444578210587	0.768030452031566
0.49902383865296	0.424468194856051
0.392200562719529	0.362411626863201
0.299419510205202	0.25424945133072
0.0938256664169429	0.0759955881973439
0.00531966587586031	0.00428177472062402
0.0957751186449491	0.0674138245811902
0.31770690487551	0.304066397575413
0.853655894352797	1.02476902698748
0.230868460287336	0.24859393194057
0.139242302418989	0.159350773073637
0.341260574391194	0.625790849547141
0.675948382950856	1.80098722596059
-0.0194142184561286	0.0268038946558558
-0.0300255072446956	0.0378555929533546
0.278687780627717	0.469579299758162
0.204185156932583	0.266183767779218
0.0716997684341953	0.0840059813672111
-0.0307711822504964	0.0374355981193618
-0.340215958910299	0.575709621833062
0.105631758802238	0.14549714426447
0.150014758143686	0.195776320781402
0.162631900096342	0.272292555140075
0.317966174344006	0.594826413470253
0.211196553839617	0.320042117931523
0.185979292257123	0.198541899629002
0.0533791946533703	0.0480017706820622
-0.354765915719372	0.328068730155001
0.497553626715378	0.73488152883698
-0.305089028645929	0.371681340405277
0.00707416670370611	0.00524299773981359
0.114987049390565	0.0850717016215132
0.398469624626582	0.49057964931389
0.127506110035174	0.127254783442945
0.397921148947676	0.476968851765815
1.27054077747697	1.48026176255364
0.280841899458605	0.623525207075866
0.123004152875485	0.217255100423377
0.103986343548214	0.172494595572679
-0.285356159303204	0.532719821868634
0.0906225343439994	0.15985322467915
0.00697565032204804	0.0095035112703479
0.0224608635602064	0.0309338676174326
0.227085428418916	0.47440651819458
-0.0700255161025328	0.0949902277641065
0.0695566287373147	0.0985938073333737
0.178188667127127	0.184766858269584
-0.2580846966624	0.314956238487125
0.0202859955534886	0.0218653596970977
-0.0767585483735936	0.110400696876396
-0.424377601255024	1.04082510386991
0.195295922332011	0.421123946886536
-0.162414370794559	0.34071481333512
0.29103606620996	0.698814051188531
0.00147991132271857	0.00208871968102265
-0.0177816466509221	0.0244961620912585
0.00467178515456895	0.00739276711363895
0.179985348746072	0.345029865333772
0.33328035856443	0.563505921488254
0.136090955576251	0.123722068700649
0.341946268104274	0.406492233939568
-0.0132371670007107	0.0160743517503154
-0.0813408075478391	0.120612781771535
-0.0900631785913715	0.13388873601803
0.123886083832189	0.160017551607633
0.634460707866418	1.08444268116843
0.473163869216832	0.845986633117606
0.030475800636666	0.0415569606793535
-0.0542131852969799	0.0777311749269298
0.105568112162154	0.145425124055641
-0.281619939358553	0.538835715442131
0.0890406685775143	0.102740238170241
0.0704902673637844	0.0824694988927069
-0.167689214591962	0.213989922424988
-0.230367964220415	0.306005830758921
-0.055718082437547	0.0624691100660219
-0.209839187918315	0.197898795936137
0.248977755887127	0.349368451735312
0.297667178788863	0.473264959853167
0.298212075037511	0.474022941869708
0.478683561655287	0.811975776212994
0.651140857653705	1.99393434502877
-0.0461474367912557	0.0518717010413185
-0.0850299335173862	0.104082136589957
-0.0824835122240629	0.135931285129041
0.138177920060611	0.142284060310852
-0.0117994495940341	0.0120606112185144
0.477142713402908	0.824360252053505
-0.094794557035053	0.115835357467855
-0.0118356835884657	0.0127014264212208
0.759205937639126	1.4761145795735
0.221039041350343	0.517195208001579
0.200789024759626	0.318109837639384
0.537339653962326	1.26983444155851
0.340364711453801	0.805076039225038
0.451231365568932	1.03827807047399
0.429917888135431	0.898150273746019
0.122721241961492	0.178817446040135
0.303776506767005	0.508589012612009
-0.113221472125506	0.178819194115299
0.086527533298776	0.1181373648773
-0.1933375628531	0.302420494672861
-0.0826620524964201	0.100930540161202
-0.12986091590448	0.15198000804618
-0.196272164351491	0.270198942815465
-0.330773804266139	0.438931945527775
-0.18195715016496	0.241298326093261
0.398870950501786	0.62835479509594
0.499219661980221	0.424630351637346
0.323628245657615	0.491075494314204
1.61085484507279	0.841669374755238
0.531889589392012	0.388274035245203
0.182880178501813	0.291643618157157
0.0324544507222234	0.0429817987725568
0.142434931220354	0.195914181088248
-0.0871152260230636	0.118315609778891
-0.104531506023508	0.151440217226478
0.13219814413144	0.17487208007911
-0.448684795857932	0.81423356675346
0.240001047867912	0.322310336266296
0.210729039889564	0.319087722371413
0.499646242623739	1.24206396510165
0.119482955551146	0.162674346244148
0.123068509380864	0.179407362575997
-0.243197270100426	0.439885629015419
-0.0200656026824874	0.0269013559048463
0.375702255834036	0.809845879641606
-0.144266026679633	0.198023970523951
0.280271047428186	0.473202597012153
-0.0568498299557232	0.0718956547113939
-0.222255078513306	0.328467409408389
-0.0327452441943721	0.0399211513487423
0.156370254784616	0.25694145593996
-0.169772242406908	0.256801288219822
-0.132112069319271	0.181067862268965
0.157370640682181	0.258916796007689
0.252024363338094	0.414371571279648
0.362702697339291	0.58780654518427
0.167686263063396	0.211710859681618
0.315833079179474	0.441787289863601
-0.592016025359679	0.949841703257455
0.305870671249498	0.520531488335748
0.545978232675039	0.849348307680604
-0.242769066688861	0.334667696429703
0.0297226803648707	0.032854500735993
0.194958703341394	0.27404317066746
0.361379180096321	0.564594413754588
-0.487318791965955	0.859832025277989
-0.385746068498501	0.575191402274783
-0.256502984882838	0.367199456414302
0.0863152066622464	0.111954415638754
0.0305975651101595	0.0338513766600022
0.162811175607411	0.137773240706865
-0.0815748295285692	0.073408489524775
0.45441134838974	0.593196848335748
0.460393183731776	0.556132566608404
0.640442109022701	0.544222071712519
0.116553819240126	0.112684686617553
-0.0418967148733168	0.0301123126196983
0.158934136465083	0.246997332504003
-0.367594435528372	0.643825465034977
0.511762753590634	1.1711655339626
0.0867497163111772	0.106374380284153
0.204028188764219	0.298014254230435
-0.170378220468277	0.250363241612968
0.634538624707168	1.0845925108905
-0.521869883657325	1.27150264009199
-0.323954302859463	0.547406630763442
-0.157761912393337	0.224232198082114
0.275178580541276	0.449242713519941
0.270254879760314	0.426241600674825
0.0138437865392954	0.0161362947659146
0.00813432220406654	0.0107773096323626
0.0925913015926903	0.134953933964599
0.244693528482446	0.388404990427556
0.338835793575333	0.611186253263203
-0.307421872613664	0.488975651693774
0.630408130469185	1.40727255649632
0.138566448762294	0.142728448921976
0.163577786515286	0.22317046519168
-0.0143383856650421	0.0167921934038109
0.706259530548591	1.7847884954626
0.0610551281162225	0.0651438874372823
0.0000110351946833278	0.0000171574051126883
0.18746681886441	0.200406261121924
-0.0908866295156001	0.0869285035073623
0.321827603574453	0.319047351958613
-0.12797010952766	0.114450344901364
-0.274089636114899	0.304001006694362
0.520566045639927	0.667452954299441
0.305917348597665	0.270889660273394
0.535267365613515	1.06941232435106
0.245532355818745	0.225513551048152
1.30812707835895	0.580766962829485
-0.833651011160203	0.336414202985408
0.953758045540439	0.882102311855237
0.314059390253498	0.569952588234894
0.13847691410788	0.200268490840413
0.371798275248071	0.709962283862815
-0.28058890757174	0.38780896069672
1.11898598125405	2.9030829500402
-0.33312865598053	0.547568682484469
0.36429151909616	0.580878454084806
0.282126461297161	0.399499131506011
0.21425007557003	0.255487880650467
-0.463346465491049	0.81580128211175
-0.0130333636470524	0.0146389522280946
-0.530915331215275	1.13615183846352
0.0610540697466036	0.0809356161238021
0.188172178521296	0.305553016049156
-0.135167812772517	0.197140222056412
0.263022621788582	0.399430676105982
0.262354486089664	0.398163644306615
0.00623790396284061	0.00710966243800653
0.699623758137948	1.34932269944135
-0.021927260507147	0.0256495620745294
-0.163744059266016	0.191725604570482
0.146596054574115	0.172030559682325
-0.485691241490864	0.98468388637283
0.125671537454746	0.150093090979981
-0.0778010464461117	0.091323594332395
0.252142243122064	0.360918011062959
0.364975689227978	0.602944277348697
-0.0136013676204216	0.0159174097653327
-0.0544512077879697	0.0638869908145126
0.0797113852330341	0.0896250387961113
-0.0110152156487604	0.011254131070361
0.339204319270795	0.392291453051121
1.17597628592832	3.10878136262069
0.167825828131413	0.211918891456657
-0.534329498067837	0.916059210699314
0.461392240930606	0.918771618500299
-0.155920921590366	0.221100277905448
0.0719022825121333	0.0842530647261693
-0.210208060165858	0.300236387614083
0.0713980835731692	0.0836216914512111
-0.0893845612523407	0.0954626110115439
0.252142243122064	0.360918011062959
0.27081553118602	0.433789520797048
-0.16980652558713	0.249349241700318
-0.0506662369196154	0.0617861025876811
0.169083883347371	0.169999644746182
0.0785922244000234	0.0685835750793679
-0.354924671202833	0.328456763531471
0.0568099668543814	0.0420967691632965
-0.185716652750186	0.14054334199968
-1.13372955037217	0.698876373405479
0.549736722294345	0.376466152873021
-0.135385405377732	0.0842943280439736
-0.184630497316086	0.139662895897511
0.297210092346033	0.472219162541687
0.187759435418568	0.282027281576291
0.00909835255664808	0.00997909204714447
0.433546445901325	0.793546725147037
0.354930912084237	0.489985656329746
0.0954523973169363	0.119853012351442
0.368675767158724	0.672347129419152
-0.00216476363706576	0.00243520658958353
0.430195338649051	0.836558644695641
0.0386382295924367	0.0481251064701226
-0.510211747782258	1.06448529385516
-0.150151629722925	0.183787193969005
-0.251868212041553	0.421476868542377
0.220168396217177	0.346248588250852
0.0323524980214181	0.0428325720242382
0.493073849019285	1.02064224028695
0.398925152398439	0.756810451305118
0.17229846003565	0.244191830366905
0.472053159673416	0.842988003439002
0.364452409518096	0.611995439719911
0.236073117951846	0.310285354191804
-0.0604518082411525	0.0646905565829019
0.645944072517586	0.9066439391284
-0.264330825703384	0.307749271638395
-0.147545836958466	0.216049468355916
0.361274770034607	0.554008265374232
-0.504934083282599	0.63925334532644
0.0383764344886053	0.0333081729893116
0.0450813830432202	0.0283854380564496
0.448221080248368	0.643074044766457
0.966126519355266	1.19915100521002
0.0344032077111239	0.0242754955904128
0.796491982289816	0.863115885005743
-0.11369502817398	0.087581400413214
0.659798280562557	1.06344610497643
0.244975671503612	0.224999111691326
0.391170058637688	0.156712376042666
0.492506181625139	0.437413346745373
-0.242495618330722	0.283030894369357
0.253401912343503	0.304579416677568
0.168843527580837	0.118458360031002
0.388953869913335	0.109223498718798
-0.390898555337021	0.182999809053684
0.693362072439576	0.332705752292149
0.183809965473429	0.247614119150008
0.525948179287084	1.09648006975603
0.481881349716802	0.803370455100719
0.354996799020348	0.49014343076415
0.17389812984352	0.304923233442295
0.16602811656642	0.209207822678143
0.292798419749939	0.345414059963291
-0.181560678618754	0.160803559018408
0.518041361141329	0.682254103400744
0.240407915874664	0.323033924790726
0.0719202449641327	0.0942128791078925
-0.207135603931387	0.315466736783327
-0.193970456220556	0.294716678014874
-0.202010367644908	0.225070197169136
0.678621705195	1.04867617007219
-0.320163268064042	0.408075596142678
0.214517884602872	0.292240495484636
-0.0743916321037675	0.0795198621080995
-0.56245270546808	1.02304962972782
-0.467697168629092	0.723660382284365
-0.1986587140732	0.242891374957376
0.12460804274545	0.148680433997297
0.22164389230696	0.314102629179824
-0.194455063617947	0.313560163431662
-0.024928921857706	0.0344103854503966
0.44054238390813	1.23355039657135
-0.0235884864069457	0.0265049287482618
0.0393723697374166	0.0341960481281364
0.97862140570429	1.94231636491735
-0.115529860745261	0.152362969765623
0.168056471346999	0.212249738932319
-0.836084532745958	1.38338344245786
0.262087464396874	0.331023150025249
0.0403078824902802	0.0544935608548362
-0.181362036232882	0.221813847586972
0.17842795925568	0.185048349604006
0.278489756343031	0.301861914581431
0.292223229101857	0.344589724820754
0.166282854330775	0.266768914730262
0.098524437384778	0.14626563708036
0.0565501040507899	0.0805444317839929
0.158911483242	0.231725976575563
0.134023126968729	0.202591974180909
0.0168900451137284	0.018959494068013
0.535119373282319	1.06914090106108
0.0920316382496686	0.0913502322175358
0.13900624980517	0.143234501506139
0.495848430856484	0.996784483503896
0.466050282029184	0.872677969594886
0.626740685042398	1.41870734787078
-0.016172071649805	0.0182048046120013
0.479889894604842	0.814967345476055
-0.0242420421153136	0.0260303514568387
0.352727975550138	0.475710339339372
0.628413150035577	1.09510153218803
0.33889291171064	0.391811611017294
0.108045848880603	0.141454713152129
-0.473990544611863	0.886455591155078
-0.241003335215709	0.280942074215671
0.186930829454222	0.170888729313985
-0.261555158455564	0.211933481136974
-0.330374313460103	0.189661122443498
-0.866697472238689	0.812625347668096
-0.115591359677705	0.061951610075415
0.594327731673635	0.3473329439691
-1.80045036263722	2.09889830154133
-0.587271854530815	0.40610458770811
0.781918004031025	0.520347828068038
0.333243720667472	0.563460373159102
0.457020489583647	0.962052841757738
0.241385166150347	0.274600348977835
0.159573084002412	0.1964571390735
0.192071071330752	0.238848734668734
-0.0121218413845168	0.011062128279349
0.651485153715026	0.728062244381631
0.245084705137302	0.22507475212676
0.390181361049292	0.346088100018322
-0.0367916135171553	0.0374934406482465
0.594722341136004	1.46321980005818
0.109031404734385	0.142898125819542
-0.0778747054463557	0.112208400505246
-0.0715473501503868	0.105582297972856
0.338744659473354	0.774743146402647
0.0729270163810374	0.0956432735046735
-0.113712936864981	0.144846884840297
0.430189955216033	0.861786897153202
-0.0819271361919487	0.099940569066441
0.0659036174266942	0.0960404103777612
-0.181088939419147	0.257512768346692
0.233680641689042	0.392715936818172
0.0967679191250103	0.114362272753752
-0.0762920208696433	0.0894127159617531
-0.0713118916649848	0.0870251929489798
0.321008413788581	0.468607342885302
0.611895406178774	0.939292034670945
-0.928442393351469	1.58764938134971
0.0909134515049687	0.0978394783719697
0.283035978879727	0.219379646755372
-0.443833079277005	0.377549236342044
-0.050623440043371	0.0515080625288731
-0.425001075508911	0.680347034022486
-0.940509067855367	1.10887567364665
-0.835519924147281	0.837539004417566
-0.300034875717803	0.199689431018485
0.0348813202732732	0.0246142855289718
-0.261438033271964	0.211848280481976
-1.24964782050263	1.20791313271254
0.59524568931636	0.347892317482707
-0.0214163883274787	0.012166097960855
0.134260791129927	0.104230599308605
-1.05798113232457	1.36752617362881
-0.213973559151412	0.18866640755119
0.392475548163093	0.36280926300525
0.628212367389301	0.923410489653856
0.138025800565233	0.142101445479098
0.31734298571514	0.303654274467797
-0.0127134128380941	0.0116040211936573
0.0909988429288908	0.0902356283935043
-0.272091243109116	0.134354832803417
0.0831112319372716	0.0312627334934207
0.78014973845987	0.33104046106917
2.44512313457251	1.28619846136113
0.322622824540531	0.480435492048619
-0.0603714043379824	0.0645935112975592
0.900742483154957	1.18590845419436
0.18660574396553	0.19934917993527
0.268890390121114	0.541449181591621
-0.0989003075595739	0.134845911173934
0.0534380076318144	0.0480525910080421
0.386173263868048	0.299105166377908
-0.156125436077866	0.148163479360785
0.842266664585395	1.47247549277725
0.196289394355166	0.305466649852472
-0.0214107711078128	0.0269492366158042
-0.39699689567375	0.676667484959971
-0.236468431647204	0.288698699015622
0.138934763760809	0.15895804499477
0.448279410726824	0.627897754841792
0.574556475821817	0.993100434291243
-0.288960903599459	0.335772049373611
0.0994912451318694	0.109925557121208
-0.180278290102335	0.210739344398548
0.132961282164833	0.162622973065745
0.158206858615377	0.245684355217217
0.702880759686429	1.49909124808153
-0.465547915051491	1.15077323371152
0.509242775085144	1.17908512181499
0.358086339124635	0.83455131292541
-0.482429836479652	0.953361660957351
-0.0559495012132792	0.0538127565444901
0.000072234807424346	0.000070331885870832
0.271487453863328	0.359936136883765
0.062489012668704	0.0524889896307238
-0.811072187272605	1.25014651249036
-0.0503968055435956	0.0512650546653694
-0.0444444865267422	0.052170626946155
-0.0985859937732952	0.0997541147714693
0.271638002730974	0.285270887057996
0.294303665979004	0.347565020552789
0.117605570898556	0.113811627641226
0.45176936356744	0.603875043241252
0.601780479390102	1.12300551310268
0.242184001241346	0.426157471523638
0.30453789214834	0.510331996118058
0.181421495771378	0.285249550943867
0.115231749594086	0.172498956752073
0.0947181562285968	0.118846316857946
-0.220231555208228	0.346932013321031
0.213136961719905	0.289973815700094
0.396464761278972	0.449149840978055
0.595753851709033	0.770358537617152
0.213786856524528	0.254753719803648
0.440209959997328	0.713906252383794
0.32992805876054	0.53868362095226
0.215596227417146	0.332807099933111
0.0612976702014586	0.0654142237810871
0.0447940734718376	0.0487037086804359
-0.0958896193191687	0.10742577649349
0.343058162350707	0.408146213597764
0.71798326592223	1.18975990724389
-0.0999299495983079	0.101242860288833
-0.16414125808221	0.200655674005284
0.173470033936109	0.223988373080632
-0.441359943036228	0.584756683311749
0.136090955576251	0.123722068700649
-0.151177831269538	0.125353992901829
0.218892644148071	0.1255320478051
0.272862391600108	0.201177830057688
0.0325783806233575	0.0162083672083924
0.0829391888686957	0.0312031930136134
0.196780027356607	0.103577238966402
0.391459724058397	0.156872099210498
0.0722007391666191	0.0481589058383273
0.131487173420582	0.146605043196472
-0.152586076570122	0.20173965310328
-0.129578405470326	0.151590012960446
0.288558195302181	0.331276258612317
0.0876512188612999	0.107587269042673
0.262509485537671	0.331673146313788
0.00731397128887328	0.0054206370519412
-0.181635163607535	0.171843877540519
-0.401880777294382	0.442416884958397
-0.000862585296511413	0.000880048715428523
-0.0241908144130195	0.0271964698922344
0.172776273762126	0.22287618805143
0.114743145768951	0.171650976580723
0.423975401018136	1.01355627831318
-0.220548272533562	0.406942394145787
0.263784852406254	0.522377574110541
-0.0349212024314891	0.04542456747932
-0.0211279541050611	0.0256604393003692
-0.286936832814679	0.426736779614034
0.111939213051071	0.157260242392173
-0.541036264814621	1.0154582749391
-0.155167127786791	0.219766305421075
0.398388711052927	0.515678785497045
0.835656056719669	1.75493130479283
0.0797023946678071	0.0896204656434832
0.351695737779301	0.46340187681587
0.669114663383666	1.37521382899641
-0.0269476141732548	0.0244984864535465
-0.216120878394218	0.26382411860858
-0.851648007826779	1.01121941412982
-0.727222433873926	0.780685860544982
-0.151087765544273	0.192375948666967
0.398965716201272	0.516797489971534
-0.183152847343447	0.150740293873259
0.14971733285232	0.121532922035246
0.666353904867903	0.539302718396171
-0.373042614153104	0.367488638290614
-0.418170290884689	0.409930798337696
0.0722762431184934	0.03921341407439
1.45552728523341	1.74831153665837
0.4884043558442	0.452400924035222
-0.363454156075754	0.289197208331101
0.226014547655123	0.191703971849761
0.137044533321141	0.124680420098962
0.825950816903291	0.863897429313395
0.465407569282618	0.531118468671176
0.0223514146768004	0.0187015569610237
0.807081674552597	1.17730415964612
0.545036464706132	0.625921237956759
0.431768018177189	0.814946403816042
-0.0271861823233655	0.0247214399148808
-0.201935679823026	0.224996895004859
0.831486121127716	0.703552760356458
2.52480998418306	0.634922772878525
0.0827373465346443	0.0311187140854148
1.32852632811387	0.774216753678459
0.440816706327987	0.701039552598149
-0.440199956773015	0.582323226428219
0.4884043558442	0.452400924035222
0.336363767667443	0.378173360534933
0.209183080737857	0.243274044962783
0.14400196307789	0.212189606176372
-0.112209504912372	0.142737193490284
-0.441624123883642	0.484662667170899
-0.716094656710993	0.814326505229244
0.108994561706121	0.0919192669114304
0.194332360510181	0.242004039107178
-0.0138921697054488	0.0168804616786976
0.712186079491946	1.77824864590948
-0.0344589471005826	0.0387117399753035
-0.755994468083458	1.64012934454061
0.112385545568873	0.11840260785307
1.76692494419103	4.33364214846865
-0.342409106344914	0.473007154481017
-0.105352273763266	0.0946440408953407
-0.118199764639684	0.119487992980661
-0.481126119305748	0.664359263433189
0.102212124086913	0.104548892233963
0.578707539403554	0.98122382164291
-0.00024867927079708	0.000255943155215342
-0.139743321219615	0.210585323883755
-0.298867247685906	0.559943875401884
-0.269413196707621	0.513889913823607
-0.0227395970971963	0.0266243219391416
0.091947856405417	0.0912688521785427
-0.180984430135449	0.181573721025002
-0.357305614264298	0.474762726836077
-0.0951185402318731	0.079754381760941
0.242668764851063	0.276415080796027
0.262688341253819	0.332016902708866
0.585495184651623	1.14594351511603
0.0780224460804175	0.0680505300518039
0.158695400411865	0.154454386582815
0.347082495563914	0.434922205062053
0.392493338238876	0.376872541375464
0.225460341623448	0.282574479973966
0.399118362475818	0.711599008176897
0.671159392399098	1.80825597128343
0.138469213805749	0.225336671532758
0.149367374293797	0.209892218792521
0.28593742095672	0.498940824523556
0.0350833139733503	0.0501147052593872
-0.31181148474405	0.556862785166371
-0.802919823451508	2.39578831128768
-0.34728617981102	0.673133234494296
0.20316368396936	0.264574730385042
-0.291426742759655	0.417665926364921
-0.212942411601399	0.187596790849367
0.21499323121648	0.21763051735905
-0.0306310937101441	0.0260587335731735
0.52794182119803	0.887518021292777
0.209584792925849	0.279404434054894
0.632185497846779	1.24825359943853
-0.935620569979152	2.66710154365769
0.149611513853403	0.210288323912733
0.279993636880712	0.395464587426131
0.0914167290960774	0.0984347521034176
-0.418009093825248	0.409758277732746
-0.547016736367913	0.692019694334963
0.019191302334672	0.0171685710926716
-0.207067365866419	0.315359149917742
-0.197900300404249	0.262776269177434
-0.301162019137089	0.333295554030484
-0.0447301324449223	0.0405635211681802
-0.760003303442888	0.719743660509054
-0.01876482349754	0.00861389005014956
-0.171411167924149	0.0700562652286236
-0.018511191067904	0.00850083106806699
1.01806063574197	0.896604324555969
-0.89091184303618	0.575820995097577
-1.53771982956668	1.21935462393374
1.53853119511365	1.0178808747532
0.727329594393951	0.703839750230914
0.665707487127234	0.538494627471469
0.0715082302011756	0.0387989839825231
0.704230897046508	0.708059320300059
0.260273068050182	0.256622146663429
-0.209413970155717	0.19743548011956
0.179035436683422	0.236267419117284
0.174204201632507	0.225022515219009
0.473597961038375	0.846854887038584
0.159222140511921	0.155042859225048
0.07670446855599	0.0595155046214863
0.3944553825812	0.39308113881167
-0.531750924607712	0.547865560625008
0.24566817707612	0.337563302275834
0.301695148005765	0.489078655813125
0.164033126953176	0.18408271817534
0.111405735931217	0.137892255458003
0.503495428293458	1.20773407131255
0.6251899563933	1.56980780511614
-0.247861628981129	0.470958741690597
0.244424513174692	0.431267397192136
0.505855967605257	1.19981659554157
0.0258492948120455	0.0297223188779393
-0.319341007560703	0.40674694059658
-0.0990806958902291	0.125724427462594
-0.267880024640076	0.356059283299618
-0.195465257146318	0.268861344468832
0.024845857800836	0.0256118340341219
-0.142275302109074	0.158824076336789
0.516285100956118	0.679289720148455
0.433221818324379	0.779418673231635
-0.0238693258462789	0.0230344561152009
-0.295596070859923	0.293280577902326
-0.46942788075828	0.457728062149979
-0.147144557283923	0.112381436923014
-0.278074274630915	0.20607175620602
-0.195564139107922	0.269017806505914
-0.209694194123589	0.288400624688078
0.605297176510364	0.561578379547452
-0.30837174641347	0.247603423821521
0.388005955463199	0.31533062939554
0.394212091522043	0.392833051169815
0.29158178311713	0.236800513343659
0.101595273423385	0.0594167671180128
0.236178243797869	0.145997792992884
0.0141289091183749	0.00836045154881416
0.283557496838356	0.219833998218885
1.46707741587785	1.57952357273642
0.168296180027023	0.118023895082466
0.00917103363477692	0.00614903480323948
-0.543046326933582	0.6556877841004
0.235510246518667	0.208068944034902
0.226811345297922	0.192445940864161
0.116804583546123	0.112956326287076
0.56992470923534	0.362317672416572
1.05172209393551	1.22519414451649
0.333384372087608	0.36402073142337
0.27901650392799	0.302541105954249
-0.114964625151516	0.0616045755073083
0.391875066580752	0.157028833949212
-1.95057211414036	0.916528474190867
-1.95090813221164	0.916794366373333
0.384134114624651	0.232346090494917
1.03219872751126	0.716334255626643
0.115880638423634	0.134760062758475
0.146727521715067	0.155497529977062
0.321885520863096	0.318975779889838
0.128030748640776	0.127850388745211
0.126568133183771	0.079084180561219
0.320450251010407	0.616540794093239
0.429955412052918	0.84866917419122
0.356646336647428	0.503513079165597
0.0866109575319567	0.118221310270012
-0.415859736133762	0.708725265417559
-0.180886725929135	0.181466221210164
-0.0719485349417639	0.0606537952103905
0.88814015727511	1.33523923462866
0.237645069782231	0.263457270075291
0.304054301426272	0.38763279904741
0.0810758615745874	0.113944099900121
0.292451552364627	0.447929977749939
0.105434082745448	0.12772696753989
-0.418706607870388	0.577965865070322
-0.23110805305674	0.307175251812609
-0.0819999751878358	0.091918134190649
-0.148521360704541	0.181519155922525
0.253316964346424	0.304355846672211
0.354410842359836	0.489022456351989
-0.486684538710618	0.69949573964144
0.317732200767791	0.453867924324977
-0.333149521431852	0.51371607991558
0.551062705944521	1.22489633612357
0.261004575617216	0.450622598048703
0.257825032976909	0.490189595062539
-0.115520196668412	0.152334716612974
-0.0053852190253595	0.0062998639586446
0.0249101088356327	0.0256759089158967
-0.777165838260808	1.33289881860006
-0.409911269643356	0.611659056615611
-0.530343501003612	0.545637774775575
-0.344254853687011	0.437895822305092
-0.179781182720006	0.219502843173756
-0.277762859699435	0.382699632744855
0.195273636949644	0.214895110934909
0.360456013214267	0.56254308439659
0.236304898185521	0.310659932921437
0.195025087182988	0.274115730833738
-0.246050931100306	0.388752836160408
0.2098501943502	0.374676423317348
0.111213102402906	0.163790461761185
-0.247846593291791	0.37901550090645
0.150155343763579	0.269398446219711
-0.0871515049250038	0.125930810529765
0.291955970889891	0.439621794034085
-0.578240165598393	1.4512458200465
-0.474935481516024	1.02996211781356
0.400053618492181	0.837331306357752
-0.100845441674873	0.128242099409086
0.112312924885123	0.118302786581153
0.517144262058789	0.680821642368401
-0.562290426357523	0.96454564655221
-0.0564604095797913	0.0543297723131121
-0.272702415623848	0.390325990901501
-0.511911764368167	1.09352453899205
-0.233813255725083	0.357185295638299
0.335251586285927	0.576754435421473
0.330361519442598	0.539726312044485
-0.342450421470007	0.581040621062169
-0.344701512705054	0.438764307766092
0.231480625542654	0.297356555428304
-0.378079542968534	0.437959385480014
0.328360638286056	0.517967817179786
-0.291336831038975	0.417508352338716
-0.0500379645667351	0.0508709037847824
0.206952443908029	0.202881531123262
0.390114778517083	0.345918970838646
-0.0633302519116082	0.0350470163490283
0.384172662043577	0.232296684793902
0.948105493108135	0.708564100199505
-0.582944341307812	0.356313139705575
0.127127286505418	0.079446760937946
-1.02460424902532	0.723467475022379
0.28302296662444	0.21935342180585
0.54983524436873	0.376551576271716
0.665839873025344	0.538686714317142
0.250271593875032	0.165112387034384
0.293322616287768	0.346203867214782
0.0968631927250039	0.114499787850489
0.131142389803905	0.173237113653753
0.160061459118794	0.155934576352048
0.307541989290009	0.401842057284089
0.520624229381422	0.667679464797752
-0.469311405146816	0.457571739568773
-0.3879464699581	0.404679121658034
-0.444262542305914	0.874078995488154
0.0802244026494661	0.0962726040241969
0.071868951241922	0.0788232182206904
0.398055474756035	0.72024601600762
-0.0745254851401893	0.104297140823398
0.0599109848140511	0.0793063354509806
0.239770563702692	0.498296439778123
-0.298855530124792	0.655898324260699
0.65181238008755	1.6882173403169
0.336449521136847	0.588209288125829
-0.417993316378467	0.646611400925613
-0.252303673093884	0.422377692053478
-0.428400005506676	0.775936193838684
0.0380023417373602	0.0472908934850834
0.28364018624227	0.316542163769587
-0.343358836078455	0.436512581293045
0.313361902976739	0.428755310211181
0.0810079461505742	0.0847828939624504
0.445259323680573	0.667105241424328
0.395895940481887	0.448049694667183
-0.465952241690648	0.589682368069121
1.04288703375892	1.37670008104045
0.762876697110362	1.02690622037708
-0.55776626357827	0.863683906986987
-0.355516769019269	0.471748351737717
-0.938862984535948	1.10701804210944
-0.0525784899524915	0.0338079312533482
0.148114780890453	0.0982053921710403
-0.12860990876824	0.11505954877305
-0.0850950632303332	0.0661274302101821
-1.05765266235903	0.898911527031636
0.621002627961068	0.552382202358639
0.641364858566274	0.545403554527037
0.0454333653102078	0.0286067391047413
-0.592313672286143	0.569502376197892
0.387484518906246	0.314878304473413
0.235469051078347	0.20801664871874
0.207636133837079	0.203602998029519
-0.279349385961885	0.340181653910333
0.450386963873958	0.616717910061118
-0.0911715440281815	0.0872276782301382
0.231372798976947	0.341618912793803
0.754639509341828	0.701020196354119
0.390847059053206	0.346818564985046
1.22347904415975	0.363916498199599
-0.0855386111326405	0.0372858102338209
0.883811385447824	0.705972174330095
0.384723868051587	0.297799144986888
1.28621020899542	1.65061402249249
0.273083274622229	0.201394637722052
0.358078637211652	0.516608562611312
0.471707958880184	0.857697501809759
-0.682594401002422	1.28730320419149
0.0934096414273466	0.0756280023182309
-0.0447958015579791	0.0406273460357905
0.393538186202807	0.378081007308509
0.259848336002948	0.256133887360932
0.620576474491414	1.10057869888881
0.0254188296888287	0.0330115048195667
-0.0327866107886186	0.0384162503269756
-0.804259218453742	1.65628483410444
-0.0364849037445294	0.0371694264390908
0.194628283844332	0.214063405184022
0.446925487706388	0.655627107522504
0.252580697758079	0.361681698590552
-0.181618129407357	0.26699613722408
0.398803712460689	0.603922084459619
1.21653870211399	3.44948555998613
-0.363385999131844	0.541571253215509
0.639107248184635	1.24281637568199
-0.729712124795977	1.29558470511335
0.232078625011795	0.298280651690885
0.105736611728358	0.128128798598886
0.265075694783554	0.335672176253396
-0.110051516387572	0.123113066297399
-0.459289227503863	0.785099603684358
-0.100115258631717	0.117058602931929
-0.0222032295741179	0.0279694736098627
-0.113839175626153	0.165179094634796
0.110795035369606	0.155425392017671
-0.206999103032677	0.315242941525093
0.0174957085413322	0.0196568501561284
0.125342033932069	0.1496450086083
0.0328866565507578	0.0304159856692969
0.10495183936731	0.0982003282812385
-0.0134269657389646	0.0114726818218453
-0.213632724614468	0.283721662613467
-0.350693802089001	0.577244629831605
0.246819465201789	0.339581289953398
0.262475314320309	0.331590226637695
0.296662300631649	0.471080184936398
0.399044048158748	0.664650809124684
0.372164368964098	0.730779424482696
0.198329984866258	0.283965020412473
0.154039002277744	0.23523127884375
0.105706841316822	0.145631569920946
-0.6186956344154	1.26595479413697
0.272079018702324	0.436423755996453
0.18012740069938	0.282895194630059
-0.245258142394656	0.387135998941254
0.599536016888069	1.45966586751721
0.37348543050049	0.773581812103366
0.255572265096607	0.373157555558601
-0.263580757867931	0.403991009596668
-0.677546862170762	0.969327389694374
0.344609600144517	0.420673490581307
-0.116880811377535	0.118038627425277
0.160042941673299	0.197116260081495
-0.925872676418194	2.22543528210769
-0.2902611751109	0.460602070606099
-0.21146888034024	0.280187590497195
-0.295901886303917	0.499634328205429
0.0900068661005619	0.0967916052837723
-0.590636722294041	0.879473791124274
-0.0246900194953229	0.0238478906464117
0.139495341326858	0.174580243286817
-0.139559380732244	0.148291312967238
-0.712076923110083	1.3841342610589
0.242598679545483	0.378800701052283
-0.53753298535464	0.951555908207873
-0.394089361034181	0.608812791608024
0.311641648053908	0.287044813998477
-0.759177407007682	0.952182802290618
-0.679335696217309	0.605354441296286
0.0722007391666191	0.0481589058383273
-0.0183489613390689	0.00842765611787557
0.391079845216664	0.347090835432565
0.186059352734149	0.137401131458638
0.788806552204023	0.70097532973941
0.384521834508985	0.267173709816532
0.0229090836235121	0.0273248990079156
0.121978318716402	0.132236370756335
0.690560751920419	1.04541405625507
0.465463431295076	0.531078653998342
0.596881063442061	0.954613648605998
0.451736838754047	1.02662244270018
0.131938995967625	0.161208255909461
0.370300701369895	0.706174735098465
-0.060890432490852	0.0824272175574076
-0.300917487767443	0.592175569114214
-0.0662290610383744	0.0979264705996382
-0.0718559544338781	0.103646100502946
-0.381555428512775	0.707408070428321
-0.493458697413236	1.07394407610459
0.57757932852479	1.16632969751812
-0.036045244294616	0.0469633709002219
-0.390894108031994	0.70519133124088
0.179668773185326	0.21274203565198
0.147086336265046	0.188424847143738
0.322116800966252	0.47948409549196
0.397992789207957	0.626217197766361
-0.301805011997409	0.334151498233582
-0.318299476839872	0.405058618924384
-0.246479399942614	0.273369188999404
-0.558290299093833	0.864168431892223
-1.66998246394173	2.76529588937135
0.560075665060616	0.602852887762485
-0.248011595094842	0.275483475766284
-0.0599512443114761	0.0641239315097467
-0.412947619317673	0.477650612702634
0.604850833599548	0.762033358100827
0.00751638882653835	0.00556945542988067
0.244609176001042	0.22460886115255
0.0763438064505621	0.0592087368467771
0.59156876246747	0.571076151613936
-1.46831693067996	2.11073422254095
0.101851998239718	0.0595741865279368
0.588643717021689	0.781423598191345
-0.0304175826894721	0.0258726064163632
0.487484544126366	0.451343546712908
0.325898156358878	0.334149472489087
-0.0146140639775475	0.0115891908620887
0.0702555901685947	0.0714160806845327
0.105399895830115	0.0986268867098927
-0.0609837647071514	0.0652983988300065
-0.0891030114442876	0.11318280422472
0.00233481634644084	0.00214722141077213
0.0952757163830797	0.0670310963431224
-0.679697504751699	0.605763076371598
0.321877824988808	0.319130246223493
0.384361392490954	0.174448538504531
0.380538632848477	0.192157298875416
-0.239165653755451	0.162020529098644
-0.759273941112661	0.952316070212114
0.772008383284529	0.866060436721664
0.67886350367998	1.04939362663168
0.551708574998502	0.613780326197022
0.579838678194943	0.581480988963631
0.860437861625254	0.866822466107139
0.860847155783041	0.867467905812815
0.105048968550623	0.0982906234477564
0.124151987603347	0.147986400628654
-0.363156080289136	0.541101134269363
0.45360977864676	0.59176350303016
0.00751638882653835	0.00556945542988067
0.458244224022594	0.568567835941295
-0.0130317862793832	0.0103328747400473
0.57252123143327	1.17252891981982
0.228163901625924	0.371589822814858
0.170552639597218	0.258477203178152
0.169037483267718	0.255777441867004
0.355528032564198	0.501493758087209
0.0398587597276026	0.0497110669599411
-0.275157030082731	0.394785222748186
-0.0996309657804556	0.100908719971379
-0.0613707625628239	0.0657330387977697
0.626884307588798	0.920777298101345
0.321928408521239	0.470267783454388
0.432556938837187	0.82996118198113
-0.492169373771962	1.04813238915228
0.143783497927643	0.198092039679067
0.0558062940322556	0.0662532537222591
-0.0525878874404482	0.0642365541323312
-0.201637077338389	0.224610498449725
0.29288844310116	0.448851488356959
0.172311521469151	0.198694900069487
-0.242562120091542	0.347731599756744
0.028682978399845	0.0281003530477052
0.0972194712689565	0.122248932631351
-0.309794633430422	0.523478837739515
0.0351835244331513	0.0372649436565751
-0.353311439729611	0.702138689667596
-0.170286445147099	0.272594444035574
-0.0977903384664237	0.145449329330774
0.779885154179664	2.30121236581357
-0.53570162838273	0.946628337113097
-0.464843559268635	0.819953526522603
-0.225348458599581	0.322320857560357
0.320960088792447	0.468579192581531
-0.408935367970657	0.675458731500093
-0.409037057662209	0.609634158140364
0.469226025441858	0.881314809702171
0.315733062236862	0.441624251626398
0.123767990771094	0.14752796907419
0.323828453519985	0.482723332439243
-0.29983803357232	0.414400182406023
0.131448283452351	0.186206547066877
0.0308741012734815	0.0376393554891839
-0.00565493452789131	0.00686045753852917
-0.0575670521819035	0.0728716045269239
-0.161836177083324	0.245058286284686
-0.00586139158317939	0.00711274597721731
0.149678928271703	0.224709156310016
0.401972281355217	0.876115613233598
-0.228752373921127	0.370673326111123
-0.281954013794467	0.499623896741884
0.480541064135676	0.816485864014666
0.208882110357226	0.242862206287655
0.348817923221181	0.448158839219842
-0.0407631692041466	0.0393261114595876
0.435437203277875	0.771634601316115
0.1528939740739	0.183783644219437
-0.0362835783001175	0.0472818074578733
-0.367063816887937	0.6424470797648
-0.0373901796614886	0.03812531564852
-0.467258763902013	0.592012069492888
0.146416936551932	0.171827685250695
0.325860258843577	0.504263230990871
0.0325651907266744	0.0301103544349031
-0.41594506862908	0.709104556497001
0.929738759845197	2.20539418170149
0.013324175630665	0.0133484680791317
0.871048296309065	1.61965290867649
0.579486400437421	0.787638720652958
1.11332063547279	2.31019533605974
-0.468979291771574	0.457130067329498
-1.38494773085139	2.08578858362003
-0.0853357659151157	0.0663052353493685
0.386767326010239	0.314176406853624
-0.52031896820791	0.471423655787509
0.20132213465095	0.156204689922363
0.0346613184562878	0.0407823875763792
0.349194417721793	0.448799061326416
0.755933592532287	1.17770619982363
0.22127098173489	0.270947033545608
0.400273350355364	0.619312987900539
0.256036317311227	0.485662103819214
-0.284098219766831	0.464187766525874
0.198053426184467	0.283450365482173
0.0860271060659203	0.128567263750755
-0.158366019139485	0.232205491821331
-0.150984446009388	0.240930440747448
0.0371402977981831	0.0516249093414133
0.0514156339462053	0.068936699902055
0.334160599811968	0.565498658202449
-0.564662456622727	1.03020410476331
0.451019338830385	1.03758314524825
-0.0748459714074464	0.0916533284989662
0.0316116910642422	0.0431768511889127
0.355900801748106	0.502186868032889
0.0211676728984355	0.0228343401206814
-0.16605332164594	0.211626946613239
-0.122595333794845	0.130631047582899
0.0394368913684127	0.0397648189155836
-0.59097270923307	1.04514880908269
0.103930999079266	0.10643329486169
0.200967203502469	0.155893838068982
-0.591987191156688	0.815201163353173
0.0812918634763817	0.0850872293352036
0.0342984053579726	0.0362993072397553
0.702361075809716	1.04022997123731
0.158695400411865	0.154454386582815
-0.0957950593928061	0.0803746466100784
0.296160003899519	0.358599120853716
0.26021795593103	0.256580493690421
-0.45724607133114	0.417410163821972
0.159203774964387	0.154985665886872
-0.42995634712494	0.446717898279924
0.109671076244392	0.0925327072245968
-0.23337582046867	0.233018695590884
-0.128127074050068	0.114609044228805
-0.233689495322565	0.233370763696649
-0.246611097670227	0.273597618394626
-0.219884163995157	0.256753191898298
0.0331565706034505	0.0306710257919487
-0.728200868154215	1.29125288887237
0.0492748990412069	0.0572688281053754
0.329379134631287	0.348576549604048
0.886508640848563	1.33173635010408
-0.103385689698737	0.0927312400839126
0.717679789492109	1.18895205956127
0.136808407965358	0.170683026193936
0.316399143569601	0.583336902949088
0.165220238259071	0.245815712057739
0.780600706854381	0.331245529908097
-1.16290506773576	1.20722938830447
-0.593545023271427	0.571012566503483
0.384798295647784	0.250640871017619
0.930769058304627	1.19060707300122
1.32612211105109	2.3258559489739
0.902068855563727	0.873042791499499
0.305483627672982	0.270331293241235
0.246218393547838	0.338627582770179
0.131421757640708	0.146517965874714
-0.279054473513179	0.385108149101064
0.232096263054906	0.298313420733104
0.177244588061538	0.183606427328906
0.340648850523741	0.394332252434675
0.805716701897056	1.17379128442693
0.39449314141646	0.420111075785333
-0.0125422404389921	0.0121514415537917
-0.433824931338068	0.646364400613787
0.0265489015780103	0.030548903225481
0.75459469163427	2.0494198916504
-0.156506412219053	0.222108185277904
0.349527934831735	0.45958692782955
-0.241674709208532	0.281896533623016
0.310327801925901	0.415035457306704
0.608312244291178	1.11732660587704
0.157406747152721	0.210226687036543
-0.0287378371047602	0.0361725413624522
-0.105434162443078	0.139119159535622
-0.162580953931743	0.181687071428381
-0.441188169223138	0.584473792408725
-0.401775407284834	0.510392322677639
0.326869192194562	0.506262658874609
-0.0242408957019723	0.0247482284763937
0.356145555712814	0.502651572844307
0.401099930664036	0.633193484103405
0.398586857152679	0.651525815367358
0.400176664043947	0.73726860699233
0.0572906300365778	0.0719500703781849
0.320432552276063	0.608767582605154
-0.355997789596756	0.793090696553401
0.375031194730224	0.827423545103705
-0.2494995596939	0.475016928344954
-0.523610837644237	1.01225071373847
0.520718613739234	0.907616039092311
0.0124192440923469	0.012435815937103
-0.0917831355906352	0.0878492364320357
-0.19917097179816	0.254285858111296
0.480121572106679	0.815487964425833
0.267949911509676	0.421605907255852
-0.143746281917258	0.167746694454134
0.282954521510095	0.400972102651924
-0.0113001716645589	0.0126713814150616
0.160035306653461	0.197134114405083
0.0167598692662033	0.0188178198118913
0.576567035189	1.16339504884781
0.133380598733636	0.189380495567703
-0.00216334778367501	0.00232385161830634
0.182935695431761	0.291763415624544
-0.451065575205565	0.819957736476356
-0.235989166381091	0.361384233316941
0.0979826900698065	0.138821089704481
0.153759938424053	0.234709644002804
0.257049416120068	0.375858211180424
0.553474927588066	1.21362818995029
-0.365280449093297	0.638125280159796
-0.23145213603877	0.364566979575697
0.204093979215653	0.266040818749374
-0.278964961814067	0.384962328352822
0.353319758050805	0.476668863681009
0.275743683181811	0.374110375387142
0.251097789999339	0.358930455621839
0.131662457960055	0.1865637108651
0.0609780884827296	0.0808229335481478
0.479845740516356	0.814871996463877
-0.225919108915594	0.311153749816213
0.130060135393518	0.144819657712802
0.355808614588965	0.491478513539996
-0.448378094988531	0.718281834829769
-0.170635150218721	0.243019679539296
0.0421608889705092	0.0507132719579443
-0.340868828708987	0.506799472310377
0.498818459726223	0.737755671985234
0.252610301564578	0.240479535350354
-0.183958224964232	0.15151917740734
-0.186528883029944	0.113640626783262
-0.512725735998495	0.432245654375435
0.236942830363396	0.146502214395153
0.57386821697707	0.799378804013979
-1.56890507644865	2.14405745244407
0.0350836349556839	0.0247594325025358
0.66715660323419	0.721048741371306
1.50007377889027	2.63198719187214
0.615503991379689	1.42760809685967
0.0808600543280359	0.0846154103653067
0.196605365275992	0.186166560497451
0.0481727689797572	0.0559148478096183
-0.239973069154587	0.401035963815912
0.00799205295892498	0.00876140079523404
0.314492723339168	0.570924335266323
-0.543183459795536	1.35803729044039
0.377088722279833	0.804073812250648
0.110009560736919	0.161786443834055
0.377160602077974	0.824710842580944
-0.35196183753561	0.580070351634638
-0.169624927113549	0.241222220492676
-0.126540484746794	0.16687333970635
-0.0554042392495932	0.0770195138599442
0.180314632626111	0.238250648737979
-0.282571862729552	0.501351684363134
0.494792978578342	0.747262131461803
-0.341109589562334	0.577924634581344
0.11843790282175	0.169693096500273
-0.0563211947031172	0.054186957890765
0.208428879146681	0.277571367575669
-0.54753303282595	0.692950497067104
0.262554661657692	0.398509136549435
-0.277760228622241	0.205798917976398
-0.504181312918175	0.637489492135981
-0.478206809673175	0.792405570752259
-0.624082425028484	1.10720085869324
0.679363124344464	1.05050946720136
0.390869152622744	0.346874179809736
0.133696298941712	0.103778292825302
-0.15633884818814	0.148395071249391
-0.23306208024646	0.232636150487787
0.508165517894578	0.412838922342789
-0.934176589495771	1.27218595570687
0.796868566113677	0.863754813000686
-1.04546499117472	1.66298329222379
0.109362077803046	0.0922565402017157
-0.213467702113443	0.188160473347938
0.580071518759956	0.788762051517597
-0.0442051387449537	0.0400720806118447
-0.376094925449761	0.540094413099494
-0.163758487727696	0.191773301328717
-0.649158732770335	1.22105604864861
0.214517884602872	0.292240495484636
0.399085997406997	0.554955511875122
0.214041853521849	0.173845828245728
0.711142091378539	0.876223750363893
0.359097124435879	0.528850923852917
0.0744249146347723	0.102547583635415
0.318538229582297	0.713950076153673
0.401054811712188	0.784822417575421
0.313910415625775	0.569635076648968
0.319461951181075	0.716652755208071
0.230127556243567	0.247664612487767
0.909009394715139	1.63072156619428
0.399862783785214	0.701755346858612
-0.300955997008493	0.114002992802927
0.0825655256462077	0.0310592791689558
0.959515425098691	1.04236515886819
1.17210999196155	1.2724194961687
0.873540117522168	1.18248968221681
0.0610551281162225	0.0651438874372823
0.360178769277715	0.561916675114934
0.532288687839564	0.38880943783942
0.385383327565017	0.298435724097971
0.101586530641268	0.0594126956714627
0.12690799310166	0.079296975255135
0.58019374878137	0.581987231916914
0.282636780033839	0.400376771262422
-0.232793342429026	0.296759952607769
0.173378488913627	0.223850826212902
0.502073816590327	0.72621495018537
0.541595695066922	0.860106373976089
-0.114898591110596	0.088578347190427
-0.312883373509872	0.291237332381514
-0.939307487497439	1.10787235470611
0.105965902476685	0.0992294721976279
-0.257639084296652	0.314348717637506
0.287042617869853	0.415585355936267
0.251401938299091	0.359529514992278
-0.0404858626385184	0.0512035019014558
0.153744569763153	0.220007433502779
0.112831075395864	0.118921683570084
0.346999144091443	0.434826536853042
0.193800982226565	0.213006267015802
0.101238074999436	0.103433023770117
-0.0624162310903007	0.0563960050426865
-0.0309874781279014	0.0362287421807638
0.21895001512962	0.30456336967634
-0.072904594504557	0.0778005924660096
0.138155922811325	0.172666552755685
-0.303801293665789	0.451821011511759
-0.97913788106606	1.84173247831079
-1.13839310255425	2.33422688153732
0.0986830995254926	0.108955453369182
0.271795527527138	0.360430052422961
-0.394459527641178	0.609562080858686
0.194696852227572	0.214167577991878
0.189291644747481	0.260512323602091
0.0706927222092234	0.0827207156226352
0.304498854504276	0.613975772360066
0.179989687666807	0.282652077321594
-0.0575987473506842	0.0917047349931711
-0.202180188898228	0.34413262547858
-0.049664915152948	0.0504665960851212
-0.592589219642176	0.917536039526038
0.0631889523674183	0.0722655432143053
0.554548578171055	0.825695662526901
-0.116204687596817	0.117265718899126
0.154265054389163	0.220887513734512
-0.196625868344734	0.26073052197027
-0.0895825880394264	0.0956719109381443
-0.356784543027185	0.473949271859141
0.353698924017498	0.477356930902186
-0.0666731871020165	0.0678002511253975
-0.318372154983831	0.405190328453296
0.240890099679709	0.273784124121833
0.508269752777492	0.701846867356982
0.0950962681777103	0.119313143315292
0.288021753115136	0.51040862860303
-0.107906859150866	0.131989090513124
0.23425113983317	0.393951941916112
0.224241610533647	0.358943783698177
0.0305051511943573	0.0371703553004237
0.10649899264427	0.14686483374534
0.271854020966953	0.435966694365239
0.147606005179301	0.221048473159206
0.0573142396209684	0.0681416400725623
-0.53549487413697	1.22686912063558
-0.101906029124677	0.119404172867166
0.442022956942854	0.689226211693162
0.253488461308448	0.363330831746281
-0.0286621403213512	0.037322445075877
-0.0440651384837295	0.0494226805862332
0.400634090119641	0.583007082413475
0.397179684438351	0.475800417751268
0.17947328344634	0.236969272068658
0.34342874437844	0.408656744982587
0.523502287237661	1.10712817848649
-0.311402718937826	0.446913318398664
-0.115675956155369	0.135490121023706
-0.350359728981415	0.36675076737516
-0.240932087017124	0.226389372174321
0.312047509250931	0.287526062338133
-0.0694395473873781	0.0493375578110405
0.641124637853556	0.545169144799326
0.389452440621826	0.331112695625492
-0.468021179024195	0.455849047533093
0.487694917053174	0.451612369838059
-0.0902945819514569	0.0572031643877085
0.317914390287683	0.454239141873253
0.293271919189271	0.346123380617785
0.864281891810968	1.32805869233658
0.517338373242635	0.681120598654009
0.322844286425745	0.48933450609279
-0.260135263127889	0.447352752820832
0.401776290015818	0.609889739770802
0.133823731083442	0.202261024069979
0.120904718480015	0.194701160551302
-0.0962483677668536	0.130764406530732
0.399687744801043	0.880172331507701
0.117208815440217	0.185936730398237
0.0626719772599113	0.0871159966542509
-0.0682380744394895	0.0865163597676371
-0.380538142748014	0.704789651813342
0.0125064968159766	0.0156277317185652
0.25427529053284	0.424725728949692
-0.267895981872412	0.397154772016275
-0.0273195369837413	0.0248448799658548
-0.511934974952744	0.905312375466215
-0.59197978092423	1.04834607161768
-0.199221464212061	0.23273843824144
0.0401678931580503	0.0405186093524483
-0.128070933336057	0.114556658795301
0.185536159049566	0.225100728853088
1.25405445144281	1.95461466993008
-0.876339883355143	0.984161429645635
-0.199225319642112	0.232713298519776
0.718619599283489	1.48643665112599
0.559350258421477	0.601591601881876
0.825512442164771	1.17536245437376
-0.0515478848435092	0.0331305738467501
0.093874969512623	0.0760436401248611
0.386767326010239	0.314176406853624
0.12694792042514	0.0793398988018407
0.0949583214749556	0.0667814128553199
-0.512229333650443	0.431760680747014
-0.747882869372698	0.982966538274341
0.133377696642549	0.103502664592681
-0.485383846436833	0.530679490732561
0.488216042172634	0.452215227579466
0.0636542030806675	0.0535122443799988
-1.07771384533676	2.21183780363602
0.178932702791926	0.185645437588597
-0.135942074376362	0.136897473788906
0.030496957425121	0.0337358433571428
0.243617535956965	0.277752269827484
0.540694479142191	0.858239765846177
-0.011501569584927	0.0111402684877843
0.0500527470656843	0.0670081082469619
0.285978324270229	0.572834228825233
0.3725925662286	0.731908865657717
0.29768421630736	0.465641421130427
-0.227880406782553	0.380057490256222
0.264342107814899	0.463979696994589
0.178626575476281	0.28007340363097
0.505797579124953	0.715079282987423
0.592426050292193	1.47584152139636
0.384439648829815	0.174502157155665
0.379835961521418	0.191761335568766
0.250752383621481	0.165434281431213
0.94885482298823	0.709194268195857
0.201369498162385	0.227633625653984
0.147380520303108	0.119396280974737
0.0396439754013268	0.0344367191933108
0.462663569252745	0.543504441305638
-0.504607516318128	0.638423024516868
0.22963688227693	0.247032510316935
-0.0452336087688745	0.0410374795444431
0.710939362903325	0.875817716861162
0.475108871952066	0.492474378163868
0.520311420974905	0.667125183409223
-0.240564349769802	0.225995069950365
-0.678770109212149	0.604602181584517
0.303834653331526	0.387315544387943
0.128336021433644	0.128189914467903
0.401433905694694	0.621618988250943
0.582905023368106	0.968024621798512
0.636798873700425	0.91502179586392
-0.591877931636603	0.678472481210195
-0.59257686147404	0.53225867383193
0.186942586122518	0.199754289144747
0.197458039890426	0.187108922554471
0.00442439644674926	0.0038183007695772
0.0993624315103405	0.109793331481298
0.117550414784444	0.136936741810843
0.525194633375625	0.899799837389677
0.48913239709282	0.769731475178971
0.237206015063161	0.262890155760175
0.475067957410553	0.492384097302597
0.0707079182392535	0.0718900816377274
0.105439450601049	0.0986962765664771
-0.0601457392431876	0.0643344351099015
0.346915614171236	0.434679563305598
0.297109597687148	0.359993774749003
-0.143460802718563	0.160351263878482
-0.482630432826534	0.666194224614483
0.0887195402387877	0.102343981922382
0.211836563127315	0.321243600371388
0.0456676373644162	0.0580496139652149
-0.216259354891749	0.276064926160474
-0.262692706921103	0.30523493447364
-0.0509964625281913	0.0519074895484969
0.0629034803324564	0.0528552283739394
0.163579626066557	0.138481442914366
-0.0153508883857226	0.0111417735859466
-0.0637423383964349	0.057654428371772
0.0714306668588375	0.0836603381751617
0.1687132617729	0.169572944877254
-0.233319216904636	0.232940461404607
-0.315351496029064	0.330907662058544
0.455861545215774	0.580233770678103
0.0658457938336323	0.0611784853874425
0.305307913931791	0.270161998428532
-0.15538494431005	0.147362264134874
0.313298139225616	0.428706608656164
0.178631756767946	0.211301436866135
-0.0660721207469709	0.067151267873282
-0.503615658779866	0.834755541013552
-0.181379543668149	0.221850515139004
-0.252762641019015	0.322304080832349
-0.912373953062484	2.08808909881104
-0.368578577095224	0.607068469833375
0.208567879199108	0.277799915837131
0.282218091105304	0.399690315524209
0.400227301924328	0.544395982453987
0.0804013804748357	0.0773053429223104
0.0284181625480839	0.0220215275320717
0.579993625592451	0.788496004243163
0.164707382091297	0.184962490325179
0.0549577594155067	0.049469478870924
0.0917859387886199	0.0829609214009939
0.56087505539049	0.604112354821583
0.0188394431896035	0.0168523527890268
-0.157864750466018	0.158722193094369
0.308980998078761	0.412630367234513
0.320217125080708	0.467187475000407
-0.515801710402687	0.71180265790786
0.604379334437447	0.761113601491986
0.392825945957942	0.377130262125204
0.282866518129377	0.219221400280915
-1.14590563771154	0.877042035671067
-0.404846868017177	0.292321818790962
-0.716704711422996	0.48088541127841
-1.95326353965474	1.46328918461767
0.69754510731048	0.533656451047042
1.0974665601134	0.91143219532014
-0.0195779498382662	0.0127503806193936
0.591901507579023	0.571552437637395
0.0220381888555038	0.0184357443435491
0.477812681677807	0.47745607031633
0.317181943351638	0.303477898773597
0.271562709865786	0.285088516740717
0.185472047513174	0.225010130903051
0.0808668196408559	0.0910419615708988
-0.161911706782563	0.180868576166601
0.147467322273361	0.173231430285394
-0.222479192027994	0.328887958952144
-0.475164482609209	0.889573277070733
0.0300586117565049	0.033235958064715
-0.332456436809823	0.546035739491141
0.0263457953078062	0.0303059453488762
-0.198249889026666	0.252940896992419
0.157233585905916	0.171809129624201
-0.126174935380334	0.141095275252653
-0.0229941959723543	0.0246636900142059
-0.133123115400752	0.162498993200256
0.162691709650219	0.137641108061313
-0.392919311541944	0.543384236956742
0.482162327183127	0.803931152139496
-0.442388914246771	0.586519393383423
0.620721682317754	1.10093221766609
-0.99893508313544	1.23383855417632
-0.143021292355976	0.159797187787724
0.388345771820159	0.329930806263137
-0.249830956163961	0.21909331377389
-0.1356365797824	0.136540184445386
0.147754010946101	0.139066669707641
0.148631195761806	0.120574583459816
-0.0186600833739982	0.0121583471931639
-0.188024200628992	0.129233448667756
0.482580602361148	0.464730939918335
-0.372720620210223	0.242680985048687
1.33561115904136	0.960980653539792
-0.186139484065231	0.113377323003526
0.250412059847162	0.165199481956634
-0.184442322391679	0.139497515661822
0.580315593417691	0.581910342130092
0.614024169582936	0.751987268995594
1.17228718297863	1.27283657738708
0.391368606699837	0.347314523191363
-0.239570698261682	0.224865754034213
-0.18265151024314	0.161949120067753
-0.0835828064652035	0.0753364316232248
-0.517748597394521	0.742796088899798
0.214878139738326	0.217498092801329
0.640403726282093	0.544257102708236
1.29913781502642	1.82025574364134
0.126328173211074	0.0789219603669186
-0.0847322062673187	0.0658288518877343
-0.111770425687938	0.106703163012472
0.225524505155678	0.282663236304598
0.317450527673568	0.453348520484519
0.297917258365397	0.466065977062186
-0.27404712118721	0.392839022391243
0.115277196627056	0.133957230797132
0.0801152136945827	0.0837748340528144
0.0389066041782371	0.0440767620855131
0.45955353347091	0.554661296331983
0.807067923875464	1.17772652929918
0.652239355492617	1.22664318699989
0.520896662531751	0.668296916443569
0.198123581566284	0.252292498140993
0.802327872396497	1.02246811815568
0.0180286245033652	0.0161193300567697
0.00994129899513215	0.0104404684310332
0.168936504501631	0.213504492639537
0.187330581452996	0.281235500933259
0.117499950235875	0.136870180346671
0.0434511110919556	0.0471713287791701
-0.0960338893382759	0.11749659689192
0.561048120015753	0.817623309861496
-0.662754565273872	1.10125851128418
-0.158017951964222	0.158900772454496
0.797169813290424	1.47288465895333
0.554258957040223	0.825086471427202
0.555109675873918	1.02769122492806
0.0282173815927581	0.0355565518439978
0.399782616782789	0.770225578760891
-0.0761919887493062	0.0892788316733122
-0.144659746342741	0.161850331307979
0.253757264427521	0.363781768505997
0.313007360394067	0.428213550557916
0.0182315506647582	0.0204953118013949
0.462307885725515	0.906674925185439
-0.203513724692959	0.327939722512834
0.366528499152198	0.636953820126806
0.0538965339902734	0.0700147631070489
0.117762091408627	0.148957577079389
0.0302156800989271	0.036807290162504
-0.120874915981211	0.147859666811285
-0.343392520845118	0.511941174967873
0.088069951128576	0.10150510359963
-0.112513052632918	0.143149673666381
0.183910445562484	0.247828893207407
0.332603517226219	0.561911718200808
0.0281315057200864	0.0341710004566778
0.0443070101796004	0.0534237905202718
-0.0137134108530759	0.0172357858285603
-0.195693678418145	0.297934050605605
-0.168465950579171	0.231509220608949
0.143524901290707	0.197676691459695
-0.649899335708294	1.22351205873839
0.21223306784962	0.321992223359881
-0.235263800720661	0.360024201441961
-0.0116507341857337	0.0125008530896991
-0.048197186958303	0.0516663008326387
0.258189841191219	0.38388432033232
-0.236656801613368	0.35011517098832
-0.622552268089487	1.13843408519056
0.0286806679179385	0.0316639891730096
0.0361316850016762	0.0425917548740591
-0.281321842060944	0.432550431623403
0.112297470497477	0.157831032660265
-0.502969991505315	0.995886898407251
-0.157081165013375	0.215954346539162
-0.377806890275644	0.643025521147755
-0.302656894017727	0.449646118216871
0.223380127581638	0.357201526204096
0.528748466509296	0.88954330226215
-0.461370761228005	0.790025557367723
-0.0111567613036644	0.0113997975876562
0.448973053702713	0.644521815507144
0.312815441084865	0.427702169334262
0.362842664512723	0.577949776589993
0.0351330009586905	0.0372132046685824
0.248747399948727	0.34896082714571
0.687090846788047	1.20596911305282
0.0041767334452866	0.00475883215656868
0.22614066538929	0.283623047060676
0.0222901062060144	0.0265704771703693
0.554599619397335	1.02597445777635
0.198868671615044	0.2848781960622
-0.461939832397773	0.689343361544221
0.0380655621053655	0.0473784900913408
0.10159170547597	0.130241263374284
-0.416104576542963	0.709715246926173
-0.198578647871898	0.242772178833844
0.185309570006054	0.224767474682109
0.317790225659774	0.304186280669022
-0.519964484096668	0.471020372152717
-0.113405640489751	0.0873341997586395
-0.0630545552601754	0.0348910810013625
0.802369459282576	1.02259005166245
0.493718670552308	0.438739357315239
-0.183516033701432	0.151097831921735
0.339360020811385	0.392515931825565
0.48233503216457	0.46435472283296
0.71066017811821	0.875206954074276
0.305454503863916	0.512284877613513
0.0982918072986453	0.132573556504384
0.122948496394218	0.146338345941442
0.340745892347664	0.394475478356625
0.052734952670155	0.0473971146597518
0.257453081452932	0.317198533152817
0.177825304346079	0.257133328318137
-0.343375165612297	0.547988013265076
0.115654798129118	0.154780817506266
0.398636963690934	0.755999647661037
0.26984002296914	0.425436413200471
0.112578168592028	0.150091665625881
-0.713384406846494	1.38727310792803
0.149868738673907	0.210715783860121
0.06040665359669	0.080009670856716
0.726950396687223	1.77326918965868
-0.37160311698312	0.573240538586496
-0.217854598965169	0.352852482564851
-0.171126421344739	0.259288449030277
-0.264199458525842	0.405168700813686
0.0171622910711168	0.0192758166534594
0.363645348410778	0.589913685650235
0.0815599621704624	0.0918786215663885
0.253556733854732	0.363419893773717
-0.117152770959944	0.154797289613092
-0.140753577475031	0.149734211904041
0.56834329738253	1.1805278642961
0.826207181461193	1.47185104133005
0.395488340741759	0.421544700728746
0.479981681921225	0.815123904319667
0.163244522667516	0.222640581135406
0.6136890921919	1.10727557762154
0.509301047929171	0.703722094510066
-0.3882543884784	0.405092418928254
-0.161542693134789	0.180380802316047
-0.0304175826894721	0.0258726064163632
0.0560452512431845	0.0415083363325272
-0.18339504445186	0.151006922138021
-0.0848122129709427	0.0658873061965851
0.50850721854175	0.702223940228819
-0.592053413586342	0.781836467041272
0.27339261967526	0.287585083042959
0.113653028310365	0.119860441245611
-0.0138134644767928	0.0126107223609124
0.310619512603149	0.415491262583368
-0.011992367382119	0.01226005496727
-0.0239342256894048	0.0244300249160497
0.0986600247183215	0.116820673103791
0.0283103087388566	0.0277277232902867
-0.499168930101375	0.603526930743094
-0.0359600868459826	0.0283492180924272
0.0386100472819319	0.0388954522664741
0.357633242049156	0.526089926525219
0.567717946558288	0.997471608664792
0.506578838032628	0.960011452819666
0.209398387888128	0.279123985022057
-0.21317369574629	0.283000819363501
-0.0134579576208429	0.0163467992537843
-0.0949688386337852	0.125215696222553
0.529719554932847	0.891649983631033
-0.181389296348689	0.20241363708382
0.286209222052525	0.41413748079436
0.278827608343608	0.386527584059422
0.095721147293837	0.120208339565878
0.115508546759129	0.134267533224607
0.00742333706532166	0.00813524791732704
0.121835615976772	0.132062285519875
0.666610888881949	0.539554901709172
0.236045127223554	0.145909786830306
0.0443929661028661	0.0535322380061141
0.17315860288724	0.266346883504986
0.182868680202253	0.291637640363383
0.105097248327275	0.127261332366799
0.195692765238233	0.275110944782504
-0.0368067367740664	0.0375022093816837
0.483809902486095	0.791326527916382
-0.246577555911576	0.326977365549413
-0.553897692389421	1.21749815659667
0.0339154038403094	0.0398885618134979
0.37106091704079	0.717878847006025
-0.308791320106862	0.521237774368267
0.175677389096006	0.27118009678234
-0.0336565694123085	0.0466355087121948
0.517924264064585	0.919028847326245
-0.0342861089039787	0.0385190417697958
0.377743629956728	0.846685669500241
-0.347521198294303	0.820424822332052
-0.102664481082351	0.157535891051752
0.00206740340154801	0.00260989971496042
-0.0892194808799041	0.140058073806135
-0.170540492629346	0.287884045827824
-0.0690327172941399	0.0935316876328618
-0.0550613023548646	0.0721206379533107
0.067219540065306	0.0949755957097048
0.282996046829352	0.558571930287025
-0.17059161894192	0.25073972044749
-0.273607694786639	0.471823169178387
0.108064142257091	0.158509333752194
0.125825792092642	0.162917099516286
-0.012841157046755	0.0161298299169549
-0.373710940731968	0.673026966744779
0.0493381618411487	0.0659907076499449
0.137985823667493	0.199436199545446
-0.00352083881891277	0.00426763325426071
0.0360067936852711	0.0381648826081427
-0.180424695869441	0.191103700950382
0.317464086213925	0.444607525007975
-0.142389769446643	0.19504355786115
-0.254176975116806	0.494260405947172
-0.0881464141827193	0.135014544222518
-0.0205276830243914	0.0266784163957758
0.237846884069463	0.406616913597173
-0.383522175581473	0.766754093714967
-0.0197482998002113	0.0256407079590023
0.013680346480193	0.0137070315187346
0.0418966664267394	0.0633082292357314
0.137564187278252	0.198657098638506
-0.256588059418511	0.418161175444829
-0.00642608675787358	0.0078003511011373
-0.0134949293071799	0.0157936155819523
0.00299156703518898	0.00389119677104113
0.210437457372069	0.434866703130523
-0.172123207955829	0.261076558047926
0.0299238716064165	0.0330809377363956
-0.0770301499944951	0.0976040884857503
-0.678699325102006	0.971659417909557
0.124061092178313	0.108803034281437
0.560812050772386	0.817382222428911
0.399926088112444	0.5438389315969
0.812069820133569	1.61788747811167
0.0795893046448571	0.0764687522467353
0.0734240051509744	0.0963557355002714
0.00159293255559281	0.00201319594328384
0.844072260563356	1.32542517578186
-0.0499576568892128	0.0507888589163145
-0.0740849718584295	0.07113395970475
0.205955762603079	0.201717176072782
0.117509913562492	0.136863732925965
-0.319977043463453	0.647118633010172
-0.12336851883179	0.156769806272498
-0.131356705744067	0.179865692132793
0.0144396001353178	0.014473061736273
0.226901910810732	0.284718468506215
-0.0308253334433768	0.0375031370281528
0.290458106315857	0.522697287763228
-0.333151749510717	0.547525221331037
0.263356936810386	0.400088711265149
0.172408205368883	0.198893409338754
0.0791822837228306	0.0760793492644781
-0.0984367304928878	0.0996072793885918
0.0913514375978729	0.0983581318703371
0.180495165764604	0.213855925803907
-0.727312847893835	1.0399002569173
0.00559694545115949	0.00637820106819044
0.65791867164034	0.902063590147762
0.361929955380104	0.575866833351034
0.268476476843372	0.485324264463947
0.177475083706721	0.295231711468014
0.00853216052796605	0.0116410313650889
-0.56380563374223	0.99829967371872
0.0410244487159338	0.0414206764958385
0.324412163173687	0.501107538589745
0.0504191445273942	0.052309605469161
0.156635979421619	0.171076835997802
0.276214615382276	0.374862157036714
0.522009390310537	0.670218479187942
0.116202538161814	0.135187813827086
-0.0501701897571024	0.0510214383001925
0.444588204770414	0.680284625515938
0.126000327443393	0.150496388526278
-0.356489999481951	0.473325416461083
0.329835251315768	0.52985328058214
-0.52826139653337	0.846912763184354
0.143857434746863	0.211936667676947
-0.0827611327028775	0.101067317167372
0.495846926066322	0.749056520369996
-0.046664894043782	0.0610535678902038
-0.62947439708152	0.936388969899853
-0.163718690668821	0.200027159075961
0.185472047513174	0.225010130903051
0.222928825698835	0.232816447979914
-0.333096137276376	0.675539125154499
-0.131349577745426	0.153953900879279
0.260301951363113	0.387980242259641
-0.0717619550110432	0.0876211202066645
0.342043999252789	0.636578343630171
0.213776715583733	0.291041518948946
0.215208180234562	0.256834742774468
0.00015704170073618	0.000157988037702398
0.00296539130802537	0.00256507502671696
0.161290110062716	0.19894021167235
-0.0324937999170127	0.0380546466160812
-0.232662660154393	0.296443538388713
-0.536114668899096	0.920209971707945
0.218109549647656	0.303151860710255
0.323305598120024	0.490389551275051
-0.240891273943412	0.34486625971013
-0.211601332531724	0.291686963046668
-0.470567407211368	0.855921596285948
0.399993105000746	0.702027696964004
-0.699724022242081	1.16074870445322
0.08040290722842	0.107668032167613
-0.230405894850846	0.41488090910216
0.038499649419487	0.0479434785559586
0.458099589347738	0.965318887981304
0.0225995890221845	0.0269482547191841
0.572756110624544	1.17322652485027
-0.0897571805381532	0.0958957896346083
0.0177232892992867	0.0158429818861102
-0.365288299877239	0.402929912424602
0.0187328411620393	0.0167508577909948
1.14047788385944	3.79590484182209
-0.341956296989261	0.613789417762275
0.0292519966715955	0.0323175649508094
-0.162284294809362	0.181335521700882
0.219488474216438	0.305397384400966
0.0721710890634194	0.0991838951599763
0.384465410997259	0.282727253152857
0.743727424796806	1.02541487751477
0.348817923221181	0.448158839219842
0.0803984482072837	0.0840971359185698
0.30114229234381	0.48794442646894
0.07358879385519	0.101329008658616
0.0541722653845657	0.0703768684335119
0.187027827939947	0.199885559504346
0.444074323246043	0.664460355390584
0.563224678642422	1.18502942985482
0.047060235350237	0.0512610214115931
0.364384863362558	0.591479081864927
0.518152890003288	0.919114342179123
-0.45330516311029	0.74993330105621
-0.169192008045107	0.255726811321117
0.397634364989581	0.753110342265482
-0.0449293296183401	0.0586316570732905
0.528142163275714	1.10345028243853
0.282901667467098	0.485514200581851
0.506546911865743	0.959882459848073
0.190232848264629	0.336102639930819
0.17323985182555	0.223640106520511
0.0800707255270714	0.101761101977131
0.450859564038374	1.09060276532414
0.194901307054116	0.373132107025073
0.275852628622996	0.527311058711284
0.163576908295736	0.242862369954147
0.255631600423988	0.479175602021694
0.511780850385295	1.38113524802871
-0.295456741564339	0.376522000162783
0.36550056071087	0.624400022516562
-0.222006265269123	0.389281922443851
0.0658034155401852	0.0998655055164923
-0.499871526004536	1.16196442514806
-0.0126165031408575	0.0158442263766887
-0.199643045834849	0.347838318931905
-0.0735850145745002	0.102858426294975
-0.243383951403927	0.396005921313001
-0.0466199805847346	0.0588286448543373
-0.129094207945708	0.19404119478951
0.367975206545949	0.660626837813325
-0.365271623009436	0.675690783133616
-0.38514339538803	0.573947204795389
-0.783240873990556	1.5215329290527
-0.050463002672315	0.0513341243854069
-0.0820262100752804	0.100076288531342
0.147624242766202	0.234704967696491
-0.0245650743088906	0.0338901697385558
0.481497181314816	1.07603911779159
-0.0120966739240541	0.014137355785104
-0.485523012958781	0.983544033155365
-0.444262542305914	0.874078995488154
0.904007462432955	1.91345471648108
0.425035109843048	0.956611496056012
0.401206104972705	0.829686897037194
0.027439593329955	0.0345414239641222
-0.0692444691273124	0.0938433934897866
-0.0398903423095806	0.0485504819763786
0.0847570033569681	0.115380096083522
0.142216650505992	0.209096163166332
-0.105828077961999	0.153542633317132
0.452239365803301	1.02830076361525
0.116946857383889	0.136159073007455
-0.590954783643294	0.711750177033979
0.0557658179282718	0.0412918270853339
0.080584463873244	0.0775161959996195
0.07935227099581	0.076248046885377
0.458829174718326	0.569490495461702
0.206738708523045	0.202644126382392
0.122203070310417	0.132508758324494
-0.0443359565149249	0.0598315795032662
0.158851631731225	0.154632973854297
0.107065144378498	0.147716180534842
0.340679790280368	0.63286897418988
0.483749344223853	1.06897292158056
0.182323815556578	0.268557799932282
-0.100805030750332	0.117977486012989
-0.207491076936688	0.305894445916163
-0.251085643522548	0.419733417651779
0.732697607452748	1.90799136800875
-0.414167620093572	0.704674388764333
-0.320858558489167	0.443520421617249
0.107721011228806	0.122119017154846
0.288644318552698	0.331413254163614
0.0695861087863032	0.070692760255747
0.296325238445408	0.358822838501804
0.396122170627456	0.422369713551735
0.15353005114833	0.219638416706717
0.46562610071487	0.886596379964241
0.568234143400202	0.998841064266394
0.244785575107614	0.336238371284501
0.177600658973982	0.256740821299883
0.282497377979142	0.557345855308842
-0.00200527870477736	0.00204551719674518
0.156102537343878	0.208169561131504
-0.717547136833579	1.6343451988318
0.544786704541456	0.846837781529376
-0.181744790116049	0.182438278429966
-0.343537769659618	0.474965710291953
0.454755536632109	0.59388480532405
-0.256670474988681	0.312831265777648
-0.417532853001772	0.645689937788688
-0.442198683815279	0.778067024039427
0.294295944632441	0.451533444752794
-0.294339715974547	0.374672761030733
-0.158794432572214	0.225936500957292
0.0453955990614115	0.0493863157076005
-0.491163021288757	1.04482924859424
-0.265033905868224	0.406871046322534
-0.0130278727678267	0.0139940257194047
0.22388305493609	0.358229613799592
0.263808908490351	0.333801082781903
-0.0307711822504964	0.0374355981193618
0.173053864627203	0.223332954181449
0.495095218150724	0.747830216840295
-0.482791932231893	0.954372472256102
-0.25726666914925	0.313777592160643
0.177997709105364	0.257407970633301
0.238427490790601	0.407895523910321
0.297579339732564	0.473066892047544
0.0396472724649843	0.0449212974060611
0.444360845403358	0.679802892657949
-0.733678971937037	1.25811844153227
-0.623527207006174	1.06972907885549
0.605642828406824	0.763148697752501
-0.034689830371159	0.0389919505315459
0.111339072069122	0.137809861543214
-0.534683928984222	0.916886707046458
-0.563435469470826	0.997280969204377
0.399333950630518	0.62939346135241
0.0990289466313797	0.117287974402422
0.220839556290478	0.312643636282458
-0.111447315794728	0.141605708476971
0.0378673285273478	0.042841970967439
0.00368337622221499	0.00318202720855985
-0.000687586499369385	0.000745829225403986
-0.145049410509842	0.211685731224193
-0.25656980801953	0.418176103594709
-0.403064478617297	0.707812337834565
0.0060802503704722	0.00692991859931053
-0.428094103983136	0.841273144662466
-0.507402912808561	0.868789326471906
-0.59259734043659	0.984204324397138
-0.826488776279652	1.22704206749363
0.0573033558678502	0.0424651317375759
0.477050480397078	0.824162588367652
0.517961888800073	0.681830254054402
0.187829348891513	0.282161716208708
0.0492056319941778	0.0658024243201397
-0.883712702926394	2.46018815781593
0.274838008191783	0.372511702620799
0.357774396005651	0.526358594594682
-0.75196231247234	1.67483853536813
-0.0517564813720098	0.0762528972259905
0.0201679901726321	0.0276793259966654
0.364755053940939	0.612687639891829
0.832135238212058	0.704289652522168
-0.840085661617606	0.614272623579038
0.806015052004746	1.17566320377185
0.429962998533526	0.823072181974165
0.23891370771845	0.264961935446004
0.096311568532149	0.113767604363318
-0.677859854564717	1.3555151213204
0.0497774761117181	0.0578772828663115
0.438984222994991	0.739136638699275
0.742709207045525	1.76792183853873
0.549787676218151	0.83672072262628
-0.0494113942789856	0.0625635411480035
-0.194636810299127	0.277157066533443
-0.250448380829869	0.384114519342222
-0.101174566139276	0.118464378659448
0.159624168049759	0.232979868503483
0.554924098081931	1.02706101754425
0.285895374703448	0.572795144737984
0.0640197267848953	0.0891377045338913
0.0616540820455338	0.0921391507527426
0.361471197858829	0.564773960116828
0.015995656610999	0.0209665513107038
-0.25225111775108	0.455836201194707
0.52442712746686	1.32881994446115
-0.0312724465287003	0.0380685358404576
0.0247569421859171	0.0321201884236807
0.174537181778589	0.289356019629838
-0.00480711005424628	0.00562139551419483
0.257844804118327	0.437933308756675
0.459353403611744	0.955172190144082
-0.321539641918666	0.65140987686344
-0.153452379178301	0.258437884039919
0.159108627046945	0.280015620156802
-0.270494438067953	0.441661213935799
0.216214517524478	0.36598740588657
-0.343780959421064	0.73034446798547
0.377303235494737	0.824880011450554
0.0100551980506291	0.0129444326885822
-0.403178321320624	0.827454328193882
0.708570103787551	1.92792291258301
0.035745269812612	0.0459778228503084
0.226204954237303	0.283726769757557
-0.331406854114793	0.475656212896002
0.215157652462012	0.29322198972966
-0.22586933135809	0.386868961769688
-0.291752339572289	0.600233609511728
0.0255098563412348	0.0342027373547292
0.0734434477773015	0.101105905780797
0.291029741185783	0.530734508117962
-0.117775332137097	0.176202430488712
0.0163326395379979	0.0190764559173616
0.100812209592829	0.12913673926103
-0.531418646994828	1.13757516251035
-0.0743641784386482	0.104052121923853
-0.438421936499978	0.924904560570996
0.37741964997725	0.815363957838915
0.284831612706867	0.569968903964654
0.152828746973748	0.24731642898287
0.0953148925677538	0.153335972582788
0.0345141736028499	0.049263840301664
0.138663617489745	0.213219802979494
0.164288980180426	0.244161188104721
0.595676361237687	0.951200762088008
0.236344208096288	0.261587477770355
0.656338143333579	0.899302625965024
0.327053097807753	0.335583618065305
0.329436030325161	0.348695312798844
-0.391260144122418	0.475348307386156
0.278762538271335	0.302219494838116
-0.0273195369837413	0.0248448799658548
0.358160362793455	0.516779026853175
0.225849579280894	0.283151895651512
0.334073409507988	0.565241312226619
0.33715856690294	0.589918513656386
0.220459844394133	0.269752144979121
0.921158145707893	2.3475313559654
0.39933523833291	0.72373034551083
0.0862874678481711	0.123413642408286
0.481870113687674	1.077786020945
-0.802540147864252	2.22415507091919
0.0876853851331272	0.107636721389122
0.266472183527557	0.271461883958253
-0.72746993914846	1.04026367334182
0.0286065506236154	0.0280228796991656
-0.028130461636781	0.0255966592157813
0.166854850384536	0.210488575205289
1.07367879522107	1.54315436245477
0.601460095873189	1.12239414484632
0.146126612649719	0.171434687734664
0.33829189859998	0.601325390388385
0.336933786397886	0.589400247909354
-0.240226319739072	0.343588972467164
-0.169627217704983	0.256538275097028
0.457485944777355	0.949545985669757
1.0775473376348	1.9943759554839
-0.0229211812480754	0.0257346095890518
0.00315738166886893	0.00273056042378573
0.0174611871976032	0.0196174022552587
-0.0956655929037811	0.117006255778592
-0.308763619762905	0.521113345312691
-0.275690675912174	0.395718615143606
-0.182486850893694	0.259964285989953
0.0422322625474789	0.0508079435577529
-0.210657657281143	0.301024319556911
0.487310310647548	1.03430989051493
0.39813775101323	0.809512366883588
0.248884048888842	0.349149721411053
0.486365434605269	1.04688176015239
-0.256000914487508	0.311734955793388
0.428609813925272	0.857403097004767
1.21752253116087	3.45578729365315
-0.0133051763196226	0.0121457003500558
-0.315682685510623	0.486685123792779
-0.385343233341119	0.676175281389228
-0.0999270389415196	0.126958836396325
0.459792281161577	0.942555556159987
0.150885954888875	0.19712101388553
0.131506239066843	0.173798506488282
-0.252376958855789	0.321736128888809
0.28493010486488	0.318237439426239
-0.866877674056043	1.68740959598749
-0.332758753402239	0.329187789000794
-0.366217584218272	0.505939142112592
-0.0952893165384896	0.106682747789423
0.123313686454538	0.146914419411699
-0.823322197875181	1.78979043003701
0.0894660159621165	0.103272064151763
0.183339613780063	0.246870447005885
0.326266677483986	0.505034747045453
0.186808990440766	0.302867153615952
0.0780160076058077	0.0989110784136249
0.658833038655899	1.06102801306575
0.476541868929173	0.822739992837614
-0.078374320610157	0.099479002583975
-0.0356354646606476	0.0464009591555903
0.319388457627918	0.613558967039979
-0.152996630909627	0.202299767648411
-0.0431346259864787	0.0581257857157073
-0.0328727970734158	0.0385189168065602
0.132606382004486	0.147955232593033
0.123426280983006	0.108201585586015
0.0471990252885259	0.054733696622503
0.267759015432727	0.41475187980279
0.250085555548076	0.410271028768067
-0.169957274554941	0.264556518682879
-0.0395424440076767	0.0564868501065713
0.280126714894229	0.47289089287215
0.151087548253759	0.197437808000632
0.48086808946534	0.817075016200297
0.177010478815713	0.294269234979721
0.0833127477230793	0.0313441310436025
0.549736722294345	0.376466152873021
-0.867535240319783	0.813629364580794
-0.0952184454237363	0.0798530104833629
-0.0403759241229882	0.0289962473693128
-0.876099912071436	0.983092644184539
0.45082805896787	0.61759525200146
-0.09492899706776	0.116016608355497
0.292125635187172	0.439937008457109
0.0215316889990064	0.0232345450371258
0.112831075395864	0.118921683570084
0.0721750984854117	0.0481360399808566
0.214041853521849	0.173845828245728
0.824015240258036	1.7589384267554
0.0813787561461382	0.0916551582459781
0.150752407643767	0.196908822403083
0.344999778452306	0.421388172689255
0.169164811588691	0.170050926250177
0.586147031406304	0.776696664031106
-0.0124671847120738	0.0139962676737284
0.0208231229270478	0.0257050106213682
0.0529663602158246	0.0687260726602659
0.0614711206202293	0.0701509147625005
0.0692852785382983	0.0703676733909119
0.231239234280519	0.341382589742345
0.646201040121232	1.38300832704465
0.253757264427521	0.363781768505997
-0.239041164169946	0.354519589348946
0.254414873408423	0.425057304875437
0.0427762896785573	0.0561249482906384
-0.814899116522443	2.17304367488204
0.124645066680862	0.182027773351992
0.11529178388556	0.154239573191832
0.144801084632556	0.185111766792433
0.0786372307181429	0.0997879481006678
-0.074180450375366	0.0792866642909743
-0.0341713858637956	0.036602789449202
0.167460664419494	0.211358126833352
0.256277713173787	0.374471559947453
0.332747065231366	0.553695113139128
-0.116224481692493	0.153432056662882
-0.157436681883016	0.230571451917646
0.0349529366555001	0.0449127497596811
-0.683356569294482	1.66341409945542
0.718955820754842	1.34137576870125
-0.555761747314671	1.25042363092873
0.529320996962115	1.08903968380512
-0.377134218922942	0.641463194775828
0.197701672360738	0.251664459000585
-0.0812451981914062	0.0909958095038317
-0.59510441977554	1.1861856086615
0.138880361918	0.187615939058496
-0.230048108235649	0.305503689393857
-0.846592031790447	2.07837913768771
0.820303037570773	2.16959783055559
-0.472271364972576	0.75607330340131
0.20986258527513	0.279808405314817
-0.0129693706427174	0.0132658651123768
0.095284376032819	0.119630309843266
-0.367092712189584	0.642682827945631
-0.512863107657174	1.12018742141304
0.296262245357738	0.55722670442933
0.0709944587079727	0.0831135006203555
0.256042567287813	0.374039020767299
0.77398131147011	1.90456337005328
0.0637803511670193	0.0774723732474903
0.167737925627729	0.233199164298091
0.160778262767021	0.198212506741824
0.699953352782031	1.34973505521534
0.108561723390172	0.123205217932937
0.304779926974295	0.510778226810429
-0.0264085646715548	0.0255440648910713
0.361506165743749	0.55448206086468
0.162909401375736	0.222081878144663
0.131713740313453	0.160925656262838
-0.342701225906875	0.473597274144692
-0.143261510063761	0.160075001422715
0.12612532267716	0.163373764413423
-0.800601171195584	1.87521951745338
0.177790539252441	0.234307964287612
0.0707886146035132	0.0775800947145667
0.090291079071706	0.10431248927757
0.666636489471141	0.720187416454337
0.225564386804593	0.19132246252264
0.00462381896268271	0.00372593781807702
0.931307164404182	1.19122519301001
0.399080308110955	0.52969878425401
-0.0118023125285501	0.0114338995549738
0.016879342639223	0.0160382462166385
0.473840414662843	0.847625236547447
0.0949482770834808	0.119133063843229
0.226809912085827	0.328263701800878
-0.195982903598429	0.279515246161675
0.289374647186576	0.520220058052056
-0.155874153351758	0.214057060040075
0.242546568006589	0.378698802195897
-0.0312403107033661	0.0380231699260219
0.199909328211278	0.286637206257939
-0.453219116167449	0.937908035406468
-0.358474367920392	0.729563366759777
0.483628198575372	1.05318458390496
0.27294394391077	0.43815229482039
0.248563466892573	0.401723166910693
0.00482890535975384	0.00570578647519942
-0.316951968344952	0.520164124359068
0.00770589826235808	0.0087882693833199
0.399845116938703	0.770187640040234
0.804222784447551	2.17721325292938
0.214708495309616	0.292549485023456
-0.296594059799023	0.456035192457436
0.0900068661005619	0.0967916052837723
-0.842208024989394	1.20098348182112
0.283663291115454	0.31653340450018
0.550808787149521	1.03625394954875
-0.102969839205564	0.145025218848105
-0.440988436010441	0.584104368520769
0.945539127411894	1.49526661182342
0.169083883347371	0.169999644746182
-0.0367111945135247	0.0374089631360553
0.560575742442573	0.816932348885254
-0.417244134814041	0.408743097223619
1.75041514178754	3.41184993211039
1.14232259427657	2.03750899243875
0.287460751875861	0.329664529572606
0.395171598261057	0.42105054459556
0.001588164406582	0.00146494389852568
0.0796394545447475	0.0765517430842274
0.115830406972262	0.134696327526061
-0.181183129207621	0.221582801239885
-0.330710128345519	0.508569621285941
0.13101803434383	0.159940128334429
0.09075717650715	0.119801997948301
0.61505272731157	1.1107759277497
-0.633401967495682	0.907567170473966
-0.253891279016355	0.267352841422731
0.127286675941614	0.127008147813514
0.0981084094454923	0.116107959481193
-0.180930132807987	0.230560719815119
-0.285942178687135	0.534271004574418
0.0599109848140511	0.0793063354509806
0.00736159194336471	0.00839500789884715
0.397643384379526	0.684620057052198
0.361034670416012	0.553322614159935
0.115086201309192	0.13370165581843
0.0591674972749271	0.0744836030833171
-0.105761804654155	0.129033991563909
0.358096902361254	0.516663124427165
0.922464856315177	0.335632429730006
-0.185626483744638	0.113021827490398
-0.142849548086812	0.0993673401350934
-0.10344241581353	0.0927839725935148
0.592067928749303	0.571753176695689
0.0951893167427581	0.0669829340844801
0.349643663250702	0.449505350751883
0.273117155310659	0.438473684766451
0.158075059146853	0.211240934104696
0.00682018823249442	0.00747231965511004
-0.678272308428943	0.970706713800839
0.215363688970016	0.218065613449683
-0.0584375140080909	0.0457253227804118
0.389618875503266	0.331286677108395
0.0363790691858682	0.0385701541040229
-0.180720975549076	0.220920387571777
-0.0655512991497405	0.0665905652847993
-0.441864790171836	0.585691683831412
0.456195238948227	0.580742454467731
0.0727421689734551	0.0853088345459192
0.27235569134877	0.436985195623991
0.588214507056827	1.48052040551246
0.402712954398406	0.844578788819763
0.203058319670273	0.296481793301609
0.074028332495761	0.0921781029677791
0.2608365154302	0.388907128164992
0.00742333706532166	0.00813524791732704
0.710200742408521	1.49174422222479
-0.194974031131027	0.287312181986196
-0.167289748435063	0.229546040754647
-0.141040119771648	0.218725969546345
-0.390336871772524	0.703772865603725
0.201499770474574	0.319498390250987
0.110128193296808	0.161995830710655
-0.779818103623327	1.73387698618087
0.272320954185185	0.436857806901
0.027183783342822	0.031295047229134
-0.274417092574528	0.39350141855081
-0.391225962372839	0.762414188483425
0.139350910160339	0.201671947632782
0.0648398054223157	0.0742511190519357
0.373259765896429	0.74359025128346
0.0546202150175581	0.0710097939100374
-0.365193380515226	0.675371862613239
-0.12298905304791	0.173776837593954
-0.102059716581523	0.143554309728144
0.257681387942284	0.489840703051094
-0.0614866278970288	0.0750759112572986
0.192615137945435	0.294722463686863
-0.299296140022397	0.534034525038979
-0.593464655111244	1.08469575468914
-0.135700441508126	0.172317176616576
-0.326351328719665	0.552908237032917
0.198832260643269	0.284855533594388
0.0724869184009486	0.0950214459759894
0.39900870644173	0.722774151911075
-0.145959400486512	0.21328403220138
0.634588981980064	1.39585564496823
-0.155457266044639	0.213363172780922
0.438152802533847	0.737239043527481
-0.572280767051564	1.20006629063555
0.313647138545817	0.561416731027371
-0.169238720930601	0.240657056002359
-0.15597568965428	0.221180745469475
0.154248048840939	0.220862954347418
0.284594882242092	0.411195442261809
0.528004463820779	0.887750820266363
0.399893673864245	0.630682498060502
-0.00262345676986796	0.00307111122635535
0.364286128382661	0.611613992758798
0.16666667912888	0.210171519448674
0.680292027803841	1.51189560466242
0.148724812741717	0.25044515937634
-0.0887788090116029	0.104011035262422
0.505370262728228	0.95673463901219
-0.390754829127266	0.704858527759964
-0.227455723729044	0.367828653951179
0.006651392768211	0.00728739182027805
0.0511130450793321	0.0629410116496066
0.138988781466879	0.173861896154339
-0.0267092911201045	0.0258388414671536
0.326317257142163	0.334692688406251
0.338059903686392	0.380448135517679
-0.287963166273491	0.250568182131032
0.092983556556281	0.0752678947841587
0.149405880536852	0.0991705005786008
1.43582705124496	2.74561831959857
0.207839142624869	0.241412769329203
0.733860763588297	1.7668898377536
0.35988355277933	0.551188865903032
0.0975094189836004	0.115334779702275
-0.227532300267044	0.313906543549694
-0.502978685493231	0.833138517090906
-0.251567376625488	0.320395317934937
0.0582717675871139	0.0732818895319819
0.546871139320389	1.04522238109416
-0.488265591616456	0.862795881388147
-0.234846368163088	0.359202118562923
-0.0952272901175828	0.116413468476116
-0.734546479662391	1.51019580311606
0.519547038449238	0.922818584392012
-0.593245893567507	1.18040474475927
-0.151321588625207	0.199713819362843
-0.115668825077448	0.152581413098502
-0.0483398076504181	0.0671773117647328
-0.127993628069936	0.169112325961922
0.0583253829253421	0.0733474741132489
-0.0210527869372161	0.0264875217018195
0.478635524509559	0.811753697659832
-0.206904704807353	0.304771055960236
-0.321851686627546	0.478769682620921
-1.00530200053491	2.41715125583143
-0.142714853662941	0.159398239905311
-0.123771636696227	0.157374848531191
0.517182490401597	0.680892476610138
-0.179548055729328	0.189986910347695
0.154038307035978	0.220465847413415
-0.182466582494313	0.251120927645639
0.651590733515859	1.07202252515721
-0.758556042052434	0.950831082500234
-0.54838987679151	0.724280116290449
-0.300693738495162	0.332593828678458
0.112309527699226	0.118317399105962
0.681422138319071	0.88761381694224
0.470844438775137	0.504535705453237
0.284010852392874	0.31704679220437
-0.159170609231143	0.168842413305441
-0.332342137925013	0.328688534658988
0.0590059676432606	0.0581999601167422
0.755622332664514	1.17674547667239
0.293760137699058	0.450581453748936
0.440981013050533	0.701386658524369
0.0136153951930179	0.0136423235648835
-0.0114910573446897	0.0144118861914108
-0.196085538282802	0.259894102094647
-0.0494593768790402	0.0602158538864126
0.454445479779613	0.59336767351898
-0.242197411673895	0.282631381038577
-0.0267092911201045	0.0258388414671536
0.133235197205129	0.163007792541078
-0.0876950253779719	0.119200114965683
-0.505542240751252	1.02696646475638
-0.220864691895216	0.33719879877001
-0.181069896185257	0.230766026724191
-0.263078442564835	0.402939087913927
0.430515378655299	0.824702021785679
0.167273288300605	0.211111544560062
0.155288079281449	0.169365602203714
0.161578105991629	0.254813805150453
0.399485253533157	0.82461442635741
0.632457839881738	0.336889784000017
-0.583004360105642	0.356399829597777
0.283557496838356	0.219833998218885
0.00315630781002168	0.00289865912954343
-0.851582102774223	1.36060712307206
-0.280544158860057	0.341999911532519
-0.432891596666661	0.717026961130089
0.304952892622918	0.511229480121282
0.145607651367555	0.186227987392138
-0.353350320373604	0.507468493024052
-0.0475939437600808	0.05099107272612
0.806754897435615	1.17718023569644
-0.504977426599014	0.639045711713797
0.399931788072903	0.50546463662062
0.39881855340933	0.47822143332997
0.712595132410568	0.878371765702772
-0.256808471099387	0.36783799465071
0.500813445068664	0.977809432021858
-0.0334458596605049	0.0392073921256906
0.182769199789616	0.245936556320775
-0.148291141350586	0.181195228168622
0.298044751335601	0.473887035997149
0.0654431805331591	0.084037989877843
-0.0261434222071228	0.0350444191175617
0.0264248628343972	0.034358221349331
-0.122434411415811	0.193948048333155
-0.105040608906112	0.138540829224645
0.130332121883469	0.205472374378092
-0.0828439923927713	0.108862537979624
0.436377961236064	0.773815902295124
-0.120381512986918	0.164673435879642
-0.596746843857557	1.34825976842194
-0.0986539288907291	0.146933568716413
-0.098115447342676	0.133645245012397
0.250654781034875	0.411506202355891
-0.06301736488363	0.0825436418957692
0.248053577837472	0.450107951619175
0.551706700906408	1.40732289195765
0.130706703753117	0.172596236961687
0.139110047214671	0.22658454391415
0.0152881988237797	0.0171390472382344
0.198627477141662	0.253060595081365
-0.52907200955168	0.848824990062863
-0.297363865811907	0.529672702800077
-0.415255848155432	0.834544424918711
0.192285688561455	0.344167743072596
-0.00139245548745873	0.00149888696728394
-0.547503142526326	1.11606234362473
0.0230157966363144	0.0274568314607518
0.207948920074057	0.309610627596625
-0.253174718018991	0.375520448759076
0.145479817088328	0.200719122751382
-0.125590977211316	0.183022421377711
-0.13152593024776	0.180146083776348
0.203492560654122	0.297275936908566
-0.0226399025685236	0.0264888907736722
0.530834596404069	1.2818151829381
0.331521567386888	0.703092328885965
-0.0604819970050574	0.0737522766596498
0.0424736215444303	0.0556954150481353
-0.221395112682546	0.338225895318401
0.235982352351683	0.310133032068932
0.322136495505468	0.319442664820242
0.236022166257066	0.261300076460203
0.0902987698095129	0.097138456464441
0.212308881188537	0.353560969711967
0.0499339224204803	0.0668289229680945
0.80295085886153	2.03851740836442
-0.0639129210992604	0.0647938473686805
0.264182429611171	0.334369740029291
0.778888788491936	1.32577623277558
0.446713466650741	0.654983826086395
0.458672860968354	0.569236833038455
0.329336175699703	0.348574557334172
-0.138098831114698	0.207731529513418
-0.340669211500228	0.610577855788034
0.285802908425764	0.498642471261213
-0.385398022934991	0.676247630378487
-0.0128171065658102	0.0155579519883686
-0.178930803402012	0.218258513718846
0.458314126551429	0.965941533359542
0.615650076289608	1.72708374500176
0.658542662859762	1.06023210855191
0.216574328885896	0.219402732544585
-0.254475413500436	0.268110650416896
0.625686816563017	0.744464789528797
0.154397406554239	0.221068706286967
0.517647113292656	0.918232325642793
0.248493308902471	0.401574276793176
0.233971125472334	0.393315962106285
0.154904749792752	0.22197159873405
0.576205550120264	1.34212667074994
-0.00129216373604348	0.00139155052729877
-0.00156150136797681	0.00167930807166458
-0.0605879203864503	0.0739009225399431
-0.341724802541457	0.508557614444882
0.0160604156881863	0.0152546168438263
0.700718914346644	1.35245568725049
0.526694753331376	0.658703930230435
0.476352324169738	0.838093086638157
-0.0698805604763929	0.0784568920154208
0.0624600910403138	0.0667206471707323
-0.712164963765225	1.38436414431999
-0.778954301068093	1.33747801318725
0.39861521846652	0.687138380256096
0.0806593084358944	0.0968352641839239
-0.115252847545988	0.167559882782096
0.33424781958064	0.565738780357266
-0.272244829597367	0.346691531419462
0.0839337083710133	0.108518864008158
-0.143314294521792	0.1601700550177
0.0718475862954484	0.0892753044086352
0.203723148985502	0.265469622159905
0.145836270306624	0.171028968786379
0.0477358742014864	0.0553940583905449
0.000200935338528293	0.000201283274398915
-0.416840106337984	0.711459714353393
-0.144579727731822	0.161736548355562
-0.622947566438672	1.10384969341541
0.167316072626942	0.211165366301774
-0.359908575260964	0.437632199170623
-0.304938587719594	0.371461008352297
0.501632009974375	0.72529372506855
0.455179655662921	0.578941184113406
0.00240880836222379	0.00221489578476167
0.00173725241819439	0.00160114432325917
0.0410244487159338	0.0414206764958385
-1.02324310773072	2.10342939482759
-0.103643997841887	0.136447984483295
-0.088757430939963	0.0947064723380753
-0.2967981236091	0.378563612795454
-0.143594176068993	0.196972568485215
0.581977089706076	1.15788152482687
-0.230659733060448	0.306367886880242
0.0802564150216264	0.0963032163494449
-0.216892477645821	0.264966809854744
0.194699908234311	0.302382774150469
-0.220838416209734	0.33714199087895
0.317627713066411	0.593930783343935
-0.0244426534193911	0.032680992369957
-0.0360253578762369	0.0386608461543411
0.314989943932906	0.440254753377989
-0.909384427839653	1.29389893431041
0.147759718308994	0.15674309606749
0.138999389507656	0.159034930791976
0.0124999225147376	0.0125171390755453
0.399952326119747	0.678610462332164
0.212528358241542	0.288833826588752
-0.69120399366674	1.57256410919224
0.0675855574113588	0.102810761666496
0.236806815910251	0.404261327995987
0.221778657417399	0.314316147091237
0.532416356715671	0.648130408533804
0.392075810346128	0.157165661368801
-0.55698719456961	0.243941671319354
0.591756950300286	0.571308200240005
-0.180360366300237	0.180835890511397
-0.121769406674107	0.101577191738596
0.326475776011729	0.334891517952547
0.0589326970509969	0.0581271111271494
0.400072693585405	0.815432052269465
0.00377152029664258	0.00445581434990559
-0.420500850392687	0.803048551984328
0.011982515672097	0.0119947347155458
-0.254590827961348	0.268247945232053
-0.536440676574623	0.585128919584933
-0.260917631942702	0.211352694019984
1.00593123749696	1.21054892967341
0.209628880295585	0.279482128777395
0.359696212367876	0.550763380543111
-0.147790583080503	0.180496750019449
-0.0122462614462765	0.011865061366985
0.240317021327482	0.322905704065576
-0.126989380305445	0.167573748879429
0.212027738846761	0.321548174837095
0.0793207465729602	0.106104950388796
0.353051012005446	0.75490884242071
-0.0603078016643142	0.0815878300613835
0.138015423982174	0.212032387573713
-0.121795466384643	0.171769815138275
-0.284627874642439	0.465351508295367
-0.232817450841576	0.36731057985417
0.119995867248842	0.163523436367715
-0.459362331229115	0.785333056498449
-0.155233008863363	0.213001546230935
-0.272904059535719	0.470163540817929
0.0861478394258802	0.105556995015757
0.452239365803301	1.02830076361525
0.121894793489286	0.166469404152038
-0.333559339776644	0.613502643925488
0.119335798804543	0.15122293311699
0.0494366121521095	0.0607507168111579
0.310943448332984	0.547479123165584
0.396781729754584	0.728158242649757
0.329469166941744	0.529087444331814
0.0159588628266684	0.0179035554759489
-0.441507927750672	0.682830895536727
0.138754466690703	0.200658743412959
0.117514942605882	0.168189074081378
0.285328501271542	0.571328249084367
-0.0322166319872471	0.0377220574700314
0.0207472508726809	0.0256087241122764
0.151992388933281	0.198805055982958
-0.181404670024862	0.266606246302663
0.0792523091346656	0.0950063538526348
-0.00382703790985013	0.00447560642754091
0.310510619269989	0.546450968014104
-0.332837922400819	0.579665043967005
0.130548460113486	0.205885347705396
-0.0124408838301197	0.0161324853000985
0.166189699209572	0.266619928524364
0.0488751461961974	0.0653101452081939
-0.415336669044389	0.834722562589553
0.160134046726038	0.197266028241449
0.354086806697983	0.488510479417237
0.248792437995607	0.349017178436446
0.0728740298671082	0.100244328165931
-0.0648005989225633	0.0850632402305329
0.186192992506649	0.251270596601696
-0.0469005310201519	0.0502152531848963
0.237187328123639	0.262864199984506
0.447678039968902	0.657002685658261
0.198164594603103	0.252370413152868
0.24495156648735	0.388869446912686
0.39974171538364	0.530822584855358
0.399620041275812	0.781010551511874
0.132874440458773	0.175877651678017
0.371019442159331	0.736575351049466
-0.109748095957943	0.149917936764152
0.097439982169792	0.131272391776176
0.427408241871694	0.878650250431022
0.503165379349013	0.967736878567278
0.595243401476995	1.30006897413619
0.22273453899768	0.232553408440122
0.23571232323844	0.20827609408742
0.627315684410716	0.921731188571591
0.0709321200770415	0.0879856325326689
0.167112966940413	0.232193931016387
-0.181034827570638	0.257394123676942
-0.647393172512063	1.29192601871076
0.676247423185673	1.80328586460804
-0.0829593175458992	0.101332791903164
0.263559375434201	0.462230392445179
-0.0440528394588885	0.0574264948056971
0.0991832370076625	0.126759599033871
0.0239654308947092	0.0286157495290838
-0.253846384848508	0.376719280459732
0.360481181243571	0.552341431415204
-0.146372885916357	0.171387778941241
-0.34260874822405	0.473366777263776
-0.214949676875362	0.274133497428329
0.362961438124232	0.598450814516427
-0.0829888088167265	0.109072215474865
-0.359839116511915	0.611565978625924
-0.333182802008385	0.547694505534886
0.606578103978722	1.60958008248798
0.27142363709929	0.359801501573803
-0.439507832238529	0.842196707122675
0.0486363830733254	0.0649899938863105
-0.50580203701164	1.02782475991803
0.399620041275812	0.781010551511874
-0.197610236341654	0.251948001342007
0.0868166449498604	0.112669269522463
0.0702551592420186	0.0821696874219283
-1.17196839568323	2.470974846947
0.442301518389847	0.704317645055941
0.295411386907024	0.548098908988135
0.183171923787608	0.246618116026222
-0.088917566967084	0.0949138077744666
-0.287188052579728	0.381518441952198
-0.496528551619766	0.769109820128377
0.178464006742512	0.235378455831604
0.209183080737857	0.243274044962783
0.0802794318446814	0.0771987029881402
-0.355125595228806	0.328681805835128
0.118931905315451	0.115176592198
-0.304192086490553	0.370246477679461
-0.910957418163803	1.77078063494356
0.915555480627125	1.77543233265285
0.267352583089665	0.346262169448545
-0.0247418957500233	0.0252707298064834
-0.459398906681585	0.785312652149785
-0.341453152618299	0.470883850372878
0.137183099304344	0.185040440433832
-0.545076105948072	1.05422836506948
0.331931108361326	0.551858185724891
0.636856659772564	1.40393434991605
-0.388051477643919	0.579362697379554
-0.0726806318436485	0.0888346315331543
0.497994660274813	0.986535065067719
0.266929177923701	0.413295053050494
-0.193932067484556	0.275859539065903
0.268954340903637	0.423591938466634
0.271324453389143	0.359646657345271
-0.12977133089079	0.151858935127859
0.288977303754153	0.426473178118396
-0.0441654621613057	0.0495443004305076
0.0810478682732785	0.0912614184008491
0.296044035231465	0.462547966830665
0.104916533947544	0.15162853270369
0.124988686342758	0.16168682435957
0.240183834162097	0.322681025904697
-0.385680579711655	0.676853709116016
-0.0296067679233744	0.0373055164200144
0.0455984745252639	0.0579569607466871
0.886824872061564	1.33255318178757
-0.83376033571481	0.336583209390257
-0.716763715632268	0.480971363584149
0.185973584580476	0.1373998314715
0.230342703028487	0.247931891783011
-0.183516033701432	0.151097831921735
0.614707965296761	0.753213911342811
0.496510794791742	0.750614226743797
-0.144783089519245	0.205170854569205
-0.369949927549739	0.61015527970912
-0.0113254902099377	0.0121504336318764
-0.412689259003083	0.477242387769048
0.889199228873205	1.62455766943315
-0.274385495571554	0.256597712791512
-1.15727118102211	1.05156269759058
0.176024010389609	0.155036966434753
0.478767558117213	0.478801056099691
0.179035436683422	0.236267419117284
0.363377144626812	0.589301875232051
0.160868996590212	0.198336816456554
0.439289702993343	0.725677204186903
-1.03769249226326	1.9511460399644
0.172319022363146	0.222216261804971
0.400646217446424	0.620068862596466
-0.0690327172941399	0.0935316876328618
0.274363174783815	0.511575538148978
0.237290448077052	0.446579865525485
0.0966473196362722	0.130040576497836
0.229126983141407	0.412603386259106
-0.635559758371368	1.57135904908112
-0.473515762128279	1.00525157820408
0.398639127059951	0.756009732215342
-0.197508363927763	0.251822215030553
-0.349770823858569	0.645635475199026
-0.724600218971875	1.80039179884786
-0.194900220152961	0.296474060303736
-0.425767755265659	0.835195490219816
0.159279097167791	0.247653605261851
-0.145278692770137	0.206002207806704
-0.0618029029524331	0.0837536739528114
0.0255508019879889	0.0331884171309243
-0.0336168357868618	0.0377466995386684
0.211559563642946	0.320732287650735
-0.368517075746379	0.606854034554543
0.189425631951492	0.260722889279969
0.219888670870839	0.345656092723213
0.398421863650936	0.755410986815197
0.309655963624861	0.544336344045954
0.257764237221754	0.437908159558763
0.33814765417653	0.600987131366015
0.273830708177061	0.446444269645919
0.0502644917514049	0.0673083875250928
0.892129167595999	2.60012361379236
0.363160444311468	0.598811231146849
0.487944167585748	1.05183288565098
0.893278494726264	2.60575611094704
-0.539560051233324	1.31859991235309
0.130604092757342	0.172430436637116
0.0036204403749046	0.00427790717109137
-0.0580704711042071	0.0735530568186939
0.255543292758042	0.432868435258977
-0.573274062616033	1.26137782906526
-0.461806076773487	0.90956084937875
-0.1180383574314	0.176790110805056
-0.239885447699432	0.343078177656629
0.0901579729432504	0.104142689594212
0.474344716373427	0.848873421247698
0.579700430138374	0.98355305378149
0.399587233554851	0.677546065077925
0.25512723115427	0.426562263672958
0.151255401089666	0.197658058723282
0.267417345589337	0.41411599285216
-0.0325278705188431	0.0381025326876695
0.499413554412772	0.97384495330899
-0.541894014470632	1.01774911297487
0.399828363286335	0.736381447250943
0.453834635781994	1.01983626201942
0.188755691088601	0.259629237104425
-0.367205239946522	0.642936034411098
0.1825894365239	0.291084876793309
0.0680301551185527	0.0919852180897221
0.187606232168595	0.281692987034672
0.00401712758420636	0.0034684180136302
0.10391991280812	0.125681744842064
0.136898797175548	0.197571696644251
0.0971890648558671	0.1375431126535
0.119046139217901	0.162016110874108
0.39992942070908	0.825915513791177
0.132130814002659	0.161484563872814
0.266528632564377	0.412511056803907
-0.195310880657244	0.287838161590354
0.144296975407261	0.184362811191862
0.550705982941581	1.22366233008096
-0.210122133710301	0.300074544040624
0.466177679432431	0.888315239193895
0.123274873673962	0.179727410444604
0.365285172853442	0.633949913568017
0.738723724147071	1.48367795367536
0.400497552321494	0.772189571387031
0.361828003888595	0.575570208217981
-0.700146790898285	1.47781215358145
0.157306614288147	0.210065712877865
0.489609369361964	1.02614903311259
0.107491659637105	0.140633423227576
-0.254466784032315	0.363391068786064
-0.265931226787957	0.408574985395908
-0.247877011802462	0.379071931132189
-0.254079032129071	0.377149463951148
-0.261368091327898	0.450211599705775
0.131239503920643	0.185835103458485
0.029903006768917	0.0364068375847207
0.336985567096649	0.589526901743044
0.0540132456496585	0.0602324549770295
0.556692308581677	1.20451286649971
0.864125636546849	1.32760900850589
-0.103971935593376	0.110741251270545
-0.0430167842094933	0.0525343317817321
-0.265206474750625	0.351658418277681
-0.0455018781813725	0.0486223091199333
0.397211316487729	0.463095489130062
-0.554337861512238	0.795713507703285
0.53268875187997	0.879543899324549
-0.809904837550699	1.0602725828239
-0.209626540418004	0.197669244378114
0.0280515515336698	0.0217352581531946
0.202719930388312	0.229469258265912
-0.158730359787701	0.168300169181596
-0.673340765848274	1.00229234183262
-0.196306125632196	0.249952281974726
0.346847286027034	0.434580926684675
-0.0657795816458791	0.0668330174813073
-0.0712255983804375	0.0869115267307001
0.742218198832904	1.76516127975875
0.267205710419676	0.413807025703725
0.430214303335364	0.836442958759441
0.296846231273245	0.464029625663683
0.745770499665649	1.62665655670716
0.0706242816789509	0.0717965019173195
-0.033916919040777	0.0380890135133849
0.26984002296914	0.425436413200471
0.222985853212443	0.316427214438862
0.467249919363351	0.876248146996854
-0.0239215530063584	0.0256774286592885
0.160505474599167	0.197800135948962
0.202089428898139	0.294730503883252
-0.0583104510713245	0.0786648683982321
0.400042498364733	0.86994038727622
-0.354654277044899	0.705777451825249
0.0570463219046141	0.0678164292215562
0.207052278205934	0.338559943204426
0.0349543878748014	0.0411585372990969
0.125899211487324	0.174983971405279
0.20858880022609	0.310797918830879
0.278038997278398	0.461819498172501
0.288655503960125	0.425961926276596
0.532163689771423	0.388661421904062
0.507347784071734	0.412093803640283
-0.781999102462299	0.689299085577402
0.116590763767554	0.0863270564425661
-0.430530217271199	0.447546749724372
-0.0211969294820445	0.0257466692644522
0.148852278623486	0.236941013651969
-0.33261843135292	0.512682394157813
0.0761393967117798	0.0590576546676528
0.384076164954563	0.250071187810467
-0.810380283873507	0.864375238789771
0.283557496838356	0.219833998218885
-0.187320263813087	0.128711059188858
0.384074631825796	0.232296236286305
0.283727028913391	0.219963291363813
0.196866606312438	0.250358971322533
0.0851615465588734	0.110291240590936
0.00511815856301571	0.00604865541276517
0.364639453786539	0.60227283674962
0.26299544968791	0.332476682973155
0.276528621882517	0.458473423759978
0.0330892777052692	0.03060916937627
0.00183040126680368	0.00159316130737601
0.728062902205943	0.869988096715897
-0.673712319208061	1.00302054882573
0.352425656303047	0.475150663664285
-0.378703963422108	0.644999667029594
-0.143553687923257	0.23509310404802
0.141420122491271	0.243624451162725
0.0967453899543875	0.149655412184464
0.0618631509606069	0.085898910282958
0.399598090024158	0.72424565752136
0.192083606937346	0.340142795322498
0.211144212797766	0.319931178584463
-0.864400061109813	1.67991239259644
0.220232756579008	0.269415444401099
0.316910933688276	0.443580040628663
-0.10686926693544	0.130571276814706
-0.560205595414058	0.929139031956467
0.637132114890498	1.40479443874689
-0.113445302802569	0.160151803699693
-0.0294424147401917	0.0383729506304465
-0.251485631456247	0.466979514694476
0.289161974482134	0.426926428099896
-0.557021050952634	0.862009318209101
-0.0408386755761918	0.0393994344577641
0.331698513979806	0.542630333848595
-0.290237495504147	0.460499036512253
0.251536329110627	0.359788178688107
0.768683340424454	1.75950137165493
0.580592802133795	1.33652340207444
0.120554002708702	0.183689184320676
0.112278554046377	0.139118098606511
0.230801067581801	0.296253713309831
0.591706830284093	1.31033359411122
-0.111311219796668	0.124684504232436
-0.082320397134248	0.0923147677443707
0.130741031506286	0.145679124641893
-0.0818103304145244	0.0829853014844206
0.204426520696861	0.29882751091043
0.287444447862572	0.509032224030487
-0.265524036903919	0.481812142230839
0.10904438382329	0.167626222666269
0.0540483457339633	0.0702215378922207
0.400426488691905	0.726376310011716
0.0622338925413778	0.0664648327233525
0.0557794895606148	0.0760242166567057
0.083913631487745	0.108478782184896
-0.0471845740135237	0.0595886201773589
0.0263736822397738	0.0342785080188884
-0.0825002910240847	0.0925346997322006
0.114618448863141	0.153222311423428
0.0901528203390235	0.0969659331543547
-0.0881724282013641	0.0940398643650282
0.166484714821725	0.209930850489112
0.491701142390787	1.01653939374745
0.72714697773658	0.703573578793324
0.460878973102501	0.556843930237378
0.209708204295485	0.243948790638595
-0.591766196459377	0.747347960702376
-0.292852502365353	0.420299273772757
0.373567929421078	0.76374900361388
0.266860649766843	0.475455553972262
0.668976448090059	1.37478910007865
-0.137792510933247	0.207252399583157
0.0307558592341437	0.0419627680738996
0.325791267484434	0.504024391520774
-0.419376467284633	0.579401924123816
0.396835003569941	0.449696216461694
-0.316883979440834	0.368117269312641
0.021895312704807	0.0260862438803484
0.118734343715011	0.170158685764981
-0.244012615691952	0.336824914902712
0.143921985980641	0.198316272661089
-0.439599725454144	0.84243512575652
0.372000149827834	0.720530684538251
-0.373738118420828	0.673173593839001
-0.0281443212948782	0.0366167896670343
-0.202975117394237	0.34575305277165
0.0466060456065279	0.0642067315517601
-0.0558510683293379	0.0626279987977238
-0.519569937547651	1.23848106432021
0.290041504155262	0.435901267108681
-0.182625853621003	0.260207134343812
0.272217345112256	0.436707708803169
0.334160599811968	0.565498658202449
-0.500844316516403	0.966198157324659
0.0133853883210872	0.0161788969095383
0.114183640842133	0.152521719735063
0.0692852785382983	0.0703676733909119
-0.426101539336544	0.611213160122479
0.186620112768991	0.170578536432979
-0.0835006940433743	0.0752583534019238
-0.180972874412313	0.25728265029416
-0.0485496286427088	0.061418146944661
0.10191205420695	0.104207044878224
0.312328319379334	0.287898744893962
0.320409078314941	0.317148038087846
0.400359993571095	0.557356609049039
0.0781221325425138	0.0681505984307931
-0.593581755183689	0.495540001547722
0.311884380827737	0.287386750971163
-0.0354340561870368	0.0279288542737707
0.618538476738354	0.928648061232073
-0.461862338192075	0.560035072834175
-0.509598987351715	0.673719250815879
0.579857064106867	0.788385752953144
0.641296429019807	1.07427002700672
-0.0549702617491834	0.0528161964957175
-0.12147713473253	0.129297920818196
-0.215828532087045	0.263393211691117
-0.419288260250023	0.862997135601301
0.848793970470053	1.90766294133624
0.780935390721739	1.02319338992968
0.729145422985506	0.87172410556558
-0.0906678335319965	0.0866974936235532
-0.362630586194804	0.539877523845101
0.05529800731714	0.0617443858788728
-0.172296075488746	0.268962326095825
-0.0461846680268912	0.0660471508345554
0.217237835136572	0.335930008241474
0.204474540870692	0.329340305089505
-0.0397763050570752	0.050274080141335
0.064017321937558	0.0732744482441494
0.0511987038818296	0.0630511388793637
0.283806745959252	0.573356652569164
-0.00507611180319727	0.00615731874897082
0.367560583433871	0.659589234743793
0.0996128864520297	0.141397663202658
0.047023133452962	0.0449597136780778
0.0283909631257152	0.0278035599311898
0.0451648799837804	0.0491245645735451
0.401852407844471	0.585080632865104
0.156107259323779	0.170379117639663
-0.55698719456961	0.243941671319354
0.046388004272496	0.037476027699767
0.607342416040494	1.11461649952933
-0.180596357982393	0.19127797894623
-0.493512835817384	0.737320365981517
-0.546380662120079	1.08547031440466
0.434902275306385	0.770295521830364
-0.0541530121566969	0.0635191936590454
-0.0135268227992575	0.0164314798632422
0.167251361861266	0.232429865849114
-0.21029395594176	0.300389139304886
0.29317035905005	0.345966745982854
0.531363641889806	0.646244529440706
-0.205863197515009	0.20599449950313
-0.683447254883245	0.938910897263092
-0.110955028394586	0.124238066716894
-0.290051673779557	0.502924052285062
-0.128005070948998	0.169080194630201
0.317830645887423	0.594514026160858
-0.0512447745307706	0.0598893067825626
-0.319275497255686	0.556101299642544
-0.119534050398868	0.16336418933362
-0.42967210505276	0.946158097552517
0.0464537068090235	0.0591058730666628
0.400109597158033	0.793532283302057
0.315419001091223	0.573272821163642
-0.00522085133888106	0.00633318260216722
-0.213164900669204	0.363528627207295
0.280965384897582	0.547005519030612
0.363380106467944	0.579009036792677
0.174106302471199	0.268289214823797
0.0688736553753055	0.0975411710899139
0.0391213869864655	0.0528169830416849
0.0284505905410815	0.0398899877097676
0.290225726932102	0.522222875205131
0.15770404235232	0.244743642445871
0.0816376908931433	0.120043239339413
0.298122737644733	0.65420075825629
0.06301420419101	0.087636680821739
0.282267388137075	0.484055346492855
-0.181685400392717	0.27546895868404
-0.278733551328736	0.546671144730901
0.0382873651009878	0.0532921956298562
-0.358845755310716	0.646044491911353
-0.252583622764227	0.423017425921144
-0.249147442101099	0.428332986026437
-0.00485698826615318	0.00667115442618665
0.0470261203962209	0.0696053729581407
0.477218124583714	1.12124962174947
0.116805537109413	0.175164204354312
0.430260493875602	0.862022081565255
-0.236568071544134	0.405575082048892
0.179652072638161	0.303119716737824
-0.0532798263877234	0.0696242845280239
0.378827912836048	0.890441903977498
0.276306845977843	0.458099845093562
-0.153982797849845	0.265863550749714
-0.148182527542733	0.279115768120979
-0.351365537117857	0.731323932581526
-0.0621884908348835	0.0942544994837173
0.0472675803690121	0.0548197539997848
0.35875911253795	0.517821978416451
0.785918790133478	1.16982926134732
0.31168112474101	0.425698371548187
-0.378449735805743	0.438516442438696
-0.21806722883493	0.353272320545563
-0.0665096054946935	0.0983794985090718
0.223180617409261	0.356686763198101
0.372532980760305	0.731660136384856
0.655433014793175	1.38678446097511
0.156871055148819	0.209378397910801
-0.0471230398846538	0.0595032481674704
-0.182333722292203	0.276694067728168
0.755228034179702	1.62382594060887
0.209767935351991	0.279701539052804
0.00964771076140184	0.0124159453271788
0.0421462593879545	0.0506957697670438
-0.0113881247391326	0.011637983065989
0.148724812741717	0.25044515937634
-0.304988263371619	0.558070098323874
0.277786289011773	0.532530877920521
0.650083607300977	1.68125207576028
0.368113453707379	0.660952702048477
-0.034642286969558	0.0371261979819575
-0.0437453992449772	0.0570202537966809
-0.127993628069936	0.169112325961922
0.187027827939947	0.199885559504346
-0.0459761164778891	0.0491738214938396
0.243313463737701	0.277344289081917
0.183708880526259	0.247470917899289
0.151791483316698	0.198508497687368
-0.0233275024238186	0.0273294721263653
-0.617378253646566	1.39622141446852
-0.227496849617856	0.313873598051561
-0.0726806318436485	0.0888346315331543
-0.509869023083262	1.0862996464439
0.0655147977414575	0.0993832994615095
-0.530624314267549	1.13530386197043
-1.0235912943484	2.4039264183917
0.0315763635180014	0.0385212867793397
-0.195750795192291	0.259336481750076
-0.0455316683764587	0.0670334854570597
-0.225178258171514	0.322009585166936
-0.473154691580272	0.883991716867751
-0.203740042761088	0.328396015932966
-0.0327093141422312	0.0366829067824158
0.0388462813648906	0.048389779988417
0.189057218783203	0.260117443955052
-0.565487795368179	1.03253871285
-0.0339907144523397	0.036403222962819
-0.122444161515318	0.130434779046953
-0.0104608324243232	0.0101271361525809
-0.366058766535073	0.505675027066272
0.27786535591118	0.300980843068419
-0.48578970653068	0.69768161763054
0.448946914985671	0.629261085368119
0.0112229526604346	0.011229130116749
0.217504457750671	0.302110372682781
-0.259481289308434	0.410282966580625
-0.151087765544273	0.192375948666967
-0.0430207854340683	0.0481928405067643
-0.136318937688076	0.199132254833053
-0.13381796950115	0.18936640094776
-0.332582398046408	0.512607810981664
-0.0682312740465917	0.0865386165313734
-0.242387089526176	0.393957813657694
0.355909659293548	0.80016076075126
0.0372146119063921	0.0517314597201915
0.114306102369119	0.170901134159517
0.220846995632209	0.41744612004736
-0.072178156003301	0.0881747512457699
-0.0988844973514493	0.100097408250841
0.292663203989083	0.345258459113854
-0.105016622369007	0.111991504667563
-0.0248835670837882	0.0267325355578014
-0.0908445158778953	0.127247438034034
0.400356865042715	0.631675588841107
0.229368587674513	0.337933588823921
0.220604772209685	0.312214823099352
0.143505476352896	0.211344057408591
0.101140844215318	0.111913737411659
0.168007830647746	0.212157045610395
-0.76852267216949	2.00168745195315
-0.223571745076989	0.381676416603721
0.331731810356691	0.703727554359698
0.482212748629227	1.07853576165602
0.117963957296218	0.14921360770012
0.454383239537514	1.0348889812413
0.399983305391542	0.618502911417774
0.236045127223554	0.145909786830306
0.0936670856594375	0.075862741075886
-0.665732130837904	1.51212156921638
-0.0279298132003671	0.0254112884194174
0.0241202164778881	0.0248499067086193
0.228163901625924	0.371589822814858
0.625622418322616	1.41510967770454
-0.0734084141983605	0.0704421061034382
0.508808710290801	1.1774763507918
-0.530189858185953	1.10834972537639
-0.0950021808093855	0.106323670859954
0.247585971515127	0.289656059255652
0.0188394431896035	0.0168523527890268
-1.25897935154904	2.0578647269959
0.504582047444364	0.713125106506565
-0.181588023962964	0.240718248997309
0.261786193192362	0.397040319224818
0.530814590020471	1.09347687632476
0.0395757344231086	0.0493412860780864
0.0943168163689785	0.118293011231439
-0.779436571209434	2.15928947346548
0.188402557177973	0.28319038244011
-0.12987301765235	0.200615856710659
-0.285209586262335	0.532311705093028
-0.552053984854983	1.23798879361282
-0.358071156959099	0.644248390249868
-0.234061752247384	0.357662546997315
0.309796547478901	0.544735525491215
-0.481311851221097	0.822250302280299
0.145638909380202	0.17068015127232
0.351246211850267	0.462682700087582
0.371548993568875	0.689185365975646
0.26322330585982	0.39984143179799
0.100067434687783	0.169828574899912
0.360230181229083	0.541630182090853
0.433231883079152	0.792736982192669
-0.534968620128109	1.19974974270865
0.176614058544543	0.29358492433455
0.0523201714696728	0.0787260304073496
-0.0213506210776534	0.0268680033260146
0.230703307796412	0.421145187546319
0.399284325368905	0.757776736108686
0.0844354778469779	0.109244891773926
-0.447734110745437	0.811613820611139
0.0951271520586011	0.14680315784322
-0.285813284940918	0.599065685684496
0.169191642723465	0.291759059381131
-0.355446592236646	0.825746891025912
-0.340105669038378	0.67466864357402
0.209211304510196	0.373264979398876
0.616088256398387	1.58002219262311
0.0572213698640225	0.0781442769695554
-0.0185317529675998	0.0240215649293998
0.0518222087784978	0.0671335365869619
0.399049553469449	0.779477326212199
0.187750543350387	0.281972987572035
0.0113856549419411	0.0137372038926356
0.0868697975629428	0.112742475685879
-0.120182234180928	0.164370381393868
0.0991341827423363	0.140636302840372
-0.056070404294294	0.0849220452974079
0.0602078828688876	0.0797227814934777
0.0899415951213958	0.096701244282438
-0.105393476817721	0.112435662040411
0.778409376294031	1.32467003483257
0.531488108755943	0.876659857514375
0.371731782132112	0.709930296687872
0.29322209220478	0.536068841820545
0.400200770606608	0.82678266033007
0.0956857332102173	0.120174199053596
0.248240121962516	0.348052637719646
0.296380417851798	0.358945001466794
0.287188920705563	0.423215513425592
0.39912107312106	0.688254347005399
0.58759400759358	1.15177568190433
-0.0815861877193063	0.0827389998080385
-0.219053671193541	0.333653413086022
-0.0682312740465917	0.0865386165313734
0.199879453249588	0.340839520516157
-0.171370440317136	0.26725083227866
-0.180913965662551	0.239613487576055
-0.690370659128906	0.909118279660252
-0.24596070500213	0.325985253858879
-0.442910533096949	0.6857091755079
0.928002017675442	1.63313840189642
0.220751865326093	0.270194180175045
-0.0264426471651861	0.0240289363695022
-0.0369525904544894	0.0376589457838062
-0.166883049948296	0.212860628809767
0.245247183020622	0.337022704116069
0.145674882197964	0.186383692497643
0.198486663636979	0.252841590480429
0.332433434861566	0.552983839285443
0.137817951777749	0.157484423541119
0.469101707507111	0.866167423745297
0.508953259169141	0.949012594573351
-0.649044244133685	1.25915135396579
0.217877497332785	0.337070155165499
0.0639700425754959	0.0732145058433086
-0.236534054396982	0.405540003593295
-0.133532616574421	0.163129970127522
-0.211198489447561	0.279745069350107
0.0249296508282188	0.0323534380814204
-0.0907066836950882	0.115392486077239
-0.022686578529556	0.0265590060307774
0.0397140514932271	0.0495238783183257
0.286809399301429	0.415173284103843
0.226308104416853	0.327355605406986
-0.413059534297759	0.477845182004603
-0.386348690937609	0.576387527655803
-0.510371455474949	0.675028106843445
0.0528313636906336	0.0474875024878332
-0.180691552673327	0.230165517560171
-0.331984094412442	0.441086685877051
-0.104648551279024	0.111552206553667
0.0104020191270433	0.0109270254421348
-0.0223039604057342	0.0239059413327344
0.431367344240852	0.814041395134678
0.322347784537932	0.479946461459619
-0.256744890518631	0.367700390224484
-0.216280502927589	0.264085314448414
0.0277177925063144	0.027131634603526
-0.0506662369196154	0.0617861025876811
0.260967777447968	0.509327538809251
-0.203109076320529	0.346091412725152
-0.402566029383813	0.825425647670503
0.329959866402066	0.697900736584762
-0.017330844011327	0.0224249156708032
-0.735017299889758	1.2620529483503
0.131648628593323	0.146792641892138
-0.257938480416243	0.314817880879324
-0.031528552861298	0.0268342925657562
-0.237201456841629	0.289791225665359
0.331332604480281	0.541678465562256
-0.181165138460545	0.202128388238535
0.346710256221666	0.434322456377745
-0.411936467729343	0.546651499916877
0.10642368589275	0.146743500971475
-0.0124136657856074	0.0106047199855236
-0.591884553948884	0.781436411445044
0.0569432081337098	0.0676990471679607
-0.0661718518661063	0.0924698839349545
0.170790084660609	0.278697221274837
0.776738368828398	1.62197170345152
0.255370202379916	0.372745476087255
0.146450827246601	0.171818707545881
0.47607642926666	0.837550040895139
0.640605255232939	0.544421877164213
0.265675103264443	0.472894622098784
-0.195726721458122	0.279107587895058
0.0718133990880501	0.0892279566312823
-0.34537407680291	0.70150908683632
0.129232620342529	0.192008659955729
-0.686876990118375	1.25730303481041
-0.341333029377844	0.578460778866502
-0.384811568681983	0.674846734970551
0.164109765508157	0.18418530661918
0.0806884272343812	0.0776112562305274
0.558705506556177	1.01652555664934
-0.455287504627194	0.653937135510208
-0.496528551619766	0.769109820128377
0.283054921903349	0.485830345505741
-0.242241926933853	0.393652822117121
-0.0311261178394209	0.0363969524410947
0.0102741341517492	0.012811090648872
0.289717614688672	0.520886451113387
-0.281571290390438	0.474452982416527
-0.0659448887258038	0.0921297471052703
0.0425407135125457	0.060140310429266
-0.179646498663174	0.303621820423072
-0.240090120766001	0.444671022942088
0.0668006027225225	0.090196820657675
-0.0866821642313022	0.125156005261134
0.127698660851843	0.17783079721744
-0.0835250072193183	0.102081815501924
-0.116796186134095	0.117937205271453
-0.0236593822602448	0.0241351010433512
0.666697781880354	1.52065397469296
-0.0716938212709407	0.0875188836285504
0.194434871337589	0.349032073816455
0.157305303037075	0.21001146747557
-0.342505412053003	0.581184538185632
0.191416224795793	0.36101952583138
0.329595029965837	0.841568846417473
0.427371744592796	0.988690654494251
0.427526154101592	0.903526496583326
-0.313555639882254	0.589832404830196
-0.560609344829171	1.48864409592882
0.2294562443633	0.338104091263575
-0.0743412132487572	0.0794694656703647
-0.00557182474973984	0.00676032278851651
0.139676918039165	0.227657667408182
-0.169752727774186	0.256745084297062
0.375226557125474	0.798675603042843
-0.0190344581447361	0.024690656365119
-0.237945462686548	0.396583272396884
-0.0581460692540679	0.0736503099452822
-0.0668416535383813	0.0845997574950338
-0.00320889163606133	0.00389188213290184
0.304814539359269	0.510937898924285
0.225652141981659	0.395312950913001
0.317260056534412	0.593032205465753
0.213258623402159	0.355573096894257
0.268900656009473	0.486337836435609
0.257218261704722	0.376144631262585
-0.229893548185133	0.373028165103038
0.0346618422865275	0.0460275393456864
0.294361082950407	0.54572780911836
0.219464715547333	0.409760343370825
0.33129065827764	0.550355142456215
0.660047789174397	1.524221260837
0.367248802793229	0.668584128226129
0.802570788361818	2.17072144823657
0.128650985184538	0.191019446236619
0.138435152107899	0.173040343427824
0.20174621516169	0.22819424982162
-0.0729848181878802	0.0778971489022943
-0.094092988802706	0.11487811953519
0.472321266493732	0.84372044417246
0.0393712839228922	0.0396962203483871
0.521966734669802	1.11995457292913
0.12086041306337	0.184214932699048
0.349175305803334	0.716639574376191
0.0971460137340248	0.13744973731295
0.530174967313291	1.09159443678107
0.294371074680753	0.347659530701323
0.226073739976491	0.32684527916047
-0.213900603594515	0.272458038008248
0.222831774592639	0.232699728239743
0.35116981453297	0.462561594105113
0.717817099369538	1.18898378487961
0.729903248428072	1.33862028484905
-0.371242850814714	0.471735968135474
0.112210789076866	0.138989511199909
0.602576539257945	1.12550337188368
1.03916011843572	2.26115798271177
-0.232582516789476	0.296362989072921
-0.0766922390506553	0.0899230189932612
0.150011694411183	0.239187422183592
-0.398684268239899	0.740899759323935
-0.120809670545409	0.147762492109681
-0.318694664234405	0.554826358947368
-0.312883082621819	0.449545181875247
0.0361717219516648	0.0465499028313346
-0.232473530414815	0.296227856378343
-0.460569533361467	0.788192707169349
0.0632766889255443	0.0880196373371758
0.0917079258227993	0.121215480328826
-0.0714506222149729	0.0872107779572358
0.194914097517699	0.302801490341647
-0.02837053944762	0.0369277218374635
0.204197539944394	0.328835499075658
-0.117404730155334	0.11862112979513
0.560659911633699	0.817098958838116
-0.116965612375371	0.118127043126045
-0.392022344234145	0.541504954070432
-0.424184731856634	0.678707977315649
-0.146583315961096	0.171668081325954
0.121309587726219	0.131429105830164
-0.231971399026267	0.295453879818792
0.0790676110370781	0.100357513599211
0.656087745854411	1.68046904113716
0.197755074390271	0.282920259881209
0.329938512572138	0.530041142101851
0.535753453388106	1.07118949974106
0.0203273118009543	0.0181919525383159
0.629089151665368	1.40236248786885
0.796551847234581	2.30985282185436
0.175611103022996	0.291558887217558
-0.0971244669727694	0.140787650466745
-0.113788037086371	0.165058321689034
-0.240674833422095	0.390284848646083
0.360131714442771	0.541376422275639
-0.262772650025527	0.261510435790044
0.459726651841925	0.57075385259
0.113058744846214	0.119172058435419
0.399459350847527	0.555655421223952
0.00473121274449023	0.00539082068815897
-0.0379736973954873	0.0387380600528275
-0.427061904548396	0.613474890160153
0.0342898103167535	0.0317412117874331
-0.0304441219026472	0.0383965280309774
0.0405561057986083	0.0409326535972716
0.0020784513553279	0.00180560705462875
0.509386743331091	0.950284800114179
0.466191359906959	1.22624497052517
0.00355727745089206	0.00434830952385029
0.366151084052998	0.63612058357743
0.372888882660256	0.752283106204258
0.253772116928579	0.423639101365655
0.845548787089058	0.518148602075924
0.0753304047049347	0.0583770622624133
0.703932861705556	0.707578493277966
0.749913361611899	0.869300378711871
-0.0136999601434939	0.0117056004868477
0.0868146393177395	0.124210992435462
-0.0670806599894993	0.0938376472142135
0.0751050241126316	0.108346306214611
0.322820323302259	0.320240429522109
1.17090688990841	1.26989866565508
0.698215509421612	0.53433870715751
-1.41025308115104	1.94793314493371
-0.331880930730927	0.366743957020511
0.107429641043292	0.148284755809308
0.102917590296241	0.14835575283231
0.3705191034106	0.706642343793515
0.0303190712821895	0.0369374022394197
0.131557447484609	0.173896348830283
-0.273506369470459	0.391812648673748
-0.130336946675606	0.152592448380094
0.615739167975006	1.27260329105861
0.357207920960982	0.514986621872984
0.292511021871305	0.345021683039683
0.339839081028841	0.613730028120598
0.371925899888932	0.720351772586272
0.0213336581942165	0.0263451031838903
0.543067933157539	1.25377908999841
0.105920746234543	0.145960263430557
0.244739567135945	0.432078163514625
0.197851253929267	0.308440642411066
-0.250225262066018	0.417779007833458
-0.0451741459951433	0.0644994938072677
0.00811455239128097	0.0110681631145785
-0.0234133183562134	0.0274315595293749
-0.343532454679885	0.512187827870118
0.146852387714478	0.17239372405567
0.370575078912909	0.696989757321775
0.245557620858162	0.390124316616461
-0.593775585370004	1.21372357910763
-0.24947238129474	0.429069323194331
-0.298106622283364	0.627846764382444
0.376175122284726	0.791406814650569
0.301492968023351	0.496132538127387
0.189057218783203	0.260117443955052
0.695390351827828	1.50452423915815
0.137945082481388	0.186234601213062
-0.25624086145996	0.366799441270482
0.205232677872887	0.304460683977989
0.240004723091055	0.373616165850561
0.368603569092415	0.682067601083923
-0.318381171902254	0.61305016319303
0.2269437247348	0.328502493175871
0.190965644050832	0.291630178640645
0.233110046668014	0.391458011365899
0.0777431002027493	0.0930069468105226
0.124689158656513	0.16125590910346
0.535996807706793	1.0715651668639
0.139468867246681	0.159638702450738
0.609763225549168	1.277729003998
0.696740364900879	1.1998665448239
-0.0975958770904254	0.132843118284535
-0.10673456363379	0.130386867805444
-0.0257913662598597	0.026361684872446
0.0503341869239877	0.0619212213504554
0.0506487780728612	0.0678396853812977
0.196711908284436	0.306332282543757
0.365940667381184	0.625533177821825
0.0641997314658782	0.0734917791282035
-0.724224179252812	1.56795866779079
0.0410941319431468	0.0579752756127077
-0.355745116925158	0.673767923143922
-0.299713052451215	0.414067366981928
0.11943596617089	0.151366471839969
0.464258761144347	0.897718833492598
-0.240558785296327	0.344239834894125
-0.215284482130399	0.274636721553529
0.221375782528096	0.313636840616497
0.444383578687725	0.665046202870779
0.343913610267476	0.658529658429796
0.257250626016904	0.488761121168601
0.171729349574271	0.280593936701656
0.0446737245357822	0.0567055540580718
-0.569483537325344	1.16146829019011
0.104467905295276	0.150879093900118
0.126397686393535	0.175776425601864
0.0180863137809901	0.0237725111120002
-0.787957283791881	2.09611716544852
0.034028110070799	0.0451557235033642
-0.103952535511559	0.136913832720775
0.338040824761426	0.609188481242307
0.346231228365376	0.682095167913342
-0.146190888806178	0.213704612841105
-0.281598707598319	0.389501002129899
0.0869178598910705	0.106586083777936
-0.0340897803345447	0.0382856453076995
-0.310853747932784	0.445856755310726
0.828999497931591	2.30645839158543
0.563383676412282	1.00768107372925
0.17908545341963	0.211932865965704
-0.179931825245241	0.180323387597285
0.296821027003205	0.359613701757605
-0.104932363859353	0.138367226669725
0.512716453385013	1.15781214922132
0.326786779734799	0.335222133465994
-0.254475413500436	0.268110650416896
-0.181906926681102	0.161099133856152
-0.0893845612523407	0.0954626110115439
0.136910003047468	0.14076437359703
-0.209783647741842	0.197839413779572
-0.360433272386787	0.438435777354833
-0.241082720237996	0.22650092900725
0.12853582862747	0.128394494734446
0.164033126953176	0.18408271817534
-0.3204217103463	0.442786899646011
-0.12192291695945	0.129826814815234
0.400033530290615	0.630974610586005
-0.182135234392728	0.250570561274777
-0.491875131673221	0.734570302577642
-0.0511148688163345	0.0623653732696563
0.255634686965365	0.479214430886362
0.222851777740093	0.316175337106981
0.344999778452306	0.421388172689255
0.0921564264629999	0.0833262599831287
-0.0959791855258311	0.107536055912506
-0.402962835801095	0.644753291548499
0.15904640710571	0.231945864295853
0.319784411617695	0.607166305807592
0.0164810823479831	0.022292729316334
-0.194758642732163	0.305195183399065
0.109638727207257	0.161181185477527
0.0355166924366865	0.0456626445363907
0.28723046322133	0.50854511809613
0.103141479384527	0.155693068908961
-0.131512242072251	0.208811473206963
-0.0185557541061277	0.0255888141953997
-0.0228822402407977	0.0256875914199892
-0.160374452202316	0.249460217069062
-0.044708524149529	0.0405456673038427
0.443989787366488	0.693266977381179
0.252952437627331	0.303904405743829
-0.112134362316869	0.125692493690498
0.282114361732136	0.483768278539007
0.218344931957233	0.303552351128871
0.634382691140562	1.08423960060632
-0.0127654948831965	0.0116505158818389
-0.180556095419222	0.181060829509768
0.457381166275196	0.582519864885549
0.329333019398832	0.528825807734903
0.0140533494990436	0.019510893625634
0.395488340741759	0.421544700728746
0.0466514189102307	0.044592660625307
-0.028098327524688	0.0353362135549725
-0.0570752393902229	0.0795290531061844
0.435329185181877	0.78462356801719
0.238137132433501	0.407266426522487
0.347288192355174	0.667096709008615
-0.341864159749067	0.579688253169739
0.256176703643137	0.374288027798207
-0.333940162384475	0.549364359705753
-0.322489849683189	0.479980009334182
-0.0328784685617817	0.0368862590963319
0.369006203805667	0.702566468941414
0.296897701998127	0.565689945968954
0.179437623051026	0.302680109977297
-0.0910556081865131	0.135536369235444
-0.145286386027849	0.20600679733382
0.0310400159297384	0.0423661449715429
0.122947198375388	0.208978646923344
-0.0649460566166189	0.0958432232983573
0.112302600005199	0.182790383658981
0.284035507793281	0.567781917010531
-0.0464528720383362	0.0607626950741069
0.144858744130488	0.199685397809005
-0.423032912158216	0.744369141860717
-0.228188208212497	0.380718298782166
-0.391051465258043	0.762000627145588
0.557471619836201	1.39197182521554
0.0262385755206295	0.0341001285391404
-0.358105460869529	0.763926398802682
-0.191439225394574	0.325052137545267
0.15812822356264	0.24553186168698
-0.105851019331831	0.139738032090892
0.198305319559237	0.252584573789515
-0.595362351329646	1.28175743807093
-0.217139039288709	0.351421378891386
0.310725158103074	0.546949320381272
-0.311297639436794	0.555753826024527
-0.0135118385759489	0.0175423284058591
0.102137676592643	0.153912734158948
0.0809975304436418	0.124126027930532
0.234372174850332	0.394089749725323
0.0815124418814274	0.114614077062477
0.367483691314109	0.669145374450697
0.0442188516505154	0.0581074936720684
0.0301803633117992	0.0367609447615036
0.320121346409315	0.607962795472596
0.095560259213588	0.147537662047918
0.194091128262704	0.324872441564669
0.318711301933092	0.604342885767046
0.340627353222291	0.615624271818208
0.133744743086788	0.20211540533896
0.148162750109401	0.235730321643352
0.208363971210469	0.310401469426795
0.292269520713422	0.237465254720059
0.619559880348781	1.0974397790662
0.539935363790139	1.06440765299066
-0.592777097109257	1.08290708032757
0.454248847683829	1.02115236222717
0.157335031950105	0.24401289592927
-0.170333435036412	0.272690238208234
0.0206783744244709	0.0255223364159647
-0.0666424821082909	0.0931741836802207
0.769824884155284	1.76354838734825
-0.322906959114406	0.480832147686616
-0.102050591521141	0.143566218742798
0.364773300167235	0.60257395340985
-0.264168259108158	0.405175372228644
0.458132834821902	0.951614267756564
0.215150490386717	0.331926223353607
-0.0123827893978336	0.0150239437875093
0.32748209241719	0.659018801890173
-0.0239154862082964	0.0280342550962743
0.157640796243978	0.210588998175605
-0.0896110221231194	0.0957239737546663
-0.0906485700963579	0.0969193953332653
0.142320861465233	0.222278834284817
-0.227965956787499	0.314657527648298
-0.415933069138676	0.709242106444085
-0.665344335400159	1.51093655638742
-0.334280857792625	0.583220774652921
0.266616038976353	0.412696409549888
-0.0118084696175279	0.0157827733531294
0.132877513920975	0.188561220891595
0.234740901643574	0.352924933897076
0.398783300734568	0.756386772550756
0.13110642090582	0.173211879815587
0.117762091408627	0.148957577079389
0.0720569275944661	0.0895245025350858
-0.100006234577419	0.101317638969113
0.110500076716662	0.136623137785714
0.133018125205546	0.200778267289401
-0.14948076391302	0.225647197307246
0.285425662242404	0.412756401394998
-0.183966685263883	0.234984137225325
-0.353481987282419	0.50765074605489
-0.628865212943976	0.972399241054182
-0.136094823342787	0.137071059804009
0.266881088110594	0.345361858505044
0.591217276301304	0.965221987858803
0.105322420731924	0.0985788706474819
0.000851958943553801	0.000829053291754636
-0.895889378177574	1.79344614480281
-0.684310024357576	1.29186644400832
-0.40946092118546	0.610742470147803
-0.228208775832738	0.302413568340297
0.183636178827364	0.270897272623008
0.0328761367272283	0.0386144787705166
0.190322513106444	0.290365779090099
0.399155982512837	0.604634168707221
0.00708896448407353	0.00776689546341235
0.325896505036387	0.50425253825758
0.0443597907568464	0.0534858655810886
-0.253381128756855	0.458563731577693
0.484492315917175	1.05625578615317
-0.119892583342833	0.163926902375209
-0.0129472138567099	0.0139064381001552
-0.223097632880332	0.329999698839891
-0.166650702594218	0.212506433841502
-0.110400840842093	0.169544552743083
0.0382043463036344	0.0475565575746691
0.138222026195004	0.186665699731166
0.10247545394725	0.131498070793724
0.154821437305562	0.221829536648956
0.291522173099732	0.532017740498772
-0.567809811550411	1.0685463608973
0.400852339763791	0.738801614988552
-0.0128861274451042	0.0150695182106734
0.221043866686363	0.270614671831611
0.0207404491843738	0.0255961863304358
0.210642826219914	0.318946512763683
0.779342142214476	2.17713300407432
0.13661787687253	0.124255637952751
-0.213876035722566	0.188588824222948
0.395318637994029	0.43445269024932
-0.0234541616938282	0.0263508227581299
0.0963304381650345	0.148956487264882
0.727861369708651	0.869575134452339
0.252718241160167	0.303423557043843
0.50603833466033	0.958413589099663
0.161785172560457	0.220298800853322
-0.0116825684951037	0.0106592114124215
0.0975045955646933	0.131365024294578
-0.333554606768117	0.514567417660842
0.152260756190057	0.199209549423731
-0.220586490551193	0.336680508652546
0.0991484471004722	0.133863593877901
0.0653682824540143	0.0839242721294549
0.298157482729536	0.481427417656785
0.168930033782275	0.213429634373049
0.172892757193347	0.265973866911938
-0.373654889499059	0.672948552379
0.537072472684121	1.26918415681982
-0.333352754609021	0.548066601527894
0.179273662167718	0.281313647168169
-0.637850428526676	1.51135101737264
0.750269641320753	1.76170943929902
0.251512424729167	0.413296033942084
0.371423185009437	0.719002818857833
-0.0721606086747314	0.094590625304366
-0.0684857283309864	0.0868848294967534
0.152374114559607	0.23216817714276
-0.559996549432554	1.48561294536837
-0.332566883598721	0.579089278317507
-0.0669740022053511	0.0848088994765242
0.237479168484534	0.405702714005174
-0.536337445385716	0.94837544482477
-0.219583684228777	0.334704119313295
-0.1321967508297	0.186672371324963
-0.18203686353741	0.267688214904288
-0.228809360755306	0.370713125352049
-0.570914309885184	1.19540857488963
0.146376031855766	0.245694768515913
0.714117538750754	2.49818141840739
-0.434763636132465	0.810796977901585
-0.0660280902241349	0.0867719098255814
-0.0425450486076362	0.0498421294274466
0.374039000505466	0.755629292131904
0.257341607210997	0.436874278842874
0.428024418021112	0.928951143461606
0.466591571979518	0.889449745326355
0.170540322339701	0.258502325708265
0.447770571635943	0.642132135721209
0.464885836505772	0.899566855040946
-0.0310793746129592	0.0378240795752707
-0.118525956285594	0.161758867526064
-0.0625225423564442	0.0818374402069215
0.370860169261769	0.697612270989514
0.234014231952688	0.393307898692472
0.0863476369416141	0.10583026832793
-0.0732200806215376	0.096124796201912
0.352361095471767	0.47497763757891
0.435875300965509	0.772648723366634
-0.351211269413282	0.614380015990687
0.0997319873036119	0.134771319468459
-0.219020779546048	0.344601346964604
-0.0213348070170215	0.0259173659742927
-0.381274989748199	0.706621593616255
-0.260305214174719	0.358892124301324
-0.434038629591195	0.808542648047639
0.0109119748810979	0.0114658205195905
-0.0952089438294027	0.10657964966765
-0.214629476072099	0.273651976774084
0.330907815654324	0.532074903776816
0.322901420465294	0.48101040265187
0.104793683506561	0.144168290808537
-0.156524919035054	0.215005133705646
0.106174295537808	0.128703862199784
0.319677131437079	0.599001591425266
-0.181007085056067	0.248615551282177
0.107907271625752	0.141252251998629
-0.0334860403441762	0.0375847061889377
0.220832937688695	0.270307968326798
-0.833744450330723	1.5740200314988
-0.230686908354931	0.374593904718383
0.0479862715969039	0.045902946721304
-0.210829558341387	0.279115830663801
0.0853858114900916	0.110616677276469
-0.10124258070211	0.128820160931294
-0.0895164956345506	0.0956114863571377
0.0393418509343892	0.0445891364305672
0.81071664465303	1.47071247430236
0.745356350590259	1.62514346750774
0.641141292314359	1.07380539654385
0.526752213764448	0.658840516258258
0.249828114012197	0.292817047195222
0.0689123648972665	0.0699612143823994
0.277038189082049	0.376160037058429
-0.136599326979946	0.137653459407648
-0.0255082117850339	0.0246507525801862
0.28676493605214	0.41513254756182
-0.0954344197562936	0.106861268742719
0.400909226157828	0.595929773924593
-0.182502243017457	0.25117399753364
0.171534512939308	0.22097471298762
0.501108284343558	0.724318593566835
0.0997342990617557	0.110245193460883
-0.106400376252467	0.129920342420262
-0.100270844531373	0.12742889233856
-0.410461455968904	0.742994171442291
0.182963500603417	0.269725134444842
0.307143193682784	0.523623410645157
0.278968220263795	0.386784611843012
0.266671333118533	0.345099460720681
0.059807595733172	0.0753336263491131
0.400954466192317	0.739123698701557
-0.310931457393723	0.44589759779323
-0.227731401671871	0.314267491549996
0.589061559890533	1.30091705479821
0.542581848856911	1.0521521659764
-0.107103717132291	0.130894612621855
0.367560583433871	0.659589234743793
0.399665319443563	0.747443139466714
0.0443818665536251	0.0482300763047134
0.366151084052998	0.63612058357743
0.184346979963359	0.248533797203907
0.273571874744816	0.445842639343123
-0.672894585789149	1.41998773630251
0.137858453029182	0.186101864347224
0.103992935045557	0.179058803540197
0.260634615778594	0.449910767982165
0.0860177196471501	0.117368566515915
0.825241663366294	1.46935869143705
0.262220857806917	0.397891175348657
-0.100402036654932	0.137101437685129
0.515132637672435	1.37792358806205
-0.572782758356273	1.20155404868902
-0.0638785937712371	0.0837641775526511
0.296679464471897	0.463788025796628
0.165902416987607	0.281949343448743
-0.26675079861167	0.5572397171994
0.334443562417418	0.583169007032576
-0.728307473319807	1.81688644149879
0.308089027390888	0.533299872232053
-0.037945053729586	0.0641166872239712
0.0247839031957746	0.0321587986869285
0.00698360581285835	0.00951437642648841
-0.0143195749174247	0.0174071659997952
-0.194779979551606	0.286916839824408
-0.2098973570249	0.386336677623113
0.620492448391374	2.05661114768615
0.187049496018654	0.389099892254729
-0.36780882404808	0.820713620554932
0.149054432430924	0.264519708814372
0.0916904385323598	0.127441194997093
-0.391925318647529	0.707851782914524
0.164005248323821	0.243646135392138
0.10371824738107	0.156662636956237
0.376515777275693	0.802559318694053
0.164891266434915	0.279811309548378
-0.452795117266138	0.936682446828891
0.486299482704392	1.04672680542409
0.200170707866245	0.341442200971959
-0.158733293361677	0.239673674426115
-0.0222833545181926	0.0290124539622514
0.307470783672678	0.629367945356526
0.117635464948529	0.186730979967519
0.106955468739914	0.139836783218431
0.0870493738516753	0.106777801769882
0.130845194794668	0.172805414575615
0.0502157050156995	0.061771036408951
0.174825361899547	0.289898701615122
-0.0870869036183299	0.125826861553496
0.234256820405049	0.434390970463933
0.203042094399824	0.326370896473502
0.374915348825874	0.777856847417672
0.120541626509739	0.193993618759942
0.282411869280264	0.484349504704329
0.208339797408086	0.277343742122556
0.154073548818783	0.220527208103705
0.137581526225352	0.18566570058626
0.273503853107611	0.509451637593286
0.0955177020033479	0.119949912590705
-0.088462145713087	0.112281062392468
0.216652633059644	0.334846012916002
-0.0125317968537485	0.0140686601774638
0.209109743766027	0.342818787045703
0.0598351136230512	0.0791933604700144
-0.239781456717867	0.443892339555576
0.454093853757988	1.02045137307307
-0.149050623341756	0.231081290894412
0.196139289142583	0.305237313755029
0.055581277689971	0.0757444465323252
0.162109226121911	0.220821939766891
-0.298952175454905	0.412795990579335
0.179214984856111	0.212109829696314
0.244361463559542	0.278705580288083
0.112385545568873	0.11840260785307
-0.53946027059116	0.98359199294397
0.0861440571424034	0.111712040520438
-0.122707691295897	0.173321539893553
-0.151287326853132	0.192703629213697
-0.00356757271782682	0.0040077787095388
-0.116053846425411	0.15316383475347
0.323335426904734	0.639742206504363
0.0224288646458818	0.0267398357535679
0.609786959949242	1.27788202530517
0.0570757599823751	0.0779316325458744
-0.0891581191100978	0.095200029416884
-0.138560669281474	0.214215816456386
0.245400328097377	0.389734740602549
0.121222639914864	0.165438790491272
-0.0513392045032637	0.0626543139761004
-0.179156123671979	0.218600882252071
0.270382313948646	0.432683763677674
0.269262555310287	0.548587661799955
0.157004978773682	0.209595307316189
0.251711334575476	0.464231937479496
-0.0531363377103881	0.0718686227396576
0.16666667912888	0.210171519448674
-0.0371342781124739	0.037842614008401
-0.37632033621122	0.540536525174786
-0.248531457991098	0.427036864445463
-0.653490862785565	1.1954706882463
0.277602380424247	0.460872687672792
0.0887550416291238	0.109059154389385
0.0650096520664271	0.0834240538946986
0.162651884657577	0.221697398252619
0.0955267633198371	0.153724182735236
0.11456570688292	0.153146351049478
0.207913223310001	0.340347636465788
0.126613212185803	0.218308979598224
0.558603027236121	1.39601652608317
0.214895378402403	0.390274750747435
0.707194165991075	1.78814126349588
0.529804361044615	1.29618678802656
0.12612532267716	0.163373764413423
0.107819569707704	0.122266184619958
0.546357118234855	0.850079275933064
0.112165885069954	0.157615863603469
0.25803775345655	0.438341446290213
0.431965138605211	0.853787725174511
0.144007344058646	0.251413527268805
0.130805632527875	0.185123881258292
0.219954014548356	0.345832359844876
0.268050389303796	0.347347253895753
0.899492617553504	1.18381616954718
0.166897199520141	0.210507961758665
0.219697346016206	0.268600848285425
0.447704658392313	0.642108358144146
0.0988928188513591	0.109192577090401
0.148380978067421	0.249749170358233
0.085101184441808	0.115973565033126
0.0754256382738087	0.108857462842824
0.138155260920201	0.172591653003467
0.0905254674347092	0.0974027766410963
0.159304543307064	0.247597812508516
0.0459506433911944	0.0584278476181307
-0.0286695136002861	0.0360835789800664
-0.059381886186419	0.0802370900561267
0.0793963842234736	0.10621119720788
0.369895380053157	0.685356364295572
0.17416933917266	0.268393407181133
0.299104417976081	0.584901222879161
-0.0197482998002113	0.0256407079590023
0.431917426431372	0.828397743932268
0.325057286997903	0.493950867494557
0.172964816437258	0.223196473729971
-0.326156834735899	0.552545779443367
0.0868166449498604	0.112669269522463
0.349590018859315	0.72661920970441
0.489753383580018	1.0265975078056
0.332131984109227	0.54334239622605
-0.0274913466515847	0.0380770084700577
-0.21336780809689	0.364112590917972
-0.364603798104657	0.760689265964916
0.235827255329934	0.438138490390519
0.1357072736823	0.229762422391628
-0.0824855592330808	0.108338296803258
0.182396465291313	0.268681069096974
0.210470485249083	0.31863720759644
0.0792516629926558	0.106001270690522
0.0518465140836921	0.0726650011740284
0.0861623413451718	0.117589276646218
-0.0273135400631595	0.0355043389895692
0.240373122677749	0.41711747522916
-0.397146998820551	0.852004126718353
-0.270413728934243	0.479132881812717
-0.128883198970958	0.193683301753139
0.297213816018098	0.566381354725637
-0.0198940543531177	0.0258344446718351
0.154798530909892	0.221763994921988
-0.443594249667874	0.781647171838323
0.467964043905061	0.862866724229498
0.118967417967572	0.150698677476416
0.172661986824098	0.244815576356769
-0.438505085798185	0.839369303263259
0.102215535970741	0.15409322705634
0.447284558854758	1.09177971298843
0.0186723447087453	0.0237850713488917
0.532786044872816	0.648681699044969
-0.110600999836346	0.105477261221035
0.684373682291999	1.36442238428289
0.0108213049856035	0.011369772317278
0.463936805291553	0.911359822346737
0.288563617861447	0.425832451200291
-0.0279476989122626	0.0363587242912648
-0.00375816701743245	0.00422148730470027
0.571007510206048	1.36341392730991
0.19641775404721	0.305736461083626
0.456525667060095	0.974275717021153
-0.00375816701743245	0.00422148730470027
-0.839413839025867	2.1086117474862
-0.322031614296429	0.479098378178265
-0.331265651371976	0.475378381369208
-0.0231336179487477	0.0248165860579951
0.646213005011334	1.23700439195702
0.398359568796727	0.627099076323521
0.0800828005891894	0.0900773896279689
0.0876512188612999	0.107587269042673
-0.149681339241504	0.183178217992781
0.367474293228721	0.628774487543306
-0.4948301692932	0.926185682513042
-0.0246114812447659	0.0264340516612816
0.339470778347039	0.612587703890262
0.0678180266854067	0.0916732456990994
0.194104429826455	0.213398023713722
-0.341387970933973	0.578569677286871
0.440495704164855	0.714445919213608
0.149228882649466	0.209657640271691
-0.16937770393612	0.240891043671465
-0.401070931398114	0.576155313869726
-0.105819940963782	0.139676380007172
-0.195845526479745	0.249220611159784
-0.779904304823845	1.95117832441397
0.474682953467652	0.849563845034938
-0.302152244923461	0.448605646803596
-0.0449055494907161	0.0504129450255899
-0.507224934762501	0.86838629950162
0.528748466509296	0.88954330226215
0.336577947371686	0.378474674378454
-0.491204011028281	0.733196761009585
-0.0682191435242913	0.0764619482995471
-0.855482524582485	1.71413794210499
-0.484017744075598	0.829146055895518
0.399481454962875	0.677483330584904
0.652373014324308	1.6909059563202
0.0274322119158468	0.0345339141595717
0.133188095058779	0.201131595717125
0.199558320739275	0.315618973281558
0.160785776123583	0.198176901378467
0.334647849512083	0.566665957012668
-0.0733409795740839	0.0703786936489839
0.550946669901032	1.03661894374888
0.143650081806534	0.211591512544454
0.368580020837815	0.661875590954319
-0.34098233495905	0.542658451977782
-0.132142194095408	0.181104870301636
0.195919961352489	0.30480851751991
-0.00307158167246007	0.00329753306496113
0.163295142406632	0.291888155126091
0.086871800848459	0.118640707570601
0.439788712192579	0.712774539170006
0.247810694949011	0.289993942403355
0.427601347862075	0.854221169032447
0.0987365471298052	0.133235947524799
0.284582737319247	0.495904861883955
0.173561483679331	0.224118692186612
0.120273076688647	0.163962119123941
0.0553083166384704	0.065633192665785
0.252081323882354	0.414338038933115
0.273450656526383	0.509350455884088
0.0185138706681762	0.0235783544773814
0.238311279608845	0.365147877231039
-0.275306402459618	0.552460780755873
0.041715989471103	0.0546560661295145
-0.288222758695951	0.565017580458482
-0.494447136948241	1.07728225859242
-0.194337492625266	0.295413483159501
0.068582349277893	0.092797856289646
0.198796116497796	0.284778455189049
0.208436971318748	0.242253169432136
0.267450771128	0.34638543620445
0.0862505288787826	0.111843892686262
-0.332384395121919	0.512194616024916
0.24579516445651	0.439702773254138
-0.0571328673243676	0.05500173242387
-0.38591194836939	0.733349420395629
0.361911075049468	0.884026091075777
0.462575014089368	1.28124647459652
-0.161878187482402	0.339326554224199
0.0219921294240142	0.031154807635119
-0.209975636452836	0.386487294528128
-0.242413634603115	0.438045500119697
-0.642979967467089	1.38812357467939
-0.409846484157966	0.741343330449733
-0.20411098258832	0.338713215726521
0.259072029125094	0.498853690422296
0.0919178487603072	0.145759053197901
-0.254929920991194	0.496386037061599
0.866679501557135	2.86479474428598
0.331322471733314	0.710602464959289
-0.120215592260803	0.185227317048855
0.0637588413200314	0.0926539163602911
-0.0651663020790612	0.0909523184835212
-0.113465886385016	0.144519913562588
0.192251330110972	0.294070680256485
-0.225315016132918	0.310072819730431
0.578580840979319	0.980782058337726
-0.0510767651942142	0.0519922786123581
-0.161315724407275	0.251216331416382
0.00212486850275825	0.00276453326513908
-0.348401413781254	0.790382285445379
0.19664240380925	0.306191342294991
0.266298576401508	0.344464826556728
-0.0948589820130232	0.115912359489213
0.00952941157818878	0.0100048808167635
-0.20104013793156	0.223818808174845
-0.0379530458169608	0.0540836872416417
0.305212311992798	0.615987534622541
-0.366367761100083	0.640920537072429
-0.00622667655553233	0.00755647712670141
0.10827170760527	0.122838265319108
0.0924075477692897	0.122259904950602
0.139206544011838	0.239129527280257
-0.0936587395202395	0.123290093495555
0.31938272920312	0.465531136339666
0.293861100296947	0.450783159834962
-0.439386742511012	0.841857871410957
0.0627019685157171	0.052676337283448
0.320916673238012	0.468379317329234
0.459964651012546	0.555403619247443
-0.221614413011366	0.24590941244785
-0.50900920602229	0.672518278833543
0.00849522057267564	0.00931495160051057
-0.197738658699476	0.252169992649716
-0.0128279128860336	0.0131203002947371
0.35019298629285	0.460778754733597
0.569225045016118	1.0015519219163
0.113234189546884	0.159309010247122
0.648219329733084	1.39003225872498
0.172862589223019	0.199494958827604
0.234863456603561	0.353298102663951
-0.435457975850215	0.65001929840393
-0.0893237880990897	0.121642115931339
-0.0125982597177572	0.0147308765083169
0.192535302872203	0.294584704055181
0.422910819875982	1.01042445788228
0.110304259128927	0.154627874867914
-0.341966545208421	0.613820003834892
0.0730981524847585	0.100592852143516
0.117068891818747	0.193654442215616
0.0734240051509744	0.0963557355002714
-0.0837600026238148	0.110173048213856
0.160456247556217	0.197746836036043
-0.199369677888752	0.232944048562073
0.184011214976828	0.247996788448805
0.0538141835591547	0.0698802102799681
0.285333805430553	0.412580756813509
0.460348214669471	0.930067943825133
0.271767358936142	0.435787443057929
0.365234985491006	0.633710257310092
0.783277231334607	1.47244737854614
0.401357705739028	0.874413796665813
0.376804861698685	0.823433503260453
0.279003670413789	0.535631846885924
0.223412330091672	0.423637297981282
0.282169943284294	0.399616588168245
0.128879592989543	0.12874182892386
0.504969421736159	0.713798428186186
1.20765075081927	2.38401621966803
0.502653490202552	0.727339221009786
0.258117377623595	0.438673048071018
-0.464791659888606	1.03261867628582
0.319851704018174	0.607356564854725
0.360437800785412	0.552367880496829
0.0873505197606714	0.113418103962362
-0.151352040501815	0.192804995642457
-0.539123052591896	1.34210728389092
0.187610459568156	0.281756519268955
-0.52523849049067	0.812996437888228
0.398277967984619	0.490129631614534
-0.107138675146302	0.130933534231844
0.100774554658544	0.158313627479718
0.24271724110989	0.42737603878411
0.13157909515404	0.219344054465333
0.0475301514044689	0.0655538871501688
-0.194293121175643	0.304240250251016
-0.272720334121458	0.58226426844447
0.399284325368905	0.757776736108686
-0.200052593963426	0.348831546846236
0.535936077604637	1.47425569510442
0.254773488762132	0.42582738758589
0.161139827441464	0.269249923674996
0.1141167313581	0.152463669920433
-0.888148086551935	1.31657118129095
-0.0444459913482924	0.0402910438302794
-0.020688061499485	0.0268887067108232
-0.27933579969043	0.38563835122838
0.100427288276269	0.150969709664168
0.257826092202273	0.317805224900593
0.10986389114661	0.161548771627101
-0.156144194951156	0.289127581275902
0.0106239399869008	0.0181866526741994
-0.0958205214947181	0.166229729046819
0.0704880043069006	0.104404802434139
-0.027286764167795	0.0366328317021066
0.0772613586254282	0.12599319437142
0.192679721899079	0.294857290102037
-0.0596590636196184	0.0806404039265139
-0.0325960252846893	0.0451023809535263
0.315958963509534	0.69859590630783
-0.181044486583854	0.290461018673889
-0.380548697868219	0.704892579627007
-0.261267547731912	0.41391808259881
-0.183784213600378	0.352197236925429
0.124992475203769	0.193616422912176
0.518618467641306	1.37468809295433
0.0594839949923043	0.0786953683131988
0.852074274763193	2.17933310802618
-0.274587070458305	0.43500351032317
0.138734501308312	0.142857837432737
-0.59139653685621	0.847696554959338
-0.265073915467145	0.308798329859957
0.128093356823472	0.190047217864431
0.174389160103109	0.268821432848677
0.0136965853703526	0.0190068676979209
0.291878839333862	0.615802450679982
0.517692720927162	0.918439717110139
0.067661308568025	0.0914586871747792
0.243397546074179	0.277457625154805
0.196799125988228	0.358133012027869
-0.0700669842974616	0.100844106562096
-0.104185763122438	0.173045169713263
0.0389726509518681	0.0441521386827231
0.02868734954906	0.0281031554808191
-0.329306155396784	0.43605047486837
0.42951247029758	0.82179897611339
0.431091288786203	0.813224676485884
0.482064737593196	0.803866742144075
0.233982479080226	0.35162559602899
0.0105418103826734	0.0110747672732121
-0.275058521860964	0.257326289254006
-0.449615908973417	0.621301860536186
-0.253990371597126	0.267449837448737
0.30405957352267	0.38768362951098
-0.283156419237894	0.297656083845011
-0.160081623323397	0.169958989143225
-0.0897239994580487	0.105259658414855
0.504482384608896	0.712539713062401
0.0135503612779024	0.0135764072573654
-0.112214778093683	0.125791534238359
0.152830554040547	0.247302090341341
0.325332942491992	0.49435101958742
0.197610833389246	0.251519508227602
0.471536414224609	0.856970834769581
-0.323087075457339	0.481131117593066
0.0808642057435968	0.113620214485974
-0.5243357852617	1.0402696589147
-0.256340108662382	0.366986640099179
0.0925313518235163	0.164980122380259
0.00500857271330642	0.00570691254945402
0.505809016680438	0.957889674162109
0.278503260038815	0.534352719928542
0.380091150425266	0.964184606010298
-0.251605449975177	0.46741573677191
0.137546746945332	0.185610329697813
0.278926506644419	0.386691313934397
0.555526208548221	1.02873719723141
0.798583321181058	1.61584475236596
-0.19286941994271	0.319238177046276
0.12050713734904	0.152869373483447
0.285254580700832	0.571146691227366
0.156613845013219	0.271980517088794
0.193020780847827	0.270730241006268
0.460716895062492	0.916770328272398
0.366639358564933	0.627045208509482
0.399905221989358	0.581616393031786
0.622327816099119	1.73513763208886
0.198295160196836	0.361559208075241
0.340199636825077	0.787817995175488
0.528519233831634	1.51392378881505
0.0263384048496689	0.0353477650767277
0.336207397366704	0.377929114476064
0.397993170280091	0.464224177802517
0.235539988248754	0.437451096869489
0.284322639507448	0.568615151761214
0.305264284625268	0.511920563293521
-0.0361127069685128	0.0367750529434724
-0.084326258189991	0.135447180936725
-0.0511746487861055	0.0690427119851087
0.104854525434488	0.0980982619011691
-0.645340089841871	0.775731146756359
0.233129422704602	0.299847805610904
0.400072693585405	0.815432052269465
0.31405030693237	0.569942878825297
0.187445048299552	0.304141411065195
-0.212980439814967	0.373414782139795
-0.111529337360147	0.171511882252564
0.135581003845741	0.217494582862654
-0.0293249987861523	0.0369336817180282
-0.0417310407202348	0.0579716220585253
-0.10490328705441	0.152022864581006
-0.182163181198525	0.292701175534782
0.0889079418876345	0.102585801347225
0.102138545631565	0.104462033890839
0.120016677404504	0.163542001867897
0.13886262359391	0.187640333815536
-0.0318429174639312	0.0453616964111862
-0.24665216973046	0.327175225476281
0.588581244933463	1.48131114274588
0.0719378801141657	0.115403866726596
0.305654082834528	0.718501258766129
-0.0110044698575448	0.0151333598367067
0.047143990314037	0.0743249710152823
0.216021563060309	0.42827369530942
-0.313780617802721	0.648120285308264
-0.0975359684772324	0.132767330638051
0.361628839978358	0.575273731247742
0.323208997352426	0.751239783446481
0.615896822474444	1.90554779855128
0.10685134598255	0.14739358542055
-0.0721731499130927	0.100678585567823
-0.261545920009599	0.414461357279673
0.0845747712929586	0.131496375680306
-0.111971651659212	0.157753808864196
-0.294390794356055	0.496227046358858
0.351652695441474	0.723695243872047
0.0927516238742449	0.135221787139904
-0.111886052219857	0.157664744669044
-0.467630338482994	0.723536294125337
-0.143181390846042	0.159988243805616
0.154425038131119	0.185928668344912
-0.38744322592846	0.737500165478692
0.0292945779021706	0.0411149581935605
0.192936843265554	0.341927564113993
0.0956950730934052	0.165798131343491
0.281612725301415	0.548530694375585
0.0124240465532436	0.0144582802628633
0.236002104387233	0.402536223079766
0.169037483267718	0.255777441867004
-0.0748671821894731	0.10482175699842
-0.624428006190526	1.07213209945079
-0.387242213515803	0.737149078282827
-0.2192245451167	0.344953827387765
0.0934136826521679	0.12371298413597
-0.368853606182983	0.735772568606867
-0.145841364220744	0.170674807617121
-0.0136027176943065	0.0165248589584263
-0.138870191628924	0.214770895024839
0.13219814413144	0.17487208007911
0.0513251803335752	0.0532989819181745
0.0193871664730972	0.0247146729677926
0.135875387109034	0.218044209949792
0.18102901236556	0.347537408718914
0.563617851729868	1.54492299479816
-0.409791334069363	0.741292614706166
-0.144348254661234	0.204434359856556
-0.0767209783993133	0.0971638576363968
0.0286465762798982	0.0316258312468411
0.00547652870264996	0.00440751314847233
0.169417229809792	0.170378430063992
-0.825637559793098	1.22524200021449
-0.62946713067102	0.973998648243359
-0.258462353387337	0.315586323626988
0.315506409049777	0.441199806486199
0.0496097017761365	0.0514225997658724
0.576567035189	1.16339504884781
0.166836237075208	0.231711564318745
0.615495079609369	1.27205084441073
-0.0207072778704814	0.0277819489181849
-0.368811300825896	0.607619962607305
0.272004598552246	0.360794667324735
-0.351960005410092	0.542965508683168
-0.0878816574834024	0.102884690098306
-0.0606286666985115	0.0648913036291268
0.399108640074287	0.6647957514076
0.191033283542214	0.263258578730936
0.398903199223981	0.83369116395097
-0.341080222378267	0.577780522108842
-0.136831007651292	0.199968061094608
-0.0393377573654251	0.0561678539761986
-0.00000291526133213823	0.00000140795913468704
0.144901901827054	0.185266138609848
0.307936733372368	0.525294401862934
-0.428623701164971	0.776523669673623
0.199334556614358	0.28572558052335
0.16656040733747	0.26734041844223
0.372806632385612	0.732458245596383
0.538428165296534	1.27383275078515
0.00282539108290764	0.00345374524256842
0.451019338830385	1.03758314524825
0.0988811563652523	0.146853479343427
0.105706841316822	0.145631569920946
-0.0105889697789066	0.0113532765633983
0.0364347895240651	0.0505838917154394
-0.5465551806149	1.11293409821593
-0.150477996315539	0.191480452339873
-0.0731038695494469	0.0701203376620296
0.322255911526061	0.479748949756954
0.331932619807992	0.543126393958868
0.198119190678856	0.28356507356586
0.401436430197133	0.819172513244888
-0.0387773123871566	0.0489557459197641
-0.0379310430249676	0.0478292226431565
0.0311023810678349	0.0344243087332937
0.147172317634758	0.233843226109725
-0.161169724029274	0.250949061232093
-0.0663485895192354	0.103325754722164
0.370327915545258	0.686416748072895
-0.0935743645811834	0.123171958053961
0.692474344890657	2.38846002893979
-0.106577602621555	0.154819495780234
0.17118346165474	0.315275463935929
0.255417157776224	0.4786711487006
0.234754783586723	0.435589626684223
-0.543893705158657	1.4402338599592
-0.283663855615623	0.646346837669202
0.233762285276875	0.468189840116421
0.0628451642250346	0.0977690573456627
0.218456715750849	0.407345478668348
0.128617525769652	0.202292123817766
0.273313950994677	0.514750714722953
0.0855905520180159	0.116725923900289
-0.362416579605066	0.790352835773394
0.481184345781068	1.09043473141528
-0.250820788379338	0.498410951737616
-0.20489128528395	0.330665300973779
0.205354407479092	0.331028539126998
-0.264307300497596	0.405455037082571
0.350475419543979	0.738104419070554
-0.0677838521220251	0.0859240112694162
-0.193893346885505	0.294539318723068
-0.033950681510422	0.0470635092677646
-0.0369716020722123	0.0482282462240752
0.246197415150576	0.391337861702376
0.367975206545949	0.660626837813325
0.270152425953356	0.42599957841049
-0.0271677830091689	0.0353071721785728
0.453523501956262	1.03238291135211
-0.245762437627132	0.478174137498654
-0.200333182163267	0.349441472812435
0.0497788443688977	0.0717888422789027
0.0596852921166884	0.0853846532139114
0.0256123076532945	0.0378250047270908
0.272009292732927	0.505652926334187
0.334647849512083	0.566665957012668
0.179053593426796	0.280876009137739
0.544986528646111	0.625897696580441
0.307558495614868	0.524458443454456
0.557825534282169	1.0139334185478
0.43379213686254	0.780828920258968
0.313123325017354	0.567624752240463
0.0163370373166132	0.0220943932493676
-0.0127550828488439	0.0154779869243592
0.0811198382759218	0.108699994742126
0.647326619349952	1.23951021869058
-0.0626103066060191	0.0765305129738205
-0.196624358745468	0.280657213460251
-0.168344260097992	0.239094917706336
0.308103014559727	0.631015653365452
-0.256982145599177	0.45373764068609
0.181632821696307	0.310550971903763
-0.0687889212030556	0.0988187631886016
0.00914490094977441	0.0117627549185045
-0.00441350290186333	0.00516153743230962
0.188621752363419	0.283552913956293
-0.0774033769174972	0.117847034157905
0.564253775461717	1.37853040394736
0.0705019829641378	0.108713305844249
0.0638285560972667	0.0927629477238512
0.0874574749907561	0.119524570963097
0.451893164769592	1.02700603441693
-0.157647919316903	0.224003490548229
0.400216920915825	0.631371234257524
0.0340712763234131	0.0400671721462372
-0.0405435742279422	0.0390846145023169
0.434800816368482	0.770070099416658
-1.15120243553161	3.16378020493308
-0.0772855458699839	0.097960379102501
0.26868857346993	0.485833776815819
0.172593658797008	0.222634168013963
-0.0452065908330773	0.05077170573467
0.161282636178562	0.219468870309017
0.109047526860533	0.167635072093209
0.300466163683871	0.588776526728699
-0.196434310264153	0.270508404206757
-0.059209251761715	0.0750865306144289
-0.16605332164594	0.211626946613239
-0.0457450371393691	0.0489121936457371
0.366531023586483	0.64687014971809
0.204236153462866	0.298571098164531
0.615003000267112	1.42571199278823
-0.411840651672271	0.885084813188547
-0.50842077819332	1.0590628039473
-0.341640692674745	0.579172483603286
0.256063290118523	0.428514121475099
0.0372786951662078	0.0463506642364641
-0.300369175842413	0.492184299742477
0.144094467796818	0.198572830936866
0.215579780301671	0.332780479996438
0.0643696248655551	0.078241150155267
0.300019519805837	0.580753244007846
0.0860245491094853	0.117383432269843
0.109789239142268	0.153767053391771
-0.0517079497137988	0.0698260139669627
0.183237815913521	0.292338263385548
0.0308741012734815	0.0376393554891839
0.523279793080587	1.32435265439001
0.126616870698075	0.176140111424549
0.300895599008492	0.590040285437326
0.165578783035259	0.246443061520494
0.0875855054625452	0.107501413613986
0.239288431188967	0.414715481677887
0.336121082390282	0.587455150787076
-0.0673903913509517	0.0853695562635837
-0.910928367508428	1.61230367145665
0.146207735311516	0.171539908760762
0.187619680630071	0.281736737584931
0.026315702839002	0.0302735494430724
0.010384146671324	0.0155082494610879
0.0746182108176208	0.1075883819927
0.343762348388012	0.640817888527625
-0.219446964551805	0.345430057852464
-0.352443658949641	0.882267110521491
-0.208510057326002	0.392733588614858
0.402153383004489	0.954704467439411
-0.204721675720252	0.310719855005795
0.0499072399020436	0.0668005238410497
0.0843380395789325	0.141315194850577
-0.0772640117280839	0.133068269074595
0.400595389111919	1.0260462910218
0.269681327008468	0.614829672351652
-0.166009996122532	0.315753774672754
-0.668438585222486	1.83259285085071
0.5137058830246	1.38918247658716
-0.754949488664899	2.08635384184
-0.0270585279602903	0.0374572202041266
-0.0940224889146189	0.14392725687081
-0.490141430998721	1.18925416369936
0.243601222563688	0.429513969566959
-0.0200557158360149	0.0252015143214774
0.184691438540699	0.272722639962558
-0.161807894166632	0.265980556185796
-0.00363555509374613	0.00440842003483388
-0.300705117644245	0.591598012735327
-0.0335811526561633	0.0450775723203311
0.125484048713164	0.194494952808848
-0.0335514139498744	0.0376691954654395
-0.527244996071869	1.07422341568123
0.608278246178989	1.44739342704004
0.0144926573614479	0.0206877456400659
-0.0337623393312149	0.0519601437385419
-0.180952885517122	0.330069293096426
0.311952355873958	0.656681335097888
0.139851150760341	0.240456956346961
0.382155884074803	0.972103856904976
0.508445355556483	1.40031132416162
-0.302984592915389	0.525839455058551
-0.114130631324805	0.165666879041652
0.650622512915555	1.06971965910598
0.0630157319275772	0.0529567862040579
0.459066819978475	0.553797719088154
0.361056057308779	0.563637232024646
-0.081898082020626	0.0918028926948112
0.308733276622888	0.534819912136147
0.0709476090815142	0.088061318751793
0.430727675416229	0.812195789188029
-0.0699274912838476	0.100626573607333
0.0105848860838179	0.0132026075389399
0.365258488124261	0.593212039579839
0.065668568304646	0.084348502435399
0.0974184807865287	0.144371308824821
-0.730699225002464	2.01299676734886
0.149183165616208	0.223849661994243
-0.160197442780511	0.1786366850894
0.0122474742692939	0.0147899212532429
-0.0651991614442392	0.0764723970064893
-0.102041221822036	0.143554831591097
0.0196952091491139	0.0293323921087171
0.0531043745397094	0.068910752209547
0.177728933699684	0.316480649728255
-0.443263575935909	1.04646242697875
-0.596152005016355	1.46849663034606
0.0384712964068536	0.0435576873358467
-0.0787055770386609	0.0999299207493294
0.424407045534467	1.05235066210989
0.02848114131684	0.0436979035257427
-0.270552631575214	0.553959253530782
0.605471766869107	1.77385826210459
-0.659671405151043	1.5647931482301
0.476647699731747	1.13417787176945
0.036742861057806	0.0473147618890224
0.494715741994856	0.747106102796044
-0.318191162192689	0.553640033933288
-0.223844334476264	0.248973360544749
0.361829419702073	0.55515141354621
0.131113889631742	0.160086099090183
-0.0236577548479189	0.0277239632445954
-0.477496130651971	1.03861221951971
0.0865069353915694	0.112228442145557
0.12341941317983	0.179978375455342
-0.0434772873483919	0.0509879228390382
0.539036225332357	1.46921573259011
0.153547686191233	0.234319223628599
-0.348731687745214	0.60839979406626
-0.594990756332413	1.37274434100709
0.192520179073446	0.26979780406057
0.294863790787587	0.546939269971373
-0.279228673505354	0.469433111708456
0.0121783860717731	0.0147054984068151
0.279534111167562	0.543263705245564
0.202089428898139	0.294730503883252
0.195797613327222	0.304314460171391
0.353515998163456	0.765436447986524
0.0304577990585766	0.0371134706253983
-0.0537116851107934	0.0769581256538035
-0.3312141664983	0.607311557511587
-0.00236666962622069	0.00254162224238938
0.661425938550994	1.22493287145984
-0.616328854642629	1.39205847480316
-0.214797784499218	0.356893155364119
0.0567569968031941	0.0808672101342628
0.347237028824635	0.684848240141629
-0.0194902835103561	0.0269117780760161
-0.0390594369790079	0.0493270229257997
0.132313635169066	0.161754638309787
0.23149665532429	0.49991377559092
0.33751185671228	0.770829271653407
0.0927664692939467	0.122787717831394
-0.169861363554558	0.26437157509737
0.128305475112178	0.190417638887372
0.0150512888148226	0.020323341665839
-0.0685815903617338	0.0928386518979838
0.0813037218125837	0.085113128456926
0.0679054346166112	0.0632146522545232
0.35599994752088	0.502366431029197
0.638255867622299	0.736274576951205
0.336948472979193	0.378999690366075
0.483293617023806	0.789981928753746
0.459558483734082	0.927678937175252
0.118599037765004	0.150170603124313
-0.0886865406381328	0.112596881059358
0.275083024229526	0.372979634062914
0.963806498392138	2.36419430791165
0.159221619592643	0.294659792853149
0.0751836719099933	0.113183321149549
0.226737250177901	0.402660170872954
-0.121352901003403	0.207527118263059
-0.0861502948789658	0.13163255962697
-0.292595688732242	0.602520722584117
-0.552914504745398	1.24121975834393
0.0102312096971607	0.0131736576271455
0.153043235612922	0.247730575112536
-0.364892851642322	0.761532739865272
0.371795379073069	0.699978762477425
0.154440973428638	0.235919477416269
0.236040022261235	0.397646909615346
0.325977765475962	0.654997161031464
-0.20340832457771	0.317989079140899
0.179429629741982	0.281580381997306
0.15954915160077	0.280973968821992
0.338704758928057	0.791257896475792
0.340264955938287	0.614786896923847
0.514513800809942	0.928351167772502
0.687304820078953	1.50687893677961
-0.278541045794833	0.507054701281352
0.771554521802143	2.17671161369638
-0.243505443955876	0.335963616834672
0.508603500975016	1.17693907714758
-0.1627893581905	0.274760439705183
0.638144776138887	1.70673119338535
-0.319701938810461	0.586944068892974
0.048995784869761	0.0705857678865127
-0.092011147434394	0.129137579979551
0.0232178487596512	0.0310449403584897
0.129477160072406	0.203900115547479
-0.00637475787738304	0.00925085339030061
-0.450304360508819	1.01896236125982
0.336479863411994	0.579567499380818
0.513763913790835	1.14464835769722
0.250264157044564	0.505084983057268
-0.228965033226925	0.371116315879868
0.0466384638454814	0.0642428346558341
-0.285937744035438	0.468169080868496
0.149645934370995	0.195202238912084
0.292016756340843	0.447028257704305
-0.163449535805972	0.199651205279818
0.139087642225235	0.187985778444849
0.0737134225956584	0.096760050812612
0.115239069857004	0.154158194851139
0.196008417162091	0.32887562776463
0.238899829092422	0.366254040719675
0.186670899009895	0.17063256849897
0.236443357728484	0.261871289919581
0.0470651373048762	0.0380288962479518
0.681101202681281	0.887023393579407
0.396949043261846	0.449781947054726
0.137044533321141	0.124680420098962
-0.227791796200899	0.24043436710435
-0.158258944630755	0.159159571764721
0.299548234871318	0.254341438833181
-0.223472621591032	0.248489864938114
0.400348202127349	0.643747242427715
0.317450527673568	0.453348520484519
0.0338633054637056	0.0398253724621956
0.429077449707936	0.871236453014311
-0.390310198669426	0.856942641456165
-0.33341398981927	0.613142680037254
0.21965345709763	0.377852611147802
-0.108744301705448	0.162540155583545
-0.0670046866825754	0.0848554209282533
-0.653496927126327	1.68606665076676
-0.100294758512998	0.149710656217299
0.286872164972829	0.50769055566316
-0.0809847813418387	0.113157531888687
0.165578783035259	0.246443061520494
-0.0129618335053006	0.0157356649054995
0.247845573043252	0.444386372612982
0.139696504275495	0.202288689873488
0.111505657517099	0.156546286915616
0.248626315393514	0.495506426693271
0.177339838249209	0.277567783242756
-0.48942029322341	1.01771653752823
0.118086712934466	0.169123000097158
0.209819786061451	0.404550497625879
-0.468167789868175	0.948071760629429
0.0461708213636858	0.0587269829038726
-0.131193381024767	0.179603203303381
-0.417538961198765	0.713088578251237
-0.0119146676293464	0.0149508706974835
0.0429924357536187	0.0517714694413202
-0.496065740904248	0.767966300276144
0.324826596899007	0.49340746904209
-0.00185295298965416	0.00208723059074622
0.0342791559484575	0.0403329727980028
0.300435349330229	0.373506636865521
-0.00256730190530984	0.00275677067029286
0.203166761019135	0.230038541618377
-0.0754566679336496	0.0807476295154778
0.22727415716984	0.285270146734445
-0.258308551791503	0.315303106641711
0.509844165820542	0.704547800627785
-0.241525544456949	0.281693013893141
0.118198260319257	0.149558903492233
0.359345418638601	0.539867227591191
0.399741983457113	0.581327169504259
0.021810019407715	0.025980324824666
0.323797196091389	0.633127444110159
0.640835950150963	1.39170772672556
0.263938598513486	0.462905401953686
0.198727314945036	0.253199593032922
0.0427677355436903	0.0514877009377376
0.148148515617925	0.235650385609395
0.593636740172129	1.64313872714042
-0.19707110468546	0.271558718932145
-0.179747334159068	0.200269420073731
-1.02361508968928	2.10490317049637
1.0427991101232	1.37662632101086
0.384974634576334	0.298064842417503
0.0727351634139521	0.0485183609143514
-1.15688193881825	1.05114890273836
-0.147910597988962	0.113005296853886
0.904692808140841	1.91610096795807
-0.0530493371268619	0.0621496150117532
-0.0423400746258204	0.0569946043291916
0.242057970467602	0.420899320148707
0.0336381670871651	0.0395498647803529
0.158266721893583	0.15397426603462
0.16846148256832	0.169274308254824
0.393259358896398	0.377794374234029
0.434643071074475	0.756007162176421
-0.0320454077700023	0.0456599996546966
0.245302564460187	0.620136951883463
0.0176751210633494	0.0296937947780464
0.286326478508535	0.573901300363059
0.01932026963906	0.0280300461591421
-0.181709582711154	0.231737277887166
0.0258114235160389	0.0371101260235228
-0.0993271101414106	0.13549757769596
-0.0884789050231928	0.0944049353235626
0.000187192063066112	0.000187106292016123
-0.0549359746209618	0.0527606756069
0.0478700853404488	0.0555572401692545
-0.955374132129504	2.02134216985332
-0.065623720250693	0.0666630717325151
-0.0911149267717365	0.146558693939616
0.373327622706802	0.743779988665791
-0.192332439916665	0.300494830649879
-0.745986030973263	1.44997873612234
-0.197699772483703	0.252102612226715
0.168584556205641	0.234571792749948
-0.0922365976147951	0.129485687351435
0.687145819234083	1.20625876892573
-0.730395525990042	1.54335248274879
0.0432171227399922	0.0520548252683257
-0.0513392045032637	0.0626543139761004
0.0921932012167885	0.121942113787169
0.114064082287168	0.152381161264548
0.103273568762237	0.191491143050341
-0.00673820940904221	0.0104967862003751
0.000711472954492938	0.00113412305225513
-0.308651177814571	0.520825009032486
-0.306707086574657	0.4065480357795
-0.624563373719755	1.07243872135404
0.241025581368913	0.375692868171367
0.254670199452528	0.306452002483707
0.525194633375625	0.899799837389677
0.160969321301903	0.218950614430761
0.153306419943253	0.184364044465988
-0.672008377854545	0.999138856607396
0.0736137463770052	0.10136404872157
0.0932700004642151	0.123521176513119
-0.0419989352298579	0.0565082240110492
-0.0860197055903249	0.151850760647691
0.12560547212384	0.234367222068128
0.0241037370639875	0.0248328478754837
0.353479733133124	0.476951428396414
0.33069622843288	0.540479464263028
-0.264809607815793	0.40643349940751
0.00203541980154466	0.00187358430093033
0.337359908498897	0.379540342766644
1.45580526470427	1.74847571771077
-0.335979871866386	0.246016647550902
0.755272543605672	0.701684643160914
0.249890684094212	0.164841428016307
-0.021838358944776	0.0123995471849124
0.0450562681728773	0.0283645964564086
-0.716547219812701	0.480738406491479
-0.0898199720124256	0.0568827386092161
-0.33659176112135	0.246584127201005
-0.457011545168822	0.417095378284032
-0.111518276324886	0.106457929133808
-0.0353252892943691	0.0278386518939506
0.0794714532521284	0.0893376813829346
0.344271469507343	0.65951785435789
-0.130631791141341	0.178716683533147
0.540616727279674	0.858022817643643
0.335251586285927	0.576754435421473
0.228672158605443	0.372615855319182
0.0883072818880993	0.101824439350926
0.538457190183875	0.637137811620766
0.580481687106241	0.789543936540686
0.0573332802059471	0.0719904429419132
0.18008239147442	0.304031604076639
0.223673703919772	0.357817641879903
0.427585627192878	0.9037306331814
-0.0287183190088543	0.0452377244095856
-0.181270371682356	0.323005556341034
0.347856686054687	0.897424041191028
0.321859025498023	0.762045987572588
0.245226840918659	0.528177330981109
-0.0138499270807174	0.0191118457991855
0.318333484061689	0.595787037581558
0.156008279586571	0.284689167810001
0.212250292624509	0.384320736039886
0.229842900789293	0.414389903418177
0.102809916636849	0.105215123588883
0.0476016626273091	0.0552301159793633
-0.285491640287029	0.46722887706025
-0.272643451259975	0.347216965564397
0.271034049631437	0.359164908791811
0.0223514146768004	0.0187015569610237
0.0191250539776965	0.0171098197348998
0.865976598539356	1.3314931043328
0.186410651183089	0.170353400354096
0.329674013840004	0.520635509254755
0.187918446515474	0.258205234764657
0.0755364737683624	0.0585606145253703
-0.592638245083176	0.607186579346068
0.010547357228879	0.00706213914739986
-0.232365529655534	0.231768587251637
0.136574239381372	0.124199388666156
0.261619601719882	0.182900353819704
-0.0901363823601788	0.057099164686356
0.605323596945613	0.561673276723762
0.471733027101641	0.505798245967854
0.24502511751667	0.22505743191662
0.0633855509929181	0.0532812828255986
0.627210083699819	1.09219259829828
0.508047912436974	0.946116567123065
0.709702557633397	1.34732180631867
0.272044116879295	0.436335653621594
0.177656038616909	0.234092435391324
-0.511174857611223	0.676388733668482
0.187121748684861	0.227331080589503
0.325977765475962	0.654997161031464
0.0185267472337048	0.023595925892485
-0.35536656216214	0.328912387009731
0.262186697938186	0.183340850708768
0.845668257023243	0.518189682168016
-0.329626243728322	0.189153278119227
-0.402242200878995	0.369666753707457
0.104390856964923	0.126318115883304
0.0337247287956479	0.0396552377079831
-0.000389366190323662	0.000398975689774564
0.195775540323378	0.30451988923804
0.340050306522852	0.614280550465803
-0.0361930816242349	0.0368597421157906
-0.210477594595148	0.198562003655507
-0.350525946043238	0.366947926706935
0.147556400487751	0.138843513929277
0.325739671231691	0.333940579964917
0.0961804998373876	0.148690490968315
0.0607391116850363	0.100133263867486
-0.568938077823306	1.83023543146516
-0.199642265112366	0.357134291739561
-0.439228933653725	0.841456094292292
-0.0893187194910148	0.0953747941269794
-0.294273866470506	0.496024578653681
0.330607403785569	0.531522352354375
-0.141201910397905	0.150263563605076
0.272593790108484	0.286579490552798
-0.455659808840446	0.654670557633009
-0.403288437001444	0.708369978908612
0.186368793238209	0.199073109131794
0.253658057385151	0.363563187785091
-0.226241660313297	0.438154889117718
0.221819762619111	0.387089775441484
0.0851360781299172	0.12158468072755
-0.00165905999201828	0.00178402260491085
-0.13810544304994	0.175947762340737
-0.321323130770733	0.444367534989808
0.775521745907308	1.61852268799091
0.359302897109797	0.539738945904912
-0.357209440018152	0.642125248395203
-0.44175940120423	0.683170784702939
-0.170561438960578	0.234838968333712
0.0483077391538257	0.0615755205642494
-0.617854852195212	1.36461227593795
0.0563334168983967	0.0860263793421928
-0.438735430898067	1.01237537865429
0.296219313154273	0.557083687578703
-0.130105655840413	0.177841439397817
0.435355742454551	0.757535940508133
-0.0242408957019723	0.0247482284763937
-0.539866610998905	0.985004769315769
0.17968493423413	0.212758927748544
-0.370920246757961	0.471253628661845
0.508481413387298	0.947811854793354
0.286598570209485	0.506978749660125
0.316494521766436	0.442988525273808
0.160637890995896	0.198008009020095
0.185996707524428	0.198600326445638
-0.396532110848859	0.675611004824889
0.0514230036869044	0.0633416802878503
0.00216162550862862	0.0027288270468871
-0.173097815612985	0.329750561369877
0.0252265774699797	0.0403521203075607
0.548874188422609	1.4158678138454
0.138999389507656	0.159034930791976
0.528458695280856	0.888832875093303
0.864802819496932	1.76171692016472
0.314060407779019	0.430022338012941
1.13871614130467	1.41585340673291
0.201466783751996	0.156311618892982
-0.0213755706967055	0.0121420683288671
0.393578345233114	0.378149084851624
-0.404227513280514	0.29172931532976
-0.363064022973319	0.288732485677411
0.487672929849231	0.451591481931451
-0.51185235973657	0.431226786495319
-0.904890536532444	0.78568861884071
0.394009888373982	0.392586747540094
0.0536525055848153	0.0482513737172253
0.464881046057771	0.530290050916535
-0.253908695373024	0.376877843888252
-0.289087317432279	0.458051132882911
0.0795278654837775	0.111550880985016
0.433772726545862	0.794100129371365
0.504002950395431	0.969958872712307
0.161131773378614	0.26929242771534
0.148084382775156	0.262391868703004
0.00934708225094673	0.0123996300539317
-0.0276119288283499	0.0346922375346421
0.0856534218767264	0.133370866141722
0.00827482980350154	0.0116056137023942
0.0230034815490392	0.0307489999848773
-0.0698484070818301	0.100487935506501
-0.171908576192282	0.290732001152508
0.122834805355089	0.198346071838116
0.372969829806561	0.742797051898946
0.139080406943044	0.159145783914502
0.179406422627943	0.236832668742888
0.134313843412156	0.20311537567134
-0.0310488833350844	0.0377859269295322
-0.484753906608713	0.830784524753103
-0.100155339689678	0.101483530308832
0.163096565813365	0.138006543599642
0.0558442468716762	0.0413509371476133
0.745304443754557	1.02900838340807
0.22123118755233	0.230631830679745
0.261529146313966	0.257994368463647
0.391079845216664	0.347090835432565
-0.186263172800575	0.113446529586672
0.483028034187283	0.465234881416087
1.29303568145308	2.6099701140338
0.144901901827054	0.185266138609848
0.0959190655327643	0.12049402868359
0.275170570903962	0.37294817984696
0.263419214969612	0.33318036256643
0.091104882236392	0.126505154844596
-0.0643967801296658	0.0754611665902308
0.132928733984627	0.103136757987609
0.899373467107769	1.18377843894805
0.156110922618433	0.170420291399852
0.0855038790989891	0.110794129904695
-0.0232242942857844	0.0249159905629905
0.125190549757998	0.161997785475213
-0.416840106337984	0.711459714353393
-0.154838168615608	0.212368475014615
-0.623459480903193	1.06940424194214
-0.0717812722291964	0.0605185346528655
-0.33174179312026	0.476203800549314
0.0888592193394088	0.102523310218688
-0.101133838092766	0.167176217723352
0.137883084770333	0.21179656575324
-0.130811147862256	0.234468293652592
0.229271394220117	0.413151655402173
-0.0221277755130306	0.0269072893013573
-0.516339005624886	1.17847633835161
0.556765516540058	1.38902457641524
0.400012200173178	0.725362627890289
0.060634765906685	0.080334732909569
0.230239122384704	0.380637159051828
0.349084520598134	0.707647299272289
0.311779813329169	0.556913295427279
-0.300676760938704	0.492866998625531
-0.216373720553327	0.407455599981323
-0.0940753704594347	0.13579238882064
0.038064599332941	0.0529702538776764
0.205057210322276	0.35992604902773
-0.072545376329423	0.101245204003515
-0.621265435397138	1.30813941959885
0.260998577838859	0.450702794264017
-0.204650426627326	0.330267603000591
-0.0446058630507569	0.0582139085341064
0.373095003304527	0.733265086884875
-0.0264230037304335	0.0354213380393807
0.0854182523825061	0.110672331659523
0.175038882785148	0.290389059322275
0.203696474903222	0.356767988537976
0.197353894177461	0.307539728588357
-0.324172716262012	0.516025555690915
-0.116338802445053	0.169341248615292
-0.258262347530577	0.456673149154932
0.142650461508965	0.209852809111397
-0.257644862880228	0.420379753603134
0.237276960048553	0.405374385459699
0.398985780281185	0.768022512329652
0.0664496694192914	0.0854318276328932
0.313935854470731	0.562053369068528
0.0854394572604153	0.116471933319021
-0.160522084549866	0.24287191965862
0.426785752103174	0.913539536146737
0.279036557852639	0.541852723017921
-0.0205125738198744	0.0266568969605563
-0.130165350884646	0.201136092221104
0.0711471820061768	0.109804771868158
-0.199650154983026	0.366309263172212
0.0355089973638696	0.04182941109736
0.095895572453641	0.113224190622422
0.260770102219115	0.388904557797186
0.489815156809264	0.771272293617288
-0.168829488949861	0.232105447102856
0.0944163663723199	0.118428458847356
0.237864487009329	0.263731783042147
0.13782227519563	0.141869289217999
0.242957347102069	0.276850763604786
-0.333410975027359	0.288195912287778
0.132972256327532	0.103168823954466
-0.0126293108328597	0.0115271378597982
0.395596114141819	0.421705090324716
0.554795967994666	0.826156343617468
1.17879052813724	2.06069307509716
-0.49942708483583	0.604100911686907
0.928959843281311	1.63575178893538
-0.304863592849036	0.371277755935104
0.275535718361185	0.37375269268971
-0.549270680283997	1.1486690547049
0.102025091768074	0.130866675306679
-0.207997770215022	0.31712994139971
0.0256739516899774	0.0344251330017448
0.668420514764983	1.37319701918601
0.168065924129588	0.23378356168155
-0.00521350557781038	0.00632440531397323
0.244184645500487	0.335190374944223
0.000837097545726943	0.00109411351911345
-0.466366594428204	0.942990712488694
0.181927876228036	0.267865004452982
-0.324968275148859	0.517777641291765
0.223310243306212	0.357079019807477
0.295991672256391	0.549546986273525
0.246721142708476	0.441884635307578
-0.298779975889157	0.488597936855954
0.61012415331779	1.27908972552792
0.099228668122445	0.134013071477193
0.307175579151938	0.401112785281539
-0.308129021735663	0.409109770479121
0.186588544644979	0.199347934490715
0.0613621716431077	0.0654922778781934
0.236304898185521	0.310659932921437
0.131129409538283	0.146142273626839
0.527922173379616	0.887543986567708
0.204838620910111	0.330118891334335
0.0713367090235441	0.078216609601843
0.171125667827089	0.197139973256273
-0.222881581951664	0.2476952026715
0.0210663677654672	0.0176087060059183
0.513597833361692	0.693122410240237
0.137928151459747	0.186123898476161
0.429669513086294	0.84788976995607
0.0640248254355855	0.0777634129594202
0.229820467211882	0.338790561031687
-0.144154020129569	0.161224978380167
0.541518247675935	0.859978111261281
0.444399649727757	0.694231835937933
0.137945082481388	0.186234601213062
0.03485072335008	0.0482775749388819
0.0429343410502151	0.0563390505158191
-0.101737138195934	0.155900823345494
0.614552380450976	1.4240160378827
-0.132554816794572	0.187272230755909
0.2717311304014	0.504954740023444
0.3692633022298	0.673772946958164
-0.645992255922219	1.32464501816067
-0.431448256702252	0.71392081369809
0.161374947111383	0.219612608307079
-0.469968252905597	0.854384945640426
0.351441053641302	0.723138051064441
0.0748852209822705	0.103280496442689
0.0524633868209998	0.0680244086781745
-0.00685965850927119	0.00916819743792515
0.216044526343052	0.333648660386394
0.400504065994486	0.738062849054382
-0.423026845124787	0.891054510295371
-0.450874065199299	1.02090278933013
0.0543925019629915	0.0706940711686239
0.427339363790718	0.890759857214931
-0.144493222573755	0.204682890040941
0.0970477590062857	0.143789955833653
-0.016636883126185	0.0221988161819461
0.11051813348283	0.154977984107278
-0.0713894218106677	0.0969779604726052
-1.0734105531652	3.07382269559817
-0.0673672425874518	0.0853551761981642
-0.20665741621451	0.314532111646617
0.488239359458116	1.03747344499714
0.227024274086601	0.369293803618992
-0.0931821405148233	0.122595064776549
-0.0488457729525494	0.0617962584623207
0.332157055248903	0.552375909475198
-0.23528750640727	0.402731605355431
-0.0449713871601413	0.0504955698712853
-0.131664898345344	0.180363157800651
0.164149815830939	0.243901208238773
-0.0578499225673951	0.0732535969197873
0.165729152797794	0.246667674379313
-0.00577787245031317	0.00701026605597022
0.76655847158849	2.30555491884381
-0.0695739683528343	0.100062169195253
0.308944687784776	0.535253365652135
0.379187443506125	0.901777031273265
-0.0773721905558368	0.111406495273108
0.163481985196273	0.292181053087251
0.195016893504345	0.326832262515767
-0.0243117975895044	0.0285061275243849
0.338509909191058	0.601761008234462
0.218811758885777	0.343529634992294
-0.513169104035303	0.908023425275843
0.147467926393595	0.220801047941212
0.549048749993083	0.835047757450151
0.209700393972496	0.243909171610661
-0.0529559095813769	0.0340462692923008
-0.183516033701432	0.151097831921735
0.887930103359556	1.33488830703545
0.479058348411714	0.479176240711399
-0.655147924471353	0.707825131463462
0.393485895911222	0.391912131095853
-0.416881808428828	0.408232196445356
-0.515078084539427	0.710600813605189
0.387119366146955	0.31454185152553
0.0805755424153832	0.0906623511821444
-0.0740347260667037	0.0791186685465154
-0.214681646311251	0.273721212179366
0.476954399325595	0.839575221523203
-0.146372885916357	0.171387778941241
0.0815330363698065	0.109316197402506
0.13381125271915	0.202223322166502
0.130978253034688	0.159847067020203
-0.195838090810322	0.288879933670779
0.0648202513247395	0.0788283790186041
0.304503115683542	0.510218224498378
0.265888004635215	0.411290303424131
0.293992970582149	0.450746193736959
0.132313635169066	0.161754638309787
0.291821757295287	0.439388825884964
-0.0188080341361911	0.024388138233444
0.312426962003361	0.558537475934838
0.0514230036869044	0.0633416802878503
0.0398587597276026	0.0497110669599411
0.208405276392587	0.341389354241848
0.368317856053175	0.681332294167263
0.12395288945714	0.108705230350429
0.00562150132107874	0.00452330325241786
-0.0107322145077817	0.0109625028819862
-0.132197971781556	0.125753600776023
0.552113677868113	0.614453825709668
0.274885867134652	0.448625073377837
0.256395239975715	0.434783430160193
-0.0121820185856325	0.0142384123372399
0.0409291763347441	0.041319802525298
0.0395105472414026	0.044789985086379
0.348444133159738	0.447517894704989
0.458991917070511	0.954059668680652
0.431794785820784	0.827987828913931
0.199391410576974	0.339812693607275
0.167908572706045	0.233432388688881
-0.0416072775270382	0.055921837257612
0.178016178274553	0.25746448157995
-0.0872006596092578	0.118438883118507
-0.184414950987434	0.305250104304863
-0.0983972451110915	0.134086374119531
0.301892373382882	0.497044325925914
-0.384589377692924	0.824495208860102
-0.416495372313903	0.916956668829995
-0.371315636670061	0.705182043027687
-0.166783175280287	0.212723516700655
0.500270294475814	0.976414388951641
0.657253998767491	1.82729687254686
0.0349554353580239	0.0499243071393841
0.0860931273846399	0.128678205792788
0.0262133294565553	0.0340739995310233
-0.0207237880370893	0.0269376703198184
-0.182033590976526	0.29243455602476
0.0151902864798542	0.0205139429961073
-0.0988677482736131	0.147298731014661
-0.437639817408221	0.747703003821221
-0.426751626564106	0.837948913432632
-0.524112441056529	1.03962232390971
-0.0958644582360849	0.117276800474417
-0.181272533210712	0.221702115756118
-0.267330909810285	0.396056237895141
0.270116574256051	0.425979652563744
0.243299735160475	0.471517392615231
-0.0687149914822371	0.0987085551002438
0.371299724278107	0.698726265578701
-0.12631930264494	0.184223287917155
-0.103898343427801	0.136824132909878
-0.239032539342163	0.399065513911802
-0.0555304489339977	0.0622471313944413
-0.246622879124437	0.389889963029637
0.369349679502224	0.673964769187218
0.0352502786138344	0.0453109964571904
0.653762596437814	1.83681369949593
-0.048542567028142	0.061407719399721
0.246272533092885	0.440704670367468
-0.343776261507569	0.763595392186095
0.15082531410447	0.243367612472603
-0.00491590014480127	0.00616529826018956
-0.102960171462578	0.158058531971553
0.0497164604846415	0.0716948362779802
-0.0325459229367412	0.0381103271792132
0.131951594303504	0.187041073543689
0.502391717474886	0.965412432861273
0.322306240753691	0.470945890673671
0.288949777497544	0.331825196915554
-0.347139326458554	0.40282586742428
-0.552479831651242	0.791649495036971
0.148026782100339	0.120026579708403
0.581008601644205	0.790366979154974
0.0781646238274256	0.0681836680999985
0.266144267130344	0.271024363591161
-0.064327744039593	0.0582010862561666
0.531307059179022	0.646216868263682
-0.308413977295726	0.247620701039942
-0.279796667641667	0.34092032149872
0.253695020347573	0.305016702456643
-0.539866610998905	0.985004769315769
0.323319094182842	0.481806696553753
-0.163628874569387	0.199908488185509
0.199145200451269	0.285384578775656
0.568997161686924	1.35674069911351
0.22727827208303	0.329079956048216
-0.62069535363636	1.2036073458593
-0.294545646444518	0.496696263327477
0.791554960869475	1.89945583819303
0.21543531475678	0.332512258067036
-0.00367027741220449	0.00459989338757386
0.188105782735903	0.305402173335479
0.179279624354651	0.212168005971182
0.222012742889546	0.314753389347867
0.0431645801294993	0.0519871764529248
0.276630732629108	0.375548280417992
-0.427367205106043	0.614052251459617
0.449469556066243	0.630229364027656
0.521423930847796	0.669225727811183
0.517456140034979	0.681371014804997
0.221946078642535	0.314658429447827
0.22995876526387	0.33904566717979
0.452954393449637	0.606121398209152
0.336520136542565	0.378406958992029
0.317046245894486	0.584894716949843
0.196313317099904	0.329488479584829
-0.0131243858110224	0.0186118664988332
0.667604721899262	1.82008401035896
0.374841843127174	0.807199038028222
-0.14640383778742	0.214079605370688
0.04886148776732	0.0653056795515976
0.110710329033477	0.162965589145099
-0.0376014979654882	0.0383473108232119
-0.391057965442771	0.539841608376604
-0.00037914069977407	0.000388797032734498
-0.474492851414918	0.887741967040718
-0.16863742273094	0.231773501934358
0.147467926393595	0.220801047941212
0.298678849583829	0.475321734487336
0.164503086654637	0.244543921371537
-0.409736070705595	0.741167825042443
0.0982221053380991	0.132474017057186
0.132475046561158	0.175283946669641
0.283003027773806	0.401088961484704
0.398514021876221	0.686844951379872
0.709329696559338	1.34625282103751
-0.128732121289614	0.170200081617834
-0.0567738920132466	0.0717879122569273
0.173198512633075	0.245736153860846
0.591724125562821	1.47305898893235
0.209042529326686	0.342688160034944
-0.00579485325474043	0.00750606832663143
-0.213906622750557	0.355037685964329
0.219356978181406	0.413722922219483
-0.168791464353295	0.239881001785403
-0.0122440299082981	0.0131450361030162
0.0726268158645059	0.090319256175447
-0.0525999600583595	0.0642717135539705
-0.149442335138636	0.182792603522644
0.093726416572156	0.117447956442209
-0.504075796504283	0.835857580403281
0.169540416216941	0.256704033733779
0.433042668228315	0.805261742620215
-0.0562198932885505	0.0630692407058931
-0.0677180733150032	0.0758510636839212
0.25389378778448	0.363953471639446
-0.0645961936488759	0.0757159442046533
0.712376533063678	1.49850272875579
0.124967049618607	0.173462211319235
0.180084313131329	0.304030244752763
0.400215092508435	0.725633792309407
-0.0426091553651773	0.0499206338226242
-0.250865666946646	0.384893807991058
0.165573300344934	0.246417108970461
-0.0339005245654355	0.0363020085145929
0.235327447481172	0.30904951304662
0.0993624315103405	0.109793331481298
0.236116218139536	0.208670703969673
0.483750002718016	0.466068682618303
-0.93376266579541	1.27113631962799
1.01806063574197	0.896604324555969
-0.0846511742665918	0.0657585337506991
-0.501664424893466	0.390314755603148
-0.513090340540153	0.432693818985329
-0.051522577303479	0.0331196292547175
0.11539089670569	0.0853974967130506
0.392493338238876	0.376872541375464
-0.365175292331297	0.402792747498135
0.0201744745974172	0.0180551257576044
0.110592478582948	0.11627215609727
-0.080975148160839	0.0906713963090157
-0.324663011056044	0.517157391025636
-0.169601323732691	0.248939879014654
-0.298027497274539	0.458876668349182
0.036495264793566	0.0430327704382496
0.257084112656648	0.375888891528636
-0.0643552505723335	0.0652693343578838
0.351016718658068	0.462257974411411
0.259619398477316	0.320541796361938
0.711857112017395	1.3521500580829
0.432232627568804	0.816331716581922
0.0654718398818372	0.0953626983589212
-0.13236427616366	0.210393974599995
0.738489297020436	2.04414080025535
-0.084415804900223	0.111142432619665
-0.132331561194503	0.125841599555569
0.183603282593328	0.2708560803871
-0.293980078206358	0.564114601525647
0.0640236399033631	0.0997435925226048
0.261010594061595	0.503727252693701
-0.0434195841881955	0.0618036251224199
-0.123995460193751	0.175399581583232
0.0602691486423217	0.0798184077152806
-0.377624837979865	0.736112527083738
-0.346783120493715	0.671758860853727
0.217840904861223	0.302691038185827
-0.0913134838208479	0.097663204489819
-0.291845187183114	0.418469013465289
-0.108445625626332	0.132715097520855
-0.260354761386245	0.359065326010285
-0.109161327230281	0.149054610926761
0.209422234774732	0.373729951218438
0.369934391293252	0.695388056177431
0.342472667735241	0.63765609590678
-0.0776169796593535	0.0984245629131935
-0.0135696476317101	0.0152481596077702
0.521968090019448	1.11991813339258
-0.0535524607554986	0.0700099279541288
0.139725249038033	0.174902673327963
-0.0302935396791384	0.0368277099090074
0.455952698187777	0.972494787007536
0.118298467162028	0.14971801956482
0.217797160173327	0.341376058205193
0.427837268446032	0.879933043066329
0.311801342193652	0.549428744955402
0.179653608915496	0.303148944308982
0.00279582664769237	0.00352821857024232
-0.239681464803659	0.400448776555874
0.0746069902259945	0.102860489511832
-0.0724555224385488	0.0885372922510547
0.27066111996946	0.433331345335017
0.0798928234697734	0.0898566274122653
0.104963114209208	0.127092440428975
0.151154311267617	0.197543534990215
-0.261563672764459	0.450673704779636
0.0317379138306512	0.0387265287268512
-0.354302966917749	0.509051577133114
-0.00469371798336852	0.00527276196422375
-0.295456741564339	0.376522000162783
0.0340884306870025	0.0401006075729317
0.0191795182251193	0.0206472617611891
-0.27522785075685	0.436268980180661
-0.00417383947503155	0.00540115666437339
0.290796499595326	0.530210242717127
0.0104429783487913	0.0109686919389505
0.111506232504969	0.138022005942379
0.39906928077423	0.757198899794291
0.0426308609015996	0.0559232822107048
-0.0422071515817978	0.0494195011468446
-0.065927807816164	0.0669962559073934
-0.373070198163921	0.474726572250254
-0.513806818765217	0.433334240493372
0.641225230309551	0.545183789761518
1.14007425678554	1.09719523566029
0.0443647413142825	0.0279275622961692
-0.587273927483431	0.406232046952704
0.748554060862292	0.867192805755678
-0.670399514547475	0.640110146955484
0.479535977621206	0.479710344348148
0.123056619461965	0.107840765552687
0.954949143971163	0.884474876673868
-0.790278274137771	0.893308291543152
0.220751865326093	0.270194180175045
0.0625896968288718	0.0525806860333737
-0.252807727925715	0.374824728134529
-0.0498389993679894	0.0631335565389838
0.160341626132554	0.234215627269692
0.169974091507273	0.257483744887608
-0.0376489874610734	0.0474494774161176
-0.142018376554739	0.194305328151824
0.220772141532707	0.312533542895545
0.184749734179806	0.249180853368969
0.354704609728113	0.489605376192594
0.0193671717499689	0.0254891601017587
-0.171330649098484	0.282104856173417
0.0224288646458818	0.0267398357535679
0.0909670696948896	0.12630552778607
-0.0318122389380736	0.0439662490864933
0.633713663014615	1.25289222871957
0.00920746458824026	0.0122124026514397
0.0324446018344252	0.047513827750069
0.0521478235679744	0.0784543501368823
-0.0139133051679324	0.0174949228456529
-0.0716054437492028	0.0997956267344445
0.265247473333558	0.410007104871326
-0.696974200600863	2.10250928327126
0.00112368157262549	0.00154625833192013
0.0621858403151172	0.0664209279048664
-0.290753269879029	0.338436783795616
0.0886464210048	0.0951786694452692
-0.197278078824184	0.251471183359681
-0.306556056870187	0.487163898386677
-0.00070073839317597	0.000715984948625094
0.423257945637792	1.08435979672428
0.0685013794451058	0.0969697503079105
-0.150696017710434	0.240353340620823
0.245610272217043	0.390198645328542
-0.255701146885361	0.365773713243191
-0.0202433158658459	0.0226551428117771
-0.0565887006837651	0.0635090527886339
0.737856428429567	1.63283286798464
0.436867060199906	0.761492058677281
0.328563265522339	0.527173699892221
0.0727421689734551	0.0853088345459192
-0.082885694655796	0.116110517206963
-0.0746463634811796	0.0981545420918841
-0.0107155585497765	0.0147302823435034
0.292104516249008	0.616431705089173
-0.0256406626948629	0.0343439148186744
0.0348843610896473	0.0448215887718307
0.491760052371779	1.01683222277371
0.104712199677892	0.144084213230093
-0.234677618803334	0.358898080447493
0.359211283623496	0.539499714925736
-0.286868796827844	0.380999810798635
-0.0329253431662255	0.0385853995580581
-0.170011452947575	0.272026859410625
0.149712753713033	0.195314836766469
0.253470095063587	0.304669742322753
0.440026864664331	0.713534161808481
0.244785575107614	0.336238371284501
0.661528633561657	1.22505903802028
0.375801004364428	0.790010322170395
0.048538824292052	0.0595727380465179
0.327925836837392	0.517215250477557
-0.0353742470030514	0.0379388883211692
0.0269460498170174	0.0310138568866345
0.56924523107066	1.00147699435867
0.0307487161464718	0.0406222361887461
0.266666963780732	0.412757215258327
-0.0498634415962714	0.0506889723587822
0.0188394431896035	0.0168523527890268
-0.592746626855599	0.532552940607008
0.91792147306479	1.03149467801114
-0.300018573289042	0.199671977905798
-0.405226622015126	0.292648102299928
0.782080051697287	0.520538563821462
-0.866289960327457	0.812038409172532
-0.228836113206761	0.171430268073356
0.201821752928735	0.156603732147391
0.389409407820931	0.331092368723623
-0.700370744436409	0.526127865354527
0.132928733984627	0.103136757987609
0.65801882887592	1.05870151704175
0.587415829006047	0.779310136400709
0.0211199317842748	0.0227835961951376
0.300250516912614	0.58823733150103
-0.0315807387255273	0.0384579075883454
0.146346978085089	0.187375732927586
0.151925661381035	0.19870595688284
-0.0138852966327646	0.0168728539776943
0.50603833466033	0.958413589099663
0.038631363889594	0.0335380931217637
0.796942573999527	2.43894018923642
0.106619262295163	0.170528503510757
0.249104124826953	0.452683422032237
0.0568436279603874	0.0675747950115894
0.265611498856424	0.410740686442323
0.369860635429807	0.695214383328317
-0.134819771365968	0.196555320836022
0.11672943351244	0.166891492260105
0.0355320119726164	0.0456913517153599
0.125905936708262	0.195244733493315
-0.109869517670875	0.182406662486305
0.0526906084263306	0.0683392049388383
0.509455837953609	1.17976474857011
-0.0823620272651646	0.115307799273339
-0.180468127432739	0.321279352860664
-0.0124223537195551	0.0161049861739318
0.0324936375310871	0.0396789080726133
0.478132007858009	1.09475102150264
0.0599221549899051	0.0928019206199506
-0.0778747054463557	0.112208400505246
-0.136749038855577	0.210781660571779
0.170623261093521	0.297808079134982
-0.244483797417602	0.474860467675905
0.369860635429807	0.695214383328317
-0.153717158105534	0.210491867781541
-0.139190422301021	0.209683562930392
-0.029603942171158	0.0432500067215242
-0.069455556869843	0.105482984711215
0.0973396884706832	0.144264869585959
0.698424067369768	2.07155618954575
-0.00614600130024386	0.00771178967630333
0.0979710493183796	0.138795417805023
0.138611254118682	0.213098561512695
-0.369276757861605	0.608699557632996
0.04344179650493	0.052337752441231
0.119206500159368	0.181303442520308
-0.158852064345691	0.233052293391295
0.142422691339524	0.235396365839338
-0.135935546372875	0.233176365150621
0.323426585006125	0.640039210073376
-0.615201080096759	1.48567373120468
-0.229332936363081	0.371855841032366
-0.102766128119362	0.144694869853063
0.525000675041097	1.330920463428
0.01020201375399	0.0135450126040533
0.474011915917105	1.16874524770748
0.0796471624522362	0.111734233259326
0.170997719571223	0.333348754908516
-0.0195872456475437	0.0254246874241653
0.249945839158095	0.351031183004885
-0.054585452352945	0.0640543158018514
0.244884537734528	0.388771027905818
0.230094594010241	0.380339814373104
-0.259034854862422	0.409329111741823
-0.304738909497144	0.453623655864997
-0.0115136190119883	0.0105044638245315
-0.241667711033924	0.227135828540322
-0.132354276265955	0.125916328328986
0.0941319271082855	0.0762644186288132
-0.156295453174301	0.148349050867667
0.397921148947676	0.476968851765815
-0.451712419272568	0.521821746928637
-0.156765896593577	0.148849785884869
-0.10513830153936	0.09444211716603
-0.18196132279366	0.172195953922542
-0.519536345324633	0.74632819282206
0.0712433131222929	0.0884251009509403
-0.428568752461393	0.77631106665611
0.0121399293707282	0.0151661621616923
0.0867497163111772	0.106374380284153
0.065374644779432	0.0795332811147465
0.311801342193652	0.549428744955402
0.527139119530922	1.10057637793685
0.439061957397965	0.725410792511229
-0.194458792281185	0.30469110170382
0.157539327899879	0.210364831419009
0.755688902724197	1.90288855443719
0.319716069978687	0.73998723804757
0.224535566360797	0.35950527959569
0.139229066113903	0.262687483867191
-0.0935893166505521	0.143173588848512
0.162768950796114	0.272490746123049
0.17133732305788	0.299401969698713
-0.148126604666688	0.2293473178579
0.113355892179326	0.119521025425809
0.811487744943359	1.75680597553169
0.25059337802585	0.411279653400019
0.072367440310558	0.131957798193106
0.834322336645755	2.04434495155229
-0.210992699923544	0.379001511390576
0.171026686754165	0.351206020787722
-0.11907214737987	0.227055359662015
0.122507395591485	0.216234543500916
-0.0517564813720098	0.0762528972259905
0.0264122217522793	0.0413765796437477
-0.0778357583419016	0.139801902710239
0.144655999690769	0.213288744010903
-0.00216476363706576	0.00243520658958353
-0.193188571837308	0.311095456720071
-0.0539395462131562	0.0939594189461472
0.0643268762030784	0.0973896998442593
0.156944578980297	0.258104794427315
-0.432241255247504	0.954935391594925
0.331377012445738	0.855563183504149
0.207717327805284	0.451305003059074
-0.0891843755237203	0.147281725897768
0.306752034086707	0.627466342002107
-0.0251729457545437	0.0336974784230947
-0.292984037173161	0.561499902147473
0.017863629240179	0.0200761699205192
0.354331072962008	0.488927923326413
0.562141826411021	1.02461208696376
-0.479675542114139	1.06665157098604
-0.155069611533495	0.280607186008103
-0.0027628646538321	0.00448178243478428
-0.348061674396574	0.979798074680338
0.110735193273799	0.210795073033986
0.260113322931685	0.618338913567919
-0.231188472287801	0.416740395087885
0.146579198997554	0.172045280887578
0.313053346957939	0.567433918258905
0.190234597631136	0.358449669223328
0.401163306850161	1.17565598727522
0.299811880528912	0.672834052604459
0.0338002555493968	0.0526962030093397
0.268185844758083	0.484631099967274
-0.0914984265357171	0.0875409253502716
-0.0444023847391296	0.0402550841970189
0.0762829709711605	0.132827935705696
0.14850316232809	0.208447292915552
0.0492778679536927	0.057250714261282
0.312167537832686	0.287715406569604
0.864281891810968	1.32805869233658
0.400513579908824	0.557629559938263
0.0919317426324833	0.0912444418018615
0.053614071981024	0.0696249980386665
0.401451887395699	0.97493005836436
0.129905698630564	0.204699246884538
0.204002704294525	0.265888805375411
0.065448677142587	0.0840505642238593
-0.18332056586116	0.261354671710771
-0.098115447342676	0.133645245012397
-0.125441377891743	0.159801812624162
-0.303431776941684	0.451128350702558
-0.410056986856639	0.611938251625043
0.241757289069639	0.275155801066006
-0.165204488035779	0.202160702596841
-0.320130500078171	0.442242486059497
-0.719997315828822	1.0711164857766
0.319797038953784	0.466367350987161
0.154108196614982	0.220603723812248
0.399187813799019	0.504355441914028
-0.595349066927268	1.52723792159984
-0.0476949704977568	0.0602712066541609
0.243638817422749	0.386153565210084
-0.109657079955195	0.149808120592699
0.0465831635335201	0.0445264653455171
-0.322130070325844	0.479305192965916
0.190297653786949	0.336228713384975
0.325323131977299	0.50310608278478
-0.591202455636399	1.0458953402425
0.24504366745299	0.432612930356766
0.0809848935655266	0.129095411044513
0.350077550377271	0.710428720695852
0.193856788519686	0.272110749731602
0.211922557127859	0.321414229076701
0.373758864447672	0.754850524180768
0.0931081058152402	0.129625798625245
0.34290125002361	0.638698972232612
-0.567945179741125	1.06895462218573
-0.365419727069388	0.638495637184703
-0.0138142239751862	0.0161605971718129
0.546244010661164	1.24610847642726
-0.107732703570528	0.174410973338632
-0.0821772512285895	0.135347856422449
0.478992349111008	1.09788820802656
0.00884976801796654	0.0117337548580174
0.00714855081496188	0.010532038277493
-0.003780430994714	0.00458415173394058
-0.182146537738245	0.30889320806857
-0.192894807046162	0.33684318012894
-0.109112994295236	0.176981276643134
-0.768796152815626	2.62462652326072
0.200858318260506	0.318257971820842
0.0372146119063921	0.0517314597201915
0.261791024363249	0.457993997998513
0.297067231762397	0.559235109413725
0.274852920271638	0.582018197704725
0.0380689736732558	0.0567118360476519
0.226018334611494	0.367170603698128
0.147813289087098	0.221380677899619
-0.0612220005770403	0.0878518738087259
0.652011464498157	1.68859356292108
0.212463960038916	0.384809800864456
0.101398970474479	0.159444191484369
-0.0774719211640718	0.105030782850847
-0.190626483124189	0.331939709626379
0.216043639904347	0.365757607163608
-0.715197085623699	1.66920554779402
0.28828724762403	0.425258311483774
-0.223120277938574	0.330061188823347
0.0854526515840775	0.116518437652587
-0.287903729339034	0.564282369828825
0.296639724130718	0.649800552286792
0.190108281888466	0.358208893090883
0.28176406659652	0.482941393357255
-0.0400174113033217	0.0554630837424892
0.339340356340095	0.793396410175435
-0.0533178536058843	0.0624823263252079
-0.0489851046659379	0.0681292276678197
0.152701496339023	0.26115725584302
0.298525721223943	0.662228920499016
0.257895443685974	0.490372099919489
0.287173531388353	0.661505359322532
-0.0131860639748535	0.0171132905403381
0.0886773842017085	0.102293508699223
-0.111614791160035	0.106549615275915
0.355044544237414	0.49009643150426
0.225978156941045	0.28337701401998
0.105736611728358	0.128128798598886
0.117147794394221	0.203308854990882
-0.0865529969909407	0.117455962013488
0.398854214675774	0.756609874049943
0.719359909995746	1.7755432164173
0.157272824775063	0.210019425395605
0.0478015046271894	0.0554717784130083
-0.643957339437647	1.35490344397796
0.673686897391731	1.51758681347766
0.509552432898126	0.950590670184377
0.0514155051484244	0.0720138811874159
0.3692633022298	0.673772946958164
0.0252731602971835	0.0328163305046178
0.0890896999079647	0.102812872612637
-0.590746383114589	0.711301910738501
0.25317978764514	0.241195696835514
0.169943333051298	0.170970289113576
0.657976173208463	0.902214073780392
0.12759185302269	0.12735906488168
0.293255116388471	0.346125343851138
0.396762494242374	0.44937663648922
-0.120583124001364	0.128198952086884
0.118657414746934	0.114887552694907
0.482710130538236	0.464698391038637
-0.291945137970485	0.418533434370608
0.265436455982599	0.410385644351017
0.494159605763692	1.00783262292625
0.178133052594692	0.27913454510707
0.661867618612302	1.53064549930625
-0.464843559268635	0.819953526522603
0.447778814320195	1.05308394055603
-0.497379792630016	0.933152024110897
0.224316277628883	0.359100950730989
-0.207521211611272	0.305916238119909
-0.0196524435011678	0.025509955351483
0.43510052828929	0.770762038350729
0.241433640901042	0.419532802513763
-0.0674052797828126	0.0911164880578356
0.469806604011187	0.868010919819093
0.45067049099252	0.632513216250891
0.453825347902205	0.592147554877383
0.373037775972303	0.742966887276757
0.39961567187881	0.879902725315052
0.00333901553036671	0.0043445865311886
0.21965345709763	0.377852611147802
-0.0936804717846405	0.143285230117074
-0.45983636302189	0.996712770360553
0.0200755773718197	0.0256091925111027
0.628096502123575	1.26127845289811
-0.128336378883708	0.169633476179729
-0.195747924191773	0.27907685184683
0.621036540633064	1.72904823775356
0.288139001675113	0.591879058258798
0.667919593136783	1.52495493195468
0.622203308673292	1.58145419468204
0.476143867710236	1.13253190985691
0.115338717041106	0.215862581009961
-0.200576433731171	0.349800075095434
-0.352562128046688	0.734854414779427
0.440806264082155	1.20930979153249
0.640271448367331	1.85274210714769
-0.280744727617279	0.590583083776344
0.156871055148819	0.209378397910801
-0.52046815256973	1.24186225529249
0.492460982300227	1.5170812074739
0.701461229402542	1.92579610671248
0.343463547753125	0.848494072434206
0.250452118537605	0.455837891259711
0.174174676920726	0.344049287213818
-0.122996032651337	0.215320150861232
0.448424673644153	1.08221711923616
0.192019376086476	0.339991948930907
-0.189795624030039	0.347117951692518
-0.359914640389764	0.818256876715545
0.24635747241181	0.489506813211456
0.381558882543009	0.940167479412972
-0.191565723061001	0.307801891131808
-0.524921972205124	1.04191537156056
-0.180439940532009	0.256280616447118
-0.26211608617448	0.451840808379551
0.0806375779871366	0.118427808819091
-0.0647423786978793	0.103427915963788
0.0742099510574836	0.106918220027977
-0.441540243106345	0.84731523689501
-0.404172114736191	0.88966696492034
0.0353267478468519	0.0454089472916847
0.315760631228488	0.588968404376523
-0.0216169913316037	0.0252770028366868
0.165008359792163	0.185338640170868
0.0803326922432222	0.0840272831738695
0.398384490957312	0.590742917007185
0.0133085022304971	0.0133323137009047
0.22630795393648	0.327283060257805
0.558613382579384	1.01631657273961
0.21867557718471	0.407899600651613
-0.164205688686597	0.298327635947434
-0.262682993807769	0.488943713210177
-0.0043818821189269	0.00492236091813956
0.527902269967216	0.887325873841524
0.104693874626928	0.126736418792209
-0.0469005310201519	0.0502152531848963
0.017863629240179	0.0200761699205192
0.355801130731061	0.501750216669549
-0.049449958313047	0.0665553255576407
0.0846627689820684	0.126272372784505
0.350091614577738	0.728173738843118
-0.0321995328032789	0.045892450847288
0.0285831546792698	0.0360306135293558
-0.15464912186891	0.204847644339772
0.398099011567175	0.489989748259937
-0.649667464768918	0.741806213230659
-0.104283182427147	0.0936170387672999
-0.451286343087363	0.521189644348705
-0.241227223155218	0.28126383436916
-0.153034389008334	0.136187382472204
0.283035978879727	0.219379646755372
0.326843752694775	0.335337108394667
0.0794870655226051	0.0763959287084266
0.392622583040136	0.376916371100175
-0.105462634089648	0.12860063166475
0.121275884806853	0.165513415800737
-0.491538245628065	0.894388526988597
-0.106128824041454	0.140140160324595
-0.0844932502007383	0.103370258500267
0.44179035173173	0.717285094345389
-0.295049145329814	0.497811672289358
-0.240395900077933	0.401934733378773
-0.443398538655994	0.781208002843461
0.200367375639192	0.317183886718404
0.482540423476367	1.064813321962
0.221463723455832	0.34868826768149
0.381897446118199	0.212151298592954
0.621207122866347	0.552640628290601
0.102489223447596	0.0599500987397302
0.163819387203576	0.138685792993716
0.425294721906649	0.982108735031623
-0.0937696026631497	0.131865365357703
0.0358822033101251	0.0461608896591373
0.378301524180431	0.858556519789732
0.156470515508055	0.208751459499627
0.0704670693856305	0.0772021202594205
0.130793780693504	0.172733765305428
-0.545839368890671	0.690101813730883
-0.356112913469278	0.472798039006803
0.847351422062335	1.90294038067815
0.399573650128055	0.735450590074693
0.197337276746531	0.382659941949153
0.0775562673764212	0.126527944034477
0.28175975800666	0.482983387071807
0.236523555317087	0.480160007150253
-0.258928814924553	0.493303765321523
0.160271947393408	0.234093082752527
0.113950153173969	0.120190103544179
0.20727639737923	0.275657187551508
-0.0721960659581054	0.0881729883877312
-0.0431102224797427	0.0505375790947047
0.0715738393028369	0.0936799385215049
0.144060493931969	0.198537767844033
-0.438020648198951	0.923761973398579
-0.295320841111239	0.498302761721857
0.0517759964430072	0.0725576108820462
0.171889597317591	0.280873344405925
0.229367159954616	0.378701586825663
0.187125199058296	0.347759011882367
-0.126494031743842	0.231683938242749
-0.179453171575045	0.334349320734715
-0.205233818759072	0.33141515693008
0.143749621493351	0.198038871811227
0.11731904546722	0.136638750789704
-0.396119303219549	0.733964676476141
0.124649733148588	0.148733745817121
-0.32479100640087	0.549371554652188
-0.594847074027464	1.52530019703723
0.0967307579344583	0.16921958911192
0.226308076439638	0.401677345964339
0.219573958081803	0.377717837842686
0.331014158729909	0.701509437194001
0.0344654045751583	0.0442550795365176
0.0419946695968451	0.055043237143598
0.15317836879443	0.23368398657311
0.0855569154527274	0.11087112715734
0.108062657057522	0.122554450130084
-0.0343551984507802	0.0386046967651443
0.268789352814806	0.429202472890855
0.148885592169235	0.209102364085532
-0.0485570331969606	0.067493078403555
0.334652892407386	0.728850954447272
-0.171824755131042	0.275605021457716
0.036603968863811	0.0523733782843607
0.117935224347388	0.168871828824353
-0.0257051550753203	0.0355213474651369
0.226542164388907	0.327716455416066
-0.00132655278872921	0.00142802915151116
0.0248784246021635	0.0256427475591327
0.0982616664550769	0.13926500763565
0.357062784969098	0.514679833799681
-0.390190968855427	0.473735303269332
0.683942089994762	0.713248707223742
0.475953873810375	0.493328365569321
-0.909421817639652	1.13064652160056
-0.593718165377985	0.495386922883261
-0.89095728605558	0.575802366178478
-0.0631878242340126	0.0349692692370032
0.508369929820808	0.41294687036858
0.101453761999707	0.0593267174309775
0.771464512836218	0.865330190265363
0.185994940410072	0.137417525738583
-0.182026333340081	0.161316405646062
-0.126401100413763	0.141382289193604
0.548670628967573	0.834237005479986
-0.22732642197235	0.313573401584335
0.671779101733289	1.95995941857674
0.287300177106229	0.508670927523695
0.0503013716577787	0.0618835596012592
-0.257595820269951	0.455214959725187
-0.116839027149902	0.174704921753866
-0.150243302426876	0.19112870597046
0.694310217532993	1.50079664722606
1.01878363982437	0.896888789254488
-0.290224587193438	0.252891984003705
0.311879731342606	0.549537487551947
0.376301350257961	0.821824554176612
0.231840000492297	0.342439505834914
0.0113396643024648	0.0141526469161612
0.0461708213636858	0.0587269829038726
0.156930197394042	0.171411825079645
0.177720942761583	0.256891568310629
0.0560853672604639	0.0415412232781959
-0.0420560086116263	0.030223905683875
-0.536948345896103	0.94991590569563
0.126091292214484	0.163318526943077
0.264072897222906	0.523124794955819
-0.222006265269123	0.389281922443851
0.0508071748559397	0.0527346037216393
0.119270351937732	0.162371027225312
0.614190604851829	1.26793743004895
0.0427872907660485	0.0514973184674306
-0.132599828452212	0.161763467864365
-0.31085203404997	0.525482898237988
-0.107173648691989	0.130961578105945
-0.648229160241085	1.29452301661151
0.191513619373841	0.315916776721477
-0.180688574426877	0.273578652810828
0.125507792275259	0.234311080109378
-0.407824925219104	0.977567605742144
-0.212709006027625	0.455919842207971
-0.0907035659311665	0.134961584507721
-0.22665820773803	0.312443999394381
-0.658404074217473	1.13016846627596
-0.620399690229444	1.30579856183871
0.00166201521676236	0.00153246354578977
0.659590391904139	1.06288426502068
0.36518852759495	0.613661089251285
0.285149804144367	0.412186818421636
0.743670590692376	2.32690399497757
0.125800273216105	0.224999552807868
0.360878702486065	0.880436852404111
-0.0098544881953622	0.0139152670535786
-0.0700234661056226	0.10643971868935
0.160898307755312	0.283850780613419
0.0967559374425596	0.143309104275486
0.39986414101683	0.85864600891847
-0.240406504378584	0.280059365340216
0.0535349527476106	0.0481495082573046
0.270870927535534	0.358849889167537
0.544822732626656	1.03867930630324
0.126408191418238	0.196149673579257
-0.313272896201489	0.617980842788504
0.000413533294624305	0.000584775477485442
-0.29283392182426	0.603299841833923
-0.168824267379229	0.223995037977324
-0.211695940153827	0.302797699369558
0.0240394466065147	0.0247656589241724
0.153216073562521	0.184242577783996
0.615714320115514	1.11230548561567
0.138585583003554	0.187224888548047
0.321578860315388	0.619470818940408
0.283233375655972	0.315952812653577
-0.794798203060931	1.08833815998392
-1.16437764562605	1.35129317267611
0.071308415376416	0.0386770985082484
-1.3641937349478	1.20611985325217
0.594616076332456	0.347498367491258
0.782612406330211	0.520964610059915
-0.717196632195136	0.481354126506142
0.384521834508985	0.267173709816532
0.383991439512578	0.266695085065595
0.219466573174494	0.12588149118287
-1.23986294445767	1.35650649779963
0.471935829338349	0.506053716849126
0.568502049096093	0.999563943711357
-0.296328854206305	0.294162125023781
0.614081470549931	1.108337948217
-0.048987964541302	0.0681198345990467
0.506813131606146	1.18700352043911
0.14641408846305	0.187453934094257
0.611069134331909	1.4349864934986
-0.235069894017011	0.359625283662369
0.0251360827256479	0.0259137845954543
0.603731689040302	0.945969433947102
0.728704626298953	0.871326237803094
0.0122938446674683	0.01535886621436
0.238075291975026	0.489105186983918
0.521032013998369	1.11680346694344
0.152428661074364	0.199443557967617
0.0435577121255478	0.0572033797760574
0.748422114931286	0.867146201783064
0.147846962406396	0.156888345944418
0.400063247160398	0.606629489093798
0.239499681580463	0.497717444888902
0.27804330566817	0.526750012908341
0.113276579708911	0.119419211006536
0.0781509575953344	0.0749995418174019
0.478986818997027	0.478867976917603
0.0305975651101595	0.0338513766600022
0.399828363286335	0.736381447250943
0.111541057590861	0.138060006073666
0.192042142161667	0.293658266084579
0.00712012781242854	0.00780240935801578
-0.340970260143509	0.611366622026172
0.648179506213421	1.38999931972545
-0.140141331657882	0.185277272926614
-0.326078607243527	0.675430264553072
-0.182276582537359	0.309177903417185
0.113928157177537	0.20404907910881
0.0776756607336822	0.117301249263953
0.270105499671856	0.556854313315825
0.323929305376073	0.64143059659581
0.209123587657469	0.278665925446122
-0.530745657551984	1.13538764107006
-0.259675291070808	0.410608426119434
-0.331622957482285	0.475873562974051
-0.214333328612542	0.273021741450214
0.0244104865200151	0.0251558363220896
0.244040357206775	0.278243982669542
0.35356718795229	0.487540552764046
0.174320020833798	0.268690584834277
0.124922856515803	0.161604333258643
0.730348823047778	2.60764198741642
0.515549423205223	1.57263838965765
0.317031641484255	0.834111365169053
0.0590263039485386	0.0938422652091537
0.311970037387077	0.788065192284537
0.359748069941382	0.849344310836986
0.125163879029334	0.223681329397747
0.807781374424977	2.72219695144493
0.0212512139606756	0.0292200727468578
0.436073594190733	0.773067078639114
0.130594894559776	0.145492972244748
0.398565176271775	0.490706842486301
-0.712712084218847	1.3858127897827
-0.112174204321428	0.142683451035472
-0.152479612162545	0.268775598136081
0.529814597090947	1.29589317962264
-0.369837052443594	0.827303770142977
-0.118893112641026	0.198222889485598
-0.0138045483402334	0.0161604314204901
0.248707843551281	0.40201274628575
0.241571835422055	0.324989910087825
0.19365581954062	0.271839147665777
-0.132527664896681	0.126107584049342
0.211559563642946	0.320732287650735
0.0805340001794526	0.113094905927823
0.131098537931962	0.146111291727619
0.326736021377388	0.335195909571127
-0.0864121254387165	0.0376684304661824
-0.3016598593167	0.114296718545794
0.884186760246106	0.706327498323096
-0.700370744436409	0.526127865354527
0.632716390467768	0.337057393852656
0.966103625441874	1.19939103415864
0.507710606249508	0.412459440155001
1.16522520836114	1.58600194247555
0.468747849157818	0.518979994620575
0.761673610875119	1.0247417756618
-0.730433384222345	1.54352992190021
-0.072982461577242	0.101903630081943
0.344629307722555	0.660488739904374
-0.353866282995743	0.508447407287153
0.157707095327858	0.210673196570661
-0.208783309219644	0.318578682106207
0.0867838371154189	0.106410945455444
0.741709156381588	1.33645673444396
0.824725150885257	0.861491345787856
0.280901876439388	0.480950872057965
0.0929125888260536	0.135461262226056
0.139100368986829	0.214001881756266
0.211593296829149	0.320774491530408
0.0596054123256186	0.0588157014036576
0.166105245474727	0.333310594504379
0.42878911007991	0.870439989812964
0.678191122030094	1.21284150433022
0.0914769788408954	0.127106603519658
0.0322700205584983	0.039397787345027
0.0792250529728043	0.100604694844828
0.0746339185340185	0.107623089127686
-0.036680221483181	0.0478291043265651
0.309306940920295	0.536122438125216
-0.0986790597955567	0.134520722080622
0.149314275846438	0.224037250076209
0.0624578553461074	0.0970882388905406
0.0556824393707943	0.0903665949612601
0.143413406635254	0.274490538613249
0.175632685996636	0.350536562449072
0.180454145098988	0.346167133622112
-0.242908778387853	0.439236089681145
-0.148679548822798	0.217970672470492
-0.143285327704648	0.196488620764515
0.458071991304462	0.937103844398453
-0.371139695690997	0.471626054396333
-0.147126012334277	0.221434396160749
-0.0765285248090534	0.0969010598609494
0.012680319177418	0.018064144189754
0.0617068437115129	0.070442070514345
0.319637924824331	0.457330532839763
-0.00346319085471094	0.00389011045205115
0.501087543730974	0.978672395685807
0.172721000325345	0.199273692387416
0.32328116271247	0.639635856219857
0.0813804769778154	0.11440516006737
0.100503128936554	0.164391300398181
-0.029260041184675	0.0438766683848692
-0.28876217972405	0.566690067852823
0.32822525456644	0.677343080391549
0.321534091212088	0.619387148315231
-0.612522896056687	1.60437163559001
0.156871559813066	0.257952313919866
0.300109166792365	0.680454487357387
-0.14090401183132	0.224237905900649
-0.0426810284806576	0.0574743130269025
0.0102964212805145	0.0132590125176714
-0.163466891238913	0.191380496927216
0.504582047444364	0.713125106506565
0.255840527720409	0.373648966442523
0.15095337664467	0.197237539003432
-0.138134297460227	0.207855765656556
-0.0426969860871054	0.0575033780207691
-0.170996465763265	0.296100693977235
0.448000173607728	1.12029129845016
-0.484778903021178	1.12657889418245
0.752224280070638	2.03975197733873
0.20713590490467	0.308125198313774
-0.0416505111999941	0.0508000181592951
0.536558299237986	1.07337362380294
0.348222325908228	0.447126462709898
0.149359764406569	0.0991461450879672
0.549978595927915	0.376666352239561
-0.0630635270263836	0.0349012221661564
1.28566123683454	1.64931955909781
0.186264490788118	0.13757070094081
-0.103531426355425	0.0727666889944628
0.487528568070794	0.451385834430231
-0.290334398816375	0.337741614137193
0.283699866050064	0.316633495200455
0.680802854810134	1.51367623173043
0.106892008996942	0.171030354418622
-0.822315614529611	2.50546433135038
0.00354507404704055	0.00418880018775757
-0.429016161532787	0.777438363780324
0.476214163586789	1.132778549073
0.011191468184995	0.0117606872328692
0.357426577557666	0.504807576312451
0.621318348063096	0.552754811954348
0.388827160142778	0.109222251636938
0.518683620428821	0.400733018854102
0.518924209983413	0.40094228505603
1.33561115904136	0.960980653539792
0.394694892886118	0.39335305316445
0.488988135880809	0.785768966074756
0.360856418540598	0.553234347530758
0.208754114936	0.278081338724366
0.157078847952589	0.17157943340844
0.659741858101434	1.06317801506701
0.250869223969577	0.411961355375047
0.0788494585847096	0.0944760492587303
0.116605122292982	0.156182647668684
0.0926568690025347	0.122622047620931
0.161875753713154	0.220444046076812
-0.181464101093281	0.249423290610685
0.25288255140896	0.362261462791351
0.0736500249535696	0.0864063070840624
-0.182967816136814	0.251939923770499
0.227527281139992	0.370320439514398
-0.477075379887277	1.03726281980503
0.226207728899994	0.327185161413333
0.243655437115004	0.429638287789483
0.296646381702051	0.463736249077545
0.0485068671224419	0.0563289328385972
0.123452687198641	0.159385995167774
-0.26174262100229	0.361554433628933
0.116986764839289	0.136202470775481
-0.623087831726198	1.06824500325926
0.240317021327482	0.322905704065576
0.513221750004854	1.15965906317078
0.230801067581801	0.296253713309831
0.400009226617402	0.543823586628801
0.0494639683801604	0.0512607548677697
0.53599692379559	0.867551736606896
0.146950661382363	0.172545080922834
0.0400516526167526	0.0404069212283292
0.121849812723901	0.177328707956487
-0.000853800832675047	0.000923558950290303
0.204358026102552	0.298810670981676
-0.137332868728645	0.174784922382675
-0.307282857977178	0.488701430537234
-0.592739772043681	1.01757468340526
0.0194148047020508	0.0209114500754128
0.438412332603555	0.723825568875972
0.764385406048151	1.61833408643642
0.399420901065614	0.689128118973027
-0.0959345807505402	0.107440930284718
-0.289504923828194	0.33663891462196
-0.342688217216538	0.473555859458092
0.34814637696563	0.447002187463196
0.716061343792454	1.03670370448147
0.609661555063592	0.934145587470644
-0.320050783389111	0.442108845861291
0.597480003701449	0.955972538182608
0.613936699871132	1.1078983777164
-0.149501282453267	0.182919303075744
0.130481154279064	0.172245047722444
-0.591772055413249	0.915607710183542
0.435484486005918	0.75822722717242
-0.217463219887733	0.265793167676311
0.226542770873517	0.284053986393974
0.841674135127673	1.47105540282196
0.172327274284466	0.198775988898873
0.0398578580158881	0.0346249619481273
0.117175198557847	0.113352137061894
0.78293666332681	0.521054535708889
0.781918004031025	0.520347828068038
0.384882281862328	0.232840038278335
-0.0622816496372232	0.0344544494102374
0.311483891044645	0.286882387097815
-0.227605823889974	0.170362723326877
-0.136771988486656	0.137825319355342
0.202002449268982	0.294578356236984
0.363180117419229	0.568239015746905
0.177750162273624	0.184239884499015
-0.473104221439452	0.758059682992598
0.306198601150842	0.399522823526501
0.310151816647501	0.545587247025788
1.57183396423815	1.81651878098476
-0.59148954354181	0.453468760711425
-0.0856598924630986	0.0665844251628035
0.349321097210147	0.708112575782472
0.254110550488916	0.525949844550651
-0.470679377503485	1.09327705549182
-0.183044400226657	0.269551408333838
0.294133700661449	0.347302533661429
0.666675579154712	1.81603452474353
0.0560980900804308	0.0764981793796533
0.294565362194604	0.55287907158908
0.0790864469142156	0.100412179153586
0.159701347342901	0.266350921157123
-0.40311891694352	0.707934637099394
-0.0232594133886811	0.028309386363851
0.221528812969905	0.38640862853035
-0.0316211989293703	0.0450297816795162
-0.414128394795813	1.09184620992366
0.368480521083995	1.0787868088692
0.00314095391974647	0.00491671567374391
-0.11478460508342	0.181684433365286
0.280126714894229	0.47289089287215
-0.43880751668277	0.75042192466656
-0.00216607305177502	0.00232635891950956
0.138254807445296	0.158064549618989
-0.183328956024	0.261350656201267
-0.620597063106975	1.20335937222203
0.173892836416461	0.324546513527339
-0.0335553200494785	0.0376433833322185
-0.110779318095836	0.124012587900399
0.399448900872344	0.568220195547165
0.0797244546060973	0.0766300645294212
0.0926251148274271	0.122581322588917
0.202505441326562	0.321373578133971
0.248390230334133	0.450939386280326
0.119724132920221	0.227315852449544
-0.227716352815917	0.5457478731046
0.0923436424721199	0.164590319939787
-0.0883036819330366	0.145640161741593
0.133383985579692	0.257963866498661
0.0267751038577276	0.0409700809854909
-0.0175695617678597	0.0255871985904808
-0.00683909819973842	0.0108837830985197
0.0562759159013291	0.0859520296599607
0.248565030446132	0.495361359492855
-0.0765436361100618	0.10362984166005
0.185607349823151	0.198053144311387
-0.344179219031781	0.437911879300379
-0.0127005977620963	0.014261328482918
0.143921985980641	0.198316272661089
0.112448583716768	0.158073291748867
-0.249981856045525	0.46341892805971
0.378245489714808	0.838139850546711
0.325702241066888	0.646234113834931
0.237142394092571	0.405105047320132
-0.0802581367611572	0.109166797379184
-0.109745447046702	0.122725572859044
0.0401830348040468	0.0405444039276518
0.0801692652518216	0.107330918955512
0.0434096660751528	0.047120819193871
-0.27268995291678	0.302127764819202
0.122686919524322	0.107474392935254
0.499558470330906	0.425039504938021
1.3354917191139	0.960914538907831
-0.263243921329417	0.262121399206364
0.0556834371909291	0.0412276975256187
0.214468865033441	0.255829702385404
0.317020301931099	0.701726150703685
0.0562297357317259	0.0766957881002167
0.104290009674838	0.126187603855857
0.399536422657045	0.791925011616783
0.399609042980112	0.835809586928176
0.236833873868017	0.262406748736585
0.198981297513551	0.338872028916042
0.947923114587692	0.708501459379047
0.884483082806163	0.70675035909394
0.397917479455806	0.719813149294401
0.223589443010537	0.317446691470048
0.761357450021508	1.02389323592164
2.06811461521913	1.39535875894351
1.32965238190232	0.775189114973313
0.902650788613702	0.873704775862355
0.129948950282375	0.0555267392668019
-0.186139484065231	0.113377323003526
0.796426412440955	0.862291848567639
0.369542432530421	0.684372643827657
0.309722609608291	0.544554766204458
0.493830636146879	1.25174328320912
-0.06999727005209	0.100736352059108
-0.117929426946201	0.138408046640589
0.397894683189206	0.464112134183711
0.201573291196576	0.477303166345118
0.118858523097877	0.225343689964032
-0.382259335262959	0.763126078958622
0.661662387058204	1.8204439560285
0.361563952651604	0.575028598975949
-0.0279907138036997	0.044031879380377
0.154973684243686	0.282533432029269
0.485976613922129	0.795996245834324
0.0544315476147089	0.0489854098523202
0.825328213028014	1.32313738591015
0.868308511897776	2.04551543152918
0.459721440450383	0.942315591883034
0.173037389507793	0.266240805247336
-0.127698459054207	0.191646021215603
-0.0776009042168582	0.0910701818801451
0.073667594655513	0.101453269355016
0.16695700807791	0.268093148399725
-0.194812703105388	0.405346532170875
-0.2532683256911	0.549839749752814
-0.333187674157947	0.916030277007729
-0.181870991295307	0.292119541263567
-0.035143633758057	0.0376837351818784
-0.592236270912868	0.983485912149593
0.0927102925545909	0.122706785020283
0.449049149365955	0.613862736079869
-0.777318996179297	1.33337592621869
-0.269931802913767	0.440502122288628
-0.33276614543186	0.737630421296409
0.0711332713771355	0.0779484272668072
0.0816761705353963	0.0855247860592088
0.495835506971225	0.749388240798731
0.0904447145047594	0.0973092009062978
0.0174193036691742	0.0279238428322796
-0.00711552160974104	0.010841220038121
-0.0355457637730166	0.0548581974329143
0.167032897688023	0.318111834950838
0.0764050518702519	0.128819891956984
-0.314549199592523	0.621354021104882
-0.0309851686446132	0.0440839327515704
-0.336551021516095	0.760933830504815
-0.291347514567253	0.639836775529036
0.536506787707663	1.28479248673165
-0.1462775266525	0.171245316751057
-0.707142954463279	1.13376600903253
0.0000828106972604119	0.0000808226360665893
-0.306811820592735	0.487653429023514
-0.162171532939521	0.266677874082644
0.133704188751738	0.202004978155966
-0.0204192619697459	0.0273848870662921
-0.211194544556761	0.379395130596728
-0.458758732387635	0.783808247318713
0.646958798952337	1.23906191302284
0.837290780915949	1.76106220337222
0.45571903410455	0.985364060862822
0.358601138702901	0.538293625940656
0.229481667947883	0.246829679028796
1.13943431477441	1.41712303353739
0.550166807415939	0.376646627417593
1.17259094095077	1.27231494157477
0.0146958578165966	0.00869083759546273
0.24487660150872	0.224840565854805
0.249231700592896	0.292029212960503
0.283660743922996	0.493486588955379
0.0122474742692939	0.0147899212532429
0.43533311529674	0.78440773836848
0.129956821783009	0.129932108228146
-0.0956362645823033	0.0802303856148404
0.326475776011729	0.334891517952547
0.3274879770302	0.516215401650313
0.0239233709362097	0.0310051151347754
1.03234279672544	0.716371755633697
0.692581465633294	0.332420818622936
0.948733137346288	0.709483966306261
0.158520724392344	0.154252266583688
0.488216042172634	0.452215227579466
0.394477818320844	0.135546168947089
0.101984697123876	0.0596500420670942
0.282514489885585	0.218878276237753
0.245505079762449	0.390022336509619
0.120504623571478	0.212069661282169
0.461241373118895	1.27512218249902
0.563825805029125	1.18691147122011
0.604747731308481	0.761785845467742
0.276664203561226	0.452101937273195
0.0336252053531304	0.0523950484059719
-0.217394550939491	0.569078397991654
-0.104526668946833	0.209711625705951
-0.14242315190199	0.232888495454649
-0.0791174908062859	0.13323243656441
-0.0311001462915434	0.0392571387596451
0.0263991638669676	0.0455858550757162
0.308229697222297	0.638671243581358
0.0241202164778881	0.0248499067086193
0.339772179955855	0.392790084189357
0.805999891099165	1.175294721402
0.690955971480427	1.35434390162907
0.532334770900942	0.878690661547411
0.401484139719061	0.84151380147549
0.767209757644852	2.03626043649435
0.34484226092487	0.661039865306041
0.0295729325768631	0.0359933632808289
-0.100429329430456	0.127670882584332
0.180224322682047	0.304297799261824
-0.172241291756348	0.306258124742373
0.194168132543577	0.444994198184049
-0.36986854209562	1.03177812565548
0.227824595594893	0.587728484087155
0.332320227620181	0.713658786089672
0.233233577810182	0.350189131508363
-0.116597231029884	0.136705275196824
-0.333128517036547	0.580447117683684
0.715280137888479	1.03564791883909
0.139015718619223	0.159060297428887
-0.45480725650474	0.753555776273108
-0.27815413357405	0.54518271647258
0.489815156809264	0.771272293617288
-0.0240796424872234	0.0245818687924044
0.585064434013514	0.973911759755915
0.16169776491793	0.220152511746596
0.051057545244829	0.0714729438280952
0.038514488084108	0.0642874401004249
0.0448910202088624	0.0824824352608492
0.068692965475909	0.127138636343464
0.0398153412192387	0.0702576298506964
0.266722668000694	0.714203030924289
0.0785198436036451	0.155398380229927
-0.50760031530999	1.4388335230585
0.470671482578809	1.44817411371583
-0.0676824345657031	0.11070959632814
-0.191607347468686	0.31666528131451
-0.224350935213739	0.24963259225069
-0.180494534921024	0.201252444198059
-0.260404548962383	0.359200978587972
-0.64797266156206	1.2936655026087
-0.524183965773332	1.30492974470256
0.123168376637774	0.209419794862122
0.178078242648004	0.317210934504248
0.255843896818183	0.540928138995834
-0.707662696659081	1.98601462147494
0.533379634861685	1.29127082907979
-0.736652904530919	1.51674071371857
0.173683230812846	0.24650990599994
0.362395516787754	0.566694580815257
0.243397546074179	0.277457625154805
0.262253562402349	0.183331683636749
0.220146504877989	0.126321959628399
0.196997544716947	0.103691001666309
1.27001986641159	1.47934192779527
0.789288190984197	0.701658382276565
0.483548065973325	0.465889459266454
-0.332967186450455	0.329425608468766
1.03661999751676	1.52906403609861
0.0807136963394387	0.118552742701922
0.3562188235126	0.51305969713202
0.281861208667445	0.555619751488326
0.781899953881719	1.02498889540522
0.678212944917352	1.66035277690034
0.0535658370231431	0.0752399893576665
0.294286030374038	0.347523378483818
0.335339117554562	0.568085684395513
0.306048605664102	0.270962906248291
0.393702933984558	0.135223212569187
1.0823571828587	0.545696583364153
1.35464680678254	1.34795999696724
0.884196632592202	0.706374109741958
-1.13302882037143	0.698237432765312
0.482941852550714	0.465212345192957
0.227767547072268	0.409573125470385
0.17941154943657	0.281555554693954
1.32945084319185	0.775265836410766
0.385709670018687	0.251295939844581
0.428698419853954	0.88252748751355
-0.0529348337609491	0.075756750680389
0.443771545200023	1.53366785706141
-0.0455069677126302	0.0785998116120546
0.175704230709247	0.331712630052814
-0.172657307440798	0.299765537992036
0.0124679444154071	0.0150587205424668
0.216565533618214	0.463466830466939
0.0393325377007242	0.0531171483299667
0.711913129934765	1.49727411973007
-0.0723637751818574	0.061036224313826
0.283448370799351	0.31624689638316
0.114091880613268	0.187960759763914
0.226207537597437	0.327057381957813
-0.430988370886367	0.867492275976006
0.293558186411889	0.450134471047794
0.174665940542087	0.269279856266148
-0.209026864089097	0.30874955200109
-0.392959677895726	0.76759494185887
-0.367176805599041	0.818546046490029
0.163630034340224	0.258739349123065
0.308623787265934	0.748945461927295
0.336300764314779	0.9349063781895
0.433826685699046	1.31269287337134
0.381467453882063	0.949644883740849
0.534260453651305	1.08520975677513
-0.499439584260921	0.800261951089848
-0.513159658581621	0.932935719168441
-0.0653270851698614	0.0663461498921219
-0.592209603808215	1.04900422331324
-0.381724430954346	0.610204004293533
-0.39197927478143	0.82093377385655
0.0788282995540354	0.0885424160783032
0.0144396001353178	0.014473061736273
0.746367317930709	1.47113024418233
0.177910475012719	0.278683840253226
-0.171777544925333	0.244852124371476
0.338362537144431	0.601504972054463
0.0471513107510448	0.0767924606702468
0.048867082272119	0.0822643947548255
-0.0808022881643924	0.142448658389495
-0.133305635654402	0.239841686635999
0.265098767607433	0.639896995270889
0.158266515813471	0.324487747935679
-0.113076981634367	0.178551452871303
-0.0350789227620054	0.0567753553651646
0.422044181416745	1.10336928131751
-0.131931012493749	0.209561626210366
-0.140483175850825	0.223447239058295
-0.478066133826731	0.792085755320247
-0.241526048926225	0.28166812385464
-0.150982462618742	0.192251662228334
0.336933786397886	0.589400247909354
0.1288875366774	0.191388179747346
-0.0396477786166023	0.0531454492522499
0.446018508866982	1.15323041327842
0.240726822309059	0.46001575535673
-0.576128048011703	1.3859417320935
-0.402894960966389	0.707359280408735
0.0286806679179385	0.0316639891730096
0.245247183020622	0.337022704116069
0.47221912811678	0.843391894322297
0.401193965965566	0.840709504931313
0.311512855583694	0.548750322590423
0.245064163858021	0.33670654503615
-0.59230814184395	0.714083643527937
0.579057164847237	0.786760281652262
0.0139703149538377	0.00826757430059525
0.251233003284582	0.165685443566418
0.196659444795136	0.10351079472674
0.236693847555049	0.14635874538675
0.665972235507914	0.538845802211176
1.24729214882139	3.02960047656731
0.037290664530069	0.0554892752254358
-0.181432155829619	0.307417483102205
0.103852799691975	0.125593387975865
0.188193050869554	0.282773766045138
0.0237196778915078	0.0317364289722005
0.0402636307090743	0.0406299218908866
0.0275856650250402	0.0213716442252236
0.0541786013902801	0.0487463214185467
0.384135881010004	0.174338917171374
0.214194614075932	0.216668587849505
0.465111621507435	0.90016873987089
0.035445305831535	0.025015132004084
-0.526439196579555	0.181637496851545
1.53853119511365	1.0178808747532
1.50052630661167	1.20108049542905
-1.13430969417015	0.699200653721831
-0.966453487774123	0.538358739862374
0.384899627476087	0.174715224295631
-0.363623824296133	0.289359675440868
-0.446096526907094	1.0746919155121
0.613189752723689	1.91507683848109
0.476748261549717	1.1197891199591
0.499741073876285	0.425192869920128
0.130390244521113	0.055711754297703
0.0835998396942744	0.0314433923639881
0.330741180367586	0.531792112174041
0.496338792830083	1.01369385377429
0.165139216165514	0.313725048299016
0.170086866810455	0.41447525496227
-0.102437917967616	0.219187356092639
0.148175409450653	0.249274793892361
-0.556757405435832	1.36292611145603
-0.241991412623522	0.333261661946472
0.153643438806057	0.308192691235485
-0.28549927864688	0.613460606175997
-0.052583478215926	0.0535875988674467
-0.928532314164995	1.58765556589584
-0.254261513446887	0.267832916475948
0.486280859530318	0.780317909065591
0.236113148415856	0.310311175082493
0.102764942110457	0.161884132459265
0.23509393603487	0.395726162260819
0.491709041232336	1.01654283951123
0.254913075181095	0.426115685395702
0.434293693869788	0.782144871951742
-0.147864685664371	0.210171310459125
0.0402147345469489	0.0456194221093998
-0.391200734435499	0.706045832949802
0.191016912907818	0.3378371463472
-0.199229622304798	0.356176559277825
0.00319366603500391	0.00499977432425767
-0.0258403955074346	0.0441214013380098
0.306930387647894	0.844423238592875
-0.442893738594433	1.04509238615385
0.438382926538689	0.737536174554941
-0.620882427161774	1.23881512452383
-0.0359926259113233	0.046888508649675
0.016879342639223	0.0160382462166385
0.578271013010872	0.980062468097209
-0.183263070607218	0.278398216009372
-0.102830500554782	0.170455552613886
0.254072313384775	0.305596389852565
0.22258304861481	0.315778116216634
0.48021332025411	0.815626835105189
0.0237902639075195	0.0318346468872046
0.109571850456113	0.222141565232233
0.157546526112058	0.320379940072547
0.288278099942383	0.751660687737389
0.202049105830876	0.502639468307575
-0.00154945158411526	0.00241020781689901
-0.0457675542440836	0.0823818252707046
-0.0978661564554851	0.157554656989363
-0.28948133185511	0.673477721093711
-0.0631558433791254	0.110346993175139
-0.115539363400306	0.187404803141846
0.0423118988992053	0.0616189414948027
-0.20305114309735	0.214626981563556
-0.253578465352871	0.266933985798239
0.153165131441797	0.184156262559652
-0.155425583199273	0.213330814878601
0.227213835991587	0.403588273758044
0.117704565521035	0.194835562154864
-0.0982875988261759	0.166546857435316
-0.105119705467728	0.174787836243675
-0.171474635025174	0.282382374918642
0.244865525261785	0.388725534556647
0.297528987208431	0.472972916444113
0.0304628278584237	0.0336982173596109
-0.148761016700691	0.181885838801912
0.144297690015928	0.21268605132185
-0.477898321682052	1.03976988393654
-0.622209611038002	1.17297541896471
0.0618951719643819	0.0660894402619738
0.187254753927314	0.171194851273311
0.507552230475244	0.412316431596319
0.30362029243078	0.604506308743789
0.495404990766197	1.2581620653679
0.440729358512356	0.72904217594746
0.105492915263487	0.14530142021457
0.0672777112315198	0.0991587409130338
0.349297580490851	0.459137807632258
0.00466115711560953	0.00402118782968537
0.187619228926609	0.200596297187099
0.0225231390215172	0.0188435192991221
0.198070736623855	0.308860374875227
0.363750748684355	0.579745326582813
-1.13331884891792	0.698521049762331
-0.23306208024646	0.232636150487787
0.496277105887438	1.2289716486389
0.1486738341364	0.222933874395955
0.395161938248334	0.434201345582073
0.780943476937001	0.331317040485419
1.88444019841617	1.54240284692393
0.902169982465699	0.873187296689222
0.641744680171404	0.545784928443595
-0.51979774380441	0.470826038218344
0.101719276066736	0.0594950649344816
0.272223122031964	0.286079464590288
0.20563731687818	0.361045649233678
-0.137254048021891	0.26342752664541
-0.302759346981215	0.693874018073216
0.695902575553989	0.88244503526474
0.380007803221751	0.191867148004975
0.219277831031084	0.125792362340233
0.262211762769	0.453332716998831
0.0880454665955847	0.143034031315404
0.0582218758631797	0.0979397422225744
0.504475695652787	1.8498114913222
0.00334485385338734	0.0061219655459209
-0.0283382580357284	0.047650956411099
0.0492954761252288	0.0830688965927313
0.0980066345425308	0.145397621109477
0.122382828534682	0.235063971586471
-0.110018450564698	0.204629877498237
0.302255934555358	0.497851656012882
0.191862589831272	0.238521088123554
-0.133295384833506	0.162811501515343
0.33948365829362	0.612718580488847
0.316259931702284	0.582943848569916
0.216480078311179	0.463205669876688
0.374782476459985	0.787363141054752
0.296372079766571	0.550366577276233
0.448425545729257	1.08247964901443
0.343507667267357	0.648942094696216
-0.0551466704872159	0.0766381426624387
0.104122849953898	0.150335915958564
0.00140129206285892	0.001876534868824
0.42601169495282	0.910918451082389
-0.09005453911947	0.141519230490679
-0.136475525501856	0.234259408506842
-0.0602638610942198	0.0937503408241263
-0.0344914977610664	0.0606473696976296
-0.227252210075911	0.563466753378764
-0.104058347608563	0.208575766557101
-0.0979031382545476	0.173602653540809
0.102067767566654	0.153842655218165
0.494777055745114	1.00951926934418
0.0517028150786087	0.0724486014607177
0.158476853055236	0.211863755768007
-0.30485903579095	0.557748626690094
0.0940547688969289	0.144905865830066
-0.417218667982705	1.11990656974618
0.0737037111688751	0.106140436999057
-0.351127625707519	0.614166117979118
0.400868896280249	0.861872514982097
0.165155944906966	0.349878165998896
0.165374745206165	0.331297307201152
-0.395418877076251	1.00090809144625
0.209183622157746	0.431655449795513
0.333849997350461	0.887204647953138
-0.0437982557792789	0.0709700991942369
-0.123084560037437	0.2154634216655
0.0802287899666797	0.141617885675165
0.236474897528396	0.479927253096389
-0.469888063221008	1.09066321334097
0.367984717331421	0.670511251368265
0.361933768778347	0.565726382861106
-0.157424590270889	0.223622735401303
0.323047008667448	0.631099378124675
-0.180662751247638	0.337241812807602
0.122609304938543	0.19792558238527
-0.281426355357098	0.616358371345037
0.00791888053100233	0.0111021001513746
0.186398065538735	0.279508038853597
-0.0405740138099349	0.0562715647760894
0.144008212229765	0.198447195681919
-0.0602773614659694	0.0734910598565667
-0.257078314998054	0.368321777697136
0.0529937589508543	0.0743831251120514
-0.0172803772352371	0.0251550648178069
0.0464602664187156	0.0591145008027664
0.130835749659732	0.159695207847789
-0.974163014508506	1.55273063178752
-0.0412592328344989	0.0296521990451249
0.186891622621675	0.138132528513476
1.2538485679693	1.30734984403026
0.145353670107863	0.266774176522088
0.307038788156298	0.523396770355169
0.144753332345833	0.199603814555337
0.0710698852221548	0.105346564465618
-0.157794750760374	0.231202448233172
0.632366531836119	0.336823150413934
0.214935750030425	0.217569805219848
0.0973901545864932	0.150795436359736
-0.00343955325072267	0.00497829702335215
0.164487325092189	0.184655472002021
0.692872391964151	0.332670774022736
0.215504013671622	0.21817597160253
-0.308559607459159	0.247787454402326
0.299217367405833	0.254024375799015
0.599199483276601	0.959143287650955
0.434114000109751	1.34907811598563
0.00159603011363532	0.00254264934924417
-0.332818718544796	0.828509578411893
0.397513052087704	0.489010926576208
0.545353001572439	0.626425583184604
0.317384790595435	0.303723734402503
0.488426298463071	0.452373732081611
-0.759651386577743	0.719334448213763
0.383867259985953	0.266627872453811
0.163808265154037	0.183783196853308
0.140296369775876	0.265111459112358
-0.115847083639195	0.228805045482002
0.488782882439446	1.29476332045664
0.264196068495813	0.334177046753542
0.0135663751829206	0.015808634320448
-0.0341752411373581	0.0539508484044491
-0.00652113209832154	0.0110391576560387
0.229444617491421	0.625458617733146
-0.0646966032098707	0.117644407917558
-0.0408630656976459	0.074722000964629
0.207874888831274	0.478177853406151
0.517711337520242	2.11307436069367
0.178980170240767	0.380770217326197
-0.104770605320216	0.21342912971163
-0.545006092936135	1.74697712963806
0.0970956030412837	0.156576010092996
-0.517045104785994	0.968897244250051
-0.106879456534107	0.159311758498074
0.0910119226384682	0.149845859919982
-0.0272478934240694	0.035415995563556
-0.102399078871891	0.144123842030484
-0.595557244115477	1.92435056419718
0.27047419885876	0.679187886619496
0.244121801367793	0.569220065725993
0.0784107837035062	0.128067055802584
0.0712728478530209	0.110026212047945
0.280037493102852	0.544560420414682
-0.151981088864912	0.249175882220272
0.13169246560447	0.207968417567891
-0.657602203946909	2.04337436065278
0.117342305819586	0.18619210753127
0.168143013385285	0.323633682482445
0.076619393466919	0.14551436754183
0.0938669883710028	0.17426958724014
0.215209935072308	0.484076148173215
0.183894218221653	0.400136311538016
-0.0332226564788742	0.0571714770888358
-0.36466784615155	1.064674981986
-0.196555067442931	0.393558433427833
0.0243653526180699	0.0326244763375795
0.381302196986382	0.968914460318424
-0.129266577779568	0.176505410494453
-0.0384573642824694	0.0564854695255813
-0.145789204795544	0.25124874550007
-0.287051123064843	0.641989040520436
-0.169255291754931	0.356310833044761
0.330676132361215	0.692379503623556
0.300688735657146	0.582383860019364
0.346822458308865	0.692334533737542
0.400641461524021	0.905467237652804
0.14287069921562	0.210207946714986
0.231302752218423	0.382883526382084
0.313333391710969	0.568104576736519
-0.171858401011498	0.268160592594184
0.333986248682805	0.564966653842923
-0.0992213305091974	0.147898620012981
-0.245132773759542	0.431972484674417
-0.0646634832075798	0.0901873914257617
-0.139125166345938	0.209580837451887
-0.100548584289643	0.127836171831609
0.00775768662604217	0.0085034616676088
-0.0211976509856827	0.0266743479707487
-0.149626532150268	0.225897765079528
-0.0625822349657325	0.0899611336873983
0.312064429662096	0.557558527198553
0.035159438197159	0.0502308036954083
0.174244624703524	0.268550381132157
-0.162563949388191	0.301131745800666
0.0255508019879889	0.0331884171309243
-0.249813328381978	0.429855700709619
-0.293774631551616	0.563628698346365
0.156257221661722	0.271240376384523
-0.174351955089109	0.32550374694038
-0.00558662643449218	0.00745953447926155
0.14559274838722	0.257063236493665
-0.104731898553261	0.138076218418736
0.168987608528215	0.169893320246771
0.163377250081168	0.138300709518471
0.899455961284359	1.18391179595287
0.137672386711795	0.25697285925627
1.09768358802437	0.911660855748337
0.883801526325396	0.705962686119566
0.422616145699916	1.06987468280024
-0.486704775457918	0.532812669883893
0.342532396601118	0.407388946443607
0.350658801190179	0.711985812046531
0.939545946142389	0.525529150731504
0.399963587795088	0.701911906180252
0.347219381510248	0.435181322154968
-0.74104028890234	1.48337686760733
0.289877550167708	0.521413229720606
-0.267303168123297	0.685480749805077
-0.409965801174145	1.11746196912706
0.132960100003502	0.255101976311124
0.142355212682307	0.209327310741398
0.191410207170361	0.237849182722145
-0.510741506255472	0.675611286724252
0.339381646392035	0.392509225891019
0.318153844386792	0.304578752064684
-0.122298266831648	0.130280983323942
-0.55661055031867	1.36235968200055
-0.0181801040593226	0.0297659194154946
0.0764809824977476	0.145253657287836
0.363225891705599	0.933953418637205
-0.0286137478780593	0.0461177575494915
0.200191985390827	0.448516155910816
0.247328204221066	0.539035545110691
0.0899682423880972	0.147886844512346
0.167489728332185	0.304027841043568
0.313337613692408	0.568178465356109
-0.369190533863744	0.825335467276445
-0.0215505152102324	0.0352795068652902
0.327973036046822	0.975571176384449
-0.106545160274091	0.193591680384927
0.00856199027515958	0.0110051815984392
0.0435261472005851	0.0616340544560166
0.0200964313053115	0.0309395806418544
-0.170760514546118	0.360277968581615
0.127756715900168	0.26061679142189
-0.0529207122531191	0.082057189066749
-0.369917929370985	0.962649656264607
0.0450195576651092	0.0747987412652949
0.104070386905557	0.179204056801754
0.0968069324178582	0.156056437893444
0.219150579852314	0.376782611155896
0.1320714332959	0.231609317631643
0.101122070647899	0.171868685125181
0.281861208667445	0.555619751488326
-0.339011330813653	0.704254787328735
0.596028091888654	1.79743779018394
0.223088408387555	0.459353164509004
-0.146343773806592	0.252383849618595
-0.0298810180472392	0.0448681091047456
0.0476325943321619	0.0776467547635502
0.232339213839782	0.464510258984663
0.0175525828320885	0.0260664758772607
0.258707531888047	0.549362729205315
-0.0335482702369807	0.0541671250733265
-0.153477739873374	0.338116047297493
-0.0345390680202233	0.0532221761237971
0.333748975306719	0.717828336218645
0.0259654955934284	0.0373411134674141
-0.0274592695364885	0.0357011597129561
0.0555007074585259	0.0900546300534039
0.0734794402979814	0.118101932215042
-0.108523157841338	0.175911118297932
0.147216182594056	0.27333941002825
-0.126494031743842	0.231683938242749
0.175160057469412	0.327444055325218
0.132513051672134	0.243434322471972
-0.384300072361341	0.823645121091255
0.135770203285773	0.252739965075066
0.273581113709767	0.572472971920558
0.251029922544936	0.506973827909324
-0.206777212523653	0.397890865008794
0.44331122428536	1.14281856064673
0.773437984730082	1.90288992154074
0.400938540941799	0.715919696522798
0.284780372133148	0.411502482652086
-0.207861026054485	0.3168877596141
-0.30856861711302	0.520711061840457
-0.183019925793159	0.260856727303743
0.333483994778854	0.563877348319205
0.123939770888402	0.180846523252788
0.164710744510629	0.294964790216758
0.24044442542863	0.459313681351442
-0.099007535112059	0.147536887930361
0.115067352248973	0.153902123971876
-0.0300857863503628	0.0379279544586632
-0.140006670300407	0.148822223467761
0.235941398870842	0.310005098298152
-0.165455896920339	0.210733054363455
0.161290110062716	0.19894021167235
0.0377857881232785	0.0525641148244289
0.356636044354677	0.811629223154247
-0.206364997330175	0.406086761139903
0.0971016477697668	0.169976426297893
0.252212211693114	0.465474465283478
0.255169426497385	0.528920779084092
-0.37149485954712	0.919599935211128
0.0214141720086337	0.0303163119417528
-0.21191531763211	0.37108893643345
-0.148747654193268	0.218077493393889
0.436559016682108	0.746963929764315
-0.0105371085874941	0.0102013042046139
0.113705847838294	0.17771715790274
0.1403357906747	0.25351425676897
-0.0125376506195708	0.0162611925442324
0.208729162362622	0.242614295593763
0.592632259298827	0.572356966562097
0.782658526934225	0.520957217373559
0.38215139299251	0.212306266404081
0.507393858439235	0.412152608421362
-0.153087817546593	0.202544466083479
0.384163968144924	0.282463471340844
0.478174900129663	0.477998300090472
0.899817788765409	1.18465283634057
0.580360113001672	0.582185050771318
0.197558676646432	0.187204140478901
0.360389740395616	0.552210538416742
-0.595818764626744	1.40636559067216
-0.0133059409369763	0.0161581356002711
-0.42732218433106	0.839495634753374
0.652776720859379	1.2284677053775
-0.479220730302857	0.660563219090902
-0.591924687819436	0.605748927405367
-0.402806202221421	0.370352533823233
-0.513090340540153	0.432693818985329
-0.654497970995115	0.706784972819627
-0.342985279197828	0.435715371935726
-0.0642367928883181	0.0842693540488634
0.0684937959369448	0.101162097005328
0.17356194004934	0.246348645067504
0.0331829414876416	0.0439895786599704
0.234743800294514	0.395016222779729
0.0806249616536976	0.102530091548654
0.330888968208376	0.549388999041226
0.332972960159599	0.554187977909085
0.00339665345357425	0.00415151692322792
-0.0327528164509382	0.0383759795682129
0.211091982437638	0.319797117938599
0.179204254002996	0.236548524723859
-0.0813858804299399	0.091172624014457
-0.28080651097798	0.388136018431193
-0.380190631137526	0.703942367114515
0.147673878266299	0.248287965908407
-0.101606199470303	0.129327436728449
0.157473060067495	0.210316648723432
-0.0997549541603686	0.126703350547574
-0.0386931458530956	0.0488325520433058
0.366972244787067	0.658105417920412
-0.0351032713076989	0.0376390363376299
0.334873338061274	0.567155889321179
0.0889205166638031	0.1092513827791
-0.402447087165409	0.706181850511242
0.00433792245476525	0.00512569000186844
0.202908879388785	0.326184598192578
0.208405276392587	0.341389354241848
0.469357950401955	0.851193119136841
0.111235187854777	0.156131565659565
-0.0210442367294399	0.0264742168453848
0.0580162988554888	0.0729237288880194
0.359699719534575	0.550720259723156
0.143869755468022	0.198220119120754
-0.407948867582103	0.857566369644376
0.650329125018165	1.54170006617076
-0.00330775667087959	0.00371592127470118
0.401110508659608	0.621004670674653
-0.24779249244789	0.275196101589376
-0.591492153989289	0.981520386577969
0.215295001399462	0.332189653634767
-0.449720511456488	0.816875066247797
0.105984582510042	0.146002206449163
-0.183437036638061	0.261586392962591
0.156638180912095	0.208977540349366
0.166587364511094	0.267277228006662
0.401364477265347	0.693482336025597
-0.0699095553742588	0.0851480542301931
0.156538012115626	0.208793455786355
-0.137537787966731	0.175119579539027
-0.125908402517597	0.16046712287834
0.249066745042949	0.402730110732577
0.435655936742497	0.758599333829804
0.809383462075814	1.3249332873759
0.272964420117541	0.28706419358441
0.0636434567681698	0.053500745559526
-0.264752880240497	0.308364707825577
-0.462605660428234	0.6907125904853
-0.272732549049385	0.30208175110441
0.12460804274545	0.148680433997297
-0.0233713384001848	0.0250704701006117
0.171302072382892	0.197372585279033
0.10839949429357	0.122990714851117
-0.441578970929792	0.585158799233521
-0.591414451746	0.677777155180889
0.396835003569941	0.449696216461694
0.550616120150706	0.838635310679418
-0.379091217719896	0.439465632192289
-0.0692801860031209	0.0777388767882658
0.12672654676631	0.164243719491372
-0.163488019175043	0.19969513161201
0.0660159344316326	0.0848294583723704
0.518479430806098	0.920301250634201
-0.162111204586997	0.189535846060547
-0.321811428497854	0.478623101027573
-0.258950729909511	0.409119094611522
-0.196856650153619	0.250793772253821
0.122580844241977	0.132959328958163
-0.451914754180102	0.522123871725681
0.398069308096568	0.515202557079936
0.259792313224637	0.256077154342739
0.474667693511581	0.491829297616584
0.206055113949741	0.201862957617785
0.289737567588138	0.435340477669927
-0.277993039462691	0.38313698272698
0.0515291275170471	0.0634794078183415
0.162769605731847	0.137734093869164
0.59227778514683	0.571986927153601
1.3354917191139	0.960914538907831
-0.330433392197757	0.189696029834789
-0.283156419237894	0.297656083845011
-0.160997382758028	0.437938594380125
0.434565620794672	0.769476599774058
0.175448563955686	0.154471501207992
0.440608413004636	1.18329783913695
0.107381212235973	0.272463276503998
0.0615972710096936	0.108116683930307
-0.341358437602866	0.578354095067819
0.340863793257673	0.814903783563115
-0.216084317298247	0.604880322714973
0.047318060717382	0.0914944823813024
0.0996009697556345	0.168954412071623
-0.0106565920418097	0.0169668543922458
-0.232869389503571	0.532053094338795
0.129472814026437	0.255177983254867
-0.114341650490344	0.262791914285675
0.203058453909637	0.481738442393451
-0.0333742352218525	0.0462292355952551
-0.754858873852605	2.48706727502316
0.374942583344092	0.797576564366028
0.428563587534909	1.87140360052591
0.157512935028952	0.33545456852084
0.13587507302429	0.263894268360275
0.194377101986111	0.509727833148227
0.234949539523667	0.395409229939926
0.361039863460764	0.553603243649996
-0.0565046557038203	0.0633939457935572
-0.324333004528884	0.729921677253758
0.00276451496803066	0.00337996390420855
-0.0744707763248149	0.13601856887199
-0.0122484696803444	0.0131481183028641
0.0580476214606595	0.0828730804153214
0.0146883816368855	0.0259098212827794
0.444142542656436	1.80240958534699
-0.0544597751616682	0.107454809586254
0.270677555703013	0.623478444025006
-0.201850720224661	0.501857699204029
0.256594616750713	0.591992861994014
0.428427369310967	0.869317000195936
-0.840474850190644	1.92278908255723
-0.16164018659101	0.279184346681681
0.20192361837095	0.453629137205597
0.0762183944513452	0.119562074879075
0.420257300746239	1.13097433724235
0.249918934316446	0.546586703538737
0.0849558471209677	0.152203801516343
0.0557468796464202	0.0934252133161306
-0.0510428353307449	0.0903811409099324
-0.0529797320548704	0.0880319615771802
-0.260769675371411	0.497861460952342
0.152474421518338	0.232370447263063
0.0397443351642878	0.0400873511655184
-0.544477121552827	1.05257670511527
-0.296728577364077	0.456330280765686
0.202625677004684	0.325584451212484
0.304857672509491	0.823699214171383
-0.176706975780052	0.406471587742661
-0.163305460735242	0.349015301537743
0.149102529450508	0.380026912236032
-0.447700824332394	1.33867912359153
0.0769967185659123	0.12550792596832
0.361462046235296	0.574846110089817
0.0330443657895481	0.0558260121552924
0.219043952682485	0.510960643150745
0.240906027487179	0.592043398204867
0.0260825463902286	0.0441475029065258
0.28385231616472	0.644900090504003
0.19734552394754	0.18697071977345
-0.160149439746175	0.170050212043822
0.0574627553884821	0.0425876091456469
0.762040896772696	1.02556052240881
-0.715493075606858	0.813326053792915
-0.197610259671302	0.241351246081462
-0.0133033011407033	0.0188623167964296
0.223768899853029	0.424467974882278
0.113218619712078	0.151079657432832
-0.55383349013495	0.794679646630524
-0.133424757126233	0.127054944399492
0.263515600763245	0.333326933795865
0.330916561204463	0.350599299036644
-0.128070933336057	0.114556658795301
-0.263198566133414	0.262010727077956
-0.495465877270537	0.928118246347167
-0.102390063810272	0.157059785963533
0.319426729084582	0.606239975617667
0.281619641978456	0.48262726985291
0.137882514915273	0.157571724218684
-0.229358285768031	0.304375616136362
-0.349513912174471	0.725636614437042
0.400138306539697	1.21169225178836
0.0719954300178355	0.123597462656407
-0.0173968625860504	0.031353131315427
0.252682293700438	0.516814746740403
0.332157055248903	0.552375909475198
0.239342508120714	0.497230341748949
0.381516695157903	0.959556615701048
0.264725599617581	0.711609436127607
0.363848439351653	0.590295471471147
0.202424029503555	0.429336006562669
0.331535987019676	0.7112683079098
1.018203699126	0.896818687205692
0.282853440111235	0.219204633414395
0.385164450828377	0.250840620929093
0.128116559890381	0.12794525906026
0.412283539795292	1.94808862692532
0.357516296891239	0.51549821470406
0.349343379188607	0.449052230057396
0.226381050814187	0.771585212042208
0.164566581038996	0.294654143173372
-0.34136617259081	0.507957122349097
0.0318196279186112	0.0452315888034457
0.112287208530773	0.287374745477797
0.00126836402283894	0.00260131791778621
-0.0944087531163331	0.238096002422907
0.237884779199101	0.809529111123846
-0.0317658858133848	0.073937533430795
0.113326583630011	0.312590022314056
0.0275519585999493	0.0455195363013637
0.464736539541993	0.913480169828404
0.181373950803112	0.266816389394175
0.645326885220461	1.23424822082133
0.194833617831019	0.214348639180325
0.0800616127065649	0.127446046910331
-0.0568735228183292	0.0638285596165269
-0.181795080179787	0.347471988279567
0.221059999106647	0.270635227789294
0.0191754013861242	0.0244388080639944
-0.0257202068082823	0.0458320908472063
0.249221495069334	0.733487300278856
0.0971831028313583	0.205801772674873
-0.210874735685675	0.450812004486636
-0.405368982631082	1.18017265926483
0.284250387630084	0.64009193160142
0.344125302378459	0.641678234316401
0.00899493333717122	0.00986434710720504
0.104413713132113	0.150813378518437
-0.013562976088048	0.0216991806308901
0.070059941744469	0.107953074040901
-0.3145268360816	0.678839433944171
0.144577843994003	0.265085517572347
0.0849449041798601	0.137393711607095
-0.320761603512224	0.679071447262841
0.066264002687114	0.10451655332262
-0.494910767698479	1.22899886811945
0.271940781506014	0.360681943289988
0.15643674667323	0.208706972325075
0.138769544079936	0.14296356139966
0.0403588437619492	0.0407233723649969
-0.553813629861326	0.794656012305953
0.295344214448386	0.547997472082161
0.107526414858211	0.215824573949792
-0.119616756489427	0.218498817255379
0.000377601719120877	0.000554309686996668
0.0752112236130516	0.14628045185351
0.174161392728068	0.325126349262532
-0.441181620304326	1.19212743116015
-0.479265374394724	0.794858021677523
-0.0565286302098675	0.0898413589056184
0.064203819041872	0.107237765968562
-0.00614574854793734	0.0102041121352459
0.251043236069565	0.610251423807854
0.385086213739897	0.298169823663592
-0.288006143030306	0.250606502352525
0.0768248286450542	0.0595987029464285
0.12410989138741	0.108850486260084
-0.239006949385223	0.161905443744543
0.970026714690162	1.35416383936896
-0.254805003094719	0.268510121785739
0.428663114916272	0.844962519146842
-0.595613055671553	1.37527144768189
-0.123344202686897	0.13150377916171
0.587728470967823	0.779761640388516
-0.441355913705094	0.484397752317054
-0.187438113801759	0.128786767697525
-0.333251456839221	0.288014817032554
0.1334068146297	0.10353353909416
-0.536806973344491	0.585663853737432
-0.503898612787155	0.835495814815225
-0.0250603601906314	0.0305569644276671
-0.566912298326553	1.09534659920693
-0.315828639864365	0.518011838501341
-0.43284020074759	0.549206720552006
0.259158199569985	0.319708688249205
0.116936383023424	0.167237069126312
0.259230960508888	0.852258038328209
0.23126808420155	0.651301546954235
0.37839091849049	0.838569843040131
0.330941948471467	1.06460888281731
-0.116658954179736	0.230683057415
0.127264069011237	0.257578808475088
0.22529447194895	0.432859280036654
0.533187110503508	0.38947646894033
0.0911438454249175	0.0823249184497883
0.0624804016721837	0.144085057705133
0.322578757972527	0.480400737292316
0.273137271011623	0.287167931736767
0.14692685507858	0.430474269235358
0.0165504083814291	0.0223885628202318
0.203631893638317	0.26531830267593
-0.0163422328000698	0.0312492789669031
0.167941864703664	0.448740624859735
0.127669289861931	0.320045207448232
0.174787120539472	0.519804426623945
-0.0338970136338311	0.0800926006515874
0.195770641468118	0.304442666960577
0.14792217959951	0.156979012816088
0.397760771479309	0.539769713079362
0.0698599997060203	0.103380594387307
-0.0421430301146039	0.0493475556448632
-0.112799558367038	0.192111175585563
-0.414069871788409	0.479330749916228
-0.570935264228906	1.16646744703598
0.10959453165269	0.200220596074312
0.281981616945155	0.924165024509739
-0.00844892845217297	0.0128999158133654
0.360466396941974	0.860903893115547
-0.377384316245831	0.93074831708801
-0.0797216921070261	0.115136132247393
-0.260684213844659	0.35971209753205
0.441848139904175	0.70332447791431
-0.518342227263116	0.972653295350033
-0.069455556869843	0.105482984711215
0.150628819797398	0.256879941816256
-0.573926854284128	1.29217718779613
-0.371916455372022	0.847760806320064
0.640342063769661	1.85310183913348
0.535252560344123	1.06960777960454
0.208636618895475	0.371948001277117
0.0638739297105409	0.0889222016171573
-0.0744719127321587	0.0796182455275014
-0.0821288398100544	0.0920831634157105
0.136887752275039	0.124523464722318
0.20264445548841	0.229379166185022
0.277319000044474	0.300219372322233
-0.222533025810051	0.328977025047257
-0.121651753558043	0.207960889997394
-0.0634572560264011	0.0963664393714066
0.294006472741998	0.628444382805259
0.147433324594024	0.273824211695026
0.468212552843323	1.21990451508535
0.401714893848638	0.875280774838565
-0.198287343243256	0.242351644106767
0.244999741906279	0.48573778337218
-0.279513852852442	0.548652092063567
-0.05344725931576	0.0983752285130297
0.160115292933793	0.344827482486036
0.122926606079396	0.21709539670423
0.209039457998686	0.427354467312779
0.27580664927652	0.456965505876253
0.251975308261129	0.354173088047477
0.316576090864796	0.443110268117773
0.884285516577485	0.706590007063331
-0.188206488668705	0.129362951522058
0.831728710862725	0.703610742861595
0.186580044232536	0.137848630073566
-0.336637441092242	0.246610798484585
-2.6817177667723	1.82765552735384
0.570009600312998	0.592981303428761
-0.443605468184905	0.377214677649399
-0.0407231356702408	0.049611735209116
-0.351725354114664	0.54248185886815
-0.264752880240497	0.308364707825577
-0.811323197458351	1.06320785030913
0.38397685517036	0.232215293174705
-0.27845162837745	0.206422562975268
0.604998456713189	0.56108012346698
-0.150975450583092	0.125173372750424
-0.655307725942651	0.708126588787682
0.517202896340167	0.680848724188954
-0.162548809955964	0.190117748216117
-0.360177993516338	0.612372246520291
0.628786772042998	1.09591407280094
-0.551197627026652	0.759411603528431
-0.440902367162444	0.583978756890259
0.367670468918254	0.679544693916959
0.266310867039681	0.534871236982676
0.320725615505639	0.750437689496554
-0.120674707555229	0.147581998371365
0.114874678188096	0.171884897011193
0.147693582318759	0.173527710977446
0.130952432017065	0.145936374955767
0.579095705079227	0.786747566431195
-0.0674951067287644	0.0686755023328064
0.398406860740813	0.639168812239761
-0.0262955073672294	0.052141799945655
0.0757904933139036	0.135954633833315
0.346876517019691	0.876960293722859
0.14252949541015	0.272444906595303
0.441290222748151	1.98522209301737
0.0151381579162604	0.0277577128288156
0.0959731967480442	0.14832986329306
0.22529447194895	0.432859280036654
-0.0140989976696361	0.0171359097395789
0.0530553404030727	0.0878740575343065
0.500231035433626	0.976330968010311
0.120314305339699	0.183200111150747
0.0918987250654135	0.168883122789108
-0.00853401233232276	0.0141667068648529
0.0216085189261005	0.0297259960240493
0.0199885164036065	0.0282439197226346
0.0953916736816705	0.153473135217408
-0.0107989589406277	0.0152660092298924
0.00815749729625214	0.00894262667870552
-0.181552719731966	0.240661803013351
-0.0583467112639085	0.0739195409930975
0.0285948839629083	0.0400996788321128
-0.259843990367585	0.495600495950118
-0.636126600437503	1.57349319796161
-0.0743963535858069	0.110276579452818
-0.0186771750866224	0.027236149337403
-0.286378436255987	0.600758050411981
-0.253565033983974	0.538224590977916
-0.0111573288334802	0.0153452758383336
0.188093185054348	0.305418101323785
-0.372877996949147	0.76106836215169
0.187951746013304	0.258177144656368
-0.425242186426601	0.681032333270009
0.0218576613363694	0.0235917903231058
-0.574059651073985	1.29277383019152
-0.326972282726406	0.768028530631088
0.482787262399485	1.36069101842349
-0.107026829278968	0.182238135911888
0.161772975072224	0.3172393113316
-0.207597085703349	0.399952866763073
-0.315642762857578	0.682313901804953
-0.0245417791868869	0.0328193133132316
-0.368357118982267	0.908718054609477
-0.344434118268262	0.830140871155694
-0.258954359944643	0.527830278612345
0.341300364879232	0.816373686192497
0.126557872736056	0.175967066495776
0.0799513218110747	0.112210690778423
0.604327577517393	0.760908256019704
0.395490106379738	0.408081584057556
-0.355165470487472	0.328705320616135
0.0666364623606581	0.0619672272378332
0.627100033752691	0.92126847020333
0.312246912850408	0.287788046309879
0.124739755914097	0.109399156144074
-0.0413607933704836	0.0399195808407215
0.145036334461089	0.185462724673623
0.242598679545483	0.378800701052283
0.0900562800134975	0.0968434607978621
0.278801947905236	0.30225433064273
-0.28961541917174	0.252322425515145
-0.458830001281504	0.555263316996458
0.53651601320997	0.633623725281368
-0.284110760333782	0.298873324234343
-0.240564349769802	0.225995069950365
0.237578131893656	0.263361737729334
-0.726489188244735	1.57609239739941
0.0210288419653312	0.0226829158152224
0.0541931487406125	0.0704188558167652
-0.122819582016937	0.130895446511156
0.048338370204026	0.0561298398080588
-0.0136347400139748	0.0171384095477167
0.182923713513453	0.375242675231059
0.043719092881458	0.0526858285413165
-0.220666890501289	0.347750594883479
0.0543570846071357	0.0796551050490486
0.345134027211281	0.421533077249768
-0.0648652179834393	0.0760519993708845
0.302093248514365	0.883252297985537
0.744149567145549	1.62039317141941
0.222234731004784	0.457034006274808
0.0947826272375839	0.192734275719344
0.209676412125307	0.279557737687902
-0.0167687373371804	0.0237388448777792
-0.125156787302184	0.203819996739311
0.136253176774423	0.242564136799563
0.0550957872201611	0.0893459456959287
0.0119003938764704	0.0178097558801987
-0.117751598160726	0.214391343116002
-0.0299927005023509	0.0426060019434625
-0.0745101233998918	0.104276716246659
0.124242855771188	0.181269114452057
-0.0102737107431104	0.0128666805782624
0.028712885982745	0.0361996693019403
0.301105737618763	0.487892072622267
0.426969623452353	0.963043729281139
0.112021176552037	0.157391483001816
0.312785600302784	0.559402170925669
0.273573585710026	0.572434253074955
0.73254650932647	2.47856977534851
-0.288839729016998	0.566926583260215
-0.162183180672752	0.273529336695611
-0.08736216495736	0.1262690583708
0.156876290427118	0.303008735458534
-0.173604631628012	0.286582887570446
0.0277295551956228	0.0388377235054579
0.131807014797498	0.186803575001871
-0.0458960921839862	0.0656080557018912
0.323058430841091	0.63126034397501
-0.341582320808756	0.645781252303253
-0.595175879376156	1.4341566512773
-0.133596881874863	0.217930066178172
0.587252973184111	1.65888992999771
-0.140068840851181	0.216973422783482
0.200513031026128	0.342137691546746
0.348658468960212	0.94982202848983
-0.73660222828196	2.42398862740372
0.0324833994197495	0.0430199917664254
0.554514618866107	1.39991894946866
0.144331427192071	0.226024710829708
0.214771761823708	0.362995649944517
0.256209817946886	0.374329196406967
0.297836425146936	0.568173879220581
0.332232802441495	0.705165944702632
0.304174671122069	0.50951588776341
0.168335570722943	0.212655094924846
-0.509817165982841	0.674130685171977
0.545681781600579	0.848790942950738
0.453859080685196	0.592301568088539
0.0401023920811767	0.0404575354899693
-0.33061181865143	0.474028839428585
0.275617237826644	0.373867849603911
-0.0124779598269585	0.0133970324482342
0.178323775537284	0.210864427872074
-0.136934991726443	0.174227779128152
0.276528621882517	0.458473423759978
0.161420992342506	0.219700056769129
-0.344701560951983	0.438718100126893
-0.147405565205683	0.172752167431998
0.352052550786053	0.474473824216395
0.198334789315104	0.252425294327508
0.634530258512629	1.08460883299444
0.0908614561059926	0.0900595951467455
0.315687531887294	0.581488463661648
0.225878866043097	0.366876133184332
0.28219747540525	0.483843778949497
0.143927010672857	0.2383573998007
0.274720125434398	0.512431950609252
0.14343637083138	0.211221765118107
0.201568958710002	0.452620706003722
0.199033464096989	0.393750128827386
0.178637600976422	0.258537686895667
0.373453397077374	0.763740846267342
0.330894725016737	0.693074064651253
-0.0207536595360781	0.0269776104538374
0.156302059969663	0.256819912578578
-0.0142948035275873	0.0113357380137983
0.144353872041368	0.212755486192421
0.383376627123079	0.925809664122658
0.0333942542721732	0.0442814742406701
0.130255591581921	0.171891930289967
0.0493747952509133	0.0573883721792869
-0.083591269926048	0.1443954149196
-0.552199684015424	1.23857569588203
-0.102527398787816	0.157304162281317
0.0971935444705434	0.170142140639139
-0.0448405665746067	0.0745075083088897
0.0927964130087582	0.141365815872292
0.0655933235030538	0.0842500335637559
0.520396901385472	1.34780487248681
0.37964978903901	0.862504950129607
-0.0604393438309766	0.0817765307752303
-0.182052476300208	0.300402785088884
-0.00625701594611982	0.00884617941684938
0.173472494219393	0.30403075350852
-0.449902805687412	1.28221272754498
0.179581053970992	0.302987327184019
0.225161413835314	0.399068396125537
0.0892863836745442	0.151956181087545
0.0802531286381698	0.127784663160843
-0.0497219330155218	0.0752098592575111
-0.0105121389396175	0.0144466813992848
0.333161654500441	0.55456822356272
0.259987670880425	0.44842178219735
0.0224698158142361	0.0277807660253048
-0.19301339193991	0.328340692046784
-0.0252242399534345	0.0358738639537129
0.0623807141669492	0.0969394362775518
-0.215772830517729	0.416200451792305
0.127113070893011	0.219351227021665
0.321136876539174	0.610571285965927
0.341701545282515	0.800960464281467
0.00813032092618906	0.0107716386317128
0.0912549484131802	0.144595166230423
0.0121510566927185	0.0177516562029272
0.141236052248154	0.245522524686042
0.00233898544110778	0.00304282793091824
0.0564275588419432	0.0769813126320305
0.662020182752976	1.82210495245343
0.280597685813641	0.389523169015392
0.297633165131049	0.360804487655874
0.0800249478066231	0.0836769811105921
0.12410989138741	0.108850486260084
-0.0573691648250943	0.064427133848102
0.0456044763509273	0.0435466226195451
0.138482155384098	0.14263969837068
0.0322779692430959	0.0298394564377431
-0.332380084441964	0.477480231452571
0.516478875417744	1.13661882941139
0.299124073663629	0.476220276789156
0.0739461453793643	0.101868799909074
-0.36531374608367	0.504198928792655
0.0197159557475132	0.0176423844776368
-0.411040414254958	0.545130625691864
0.765283543108547	1.32815234358969
-0.355069462459598	0.470910381729013
0.449995896857994	0.631321641009501
-0.146104523371414	0.213548250499793
-0.548172320476635	1.11817878596087
-0.122494538499688	0.172972914157292
-0.0846554839112122	0.136035622287197
0.348605325817279	0.933421442188953
-0.104698706921	0.194413534899094
0.0912228454371371	0.150236294923618
0.159988062444638	0.233592044386218
0.322159323719788	0.621050274716515
-0.245497890520485	0.520455616674709
0.0743422658852268	0.10715633041826
0.0603378898123034	0.0799148880621614
0.188540904558314	0.354435371744649
0.240997548774621	0.418601473558108
0.51322724910838	0.69252640055505
0.209617928732808	0.432822729320849
-0.0237327058737634	0.0355525061088474
0.270101710060552	0.495080574138092
0.0302838420449155	0.0529736970761377
0.253530591652511	0.618368164735648
0.38125060364654	0.938747157729682
0.158016151153367	0.274829458075523
-0.0419021564585845	0.0563655187018948
-0.146788730314517	0.294302608329078
-0.239355164723333	0.342055850750475
-0.444807425231478	1.05165363871513
0.0838889439753687	0.150040006196463
-0.0319362052473442	0.0569902404839905
-0.0176154006542621	0.0263197855755505
-0.418998805413861	1.06645744436705
-0.102396021234612	0.169605581605928
-0.242187032826147	0.437502537905895
0.139489078237812	0.201933555131001
0.208640771230673	0.310906148933641
0.217013784208527	0.335515047061251
0.446710615905824	1.07614944629349
0.139571424985482	0.23987658568914
0.443349147894593	1.15603124520041
0.0340580330939176	0.0451865672942002
0.211081925368241	0.407655523355824
0.576741431852019	1.69511679374038
0.211687696125441	0.382967768207821
0.305172669480218	0.518942597663087
-0.360666158808074	0.575353530056165
-0.463984674960603	0.817311265369258
-0.203689677774708	0.337841415010571
0.182272160040072	0.333194675044529
0.0606605329226305	0.0905374838303502
-0.435851052995255	1.0699079847317
0.0956486548471867	0.159927295713043
0.282142381387966	0.556449310330021
0.226934433084434	0.441479723207396
0.365440745608139	0.951211637293657
0.275006023938706	0.448927526943214
0.224659787241379	0.397924936447894
0.212147047242364	0.321834315071197
0.566079054954014	0.806254019859364
0.695535760787067	0.881800986015809
0.214878139738326	0.217498092801329
-0.209469416496221	0.197492490640924
-0.155598259329589	0.147599689096242
0.0798768146622396	0.076780786384789
0.249378914112452	0.292192862608655
0.63541256583944	0.912156909910853
0.249082589708751	0.291815923554678
0.610778593313116	0.936943826639647
-0.226874975858479	0.239256606772289
-0.0190621094877771	0.0255221317562763
-0.543427471164106	1.02173403433867
-0.196868555248161	0.250824329224181
0.399989523274415	0.531074476071444
-0.254220398906328	0.2677669185127
-0.460210025503646	0.557669236433113
-0.263938896580364	0.262905423514021
0.058781521892104	0.057967460838373
0.396835003569941	0.449696216461694
0.208154078359223	0.277104808003117
-0.0648062601544442	0.0657788883708356
0.252399044466765	0.420340965277667
-0.0376566970922132	0.0552456352094759
0.0548377238112797	0.061207363464502
0.208329571105057	0.310346147225344
0.0118699101234034	0.0148229301835159
0.0031824865516045	0.00512678676075867
0.0813903696255497	0.153653498234669
0.122119291789121	0.215411453629649
-0.0792964092243852	0.139454785995938
-0.181362627690528	0.368784168165018
-0.285100935943688	0.466348983073784
-0.0449636572262302	0.0587089074214117
-0.172181362549777	0.334488841491421
0.314334466660141	0.570583379597304
0.0855973612513252	0.11673607516396
0.350382628775601	0.720215991509396
0.114778199841415	0.179614018365221
0.929879706151695	2.2063036103609
0.183964359080144	0.442910079029097
0.159184626748691	0.280195037976065
-0.00323851153036474	0.00444535871001324
0.0811169197244092	0.152979440666374
-0.437018565296221	1.36457587287707
0.104466677819096	0.173379557023528
-0.01746175018873	0.0260848979094286
-0.463718399268423	1.14431179304098
-0.296458217255499	0.596849333665443
-0.434872049143217	1.195795463145
0.197876480804729	0.360597385103153
-0.0940919464345074	0.152028824321002
-0.360018700027903	0.853823631211609
-0.118103189583892	0.196676222034552
-0.00529200959593407	0.00685196556622244
0.151899844920365	0.245489307478028
-0.143960619244035	0.241665359371164
0.123273916551037	0.190466618198309
0.426153730152876	0.985079580164762
0.100918924807164	0.158566786157737
0.516420231392981	1.38308476024904
-0.146078941014727	0.263204524518374
0.118329819543671	0.205799846359589
-0.149200863015899	0.237504296016327
0.30796838168742	0.630799261159153
0.543594031862543	1.43218118817429
0.244357891477091	0.520853406136581
0.203390532667596	0.381130087788871
0.11697783875533	0.203058844080619
0.144222046193616	0.212569523043725
0.00411335223387216	0.00355126339192785
-0.0256628668037165	0.0248095112653671
0.206796240660645	0.239862307673263
-0.3729983203953	0.474617910336333
-0.627679048849294	0.969783799468379
0.629640319945179	1.40442696770278
0.0392736067959958	0.0341088791581588
0.282680448196816	0.400525115354375
-0.170309791170676	0.2502344759247
0.00190157844980812	0.00225269561871512
-0.33340691088597	0.548199224277444
0.214545867745926	0.255937791372887
0.495314234929541	0.748367557151564
-0.126189308992864	0.14109842309735
-0.377865912117166	0.437615940782479
0.271650268844201	0.360170947409707
-0.163372310614302	0.19123810446215
0.104133825793863	0.143168223435091
0.3605481847051	0.562762376237015
0.468352981577621	0.879116766996363
0.0503471841758677	0.0755578199173394
0.276830532748712	0.734216098130534
0.209490308620208	0.373774448054123
0.0504432341937412	0.0805759240202931
0.0833054452061342	0.138200029174513
-0.148044764058937	0.346739430281263
-0.0922321818654235	0.156091656246944
-0.31440507393904	0.8046390696232
-0.0703170775194035	0.115482439587746
-0.199642265112366	0.357134291739561
-0.051225144129925	0.0791990526687997
0.520911189132547	1.33245744295722
0.0915761398851183	0.139271707983983
0.10970486749053	0.161290935234726
0.450358468215746	1.06240345379932
0.247432347533365	0.636453810155319
0.0637131086205828	0.116177239150385
0.0231147411891942	0.0394464576968296
0.245748470843013	0.621721601221839
0.0807872980777805	0.151362520287105
0.35052261513214	0.729460596620653
0.197794350689181	0.36041492876003
-0.094092988802706	0.11487811953519
-0.365522048234991	0.763373499629436
-0.494441593370994	1.51976312154629
-0.307065327602323	0.800572270145582
0.316894944488944	0.833551403172794
-0.082359314759544	0.148049923660858
0.366333950000424	1.03486202186681
0.0769242349825204	0.134079257053581
0.21389486552296	0.35685837565796
0.215183643183628	0.363904211037816
0.0887856033929376	0.140148510118913
0.158237841052611	0.306214611298836
0.120240811518389	0.163897654020968
0.428269544483696	0.881294720402052
0.0694335531963745	0.0705279142849523
0.0302616100316209	0.0334673691509046
0.214287328311928	0.174061574719517
-0.213670284333363	0.188375409886179
0.225640521390592	0.191377068904769
0.00435381009482623	0.00351007578723372
-0.45704474787121	0.417167647331946
0.185934978646042	0.169838112816598
-0.0275579857850414	0.0250667116476921
0.339907928257029	0.393308961204521
0.741490728335883	1.33615176563579
0.283603567724464	0.631900188780301
0.0665112072245597	0.0897678621241966
-0.357209440018152	0.642125248395203
0.659053827765395	1.06159117133932
-0.273002842467075	0.347919489456747
-0.387469551574408	0.404012653008842
-0.181588904235247	0.182251094535267
-0.105352273763266	0.0946440408953407
-0.133795227010092	0.127435206307785
0.500772521339846	0.977877338871355
0.0660333373298408	0.0803911606857569
0.0790382904234622	0.110777226267469
-0.00854321261046041	0.0139085677033931
0.142837472887683	0.308735407933187
-0.0598426877624044	0.0930371647166548
0.0459981389311893	0.0787943881245018
-0.318213548338814	0.818644952181271
-0.0325293498785139	0.0396538379645037
0.369719692513208	0.694813304057147
-0.012038430092008	0.0175044075670982
-0.419884351450255	0.801582703566176
0.0499735391343294	0.0668923984069054
-0.0769325345277595	0.126674920172237
0.144212208132564	0.276322203880179
0.0182137651670815	0.0306347282107135
0.0208249061408612	0.0360671238348151
0.207902334940494	0.340356159067354
0.0343488124863994	0.0363507172943336
0.0654649445657741	0.113827521326094
0.165971874495087	0.282100339832707
0.228799465745022	0.446086711517507
0.593204220835313	1.64168621181523
0.488564458473481	1.32470889208474
0.112769816911219	0.175992104758496
-0.204974214740854	0.420531933151137
0.0238082598067103	0.0328399024671832
0.401767604859288	1.20877709403411
0.300902968926702	0.487236626133137
0.159677111026482	0.281240656060947
0.478548607648149	1.09605375123037
0.29244914035777	0.697131445160807
-0.334426027536633	0.583540432498902
-0.13600144878976	0.233315685688557
-0.0357449433847506	0.0537629918021202
0.171742076352377	0.33516406011249
0.453960612284806	1.33667763959813
0.0645650020763143	0.115351348462606
0.106345679279719	0.19959372452112
0.360377902450933	0.851257763771727
-0.310928569725664	0.554787038073352
0.120851567268511	0.20291134487473
0.343644281590998	0.824191038124969
0.00383109438622341	0.00513393573738662
-0.0352309155617313	0.0489136432192129
0.0622634924690672	0.0902681659195801
-0.559313773233065	1.42781240169288
-0.205913698025958	0.323102906112979
-0.182983631191369	0.269464646558647
0.0873181041832272	0.113377551651411
0.0597543070936588	0.0589687172819603
-0.456629509195554	0.656608393440903
0.053787442775136	0.048385103035348
-0.0897571805381532	0.0958957896346083
0.130741031506286	0.145679124641893
0.167364511617049	0.211247697242494
0.283209613589766	0.315916098253544
-0.274182310659785	0.393074777132233
0.0745622670532774	0.0979564813402276
0.251162220157248	0.41259389632954
0.138252381350901	0.172801363977608
-0.81251932415085	1.62628410871214
0.208284165500195	0.242036436294105
0.566577016643232	0.807288646326333
-0.161411910696808	0.171533965958988
-0.592686601503847	0.951393501503126
-0.0753833081385588	0.0882560080232754
0.372888882660256	0.752283106204258
0.164433503124369	0.244419609755387
0.183910445562484	0.247828893207407
0.472723420315122	0.844706252507457
0.474012556104488	0.847608398826918
0.427657781153608	0.940629797713682
0.188604881783187	0.375920001602315
0.134079954792141	0.25767336392425
-0.0479045198656533	0.074270728400935
0.172144530875989	0.336124505495727
0.0466023387989112	0.0689391889753349
-0.0955648633290253	0.18024151285228
-0.192962579772081	0.336981895463012
-0.0873952717321493	0.126297414280883
0.0848673273151975	0.137261794433288
-0.0766700065916282	0.103817362595399
0.224252875246103	0.392433301203291
0.427846984280825	0.89224334592659
0.196087972996494	0.329047869662999
0.377951152747671	0.806609762624198
0.0849182827448392	0.162311193665856
0.105476145105098	0.175346467237012
0.0038308753969687	0.00468301166341021
0.160844855608512	0.235067026703572
0.160291397456142	0.345278714430558
-0.110256704285414	0.169286462537344
0.0392716726622838	0.0641906809150689
0.52973098676866	1.51922346136992
0.497499242353301	1.47985789424966
0.0426290829674611	0.0513129562362251
-0.0430733367956458	0.0599200535472148
-0.720227761925436	1.87022621910233
0.213186181861195	0.450128372526691
-0.242763819880618	0.394548327504855
-0.215229458800084	0.424776998777705
0.131469949117033	0.239064646822441
-0.0454711381708841	0.0864843865237777
-0.0992661038549773	0.194384135277267
0.0910515658488779	0.144240498812176
-0.245669693795204	0.562313518228664
0.184130598104851	0.381363221026235
-0.0289675824900498	0.0377316146660086
0.144871399678242	0.226976693088567
0.0306824705178597	0.0460429965107567
0.0410010539926498	0.0635249627801435
0.42298847470821	1.09520322728731
-0.0634362856120623	0.0912889937664262
0.0806332188274859	0.123497530382422
-0.0208847140325484	0.0271537082697782
0.604137963405099	1.79093898129262
-0.0808591949466068	0.126497537285268
0.185848721378249	0.322997005121727
-0.0496623951526969	0.0604811013862161
0.149987797206821	0.210855632864183
0.690740392560368	1.04566868765898
-0.23306208024646	0.232636150487787
0.336774874228005	0.378734543945504
0.00358740338130054	0.00309956954283827
0.505158424045975	0.71405459926588
-0.054783954688895	0.0526108381629861
-0.133424757126233	0.127054944399492
-0.378561726675185	0.544618413881336
-0.530781148535425	1.43116792031501
0.319841375518124	0.607302810430492
0.272909274663512	0.438029767291581
-0.0278631785828577	0.0253477708361576
-0.0644244173952363	0.0582898636116909
-0.156181980142915	0.148232551080253
0.497692918508093	0.735444174813995
0.0131629220042066	0.0131858317112527
-0.33198221741812	0.404223500300935
-0.347501245835247	0.639876560323422
-0.0831271755254173	0.11651079546495
-0.425834769895347	0.835408990167019
-0.510233968442543	1.06430147270637
0.0632193639849046	0.0675754873389709
0.330888968208376	0.549388999041226
0.377152896163337	0.854508468482653
-0.0705703400860359	0.1073429418509
-0.224833322552524	0.502004290196704
0.269552906712243	0.608713300059051
0.280899373296772	0.617704274097948
-0.02230422255305	0.0333387296706167
-0.20828512964648	0.38242920866251
0.0856778381352296	0.122410700760444
0.427986112337232	0.892735351839413
-0.0985652461680486	0.158875354603345
0.155267300316036	0.222575191865227
0.0145701693103459	0.0169941776860876
-0.191122682054132	0.315649519710303
0.173336134301072	0.323224818149964
0.0187257252692007	0.0238536452017016
-0.225558571494996	0.436435563905182
0.135911873217593	0.241818107331167
0.0775006147741139	0.135201332718981
0.114531697021098	0.171282643659881
0.338636628437454	0.791031723452422
0.00298579612186971	0.00364997916043454
-0.227390744286976	0.489349380115217
0.197437572560037	0.35959523511126
-0.0542619263257219	0.0843096687172712
0.0105653800632512	0.0157812394815275
0.401735196155136	0.953714021197889
-0.2602008021739	0.496480643615916
-0.104520104551271	0.185852476567833
0.0344497721310161	0.0537593755268911
-0.117668727028839	0.195805219171459
0.0490336698841983	0.0755276305754704
0.320332218606203	0.756629359043861
0.121609726854235	0.185514633062741
0.211001454634911	0.41142759117905
0.11926556621287	0.226282362473782
0.143841232679529	0.238197674186741
0.111372866183639	0.164013050381353
0.313192786157125	0.675365574786239
0.236868522540507	0.445413333408226
-0.00414566796107347	0.00584978858528993
0.500556033432606	1.22945660645659
0.401427516985266	0.819215941762894
0.309744321277622	0.414021666324595
0.316022880772553	0.442103025023844
-0.466946614807338	0.591579686671578
0.243814552555194	0.334531561152588
0.116845777727739	0.136012896755414
-0.117338744320752	0.137652067502621
0.236163784446772	0.310426582398499
0.271487453863328	0.359936136883765
0.207418478450603	0.365129651920657
-0.0796104164973262	0.108223225470664
0.104760952406014	0.126821223518449
-0.00126248760651294	0.00128809814622489
0.241109208262651	0.324241160017129
0.0140026759124294	0.0140319187549179
-0.473317217736377	0.758175033073943
0.208958434737686	0.242971464409947
0.501757917079454	0.72571150831414
0.0757669863763754	0.114156185686199
-0.0235717848230109	0.0276191683602399
-0.304063378534301	0.452382793333521
0.114393977108572	0.152880009313639
-0.22172176492013	0.327440890747867
-0.0017964532458388	0.00193073519814748
-0.14015030701569	0.21709812286684
-0.560298759559841	1.45959370457406
0.146347361642108	0.271381177925086
0.0999775963357617	0.17573165376647
0.185786550768753	0.365601316214316
0.282996046829352	0.558571930287025
-0.110475234796105	0.196729700651364
0.0497747856701434	0.0666129191361554
-0.369397208520678	0.788420569117293
0.358337577223053	0.844373557855495
-0.349388579304881	0.759557267237089
-0.351173754263194	0.695959420681278
0.136253176774423	0.242564136799563
0.00149062990460607	0.00199613141802344
0.324361719192939	0.78546199733339
0.197011960087645	0.358623582768785
-0.182020621606643	0.370485430202777
0.184375994834435	0.361983155818924
-0.0217320620965581	0.0348413495629856
1.03998816996709	4.36849796264789
0.165893109686358	0.281916663043805
0.27864977991002	0.60504782350738
0.347386015835231	0.904083387136962
0.456591176909693	0.96073599843473
0.255197048249719	0.426683898556182
-0.220274150471382	0.396049250829975
-0.0126136760575174	0.0183546600060357
0.0427221688072209	0.074327128028764
-0.00743177056648877	0.0110679308123569
-0.499315201534826	1.48429207397266
-0.181580987614452	0.354551374057936
0.0348691515661441	0.0544434499146891
0.107539516065066	0.194276353931828
-0.690465780353233	2.15137301056075
0.211772651928129	0.442457020250381
0.0762808679615037	0.136942584909849
0.262888878190353	0.514312063248448
0.0864506728938695	0.129274817652297
0.304476469791772	0.599264240259042
-0.233055576374536	0.462023201463009
0.0804488882148191	0.142057534784681
0.145237948249265	0.185761148447949
0.34765108818332	0.68603962107828
0.507735309165848	1.17357555977176
0.359953568065749	0.849918332423327
0.538963168466928	1.06157872208364
-0.409302175221656	0.610329446511943
-0.165166058963204	0.202095093349989
0.122805335773871	0.133222601314923
0.800945521026217	1.76057462662738
0.0107721842610507	0.0113181318391476
-0.120774807246257	0.14772303417803
-0.0457450371393691	0.0489121936457371
0.345713383468699	0.654080300027808
0.237499459481063	0.447113698934697
0.240785422533474	0.418127725007525
-0.0912101723258412	0.135799863001849
0.280225436833743	0.388922156405605
-0.00220045681180048	0.00236268519671647
0.163966306847551	0.183953255808046
-0.212575393874561	0.282036738210231
-0.332456524086399	0.512168346864087
-0.0609837647071514	0.0652983988300065
0.172246645401805	0.281570026527235
-0.159281105158441	0.240596742915902
-0.00391738254705152	0.00474956474133288
-0.135042117654373	0.19693537462521
0.504168336495884	0.970413528130283
-0.194100927653155	0.304005703851485
-0.248451989191273	0.472369607305489
-0.0119916978092765	0.017879089913807
-0.189766804064198	0.338589969535732
0.132125293426112	0.242631471526768
0.0768416366784827	0.125233597475534
0.13122236770965	0.218645236353416
-0.342207086831347	0.82267403480591
-0.318336439661159	0.553994434207254
0.143946446485663	0.225285233871348
-0.168334701420218	0.347378810187683
0.0294719302003974	0.0401371128321297
0.00834811485639636	0.0110630420205311
0.401192608812049	1.07098212216125
0.485865575598621	1.34412326353177
0.351263140540219	0.740569615610351
0.400992489591894	1.0276795315093
0.0422462146728	0.0597130559527198
0.00623205783749801	0.00917267579408561
0.139486412451158	0.23969596658248
-0.0384040541189951	0.0547727691072007
0.0719838126376294	0.0942971965141585
0.240059064334876	0.416472817545926
0.290080938360918	0.521871373880591
-0.0384752096999364	0.065065991975783
0.226134358685444	0.507207353745468
0.246269322335478	0.669297001791513
0.208615509598056	0.457546003747406
0.184163341566468	0.381527301846845
-0.25480411088642	0.657314318024493
-0.103557255964822	0.199833344619957
-0.291210013031748	0.702723743872887
0.0792445108009791	0.157058114295156
-0.301204324520621	0.688798402349659
-0.076611522809275	0.10373609424572
0.0856694280247165	0.127970789170725
0.247422346178954	0.443457780475223
-0.411036824443519	1.00503186595203
0.0834647396159153	0.133484226833908
0.287743687429975	0.509686785015115
0.00318255242200048	0.0048813065829902
0.0312614836134571	0.0512120493795323
0.222210484747507	0.424732411225727
-0.210329904536881	0.484504200678284
-0.0570926764871874	0.0993577322883478
-0.126629846392778	0.236329260801243
0.270489192226147	0.551900150723466
0.49647812742009	1.26218446014921
0.263703501106136	0.406786291427562
0.00547668432749799	0.00647335300975377
-0.0310793746129592	0.0378240795752707
-0.0830519680567806	0.0931937390158545
-0.116641013553107	0.154045445422246
0.269199977688826	0.42414130065875
-0.563612908232892	0.997639335255163
-0.155308164484936	0.213098606863291
0.0787484739414622	0.105262103765907
-0.310716199159063	0.554280176587169
0.279803606561585	0.388215070020525
-0.0839626086501932	0.102672206301235
-0.373028411718064	0.576257538728352
0.199821987101495	0.286518737413605
0.271075811020907	0.434303258212742
-0.21752040025491	0.34158850694803
-0.0366142359283631	0.0477404385121891
-0.215640962804534	0.348331362096134
0.256545989987392	0.374963600662259
-0.0134008576087311	0.0150565715854808
-0.141040986837555	0.186667399165017
0.165578783035259	0.246443061520494
0.428200372507756	0.893374672245186
0.0401229261251211	0.0582694301319273
-0.0065945876305581	0.00881115001643269
0.0310407673797739	0.0481722571277276
0.146064785051492	0.258114771190485
0.262061498435783	0.452976543159394
0.338654255890352	0.602063912865276
0.610116398599883	1.60143279885644
-0.0500715085898857	0.0735934924210294
-0.128203929281544	0.254936538956916
-0.15319721498545	0.337344011436409
0.0983148846538373	0.191744099032625
0.26981106321204	0.555941353642013
-0.0704280742657955	0.125742612984318
0.202814247460125	0.379735091541825
0.126038934203814	0.175195443531876
0.419268359600088	1.1382480842466
0.30460483064658	0.809839855797427
0.308951532954306	0.535271952225632
0.127548650162258	0.177618560566531
0.200216673462837	0.316985605352366
0.117784179784152	0.168579863650902
0.366860287921041	1.04584107703683
0.11998509515699	0.236796187591726
0.35198995469029	1.01200323271757
0.399847581216913	1.10776625402417
0.0247450834012174	0.0365041228509406
-0.0561305260572181	0.101704693315066
0.0207881273345535	0.0353325733138236
-0.161379918884782	0.337950957642373
0.110682138374804	0.233647561531443
-0.269777189761165	0.587538885630437
-0.428329209084855	0.842111315771009
0.0823976349627059	0.131609235559745
0.256534410487579	0.537997011453794
0.0630456311989873	0.107634122628619
-0.0310714607754427	0.0442094445969997
-0.151394716608424	0.260258900674218
0.0771056264544017	0.138601944988508
0.187418797258512	0.326419057679139
0.203630206251502	0.43251553239527
0.00847137720800547	0.0115592336661294
0.126298719376616	0.245845108723936
-0.291541745515752	0.66486089001691
0.36666599323062	1.00979888833683
0.593798048643793	1.45913870553974
-0.00356757271782682	0.0040077787095388
0.0975094189836004	0.115334779702275
0.100361659076623	0.128482637881572
-0.296190508178093	0.455093196222937
0.278596045493497	0.38612091171027
0.183406941844207	0.247007749294978
-0.297939243619281	0.458555725842049
-0.0123136755728956	0.0125906318078788
-0.214646258769038	0.346216290335939
0.129444649434318	0.192372187968372
0.217167986717022	0.301507476381356
0.112517601970772	0.158185350342035
0.112446774324035	0.139349495368084
0.229269842815953	0.33772156320214
-0.279610299003128	0.429205797199344
0.131592851372894	0.186446303588249
0.175683111363156	0.291711464906323
-0.196676973962999	0.250538700606267
-0.1508489897908	0.246941424198291
0.240921340906965	0.37553333344006
-0.120439651318202	0.14725608753966
0.0578022266762754	0.0726482407509701
-0.120809670545409	0.147762492109681
-0.133285407415462	0.222565746474738
0.135303867999668	0.216975729637694
0.317811561133812	0.711702627171194
-0.385008790419334	0.880530841035817
0.32681570953196	0.656815382126188
-0.848097833335688	2.08439453818717
0.20392427571124	0.297988341671418
0.0170281508270019	0.0191233740992136
0.518921302033479	1.12762684963731
0.332322342758129	0.6969520809017
-0.233238166767228	0.40990686019023
-0.286556292285156	0.67875276168116
0.397017697236503	1.38178223657255
-0.394581756427179	1.28246634748158
-0.00537273777550079	0.00817094509014705
0.192961436484654	0.414840619450496
0.266477440554879	0.593953382960761
0.0218155039043107	0.0300186433618042
0.0973209735623625	0.150682444556588
0.0364949421934789	0.0506824333690127
0.264577641230467	0.637931331236761
-0.000330795001568516	0.000477579155952345
0.36128724979414	0.872716127910485
-0.0703794654923723	0.112519131848056
-0.141385257848109	0.187150026447561
-0.0287459783959787	0.0361826129791324
0.0719698601494345	0.119561127653135
-0.147237442301721	0.265809070448567
0.02906757116218	0.0529047308217941
0.187362842922107	0.372726350153099
-0.20908989526293	0.394122010632486
0.077281599514636	0.143007622712749
-0.0484084000167898	0.0822388441470677
-0.067664731165792	0.118330237987844
0.187150488458109	0.389290908774849
0.119104575175298	0.232882625603697
-0.0353961552427797	0.058611819559174
-0.0577719490046712	0.0805760259905171
0.00835227349289061	0.0117153823968305
0.459730964529995	1.30984184527445
0.504183906675873	1.62815551614465
0.0262544870251134	0.0377710399670334
-0.189886708566658	0.355578952599607
-0.0373360081383336	0.0470360974990072
0.108760079335543	0.167136810695341
0.20801522154204	0.2768862861249
-0.332558421475171	0.477793278591629
-0.130374410847182	0.152668477600066
0.307837593685446	0.402333804785636
-0.7983674177233	1.27661626986721
-0.231360777244948	0.29444829512846
0.174762261407982	0.225884524865505
-0.39135493482584	0.540464618123128
0.272712702616696	0.36167266933118
-0.0746326120018319	0.079807184582215
-0.16353915628082	0.199783169526497
-0.0548398123039917	0.0718128712822069
0.0179166265898983	0.0242671682669624
-0.0572151381677207	0.0723892586444748
0.431183476756632	0.787160980005513
-0.280348227464326	0.430676884235931
-0.0663725024263048	0.0674781695462461
0.0489408613851448	0.0568631725126221
-0.300671345435404	0.415828315719368
0.400172724909366	0.71419752564367
-0.170543924633683	0.273102549086444
0.0211760566536898	0.0291136094119394
0.110287137777727	0.162260009214326
-0.355486032089244	0.637467626706393
-0.272465257455203	0.389749710319882
0.158627351576391	0.231205886628508
0.173288121348836	0.283630168950612
0.0259800966844182	0.0406718231778955
-0.0142987587891887	0.0233807063544192
-0.0996381458160643	0.169173729536619
0.0757695844178137	0.123281629928145
-0.151198406860715	0.24762936800092
0.278191450846963	0.46851310008392
0.341186322431799	0.625706043917392
0.159908202143986	0.23346272045336
0.0748132135782543	0.117131915181857
0.0212792480193005	0.0301190206787948
0.054746905636771	0.0611028872776519
0.167761032098834	0.340121967341381
-0.246018357978656	0.510032826513087
0.476882284740443	1.12035481424192
0.205103216383312	0.413359491434983
0.40309665780422	1.10005118285399
0.217742834682315	0.405600438912043
0.257191713926914	0.436642674357909
0.190013177409858	0.403532492828682
0.311931373992662	0.781084419951915
-0.250715106125189	0.566147535568927
0.107904117616943	0.165638194590334
0.0779505646495032	0.140299538433941
0.091204752915048	0.172427897490789
0.381852169165572	1.12413675423354
-0.0378177144614309	0.0538869838337736
-0.0231557810992769	0.0271233196365223
0.240558137151384	0.374798506247125
0.138846803818663	0.272977069279894
-0.0286493455776834	0.0440428963303044
0.0313806591793731	0.0549927573056361
-0.0340837094320528	0.0457845562877627
-0.237701141627415	0.503372878678574
0.141708772188723	0.303690647903567
0.00640858870305485	0.0110131814345649
-0.224125768837209	0.509624805649948
0.15569445811419	0.328336816174018
0.0574604337997758	0.105103132678091
-0.00665490404157492	0.00966038455638832
0.33274163131871	0.731023036700671
0.00201583549615621	0.00254527301231092
0.130739599949596	0.237497226666242
0.0989728582105694	0.173735687417029
0.220034549844359	0.411090998632519
0.088941891509959	0.156497789048997
-0.1715667965704	0.275089292552273
0.286011987971651	0.499134961051633
0.190195723709406	0.262000786909419
0.0665439115626362	0.0970450574339922
0.244184645500487	0.335190374944223
0.123583238328519	0.108352830905335
-0.199386975353811	0.243872243421775
0.696669579142585	1.20003446189278
0.561759992541493	0.819164494482849
0.0536690144699937	0.0482655477724834
-0.127079707905702	0.142231980889281
0.443924518030816	0.678973751605496
0.572038111254849	0.795138776481482
-0.419972674768494	0.580501101008826
0.400431145018766	0.655891202276838
0.0341043493688583	0.0518664534024473
0.0620002668479014	0.0963326091632565
0.148102251792868	0.221920683369757
0.125251386336831	0.149534681109208
-0.627015456197144	1.0056793908985
0.825600548812011	1.47012438883944
0.590245442009747	0.962961530155754
-0.232276895894152	0.295920325949459
-0.345298392972164	0.439694937013659
0.339151256801883	0.603345507812116
0.018950393966692	0.0241472362240894
-0.0700234661056226	0.10643971868935
-0.244337387526425	0.430102090638283
0.0788931609339653	0.105474375884547
-0.421015377141009	0.804811503789947
-0.0184909948540667	0.0269638933807482
0.275606126059706	0.656129031704558
-0.113446845849073	0.224635553406637
0.0378525386969778	0.0598504549411964
-0.416346944752415	0.775105816961432
0.207917550885266	0.366184046476306
0.374982145940212	0.778093994382504
0.322182371247656	0.62098516975428
0.465449386742213	0.886273577088278
0.0653150108960785	0.112758701422378
0.629395269611992	1.87575146821323
0.303838618606203	0.705816755773325
0.0737058990518333	0.139322047549567
0.319048998067895	0.597548774942743
0.0373904196249862	0.0481792561840243
0.327209050744263	0.832410134141627
0.0407081625237404	0.0666886031176416
0.120262349025663	0.254526598768517
0.190590223407598	0.359294500939867
0.187972350914696	0.417605919349085
0.208721188486576	0.541864617491846
0.416038156481202	1.3233357767813
0.293860236556054	0.621048027122757
0.378316374938454	0.838318520378488
0.138524374931038	0.272187871275786
0.528985539684925	1.88995711225272
0.0371246553955847	0.0693272337120132
-0.562417690578124	1.63442826982603
0.191557156350786	0.410748564507827
0.0914965048278761	0.179111430797809
-0.318849627899618	0.916409078844238
-0.163444299790731	0.355346812177275
0.00557910001890032	0.00883781237670354
-0.0259800099895588	0.0460883732641945
-0.242631571063394	0.546501511107215
0.0915780551546589	0.150894784825053
0.195704833101877	0.37871858047692
-0.0122816066079161	0.0191896902617964
0.435770031374624	1.31008627721646
0.151699418096133	0.259111720765493
-0.123607514553861	0.200853299919225
0.204308045886615	0.383315026233017
0.067724522555225	0.114612954945157
0.485600941259328	1.57107959638977
0.144648368614367	0.199464937179028
0.0861117664333839	0.111652208311651
0.151254765537352	0.197687866403628
-0.448482711624253	0.718347593031689
0.0306981636481955	0.0339660166726225
0.464057984546255	0.89708753145845
-0.290152705831818	0.460353901485902
0.109499461344403	0.143566469002388
0.0934851046470943	0.117131049547718
0.480311923836523	0.815646302686684
0.261998069594957	0.452878463015949
0.0275769818655179	0.0347224917511228
-0.560430838444882	1.46027612328021
-0.157007699270396	0.222954157437303
0.475847639002685	0.837025463020435
0.204496398251476	0.299052653759184
-0.0825510673960825	0.0925951698754512
0.0716365782781103	0.0785715680009546
0.68616551457638	1.50295338162326
0.180284380232382	0.213566297011031
-0.087428407653722	0.143963822224211
0.0288004072943153	0.0403985512531897
-0.145592126298517	0.256520925460968
0.398620075407515	0.778226053814504
-0.306123818823844	0.560815313049696
-0.364633628668416	0.674142367378617
0.0429064041774818	0.0689031110909113
0.0112119018242295	0.0180403222525651
0.014575347777534	0.0225885241381834
0.158630944119883	0.246468152970693
0.372601780057878	0.731909016043805
0.286225351595692	0.506065311236646
0.147441071508832	0.247859609844698
0.15905497449732	0.247242056888368
-0.209299817259043	0.298603551324937
0.133674735288945	0.246018892519009
-0.0611320474330881	0.0952310096376833
0.00232224788710637	0.00336041195859087
0.154406802826593	0.337113402673106
0.0683556216061552	0.0967427157376962
0.123500810804161	0.228125220909978
0.262320432058346	0.620390261102513
-0.0672106559566253	0.112705229224437
0.106784423720374	0.214100056952034
-0.595667352324194	1.83523812578669
0.352045435489295	0.751793014803331
0.0113942956268009	0.0179628051166689
0.0903694987556701	0.15933903170571
0.108828394637154	0.183435373047354
0.505154579896539	1.64888530917498
0.164865247605672	0.330185513833931
0.20529267925622	0.526622469435398
0.0646131880550751	0.0940052187280762
0.0713080411326268	0.13339359503873
-0.0384805474414595	0.0650806707002995
0.109771443011809	0.256466465673552
0.0751901080562092	0.113201782069627
-0.160684875787576	0.318214894924952
0.133987536347158	0.289696620506101
-0.00862090348168434	0.0145808837268924
-0.183052400872672	0.401939157464751
-0.332661307320217	0.798214591024922
-0.0913166702301888	0.174808951247923
0.232042960340357	0.537702563282325
0.198425626110631	0.436701489215491
0.301959786817197	0.78733739080726
0.0200888180667668	0.0316423407081896
0.096135734053319	0.180282738889922
-0.00706175019283158	0.0105128143316079
0.151606880714556	0.327321154069476
-0.128141016580353	0.23981712057564
0.15103936861929	0.299447897630519
0.0128370490644244	0.0229432599242841
0.383874174693113	1.09544844946067
0.519890169478117	1.57670823798593
0.267761542165299	0.483596350200822
0.399222217984278	0.688404971498304
0.43358989887517	0.780394707232252
0.0998961038739556	0.110439908189037
-0.278236950672768	0.383558091197087
-0.121037269770979	0.16570618497958
-0.149131158777032	0.182405434895615
0.0634193632111129	0.0725470092873962
0.0559780751255448	0.0664664347950038
-0.369884792652011	0.701282315183963
0.0661973433398336	0.104398201318968
0.363343835028071	0.95211353355097
0.148667466608218	0.222864754503813
0.428011642612778	0.904970331593057
0.435984068858253	0.745648467513805
-0.107273380056064	0.131111275003277
0.0647727607459501	0.0741389438944071
-0.0406158385119262	0.0494797919470268
0.399714899487968	0.666228820359755
-0.527783982871308	1.39349147568361
0.273005493046109	0.576576727161204
0.318149670809752	0.720335082344503
-0.290662685261491	0.529892994727879
0.202937578536066	0.351335587577103
0.398601049279267	0.789181537978624
-0.36704120126091	0.93919576303808
-0.080673709971693	0.132559068277902
0.0890581262598025	0.162876390699001
0.630319530010407	1.40696276173554
0.112517601970772	0.158185350342035
0.288291960213483	0.51749082732337
0.483246908303617	1.06726622499537
-0.567809811550411	1.0685463608973
-0.150856252740966	0.246933691566098
0.108409483915575	0.189466834807508
0.03750199324726	0.0558209992094246
0.12567257819328	0.244408889078746
0.152835467042074	0.303819588326853
0.0434411657867628	0.0657905753408826
0.0814996465531522	0.119827949051675
0.400342124035574	0.569949510349089
0.266763994065083	0.775499596498389
0.0657244519848428	0.138475798136154
-0.115473260614301	0.201565880900675
0.0189121021181165	0.0350957339113756
-0.0830873793753743	0.161109870749586
-0.23289847333328	0.420669482875346
-0.212473440370513	0.293136177027567
0.253655902740413	0.363583030954152
0.376874154266316	0.803597045178031
-0.0948589820130232	0.115912359489213
0.352814780172077	0.736125026134779
0.125154935346823	0.241379907283367
0.252395380186121	0.668075477379579
0.197064982096811	0.306989884441222
0.196874407014179	0.358311565139418
0.167115624606547	0.268443121480044
0.732362161496811	2.04816696913763
0.348172766695308	0.906977309832405
0.19055825501189	0.380743954981453
0.105669459139427	0.190393450468541
0.211729737866376	0.470234993657904
-0.18833635418509	0.391365701960559
0.210224632873172	0.492569611913445
0.181242837549503	0.367741694344573
0.035390929966716	0.0570744471539146
-0.338082282321737	0.765953950060366
-0.0804136011221683	0.125709030139266
0.460993670888263	0.931906224530109
-0.677452592801864	1.35426947728047
-0.332140973290712	0.609813015925571
0.22338918939348	0.42792980028307
-0.0488364945367093	0.0758160098731225
0.469054015241653	1.20867371796405
-0.141921000388676	0.284397794873941
0.0675001153914882	0.124671760390318
0.124012829963516	0.219303974416662
-0.0892972555564864	0.140193478608286
-0.058208640444663	0.0737397516320535
-0.0590388496729783	0.079731048959855
-0.0737308751645219	0.0968535576195533
-0.0922707198846455	0.145426787691988
0.0714171646649353	0.110272559016715
0.324765675276114	0.635624103970565
0.164005248323821	0.243646135392138
0.824470239867203	1.76047567352278
0.317301135128604	0.303564969605704
0.175022950139897	0.154046592211253
0.0930330547494587	0.0753083659492545
0.728745575755127	0.871415520978376
0.651396752642545	0.728052754566398
0.70279041631903	1.04106104888686
0.161793319398726	0.199621812353744
-0.089247141180902	0.157186883459549
0.355905497604627	1.16512979438333
0.300283108792945	0.373244799747004
0.0629871159916121	0.0720133826301528
0.259740553119887	0.766834907595213
0.0560879779154068	0.11435203908914
0.220415304224274	0.416305496852276
0.110372471192825	0.245923621569813
0.00168142009166147	0.00262946112104736
0.139814738602914	0.215274485067603
-0.059914027024149	0.0730132810083777
0.209539915493761	0.31246628755757
0.187964921423793	0.282349890382498
0.188417296286172	0.328530081532834
0.283736424938435	0.638560946819265
0.554234724161016	1.95626878300494
0.0902589853946282	0.165425421555943
0.371398082050943	1.15268279129622
0.17821569266073	0.396713948501119
0.161479600493567	0.33284443871407
-0.0743920158844214	0.135821251875738
-0.159836453843951	0.316162704276279
0.0472771426203956	0.0770239508967978
-0.254016023739225	0.539673097501956
-0.0880666149874309	0.111718718566307
0.460350145826134	0.929943357023033
0.104121603269584	0.125937728775552
-0.107941001032532	0.147146021404565
-0.28065322351969	0.575802766659202
0.497537060534761	1.47991362263228
0.173384893458235	0.342082778867599
-0.0526447193895432	0.0815918602841892
-0.190612637827122	0.340507251402956
-0.350451086403814	0.796968678577663
0.132146790559919	0.174787445119336
0.0525110696928431	0.0767204238777241
-0.0043333900690601	0.00543327620041108
-0.0333279044731721	0.0475691167061184
-0.205608982920914	0.404204081574345
-0.28078687140718	0.47281312509563
-0.210629990207051	0.290025611130488
-0.264168259108158	0.405175372228644
0.0632845440255373	0.053188687963069
0.545086341324985	0.625897006594274
0.392332730761216	0.376659496113657
-0.520173233198681	0.471287380637453
0.244609176001042	0.22460886115255
0.00992446989519188	0.00664787944821783
0.101836355901849	0.104113988821189
0.441523789004135	1.1998459759905
0.0942226273063802	0.16287685875868
0.107183161419471	0.164331245672482
0.237935737262141	0.406828873946191
0.226972873639215	0.650608961979693
0.302307761193587	0.890245736003533
0.333438351268184	0.725195386077364
0.420014752374799	1.09503324749924
0.167371017644697	0.339142410714967
0.265816248241002	0.647552625906014
0.158972401043807	0.279736444693058
0.260639272640896	0.502646151047832
0.285037220512623	0.570539142770065
0.311446597242023	0.54862496385975
-0.238709497393522	0.353840334541715
0.42544458743383	0.97046927049096
0.177779092868323	0.339641084854065
0.140758065930306	0.229717875239252
0.426624127606021	0.949482051161523
0.468123014743401	0.878557814276956
-0.311945927293669	0.5572658209747
-0.398197771710113	0.797459520413793
-0.0383478733728677	0.0500919170272998
-0.0555031596434707	0.0771751401860856
0.378231647654355	0.858313040880201
-0.304925706579655	0.657405404427295
-0.396934349260629	0.851309771786684
0.0948328771370456	0.152425360543324
0.625610982519948	1.41531925937749
0.0331684771291024	0.0439689956454703
0.463881396147981	1.27289813209357
-0.0453383069745912	0.0718557342639087
-0.135288689552677	0.226603553686027
-0.153439365904474	0.264689541997671
0.316752391203263	0.584184911968698
0.0929394409222572	0.0840779727059369
0.236986377472625	0.26259798150787
0.658927206613613	1.06100528484105
0.138093394508352	0.142166597894357
0.607997675414848	1.11648119983447
0.495533044605015	0.748734996513173
0.148214711145805	0.157317671136245
0.201691170161097	0.376916186956973
0.164396210496589	0.342941344903692
0.292511087847862	0.802715871411425
0.39997948875038	0.642833796856158
0.202140833871818	0.294837148869776
0.293760137699058	0.450581453748936
0.373101575263618	0.752878411863552
-0.237351163468284	0.351332289349943
0.21895001512962	0.30456336967634
0.399818414042217	0.678318683982899
0.232819659515867	0.39082856958886
-0.128742402007268	0.220576875956097
-0.105785310114996	0.16693460547345
0.114874678188096	0.171884897011193
0.218807424154039	0.343549447494171
0.230046387050275	0.33921229598787
0.0518921179095616	0.0639487888139657
0.947497941049601	2.35221477814556
0.288701759809457	0.426107986600143
0.147730811167001	0.207089019222092
-0.194826380985571	0.305351147601886
0.0713462185837205	0.10579598733381
0.155824585577656	0.270345914061233
-0.402879146035868	0.767799205883091
-0.0471927245692925	0.0654724230321477
0.230790068899817	0.455832911108776
0.237445686831987	0.526031329822551
-0.260169755555435	0.622212752894976
0.0302403268652867	0.0518749475818724
0.634284249248157	1.55716089999659
0.525854737327569	0.901406241519833
0.139218643498368	0.174186499448164
-0.0411487805347539	0.0501586022488428
0.0120036519164319	0.0149934966284155
-0.143169249294326	0.196282174961046
0.195003636740639	0.326765251648224
0.0793809592982997	0.089228212229827
0.3488964856677	0.448261252164668
0.606006161070988	0.763728590669231
0.230282847972633	0.247867758214323
0.187332546762711	0.20026073585987
0.235027566536502	0.207542956829167
0.919160770935312	1.0336605713939
0.311272988087074	0.424919775487163
0.621634082279629	0.553017019141924
0.384987486595123	0.25082925720697
0.384504839935772	0.250432878749774
0.569610576487529	0.362084403314652
0.692958099242859	0.33267335418904
-0.55735975728574	0.244140038228301
-0.502299692201747	0.390976797784221
-1.02460424902532	0.723467475022379
-0.834442183400278	0.336868136059492
-0.301509428217989	0.114203380422749
-0.759274357866345	0.718540915012177
-0.935787036868386	1.2750617527228
-0.272996669802896	0.302541421058826
-0.188206488668705	0.129362951522058
0.0727351634139521	0.0485183609143514
0.0716516720234727	0.0388759845521833
-0.557446515240923	0.244186902210422
-0.587224671595168	0.406295701025261
-0.404706728429696	0.292182997049605
-0.301760517099524	0.114337551940054
0.115189006611669	0.0852359075702248
-0.0191811148480266	0.012496036617706
-0.182075850403776	0.161370295311434
0.789293588670644	1.17842937793109
-0.502593858939122	0.391368853820251
0.591424375655408	0.570719781496239
-0.0146697089613583	0.0116325296680564
-0.126738491190102	0.113186827292479
0.121462977121063	0.131606791469533
1.48676791328424	2.95615572837865
0.162686330131355	0.137631077322806
-0.263097445422898	0.261795886511077
0.326945277520219	0.335431316776269
0.244975671503612	0.224999111691326
0.175657031764284	0.154682687824833
0.587259532166383	0.77905031206513
0.213968969572678	0.173740708937688
0.244549838958449	0.22452599169173
0.385336961790517	0.298421220727097
-0.965503268856781	0.537495790704549
0.00644783397520056	0.00206878805564617
0.781918004031025	0.520347828068038
-0.577834919744115	0.304616906853004
0.388700423012708	0.109160200857588
1.19801236616156	0.92967613979561
-0.578366195943847	0.304991046538971
0.083025250328212	0.031234955378807
-0.373635886856546	0.243229152977715
1.72118567305799	1.27351396862205
0.507255597833542	0.411843176988877
-0.0138193994058386	0.0109589216293765
-0.219965021079614	0.17971683741465
0.0729046726873561	0.0486314068825739
0.219564792930851	0.125967159655084
1.61141385637907	0.841641028598921
-1.49911231912656	0.865753673201931
0.380470751496636	0.1920805571855
-1.95263564280577	1.46182653037145
-1.4995703984254	0.866450896849065
-0.99614312787982	0.92171747503519
-1.3118174619328	1.50712318487516
0.831861690710006	0.703887151943169
-0.0713611870271193	0.0507680580234802
-0.890866308962224	0.575702907177005
0.54993378412155	0.376583821001256
0.131957474450771	0.10227973532662
-0.103912824478463	0.0932546921150859
0.115177234421723	0.0851755384031594
0.132725849584052	0.102962055767668
0.569985211355685	0.362360936504864
0.704102033249804	0.707895357673288
0.196719679982082	0.103550825173407
0.518723484403307	0.400685524001352
0.621207122866347	0.552640628290601
0.62772943921155	1.09355599737674
0.362256856949393	0.566426677449663
-0.842104199136152	1.73447596154854
0.575073951377971	0.994194982563145
1.27911623816526	3.83492142222187
-0.865369932982625	1.68296200895683
0.0808526019750575	0.08460927169005
0.396840660144107	0.462516531733867
-0.540110077595829	0.621088095261706
0.110305615934966	0.0931033447356698
-0.312358755096234	0.290679925669707
0.887930103359556	1.33488830703545
0.806171501283205	1.17602627916351
-0.591053557424119	0.712010861203884
0.175339932957293	0.154374156387729
0.206368285531102	0.202227625038554
0.0408925622376511	0.0412698739477768
-0.201189112022904	0.224028767058256
-0.678871247128737	0.972203181443842
0.538507977436426	0.637167511582984
0.244341916331796	0.224305158896236
0.393015741031504	0.377510990444541
-0.401779233196212	0.442275144938456
-0.20171186672315	0.224694253301428
0.667980169656234	0.89270851106258
0.172619837702942	0.199140737640144
0.130837042151008	0.145754840912677
-0.0250656921787262	0.0242201060196514
0.0459869799408755	0.0439355214942129
0.267335380633728	0.346156334791305
0.395475354195482	0.434690263831971
0.825333309388247	1.61714391440961
-0.19829981653598	0.263349677907074
0.348606939344447	0.437106679885241
0.465668349954257	0.531474482619636
0.291726511685981	0.236933584450648
0.168843527580837	0.118458360031002
0.390536341692347	0.346509131644196
0.317301135128604	0.303564969605704
-0.512581259499698	0.432199645141202
0.521442588406987	0.669228186544109
-0.147144557283923	0.112381436923014
-0.288282385774658	0.250922325946582
0.38522820318753	0.251003853345745
0.262028205953021	0.183218369213456
0.201720915023323	0.156522133043066
0.044572582514372	0.0280586628944611
0.0566942686098804	0.0420081491871974
-0.227876705669998	0.170656982987083
-1.41712272225691	1.52931828129236
0.262140888421149	0.183299451348509
-0.278269340568904	0.206268642627317
0.507347784071734	0.412093803640283
-0.185882973179391	0.113202284867335
-0.0179932413314838	0.0117200170507239
-0.0189933090316377	0.0123745515294224
0.94885482298823	0.709194268195857
-1.13290811473184	0.697858340121003
-1.16342593931658	1.2084045636699
-1.08272560751425	1.06408441437768
-0.260833506523452	0.211275303653512
0.917779707880959	1.03125563511632
0.0447293906764951	0.0281619491634537
-0.122404180499837	0.102148533730784
0.579861115231626	0.581520497443028
-0.835519924147281	0.837539004417566
-0.443999847995225	0.377726196996915
-1.5550326535201	1.5551191321793
0.219761286274332	0.12609218340535
1.8583881963423	1.11323264167081
1.33578329995254	0.960849414924801
0.361858698487145	0.0760513170465834
2.52480998418306	0.634922772878525
-2.15421911362844	0.465312945107294
-2.15451821389688	0.46533654820635
2.52495249403963	0.634914613115007
-2.98655368438579	0.76047297320997
-0.47361897908139	0.115707480624982
2.52480998418306	0.634922772878525
-2.15421911362844	0.465312945107294
2.52495249403963	0.634914613115007
0.591713344231534	0.571292123645005
0.729107400691516	0.872032129559511
0.592422488409213	0.572161303228906
1.27022474078964	1.4797001628172
-0.405186109041446	0.292586727182141
-0.115493415338312	0.0618959747145958
1.30821836140776	0.580823896653826
0.380418946163049	0.192101283872113
0.129599382152041	0.055374544630505
-0.0628059599093682	0.0347556752436137
-0.592928783006452	0.532781435691555
1.0185426272826	0.896979831423442
-0.679718471662329	0.605751965103079
-0.0620429874493588	0.0342965627120164
-0.250038130696016	0.14829839657631
-0.583656031966242	0.356902286202087
1.61085484507279	0.841669374755238
-0.0637031405239971	0.0352527561456502
-0.486848913368857	0.345144656989008
-0.239460420722	0.16224349199548
-0.591927324213885	0.453834621063209
-0.0855899539103537	0.0373076953851877
-0.0864121254387165	0.0376684304661824
3.38796186933602	1.05431693943058
0.3613975270033	0.0759646004195066
0.922019141063965	0.335550153126829
0.0751213930716712	0.113086410600123
0.245434308795273	0.337326884842195
-0.129630001427045	0.151668279029672
0.215791327306599	0.218539276147903
0.393940594553921	0.378518860115477
-0.431595202361532	0.546916157084681
0.0802520412154304	0.0839347403048249
-0.243088589694369	0.335211821464201
0.191926188143713	0.238632603383109
0.460922586928919	0.931714049231876
0.072349641656688	0.0899503041735498
-0.165914367655139	0.211430402335589
-0.0507037287872409	0.0515925169370217
-0.665747169151959	1.06792937821828
0.39898743583958	0.504090953650955
0.55961099263274	0.814771339200994
0.303461464044644	0.38669186886985
0.0946839312434947	0.118802566329626
-0.450860573408532	0.520510943496094
0.109829667886031	0.0926793962781659
1.85876496574011	1.11405708484143
0.939694124827032	0.525649369689701
0.245074829044419	0.700257454022092
0.16802694997056	0.374117512645282
0.0655529928465885	0.103276981438714
0.0586988334701124	0.0932655607984381
0.0573433770885738	0.0877216856646406
0.430314439868161	0.849645758770587
0.0601502165988844	0.0641078850160136
-0.0458862512453962	0.0490721901837057
-0.169943204341273	0.249589355812951
0.249715457567958	0.35063967399712
0.026244628487326	0.0377580684964809
0.179742279264821	0.324199113527952
0.26473962130077	0.518752958728734
-0.593418372277098	1.51923389578879
0.0900914415815978	0.136729355749579
0.152974213534268	0.247570235528711
0.098375510413706	0.108564370967417
-0.179958565950319	0.210297357971839
0.132090743352883	0.187272380895244
-0.0119226798168669	0.0168819948339835
-0.171554579675433	0.304741353360026
0.057509848582329	0.0684044122112142
0.717762658686902	1.1892215558535
0.0926835205207033	0.0838404242625421
0.390114778517083	0.345918970838646
0.0914449534594022	0.150648449519399
0.259466678164731	0.49414529426097
0.456358484944849	0.987283412672019
-0.0194939582820471	0.026116476363405
-0.145004205883705	0.20551726564968
0.0507500643754555	0.0624683937847295
-0.0136336817954628	0.0159579095688005
0.36792381340664	0.660489504277041
-0.573451457643	1.20351051769216
-1.02244807351816	2.39978461596415
-0.873972292511088	1.49649396779987
0.173148268609415	0.223499308129941
0.0907207763572055	0.0976021978035119
0.203443475504438	0.265031652132603
-0.111828134562258	0.125311428400634
0.180246955901805	0.238126658014551
-0.442696142443078	0.869443026122795
0.100638808775763	0.128875426136977
0.563450973285332	1.18578935193035
0.0974179014986231	0.115207380485744
0.0298915307021049	0.0330462087749551
-0.0638286734414447	0.074735429809963
0.367335516424647	0.659035117616892
-0.077254145548574	0.0979186954533486
0.580880714087013	1.33732434044599
-0.237813825515773	0.290687307390613
-0.625240495174355	1.03800500788059
0.0926666619139451	0.0749810398620506
0.69754510731048	0.533656451047042
0.219277831031084	0.125792362340233
-0.592110163879485	0.454069042202714
0.149043586085927	0.0989098588228081
-0.0213755706967055	0.0121420683288671
0.261461120985085	0.182768865377644
0.38494159345256	0.250778475101884
-0.27443453990001	0.256658534517664
0.965605504537128	1.19818379789805
0.126707961181471	0.0791809283939442
0.196719679982082	0.103550825173407
-0.584128055972864	0.357104328885979
-0.464248489954245	0.293834858211746
0.727173445119192	0.703647677531748
0.883367163081142	1.02657797247575
0.214287328311928	0.174061574719517
0.604932031825509	0.560968493049228
0.186682528687126	0.137971928538585
0.771298258773638	0.865086429302034
0.291393490192007	0.236605132816548
-1.10525218333938	1.35581940894197
1.5475547013947	1.97989823494798
0.771509735146054	0.86532925115043
-0.50291146240249	0.391640956184023
0.948986574060281	0.709390999337616
0.383875491573041	0.266638775628936
0.262074003447326	0.183232166014271
0.0721878611463991	0.0481492573058292
1.13909608288291	1.41661531583085
0.532030738702111	0.388537304148174
0.507710606249508	0.412459440155001
0.845959951289512	0.518366135408001
0.273252772268189	0.201539383267111
0.487694917053174	0.451612369838059
0.704609752811161	0.708643123701116
0.31240780895678	0.287941046376194
0.214722114098066	0.174443892574745
1.37334918139994	2.03248962310496
0.0561284839059248	0.0415738627721337
0.531889982607398	0.647241308700001
0.584986419151883	0.973757186898292
0.30088475435873	0.374203751708323
0.300654517323547	0.48694852611176
-0.117082682777456	0.175082364651558
0.386441147186316	1.34741760110803
0.632016589667331	0.336548902521066
1.46694483606565	1.57934204688066
