x	y
0.105617911375595	0.1902941239528
0.142518543942707	0.283883276439553
0.39780343363375	0.476678104215221
0.267702728917995	0.60307413544719
-0.00473381069415676	0.00631655862296079
0.161070113914263	0.269080860040281
0.207566408891079	0.369469056070467
0.249627409002118	0.50335787357477
0.611178938208252	0.937148272548601
0.154124928123034	0.321908104710242
0.0935166070372994	0.166984443778613
0.0161718454296402	0.0239658019648488
0.0542379245742837	0.0980772933812907
0.237571662508571	0.482655424333913
0.186740854586294	0.199537609259476
0.0186003777278096	0.0166351508275606
0.533195485164978	0.389594013398003
0.383504955325723	0.281878307655241
-0.0354240450820669	0.0379955302438948
0.689173723905392	2.2416625207515
-0.233386874212217	0.533587432379914
-0.0679662972891494	0.118924387027317
0.0165428536804167	0.0270286271979118
0.219473534418202	0.445473934037191
0.266999026819893	0.272121268043104
-1.00069890826124	1.53515532945512
0.569864319437971	0.362217544410741
0.543211704603029	1.05448399556958
0.276881021451793	0.593824142333168
0.585880249100464	1.49276726872475
0.199331096222495	0.254086563758814
0.164482685397114	0.184672394087754
-0.211034206152041	0.290735342363576
-0.154334560239504	0.272782101097923
-0.0124386386917481	0.0185572801612055
0.0592530404529074	0.0974525536577842
0.110746758342665	0.204194266607356
0.383702017336838	0.977445656450393
0.367888432091939	0.660398215054875
0.463403508751721	0.544616673281367
-0.0658516385871395	0.0669163110328108
0.214693759683062	0.256154658586666
1.32945084319185	0.775265836410766
0.193219278379165	0.24044207653845
0.605167703876547	0.561374051176919
0.471250320283617	0.505102810041437
0.615911520361586	1.42880205944852
0.347237028824635	0.684848240141629
0.379961559861713	0.894423072358365
0.319059601913386	0.464826735320285
0.0840947967071709	0.114445040523752
0.026436001668121	0.0435969108889696
0.590554060566851	1.81429863219054
0.121141110260533	0.213408156765734
0.0698983854486181	0.0991025273271518
0.312971450063563	0.427900280153282
0.777252354533985	1.623160908924
0.0383186938746664	0.0332585007843477
0.0454896592575193	0.0286388209589861
-0.0862923283727569	0.037616269466102
1.85867728649694	1.11406437570508
0.384135881010004	0.174338917171374
-0.023466731422409	0.0239403400592791
0.508717338116169	0.948421605481955
0.503272492536788	1.20701932829909
0.266099801636532	0.473895016538116
0.0346316806465602	0.0527162642094139
0.196778299886466	0.381353170174133
0.0946288555080022	0.118716760005617
0.179587694929047	0.212619611611179
0.302868580066463	0.385612085712784
-0.514640368899252	0.709775998821349
-0.06383636527478	0.0353287819621935
0.0321062439103629	0.0159736110593609
-0.104283182427147	0.0936170387672999
0.384761651773609	0.26722389948252
-0.085829740750209	0.0374157515734089
0.384361392490954	0.174448538504531
-0.138740395985668	0.039591027620515
0.380179440491218	0.191937724819398
-0.0295908109221769	0.0372857507636612
0.245107787533377	0.336779356618843
0.219599660980206	0.345116824289681
0.614350599956159	1.10896997237708
-0.950323862430306	1.57020738138945
0.268487618528312	0.348074861683404
0.533070599897201	0.389502793736825
0.569453553663671	0.361928018197525
0.854017238416783	1.02523734058136
-0.0831134006281402	0.0749019118816006
0.385606544462054	0.298630925833934
-0.578878128666828	0.305158353502686
0.381573078826233	0.211935667199879
0.19731174810534	0.103871798085957
0.210543591605519	0.349859071650131
0.2915599849	0.236774232539224
0.356372666232235	0.503050298433711
0.186392163214236	0.137713288669377
0.166374348911396	0.400500471750371
0.120012886497501	0.274828752760731
0.0439202623651234	0.0477010423565542
0.399986778858768	0.556705489187268
0.0599784562530995	0.0591962137458946
0.195729249073318	0.215463120332726
-0.512229333650443	0.431760680747014
-0.689989829236714	0.568698412675759
0.00983743853431247	0.00659199873059169
0.0226647053963607	0.0189656996860322
0.196502243026819	0.103424070088793
-0.435872291082484	0.240660305444682
0.735431857702904	0.527312093230812
0.394241336508039	0.135429440608252
-0.371424130689905	0.572833365573041
0.169013063230402	0.118588851044695
0.311241283658959	0.286632660840377
0.0862168695463754	0.160568243703101
0.0209834890426992	0.0347698116310932
0.112712839417273	0.208473329503394
0.035463440577589	0.0571965674130736
0.271577404800363	0.435379485989603
0.357118100300284	0.504354892138116
0.294083883139592	0.347265737648838
0.0338359280835832	0.0357907257153456
0.219843307865819	0.268818712209987
1.48202298041551	1.39451666515579
-0.0617664944451768	0.034154186385419
0.52173688873161	0.669667105518006
-1.02708882252867	1.81188713667757
-0.592209090422583	0.454173626769406
-0.781273638069005	0.688631655693796
1.15026315427216	0.735151215365312
0.394149464700728	0.135422743432737
1.33578329995254	0.960849414924801
3.38782179781776	1.0539197118063
-0.526439196579555	0.181637496851545
-0.389759359648101	0.182387947376199
-0.301376009547288	0.494271552535626
0.748334009332427	0.866723120792245
0.0284040337440195	0.0459947114917812
0.146347361642108	0.271381177925086
-0.104031027529412	0.181315672862851
-0.175546718302582	0.377050372186557
0.15873012632607	0.323337838014225
0.331278522986845	0.532753692476084
0.396819891020934	0.449553055352295
0.465197842326082	0.530792427752567
0.745146257916384	1.02861740314921
0.304657541908763	0.388635825975492
0.296228769752302	0.358688719304192
0.0536317146132773	0.0482407313308354
-0.953610463207281	0.754087448724641
0.168843527580837	0.118458360031002
0.00988085061563151	0.00662074126265968
0.746095799634678	1.03047123094149
-0.330590886176117	0.189793828809921
-0.272673798441114	0.134647807833755
0.0716516720234727	0.0388759845521833
-0.526885257595861	0.181763584301304
2.52495249403963	0.634914613115007
0.92234078813355	0.335589606075705
0.394031300967931	0.135384449132734
-0.13861604682821	0.0395681269987556
1.75562262763243	0.66203249427298
1.03142493500447	0.715497943838236
-0.0461474367912557	0.0518717010413185
-0.512945589364583	0.432581556033303
0.726625394532515	0.702849066467263
0.198603031216132	0.389455817480017
-0.0225566736907086	0.0362141478368649
0.272647583528392	0.686381107884174
-0.144221556541698	0.295066457975877
0.474413761454621	1.1411775245024
-0.317672039499809	0.36920114459229
-0.484821565530333	0.695648020451755
1.05173590575413	1.22507908829555
0.80200677041081	1.02184965069873
0.222869862747881	0.232728342936394
1.17200872423251	1.27244803070711
0.83226048709217	0.704427416758584
0.116144735565611	0.0859623010540956
0.176232311864571	0.15523987708417
-0.486213320741946	0.344541149572927
0.00657339541385382	0.00211145699724071
-0.48530135633382	0.34361407420052
1.22322366076359	0.363853164293558
3.92185204026389	1.44987301942414
1.30845506000794	0.581181730657887
0.361525050252763	0.075983014787952
-0.473293904201552	0.115599424911331
2.90392261427469	1.93737532473503
-0.271848947526976	0.134213470671699
0.76881695386814	1.7600178072308
0.0955655178172579	0.0672638395772373
0.386050149022351	0.313327335819904
0.619975976631297	1.09892284001734
0.383917315388124	0.232181956917002
0.0316207167943891	0.0557433788276152
0.159918290817248	0.397616262814316
-0.0206828433038858	0.0377806680169022
-0.326168697662319	0.765414269915766
0.281428346589404	0.398246203819767
-0.23400310480442	0.233688605638185
0.235873284401879	0.208437317105849
-0.332857910245276	0.329236017184219
0.847813297859783	1.17758341934057
0.255842140031849	0.373556851975998
0.735865729478579	0.527694137782555
-1.05907067422766	0.900904254056699
0.0952108348230544	0.0670022760812247
0.827034775947244	1.17831371684135
0.830829564799718	0.702605119963096
-0.58756138040428	0.406585318283645
1.85885256342059	1.11391719621816
3.38810192220864	1.05395385730694
-0.527212517247273	0.181872309976908
0.384213816506551	0.174354437419922
-0.0332234908609859	0.0405216761092931
1.11617575940358	1.56140015494113
-0.239369697846577	0.162181165434051
-0.126094824332611	0.140990073645877
0.567565213093587	1.17815263818205
0.39992074038735	0.55647816254371
-0.085829740750209	0.0374157515734089
0.959176740558498	1.04193044006581
0.0719784443784869	0.146053014990568
0.0479403963123931	0.0943066666794298
0.276059079413907	0.863325109006233
-0.0939268185449714	0.176655448015047
0.259394662138197	0.320217415874596
-0.640803833663748	0.807286770472776
0.625644602539846	0.744536590726573
-1.26847809333215	1.92362766294629
0.39312271198847	0.391410638138731
0.347051897690503	0.434813562341747
0.092688762708819	0.128991727872799
-0.115447743265296	0.0618711095029766
0.532679633246149	0.389180295485691
-0.0316004747004495	0.0268948017059623
-2.03114719087864	2.18778809231315
-0.27243143272404	0.134532208149857
0.129857165256718	0.0554834424697296
2.14218913184234	0.970255070587048
1.30866457828685	0.581085103400372
0.0062310269186943	0.00200636502427652
1.22335136710092	0.363999108861766
0.388700423012708	0.109160200857588
-0.306417004573525	0.486860482680815
0.299217367405833	0.254024375799015
-0.805921514807704	0.652472518592871
0.0046107671825278	0.00371481614407642
-0.230188269037304	0.305727142901155
-0.409977547236142	0.611746501383747
0.262140888421149	0.183299451348509
0.283231712372447	0.219544931153254
0.118146605635919	0.29131085851097
0.118599186441438	0.287041846098262
0.141531643493338	0.419398260085532
-0.228917520924394	0.714300651661053
0.0878101846404794	0.159174867730172
-0.200410713123338	0.234334242025755
0.711225988951442	0.876275860258941
-0.0581321448685394	0.045484780596366
-0.289572017153307	0.252254280187876
0.148671726871532	0.120593952816591
0.064023824049796	0.0538331712327646
0.0138117246516077	0.00817432236390381
0.845787682567209	0.51817750521689
-0.404408831555197	0.291834750994
0.395880645290018	0.448242961091726
-0.436242477974631	0.240941083882222
-0.182595979302323	0.0942067543932056
0.845429272841547	0.518063989020872
0.7804925175075	0.331224333986828
2.52480998418306	0.634922772878525
3.92199235159964	1.44989944320004
-0.473293904201552	0.115599424911331
-2.15451821389688	0.46533654820635
0.921895096884217	0.335398380211073
-0.83386970704689	0.336531070045138
0.157547183809196	0.24440535418823
0.0447421474317685	0.0281688340360441
0.902410406372534	0.873482311037209
-0.371883074749432	0.472891414700398
-0.6654479757388	1.06719643919928
0.397550429008314	0.476397255824729
-0.591870356409771	0.453834242597144
0.126847762762839	0.0792735647391362
-0.0714165882672508	0.087159879336595
0.0446322467842684	0.0950447036754629
0.13171396807402	0.332682707018238
0.189567405792455	0.487567061032722
0.285190855281324	0.655229279846137
0.384024382492923	0.282361413729015
0.239335185335638	0.733659135605546
-0.240144386363833	0.539044349111757
0.397524009689293	0.46358570695728
0.186563088337902	0.170499807354613
1.0374650361394	1.53067864463564
0.0562461692744016	0.0416645602111678
0.39779613685498	0.463933893949788
0.186081305323657	0.198701077102448
-0.182221395741787	0.0939842075375844
0.482825953141118	0.46500869192496
-0.305461290136796	0.372277318446625
-0.0907691581947288	0.0574952011745069
0.380247102190651	0.191995480003362
0.261778086245984	0.183022787233715
-0.139258708787851	0.0397553524568051
0.361731113967025	0.076032888564632
-0.4737470176026	0.115740974734865
-0.138491725911058	0.0395242008307689
-1.69702609696698	0.705889215708539
3.92199235159964	1.44989944320004
0.388632169003786	0.109098780678012
0.235920407766648	0.145805614242198
0.456448797667616	0.973722746330539
0.325473969357976	0.333524506327506
0.831595707219704	0.703262786077425
0.243549555331093	0.277651977374887
-1.00203929824709	1.82695008856097
0.51332256535455	0.692678982774867
0.0716516720234727	0.0388759845521833
-0.228273011154359	0.171000412109928
0.668416065849776	1.37263403586051
-0.0564692493894503	0.121484037611987
0.0419372275369591	0.0934549886803739
0.00626907522234147	0.0126799019221953
0.215101289004628	0.455344043544876
0.0537495767638759	0.0483493934890218
0.282645206904	0.21891095472774
0.257972650241301	0.755056429869824
0.151748244894852	0.436757706605168
0.110269275155694	0.297959309080667
0.0459716529591753	0.0988887666596688
0.170317348674789	0.369005885435853
0.0151630014322758	0.0143957688010819
-0.907874920863475	0.960904520928343
0.749058313349221	0.867972573239021
0.39695472659156	0.436744947951671
-0.233332405864806	0.232935375191575
0.0460612078472452	0.0440076613528148
-0.00422646259961326	0.00563784431613729
0.642642320386243	1.07788221712854
0.518342533646607	0.400346261596969
0.844965391521566	0.517595511159382
-0.669690796337242	0.639402800549401
1.08189937689856	0.545391539877195
3.38810192220864	1.05395385730694
0.388700423012708	0.109160200857588
0.392075810346128	0.157165661368801
0.00702425718955301	0.00224761041884316
-2.98625935690659	0.760136336044329
0.032539741306008	0.0161858750584987
-0.201829901387049	0.352759923345289
-0.0704052668185686	0.0500623229904508
0.0727222520684811	0.04851012567336
0.812235312623634	1.61828716859573
0.147486283927989	0.206752380245685
0.587219485804783	0.778965738124782
1.19842905191705	0.930047752032199
-0.403732444413485	0.371332792010029
0.460840127899487	0.916957852407233
0.043995402017198	0.0935695784391769
-0.412299331778714	1.50832814282037
-0.20688246255479	0.583282134525542
-0.00547316018181048	0.00908065310000702
-0.264921833849948	0.30860347019959
-0.526632548094356	0.510133550197476
0.0453844337271626	0.0433286867710642
0.0593025574900109	0.109503413860579
0.116364926618977	0.241613491592927
-0.151851789433806	0.328336813859779
0.177047048397604	0.489949875934498
-0.294414479931627	0.990964287689214
0.109509273728972	0.267037391369381
-0.224211777421526	0.509897301488925
0.0783075749559727	0.0993178032385426
-0.0743724518204189	0.071417276239457
-0.643810553968064	0.771708927657178
0.230007517623834	0.247513230118288
-0.0718827124650527	0.0606054559369495
0.099071517036203	0.109436497351368
0.596804058462829	0.954376470394418
0.384124945707013	0.282464509813154
-0.587224671595168	0.406295701025261
0.569332540485264	0.361830188474866
-0.138813074696716	0.0396232165072587
1.22315328754905	0.363779620936383
1.61062139347414	0.841128205958574
1.30845506000794	0.581181730657887
-1.75491445701407	1.596336760168
-0.233922715842206	0.357401943918509
0.0281112189327424	0.0217821934638023
-0.184297246774901	0.139375634354003
0.189559325170885	0.260941475598148
-0.0124838148270431	0.0156750574823135
0.311872416906828	0.426086100497533
-0.0186025120583438	0.00853992230776415
-0.0630727527914156	0.034901473630272
0.0540609898987	0.060278810123983
0.157565471175166	0.362557286674875
-0.0704102572834285	0.138442570244047
-0.113513056960129	0.256160001559616
0.298522876363313	0.761996223580498
0.061119444351389	0.0652120058529116
-0.182175061964341	0.16144995624048
-0.394127009829713	0.608962550492506
0.248940550174536	0.593926654160897
0.221297041562854	0.557451517532389
-0.245487925357202	0.623134171848252
0.0221946706384729	0.0387542601473981
-0.160602585478922	0.39598624800723
-0.1578036030708	0.371698621467209
-0.456396797369584	1.27804982753906
0.0110930250713724	0.011656694116213
-0.433081518124556	0.549534659889291
0.109779635479406	0.0926367547364059
-0.440729836563812	0.48335941325366
0.242485463800262	0.27615660163426
0.193594553829381	0.212684804351919
0.16553587641391	0.281179911118066
0.236569183821119	0.146261576441922
1.64919812230993	1.45438159594739
0.939545946142389	0.525529150731504
0.939850185791323	0.525845907565753
0.381943315219466	0.212186929048949
-0.244366761732044	0.385249458341477
0.570045825421381	0.362342465833943
0.0785922244000234	0.0685835750793679
-0.438485543673169	0.924997608278079
-0.815557237783367	1.99981316920185
0.39601419788727	0.422248483150131
-0.839506006386866	0.613700697464702
0.666875787571596	0.53984268674163
-0.210634656128977	0.198732290815392
0.139232373251045	0.214245465119611
0.00728423506881489	0.0102056409458828
-0.162409200099539	0.28764945685975
-0.13222686266126	0.210147532386694
-0.23318549661891	0.462321492571183
-0.420377114176659	0.803030048860694
-0.489849189326636	1.59426691040654
-0.577926951543913	1.56839540970075
-0.394057297319446	0.940662594910415
0.219383494247264	0.40955398474576
0.17409968334632	0.308416323352898
0.034092136949947	0.0437520671961049
-0.00405619741533321	0.0057232458534959
-0.0835644229901878	0.117180410352351
-0.382929463978473	0.819055063841019
0.0388583650274476	0.0484101259881759
0.455617683322798	0.595257713923946
-0.0466307604903385	0.0499130298795292
-0.560211668879099	0.899369103577727
-0.434251198789631	0.647513815779201
0.17602776446343	0.25391044879089
0.220816732673727	0.27027757568809
0.697974658452861	0.534104234126189
0.633324138386999	0.337264277429259
0.401009066917162	0.596084175495726
-0.172712037746331	0.0706637074876884
-0.346280252485372	0.40166432277516
0.562677632474536	1.37278924875822
0.276380656281535	0.458256850931694
0.254281629679532	0.242338761690633
0.00668189768782888	0.00214296623646803
-0.578656865271653	0.305181939487086
-1.49919315551814	0.866177289798674
-0.0508165761155185	0.0430585078472289
0.207379682669687	0.203340435566518
0.0668555021691004	0.0621824764011562
0.589265569708066	0.960308539310925
0.0810712717115919	0.134082985902858
0.0073500763379279	0.0144026088038918
0.0877618066035526	0.193235506771504
0.399672908203516	0.530721939439557
0.0801562268092944	0.0961800125685361
0.169295533470612	0.235776772823646
-0.420792820658894	0.581933593305939
0.0784355108147035	0.0684409820097385
0.11735438082362	0.113540669536142
0.0432171227399922	0.0520548252683257
-0.0406485057599874	0.0670543577660625
0.09049190082468	0.143227493891963
0.334182624332514	0.565515156425048
0.484099314450173	0.792068715059026
0.428698897634138	0.894786091070993
0.208951983087119	0.311444828109284
-0.02845421273837	0.0258948470731544
0.346254831885493	0.433586276643082
0.260692316075053	0.257074202190193
0.845429272841547	0.518063989020872
0.398309992329899	0.502983473122444
0.20791982354431	0.366189362838764
-0.262876766110827	0.402500497374029
0.17560715465849	0.154618626129302
0.00702425718955301	0.00224761041884316
-0.578827406622576	0.305295679912071
0.507301697249177	0.411991433792135
0.187356057188066	0.17133433208729
0.396193662164002	0.4487319512977
0.288138354304218	0.330655160418018
-0.30345942850324	0.451216168118266
-0.0542619263257219	0.0843096687172712
0.145585495880665	0.361535964680246
0.0164742957066751	0.0313443057242573
-0.522520612012913	0.779904647756691
0.176908523484825	0.255460747478843
-0.0826971738038663	0.100965819910028
0.136705832027214	0.140539195896186
-0.120434502035751	0.12800855835302
0.221816876182872	0.23141223043749
0.105063978108852	0.127233355743591
0.0651101221553354	0.0947820644114307
-0.0907035659311665	0.134961584507721
0.0704236543879197	0.082383730690754
-0.408507086018934	0.60862699131351
0.303710013164715	0.500935694951417
-0.172140296722075	0.245423852311298
0.104737146757893	0.0979776819981704
0.398001111893926	0.515081939565079
0.350648032952252	0.461657694265275
0.845429272841547	0.518063989020872
1.30812707835895	0.580766962829485
0.380127474809668	0.191939501341434
0.538924953496809	1.06115411236157
-0.904467086771171	0.785251882806356
0.148105991315999	0.120085395646696
-0.315081012087901	0.485527620932811
-0.170177699241708	0.279751647585403
0.18577683469534	0.198317798148088
0.845257110215614	0.517905108923992
-0.40508649688509	0.292529750547705
-0.0404635293086471	0.0390279190006631
0.176590456246385	0.314007763689091
0.328664309694482	0.670313983981858
0.613671213186954	1.76642733600135
-0.486807534267446	1.27970125269692
0.114660374273499	0.189063689054051
0.0544754337163787	0.0708123253316329
0.0159066099988316	0.0235633960601246
-0.314570097322678	0.778890897592059
-0.332679465678507	0.706048525385562
0.00332889954099741	0.00433061119878865
-0.369292944068505	0.736948884520193
0.423901651268138	1.05065095491935
-0.328563160574227	0.6824136720411
0.0850597946830693	0.132334825336461
0.325871279620875	0.662227773139757
0.0984566175433645	0.108673180972457
0.300627313764232	0.49414526984297
0.620513645916581	1.10040164207625
1.30828791736249	4.02765374642732
0.472895749569672	0.84528363802095
0.2531772027021	0.304244862439286
0.0534004637018708	0.0693290394858087
0.0809312566327851	0.0846986691639219
0.214235361373672	0.216700714536753
0.261640499953285	0.258159228856341
0.245648397877259	0.225677748494484
0.94045728313954	0.525995949608412
0.361525050252763	0.075983014787952
1.30890132594466	0.581192096083209
0.735491616147676	0.527353423758431
-0.168433164970866	0.231438552624865
0.384264598714541	0.282581434743212
1.05649781780372	1.83709852799637
0.400087376615327	0.859438720292051
-0.0232035856089944	0.0282473658756808
0.0349017671058299	0.0369599771594025
-1.2485490054895	1.20638087007433
0.726990740399628	0.703423347575251
0.00119441762098939	0.00115968304191613
-0.228903872504687	0.472679244773488
0.106331726255435	0.199459499458565
0.207532306936293	0.454483935785398
-0.346775729223338	0.881795232091506
0.0596904800624003	0.0789832679313704
-0.273814636587071	0.34919115513474
-0.0462408634363549	0.0604714436507544
0.15525704554317	0.283157700707228
-0.203761206091935	0.459891453392528
-0.00717729765978398	0.0111877649340854
-0.163792943862242	0.338229459500328
-0.0832342979244945	0.143701959982382
0.228010259203655	0.551198792029615
0.171572678830476	0.334510618832247
0.0913238673479669	0.132898399159808
0.0475017289746979	0.055107135450909
0.597320203471467	0.955056374709991
0.653933256145816	1.23122798014685
0.226577258865404	0.284287782648842
0.188789247380034	0.259684252544669
0.146045443952363	0.171323557196744
0.362268184884933	0.576679533941729
0.483134329722667	0.806223278014153
0.206368285531102	0.202227625038554
0.754844085293577	0.701281666546321
0.285826495953371	0.319316756945422
0.351097739071451	0.462418093231515
0.467430797270813	0.516961107148567
0.393770983375881	0.392178487856463
0.591879785820006	0.571492851311329
0.748828003488139	0.867874781079685
0.00680705574757758	0.00218395271828338
-0.139134492693926	0.0397113788160752
-0.0855386111326405	0.0372858102338209
0.182511115388117	0.29093214824814
-0.134526132185227	0.0837397579827644
-0.289774942588268	0.252458272464419
0.0995888375310229	0.110069631854817
0.0390068694236917	0.0441952289336978
-0.667760120163116	1.07170986953503
-1.65078804022506	1.40549444982108
-0.0518872664176108	0.033358803318687
0.278596045493497	0.38612091171027
-0.326696662200489	0.897594081861012
-0.126529845285469	0.270669808349083
0.0218039680276063	0.0393913764128743
-0.405488853323374	1.23486868209738
-0.687247846350473	1.25839633201221
0.0759783313569143	0.0589288074195808
-0.649196885627235	1.25986945862613
0.229617299433665	0.485698833935879
-0.0851114290679643	0.165667460904156
0.428121734491853	1.47770806248687
-0.0423327345906312	0.077607708122399
0.321224282782211	0.877759379835663
0.10974655794893	0.23725479346152
0.134806810994194	0.271818649368922
0.264984853883294	0.409458368405323
0.032869638869707	0.030401415278191
0.444169961183367	0.679416730974835
0.0991102255605273	0.14060243624181
-0.297250343711677	0.625264752020388
-0.0757181919525566	0.0886801046265729
0.195068888321243	0.214636093498918
-0.247507311602947	0.274795234383003
0.282670919189837	0.21902068288096
0.284344859792145	0.31749372196484
0.384638388536294	0.250514697355033
0.283922537889614	0.220138935654511
0.393377442207236	0.377923080061308
0.668335929851817	0.89331320882733
0.284321832813974	0.317427801950355
0.729408221628977	1.03138722595395
0.640923004450672	0.544940858328329
0.394359594817734	0.135507846198324
0.922267143569276	0.335532055324165
-1.13244888628597	0.69749565539051
0.0225988998889455	0.0311281696471784
0.711791475633219	0.877147166953111
0.592798651508076	0.572532964519878
-0.0730650879117998	0.0779910540617098
-0.0966360490418542	0.118296143166262
-0.310522122991257	0.445210369235364
-0.834973655551318	0.836657538281259
-1.26035805929732	1.04054188328373
0.195679002283422	0.328169362985351
0.0432083624262295	0.0905525218240364
-0.168253696541612	0.450037062633271
-0.141254583727094	0.361316980775186
0.345625093625216	0.881141909605494
-0.16118790848045	0.171257817097512
-0.184818690128059	0.139823905904776
0.676513386869519	1.36961971057565
0.113193588676396	0.240089793225471
-0.110161144793516	0.245188400162652
0.0764776488558236	0.160858772080748
0.0522776481654957	0.120756717123731
0.182364243411308	0.54732826070906
0.0900846727665485	0.211965434141135
-0.179653807394218	0.415373390643148
0.0204300527277336	0.0220258132890622
-0.867719788758304	1.33517352576868
0.147324180986812	0.156257638077073
0.465985218813748	0.531944104279152
0.568935860945491	1.00081816734137
0.168315310075434	0.254378533840505
0.257025045335839	0.539400475089467
-0.490087520320361	0.730756187205369
0.0692039767105813	0.0702614513906059
-0.460009873813521	0.557215704484571
-0.0168405125238176	0.0122200363853691
0.102108701747932	0.0597289482398715
1.1712867407784	1.2709563590978
0.0538083165781832	0.0484004406550543
-0.300117641374031	0.199786871364937
0.39214308430802	0.362352314890187
0.219134356843077	0.125692583795998
0.148396536949261	0.139754898110311
0.0628027531946086	0.052769296067301
0.385448561596048	0.298511433361762
-0.021615975518368	0.0122765823098125
0.321719392893129	0.31893412429791
0.806968244834682	1.17751477169378
-0.0360603770785149	0.0284274881691978
0.266671362841661	0.271673946258079
0.252552935306591	0.240486931155681
0.384439648829815	0.174502157155665
0.780257852589173	0.331061629231793
-0.0214163883274787	0.012166097960855
0.106034495460687	0.16945143353019
0.330232994717973	0.349786752918426
-0.512750988044986	0.432394494543797
0.258123544282389	0.383881655106456
-0.120457695156652	0.164807630825541
0.19234282014548	0.239182313457541
-0.186281840354813	0.113460053513999
-0.0901822830870999	0.0571261059777685
-0.0757223761855178	0.0886744320181578
0.0292183653356624	0.0590800425706794
0.0152160856884036	0.0296684037419993
0.293429003320227	0.895019663569615
-0.236988699067789	0.608119645831813
-0.125143967568765	0.159357765793516
0.611371295335149	0.938246777157108
0.100206705559727	0.128238596151232
0.230803406599454	0.602063313872072
0.106780218607707	0.241656883980987
-0.185977495350189	0.478690351036023
-0.185431496784593	0.470259030446034
-0.133868264079913	0.328107130593401
-0.00911666265386357	0.0182410990587116
0.25209595371566	0.662398770545453
0.370639913442031	0.716814240939516
0.618978438636188	0.929615185522245
0.046285548750014	0.0442309366116448
-0.0500762972127846	0.0424083977606733
0.505258186839941	0.714421820328685
0.146498090797149	0.171939427261559
0.0794230258044236	0.116448019550993
-0.315081012087901	0.485527620932811
0.0641085740528646	0.0733842253731292
0.125160641536355	0.149419352309802
0.224394353103642	0.19013402724219
1.00730816954592	1.05469406423397
0.0471749226300447	0.0451097231285017
-0.487238245189884	0.345440279782239
0.289740540772623	0.332869198125733
0.101843168345207	0.0595673714508446
0.200853124125935	0.226953338751689
0.399218435471705	0.711902548622693
0.263191811063688	0.332812703201752
0.568853419267392	1.00063128373093
0.915032092131974	1.7738670735321
0.392371629160728	0.376583465756843
0.326056670057634	0.334348182380539
0.177969451508942	0.184505245922445
0.322503359043794	0.31987823171002
0.621569474513966	0.553067294327612
0.94820151323029	0.708939708769894
1.61141385637907	0.841641028598921
3.92199235159964	1.44989944320004
-0.330492360585561	0.189703678604158
-0.206422085032372	0.396993018168659
-0.219124664490802	0.178922232192551
0.159534648473585	0.155380543390522
-0.218313716940305	0.343186474882885
0.400908384973955	0.884075979642555
0.324734711815256	0.493329125579491
-0.591969199293569	0.453958851142532
-0.592074428124938	0.606424102676229
-0.0229941959723543	0.0246636900142059
-0.222422771012042	0.513942771764871
-0.338709721660712	0.860736087513612
-0.146352201178481	0.303287976107655
0.060455981120732	0.108937672122359
0.0766705479827497	0.120370063836819
0.445387618424659	0.667216960888788
-0.227720835353992	0.430938597011732
-0.293840255198213	0.810306983972943
-0.0266810349844139	0.0473972670413563
0.139337953390698	0.274145142453886
0.0528074084293915	0.0901160906495492
0.0108058870314676	0.0177190347721524
-0.322587522819198	0.871938704050263
-0.362440648433104	1.05487107181734
-0.301188003278387	0.592787837460885
-0.0115600594316766	0.012401435573074
0.10722238518846	0.121501210023752
0.312390132005883	0.427019729832151
0.317773449555959	0.453966067197817
0.285011117490983	0.411949957606688
0.0708090344215333	0.0878732015227749
0.0292843261263584	0.0323455647566897
0.204787032639663	0.267093393410425
-1.11836101942566	1.64076659033411
1.285871934494	1.65009669417451
0.244277067753484	0.278598346101157
0.487528568070794	0.451385834430231
0.171222284275114	0.197278015250597
1.35776647079591	1.52420958853243
0.366777923353068	0.647614472636119
0.821487544326208	2.03513839592796
0.128860727729811	0.128760232413437
0.360114835180637	0.551691319474823
0.108416717764882	0.123022820702282
1.0738805066605	1.54357404254471
0.260106014993035	0.256450725179338
0.395781505558973	0.448032033142417
-0.254689387852744	0.268383175079511
0.400151053176722	0.544239832225027
0.175448563955686	0.154471501207992
0.625847545925136	0.744805365319123
0.389199989515189	0.330825837150489
0.393702933984558	0.135223212569187
0.196780027356607	0.103577238966402
0.529617664230464	0.891235556801855
0.196937142974908	0.103671316118869
-0.401880777294382	0.442416884958397
0.263420964015427	0.573892578286482
0.422981145089697	1.01065434556646
0.0761803663895427	0.0590949421597813
1.08180421380207	0.545274821389481
3.08521462575811	2.27000272976969
0.385035594075047	0.26754860013475
0.0532611860035093	0.0478935361621588
-0.769949535426617	1.36608375568693
0.339284685846381	0.392258908205603
-0.712306332887018	1.38482908294828
0.0782473561522492	0.157750309699936
0.0118717639506419	0.0246468918499243
0.171593712724278	0.490649565844349
0.364672092347401	0.6023576343995
-0.0318007293303969	0.0372192723214089
-0.22457782675737	0.320936351696894
0.237273025087706	0.262985242316572
0.357397988971823	0.515302671089058
-0.0125881987950896	0.0107529051770143
0.434298163210397	0.768754413670763
0.145392111074133	0.304404356572341
-0.356132869162739	0.907387592782203
0.0427677355436903	0.0514877009377376
0.282048495910802	0.48363196336413
0.421771205133533	1.09043207683273
0.19977752743498	0.316116576593856
0.438660457326405	0.73829182110909
0.130417446337157	0.145244151145327
-0.294200546857319	0.564735030913696
0.251209660448989	0.463007514718058
0.369176953327428	0.673560662740135
0.77179234439221	1.17751147871355
-0.2649049085027	0.308594489145193
0.345152204391291	0.421622406613757
0.559226290406451	0.601528756424369
0.0916293567041271	0.0828020594236736
0.0053076964856311	0.00427278540342982
0.591139909115255	0.965078335294958
0.610999048054602	0.937440861652197
0.5039742476306	0.711715969625047
0.948140777876843	0.708861171264319
-0.0917519686713774	0.0981258207952649
0.345660989079877	0.680440260264621
-0.554556273540465	1.24672363844883
0.215676789023343	0.218428302691585
0.780384280304085	0.331153446143224
0.166455319869042	0.0794206416678706
0.532671440719784	0.389128951808697
-0.331717839845422	0.32787929793276
0.478333996068897	0.478250016697123
-0.134246087697433	0.0835564385822814
0.345965703395848	0.433063367628893
-0.270095637574939	0.682787318833582
0.0405468143547734	0.0950919395928426
0.0732032998127163	0.169743701182094
0.689723809000671	1.04347239831095
0.236681368926842	0.262209321906306
-0.250743999951079	0.319030352702792
-0.688891796190457	0.567336596269349
0.0102574560380416	0.00686992863039407
-0.0730475217123445	0.0616320955478767
-0.111471948305912	0.124883151403936
0.238287231056648	0.494340134489202
-0.104338622512156	0.193692601249475
-0.0544325325099558	0.0780645456153573
-0.167097574756779	0.229193122634379
-0.342537690020332	0.823319617860118
0.111725487035925	0.156922093499924
0.395418839926373	0.434572563029216
0.401025676916186	0.862319570844237
0.273606015181575	0.445956946539944
0.0713976241425939	0.0886699745524769
0.0172619313929439	0.0193901437793017
0.194457393904779	0.273197755984501
0.491557055210507	1.01615113624062
0.446925487706388	0.655627107522504
0.244817188952936	0.22483643647975
0.0763030117667786	0.0591859088642953
0.00816152071029112	0.00604229018859674
0.215066509087139	0.256686733590664
-0.296750299838153	0.294669547595532
0.092874620004464	0.0751635217883123
0.10903069556479	0.123774547749163
0.241298211263844	0.324511610853024
0.974063169883156	1.64831380729034
0.389828393416623	0.331396092283404
0.18619529698455	0.170100784621608
0.0779084056367842	0.0679515474688124
0.0758173016002539	0.0587981381235836
0.473431985398221	0.846629553017079
-0.120059840858864	0.127553751113981
0.482627048983867	0.805052396864214
0.569707180843949	0.362140744984604
-0.416876799182635	0.71144281943578
-0.486592638702941	0.344927894499103
0.00166327737388316	0.00153341112685134
-0.409647978323862	0.862565814264884
0.207332696386653	0.394444077584399
0.168831981732909	0.169709845755186
-1.13443025275067	0.699046513721769
-0.0210766701458719	0.0119734962096301
0.327103803907373	0.335630274960882
0.101221758785603	0.112018519139059
-0.0122005857223591	0.013097685445296
-0.69448616348717	1.19155766133879
0.291947236567444	0.533069249292414
0.534354506954967	1.85323664727107
0.293692724363436	0.813332812092498
-0.148001436715138	0.337038457552478
0.29173471182243	0.532546627316023
-0.283642501727052	0.503864167293028
0.127334446497968	0.177280550963706
-0.342993363453337	0.474138343922214
0.0287634591377559	0.0281769105823664
0.180106212368955	0.213305462520577
0.0681560947564324	0.0921800575832751
0.12383711505888	0.238399805300056
0.207041693387905	0.338544664727846
-0.198800295745518	0.253744047076068
0.0557754460123791	0.0662263953172119
0.401499515354438	0.874586360931499
0.103408156195287	0.149160231023765
0.364015105594899	0.590706485209703
0.151221719322774	0.197635015147978
-0.012529893138242	0.010703845853631
-0.202634470284742	0.214152680698175
0.199951035117487	0.225692148807601
-0.690506832224757	1.22468160373918
0.355073555250309	0.500586118884885
0.349671121207111	0.459846797697106
0.156186900719718	0.170518302738147
-0.1811011304053	0.181714160477089
0.0672274633877071	0.0625499056778367
0.125440655010759	0.149788866931322
0.0348001167320682	0.0368479994219325
0.0161334223548199	0.0153250787320199
0.272807994244682	0.286851072183917
0.0690606216727063	0.0701226920673505
0.118739352145066	0.114968947507693
0.604324380690525	0.761048895078439
0.501978439885868	0.726104628553281
-0.860201926544233	1.17479189988485
-0.127331006009736	0.113820767902592
0.253249479551104	0.304369322997271
0.0716365782781103	0.0785715680009546
0.636272425959095	0.913952664084326
-0.0855386111326405	0.0372858102338209
0.0838586887743945	0.0315417448319039
0.250230914513944	0.165077034167763
0.0667419277798136	0.105338598026871
-0.153871000291527	0.137047618756153
-0.683381630944971	0.938791780415764
0.253106229958477	0.517966400316193
-0.0880274651962978	0.127319850797377
0.0452554637233573	0.0492275029836576
-0.020836559488097	0.0118372372760294
-0.185151851671529	0.140085392619791
-0.0136336817954628	0.0159579095688005
-0.181527716692419	0.369196272980387
0.270393345621739	0.617045610558382
-0.148616782834989	0.298837876190435
0.399584373025909	1.24916142942668
0.19850133897297	0.361966951251368
0.781739563466059	1.89885576350012
-0.217034432239407	0.419383492614302
0.113275341958064	0.22614291859144
0.00403934844979452	0.00668253438846077
0.186559125359259	0.410610192970419
-0.307705945712315	0.719412876739541
0.0970135280031112	0.199190285075286
0.130349706925651	0.257231282543058
0.237522429801602	0.405822583049362
0.231027606051641	0.296626198504573
-0.243963816547697	0.336748268626357
0.138999389507656	0.159034930791976
0.137557940879963	0.198702427463143
0.1920033812451	0.343505000963313
0.0627579785100655	0.0527199485958477
-0.592792878600216	0.57018932530359
-0.460889908882569	0.687033596270653
-0.365288299877239	0.402929912424602
0.48929631729898	0.770153043150117
0.169195519296385	0.118724716061329
-0.049975912692921	0.0423192791907227
-0.00141381728741411	0.00144182190511451
-0.213679292570384	0.354551550933214
0.146178867231032	0.187120683747801
-0.0442707622952884	0.0401345906683419
0.0574399496002073	0.0565750934888334
-0.160605225396047	0.170563378135552
0.0639681009521419	0.0537873575332382
-0.0985112868808998	0.0996860586263869
0.446629802787621	0.655049423370605
0.394924681563556	0.407234178837117
0.178560697058561	0.185210217699189
0.53272975612393	0.648618664552086
0.951652002864785	1.64425392922183
0.391875066580752	0.157028833949212
0.384517808821226	0.174536673752898
0.385402167823949	0.298423615359557
-0.336627147519856	0.792257333049301
0.253547118894179	0.241591949774848
-0.0147877920506427	0.0107322824151648
-0.208664053041253	0.308086826438568
0.171306691795216	0.279749855746732
-0.181795471688779	0.249950592707733
-0.186139484065231	0.113377323003526
0.0447660007150723	0.0281805827923654
-0.295993790337173	0.454788668472223
0.108729147579256	0.240251091398033
-0.249019091353734	0.663539312532291
-0.0595620962423913	0.110211112925229
0.0916531439321741	0.185282800226132
-0.0348128823291319	0.0468018173795103
0.400969713657563	0.620734622911162
0.24044442542863	0.459313681351442
0.339397874937971	1.022755384476
0.258145556125423	0.65843044143587
0.0255177412960583	0.0507814456443539
0.115779928944944	0.134620636277219
0.121539524084825	0.131688037021661
0.242873510648498	0.276749469608823
0.116633112886683	0.0863641548775364
-0.155755178374843	0.147766519463149
0.474062515182814	0.4910199606864
0.106180246833609	0.0994421951239997
0.249890684094212	0.164841428016307
0.13953036608418	0.143814030890519
0.103953671071948	0.125732794745717
0.0677532117201259	0.09578518114815
-0.441670679524267	0.683076575079847
0.323305598120024	0.490389551275051
0.796351567697859	1.47058051313098
0.214935750030425	0.217569805219848
0.580793989319744	0.789990152532492
-0.23481497255265	0.234647932377304
0.384361392490954	0.174448538504531
0.779806875358195	0.330752512383086
0.392075810346128	0.157165661368801
0.0338849058718887	0.0483242613876648
-0.0815861877193063	0.0827389998080385
0.860847155783041	0.867467905812815
-0.575787294789881	1.32716657897551
0.429539876002025	0.860061992617752
-0.29983803357232	0.414400182406023
-0.373368826863722	0.24315268189551
1.00855490640331	1.05635599615198
0.0539721829139984	0.0639307375498266
-0.116556026244693	0.254976167477619
-0.196152525413629	0.50076738594956
-0.0205376019131195	0.040549394302393
0.410288275982304	1.43912589959643
-0.183112924680553	0.269650741315
0.0476302833079359	0.0455543032411164
0.0398587597276026	0.0497110669599411
0.0845411286547013	0.187063005846262
0.155985469573046	0.408468183035247
0.026330120674378	0.0533939147405175
0.127677416560586	0.127448773444142
0.0877510790927083	0.107715076361721
0.00395782810378808	0.00341766208602989
0.162222699781527	0.200201474928425
0.493010606675121	1.00417982644489
0.0190586810261841	0.0170502878222205
0.652880377622122	1.22848381900722
0.471208292766945	0.505077492735402
0.388678813681785	0.330292839043739
0.250426229357024	0.293595879273139
0.620891409088515	0.552151877094673
0.481340748910737	1.10554162067896
0.328863603680169	0.527771072594516
0.222987660033332	0.232893257962001
0.115262778557366	0.0852826036028885
0.115868605905203	0.0857756306626789
0.128202191637838	0.128025813718857
-0.0812133110683172	0.0823294520263174
0.149351576730904	0.140735546057894
0.507812331841567	0.700862548007504
0.149178114305862	0.158437536085234
0.221542650040958	0.231035447554013
0.461603721351792	0.557823833751879
0.136674474250525	0.124312591007218
-0.0526164076514688	0.0338236862673899
0.385336961790517	0.298421220727097
0.249609701310002	0.164622350280018
0.901270956324033	0.871439055870642
0.667431328476422	0.721435568118675
0.393913102316058	0.135306113972711
0.398499746973592	0.553797800007394
0.56992470923534	0.362317672416572
-0.442388914246771	0.586519393383423
-0.262455138057961	0.488393086629729
0.27967955927357	0.543620899329786
-0.0840683482996817	0.0758031236769707
-0.0186275368753549	0.00855109694118513
-0.582629798397334	0.356017714403008
-0.741792231502243	0.749614617212766
-0.227245145299101	0.239740338199436
-0.157821926020263	0.158648409619987
-0.138887826673557	0.147453087818739
0.503165379349013	0.967736878567278
-0.164469565850554	0.324904954703425
-0.135431999933083	0.327448730936505
0.281673548244801	0.913259259972426
0.0626539247836879	0.0669261965137324
0.0968631927250039	0.114499787850489
0.538242154735972	0.636524797494806
0.779512345647233	1.32756721911257
0.177867656372626	0.336870378149568
0.490324634234842	1.02800880991013
0.211773572079759	0.352439046022879
0.0661115075157492	0.0614403688260405
0.306275920532511	0.399628494973401
0.288205313603698	0.330775530176889
0.329862937159807	0.349300116027067
0.319446826495836	0.456978246776187
0.345152204391291	0.421622406613757
1.25526580439503	2.57790264653866
0.460121035448592	0.555641841257419
0.202116766284548	0.22861392387886
-0.0321697492782546	0.0273884949105895
0.0761393967117798	0.0590576546676528
-0.103983816723103	0.0932871661473324
0.0280515515336698	0.0217352581531946
0.393377442207236	0.377923080061308
0.291936513947369	0.237156045885125
-0.402250629571689	0.442902240625164
0.482941852550714	0.465212345192957
0.342437420054979	0.407221229962888
-0.92545336826143	2.0649905465528
0.466879620474098	0.533045586101883
-0.0373248376526673	0.0380529223290092
0.469737317417159	0.867816149528199
0.73511750060613	0.526927044624564
-0.0737804698835674	0.0708215354799648
0.314215823684201	0.685742506663451
-0.0168336655861527	0.0244820960814653
0.00321695446537512	0.00278156453505343
-0.526975041207015	0.181778673196894
2.69360609575522	1.60886165334403
-0.0634544336110377	0.0351192778533629
0.0898788228044903	0.10380239677145
0.0801457235102382	0.0770722778115859
0.307843915116021	0.40229369773012
-0.670689582480134	1.45203633192542
-0.256926952220237	0.623457151315007
-0.0226733656994298	0.0422617437364604
0.0790814297191474	0.171530151544373
0.315055698697948	0.572439395040694
0.0515944052237291	0.0635561223240743
0.512437707162036	0.940778747089447
0.313209653213141	0.792528384598649
0.269350869669613	0.548887447394202
0.10176496994879	0.13050146840743
0.442829928371049	0.691123967130814
-0.289790454711733	0.337072387011988
0.168831981732909	0.169709845755186
0.516225930491244	0.679139516975133
-0.18110816155251	0.171270293857863
0.550619648105306	0.838472618204239
-0.431373065986898	0.448472375719339
-0.876297291998114	0.983851003696459
-0.593944023431237	0.495924032976596
-0.79032054084005	0.893231524750585
-0.705841299771666	0.845815862502237
-0.939106012196396	1.10751896565668
-0.012686011798363	0.0108379853371994
-0.313287825262808	0.291671302245759
-0.665001358567725	1.06616281178595
-0.181324876119756	0.221785671969764
0.250501496144414	0.29370479865274
-0.540428019152343	0.621433189184456
-0.385444632291187	0.882023131204736
0.185204393101033	0.318076526249435
0.29074544402284	0.437325772536064
-0.134526132185227	0.0837397579827644
0.481727602004703	0.463290898234747
-0.352754694002566	0.50630034899739
-0.261582284950401	0.568911972076273
-0.183695300170508	0.396438862122586
-0.166381114108142	0.336095736648805
-0.162729914830831	0.307928457874213
0.309444654434422	0.642182544222952
-0.068638854640439	0.0769707255202909
0.444465166946978	1.19855784879146
-0.330299389597967	0.894700838733911
0.135040446936747	0.292458159604355
0.0524066242605217	0.0788861188177899
0.379325441093608	0.902268746895352
0.495468350174563	0.748604071445434
0.0452554637233573	0.0492275029836576
0.103109459076503	0.105542455416363
0.255673283288115	0.373345895047558
-0.36264432343621	0.540074104708054
0.0809573928724455	0.0911531448145698
-0.295496176196041	0.293075566275485
0.340122568569983	0.393596134111407
0.742885924662234	1.18227846864892
-0.213992948709281	0.188691040629633
-0.158302410084981	0.159216639744512
0.396996971015382	0.462781465330216
0.512796575678344	0.691795211479086
-0.0139266837443274	0.0110438421549956
0.273491481809035	0.287731098551366
0.512546015547246	0.691273634579985
-0.478829986964428	0.659728002013171
0.689016741861545	1.04152207483724
-0.342024318946065	0.472335228843802
0.0464962555699058	0.037564627604218
0.148348454397205	0.120325340468093
-0.300461931972178	0.33227547404767
-0.257669076313618	0.570044761476115
0.118478402313462	0.179968423612604
0.128469351016101	0.128331974026371
-2.168313737578	1.13435412333997
-0.272673798441114	0.134647807833755
0.391970977781792	0.376164445426377
-0.209738167869457	0.299363560816252
0.0902987698095129	0.097138456464441
0.131244836851079	0.17342629225591
-0.21866260382143	0.343892837754147
0.104443266118423	0.19401943373429
-0.202787733772165	0.52029534406555
0.0293800569508633	0.0564564991565893
-0.0777646821284659	0.0986030359850333
-0.0612619314038516	0.0747830811252208
0.514910958079542	1.1485379017964
0.119704180289686	0.151743298008244
0.309652249419251	0.544385583747622
0.0789622882768019	0.10557774989374
0.186350081757211	0.301784382723447
0.202119717742124	0.228686509925846
0.0861556696557051	0.117560989586948
-0.214912336668567	0.274078665705059
0.302940059292029	0.385787163676316
0.138904322007016	0.143089434690445
0.0916746458188393	0.090942603146847
0.27339261967526	0.287585083042959
0.624917015027191	0.743192038356441
0.00343190233825746	0.00296597250181665
0.134609920840688	0.12215209812982
0.743506327713653	1.18375408304526
0.242129387443243	0.275698978855754
0.0920316382496686	0.0913502322175358
0.0530463122285191	0.0476909437697789
0.0225080519245744	0.0188338385296768
0.0233634671660342	0.0195558971108578
0.00270811832461371	0.00248863728024292
-0.151013610963626	0.125188202625115
0.0384340469081838	0.0333561999052237
0.0053076964856311	0.00427278540342982
-0.136380170097835	0.137403746058579
-0.181282135524552	0.330954151443104
0.00641853297130615	0.00922146194736712
0.00420939405171954	0.00363357528811239
0.78240423830106	0.520800573690726
-1.36505717707619	1.20762946578968
0.124270546769546	0.108996092091698
0.195861191420907	0.304616584486051
0.0789560262927355	0.105561226649204
-0.362005278203788	0.667095367762366
0.134842194052802	0.228001582002623
0.217616886220602	0.405268462317871
0.173191902825728	0.322896006085251
0.0174126024655165	0.0258531362693052
0.236900956054895	0.262501315503633
0.0803833405404653	0.084057393606036
0.24943843726392	0.350167556976783
0.93428726392082	1.77990138529522
-0.0133493717148455	0.0105850849029216
0.120788865612972	0.130784945566532
0.661135243751209	1.06614942814294
-0.110466231440441	0.105342861187428
0.129540945921154	0.144154471157369
0.1025834385354	0.104945395920883
-0.246743289303695	0.273774190407325
-0.301278521972843	0.333415396976341
0.743196129360964	1.18307874395767
0.329962935401423	0.349389898708026
-0.121255207494537	0.101102412179011
-0.0960623298838364	0.0806041954758562
-0.0352254504056027	0.0277616497134267
0.283663291115454	0.31653340450018
0.397550429008314	0.476397255824729
0.396058345724092	0.435558735503238
-0.278099671434405	0.206123441305219
0.245107787533377	0.336779356618843
-0.11337725018942	0.160050471510899
0.0996051124310767	0.110078470263158
0.66648633303356	0.53946197676934
0.225318938206603	0.191084228102847
0.0504727928338016	0.0621043659928504
0.140784845714579	0.335456874480626
0.133435573579241	0.314270872279691
-0.15340416302406	0.400348061706146
0.628217912938024	2.45632819231946
-0.0118788188299405	0.0115085022267165
-0.591317820852475	0.677524588510521
0.360172995978658	0.541250439982589
0.369785785837848	1.09268651455365
0.25769975757219	0.595496116047496
0.133124652662195	0.265797695207414
0.565596807313408	1.19235163934253
0.953898216524383	0.883308015688764
0.296586051489002	0.359138002811817
0.395781505558973	0.448032033142417
0.393927073524796	0.392413695411652
0.0934487223875565	0.0756678354892025
0.0336046748257693	0.0355359587626492
0.330389732316654	0.349975437981733
-0.931116491064463	1.43167630776911
1.0877445144831	1.85393839100555
1.56018158467061	2.86132582596506
1.07739170770576	1.99386061626447
0.483143990993414	0.465458908581662
0.0104110455299431	0.0129814123081526
-0.326187358053753	0.583739572191826
-0.36710918993802	0.507625459468262
0.126227918354747	0.0788529538573963
0.727173445119192	0.703647677531748
0.0352232427427057	0.0373124598509328
-0.0289963455604014	0.0498024481125277
-0.0534506605390993	0.0930358906554224
0.111125495723315	0.240812748213373
-0.0653251856643929	0.118920539905784
0.266077180583677	0.411617460763714
0.532246951937194	0.647801538852045
0.325490075889238	0.503484312994534
-0.0209325258874974	0.035125680952019
-0.0421288086385475	0.0757663929866284
0.289836403724374	0.769151427253393
0.196750078664455	0.523855381494616
0.162942639572341	0.352398292967958
0.781739563466059	1.89885576350012
0.727200405383354	0.703400125331674
0.234259957432884	0.206693577673858
0.196284832216104	0.103290619278252
0.0568099668543814	0.0420967691632965
-0.0397172991962593	0.0382820252121002
0.454291365483917	1.00777268496972
0.129540945921154	0.144154471157369
0.11541788937778	0.134140958680493
0.0053076964856311	0.00427278540342982
0.0390018788444156	0.0338677096748935
-0.0153909990638228	0.0111697177581582
-0.187234125484495	0.128621390220165
0.0578131607405216	0.0569657921436655
-0.213876035722566	0.188588824222948
0.197088168239545	0.186710508116131
0.781535781350949	1.02437401071131
0.460393183731776	0.556132566608404
0.389409407820931	0.331092368723623
0.434459539182794	0.782594889212888
0.341973886823828	0.636405681027695
-0.244568940492241	0.337669549221101
-0.701800273256917	0.527246534413427
0.4884043558442	0.452400924035222
-0.343112740282675	0.511410549505074
0.240397939219642	0.706817726636547
0.067219317550419	0.14818936666432
0.137585308551035	0.322460272422614
-0.26899637576402	0.598817855016808
0.145809314565994	0.186568441251147
0.637646428441165	0.735918426153587
0.108909161871585	0.206707413498759
0.138380552886392	0.29304950701795
0.184456630963044	0.444333845996653
0.0545963380364967	0.0987734762896302
-0.0209980163935812	0.039181644202529
0.0627244423239107	0.125873531620548
0.189606686844446	0.402406501939558
0.04580510794221	0.0288376144303097
0.126808051718692	0.0792430882595019
0.569822228764669	0.592568656269045
0.384786891950608	0.267316622801134
0.126367638384059	0.0789454696590388
-0.449317988419173	0.620753071484829
-0.446543025332177	0.898772652973761
0.651682812824981	1.22463345108372
0.101765190041869	0.104038968485276
0.400019252965406	0.606429489762939
0.763351275025221	1.02781021872098
0.0712127317581064	0.0780818596724873
-0.254261513446887	0.267832916475948
0.668606349770879	0.893981147877408
0.396509761418784	0.462012656523104
-0.139420038460736	0.215801293887572
0.0391973660083201	0.0568469526236191
0.114632819325936	0.133061746312614
0.283231712372447	0.219544931153254
0.0720865113079994	0.0391107809118725
0.434427176461265	0.782498044038036
0.0238651576433203	0.0399943589552055
0.366679655351401	1.07969030862749
0.107850395451101	0.232303480460654
0.184918020823118	0.405936148613547
0.257822632053661	0.383288259924414
0.305691946419795	0.8396134730755
0.02848114131684	0.0436979035257427
-0.0182347994795819	0.0304605297258615
0.274971641062788	0.716505649007747
-0.13692703363464	0.262635254338498
0.172783254645971	0.245014159970677
0.401218040472904	0.596517902417571
0.848547105918776	1.17905227890062
0.200800740208099	0.155742421445354
0.702634338352205	1.04070615546787
-0.443853801506936	0.377545507353093
-0.0824719050532643	0.0742812541273845
0.101329871603075	0.0592553699462372
0.29189307055865	0.237083363672322
0.0488066414674868	0.0567004258412405
-0.032305708962944	0.0393721043984299
-0.114618822242943	0.166497968385923
-0.592514873599567	0.917464388823568
0.0298567394768174	0.0363541857552724
0.00562150132107874	0.00452330325241786
0.208440946061504	0.242206126438296
0.167947901816308	0.168606003569633
-0.0821170463335648	0.0739320750865389
0.277923625474713	0.301024805428036
0.37799271224922	0.867496513008761
-0.0952129588667786	0.157345906815
0.531633410255994	0.876990693399329
-0.272333557581422	0.134487452099993
-0.38985152814976	0.182450980352605
-0.0985859832880138	0.0997728766571035
0.0944824291002834	0.157685181382774
-0.236011526595091	0.458183978198298
0.00198062904300719	0.00272492139270629
0.0708172351379535	0.113414485429318
0.0249736424219037	0.0358605213388154
0.14892457078015	0.279521638903805
0.140237748520829	0.216029638187874
0.0909381617156027	0.171853268481329
0.0953916736816705	0.153473135217408
0.365982088892809	0.989230267118783
0.14895261091333	0.27716070332242
0.0893568792498428	0.109850592615107
0.748986997903881	0.868132238678393
-0.0517715355733862	0.0527141997317871
-0.0301039571419305	0.0256000238641298
0.104737146757893	0.0979776819981704
1.07431999672504	1.54476097097557
-0.296014121865868	0.293811034251393
-0.427875414025098	0.615036360657504
0.0436366641411305	0.0573123144452161
0.104928792251171	0.126997294406665
0.0351330009586905	0.0372132046685824
-0.0498866325976622	0.0607713654614332
0.352585988797202	0.475359259286035
0.730816163310624	1.03420350542384
0.690465348512789	1.04521736170879
-0.18081033129407	0.18129598874145
0.651288724858607	1.07125250465126
0.504665586187895	0.7132726995799
0.516676434063344	0.679855783777004
0.117347385776215	0.186205897027422
0.272112046310435	0.499983745572778
0.445315375294628	0.681370492720602
-0.966546258736471	0.53843717213339
0.499362851119626	0.424836251113862
-0.031329204080393	0.0266634629886444
0.152685245777199	0.247037426807919
0.00320430253082222	0.00404336184773392
-0.0371036070795924	0.0484051061071802
0.205203003862029	0.360233456758728
-0.0900331848837707	0.114470232526362
0.254216402597821	0.470081172559575
0.156826198000948	0.272425654009085
0.0383577795241852	0.0571667379981928
0.400056684405364	0.815178112040746
0.386936819135936	0.314351934310155
-0.346416174839282	0.401918360720316
0.475914855769316	0.493346587007765
0.147622492752347	0.156616776719862
0.0787060585146767	0.0686906147626572
-0.719939727475636	1.07083337502016
-0.104716415124998	0.111626065547987
0.143783497927643	0.198092039679067
-0.0687889824121098	0.0771137914305434
0.208432500688679	0.242234182731589
0.204045277310541	0.265966880357987
0.523029603989472	0.894161434380393
0.104678264642409	0.0979106528766141
0.399327414455989	0.542768247651177
0.0223230771504738	0.0307378498095887
-0.561742144478729	0.963021279598118
2.06768981860074	1.39495273489601
0.38215139299251	0.212306266404081
0.44576125319613	0.667943433157203
-0.0198291699075226	0.0281877127934971
0.0257439931226199	0.0370104923533095
0.329086255736718	0.679705677423818
-0.127909406474663	0.192014961032582
0.105284826324666	0.144982181923327
0.287358157754896	0.668226225939587
0.464901908462624	1.23511538132649
-0.0117032675512555	0.0170105249814539
0.853250906851309	1.0240434374349
0.283727028913391	0.219963291363813
-0.205364606972772	0.205382972066733
0.235431653402709	0.207950509747093
-0.13646653499336	0.137495624017905
-0.182542471215242	0.16182548563975
0.354930912084237	0.489985656329746
0.206681522138415	0.202570357165336
-0.0342515865897704	0.0384720653769404
0.400246289273697	0.594692507655025
0.259164282534585	0.319841752065876
0.39527926149654	0.421266183025657
0.32146038000828	0.318582778772817
0.534617095127651	1.4869304867518
0.360864004316854	0.906799067251029
-0.0894504866692739	0.0955415495521348
0.384517808821226	0.174536673752898
0.292721356125969	0.704509081152817
0.179525460626493	0.363415104856735
0.660391038784013	1.06472219276054
0.145928809513568	0.270426372125666
0.185219087242212	0.42562276563875
0.259045878185663	0.604769138865554
0.393621971566174	0.378192350313715
0.566756811388876	0.807597882811959
0.327103803907373	0.335630274960882
-0.508735617124561	0.671949776032152
0.0279525525890015	0.0216588343006724
0.467804596328452	0.517610850909422
0.668742277497873	1.05560973753698
0.288624677936297	0.331340970063599
1.03685633030528	1.52948665382745
0.279601562214866	0.303276639265852
0.186740854586294	0.199537609259476
1.00427611647142	1.3633556768124
0.246368438826663	0.484411670792459
-0.356549264228472	0.794701489697047
0.202470942585539	0.263475197385691
0.380418946163049	0.192101283872113
1.17210999196155	1.2724194961687
0.408991658052063	1.47100869048333
0.468322982217508	0.518390974277622
0.158909627078556	0.15468948224219
0.159007861676788	0.154807574530486
0.347151000818978	0.435061942592724
0.332939438788605	0.363269686120198
0.222364109941418	0.232082678951401
1.34771136505953	1.15696070817081
0.236045127223554	0.145909786830306
0.519204872649871	0.401128979975713
0.283218535534227	0.219545897965693
0.509301047929171	0.703722094510066
0.25292794886492	0.46717128159127
0.504513666254936	0.71298371164582
0.476911534590798	0.823787361613531
0.0271689120787772	0.0210437068643505
0.605111980904816	0.762390533298545
0.625720880650457	0.7447624178643
0.186453486825213	0.199168775749972
0.186580044232536	0.137848630073566
-0.373101861474633	0.242958388895163
0.384291402965499	0.232460380266868
0.0958829106915804	0.154375633681036
0.263491604854862	0.521554720511865
0.702787138488235	1.49874797937229
0.235975432146042	0.355246271279036
0.289007544593946	0.519282384003685
0.429642512298562	0.83508326276359
0.0915599900149035	0.0908453813524706
0.396926556767371	0.475364382625983
0.206211691611886	0.202048063492904
0.0342438987553058	0.024160939906834
0.215347547368819	0.218015524564464
-0.012900382737866	0.0110214699211577
0.222772967695724	0.232628870669184
0.0935811041319526	0.0846949450144026
0.140037215444865	0.144379519358272
0.169202456517575	0.170137716845272
0.394294561924568	0.392866886316337
0.389430895571587	0.33111717482189
-0.00431690742370947	0.0059270432553805
0.177256189962198	0.256097285773036
0.301252349811851	0.495560037021713
0.488805799697591	1.73753366154238
0.146301577069507	0.295278433930111
0.293562492127817	0.895633702147734
0.311155498645091	0.416429150582102
0.39961567187881	0.879902725315052
-0.211098282455547	0.442285144111178
0.179034506775609	0.259173536898713
0.431329041920591	0.826892010454554
0.398023189314955	0.502480476997555
-0.0408543318257729	0.0293523375977045
0.070110975506602	0.0712512370061741
0.254448844954973	0.306092916104585
0.315134842630389	0.440515351256895
0.247212223888591	0.289086738991555
0.00255897285703806	0.00235216665865668
0.260587537346536	0.257012341966095
0.394549193513994	0.406896001357638
0.521598823429805	0.669534274600203
0.114858556683808	0.0849397734396746
0.483548065973325	0.465889459266454
0.0721878611463991	0.0481492573058292
0.292479421604029	0.237660784128121
0.43980022590702	0.726919047026046
-0.0543221400814423	0.0637186734632575
0.143395823489516	0.322898247702873
-0.0298559553448994	0.0523559624484951
-0.0883518896967993	0.175454939863274
0.214854548703431	0.48690165054931
0.159279097167791	0.247653605261851
0.193039478150872	0.240260221893181
0.0664496694192914	0.0854318276328932
0.126218647579673	0.225887901103792
0.231606633884599	0.579172399947263
0.350014980785611	0.450108994802182
0.230221018288218	0.295345784591748
0.611643842165023	1.4370352136054
0.477624046436701	1.10803615897133
-0.235871336079133	0.403943731917934
-0.301369547343125	0.565842839913087
-0.387175161619983	0.736987892668284
0.557294830567913	1.20626188195193
0.140476192629232	0.144848567796527
0.538881619014109	0.637657461889205
0.299780757658983	0.254620750392089
0.0461715651195982	0.0372831349520467
-0.0988848841999376	0.10010317987969
0.711058011900376	0.875893765099101
0.20845044139731	0.310538775469545
0.358952405348638	0.528521442215591
0.249677017574643	0.292545209556403
0.460549591441796	0.556370952610411
-0.400460052861945	0.508299134927254
0.243459421566005	0.223286313519743
0.278762538271335	0.302219494838116
0.621773954388524	0.553259911168426
0.366631217613349	0.62704583060796
-0.0900008595340708	0.114437242118067
0.162432858001317	0.434465524512625
0.0256316531407794	0.0519069481250826
-0.0479046966358404	0.0982696664962328
0.25098739561109	0.653796767505024
-0.397613095013663	0.795853863969106
0.172410663028542	0.222362707556463
0.371205025305336	0.718316550308474
0.0405409987658838	0.0409055810005034
0.397706393314302	0.476623289240725
-0.333441796738562	0.644803471577896
0.201915328542182	0.428059644593121
-0.107033847157914	0.130785392886833
-0.00613901756512701	0.00844201299347353
0.0750970857286262	0.103596963900794
-0.0883232934089302	0.112082599680445
0.00789208440315995	0.00865112844787672
0.340337133933454	0.393871910670502
-0.0450146685065648	0.0408326852505502
-0.661460877609179	0.673212508659471
-0.556946597165012	0.861790300517251
0.886824872061564	1.33255318178757
0.155366582226884	0.20698945111418
0.108185534359672	0.16612015295674
0.18699468512103	0.199739613106393
-0.025956500082034	0.0250945718138965
0.149636872769308	0.12146756903837
0.395995239826848	0.448353068830219
0.475431569374014	0.83604300101039
0.236302906501713	0.146094010924253
0.321877824988808	0.319130246223493
0.0527526982243553	0.0684298884793467
-0.21614714490882	0.516468733900926
0.304588225375004	0.841268193956628
0.112256859210794	0.252333557844149
0.259736449253811	0.714164640117186
0.227093991968531	0.478701454842892
0.100307836337587	0.149177485209251
0.117390422031818	0.113582980845078
-0.210261296173594	0.289377223409373
-0.658737127285433	1.59819517129983
0.140521485317221	0.253923805529676
-0.0770619462100882	0.11089675521117
-0.0237884047472063	0.0390948314937791
-0.229840385369271	0.424912331993672
-0.302211625113472	0.524032315857921
-0.403438709374585	0.769385430067252
0.00151673330749439	0.0014718596977805
0.138255145903441	0.125825819085579
-0.0569965628060531	0.0548555820761126
0.128488655913768	0.128355344484044
-0.483649635839256	0.828276259537921
-0.656149247545756	0.709173211632337
0.0896993913414143	0.0964333853846967
0.137487185133296	0.210981812204527
0.439611393045844	0.712473379803985
-0.0232611705456978	0.0272435848579368
0.1295077057463	0.0553313199790403
0.703709376972825	0.707320863600337
0.326734910002337	0.506021426019072
-0.190766237100922	0.314896336285726
0.158285657871689	0.245822558507111
0.0746339185340185	0.107623089127686
0.19356593075171	0.369979211726952
0.191415614387572	0.430682020299941
0.172541192903814	0.244533061072798
-0.00390344369095096	0.00456454376325215
0.124981729732655	0.193577294073363
0.00756720139999526	0.0100191938664865
-0.028098327524688	0.0353362135549725
0.0956793951704526	0.147802206508691
0.512292914553768	1.15644219815459
0.129878728269279	0.24609883837882
-0.012550183480654	0.0157598209563168
0.0974915622411263	0.138028108471237
0.0998152245709112	0.110344405721141
-0.10723841844939	0.131076937217971
-0.148941151483396	0.182139743804128
0.186538152531148	0.27978717228854
0.426563862481809	0.912764655882497
0.281269211414002	0.475246296580809
0.160645640247633	0.197990305751121
0.130433228625028	0.145291540182812
0.364035509722877	0.600937493225585
-0.373167979012455	0.576542844520613
0.334647849512083	0.566665957012668
-0.144790714680821	0.205152925347964
0.68580797783814	1.20287873006844
1.35373569140378	1.34619177423237
0.0531194885036263	0.0477249913452622
0.213271547649227	0.290203648740873
0.569298772662137	1.18331521196067
0.222031301710572	0.387565980911254
0.1320961964813	0.187276211892748
-0.378411273079757	0.791340951064246
-0.140158032614789	0.257786625879966
0.309806597629919	0.53720727094969
-0.350709669125	0.613229083940148
-0.0694562343486012	0.0941544465333981
0.0263839717270711	0.034297363894881
0.0753845800391473	0.126889587161672
-0.43689770250106	1.00541860715037
-0.526814386757553	1.31439378428687
-0.620510226922351	1.30573422523717
0.0234424714239088	0.0241373299630407
-0.497133084319711	1.10828963302599
0.0726740742916121	0.0999501965052394
0.334106118127024	0.718831153357075
0.159768665083206	0.233230654264525
0.343801380411994	0.649467597674924
0.132083219618287	0.161435720927838
0.399952326119747	0.678610462332164
0.0888169181488037	0.102467520106229
-0.0820897366246176	0.0920333224791113
-0.310870358620881	0.525894131418241
0.181822636911226	0.267625147027831
-0.430855185599674	0.867139536072063
0.580969877263399	1.15487001095037
0.215486709600664	0.364540890179719
0.196937142974908	0.103671316118869
-0.806166867316809	0.652806439253235
-0.384311196648982	0.329387372671388
-0.660040852267171	1.13452356383667
0.633620646743692	1.25259700092498
0.140139649404481	0.241040434395237
0.0197445470663168	0.0251793291877787
0.247413819040343	0.497182030730511
-0.0491218907905194	0.0683333636950358
0.234049116147834	0.393422395877723
0.60517649421689	1.28670430728865
-0.00105720998322877	0.00114043916326929
-0.0039761401200995	0.00498485371817074
-0.115998385900736	0.238004631665312
-0.252593882585414	0.547827447672631
0.439591760825224	1.22904527580358
-0.595475826812527	1.28224098878085
0.427110839876728	0.963506613561357
0.243609245758799	0.518727424851535
0.183507711039549	0.247170809017239
0.323582061683217	0.490944984557283
0.162703028711039	0.221758258290067
0.268185844758083	0.484631099967274
0.264344129224285	0.408153823226776
0.290441149141352	0.598138137693042
0.280749363971414	0.546426345841669
0.509081452850239	0.703356789837826
0.782774519601927	0.521035704849979
0.735963197365987	0.527764906360462
0.135549877386539	0.123143875779766
0.291562715781147	0.343529435517783
0.588058973028034	0.780517067911702
0.933234705278314	2.34705063833243
0.146859487578308	0.272536237211316
0.0658188742148514	0.117137621636187
0.172280145194723	0.35448649694468
0.353421143906187	0.487256512468509
0.455247172189093	1.32961862676663
-0.00538962595568252	0.00697915156526971
-0.0419021564585845	0.0563655187018948
0.0900221488932128	0.136599598157173
0.193789554322163	0.272065147994875
-0.107333208191008	0.131149680476455
0.326876048238813	0.809246148839131
0.339886878065797	0.803369496694354
-0.00239417800998562	0.00355432338524744
-0.15292968098952	0.250938612277003
0.334962485497019	0.738100648126306
0.518012756001403	1.35570347803321
0.245896067879202	0.338101254416723
0.280848604012334	0.474382846566048
0.225510233188838	0.399795675622125
0.0444157256399794	0.0697382386679252
0.252914807612866	0.421677256903254
0.806171501283205	1.17602627916351
2.14238329526906	0.970406678927039
0.116692666339368	0.21883506467561
0.0914079489630917	0.144875471201454
0.105609431671182	0.168673588118993
0.159540971804683	0.280965184599542
0.364283309639559	0.591257341035379
0.0360200567309708	0.0581487528508744
-0.0713775576630605	0.114288323347756
0.0408564498910525	0.0689361110169492
0.73580062684374	2.60874785082978
0.301103042697511	0.676785429474012
0.164783704269673	0.343916726573057
0.0461035376975029	0.0634709673535665
0.285685862487647	0.57225226111918
0.0751836719099933	0.113183321149549
0.00598490097160809	0.00859471441973647
0.178369622879979	0.321040775955876
0.311586900865038	0.548952737237745
0.0544754337163787	0.0708123253316329
0.266720046888209	0.419000196803489
0.391824582348486	0.36205730303329
-0.0113967219369856	0.0207283155897507
-0.040195218444889	0.0692072167378178
0.269275474699972	0.548716943829959
0.492675595479479	0.437625475455246
0.614182394848071	0.752288238951802
0.0452598601972092	0.0622373920440224
0.218979347496659	0.376392613651299
-0.382860215610355	1.00271533674626
0.180787707082124	0.424732661409818
0.402657079845433	1.21248418594374
0.204060417449512	0.46338083422704
0.210305483788824	0.244710071528422
-0.496041640606236	0.929399315677791
0.0404558258655945	0.0626368920731792
-0.557695588164696	1.36609716152196
0.0850745892792564	0.180638941641362
0.0361954736711386	0.0674704692879886
0.656805575097075	1.6833314175266
0.345687756928344	0.897661990290028
-0.212575393874561	0.282036738210231
0.200698329219962	0.226746722405138
0.178777571017272	0.21150968184267
0.0788277494533431	0.0757077095466656
0.272684571468738	0.361884197296119
0.537722028557447	0.635948967413898
0.292124752488976	0.237333402423809
-0.143358055610537	0.0997075920110492
0.302707549042794	0.695480795319845
0.0763715743658554	0.149728593728297
0.234581656619343	0.207066760493528
-0.257286491336303	0.419656403121574
0.366741475012103	0.647591463710584
0.248462629121349	0.547132289208489
0.14379286998463	0.183600271600495
0.0117562693853926	0.0117666953218444
-0.00398972621259775	0.00562936995961352
0.202753395883759	0.37957385725389
0.234051745847368	0.625775117829919
0.144381867904022	0.252173300965693
-0.14356830525002	0.160436536853405
-0.064433764834336	0.0653700455867372
0.138786385752177	0.142982814706329
-0.0141889321213743	0.0112523049848379
0.0887195402387877	0.102343981922382
0.320680064113936	0.468075437564443
0.385402167823949	0.298423615359557
0.492858251217792	0.437867039470441
-0.759592064521709	0.95295325142309
-0.893510664462472	1.6334475251256
-0.0109804545395902	0.0159441903143949
0.135982634999479	0.325263513705192
0.325532042502039	0.958198524314147
0.0153145711268325	0.0145398300269075
0.295429140476328	0.35738519791212
0.317629227283368	0.303999767392504
0.383884770269865	0.282244550639291
0.40192126489469	0.965367377239642
0.157607381570603	0.274038132646862
0.023280705385158	0.0239662426962021
0.235601088332092	0.47776707104345
0.223105503341688	0.459377775626924
0.638180841617541	1.54699812544464
0.138897032239432	0.173732739332977
0.360857734343527	0.88009612212524
-0.0609874016229853	0.0949863099771115
-0.392120532697656	0.708321191334313
0.255706396730463	0.373406339933811
-0.088303607047017	0.103416519963941
-0.0475355937239619	0.0600525321060047
0.130883490731246	0.159759085398301
0.0821625789569938	0.0925978474947165
-0.21151802213609	0.280289465265404
0.591435755992567	0.965688448611347
0.192396079036352	0.23927016660761
0.255371875721105	0.372698622839949
0.434358411330883	0.782324800201498
-0.535664290711265	0.946295287026481
-0.141352626322485	0.230787004010575
0.0149115130108613	0.0231262554512006
-0.575015726804144	1.38189073628171
-0.33336566626761	0.708120385037827
0.0983482952490921	0.145937692524064
0.0128197893487584	0.0154891998258887
0.371950237831499	0.730199740147867
0.301397500595731	0.591311572758325
0.428417019220083	0.93061297365493
0.0257439931226199	0.0370104923533095
0.212036618608904	0.383828083237149
0.0437031445222698	0.0574042209526759
0.159265407756325	0.232353821455909
0.020022380434365	0.0255417765388314
0.253500646226691	0.468422214621605
0.25977915814266	0.44797472700349
-0.1608800160313	0.26412847189336
0.186206285508056	0.323788270780519
0.370565775023109	0.716645144432272
0.620940597388794	1.26470427479282
0.171292551891486	0.279717573463657
-0.0888290633378361	0.120911394913299
0.372186199836502	0.740583506948562
-0.182081779437835	0.292531097717983
0.0247831603191925	0.0332044981512537
0.108045848880603	0.141454713152129
0.340405869741492	0.615047520389725
-0.111044938756734	0.141041754657165
0.431592911447788	0.81462906481133
0.0891229837900697	0.109544305172582
0.398690654849655	0.778445344451567
0.244836992228392	0.52221369001528
1.0521019437654	1.2252011392258
0.186351210354175	0.199021404984555
-0.297671000992303	0.626488393482231
0.135330685395823	0.194870358403523
-0.114559889717399	0.185520041688298
-0.116511540650976	0.217257487546411
-0.542914068008473	1.40979557657371
-0.0578566066150405	0.0732629059265433
0.0673059289743666	0.102346777317053
-0.0110962949557038	0.0161077573186923
0.423124661317274	1.01121632902021
0.114757621734452	0.171645495029187
0.019585762561601	0.0249736492048189
0.215553199721962	0.36470064596362
0.147666063051778	0.274307697577707
0.276813364860062	0.593581207104663
0.174527505586522	0.269063811443484
0.621186172188998	1.57682410727067
0.058047801725152	0.0729799085465347
0.318488701690482	0.596065707667685
0.0588931727113672	0.0876654696368238
0.0363165148178008	0.0467437493585248
-0.227248357919154	0.325555622597378
0.163344320429488	0.222803180213135
0.445422647291398	0.667388870612829
0.358317053245174	0.527509032358273
0.117721697496759	0.168525834173096
-0.126597102668609	0.184697904847652
0.0274678769898372	0.0395787125420843
0.376775395686909	0.813423323138706
0.0397417522757463	0.0614617497941971
0.0238429660835824	0.0319055484671399
-0.21687867347004	0.264980496664021
0.281820977125345	0.549053045934199
0.2558321656207	0.433528822495027
-0.158683633806383	0.252956744191443
-0.134855992122954	0.20191810352043
-0.13290478488548	0.187882869668375
0.0353180495399068	0.0416016567499469
0.288794684526285	0.518772580052447
0.249391570286091	0.35006206220522
0.229757067470109	0.247182516854639
0.197727056983685	0.187381292682296
0.153186745502105	0.248007004741903
-0.120418521841585	0.205637008878184
0.706336729207397	1.78392481190626
0.975019677791767	1.6512989363633
0.302358609134218	0.498025626848667
0.146640986250948	0.325041849611525
0.120251675664584	0.237420327976414
-0.298096786191145	0.774009715236414
0.121109087761407	0.265045659263885
0.046177452759334	0.0587312722070549
-0.0113109090774661	0.0103187263634715
-0.45172251355576	0.933320708036773
-0.11391850124629	0.237815589467083
0.201828803812817	0.43089877048637
0.0976917262926055	0.183783413589086
0.12815167240607	0.250119260040575
0.220118865593314	0.50635930195178
0.400348202127349	0.643747242427715
0.0603378898123034	0.0799148880621614
0.105131048988896	0.127320967951755
-0.049683449748789	0.080694333832699
-0.214685035062396	0.356701231143544
0.024004592679671	0.0321304908131611
0.104828494789822	0.126915416797364
-0.0409855768652142	0.0395461437494578
0.266258555644058	0.271191347408787
0.477420632460359	0.825095393869736
0.37137705322102	0.708981528126809
0.149782968110409	0.210578724493666
-0.617353314104135	1.36292699243659
-0.703408001881755	1.75110732028683
0.208951983087119	0.311444828109284
0.154425038131119	0.185928668344912
0.235972847300219	0.360392875615782
-0.164013724549579	0.200433153647284
0.0197400841550854	0.0212668997519172
0.464512887189794	0.52967017426893
-0.403008516177072	0.370586706141046
0.384974634576334	0.298064842417503
-0.0933563906054315	0.113867022462005
-0.170964944548823	0.273920399627528
-0.0439673051092544	0.0573271923271356
0.0860230887033334	0.128564284226323
-0.219483616840838	0.394181036914935
0.00340639684559001	0.00402523377476371
0.00478371012503033	0.00545049997755499
0.169572906948365	0.1705579083439
0.739493776403401	2.04879090531893
0.0260133246709951	0.0299159047084393
0.00430877538543216	0.00632924300486268
-0.0116938536397949	0.0151515292677634
0.236111237458917	0.438782303536393
0.476079264474966	1.1171975195336
0.100588144797826	0.136053225506439
-0.165986275687663	0.203220134579643
0.51273638262628	0.691661668994357
-0.0129982530910001	0.0111056397448776
0.222793062205954	0.232594397591137
0.595555425334157	0.770327412655044
0.029644866210785	0.0416170618597416
0.0796384971508736	0.121797333645268
0.212126638853483	0.288207009321232
0.186537247866192	0.137856806418561
0.389242899498173	0.330932381742407
-0.0122623824413404	0.0125366419945335
-0.0951757089464431	0.192904113730565
0.178436521718033	0.397341856442787
0.0461988438688941	0.089145592052466
-0.093300952169997	0.185824882672274
-0.43707062265852	0.920102194877344
-0.252668857341133	0.322182309363695
0.134048431937966	0.202646204814077
0.166617374941683	0.3513319499711
-0.023411452369183	0.0384559708292068
0.0190538740273954	0.0320918147511195
-0.143188871597576	0.292571361123607
0.0443824270918344	0.0849011696973749
0.925139915461387	2.06073431968397
-0.342329498290684	0.472895086634942
-0.0759877381409533	0.0890298882950987
0.831558866076109	2.17714468490354
0.121331522653739	0.223379248968631
0.0655461984711403	0.0954792203573276
-0.163358460380534	0.275907172068087
-0.132698286016415	0.181980434147897
-0.38126400299661	0.505304369009786
0.109462427926274	0.0923461558812791
0.260318898230819	0.25670600524143
0.258418168707832	0.318719409850111
0.0793865916228443	0.0951803397332652
0.0328114738537287	0.0434755893171159
0.288563617861447	0.425832451200291
-0.0679888473123182	0.0761834574025044
-0.403875640142925	0.70981215339435
-0.0132385028549467	0.0154878874458097
0.368261078354075	0.671276172230826
-0.195755891809751	0.249074889200423
-0.143957133807792	0.197552100626356
-0.448123850713622	0.618413617224746
0.400227301924328	0.544395982453987
-0.591670494586431	0.605747160284226
0.394777130441287	0.393468992531671
-0.947320008763656	0.941464116332626
0.229421410813427	0.24674332701323
0.552973866201119	1.21189049058068
0.113079981267231	0.150868848929314
0.428609813925272	0.857403097004767
-0.0781502592846065	0.0991686260282259
-0.263949449662224	0.441928649537574
0.149387185725981	0.209917891868206
-0.109986299552134	0.123019983136454
0.476999858895775	0.839690691172909
0.492581999274078	1.00315330477684
0.0696525524469386	0.0987434780122646
-0.103640204792996	0.149921711005496
-0.107737265683441	0.131737455866579
-0.08235960731525	0.0923623948093969
0.225271055635028	0.325325960758685
-0.63111323087201	0.940191548186262
0.579700904567769	0.788040575620046
0.201155658704029	0.156059359437565
1.66835609182322	2.05889045748183
0.244708235976677	0.22471052355632
-0.772579443609086	0.921055054433127
0.348169860105021	0.704904886931556
-0.074334982011983	0.11017353012757
0.0882645185923986	0.101755019270716
-1.05869100646792	0.900376516398911
-0.354964464550516	0.328489243449985
-0.428693307057094	0.707113862799131
0.195649359175788	0.45264603425055
-0.0237746241067288	0.0406807594670495
-0.221486118826047	0.548104678535827
0.196357409945085	0.48110853989843
0.190590188827611	0.33689327769401
-0.167018188601217	0.21306411494252
-0.224102252564819	0.3318468316624
-0.204957315774561	0.438014678644344
0.276517860634741	0.721868619656524
0.246424235212868	0.665621320895835
-0.149463525839783	0.311565774257005
0.0352986337275383	0.0641998176167997
0.090138590341194	0.170102186696661
0.0595948162062748	0.0980787649244908
0.464020141350301	0.897143895129292
0.315751480970855	0.44166590900132
-0.0255110839532244	0.0246593726459433
0.230302476978287	0.29547651416152
0.62026321552637	1.42061280122492
0.214929979634472	0.454993408844981
0.227029655225299	0.369260562713644
0.0424423041077165	0.0717988502726873
-0.0942350864137269	0.144296884409992
0.00311845813812031	0.00405659749946376
0.0297870242922806	0.0375967146136839
0.0322779692430959	0.0298394564377431
0.266685733721309	0.271725401516414
0.154041034732427	0.22050959237569
0.367284266618933	0.658846728646791
0.275825279963834	0.374253976614665
0.170702488542195	0.196537228773581
-0.208162197718428	0.307152713305693
-0.164888628938202	0.193238046037849
-0.253638132466662	0.323641798663884
-0.241898589175207	0.28221388226668
0.109253695743002	0.092157278149377
-1.49457358713818	2.67712258185286
0.0769876456953172	0.0597437329099076
0.0633855509929181	0.0532812828255986
0.306801155682005	0.271803158192411
0.348440658092989	0.447387357095017
-0.158178997086756	0.224913098431222
-0.23239369098532	0.296066581773482
-0.486936622290953	0.859080226784331
0.12914194894353	0.191850465365326
-0.114833169265679	0.134382683206811
0.359223064812787	0.529251876762505
-0.0127848698117548	0.0123905774460532
-0.0224620408700248	0.0262900512645941
-0.071000587536468	0.0866114932753192
-0.642494683299948	1.42253700634065
0.215398301266471	0.395759073804954
0.599117752289905	1.29015193727336
0.286374309462149	0.506533531376602
-0.373726536585991	0.577538838833779
-0.467374617767328	0.592386975067839
0.339730739822868	0.39305853633122
0.133334300318741	0.103476995519755
1.32852632811387	0.774216753678459
0.101966950236307	0.0596330938098076
0.394549193513994	0.406896001357638
1.17884323767826	2.06089312664176
0.181373950803112	0.266816389394175
0.127535888291443	0.220221849907507
-0.545098550285357	1.05415919601423
-0.115349804768478	0.0618198052065707
0.236827008341957	0.146438288652276
-0.137409833078063	0.138563108410024
-0.0778709577216209	0.134250183818698
-0.19926463756189	0.365189691250473
0.136275901227812	0.230898855353362
-0.230047692784367	0.475831837676447
-0.0547769163648432	0.0785930316789384
0.0503870676015693	0.0619946772251586
0.164616699503063	0.279297852279195
-0.0504178622803839	0.0741434141002593
0.265576550563053	0.526943458384299
-0.328743673431086	0.774058726438249
0.0682753140244128	0.096611704889032
-0.115998955375646	0.212279016243313
0.0767610991156759	0.129492463566861
-0.14944993939254	0.306261025216039
-0.00514482031304645	0.00624093193207304
0.130902542834324	0.145865238804141
-0.142622742992198	0.227463636109834
0.0342393678583688	0.0454466187567897
-0.0745254851401893	0.104297140823398
-0.340819910240775	0.643697294242191
0.309730127606462	0.544433302397518
0.240108472341949	0.37387783931812
-0.0523567054856521	0.05334951873719
0.793937974134447	1.32556388382808
0.0982911201651185	0.116350005677399
0.175756607149425	0.154783944081379
0.30989019883295	0.414287981282321
0.100267941723226	0.110889230382088
-0.554271370181797	0.79556623885711
-0.556083465894636	0.829721402461676
-0.331284225591879	0.365763894936168
0.069581825069302	0.0706868199543392
0.283603894897844	0.316482265990712
-0.0116543348048514	0.0112898257709355
-0.715474593983096	1.3484010166483
0.00374290308664909	0.00323313735589429
0.178494390960582	0.18513345849569
-0.486398855426343	0.532077645082772
0.771154723161215	0.864777020875457
-0.0517425570191869	0.0332482950974307
0.229912334842137	0.247391730739367
-0.164935572667318	0.201767883396567
-0.0759919518598025	0.0890031604253182
0.399091828765894	0.699996048142869
-0.0626824948567288	0.0766192483143797
0.195460016263335	0.274868314917403
0.146480875445171	0.171898712971757
0.0657790508870763	0.0611061582024525
0.195347291254426	0.30369167281293
0.241422948154095	0.37652886410331
-0.543427471164106	1.02173403433867
0.166484714821725	0.209930850489112
-0.447982111664544	0.812269389756762
0.0520696592913295	0.0541045142202578
-0.0711594790948899	0.0506198357259247
0.138346438789005	0.142471456248425
0.00715277381500897	0.00530208425038428
-0.146294307772905	0.111639072727276
1.61130529122887	0.841691397678188
-0.776056450475121	0.386063720407993
0.261778086245984	0.183022787233715
0.449137208980159	1.09813580168151
0.305873539209183	0.270825423168384
0.102958928057037	0.105378800499167
-0.270127199595032	0.515774661407774
0.550696970710281	1.78126092143646
0.336254762181299	0.579072076142533
-0.839700565269313	0.613824116726
1.09724955743782	0.911103338088932
-0.0991090438104855	0.10034898721429
0.215194482667324	0.395368091861249
-0.0123846145827155	0.0165648603923267
0.0884635092895864	0.150384111815334
-0.238005606792772	0.481381380077141
0.330589353198316	0.70035875764283
-0.115901633964971	0.168636424311496
-0.274600499505777	0.587843866084024
-0.18248035443839	0.333661653204188
-0.241026596783209	0.501141556702348
-0.0719762070813115	0.115335328902833
0.167701394557288	0.304492278934135
-0.361878131169244	0.859797223552036
-0.0669934210805951	0.104438067416625
0.0154389632501872	0.0234177300823112
0.100573729978281	0.184320398040446
0.17188306445119	0.243471065880126
0.516119278572483	1.36514646307295
-0.0433782225989262	0.0508658049715277
0.173616514726642	0.30434357920215
0.0113673499502546	0.0146524328425448
0.142937836757675	0.273383729326527
0.222586530275892	0.388748642218858
-0.229110014699505	0.316451734545821
-0.333772347614011	0.288579793874982
0.344188066850124	0.420100402968128
0.508513239997596	0.947979158586071
0.15760404671102	0.172246245176466
-0.181299620609666	0.231117029669526
0.260475785368812	0.256881601439237
0.357118100300284	0.504354892138116
-0.0344206821909531	0.0386772075909708
0.144901901827054	0.185266138609848
-0.248317094084712	0.329929126748223
-0.129912690163741	0.152046736681895
0.343764735900014	0.419270379457191
-0.511726104625792	0.904488452391687
-0.0615000133186978	0.0658779709379547
0.611523160225796	0.938559774099159
0.364201974406232	0.60131302781867
0.445177590781429	0.666919532929051
0.169943333051298	0.170970289113576
-0.26281838186473	0.261598152460654
-0.551875985097366	0.760588192772455
0.33889291171064	0.391811611017294
-0.19596758350355	0.269723884782702
0.0811454479048604	0.0849295728352455
-0.292074504573762	0.418897909387202
0.0304577990585766	0.0371134706253983
0.00412046894085008	0.00503758124479126
0.0709820293552482	0.0881015321732613
0.369790152453669	0.695023747760598
0.139268961499625	0.201588591037377
0.471070986671602	0.856060087815449
-0.592950910790117	0.783341202654102
-0.240455496186222	0.225857092188998
-0.156609080849789	0.148687227969344
-0.592792878600216	0.57018932530359
0.0570131226824264	0.0422515729715712
0.0836862021484241	0.0314820106158055
0.641023895964106	0.54508675518201
0.221505002571946	0.419048285142743
0.092874620004464	0.0751635217883123
-0.835143407482268	0.837031036887556
-0.217989432575739	0.353106233126555
0.0477998791904166	0.068731517034912
-0.064288945962553	0.065195828172185
0.698072322757489	0.534222620986118
-0.372329725591541	0.242364824091801
-0.26676840981035	0.354320242268854
0.00338915224370305	0.00479239088448589
0.0889446579141121	0.15131761804133
-0.33760799625971	0.826406000380654
-0.12470431980754	0.218832059929085
0.0983954251536147	0.139466324483794
0.232350760440984	0.298546668117284
0.0351054326900961	0.0451176004694707
-0.132312470376521	0.237728834052739
-0.062405201001077	0.101998386801236
0.295919221897007	0.640801154320629
-0.287574069542748	0.604273177337558
0.0390133452903512	0.0670160994625405
-0.327994915260254	0.829467807732381
0.0842410249520025	0.155293212311172
-0.447961393228895	0.903341768287039
-0.133911843699608	0.127547940146682
0.271777902641575	0.36041832922939
0.603359438597343	0.945093457525567
0.171683476982594	0.316375010611339
-0.0510740886813328	0.0689111422557993
-0.306882452070968	0.618297670257296
0.105140198315771	0.144757394751223
-0.471201063724539	1.11555906445101
0.284469963093523	0.569062687551908
0.146950661382363	0.172545080922834
-0.433277363116852	0.549937593353416
0.391795719338362	0.362010474484971
-0.287638276658267	0.428024754542831
-0.41733965661247	0.645075532550371
0.398469579465634	0.721468669795291
1.0564394101981	1.83717508529325
0.738247462310482	1.48237917734936
-0.110699128311867	0.123899361878499
-0.432511445511487	0.548366581508934
0.478345472133969	0.827222243439579
-0.179672400389577	0.200161163022385
-0.479724361319232	0.795866605395398
0.452717496596115	0.605733746617472
-0.198884453570882	0.243214818306953
0.515946985359246	0.931769849069723
0.540017984564958	0.856614445516156
0.296559128060286	0.359069916971635
0.0952324073624469	0.0670169047324385
-1.35436270528079	1.79728016478194
0.470641368043096	0.50422496931004
0.445059929302021	0.651663091077878
0.360114835180637	0.551691319474823
0.464258761144347	0.897718833492598
-0.181866780592217	0.250124709340755
-0.148815736395955	0.218178893158756
-0.034824405265213	0.0391485127235892
0.0858797948806785	0.105193162134503
0.363449570410772	0.579213886202537
0.45175309035539	0.6039030140825
0.616126450301926	0.755105341601634
0.186727909299794	0.17067175782525
1.50004933901513	1.20003914428077
0.388827160142778	0.109222251636938
0.594183554812523	0.347208554563495
0.386754291657644	0.31414781098361
0.301611906831843	0.592002032143771
0.802208929505338	1.0222623508557
-1.16684618156661	1.63911986568923
0.497783554757648	1.23515861891044
0.0910053389312899	0.138295851516569
-0.0808343189100975	0.0904978753360442
0.384225359380508	0.282537949964564
-1.02325237239117	1.07373005680256
0.679269245724998	1.05006717988319
0.231633170799664	0.423382775875888
-0.141957028864674	0.237625375268063
0.0293772869209669	0.0412389848715284
-0.145354797292683	0.25035175966279
0.00956082418492391	0.012685888046947
-0.215864074330112	0.34879572605947
0.377018118479197	0.82425843761019
0.117998727586178	0.187362103394083
-0.0938930247659482	0.151655056153773
0.0904333680805385	0.143078517129513
-0.303052006960569	0.525960131036691
0.0290887895149953	0.0408193051002404
-0.399389264355418	0.917161997105293
-0.365256362697802	0.884681688478154
-0.0576810248058122	0.0849809445541155
0.119001339118092	0.150738448201892
-0.0594977918192808	0.0724637244392732
0.234397240255828	0.35245055706004
0.800052012022697	1.89303150518542
0.427488832202731	0.891163262747944
-0.0399475473365328	0.055357039729802
-0.247997081036281	0.329431294988237
0.148505944311104	0.249973971250897
-0.537478584631729	1.30958425596986
-0.163546645010113	0.303371879216053
-0.0819977151541818	0.121663389454581
-0.034995497787972	0.0374986835644368
0.0913558721410379	0.0906354092892679
-0.378606224881625	0.438723127530887
0.0535047247410673	0.0596345407146175
0.326803844480479	0.506193865901398
-0.05676105463975	0.0546307101377528
0.0628184232334493	0.0718120875763065
-0.0661102340157001	0.0836172786111992
-0.264989324772285	0.308716646174381
0.824577281855393	1.61498641225301
0.0965379748255353	0.114063040680528
-0.181489360513942	0.231353240478826
0.353631696247245	0.48763472530621
-0.0106235176975801	0.010850424928594
-0.561173748045678	0.961489527555274
-0.0515447352140584	0.0524756880716239
0.811018891384739	1.47155093087076
0.148667932979629	0.140032268927159
0.268109446366577	0.273404702164746
-0.452239742318253	0.522630854258165
-0.308036444116155	0.408949375816179
0.17381716667171	0.267750878496314
0.258795024106921	0.384946212651201
0.518573650278747	0.920627972752919
0.304918362305853	0.5110466473737
-0.0235190754835712	0.0275585789473082
0.223603966586786	0.357661916279956
0.0597622698453454	0.0855140685770369
0.133982197630115	0.202518033562829
0.219277831031084	0.125792362340233
0.569175431435177	0.361700906016139
0.0716792554820518	0.047798208823027
0.166114667402616	0.0792630041957088
-0.583813402457841	0.357028102443622
-0.114866662670734	0.0615471926947323
-0.363134553772024	0.670174072317805
0.236436057096486	0.146182064666656
0.50006694673357	0.425499965423168
-0.261794700443747	0.414793707737713
0.144457600727512	0.199150361338472
0.347963498608476	0.436321424450302
0.633066165437144	0.337251009635842
-0.486592638702941	0.344927894499103
0.0286861757003286	0.022230112874006
0.399211159688769	0.757554681416837
0.0284533994993935	0.0278648795817033
0.114169491975982	0.152536140647399
0.230046387050275	0.33921229598787
-0.0519847941797516	0.070224946328981
-0.358651942875254	0.64550103201836
0.472440024240406	1.14825677774413
0.617061689233521	1.43263162073365
0.193755917232107	0.27201143486189
0.608910401739163	1.11882685867176
-0.105021005948306	0.111995758161846
-0.149451243972479	0.18285847201931
-0.127491514919913	0.168348959068018
-0.481795013805232	1.07337777740186
-0.0186996096089262	0.0250191313195413
-0.169549844605654	0.256399549847364
0.242737113502648	0.379055285284897
-0.318180722711698	0.522942368081832
-0.144362329355911	0.242518122002991
0.0164482515548606	0.0215776898317579
0.35075252644472	0.721240562119104
-0.168017015129846	0.222758991690849
0.0863916849395543	0.12355268767847
-0.34713210797919	0.638858823789764
-0.0014022299090194	0.00202705971622086
-0.441299389401566	1.2097581707038
0.0918735560195904	0.139794239438464
0.249114262047193	0.349540398422473
-0.0117847401108749	0.0126477157365127
-0.241873882909262	0.392810973281013
0.123124954542936	0.146663678655865
0.105047583663656	0.167640335128078
0.00072525494886406	0.000734365740312499
0.32599453852674	0.504530557018122
0.435741561831895	0.772307086175125
-0.0590903965221375	0.0798087638491766
0.177963779590576	0.257378250909155
-0.181687529375725	0.240878444354092
0.13219814413144	0.17487208007911
0.711003965277024	1.63522146489991
-0.292303831683261	0.419321247110139
0.294497884259192	0.451983099674767
-0.143370252049911	0.196618199782511
0.433957979344275	0.781344524631305
0.216442450737037	0.33439605470949
0.6507711119413	1.07012883433129
-0.716148061062321	1.35057470808029
-0.354011712688898	0.508704839148539
0.190061723703438	0.261777487686337
-0.100290585062114	0.127476367068015
0.108990448173567	0.160085714385886
-0.0543508052767402	0.0779402825778809
0.00671658360062895	0.00940471197260398
-0.0788624868779769	0.113782882730385
-0.0674519923592201	0.0854704234863504
0.150249417852053	0.196145218584278
-0.0180381176823871	0.0255829065644538
0.448211203905692	1.08173453181534
0.267231364323844	0.537280991797052
0.227512446630461	0.329480828699152
0.333911311295977	0.364738121651424
-0.334091238306827	0.28887008804013
0.282345066152992	0.218699147147006
1.61096338350584	0.841728315422669
-0.966801422188226	0.538589468369404
-0.71692123508884	0.481118435580312
-0.2649049085027	0.308594489145193
-0.0191350463498559	0.00877957529210037
-1.01800766267037	1.38062399697341
-0.385001720654999	0.573625141442717
-0.377327440107395	0.641932026880146
-0.592084995152334	0.815508227820332
0.392176095450059	0.157193895577234
-0.0626818344089261	0.0346825393218521
-0.0185144513330785	0.012061533436796
-0.245627926823709	0.272147214534271
0.296091114162594	0.358492863411209
0.445582528306167	0.667544347796823
-0.111303525869715	0.106233567170821
-0.125511046003021	0.182879371804601
-0.0875946916728251	0.137147026485994
0.105321101251569	0.168129195921357
0.998961865778861	2.09407212740436
-0.389605503234507	0.472768211865522
0.0785351811500768	0.0685251052662194
0.267469088975693	0.272657380506844
0.340219541058185	0.393768974372966
0.104815369137493	0.098029247213451
0.217471203079833	0.302048647374076
0.134947504638602	0.191827774785827
0.007978173343801	0.0108806680927912
0.525421757065665	1.09496240139448
0.401033155904239	0.60854382298697
0.0396241134102306	0.0535322648899354
0.367458212343704	0.659139547831984
-0.390037478900761	0.473511332427932
0.12369291254083	0.10845105663231
0.273919573020156	0.288236414700346
-0.44149311795051	0.585051268682879
0.358754527107723	0.82755923945029
0.232926371491658	0.426284146645889
-0.17100112534554	0.317635622036346
-0.0566264175673489	0.0858419066121308
0.0704243757514605	0.104307803745887
0.166268069833439	0.336308886601234
0.251730987160655	0.413803478934231
0.0034698235341951	0.00409960613648977
-0.699909821208316	1.77790585514408
-0.169567288673162	0.248766244570512
0.131048707739467	0.146054417483941
0.399218602683967	0.604647255552868
-0.518121626759276	0.743594043621988
0.399893329059484	0.53108370611029
-0.34477635991316	0.438783636190784
-0.12192291695945	0.129826814815234
0.82464590164277	1.61505759544361
0.296879282819736	0.46398834904246
-0.102621191652249	0.144470707331213
0.176840474889262	0.25538554872201
-0.2780981452877	0.545002557191404
-0.0124541438378256	0.0166591596541807
0.113042195506564	0.193387444574225
0.109691878810214	0.16124985449397
0.429221136131654	0.90828944662611
0.198214499800537	0.252442873653119
0.142210720066869	0.209064255475302
0.637947484127358	1.23917651305279
-0.292524733973188	0.465139762157626
0.0185138706681762	0.0235783544773814
0.0752367110135196	0.117871995970942
0.019294013931788	0.0272328353764328
0.0466674621887889	0.0593919790476088
0.259162044691773	0.550764982570723
0.178631756767946	0.211301436866135
0.530597150019239	0.874317296548668
0.10432377228589	0.126236218117843
0.116242364656299	0.135224412782999
0.237625938279587	0.263406302607751
0.448446250959286	0.643522591415527
0.587960527843253	0.780323475960701
0.948576182826999	0.709336940762718
0.550319026220888	0.376857533227591
-0.325128062030771	0.518106482126641
0.389452440621826	0.331112695625492
0.667676753948889	0.721754232940433
0.0809366229452028	0.0846948384276701
0.178698670979619	0.235709830152674
0.322503359043794	0.31987823171002
0.940310087707673	0.526113327090589
0.940005860132459	0.525826872783048
0.667835773989337	0.721945842967224
0.153357272400126	0.18444331689242
-0.633368110355586	0.907403462020456
-0.330800572915015	0.402398449936089
-0.160866776016374	0.179518373818734
-0.0782891187112772	0.0993611025769691
-0.180072102203431	0.304541032376978
-0.069667205011936	0.105840403182496
0.35288756325636	0.475781489040383
0.28958768274245	0.332650674730398
0.625926626320668	0.918450721947879
0.646275919533173	0.907199739701887
0.093300567948667	0.0755448733554893
0.398409789544244	0.490480456366817
0.133052683173277	0.162756595359584
0.149031841132722	0.223567413559315
0.400164038523678	0.643338418196663
0.0599797695711737	0.0794025735066348
0.400927403994604	0.668921646571189
-0.219735504258865	0.256541664821024
-0.454245293283836	0.651711003675216
-0.123040954359254	0.131133441398437
-0.0537502573697985	0.0630207268369128
0.227521957699751	0.370312362384885
-0.238597425175057	0.452969404580197
-0.188138053291626	0.367535080306302
0.381082442346672	0.887794732424067
0.135296753013258	0.216977843526299
0.0762635738883273	0.132793756849449
0.1141167313581	0.152463669920433
-0.0750832081318582	0.0878665736954403
0.0261818110870258	0.0301159419580511
-0.0028471660161449	0.00333188088339822
-0.150043714106005	0.190839187325633
-0.288171355581277	0.334569304350144
-0.0891581191100978	0.095200029416884
-0.114883570297827	0.134453867246209
0.228800648121751	0.245894624635468
-0.331372831764116	0.403307803936332
-0.259207641215512	0.316673035689249
0.400310843238114	0.71450053603832
-0.523827345752699	1.30353120901722
-0.115327938734712	0.152067924724572
0.0167637732597774	0.0226827226544713
0.356911048569405	0.803380380811458
-0.0304937072021837	0.0433523548739562
-0.0553222880087323	0.076886127230355
-0.217443023284489	0.341405509380009
0.167036853165438	0.21073097988899
-0.617022553459085	1.36102334766147
0.327544205332627	0.507635567546852
-0.403457834566466	0.708707973243389
0.288380044780872	0.511216799304785
-0.219601052829394	0.34570192347674
-0.0135468078292861	0.0197359522287543
0.164104510366771	0.18415922620888
0.273433794629749	0.287656264110307
0.034258256471095	0.0362478049809722
0.87498012538432	2.1842878156606
0.909185117205371	2.05374715509479
0.388827160142778	0.109222251636938
0.569731922568865	0.361995201039202
0.635129065393288	1.08611940965244
0.632640202649106	0.336927129390137
1.04268434822922	1.37628300100771
0.183293433359516	0.270302414141568
-0.309019544032332	0.410641203423025
-0.443478769992836	0.377141653686316
2.90392261427469	1.93737532473503
0.384231977196362	0.23239507920609
0.0959201762561004	0.0675206749266297
-0.391129462433874	0.4752240057347
0.0780079333933946	0.0680411980592174
0.0626011266730815	0.0525755933211885
0.150651321581034	0.196764616803291
0.0623803534499641	0.0866814546076406
-0.21824591296626	0.412200681803194
0.125905936708262	0.195244733493315
-0.104226348710655	0.0935555251440971
-0.741252107818585	1.2285400474819
-0.248278219221731	0.275750636504464
-0.0848134121439061	0.0658835504528019
-0.635179983676032	0.873554027259984
-0.9842961129694	1.39570172995336
0.397258103943572	0.475759742439911
0.350023230877879	0.710219915164409
0.130481154279064	0.172245047722444
0.132394712102775	0.147698670450008
0.0333760392307065	0.0308776724309985
0.243192936854845	0.277101325760741
-0.0115679976766405	0.0118225611200497
-0.214655881442509	0.4233127143012
0.349720380355219	0.709437801405853
-0.00704819142426979	0.0104923456486634
-0.0709033098941654	0.118725078006979
-0.0253687824894901	0.0360867450114268
-0.14629015868922	0.310558673968146
0.184644730807477	0.359476134389232
0.584594200926968	1.48768385805534
-0.0119363574895038	0.0128093299537617
-0.167245104961911	0.221497358676667
-0.26863162713355	0.398614089780898
-0.18239050241947	0.241978424220845
-0.253280322208427	0.323120030663231
0.13593424173405	0.123558529771411
-0.680168776796119	1.32110144975044
-0.179745765005172	0.210008766341741
-0.371176024338112	0.471542065720629
0.662335953809073	1.2271565419694
0.148799841919954	0.208950231793353
-0.005223199627991	0.00717716458390667
0.332069299850088	0.552166407238366
0.0250080725815554	0.0335127553430512
-0.104744745929823	0.177751417358415
-0.357389070237526	0.912426438880987
0.0463795378976456	0.0638704305459594
0.31448779565463	0.57103981711208
0.240628308416832	0.3747912114589
-0.639423512185235	1.44696146361512
-0.302839267867339	0.52547538824539
-0.129565676654086	0.171489021323572
-0.443109763089039	0.870425112331067
-0.250484434977386	0.510094503275853
-0.0883344403863024	0.120169775780681
0.484842491919271	0.7937669676614
0.00559694545115949	0.00637820106819044
-0.111165688618218	0.124506806015867
0.153035083706586	0.183980764478606
0.645183517499265	0.904554129012413
-1.95023616963669	0.916156787863712
-0.0425915076800057	0.0306219662765849
0.362302183298159	0.566488079072618
0.363881002420533	0.59041581049675
0.802732089961898	1.02324532701928
0.388505511706938	0.109097507474847
-0.389667274779003	0.182282162800986
-0.891327498577047	0.576155119018224
-0.0181390196239846	0.0118185936481398
-0.33659176112135	0.246584127201005
-0.103616984903868	0.0728732241330402
0.393303470189566	0.377810852794395
-0.00355907706268438	0.00431521544937339
0.133914322783802	0.235426129410404
0.0102057118702903	0.0127255767726976
-0.33384690430674	0.28854644939946
0.0569694436382829	0.0422164063481811
0.391290572590702	0.347229974658229
-0.806422934828514	0.653088425806879
0.12694792042514	0.0793398988018407
-1.24022475622108	1.35713848401124
0.312208215604095	0.287730549584082
0.744739014575424	2.18514559131004
0.0803835576596313	0.0773111723373249
0.290199107130426	0.333475989100144
-0.289296280719243	0.25201281064025
0.253699037967677	0.305044854620295
0.352101510139646	0.724973657861766
0.22458867092466	0.431094728725612
0.153903360890307	0.321339851693525
0.143328579226763	0.274297515569861
-0.0254639412895078	0.0408172159469683
0.156358573612913	0.330079873103175
-0.0562421548950197	0.0916909743182607
0.132160353380562	0.187381276233082
0.130834112814094	0.237746425106803
0.0991102255605273	0.14060243624181
-0.0697606486259391	0.0945956808564466
0.556254839201121	1.20264351561238
0.701422117142774	1.35436659640496
0.279158196572791	0.387105044461802
0.163538343841244	0.138450016753172
-0.0271861823233655	0.0247214399148808
0.138093394508352	0.142166597894357
0.359485828773401	0.540156512213686
0.0337735433997851	0.0357158096885555
0.00072525494886406	0.000734365740312499
-0.14154397212457	0.225432884143365
0.0118889187833155	0.0143519396471427
-0.320753843847222	0.765050836158147
-0.105177064954096	0.206748481665419
-0.0627158814037225	0.106953641940567
0.237712997364485	0.447632629618868
-0.735762292730039	1.26388784579392
0.324365872998346	0.492594521402291
0.156737131107134	0.209158186101903
0.0387562274912113	0.0390480355871032
0.433047162383597	0.818321561286651
0.0854526515840775	0.116518437652587
-0.0344818798798494	0.0517585282159784
-0.312027883177471	0.585852354848052
0.265611498856424	0.410740686442323
0.180495165764604	0.213855925803907
0.229368587674513	0.337933588823921
0.362434512784285	0.587195756458008
0.780041576343924	0.330969634796661
0.482855564854672	0.465035885236952
0.691285648415201	1.35521194572675
-0.330999925781029	0.439347861702206
-0.27845162837745	0.206422562975268
-0.4737470176026	0.115740974734865
-2.16934720283687	1.13515014344097
-0.336750062709661	0.246711839606454
0.591358734833097	0.57077826633309
1.05152551382332	1.22475679425263
-0.020314925349235	0.0115426902302183
0.883511118880224	1.02660118953299
-0.0998410117016792	0.126832813451614
0.325160165780039	0.810281060660817
-0.0686018349408175	0.107181081252757
0.224998423684553	0.190765543152678
0.853540475317115	1.024540987551
0.149043586085927	0.0989098588228081
-0.436196905979094	0.240906518793572
-0.18563603594831	0.113014157233182
0.533461587772585	0.389772820556715
-0.0188055190861795	0.0122527306065442
0.194457393904779	0.273197755984501
0.729629712712435	0.8727948571714
-0.0349079845625832	0.0275049191627804
0.185952286002213	0.137371570045172
0.244885495938697	0.279336657551082
-0.0136869056640549	0.0160199063255595
-0.256882436229185	0.453531203670208
-0.296362079871607	0.638871199171833
-0.130014824919783	0.259281038432974
0.401074563713084	1.07086999641304
0.181305538326947	0.390020254792731
0.679433916748565	2.51890398887331
-0.08881340010202	0.104077808641469
0.47741768150516	1.40980001286676
0.10101609710985	0.136685521821673
0.306571424358625	0.400189773660372
-0.331678401203735	0.440552519178094
0.283302815350732	0.408628994279098
-0.125430947333397	0.182724517439557
-0.148530960475409	0.181557158178671
0.273277320310697	0.287466673971852
0.137650673932492	0.171925236578239
0.448950742321134	0.629342890170449
0.185536159049566	0.225100728853088
-0.157852089284447	0.167183578611746
0.180495165764604	0.213855925803907
-0.390255729915387	0.473872119471015
-0.00330655876142191	0.00354969875555919
-0.0678011028518542	0.100455957698002
0.508671856940269	1.17715201390118
0.151760924853164	0.259211107303018
-0.188620501593974	0.384284310481965
-0.312042434311312	0.716570737125139
0.26891262906831	0.486319024203355
0.132404901871119	0.161882015341085
-0.0518228390127273	0.0527875579191808
-0.0462072055430525	0.0494349329656539
0.0237907132584852	0.019914448200347
0.308660153519751	0.403620586833318
-0.311442942930253	0.556098304650626
0.194662619381362	0.398138918093735
0.0863069854900208	0.117808636080117
0.0578131607405216	0.0569657921436655
0.399518315586531	0.6891895435347
0.0141162095131094	0.0133923070596169
0.222683762928173	0.315955204400567
0.503266743512936	0.967969511731924
0.391346665296321	0.347210838558376
0.265523962450972	0.410569270215761
-0.196341941523225	0.299073327728869
0.114827865415422	0.0849392545637862
-2.68196044668889	1.82774681551437
-0.185892437937538	0.113201100422931
-0.187307616895421	0.114130523026303
-0.656640976878538	0.709800673839333
-0.443979014520355	0.377671388661758
0.0100909470800879	0.00675900615461704
0.45360977864676	0.59176350303016
0.1778776519952	0.257226860942312
-0.422785389296425	0.953895978626008
-0.0867947864127244	0.125355088170737
0.162530754066856	0.137473013606918
-0.876738694564592	0.984753858661183
0.115103496177779	0.0851597807919171
0.826512966057531	0.864225878557915
-0.278112190338071	0.206120824317246
0.965513829493182	1.19841522069267
0.168928285275353	0.16982454964582
0.614489070078359	1.26900540819477
0.0654431805331591	0.084037989877843
0.344587677186154	0.677234817790242
0.14850316232809	0.208447292915552
0.122086668865832	0.166757697128434
-0.182125426545518	0.161414818580212
0.00203378028886461	0.00187181853040326
0.161977028118855	0.255548306223183
0.261784354928202	0.452418456913087
-0.410309722083431	1.00230977721232
0.401312306028876	0.896623218529179
0.0927954989394928	0.122829349676833
0.114533571076491	0.188784502764346
0.666670756994131	2.11153926887246
0.288794265118525	0.593867367080055
0.0383577795241852	0.0571667379981928
0.369833583870227	0.674898072459717
0.0893917903478344	0.0960676384871792
-0.148167091282542	0.217058309643388
-0.388595258257951	0.641202335086869
0.0612813085159141	0.0654009390404477
-0.105264421778397	0.138873077445852
0.795368523307225	2.17650277202082
-0.0897763778798837	0.114125185085733
0.137443092785774	0.185443667889156
-0.36479464342291	0.50309770092991
0.399589170678895	0.568556674797634
0.361148403708264	0.564096176924285
0.363633978678985	0.599941571895557
0.756294780844528	1.6268772253312
-0.0952272901175828	0.116413468476116
0.0709476090815142	0.088061318751793
-0.111766253484909	0.171919498455756
0.310457812385221	0.538580455385896
0.255160981822371	0.528885471887488
0.0172963759715003	0.0219927659144525
0.280106318247938	0.544777813815023
0.0239439337941913	0.0285869122943853
-0.0342206186921232	0.0384482882539238
-0.563211124692155	0.96682257577589
0.470535773141205	0.854481302540118
0.22674299935365	0.328071418736494
0.138870054607806	0.158866516992898
0.40054634308926	0.838805183319195
0.0315213452209609	0.0460986314220744
0.043013616530769	0.0564418085506298
-0.248155178571518	0.379651699329823
-0.197233334759755	0.271809148318067
0.332705168336128	0.56213414713914
1.00767102845396	1.05534101144622
0.507644342220294	0.412342820833966
0.613172314242931	1.10579038968724
-0.181675847419361	0.258553155729669
0.0660452674838359	0.0613791118058291
0.0454207597739614	0.0285970985343498
-0.0907946508449286	0.0575147901159695
0.187038783738601	0.171015689806178
0.0859821722577108	0.12293138668443
0.274244433360083	0.511244561562554
-0.320796373649604	0.476593150594039
0.270590454417837	0.433303363996482
-0.859166544902283	1.86765919785556
-0.132898111639971	0.126502605622536
0.0354544276373325	0.0375648424457284
-0.248853048902459	0.473419338410511
-0.112447983492751	0.158566366864944
0.0434944420462319	0.0524027617800217
0.145069856465659	0.185487473766027
0.313024931433856	0.428204171122903
-0.341385377578148	0.612399071827713
0.400955147722487	0.895205258624875
0.687309086417006	1.20682626494692
0.172489089299615	0.199003413603059
0.31819618140354	0.454759159540241
0.203508806677154	0.297303105070291
0.248701723749526	0.348826807577123
-0.104058887594848	0.163738910387661
-0.112234976658343	0.158225805077556
0.119237772826833	0.162326097135269
0.325834661613331	0.654588674813505
-0.300061577336229	0.491469374459944
0.396365398704517	0.448941261877351
0.468990788881062	1.22278420258711
-0.0355428006823869	0.0280151481116993
-0.0851581599102303	0.104220836234713
0.116308598362391	0.20166165367836
0.0632154362979731	0.101973880477474
-0.108598167076161	0.16229065723674
0.207689403512161	0.309187723859307
0.326802141871517	0.665166752936774
-0.202116862439156	0.334546142157069
-0.0123136755728956	0.0125906318078788
0.252781187952799	0.362070303066835
-0.381282601335482	0.609221460106788
-0.137783315115494	0.21276737462745
-0.403304262810548	0.76900740964486
0.143719176788161	0.211711557329776
-0.0412876657540949	0.0503370252339288
0.177272339546241	0.277446622551251
0.22727827208303	0.329079956048216
0.516618699430286	1.13728124260558
0.0225995890221845	0.0269482547191841
0.157808511800661	0.210829210757618
0.072349641656688	0.0899503041735498
-0.0827430019927718	0.0745472899588513
0.0671614399862401	0.0624874475742341
0.452954393449637	0.606121398209152
-0.41368118719142	0.829998410710418
0.114503864522115	0.171229027495555
-0.222225301379766	0.389749685384679
0.363297720487312	0.599221194306802
-0.0209927790601047	0.0264071811489563
0.47150657610168	1.15976559087837
0.262128405444761	0.458898796134063
0.730018306039572	1.03281030011639
0.0749905929540613	0.108189225309764
-0.232313982801646	0.366319037662306
0.401286928547128	0.90763509658468
0.293272591705391	0.626443773821934
1.08207326636904	0.545410981071068
0.166212843098082	0.079304190723737
0.385448561596048	0.298511433361762
0.039747575741877	0.0450472655821639
-0.111009599145459	0.140996377407576
-0.282729754555463	0.297093672997275
0.50807343101721	0.412780935274248
-0.36347907244379	0.289145532950789
0.456917564867568	0.566176801996956
0.212562567801887	0.322581291984883
0.0170281508270019	0.0191233740992136
0.0858041464287106	0.117047769604222
-0.243238767990475	0.395706846551265
-0.894256296518875	1.6355808722332
0.307004016656814	0.272007533690406
0.0819315318684627	0.0923226733223422
-0.264755837654365	0.406334245117246
-0.105712087017305	0.139533791271261
0.1234106040241	0.146992944194605
0.489463989793105	1.02553662652211
0.0899273305247431	0.103853771294097
0.0471640024749739	0.0600514748755275
0.158443748779553	0.246056053647744
-0.0364849037445294	0.0371694264390908
0.0787422214804755	0.105247723119349
0.498296382307937	0.736719545138716
0.0643081728934552	0.0824554381268643
0.276306845977843	0.458099845093562
0.375586657110712	0.79969979498684
0.267053520063054	0.413432266521578
0.346459953407731	0.433846706774419
0.218076282236191	0.303091324882357
0.666530942384236	1.81538425921136
0.244658735580377	0.224666632306118
-0.0620416494103885	0.0757973452374649
0.0615061356343502	0.0853576864283918
-0.174079589478928	0.331965715998582
0.188232352157844	0.331563170287694
0.0425642567224773	0.0558318548570102
-0.143025755259391	0.239815379912703
0.342695492317373	0.638168604481004
-0.0121059070701242	0.0123748622829453
0.11876542258282	0.150384444700367
0.0707569938680567	0.0877979041458488
-0.274139881745215	0.434039333789442
0.290542773052661	0.436846638473558
0.14858912376066	0.208571233630118
-0.596290290932021	1.43843146865331
-0.181722837135562	0.240925851450788
0.230471376359732	0.339967202757687
-0.96373169869293	2.90765508140274
-0.0110081933656208	0.0128498654578835
-0.033113067267953	0.0371590651733638
-0.244193017513418	0.337134188961338
0.447259666876105	0.64108050540833
0.117760963838745	0.113972033068228
-0.0509867884527562	0.0432061864395134
-0.134184766745747	0.190002518363794
0.0507286973619671	0.0679406405156389
0.0798929133806782	0.106943222608061
0.400233444904906	0.804895769987708
-0.279773787142418	0.573183486586465
0.0855284783237623	0.116627096502992
-0.147051668560079	0.215180426264645
-0.198724306896025	0.242974306876754
0.559244520479854	1.19254350230421
-0.115318354747633	0.167665120560603
0.453331966557278	1.01829321442309
0.172689939647971	0.302356320104492
-0.277917396201814	0.205962223094542
0.781918004031025	0.520347828068038
0.965937553616202	1.19904057314163
0.478299901626787	0.827180218610896
-0.385107785855451	0.573854096755935
-0.0719383046117108	0.0606582437689351
-0.182535889947427	0.0941758280759728
-0.249126620348661	0.147667776215454
-0.44452089325208	0.378202701355257
0.0300262594706804	0.033198656055374
-0.490758339559822	0.732239732247989
0.186733054989899	0.226801857689894
0.290679655157167	0.437215305384925
0.103781879499697	0.106267083345683
-0.0903618915832645	0.0863785706806522
-0.375418804552665	0.538717661206633
-0.0873798170879343	0.102237976970658
0.216150060157536	0.333900852129952
-0.0339407538993657	0.0363465055588328
0.401532712615629	0.621741287211882
-0.360632367373933	0.438635495009872
0.0296220710275023	0.0327399488274024
0.911104452476382	2.06138050921807
0.524039994584208	1.10884662007865
0.156110922618433	0.170420291399852
0.526311674383827	1.09770538234829
0.292004475645844	0.53316464469766
0.159549518125294	0.232838650350664
0.403012078246473	0.935451250819425
0.535519008295402	1.28137309850514
0.133665918678267	0.201958208661192
0.399688219289885	0.689768769542452
-0.211133419077865	0.290901935495265
-0.142658271495749	0.239064797325839
0.16734078669922	0.26887293133448
0.538939268557826	1.27511414188027
-0.162384751702918	0.267100741022253
0.127757714386495	0.177927658049884
0.259430242571109	0.386440638887812
0.438678611248997	0.765311629966845
0.43891138256186	0.752397337580687
-0.313779018193941	0.482882918621209
-0.803026690713407	2.22675524128567
-0.108299441230064	0.147709758419271
0.327219946348739	0.515687859445032
-0.107368100936213	0.131227947690824
0.288369615501422	0.425509458248466
-0.024374934034319	0.0261751119523422
-0.195704784980512	0.278984728160929
0.0171622910711168	0.0192758166534594
-0.230367964220415	0.306005830758921
0.174202323200772	0.247404721066378
0.444558456734332	0.665403889524358
0.131275586003903	0.146331544259603
-0.526074232160758	0.814769316863684
-0.0031557843721914	0.00369181216755377
0.157837648754698	0.244974591264344
-0.055842631603981	0.0776860081955107
0.114150055436942	0.152506018991025
0.0557713330292486	0.072573905550296
0.0510426395524294	0.0660428069308222
-0.392398472215662	0.708625021543081
0.025948610935063	0.0298404967287306
-0.0628964340971276	0.0874891900708531
0.19731538954074	0.335330751185483
-0.0197132857026395	0.028787547891049
0.0914802681406155	0.120870140445168
-0.0347159827153516	0.0466747557373809
0.73776897542015	2.18377541913756
0.138271206803946	0.158081800774847
0.0455443619242266	0.0367653825336396
0.080495326554133	0.0905920780575121
0.267078086580855	0.345759255185852
0.479332990039156	0.47948043376402
-1.00196868605036	0.304687348735161
-0.743631442680116	0.436371870130056
0.383999837541317	0.266754527843871
0.394777130441287	0.393468992531671
0.266842372103037	0.271927215767598
0.299419510205202	0.25424945133072
0.729219827459162	1.03102676535164
0.119469903337823	0.151410128608748
0.199049129474798	0.339046280020368
0.082032021801468	0.0985599477083406
-0.401298367964785	0.441588645621002
-0.349675704121377	0.36588829771241
-0.0701191686515494	0.0498572008016052
0.884808956534962	1.02850843842839
-0.261161359992067	0.211545148693264
0.291958316997655	0.237164213009988
0.105063978108852	0.127233355743591
0.478564362539397	0.47851267415798
0.264446675310559	0.529470566546069
0.0691337594068998	0.102204890004018
0.0905906544175208	0.097478173800589
0.256714835950255	0.375217618768812
0.45104849637684	0.618010938035648
-0.442300735165634	0.485747114165979
-0.0324445656889364	0.0395466434270866
0.142719631896441	0.209979014663644
-0.230317969560315	0.305886762645389
0.0813803594662365	0.085197573140169
-0.300119804265846	0.491593544396446
0.295905000474911	0.556316452518865
-0.0641523139082966	0.084143600114698
0.453174382151077	0.606517369129395
-0.240704945783929	0.280502707568373
0.954671144093929	1.78674235291985
0.159341957783444	0.196114516089069
0.321877824988808	0.319130246223493
0.0378902616881889	0.0328752077704159
0.31331578443262	0.428749328627521
-0.701213590635088	1.16442938635144
0.20796962512985	0.340493337516759
-0.0732806351044619	0.0961857766097573
-0.217531188872363	0.400067169324567
0.309671504723145	0.650265836697204
-0.120438289681908	0.185585953296609
0.0469567957141544	0.0597812749995307
-1.0552148534294	2.657593664828
0.0638788471605718	0.0731059750220149
0.470701620259175	0.855061104930523
0.0885378209183304	0.102117820284459
-0.242532229356705	0.394256337346742
0.132246616765446	0.187475414248311
0.472385071122408	0.843644149899584
0.398822571389707	0.640286148560078
0.276775499156499	0.375759314179461
-0.0285306548772212	0.0371455623289424
0.0813946170873025	0.078326574834053
-0.100290585062114	0.127476367068015
-0.150409658519287	0.124648096889546
-0.272720351892617	0.134676791179326
-0.249604088678594	0.147989483806065
0.249890684094212	0.164841428016307
0.515699282396111	0.67810065869587
0.621522850972733	0.553013323465341
0.0542169205897111	0.0487862354219046
1.02076303315858	2.10592724703111
-0.0144237491275024	0.0168922440363588
-0.053645884258226	0.0701207501294297
0.236572297501215	0.403831753011256
0.745304443754557	1.02900838340807
-0.155698835706856	0.147691492549199
-0.477671345112214	0.494181601762892
0.569373270878274	0.592102367041529
-0.187030147056672	0.128450216265361
-0.184521727268965	0.152009538760803
0.0053076964856311	0.00427278540342982
0.263740451434201	0.333665387448144
0.170151261983568	0.195769054462824
0.155367672586022	0.169455041297839
-0.0891353697219779	0.113225462568922
0.639905242144143	1.5537330314027
-0.108006639900745	0.132118204745391
-0.594873572610197	1.15333056757643
-0.0683975420010414	0.0925926947429457
0.559591370274523	1.38067616478816
0.157154869156231	0.171693036455567
-0.115855643138427	0.135741463211211
-0.101913582823214	0.119428316885853
-0.21973356592777	0.256521116246834
0.177091852359825	0.183421485291087
-0.376631639255841	0.640187870138244
0.401399468199406	0.669920596815529
-1.033994537295	2.24709274304008
-0.326156834735899	0.552545779443367
0.0890896999079647	0.102812872612637
-0.0201965987328461	0.0279106871958675
0.296273874248678	0.557303480651655
-0.15020434704242	0.239465828183415
0.104856849685388	0.144308798015049
-0.220586490551193	0.336680508652546
-0.00339439236764343	0.00381330638408758
0.241389517184427	0.324682550083472
0.666097995994853	1.51860306493699
0.308881746687521	0.640721076860872
-0.20312237496201	0.33666386505761
0.258868178769455	0.31942457853702
0.939772203559906	0.525776451084406
-0.0217564688630036	0.0123563848611671
0.0952108348230544	0.0670022760812247
0.789288190984197	0.701658382276565
1.03225204317503	0.715986663382391
-0.0855386111326405	0.0372858102338209
0.218714637135009	0.304171604831627
-0.142667138372219	0.0992284932351062
1.01781740052625	0.89627519326135
0.0299902782183557	0.0331468734723949
0.146954331696794	0.138185268753722
0.782496500128353	0.520807209734492
-0.278112190338071	0.206120824317246
-0.423718832213325	0.514011985787041
0.0542865054359674	0.0605614670718447
0.162242895089141	0.221042553073421
0.00483632075950848	0.00550996894954154
-0.0507194746291064	0.0618530849915859
-0.341965177038275	0.509181155190979
0.0339179250634623	0.0313918494254587
0.166211045119263	0.209517458660185
-0.415427260485918	0.772776682672639
-0.0132667892062197	0.014903944988779
0.187121748684861	0.227331080589503
0.0309334962038648	0.0342335384168283
0.263894580237639	0.333815522200418
0.436182455956006	0.746225559709377
-0.0143918105902099	0.0168566318344778
0.242961776408347	0.379479266103336
0.0749707147308135	0.112829705788301
0.400199860934394	0.655011816265962
0.137391434726786	0.185340622956908
0.115239069857004	0.154158194851139
-0.165166058963204	0.202095093349989
0.843947896378404	2.04043196695613
-0.263975229626847	0.404732000328579
-0.283821118494692	0.50431761879319
0.165140065317736	0.245620856529214
0.259296364205053	0.386189433359446
0.400210520243258	0.714263182391385
0.108804723490082	0.123496502670721
0.26725826325424	0.420171314311326
-0.238335069223824	0.353228060792201
0.364437035172571	0.601840277204014
-0.522147962336909	0.7790881453897
-0.402789854813259	0.767496050727601
0.468021949997946	0.878354124015112
0.207987486460262	0.241625768567583
-0.354382237126724	0.509366507239662
0.177282746393242	0.277467354713489
-0.0126723569036134	0.0153800890408335
0.16126791754481	0.235762492535023
0.434661403714664	0.796017243797444
-0.0814374019783264	0.12749600096467
-0.0432597527383048	0.0634812874394642
0.12085993006698	0.164877514971879
-0.0387086694462609	0.0488649786984045
0.401886283778578	0.634642547286636
0.236075271616273	0.208638044510019
0.00674767439234712	0.0050041227811929
-0.300604198949642	0.113827694508046
2.44512313457251	1.28619846136113
-1.14649610913421	0.877912168197075
0.290342825803195	0.436560945285861
0.102117372682851	0.0597222290816508
-0.187320263813087	0.128711059188858
0.142659725790396	0.196282588084686
-0.0316620548861227	0.0370506961288697
-0.433430549916615	0.550193712408969
-0.583536208101129	0.356794814269034
-0.0630635270263836	0.0349012221661564
0.771464512836218	0.865330190265363
0.0885432681012194	0.102093860055007
0.5869866757375	0.778376401074029
-0.813800428058826	1.44378059638596
-0.169021316815922	0.232398551294721
-0.000901585866476837	0.000920172380318146
-0.00108184133192708	0.00110395818139907
0.193923288753623	0.272286977928329
0.139495341326858	0.174580243286817
-0.154656433376838	0.204977405124399
0.294438358832402	0.347736042405463
-0.275009220165532	0.257284145500592
0.100397087850559	0.111035083551898
0.478499615404342	0.81149588057429
0.340683422462941	0.632953286224086
0.0314913803170131	0.0384162755416046
0.327231046205158	0.666507803164441
0.0160891590813419	0.018050178869804
-0.284850860467499	0.465833755789542
0.252807004945081	0.416003726356059
-0.0787495650487392	0.106949237583172
-0.356716009397786	0.64086930257933
0.0324936375310871	0.0396789080726133
0.360856418540598	0.553234347530758
0.327210167005613	0.506826123735916
0.169556190688944	0.236175725259499
0.367836979116579	0.660290994475672
-0.401720995310235	0.704280830927938
-0.234091514018994	0.357750881875178
-0.105766844580409	0.112872937807398
-0.382755193716304	0.507992108225821
-0.181839774262614	0.275767746910209
-0.230173398976887	0.361934041921205
0.102929156476119	0.155332855272426
0.132524415339506	0.187985469397988
0.658828143577458	1.97918799201449
-0.0035871982022917	0.00478417105859566
0.0303948351077874	0.0414490016184574
0.100386123008237	0.13570997603286
0.085948778907203	0.117268381165134
-0.00469371798336852	0.00527276196422375
0.0947112543893015	0.0666197492624367
-0.0859497001478128	0.0374642140226781
1.30845506000794	0.581181730657887
0.954816893381676	0.884455211774757
-0.559692419948004	0.898156773438232
0.666743349910029	0.539714223433784
0.459321267030458	0.554183281141003
-0.0328914652953524	0.0385433850123232
-0.170660033423866	0.250859422100381
0.597556777362289	0.956132125282162
1.34686592862238	1.15628199904206
0.883712588441843	0.706021106903995
-0.669280452638653	0.638708295673265
-0.802399023991753	1.46919871636261
0.161843200281719	0.199711791789003
0.0883493985142116	0.101872366100558
-0.622971033641867	1.10421937005892
0.125899211487324	0.174983971405279
-0.207442338783247	0.316046817081627
0.0859730238731349	0.111459070086125
-0.842334023257949	1.73518523075067
-0.111085377296806	0.124403776417075
0.39954686726899	0.60555772965693
0.39585727641223	0.435169291906869
0.251582535921199	0.413402773380741
0.343115508877096	0.639206880063831
0.28235391232992	0.556942493694378
0.195162419430444	0.327138412464122
-0.351651835283353	0.579383330244929
0.290090292309134	0.521917347390283
-0.280252113098163	0.535324891118403
-0.429928032996663	0.864353589703341
-0.380985436682489	0.608638399916538
-0.592382495592416	1.14556295939982
0.889613203744071	1.91313602309772
0.465284310560132	0.885622605605639
0.167967521663624	0.253784910040145
0.253627689707564	0.42332625322773
0.0261126143748135	0.0300314378849314
0.160266403072425	0.19746844845079
0.568619137365861	1.18122850999814
-0.0382204370197777	0.0482068763183611
-0.170786801753016	0.266145368014405
-0.0139111269178622	0.0162859475721925
0.20278139398558	0.296003222028242
0.346151802541017	0.673132221857746
0.104837462625951	0.15150037435079
0.173741881142283	0.267600026158249
-0.0925419051941584	0.121640198748147
0.0441157384918577	0.0531837671686347
0.544720044145007	0.625329984059489
0.361731113967025	0.076032888564632
0.695485323416523	0.881589745016523
0.282866518129377	0.219221400280915
1.08189937689856	0.545391539877195
-0.389943780151038	0.182487537638541
-0.965596444618891	0.537374570914658
0.14866121455605	0.208727499385679
-0.299397874155398	0.199196406894357
-0.248823285210465	0.218043837006951
-0.271518688609886	0.443676947050465
0.344357323887478	0.659754037414696
-0.69795722074059	0.878423488382467
0.692498260961246	0.332419708071267
0.846132014895578	0.518371973394181
-1.0957092968678	1.21059057020432
0.0130822259899789	0.0131038632170481
0.398314208970739	0.490327874003575
0.356500764316951	0.503279628965338
0.812272677444641	1.90008565687653
-0.145286386027849	0.20600679733382
0.0903639149482629	0.0972123029667938
-0.0237436950973082	0.0278280740874353
0.178699615775485	0.235746947210817
0.100715610184342	0.102839342443402
-0.0954273132220093	0.0800425273453045
-0.0312582552186603	0.0265962716012821
0.752804547124065	1.33146090982414
0.60915173879775	1.27599939769965
0.172436965083363	0.244425092513449
-0.142026982702809	0.194451370521053
-0.0130594643063546	0.0180041294076806
0.338074139152293	0.600801996322262
0.0816403163679163	0.120057797765505
0.321534091212088	0.619387148315231
-0.0597390711212005	0.0807589498023748
0.0261992790655881	0.034058334604763
0.454248847683829	1.02115236222717
-0.0567833520475574	0.0790970375095167
0.145338741568938	0.185902059329118
0.0187997433530437	0.0247286266535578
0.348799732051618	0.697860999780755
-0.137572952443932	0.21237299937419
0.0640408263948217	0.0778137130652887
-0.0226207286200047	0.0264795371299231
0.512367013444898	0.940504812458828
0.233373132204859	0.391964252294297
0.158921704685187	0.247002385060552
0.482296965530368	0.804401838473637
0.2098153804674	0.279767314993734
-0.037262871742255	0.0486252937133604
-0.0635204147562083	0.083257583734739
-0.120146032199173	0.185102099958232
0.199437363297273	0.367942596858612
-0.0381833384792529	0.0544424982199628
0.257689401118556	0.437750185890692
0.120277320603022	0.183204915795876
-0.268201143554145	0.397789591843791
0.227880369778038	0.371041874345116
0.116845777727739	0.136012896755414
0.123495230334709	0.180120110346271
0.297329622724906	0.360299429571477
0.379955529563595	0.191817274168632
-0.272478032238977	0.134552377386226
-0.0440519912720793	0.0399282393456924
-0.372216076521157	0.242164069834239
0.207693043944591	0.20367246289876
-0.134253154077787	0.19010804505517
-0.020200559739201	0.0253880827004709
0.475310497406781	0.492725394661801
-0.775756141785268	0.385855670473159
0.219134356843077	0.125692583795998
-0.0211761514362427	0.0120307083287827
0.390536341692347	0.346509131644196
-0.355568819440721	0.32906222091125
-0.183963868883232	0.139062626979024
-0.136313809896332	0.137325405914687
0.288939633784807	0.519144850338957
0.172006357423612	0.28113820895934
-0.0596590636196184	0.0806404039265139
0.397466000203782	0.463497213114735
0.159748904468886	0.155612573880819
0.236277172691739	0.208831983313187
0.305148668594368	0.269983663850495
0.149313634735694	0.0991129622070755
0.26441876643666	0.524039685087907
0.0509789349713649	0.0683211730167534
0.843171050368054	2.71658561605576
-0.0453657172075541	0.0411581989347443
-0.3233043539095	0.514209885408494
0.0554731676369483	0.0658379989926475
-0.0148936624777553	0.0174518040973152
0.575560301386555	1.33984026802829
-0.0883884828541645	0.10354723161081
0.323294387528752	0.631854028063829
0.189793722177177	0.261318455892636
0.545385318341981	0.848156364687015
0.283234142294741	0.40148218320567
0.221555947663354	0.386451373887502
-0.166380904510885	0.22019800785491
-0.014530608458025	0.0170213438485025
0.0389232452458011	0.0542207193388163
0.399620450748908	0.712870897859114
0.0929861148754613	0.123095093534813
0.253124574822675	0.42220085661011
0.292797196020461	0.535095653523542
-0.136786739239061	0.205461183401667
0.290375707822055	0.436605795572123
0.520718613739234	0.907616039092311
0.569671193687822	0.362075256096675
0.0530087883519972	0.04765228659666
0.395754583584098	0.421904718102942
0.0723702771821036	0.048273982022928
0.393702933984558	0.135223212569187
0.166160743029757	0.0792763149111722
0.641682723119911	0.545743151435336
-0.0883765846203489	0.112160928834543
0.666621624647967	0.719989237507573
0.560597406693352	0.603674598541195
0.159432769064333	0.196246109146552
0.583119303582229	1.32446153015105
-0.296014121865868	0.293811034251393
-0.272091243109116	0.134354832803417
-0.586697007356842	0.405795631760332
0.273689029181008	0.287904945794777
-0.344042105383458	0.475972940346483
-0.212436110720349	0.281802181691682
0.449248321173442	0.629925066206711
0.194390963418779	0.273089068539647
0.212386979019248	0.353766378009966
0.121753512295243	0.131961883753964
-0.0401641961362174	0.0387270428023231
0.159007861676788	0.154807574530486
0.0382084116520127	0.0531806127210155
-0.037839341969349	0.047707768181354
0.105556789821232	0.14535326965747
0.24691301990355	0.39826884992634
-0.0763379254921309	0.10971531573602
0.212166338996229	0.321783071801929
0.319396829825245	0.598381848457632
0.154607016202212	0.221467495716309
0.0720205045123086	0.0894986611263034
0.188477213607575	0.283307850103878
0.0052692156258633	0.00622779006282715
0.373033811432492	0.752736115026103
0.230638461172413	0.340301153687767
0.160770960357562	0.268527853913856
-0.34687824291352	0.705384423491656
0.349456683332926	0.717488791577089
0.109065593578365	0.1429246403558
0.297994129803155	0.473875592372506
0.429839701845131	0.822771431433042
0.40010099778595	0.594402629179098
0.470480527609905	0.503957796685663
0.544569894686905	0.625253189438816
0.856308965077426	2.45336161148845
-0.096581166784481	0.0810704377964305
0.361858698487145	0.0760513170465834
2.52495249403963	0.634914613115007
0.382359480505373	0.212405860095182
0.186829490256821	0.17079931782059
-0.156081813030279	0.148123167534434
0.74821906853628	0.866717286156497
1.32881949848386	0.774654663801931
0.693620339571007	0.332982534653599
-0.115062569930876	0.0616545502719996
-0.557021183718855	0.861791837318145
0.594426232068895	0.347404217335644
1.25360712050975	1.30705818800887
-0.105993646884578	0.113135220044966
-0.712535751962274	1.38550302945916
-0.220124444457237	0.179845515970918
-0.700247519393171	0.525921002274458
-1.13327036166727	0.698202842657355
0.755299496794417	0.701485808328652
0.158909627078556	0.15468948224219
0.133493621186216	0.103612918651465
0.322344920372316	0.319681948355015
0.0396745387597859	0.0535983262360904
0.378455962170661	0.848870390960641
-0.233576351488316	0.233167154035254
0.390118374995124	0.331722565829715
0.204083917424657	0.353761637528338
0.199909328211278	0.286637206257939
0.11708776148849	0.167482045542593
0.0855905520180159	0.116725923900289
-0.127698459054207	0.191646021215603
0.51582970184237	1.13457654652856
0.620949318537787	1.10153180455405
0.253387106305548	0.363144667138372
0.400212234398671	0.771402572235567
0.686001108629882	1.50226104198395
0.111439589343841	0.137949944736641
0.358398939745123	0.527673649955156
0.53680804454737	0.869436922956425
0.35027468360474	0.460987858841446
0.470802243657416	0.504473910158537
-0.301056826050713	0.114043873194428
-0.300076100830081	0.199769964396802
0.299101249606403	0.253908774406943
0.667265263141469	0.540150953968892
0.692958099242859	0.33267335418904
1.08225696342909	0.545644191196028
0.219232611962252	0.125735451301979
-0.813054990494924	1.44221845360168
-0.705800637109358	0.845690741844391
0.0727481902668256	0.0485225451123443
0.478160988123948	0.82686650420115
-0.421731777356685	0.806774373961874
-0.544432500375946	0.657875502424191
0.384521834508985	0.267173709816532
-0.904368574537505	0.785182119998015
-0.181591001792736	0.171793173143957
0.162376563775663	0.221259833854609
0.365791056730653	0.61498689801347
0.254521581171886	0.306235708778096
0.400626182134334	0.680127690695495
0.352115728154869	0.474316352554978
-0.00516258955339769	0.00668421937176242
-0.0143885612809386	0.0174925151418153
0.169401719342418	0.256442611786732
0.230964065370538	0.296550622415601
0.400455023999357	0.595037275061503
0.155941752297215	0.256087996453779
0.330748808455999	0.692651337730729
0.233400544426885	0.39206758709085
-0.0233275024238186	0.0273294721263653
-0.0341646970076481	0.0458955612082145
0.602426354547588	1.44841931130974
0.0513173266178724	0.0631881500446877
0.222305385166252	0.232030592530381
0.178407809178834	0.185024644087952
0.84548156913166	0.517930732836794
0.884265582553141	1.02802323086974
0.273252772268189	0.201539383267111
-0.591914788762373	0.60622200598291
0.693074541421547	0.332748917047452
-0.172790630805708	0.0706913846673543
0.507552230475244	0.412316431596319
0.457346736712165	0.949107087093872
-0.29983601086467	0.19959079123509
0.592256055255445	0.571985261401741
0.401272456395246	0.645602067615259
0.00491055837638138	0.00580317497641057
0.137958082798832	0.142030066688195
-0.556329466669213	0.243495546664247
0.0328543582601426	0.0163435446561217
-0.104138194163793	0.0732666828876459
0.259466062870514	0.320317564287881
0.125791793722277	0.162882885665461
0.480029726097792	0.815315441307017
0.155331476458731	0.269292886018864
0.207568668088835	0.308928630557705
0.427347130072846	0.915184446307334
-0.101751102486338	0.143085775208227
0.0977303806261013	0.144945560889154
0.0258308867746315	0.0371377612426408
-0.0177679364217515	0.025881550849121
0.0323132192054887	0.0357969643868131
-0.0439864661858341	0.0398651273561504
-0.134485905648513	0.0837165305806647
0.354850706871231	0.48987956454393
-0.233689495322565	0.233370763696649
0.262278280610165	0.183366325946534
-2.35904318278811	1.35889307796878
-0.272333557581422	0.134487452099993
-0.390108394003911	0.182584068814176
0.0546461001341824	0.0491835950190477
0.38215139299251	0.212306266404081
0.364002868757633	0.6008009568983
0.746254156205756	1.03066514314157
-0.0854186365609999	0.0372336127371123
1.01782480137326	0.8961884787563
0.311805282428879	0.287303082023447
0.431781575623623	0.8151693246297
0.796347652917833	0.862915807228552
0.246728023373873	0.339440168600122
0.30239420393962	0.49815608466383
0.104133825793863	0.143168223435091
0.0969575129173393	0.114600118320875
0.293191313634555	0.449385924195034
0.276682365936778	0.523494067586099
0.502594511763121	0.966118480527016
-0.167485728188521	0.221945855410474
0.0652133677597439	0.0747168362944602
0.288369615501422	0.425509458248466
0.182482117780208	0.268853201316393
0.262361640985279	0.459362841076427
0.498597648063399	0.73721803837312
0.130298434708878	0.0556740386124211
0.595711932475266	0.77059134777505
0.482855564854672	0.465035885236952
0.101595273423385	0.0594167671180128
-0.018394611541764	0.00844708680831983
0.381410940867207	0.211800237193388
0.831891452940088	0.702952484279025
0.35599994752088	0.502366431029197
0.513202142701595	0.692339231800289
0.366442953840407	0.626667402972561
0.131193556559128	0.173338072235282
0.491637438812889	1.01646666876192
0.23213231170848	0.424540076718208
0.5043446891139	1.21078176635785
0.319551347373598	0.606502645594714
-0.0611760104621033	0.0746713912009383
-0.116928571307123	0.154467686085427
-0.342872675095507	0.54692342516887
-0.77610413178676	1.98516776377215
0.0167291885370495	0.0187786602979996
0.0718135430070113	0.0986375146359194
0.317587551325941	0.303959942868258
-0.0189271044254853	0.00868713491483945
0.0267518219765082	0.0207138496058163
0.23567121092906	0.208230130686428
0.789388733331575	0.701751359461779
0.84508474268777	0.517636528737767
0.200804187986718	0.34274081528302
0.014260053463906	0.016626805353322
0.0127575938405011	0.0154115543810871
-0.104261060666113	0.13737202990612
0.112748274726705	0.139762234092021
0.180349313435205	0.213663678953169
-2.15451821389688	0.46533654820635
0.0328543582601426	0.0163435446561217
0.390347738039692	0.346291902133592
0.216905842114766	0.399353327599711
0.319437496575937	0.606163268259012
0.0486449881985825	0.0700473133337511
0.348994474337754	0.707247018205266
-0.128838729792841	0.170400052260194
0.305172669480218	0.518942597663087
3.92171171355439	1.44928193714777
1.32973847100834	0.7752792363114
0.482984956529314	0.465243513021274
0.717238601535655	1.1878392155679
0.182535106130885	0.268915081945181
-0.171793013597301	0.268040431187091
-0.131945000516537	0.209619303369851
-0.2193109617834	0.345163115709778
0.529236244740648	1.51708279582668
0.143141022053061	0.210695292848014
1.02693377404544	2.83092422951175
0.220098429302388	0.346114023156366
0.034092136949947	0.0437520671961049
0.305789194014585	0.617436566248747
0.271428448945755	0.497980655552106
0.400460177427723	0.667789403446182
0.508543642342557	1.17655699601934
0.634608298889983	1.08483620956293
0.567874046742762	0.80957805590757
0.283486626059648	0.409015338547918
0.494863737397487	0.747417216653045
-0.0614195048912907	0.0657826903726711
0.153074844664557	0.184038438121269
0.0462652772558485	0.0637080459602688
0.0549824772276156	0.0613713913518898
0.9495371009528	2.36088639738791
0.245867083011262	0.225877588403101
0.729373808659542	1.18410183094304
-0.0116580828654078	0.0119144984298351
-0.0227693193271839	0.0277066382719695
0.604381130423117	0.947044013953249
1.04998502474611	1.97886108172456
0.109779635479406	0.0926367547364059
-0.0340913661054013	0.0365087315083419
-0.0788945002754643	0.107163979725188
0.155886224006533	0.170133483715599
0.295939516968737	0.358245611675294
0.271106262052487	0.559633240538206
-0.023943194386323	0.0339886094531983
-0.157201274388855	0.223239777593455
0.689746103828961	1.64681000575889
0.0751511291462992	0.103665988332508
0.379724971329988	0.883427348712162
0.212174768426131	0.353330490684238
0.148131384514915	0.157192604673331
-0.278773265147268	0.384542935216674
-0.102554263979494	0.12025684941678
0.476841485468964	1.10514777165732
-0.122417699139228	0.1728447437186
0.144993183441632	0.19995853319276
-0.042877158916799	0.0502514035722717
0.326919168087329	0.515044623780438
0.139065266921102	0.173956241295599
0.119840285087551	0.182426838489562
-0.135175334680777	0.19157284329881
0.00939818061839132	0.0103095649459136
0.139087642225235	0.187985778444849
0.00352790366700804	0.00304857035663926
-0.150692144217604	0.184545490463925
0.161199199848361	0.19880506334338
-0.180502108902136	0.256457460620022
0.28975040237251	0.42799926427314
0.278505026035049	0.38596447657859
-0.232553415257834	0.296377562557135
-0.235190034741828	0.286722107077771
0.0903948419740807	0.0972248281608339
0.199057884405271	0.285245262704903
0.0330804876397419	0.0349571101368246
0.554479618601362	0.825592972826135
0.463290072497516	0.544429735812657
0.508642040708663	0.70256433733816
0.496945482642194	0.7337824875071
0.979816538228178	2.23012021588628
1.1730042608171	2.35448626370624
0.122843820848243	0.10763174589575
0.358750928252565	0.52830575344085
0.0798655333455584	0.101485450943607
0.179069185068557	0.211913853812136
-0.0714577280093451	0.0602202456578621
0.186385770657506	0.199066228021739
0.456721459774848	0.58165509520019
0.289773077620268	0.43529078083968
-0.147527746937231	0.21599273284366
-0.0341551357154831	0.0400748675912629
-0.360586108364244	0.438652282480275
0.304729249277472	0.388737926115099
0.398282969504148	0.540831075285056
0.0860245491094853	0.117383432269843
0.24492798769245	0.336352571753471
0.016284631915351	0.01546885447663
0.245019893037258	0.336557207174672
0.600623519694923	1.11971384390045
0.193616265187901	0.296549722333497
-0.70882342588057	1.41859089035062
0.106443549750071	0.12904398429061
-0.561555857829916	0.932627379380295
0.283003027773806	0.401088961484704
0.216797064721876	0.335109988548526
0.0654556915080275	0.0992854031694517
0.400891811935604	0.656911363858875
-0.106664684418363	0.13027202285895
-0.362696271354531	0.540137352144824
-0.553508474510474	0.793903230486571
0.35749817872876	0.515568459107022
0.241119978543298	0.418792161278674
0.900250419890754	2.47515477553802
0.0404684456782801	0.0547307075929883
-0.252244118173297	0.373757474489229
0.366339674044282	0.636587494323709
0.204322872061041	0.298740113675362
0.320885941082884	0.617711490788701
0.250359677878547	0.351697364347718
0.10970486749053	0.161290935234726
0.236717744409946	0.311279129155473
