x	y
-0.567768111533373	1.09794434197313
-0.442872457137967	0.779710406442162
-0.379814122525696	0.605951590624133
-0.403173240803631	0.707984870384487
-0.363201618117897	0.670291545086324
-0.203317625505905	0.327508011215678
-0.514487548600225	0.70948841462433
-0.205722038619067	0.332400105126104
0.203059590310831	0.326461501156769
-0.0985842380804802	0.146809184520204
-0.234344489182176	0.358196053787302
-0.0412562359794412	0.0502966021365021
-0.463911887477862	1.03002229027033
-0.322727220883873	0.480463992420317
-0.0212058679023126	0.0266825489130897
-0.349566983742465	0.610380321207395
-0.510189817926705	1.08821274119141
-0.0937133630453443	0.123379961624095
0.0169629858761404	0.0190458144422644
-0.0368067367740664	0.0375022093816837
-0.333493380226879	0.330021380608645
-0.313972175245428	0.329041730788211
-0.179893138549744	0.288142177057397
-0.343725220050595	0.696706684114624
-0.190345863976347	0.339857877463083
-0.00412195789547006	0.00462994879038101
-0.112640070253706	0.14334819263454
-0.170531097464073	0.250578772330559
0.266803893595804	0.475489411230833
-0.256105932090518	0.366554094875065
-0.492526954508186	1.04922428746389
-0.38511959927059	0.675636084041848
-0.297597873374502	0.458081344313742
-0.180490005370172	0.30539287843135
-0.363503526517451	0.671242731487978
-0.0400872110655939	0.055568013738308
-0.071191555502203	0.0868586996798029
-0.29348039827999	0.494274970945234
-0.659764260245822	1.98058662263455
0.164647598596714	0.244802445259662
-0.226821873292488	0.312686321810876
-0.304234281769215	0.45271588229752
-0.147997204245801	0.229080300510265
0.133450067200381	0.189488386285915
-0.147154900220415	0.22144090854298
-0.369215216112153	0.608533661266874
-0.285794972947143	0.424641367921851
0.127830756888023	0.200801236898839
-0.265736657628858	0.352597962008034
-0.34025441789041	0.60956071490641
-0.0500788720585422	0.0610252409779165
-0.367202967711324	0.642709829079237
-0.159917646864619	0.16976663362588
-0.397474010310359	0.677851128134367
0.0915599900149035	0.0908453813524706
-0.0812616458716641	0.0730975079621809
-0.522669596078149	0.780240675931083
-0.33271893905117	0.706148410627692
-0.196676973962999	0.250538700606267
-0.309376060399224	0.522595709574716
-0.10190563139939	0.143338432805355
-0.041981792736732	0.0512193156532268
-0.307677219087572	0.408332034458348
-0.157179714826943	0.149222785281699
-0.27984732613782	0.386544170445284
-0.893364761571887	1.63298056254356
-0.130716351792067	0.178857180761737
-0.395288759141774	0.61124295152017
-0.769350360804323	1.14240734809705
-0.840990575050306	1.19794515517649
-0.234871320121003	0.359246045627841
-0.0110747000033916	0.0113150711623083
-0.472183016618493	0.755841499376887
-0.367978494125629	0.605610804486455
0.676884257570382	1.37059259614001
-0.26211204054189	0.362178583320794
-0.332384395121919	0.512194616024916
-0.101815398940941	0.119295366274609
-0.130143545666261	0.152358577949069
-0.286100564686383	0.425177715434083
-0.254121924618845	0.267580892591038
-0.109313739456302	0.149278488202826
-0.23706783302004	0.289595628130783
-0.420039990752448	0.801792800081712
-0.555148019616463	1.32952378307243
-0.537812148429324	1.28613272840684
-0.0338514360202731	0.0380191612862863
0.00696490410447944	0.00794024224947331
-0.180886725929135	0.181466221210164
-0.372587081353577	0.242574156802219
-0.946958223467243	0.940811966841569
-0.363454156075754	0.289197208331101
-0.142328024722639	0.0989738943125252
-0.272232863311161	0.389416956388386
-0.147482355425747	0.179939379136522
-0.725656710957193	1.57331080441384
-0.410594816053342	0.544336039874595
-0.245730806873328	0.387981123286572
-0.261968604872096	0.487200536607977
-0.521924348373655	0.778620118777572
-0.100648318465562	0.150293801422767
-0.333461258938976	0.73982766592249
-0.136851892854506	0.205572076326904
-0.00577787245031317	0.00701026605597022
0.112513416089186	0.139441034932194
-0.219884163995157	0.256753191898298
-0.239120322072649	0.161957456817497
-0.40508649688509	0.292529750547705
-0.384563462573658	0.329801172974257
-0.759081102576528	0.951716894271269
-0.111242513324096	0.141336706931164
-0.351725354114664	0.54248185886815
0.125440655010759	0.149788866931322
-0.316529759564499	0.519581169371809
-0.262571326705448	0.362939610165987
-0.211279076325766	0.302067383305865
-0.033147645040109	0.0372009699029264
-0.0214189777899127	0.0269578774698153
-0.760245395091794	1.39180400094825
-0.179673476399567	0.20016430799502
-0.342209694839573	0.545557496505116
0.0725224303558061	0.0901767049638359
0.399432833785967	0.580674528913229
-0.410216001908264	0.612242848101411
-0.0840469704471947	0.065242910784664
-0.260758172142612	0.211182305583025
-0.909016656357861	1.29309469366916
-0.591583100438569	0.568416859795372
0.00568951307705766	0.00457767686572031
-0.909960894108158	1.29498431347004
-0.291755447047873	0.418283806561545
-0.122822832147951	0.130888974933243
-0.592654506486466	1.11490923324803
-0.621789459863729	1.17189472235763
0.934275136737257	1.78022328308858
-0.486337899960926	0.532310373400394
-0.0361106122622656	0.0284644641489267
-0.209571088857272	0.197605609795454
-0.278824284390998	0.384692998525143
-0.0964722177029456	0.118026821943943
0.00305180250319606	0.00397010024326446
0.0182050783634284	0.031194895467743
-0.0491255995540843	0.0683411683166881
-0.141556363449049	0.231185606849647
-0.464475383401457	0.81900687199741
-0.0228357517901471	0.0232762527786845
-0.504181684965736	0.836141513796561
-0.442084058481268	0.586061947410093
-0.0557602538260636	0.0625217733927833
-0.0350532501300398	0.0375843755184089
-0.0423119976646834	0.0495547513202261
0.43662851435828	0.733374473896738
0.0161939151720274	0.0189129034178406
0.317300928196224	0.444330537531048
-0.242957051534622	0.334991103694113
-0.182625853621003	0.260207134343812
0.296010951147745	0.462458255458452
0.0621858838122546	0.0753775492756005
-0.111306004196783	0.141414193866345
-0.0827133249949922	0.108634755058816
-0.362104454951369	0.578425572636421
-0.0732911368844276	0.0782544678352602
0.474463146886709	0.833523570838193
-0.163552858829619	0.199749790660237
-0.390255729915387	0.473872119471015
-0.565944944588679	1.03377983342556
-0.209996283836493	0.198069000953431
0.194545080673459	0.213978572110119
0.330304654305028	0.530859400617877
-0.196016144132025	0.307564048290114
0.124276234230117	0.192309853412053
0.0308291967233759	0.0450446199207055
0.143275871405463	0.237102271115299
0.040967230051057	0.063474537258945
-0.149747535279062	0.232378407083045
-0.806381087420587	1.84189796489138
0.0198382389724829	0.0244526862927134
-0.167181257728715	0.221456773322808
-0.658955651629035	1.63494632511503
-0.533601260456066	0.886382892917409
-0.102693714019772	0.12043858790061
-0.0137474550547407	0.0167027498401418
-0.150348632888192	0.191280477557988
-0.363705023720897	0.671711647261199
-0.456232017280781	0.756570222080176
-0.441282981040888	0.682338105220686
-0.410216001908264	0.612242848101411
-0.279195121882991	0.385377555178719
0.0512843919747805	0.063159791250905
0.398323963011616	0.698036454639411
-0.230968007101504	0.306951703549407
-0.496833403557046	0.769693832655068
-0.118216013804265	0.11951273320942
-0.211378654719406	0.280049615306464
0.453859080685196	0.592301568088539
0.159944514580212	0.197004607695287
0.0514864916793031	0.0534711984670013
-0.378309555335087	0.644216208011531
-0.28724011193464	0.381606068052705
0.131567924441126	0.146701583071447
-0.454997172842585	0.754034221875217
-0.36704216592536	0.507461803495027
-0.343732658071269	0.437094249201137
-0.447229027893249	0.715607631513081
-0.540272955416961	0.986174445260219
0.201375391990882	0.227689867650643
-0.220725601207543	0.336942544831665
0.228371734934313	0.376557511507566
-0.732853210623442	2.02254359113705
-0.293493055707366	0.562873196178574
-0.0126678427418916	0.0164324176085667
-0.321761864722232	0.478579489819425
-0.351824705429766	0.542659890286661
0.048225831551481	0.0693923572675645
-0.0219599028442131	0.0256857475103549
-0.227993802747418	0.380067530070119
-0.310849104868939	0.582862418487492
-0.180485179633947	0.273184667856984
-0.181922553585051	0.258952414747902
-0.0642274543486524	0.075251393018843
-0.204240010343004	0.338978480787291
-0.09660517587377	0.139932304555937
-0.150185651955862	0.233176904923306
-0.0539667102802625	0.0838016055603852
-0.0968973645092233	0.140415585485464
0.255632903808009	0.47923033840779
-0.21924773929274	0.414589951684394
-0.0116937245849326	0.0125491095655457
0.317062817389916	0.303340746898918
-0.240156311492488	0.225411378621248
0.317504063355918	0.303820491191314
0.307134390627426	0.27207749889056
0.465617211846387	0.5314270243267
0.559950229434626	0.602778808289079
0.109621017281674	0.0924927965748594
-0.485824649564205	0.531217416812017
-0.551976283930356	0.790534854029989
0.0122577488720955	0.012271953519629
0.351912014293212	0.463677157318982
0.0389749717998321	0.0441497048972136
-0.180082735673101	0.238236904820202
0.362198846064508	0.586645012633574
-0.561342591208157	0.932196151472222
0.0707593489009227	0.0828143010339188
0.318991495352302	0.456128708271506
-0.244519799857741	0.337653207105113
-0.243366463807829	0.335719855941238
-0.0676169208971927	0.0914325695412792
-0.0225477588595558	0.0263912851188136
0.0455359068115321	0.062640228609773
0.361056251651516	0.563886226045828
-0.247484661752492	0.328575652389402
-0.170719855486018	0.243161345482229
-0.707385653125519	1.41345162280316
-0.349985174271079	0.611496764795895
-0.120457695156652	0.164807630825541
-0.235503870921932	0.414966384042666
-0.141486120266402	0.225324252082336
-0.131311982135523	0.208386610454379
-0.199787231369328	0.348141596144147
-0.435349248291409	0.812282307706558
0.00332812032845589	0.00406802706328473
-0.0714981254099449	0.103088715996315
-0.0587121897747513	0.0744202735321846
-0.0784594929775115	0.0995944253901254
0.0228245694927477	0.0314472708842987
0.10454666766242	0.151022557941824
0.560761481706154	1.57143759908504
-0.222294560360892	0.389924856096653
-0.759872980016605	1.39063529046963
-0.673098427924265	1.00181924645458
-0.182234642098203	0.161530994505582
-0.0159947059548639	0.0116089870980505
0.174296771821539	0.153276891214077
-0.654423243575719	0.706450994608713
0.748669039841614	0.86758352632876
0.170469459587021	0.17154169318089
-1.0552707987987	1.79888824917407
-0.413743987043941	0.478867530730066
-0.467802915076044	0.593145254112822
0.0932248358178888	0.0843433121069397
0.044661700842789	0.0485426727008023
-0.0889057692169005	0.121029460731091
-0.0564497278484002	0.0633420648530895
-0.0720394425233733	0.0879914951057078
0.427847176212725	0.928967226353231
0.178275124660898	0.184871655374147
-0.182617231119318	0.268800601191477
0.473431985398221	0.846629553017079
-0.286577213613188	0.38052668223995
-0.851739896485233	1.70345436913188
0.75532103446462	1.6240141442193
0.27979015741996	0.537507375436202
-0.320747971552317	0.679048733072856
0.231847385360025	0.423888256136876
0.138950946946608	0.158959961196951
-0.180122614069435	0.220047079422543
-0.0428270510300342	0.0576844738080048
-0.414572608721991	0.894072091527667
-0.740716134218211	1.72898318067084
-0.0525554202200605	0.0686080353764707
-0.238865688206289	0.441698016242878
-0.181742566159494	0.299937280274537
-0.413046579778668	0.828126676207992
-0.0966353181826883	0.108337056987746
0.00815749729625214	0.00894262667870552
0.0201523586421045	0.021721710226556
-0.402334546430144	0.942793764503223
-0.0404098122362921	0.0542316640169776
0.0496292168199458	0.0664061520445778
0.368244524114164	0.681105121838038
0.399691988535347	0.847051928674033
-0.22002732563969	0.346531607116422
-0.18062301102874	0.28959899117832
0.0306120469884869	0.0417589314239372
-0.355243067099814	0.510891297625945
0.847339090315835	1.17651615450853
0.595356760832615	0.769812033761794
-0.288208842451893	0.250831378632337
-0.0184934217190925	0.0120495228743474
0.329492841050997	0.348793741113185
-0.371703701032686	0.36574526866941
-0.137210029636047	0.138327278503218
-0.0122574938980128	0.0104708654260142
-0.31465622457928	0.329980170851586
-0.7993685257479	1.27895624997288
-0.882947382208837	1.15304409501188
-0.10359923501005	0.0929434772361137
-0.011577903316076	0.0112151762032201
0.0145171723588535	0.0169318876441798
0.0307664231219323	0.0340396294645789
-0.823550441764262	1.79051040425668
-0.0318869399318896	0.0373242486012191
0.155802036930515	0.207639262514773
-0.249552644264935	0.38241872787697
0.227780084734242	0.3299537619168
-0.0332130867286613	0.0372733001847004
0.263123351718972	0.399525555268406
-0.121641331801314	0.187758333483092
-0.111006234278217	0.156176241830792
-0.0526243148560012	0.0776328438778185
-0.684080436126852	1.29122715780557
-0.284194553306697	0.505213544811675
-0.238286245419451	0.340012026461625
0.307435767808742	0.524174497391706
-0.0416070084445013	0.0486789218355388
-0.263836095783283	0.404421502431618
-0.165226676384653	0.210380490890794
-0.308041444895011	0.490267356930669
0.183037683069356	0.246395009259534
-0.219592089015836	0.345714019102944
-0.0744104139321011	0.110286466961696
-0.16863742273094	0.231773501934358
-0.0661949426401982	0.0837353410941726
-0.318938807668837	0.585030740958095
-0.422245806287065	0.74234651842339
-0.161546740107877	0.180318405290653
0.208805686259081	0.242743153337632
0.0933384080418695	0.0844189884478223
-0.104240331897401	0.0935696047688627
-0.0497625878781749	0.0421306819428661
0.449178835256265	0.629639272009008
-0.117100455897282	0.118284691238412
-0.357305614264298	0.474762726836077
-0.7416460263498	0.749159632911593
-0.169462368845799	0.241041396356599
-0.465304600749136	0.939724183022224
-0.127487525152505	0.191275572286373
-0.3011490660932	0.493758560131268
-0.110777537947454	0.105680470380996
0.00306147784391283	0.00264803142155088
-0.127756997816272	0.114242740445031
0.10903069556479	0.123774547749163
0.483080590102718	1.08169618797844
-0.378322366972232	0.737890132593297
-0.428998470363814	1.00978464597204
-0.234663487395573	0.413105411389845
-1.06862460497785	2.93882339890379
-0.458098700955091	1.08439091582276
-0.15135037575759	0.247936959101249
-0.291386581580292	0.417594342727053
-0.16918589582716	0.277721883876676
-0.547796814701399	1.14352001496818
-0.208585107910293	0.307784665554454
-0.00297126165341736	0.00318980708234035
-0.410293239005372	0.742504453405816
-0.431240186123227	0.713477422882222
-0.0930829900395808	0.130816740633109
0.00833506860480973	0.0113715850246714
-0.348987950081613	0.643719193727533
-0.137761438305595	0.207161744839902
-0.214214477609224	0.355577747917602
-0.190939563950442	0.315163530708042
0.137247955785965	0.21062187693189
0.158352259212245	0.245952738952792
0.137985823667493	0.199436199545446
-0.315781375806301	0.486889406606527
0.10782099383684	0.141120940169099
-0.164948686328589	0.209975402685538
-0.195838090810322	0.288879933670779
0.0645949446627328	0.0785351420361659
-0.106140283044702	0.113306541185021
-0.0407631692041466	0.0393261114595876
0.363062663789488	0.598675178572734
0.0805587749753653	0.0842815012092285
0.701649466925864	1.35485186337098
-0.0478371441066759	0.051268332655904
-0.274381509922769	0.393442780835572
-0.456431973006311	0.966833716100169
-0.0654068984716384	0.0664267673268966
0.019191302334672	0.0171685710926716
0.484760309903037	0.793580360452137
-0.148991082696033	0.182212278693612
-0.301998977033725	0.523514214157022
-0.18007618218898	0.238246964016853
-0.211127030358122	0.301761103583999
-0.292852502365353	0.420299273772757
0.206311005388078	0.2021544623821
-0.29957131454085	0.41385681427486
-0.377673190879963	0.543017203178737
0.42310812047623	1.08374141101229
0.00386713654348951	0.00488122787568829
-0.0917016744367723	0.136622421302555
-0.454067360491505	0.94024080963409
0.0732981293238361	0.100881699264203
-0.267993339045872	0.560783136596549
-0.121352982898776	0.187237466084755
-0.207715987624454	0.316613810269578
0.184063795529563	0.315764705382791
-0.289759086814758	0.459536151569992
-0.0408934814064998	0.0498340447954639
-0.27780861240552	0.544275073017262
-0.6203790691369	1.23720923387771
-0.323903805499123	0.515518328215565
-0.15573521104482	0.213829218910617
-0.0642890341566878	0.084321970055729
0.0473332381713311	0.0548999433923639
-0.140538415165786	0.18589190008031
0.231944065756308	0.384166882172735
-0.0986451552026505	0.146899392035841
-0.350192878760001	0.576078052500022
-0.074087915226226	0.103631554470242
-0.18290490447829	0.277745870154506
-0.0561515659269895	0.0781458587605072
-0.0274409318840184	0.0368489149038193
-0.0456220622386265	0.0651817709894259
-0.356063017094876	0.793265468201367
0.525789776232791	1.31638684549239
0.37651160030217	0.852369703034928
-0.19065543986749	0.323372429373603
-0.218449574158465	0.343470193688348
0.131296404121472	0.160342524491228
-0.350313269738861	0.366695474162008
-0.0312720759333653	0.0266149426536477
0.0583351515269098	0.0575095715574659
0.307250232930061	0.272235530294745
-0.372173487096432	0.47331849874728
-0.23690823260746	0.289375333728991
-0.38511959927059	0.675636084041848
-0.143700873083758	0.160660615045542
-1.34521657426868	2.34708887354999
-0.0353752984181441	0.0278750608480633
0.148108295779979	0.120077648826712
-0.354266744339668	0.509154614693871
-0.000519621429016195	0.000531681124986446
-0.133210511992316	0.126831743251752
-0.105913989512185	0.113044799188253
-0.0824807236581439	0.0837065510154432
-0.149889253885258	0.226346351277856
-0.365462608489152	0.763207941471249
0.0840817830601387	0.13062018024475
-0.617535890970071	1.39661786642765
0.490757968353732	1.02964045098374
-0.101888709460067	0.156180017738226
-0.363677061918822	0.757839740940135
-0.333086512987806	0.513638087514934
-0.280946749641669	0.431846681088978
0.0684864269970742	0.0969369216596661
0.880554562279111	2.04510008477222
-0.333573547725942	0.581493515112355
-0.503164645733006	0.996570406656885
-0.31794892793234	0.582493523089728
-0.285731908664019	0.424489027923196
-0.312080276673611	0.557604723387455
-0.342537460982379	0.615165477710068
-0.151486924048875	0.193007357301465
-0.21498767756541	0.274120577682036
0.26364659991266	0.333541924876041
0.184883984320363	0.24938857596644
0.125300663032681	0.149605384715184
0.0583351515269098	0.0575095715574659
0.160126001016094	0.197256955038587
-0.00989845999805775	0.0101049979329415
-0.36940570417387	0.699992888387288
-0.255502654259506	0.365422524901734
-0.205913698025958	0.323102906112979
-0.128495719787076	0.169863407331344
-0.428708091146683	0.77671497074574
-0.247639193988117	0.424884937108962
-0.241671070305941	0.392444094133197
-0.407871369468948	0.797370499980493
0.0900861903894652	0.136734882693268
0.00255117952803403	0.00311964817020786
0.400929031775017	0.906467473375131
0.569200428747642	1.1831117763861
0.0378650569178662	0.0428364146983634
-0.297168306216126	0.457197375568607
-0.156465229001951	0.157068433485231
0.934135840689942	1.77955813256778
-0.223033897886677	0.247893551226544
0.0171009846666383	0.016247528619102
0.579080778620536	0.982156426590794
-0.290076375414439	0.337472093943261
-0.163014920747839	0.19077605207773
0.0201134053358807	0.024808272954419
-0.11208992551869	0.157988032076514
-0.138005966872638	0.175805815447679
-0.402299964009522	0.511281444921745
-0.254689387852744	0.268383175079511
-0.090646737991698	0.0866763202123302
-0.21733077062663	0.265641694779648
-0.0789831160153883	0.100301529641513
-0.939472361088051	2.36704129861294
-0.228733843890756	0.315853041819267
0.0235492054181065	0.0281081472663413
-0.425331479771089	0.681222144610604
-0.633426709958211	0.907623387362351
0.426394052164944	0.961266123513818
0.400727668066657	0.68030926849589
0.343074742432908	0.647826219462069
-0.56380563374223	0.99829967371872
0.213784013190912	0.329230802467652
-0.0303819173387851	0.0444400538625054
-0.526625364492288	1.3639096542323
-0.0361001301268849	0.0543261337969195
-0.388421807512502	0.795213099384789
-0.196555304710136	0.299461668886396
-0.0494915853767263	0.0602622657412919
0.434934546436585	0.770411308584215
0.370719217428734	0.697374417117032
-0.147934698141418	0.222860855044949
0.15658676721178	0.257392140806053
0.227382794424863	0.370031308747212
0.291356972415002	0.531512800362788
-0.518207370596148	0.972255975632018
0.718424552195939	1.90991391989148
0.0261992790655881	0.034058334604763
-0.171695869613436	0.275359922778061
-0.24242147715909	0.282935085446787
-0.333155763581065	0.675840822423174
-0.224717012709955	0.384370518815286
0.173259666276046	0.303580440784083
0.274098852266109	0.510912194157178
-0.325902670637161	0.61368552802754
0.375517238920688	0.759148936146658
-0.00589461263663925	0.0073967918120602
-0.353794947451549	0.703519166534562
-0.230106312089314	0.373457162468843
0.198257646830741	0.283794137593471
-0.280841985052093	0.342516967060901
-0.05832926120668	0.0561878615477474
-0.24975094694322	0.21894649779503
-0.669295233286032	0.63885428994661
0.0774233950732419	0.0674916954046278
-0.183596090029372	0.151193077110022
0.521773059782598	0.66946228645118
-0.591451784095743	0.746923713581135
-0.372228902047531	0.366447377730001
-0.876697136857695	0.984685950272059
-0.110310580143154	0.105169933175673
-0.487281505013141	0.700466079777999
0.12182454578716	0.13202739878421
-0.318776695962133	0.584657365619405
-0.0565558916684151	0.078758182857941
-0.217943080305142	0.266473500367624
-0.223186214855618	0.248085081244501
-0.518791722776337	0.744978646270457
-0.689788320935274	0.907974553529474
-0.790597790849486	0.89387874766782
-0.538536498864198	0.98130919497725
-0.198207291303847	0.242234425809315
-0.409959421995439	0.741734710089058
-0.0491838062027186	0.0622602163085963
-0.0180150650510205	0.0262486417213052
0.237497501899245	0.363575829392968
-0.0148613034803833	0.0174119064419285
-0.0685711156561244	0.0984816367379079
0.0409038729496965	0.0594685375597237
0.0653791844344371	0.0839527001000491
-0.264226264939251	0.478629914448777
-0.150491926411731	0.24622495859637
-0.309290817387128	0.52226891160044
0.213136961719905	0.289973815700094
-0.332920116063052	0.643465778173387
-0.0954371558373932	0.138029568323118
-0.0968973645092233	0.140415585485464
-0.235652128142351	0.348146991265341
0.289578538498382	0.520656684344215
-0.171407191402938	0.259804776400169
-0.101051076951908	0.128551838328652
0.258057190828665	0.38375468536571
-0.247331879348601	0.39126980649467
-0.121114486323975	0.148129397413882
-0.160081623323397	0.169958989143225
-0.145906572378776	0.170750641449348
-0.593377091465562	1.24368209454227
-0.240869401559191	0.402910903800724
-0.300465282947632	0.563837081526907
-0.354768414006663	0.671231718910614
0.0544939046596712	0.079871647914465
-0.193675553682947	0.30318385771919
-0.229670627416384	0.372541429606522
-0.0121157246356227	0.0157062180806046
0.203853581675238	0.328029001987744
-0.428997322418374	0.926705977169282
-0.31030729928118	0.52468718868759
-0.0950284197344903	0.116152083717639
0.133450067200381	0.189488386285915
0.398565176271775	0.490706842486301
-0.105038855278861	0.094337464217973
-0.228414634393675	0.241212468060302
-0.460437340196697	0.557839505824575
-0.180243957918465	0.180702240699327
-0.132840114625648	0.12644347894369
-0.0434614719650575	0.0393692364236685
0.148824501474059	0.140198090226722
-0.170221957771888	0.272451588836687
0.115953671115919	0.0858419471819873
-0.303026418838357	0.450384488755085
-0.742518519319918	0.43514903908993
-1.16286001134118	1.20739384197116
-0.59265398784786	0.64390916695666
-0.254064071770972	0.26754474875753
-0.062087899591352	0.081217770979436
0.0410555052817614	0.0537349569404704
-0.741729652801555	0.74937408551329
-0.14766552696723	0.112814047100568
-0.409772213582022	0.677408068027403
0.137996946404099	0.18631603052935
-0.181109274657814	0.290604262926248
0.77854145367975	1.75763692051597
-0.166831427640847	0.212794558181765
-0.0793973494508478	0.107906658461804
0.401136298421404	0.596357258194894
-0.110633748759758	0.123837581707522
-0.179626700924828	0.279568532796221
-0.169738149497038	0.249219413942289
0.371369471762401	0.708935767844229
0.218210607454125	0.303324337290736
0.167042576430728	0.210768271943442
0.000443794990737942	0.00044807854102606
-0.523024186100453	1.03629045344704
-0.36710918993802	0.507625459468262
-0.0881112285191933	0.103180285033458
0.589971276386882	1.13626502149477
-0.447777445023621	0.716918995513211
0.0859198344552831	0.111390801938996
0.532913803485407	1.0809284972926
-0.0942691578796906	0.124194698228167
-0.47426899966289	0.887109394965449
-0.218807718166951	0.344181932224911
-0.422754498832106	0.743624100907952
-0.233838272374602	0.357211632105769
-0.0879775048407907	0.103016579035193
0.400760982430377	0.703541105835511
-0.0357045742963059	0.0383050942846182
0.627307869816045	1.25897332752231
0.0220876375855288	0.0238439062118659
-0.0120003690213839	0.0134662140247078
0.027948019564874	0.0321964054496372
-0.311122142652389	0.446367782025616
0.439664207243054	0.726789635203107
0.147548608187674	0.156529012060287
0.147159917812626	0.172819548879288
-0.0121338840489219	0.0124056431091302
0.0592323523199273	0.0584330990051275
0.0240394466065147	0.0247656589241724
-0.47912478478337	0.794560064539447
-0.558406336000909	0.895108484546842
0.0907674466495057	0.0976629045024956
-0.132131861598637	0.154969143747425
-0.0516105752620842	0.0525558540026156
-0.157121357856156	0.223146211113093
-0.278875547270844	0.384802359902274
-0.284376608778043	0.464789710252103
-0.330000277640246	0.18942069044567
0.133652972745106	0.103745245312449
-0.0694694201335428	0.0779690885665695
-0.332097765942534	0.476958645884761
-0.18110816155251	0.171270293857863
-0.966894085559289	0.538667825117157
-0.866697472238689	0.812625347668096
-0.999582221912067	1.23532246968575
-0.440683337001987	0.583565907635698
-0.280765971780176	0.342426815346152
-0.0112011281695384	0.010846313544775
-0.127698459054207	0.191646021215603
0.121983657851816	0.13224535799983
-0.682911936231262	1.28831680199236
-0.728165622434428	1.04160653402985
-0.85083812883394	1.00993561380955
-0.430530217271199	0.447546749724372
0.0216177081813065	0.0257483070123124
-0.314541926383043	0.484448164187267
0.375127522926666	0.788490358756753
0.437921843757099	0.736683728158305
-0.116031903563507	0.153134484795602
0.245748801236168	0.39045038533124
-0.150947629364007	0.234563178567121
-0.493957468180755	1.05325332524824
-0.324466869588222	0.516756918218021
-0.164051618630859	0.200525079043034
-0.102979001353649	0.14503259333304
-0.142999071345703	0.195968195936611
0.266026287508432	0.41155560944754
0.135086190106666	0.216587884463012
0.0363849162753114	0.0468354868386519
-0.499697044954895	0.963164911798493
0.295542310854579	0.4615222453123
0.0174957085413322	0.0196568501561284
0.344706165554874	0.660724602124861
-0.155147724316525	0.21287220745996
-0.0604518082411525	0.0646905565829019
-0.0694694201335428	0.0779690885665695
-0.330805032576247	0.47447613971519
0.566422088362046	0.806933907494
-0.166692614302114	0.212593751185049
-0.0831926955324735	0.116611975839845
0.485709463753111	1.06021513117207
0.285439431290413	0.497867495555876
0.296436164655693	0.470584512878949
0.369716452634575	0.694830108809053
0.00977853178399911	0.0125855636508217
0.271577404800363	0.435379485989603
0.252378000070674	0.361348750524017
-0.014538039191875	0.0163481424995329
0.296311625916397	0.358846519118864
0.771382040740706	1.17672861677967
-0.479963363389864	0.662043823578769
-0.296643369760671	0.294557966849721
-0.46866004330463	0.456801315054818
-0.377208851628582	0.542236370029469
0.508556739324469	0.70236866232417
-0.218615789497226	0.254921885379317
-0.522595352922477	0.77998424467066
-0.378054143463739	0.643598731809471
-0.530783144867425	0.880057625377082
-0.523163639159153	1.03675289428434
-0.118264150239957	0.156446923815273
-0.301408627280488	0.114196567167764
-0.0861209122244248	0.0375432998359443
-0.242868728442826	0.283522421407957
-0.134006311195138	0.0833929609815537
1.01729903296296	0.895299882835484
0.0789500142539411	0.105528252522033
-0.0893115070330626	0.104729994045404
-0.254574282464049	0.268201112056291
0.845376520782495	0.517946155800233
-0.966801422188226	0.538589468369404
0.392940910234264	0.37738532817789
-0.274226713261724	0.256423591962266
-0.478921803902435	0.495724795697408
-0.071836942688628	0.0605665919485742
-0.125722661489595	0.140515466410992
-0.222201141186335	0.328354764987215
-0.561722504915174	0.96289654807183
-0.181236047879586	0.212064609689257
0.242076071029807	0.275568552047649
0.49494099775645	0.747590146626433
-0.697442103355683	0.877324159408238
-0.498527980492762	0.797553682902632
-0.382381979895793	0.507293893071379
-0.0428422231756033	0.0502066207009755
0.263758215227015	0.400786401903375
-0.0638038426136303	0.0888726771450469
-0.0134648484261586	0.0163538556981607
-0.415341385411935	0.771974176986289
0.0936479114401702	0.117336726582362
-0.0945901147891569	0.115533004737044
-0.220420683934044	0.336269246423132
-0.3773491410316	0.735361861980641
0.104214725475585	0.143288666436245
-0.138186135457592	0.213484063642825
0.0355774215805339	0.0419158201176086
0.0639189458590998	0.0776509725542408
0.309599382779366	0.536653925678446
0.270792688828005	0.496540528159294
0.0874856174894146	0.107363238772453
0.495396969802303	0.99543344845609
0.0976445375588825	0.115513918931504
-0.00172772486497101	0.00185759070255316
0.113753619131956	0.151908865363683
0.535996807706793	1.0715651668639
0.555803900647964	1.02949880099148
0.0357504866779846	0.0421201842693951
-0.782016888828353	1.95963785897326
0.327544205332627	0.507635567546852
-0.000620181425128724	0.000633839857814486
-0.0414802122428675	0.0505826792998824
-0.280754619348282	0.431534592702978
0.0357374775285632	0.0459657305003065
-0.0424298566037444	0.0517901854745153
-0.497574954271068	0.956884375263139
-0.160725228181612	0.243239915892638
-0.280922262159724	0.4730081024254
0.15440360890687	0.221126593056985
0.0430451007209192	0.0518353466942187
0.333607520093743	0.564310918838322
-0.11245697683703	0.15858421570036
-0.419671687792384	0.800942167317477
-0.274468285920452	0.473864706164764
0.199888141420169	0.286634725579412
-0.1811011304053	0.181714160477089
-0.0370179533067154	0.0377321548104611
0.528893344892366	0.889871366376313
-0.0152977596315686	0.0121302591915936
-0.206275686443343	0.206511039068333
-0.0998550200379684	0.101154690974198
-0.295305328588106	0.376259378160529
-0.180490905869469	0.211051900841833
-0.111100534791078	0.124423071503092
-0.247931364273269	0.37919618197584
0.369578841604863	0.694333227566237
-0.222062085514768	0.328079444149702
-0.109596024696418	0.149721504473615
-0.0778724804235933	0.0987795089879668
-0.0778977185558783	0.105673391839205
-0.485750909173694	0.531338219113777
-0.186405306554122	0.113556644367664
0.166547609826119	0.0794637199099083
-0.329842810698226	0.189306253830455
0.197468893358201	0.10395114154207
-0.0824074887022728	0.0836351409516169
-1.14612210424276	0.87745345592495
0.390536341692347	0.346509131644196
-0.279480840449124	0.428965370797895
-0.261963328209376	0.415216922606173
-0.84252999920898	1.20141156526241
1.17176810475208	1.27206392049886
1.17135033893311	1.2709577597251
0.0728918272080782	0.0486209541324553
-0.381487168683779	0.505737801919481
-0.441645593815405	0.585310839104359
-0.632206834555902	0.942414521284812
0.240597509933075	0.323394137661052
0.799991303810743	1.89258907487387
-0.159768148852138	0.169577037911962
0.209350682727737	0.279028799068061
-0.233484915960994	0.297707394086112
0.0153874374490137	0.0146107375302326
-0.467684990474292	0.723395182537727
-0.0562703522879126	0.0710956403931642
0.12558061745572	0.149969769417451
0.203602878540361	0.38164238879714
-0.509058923840744	0.872843959842598
-0.155115941424462	0.212819648794867
0.101853310572441	0.153474499234602
0.1050493168375	0.151841795884175
0.426123204747712	1.02160593505641
0.686136312758807	1.94309511485626
-0.0354943675330288	0.0477685881485234
-0.28335061378674	0.503225404217383
0.181340692315794	0.26678696399313
-0.00334848643040294	0.00391676909307096
0.269599195379421	0.493780177519533
0.339729858242836	0.777923772410355
-0.127128212528544	0.167788752735055
0.0504075894032451	0.0620145471572209
-0.64826963957925	1.2568911961204
-0.195972332875248	0.279478577250942
0.399479600507801	0.846345429379922
-0.0952752093904238	0.137776231544225
0.292227123026108	0.533747281456133
-0.55968132063441	0.89820482290536
-0.238923167320552	0.354280510589842
-0.0508500932592812	0.0517504695988434
-0.0816615832098018	0.0828230764337349
-0.0290270644640533	0.0264261512226349
-0.169740337404015	0.241505677575609
0.195439953476524	0.327707339494039
-0.190598359804078	0.331783115046598
-0.170671225349569	0.265910101583903
0.16697011009882	0.268155962918358
0.217514920986988	0.33642117028211
0.0112111355604299	0.0139938196607866
-0.194695785568957	0.286783128763475
0.321406034739137	0.611145110672452
-0.382387814358344	0.763608455498941
-0.574205279290659	1.29324055364498
0.0238266691643538	0.0284468382362632
-0.182005270037883	0.172237290173992
-1.00186181503698	1.53773437855398
-0.590003884790038	0.810940919272537
-0.69795722074059	0.878423488382467
-0.790754624690584	1.49125596739831
-0.432250042357639	0.54815880357034
-0.148540082882054	0.223974721502606
-0.325008960390646	0.641795227002395
-0.0263067522510488	0.0352732669426497
-0.182762265384389	0.269067997179489
-0.180572549631554	0.297571232612879
-0.143761325235001	0.100011275402628
-0.391155995835319	0.183090517671063
-0.840085661617606	0.614272623579038
0.0401804901889124	0.0455766896311934
-1.31162314598151	1.50679235817026
0.384644440662119	0.282888849425837
0.0732539103029455	0.0804523102209293
-0.158153739975276	0.224868099345132
-0.312560846432071	0.290907996092871
0.391270287304609	0.156798957460016
-0.389410408622269	0.182175774427376
-1.01869413767336	1.38195081639649
0.0584839445159548	0.057663322322723
0.454099648636877	0.592667848640375
0.258577452480589	0.318943022340701
-0.373357755245736	0.576847449924596
-0.135390348554135	0.197543255956425
0.261953600093143	0.397326538827172
-0.00555544207050131	0.006499844730669
-0.0437033057832597	0.0512511722402194
-0.316622969529832	0.367543439026299
-0.0501767387879552	0.0424920955319094
-0.262975461999078	0.261783565270689
-0.887778119279916	1.31582521257617
-0.260594481376589	0.359544612462275
-0.0325960252846893	0.0451023809535263
-0.159753101068342	0.255089340218487
0.161520199119945	0.302604467861318
-0.816949192907627	2.18242398932678
0.484788252654658	1.04156215976477
0.0402585353721494	0.0584778306136185
0.040114183037846	0.0582553227049997
-0.326602108010184	0.584857892507089
0.507528701420188	1.18945039717224
-0.150964161644393	0.234593022827775
0.187326024987913	0.281246374773132
-0.227458162350696	0.379194873662383
-0.270222816059648	0.516014729715397
-0.135979581156179	0.198501003948958
0.338887107147963	0.593759795022174
-0.225608528776429	0.322702766956376
0.456307932810195	0.973500898483165
-0.0559061553189624	0.0626813997443387
-0.181965344152647	0.250281977906059
0.229930965710852	0.294857592507555
-0.429125985499224	0.77782375889004
-0.130423768955101	0.201597642290168
-0.529002333586607	1.10475963241694
0.241353664921123	0.376260067593329
-0.146684788541299	0.214574771927051
0.309880497413699	0.53738783881883
0.0736989933326093	0.0917393758097294
-0.128967886035732	0.198955559771888
-0.346362464141013	0.670611388400448
-0.322835437935959	0.714717027936856
-0.453153149078207	0.749644664537612
-0.0466859102478865	0.0668084031993303
-0.268257065868255	0.525106484865872
-0.181540252683881	0.275184100058914
-0.108890409172662	0.162787686971439
-0.098937674215844	0.1474193486879
0.00376995808185217	0.00505151077599218
-0.351713062813461	0.732403895456189
-0.274334147143963	0.47354955609935
0.0867843328849034	0.112616595283103
0.360577369597523	0.552667010987156
-0.555489174492607	0.828336299439699
0.36178159565394	0.555067002238466
-0.46866004330463	0.456801315054818
0.079019515454654	0.068977763409564
0.166220684678457	0.24755088195032
-0.0941055658474157	0.123942616718584
0.144061723877142	0.184007479384088
-0.0345921304510988	0.0370723672159473
-0.382534035933882	0.763994223152064
0.502304730553712	1.2196405216941
-0.0776814885694379	0.11187894134847
-0.280906008955102	0.537001571753681
-0.690685349171871	0.909771861165027
-0.593377899869592	0.495303063813253
0.035100593815512	0.0325007317161377
0.386571783676449	0.313928758192594
0.0713142883645247	0.0475441399811326
-0.205748732616247	0.205888740839828
-0.0899178693867801	0.0960692082552253
-0.697748781440568	0.878086201062725
-0.0629302001923287	0.0348252092274192
1.33561115904136	0.960980653539792
-0.875420958806712	0.982357606760699
0.159222140511921	0.155042859225048
-0.493542695744991	0.568919806301864
0.447163236064747	0.655744642713982
0.226658491655458	0.284411746378925
0.302972843043064	0.59557917720052
-0.247202809459574	0.328065540744107
0.441990180720907	0.703593381768324
0.439109180755549	0.725479733284637
0.537563748950554	0.635647730887962
-0.417043062913415	0.408444196375037
0.168152562930324	0.117892543916478
-0.132295601188015	0.210272942201334
-0.326541617059431	0.76659207042344
0.251451772236105	0.606659018605307
-0.0464658460881748	0.0664761806355883
0.0443515007452404	0.0582953207762886
-0.013585547670331	0.018190099556186
-0.437027893476129	0.902778298673986
0.272753930820926	0.437757767495388
-0.386987732897395	0.577492172358203
-0.195101677875885	0.25819650355826
0.313069975669877	0.560050486840019
0.369786992235297	0.694990652323172
-0.0506368665067176	0.0682839327858567
0.170804018138379	0.278743470868107
0.121994767223641	0.177581763209609
0.299613598878339	0.484698330533949
-0.0148756284942518	0.0167227963156089
-0.210467123651912	0.289746197616879
-0.0659065116682411	0.0773244523435945
-0.326470043387708	0.615150598460536
0.4613409697307	0.903947314544245
0.232507203779432	0.343536985128255
0.138155922811325	0.172666552755685
0.368113453707379	0.660952702048477
-0.715114229183671	1.66891090207904
0.0256304444542825	0.0332955127690911
0.0441660284333767	0.0625904334662774
0.506012272594106	1.43920101385826
0.328233380389588	0.669219310095171
-0.161362675154125	0.271869263808377
-0.547216882891901	1.08763162136594
-0.333012727450221	0.547250146474326
-0.252673392884025	0.374556054401406
0.0305428220915543	0.0372193606392907
-0.171416420152577	0.259788280757225
-0.196137679077158	0.269988546902968
0.128226748694922	0.190287682343171
-0.21029395594176	0.300389139304886
-0.0676829642578777	0.0915314253099367
-0.0016274183288583	0.00175020690385959
0.238398015150509	0.365312708051043
0.0866498139681084	0.106234259007764
-0.241227223155218	0.28126383436916
-0.0023266311574876	0.00237343036353287
-0.0771619219918634	0.0905139126139053
0.0307891999622641	0.0375312510046493
-0.260684213844659	0.35971209753205
-0.651609365218452	1.22840198442003
-0.01357347435253	0.0138876163068001
-0.0339907144523397	0.036403222962819
-0.280070326149956	0.47123278310117
-0.022209746487478	0.0270035457127749
-0.237961696913193	0.408637507701707
-1.69605596440211	0.705365189429008
-0.727340188661447	0.781163621524378
-1.85262178879412	1.79056937143316
0.796470069456608	0.862938053478475
-0.499595492422316	0.604215601708596
-0.0509167755428442	0.0431388759324621
-0.134485905648513	0.0837165305806647
3.92199235159964	1.44989944320004
0.00657339541385382	0.00211145699724071
-0.435989006505532	0.240746920738287
0.129948950282375	0.0555267392668019
-0.717137733813721	0.481323111636119
-0.486469519868097	0.344790116942594
0.027843471239362	0.0215730763089692
0.0338633054637056	0.0398253724621956
0.0733877932911001	0.0913324375036261
0.117218006779387	0.136498051708981
-0.0626725990284122	0.0346796738898543
0.788767105759596	0.700957533997231
-0.592068193982618	0.454023887174225
-0.436359167736661	0.24098714637522
-0.47361897908139	0.115707480624982
-0.388522511199069	0.405437777288876
-0.220481011263541	0.257578420534042
-0.0453414356512262	0.0509297011080612
-0.0779520191244777	0.125061392878971
0.42172448016659	1.11382281845269
-0.201081629723093	0.332241979630407
0.0915318012924561	0.127165050470669
0.192442176041039	0.239395010145359
-0.0754354459073728	0.105685449444133
-0.449011100517259	0.906542229772452
-0.0137176666298347	0.0108770455447904
-0.87621820653779	0.983815738972075
-0.013680865942694	0.0116889579853701
-0.0529848629100993	0.0620634023707149
-0.263355650166883	0.262223698888708
0.229421410813427	0.24674332701323
-0.0773929596192127	0.0981106886136767
0.186538152531148	0.27978717228854
-0.106622849138488	0.158878185327106
-0.33251620539476	0.441940664901444
-0.305386339063175	0.37213006858266
-0.0550708364305411	0.0529140264627486
-0.712814543965687	1.10134483935251
-0.317474471301877	0.368974731720215
0.342782319354902	0.407710494583778
-0.425796272088421	0.61065247854618
0.0786879590653675	0.0883699793718808
-0.379975970186673	0.606321748211699
-0.0958994551798331	0.11732086979839
0.196703123059788	0.381149047781905
-0.0168712805312926	0.0245443946358126
-0.255657109193438	0.544387366553903
-0.00448977534733735	0.0052503818162886
-0.550979447590913	0.758951631334178
-0.228340051461125	0.241028780296122
0.0825743138848849	0.0930769424669234
-0.51086781469507	0.676008085865577
-0.295380986379295	0.376398680303688
-0.423534930012865	0.677191204112937
-0.652050263971506	1.23021776619671
-0.594592530134685	1.37102008571798
0.259849710136486	0.558050504664467
0.165182884221941	0.280480456517567
0.287082108525504	0.582501294787123
-0.350972177753149	0.764681666466956
0.0346674545392524	0.0509189904461455
-0.113115980130893	0.174321534631306
-0.523741322963307	1.27778392762428
-0.0212741915746591	0.0267720084715213
-0.313276011245612	0.481847702407521
-0.263265945904934	0.306080305431062
-0.380750921473258	0.705328754493546
-0.331019702344836	0.402757238699562
-0.155698835706856	0.147691492549199
-0.154449385279137	0.13761298156697
-0.759311860663542	0.718847465160119
-0.329842810698226	0.189306253830455
-0.904467086771171	0.785251882806356
-0.138740395985668	0.039591027620515
-0.13893734325624	0.0396671757223606
0.00633945431459683	0.00203784566389168
0.826655011074647	0.864756529429915
-0.526439196579555	0.181637496851545
-0.592350013488996	0.454283781079798
0.264101312922227	0.334246429134004
-0.160645641838129	0.179228616874126
-0.363623824296133	0.289359675440868
-3.51218000119018	1.03589288923507
-0.4737470176026	0.115740974734865
-2.15451821389688	0.46533654820635
0.250611807681636	0.165337932896455
1.19822070419558	0.929928841072961
-0.966198513599258	0.538168127121678
-0.781954155929857	0.688988893174174
-0.163859516815608	0.200240586593331
-0.115675598132473	0.168261198545536
-0.421573311206865	0.740503584280605
0.115751919998456	0.0856856789584318
-0.835507667993835	0.837650641397799
0.166212843098082	0.079304190723737
0.594714610145977	0.347625297173765
0.595101494083787	0.347857553765364
-1.28177845779531	0.865724761748823
-0.0855396698386269	0.0664799784469419
-0.187697190794558	0.12897809695919
0.289110831486381	0.426879876286251
-0.0137224663803994	0.0147468910213264
-0.170796752983959	0.29574856596614
-0.0463428577959561	0.0801768544050566
0.0360279628175227	0.0628214724779111
0.238493324037442	0.449435004898089
-0.616674581528269	1.39362159527496
-0.377288411770472	0.542388450754255
-0.254892396768167	0.462187895476819
0.0922943692505754	0.122085150971664
-0.0256595533007201	0.0248049218634102
0.552155332286492	0.61450607520275
0.0797033874097883	0.0695898908160365
0.729166048825684	1.48754236726401
-0.391578668807088	0.540902571283603
-0.246479399942614	0.273369188999404
-0.158743195826581	0.239668124958641
-0.183416889216207	0.278632622630868
0.486655761859722	1.04799181564806
-0.14356830525002	0.160436536853405
-0.132041668511341	0.125587462237296
0.506646112466594	0.716549382450861
-0.26431351756032	0.307735734154478
0.619332315763525	1.09681462848252
0.633527533846072	1.25224927934243
-0.237121759027037	0.289648955893643
0.0623311676431146	0.0665849786915212
-0.385288330116676	0.676036294375407
-0.592651849178736	1.24084085048611
-0.181237852873612	0.315021065502792
-0.282379633732393	0.678858781172373
0.187168192631801	0.368995097345934
-0.299624782397389	0.561820755632871
-0.0986605663674085	0.0998471526203329
-0.0980635480477918	0.0991811375570315
-0.27277669686029	0.34755995083053
-0.52562228480317	0.813823446962781
0.00181238930686	0.0016696855804488
-0.344179219031781	0.437911879300379
0.235559188451124	0.309433772338351
-0.111051465273775	0.105963263029755
0.283891254354717	0.316815981695239
-0.351292041528633	0.541560497080768
-0.0641277460869338	0.0751254535155609
0.484037426590117	1.06993385813829
0.0846853534635838	0.130291945187357
0.262270903557856	0.570509888234541
-0.286832899289833	0.601965116500223
-0.138321712060958	0.243388160930981
-0.0702009480937002	0.101020638711366
-0.205758670431688	0.322746612724044
-0.00559224336089845	0.0074664888356737
-0.330944750988149	0.439264161265316
-0.862075298535036	1.17856210346438
-0.520527802747776	0.47168884448775
-1.16378820316975	1.20887328165426
-1.15598127174198	1.04951835791762
-1.31306748260344	1.5087590454905
-0.83331013594503	0.33621391949861
1.22322366076359	0.363853164293558
2.06799380634441	1.39607624942565
-0.947207410673834	0.941218767497364
-4.45541451710521	1.83914456966959
0.386402225675076	0.313753280983813
-0.316577717615438	0.367650003646444
-0.460166649940121	0.557529330948165
-0.333410975027359	0.288195912287778
-1.00215966499849	0.304734599194237
0.921697424577091	0.33529426636157
-0.272673798441114	0.134647807833755
0.12690799310166	0.079296975255135
0.0330710885488725	0.0164483919594172
-0.272286977451465	0.134437949441247
0.698072322757489	0.534222620986118
0.183104581960959	0.246474016775791
-0.753148893620477	1.88142453130714
-0.441901434496744	0.683550930989222
-0.104159547177559	0.0732824544978151
0.261552753048673	0.182792915579419
-0.272235731413024	0.134419762727605
0.692872391964151	0.332670774022736
0.384074631825796	0.232296236286305
-1.13298049084394	0.697866737426868
-0.239981880194303	0.162624868443072
-0.180406165458046	0.191045287870566
-0.260544366867788	0.359460362670666
-0.317850303530474	0.404213978741254
0.0697382687884373	0.0708470375991168
0.235592504646152	0.208133323966587
-0.210847601811505	0.198944565444918
-0.698056118441387	0.87845072522111
-0.213831634104246	0.188536891350891
0.186134624926204	0.225960498633712
-0.365785800257997	0.677009633106815
0.206603823334864	0.392749058005953
-0.00572474135681723	0.00764468943741898
-0.229390414158179	0.371991561692176
-0.558843322304217	1.39849155205759
0.400497240218631	0.619651347203824
-0.303710876037705	0.527521109730027
0.365390286127697	0.614143932986776
0.168831981732909	0.169709845755186
0.561278379441275	0.604579908512843
-0.042272661924393	0.0303892323733286
-0.332187003373869	0.477101317586881
0.451337346991088	0.61850520187267
-0.423504770786382	0.513668097688343
-0.0324445656889364	0.0395466434270866
0.208550548683331	0.341679573793355
-0.156674816537239	0.222392981076449
0.140132479203146	0.160488213509431
-0.591656740394963	0.814688778425596
0.25519204087823	0.307174911036013
0.00284648133033829	0.00246368372059227
-0.836738113958334	1.38537767888543
-0.140156409723876	0.14901886557059
-0.383128143053699	0.508640452019593
-0.331677522506989	0.403790343210813
0.301556904199404	0.488806431935111
-0.104793342886439	0.138152988361126
-0.690824542890049	1.85992975695611
-0.0588185333066574	0.0868039479917552
0.261891357458804	0.511763029903055
-0.236966809339612	0.350712861963539
-0.216054508187386	0.263741264212746
-0.0507698209106328	0.0516650138113244
-0.201039906343319	0.223769542017242
-0.400221040275189	0.507680141166313
-0.627675335537251	0.969762040858283
-0.1798257052576	0.210113720980371
0.195965040978211	0.185410532519242
-0.460675634680619	0.686387672334702
0.104290009674838	0.126187603855857
-0.050236428801384	0.0510897391833933
0.244765633550661	0.388390596985592
-0.0316493577461092	0.0463795550470709
-0.17111714185539	0.281669430925471
-0.433815404036639	0.893161232317566
0.539363469391342	1.06271734494554
-0.253600594887132	0.459153976254704
-0.155286663819284	0.213103232182415
-0.0731784332336113	0.102228935696371
-0.0996776468529292	0.136033310846456
-0.544848448587505	0.658527663697724
-0.743971048777164	0.436537686051128
-0.593740163042471	0.495706975391969
-0.499968723663052	0.801533185429617
-0.29935595778021	0.199206631293255
-0.669357005770676	0.638887889610592
0.0206600223662098	0.022278546570766
-0.289419389249282	0.458669734279176
-0.781926892782276	1.11671904655671
-0.0187191526480589	0.00859422588068306
-0.183030544891419	0.0944360307961441
-1.31163540689906	1.50676487599733
0.12212042937563	0.132358580684524
0.398158791846997	0.490063314523997
-0.344329056932755	0.43808589138814
0.220459844394133	0.269752144979121
-0.112442428476436	0.143071915980743
0.193201954981571	0.240481932155329
0.320911518554641	0.468507136649898
0.236073117951846	0.310285354191804
-0.181110322817634	0.230835426164096
-0.0160349748882173	0.01163858223544
-0.651039775200415	0.743879123159152
-0.114420134854821	0.0881915749749729
-0.349086417939506	0.364956429293175
-0.441494798900453	0.682769254445764
-0.138310371976628	0.176225042498307
-0.0603300813953963	0.0735536490791164
0.102811337510196	0.105203962915826
-0.0885433440824495	0.103712491517446
-0.227127301662321	0.313250883239269
0.208277530236125	0.310255382762598
0.0249937709392895	0.0334949396287007
0.126670378025998	0.207680720867899
0.30077850531023	0.487188789725498
0.110484488160681	0.144985805756362
-0.325563441699921	0.612770759079881
0.0580012801872367	0.0792774210477724
0.101478767709148	0.1740468241758
-0.130885385359908	0.17912414994536
0.091020003730801	0.138325042759175
0.13837258607583	0.212686466777079
0.0342417659533981	0.0488579182791564
0.120976334310732	0.184424435878124
0.310514372724747	0.5464600510447
0.25689853035177	0.487801814692784
-0.111344276561726	0.185270346179265
0.0930468153897273	0.129542607755777
-0.182192788513237	0.30085601203289
-0.473686662720837	1.12454366309438
-0.0456944765757183	0.0724607250484497
-0.0587475733030742	0.0793072808527872
-0.0673054628926655	0.0852432334438722
0.691412283604605	1.9388188910512
-0.207850884641449	0.381459030927764
-0.13919201099607	0.215374005211302
0.0653736048796222	0.0839450120056583
-0.100909702433884	0.14173953027271
-0.549008723047926	1.12054352340589
0.40150509129248	0.863742026815317
-0.680272195988933	1.32201036525763
-0.355814096216026	0.472221722616882
0.125490075138117	0.162437958631165
0.205918941635006	0.361825139669168
-0.0243841055861984	0.0356100306795408
-0.18074262220132	0.337424848737504
-0.190201142086802	0.339547312191769
-0.470302673123627	1.09185806402571
-0.238362041828658	0.452395452389256
-0.351420740368046	0.765765141292152
-0.122077391492466	0.19328381393543
0.00320164954633961	0.00416560397728604
-0.219987455141834	0.491472550574263
0.178794236970221	0.301344515172842
0.00943142552567461	0.0099019556659731
0.651288724858607	1.07125250465126
0.0531054809985237	0.0477470786765134
0.123471591663962	0.108230214616404
-0.0108545213460333	0.00990068459796527
-0.640695100656008	0.80717425656343
-0.534647629102878	0.916902876759966
-0.689605849740809	1.22196824931818
-0.626642996407044	1.00475076316413
-1.39042766748209	0.50168817857271
0.394149464700728	0.135422743432737
0.549736722294345	0.376466152873021
0.0715097888637787	0.0476770949506287
0.149722074176757	0.0993972726036244
-0.455803115598809	0.415423961967726
1.00372984245399	1.36308842808917
-0.494431021844968	0.764347189418465
-0.254007029098929	0.377051475561478
-0.0226008290097436	0.0264573425126721
-0.187076302553889	0.128509324384666
0.385130800165651	0.250918749491884
-0.966639112746351	0.538315294228818
-0.904650983770172	0.785383076934782
-0.247879026800279	0.275271735660753
-0.342542119014088	0.473303982676719
-0.262919893802233	0.261689135143155
0.206696216618803	0.202574378616637
0.618808324465767	0.928952324759424
0.151622708363703	0.198086118219836
-0.348356414404683	0.675918479315384
0.287587486490851	0.583934519341032
0.221134894550413	0.41818361120755
0.186904866427628	0.347223990604583
-0.0995092409728398	0.148388037914459
-0.271356627492367	0.443494755006961
0.366690597241259	0.647440771683008
-0.40806607587015	0.918309490416128
-0.0833889677341431	0.116900374478067
0.243953834782424	0.334780178793587
-0.0457586703522108	0.0415250412368826
-0.272470907982599	0.347067126504126
-0.00611994067430111	0.00768109579503218
-0.0369226718490293	0.0376292525943466
0.0146029377844678	0.017032920736303
-0.0972543662328034	0.132327713818055
0.144718317389043	0.213406999962016
-0.0645961936488759	0.0757159442046533
-0.308913212164466	0.441964618064544
0.140002727050779	0.16029188834202
0.0353521875272822	0.0374465575648596
-0.108645171952267	0.132987936679269
-0.169883075605702	0.249469255390025
-0.247039192645469	0.423609043501525
-0.189488755108647	0.337939038794621
-0.253309051129663	0.375774967492633
-0.222618187208935	0.329145838239933
-0.332008626199941	0.476797779434999
-0.0978336663168719	0.13319724045707
-0.416901572163325	0.711609404872957
-0.446360922268033	0.898082867002193
-0.108076475175091	0.132219121503301
-0.356938708362027	0.641347382395999
-0.449163166102546	0.815230470085335
-0.181517430678572	0.240584452569881
-0.118381435595123	0.156622493526481
0.092620879000991	0.135001409936358
-0.317312436587493	0.610029951539837
-0.0865841702576215	0.125015280107952
-0.108170115754169	0.147504178208727
0.093414585746489	0.117012721992792
0.145150068994011	0.200245148091503
0.118867239128463	0.150551420970149
0.132111138437928	0.174739744526502
-0.35032726461927	0.576397636202859
-0.0459761164778891	0.0491738214938396
-0.278112596322715	0.426067048531694
-0.165913473505863	0.219443488092239
-0.47361897908139	0.115707480624982
0.1295077057463	0.0553313199790403
-0.966986832126272	0.538545792355115
0.39118794885257	0.361298888594308
-0.69027037779683	0.568983405851544
-0.999018761366691	1.23406080360334
-0.127958902491353	0.114434397902892
-0.30010563768692	0.414801358540064
-0.203006265920281	0.21462730915954
0.0277443001490013	0.0214955446455591
-0.591546465208305	0.453382282537329
-0.591729350325486	0.453724018395289
-0.501633816555258	0.829418057886486
-0.683974831572218	0.94013424526923
0.327053097807753	0.335583618065305
-0.546691256657962	0.691659452145568
-0.150718199954793	0.191831141674687
0.592049934573218	1.14244037511232
0.182495564558514	0.268815038593587
-0.340052095750379	0.608908658560546
-0.145977960644381	0.213327659823661
-0.360432802474915	0.820073642453133
-0.043280451288756	0.0583320047530661
-0.434066828377435	0.809013043988822
-0.161299737269786	0.251169275729637
0.377276374399926	0.814958665763468
0.139262907232571	0.174215501860893
0.0907636951332977	0.0899943026238692
-0.194496206565211	0.267167759208801
0.186971595925182	0.280578563086778
-0.0232416566664878	0.0272267243529901
-0.447033689085049	0.989259511007087
0.0810097219803665	0.113844664388743
-0.525159635803098	0.812769620699178
0.0289116714945325	0.0283265474436944
-0.244008321196615	0.336767920889262
0.0377989880555101	0.0427643468038539
-0.564243568760215	1.0289455225437
-0.109079233618731	0.133555643439008
-0.69003336757408	1.56822098409128
-0.260179882483047	0.531232652979191
-0.0646611357049803	0.0757904332242977
-0.660665076661625	1.56878075587309
-0.280893582731476	0.431796054857984
-0.0405692561538553	0.0513176225559775
-0.571117372560185	1.22489176800281
-0.639431189955789	1.44658597297942
-0.169994342976128	0.241941438023068
-0.0053145586715344	0.00709169359377527
0.0142398294180482	0.0166037165676947
0.342831180550568	0.638561383244651
0.0305745999510368	0.0372599769672018
0.374966684307822	0.758123300394221
0.261953600093143	0.397326538827172
-0.133697633443315	0.189176859693103
0.112580264009287	0.158265070226676
-0.444500546273764	0.783855731795056
-0.263580757867931	0.403991009596668
0.137670232977432	0.141693343583896
0.0374960112533285	0.0397799427275464
-0.364433166633356	0.543494549458707
-0.087405170881107	0.118760900619934
-0.593974263750934	1.08618176177847
-0.592758986098589	0.532487043749705
-0.525993123843889	0.181359528182694
-1.66845360983331	1.05976867940151
-0.947003742636558	0.940862800579063
-0.22086167771477	0.180510929832556
0.283387999048703	0.219694693457117
-0.593023339816096	0.57044759528602
0.252970921052286	0.240966255534154
-0.676520197442483	1.35146661096891
-0.249510592908837	0.147944882664664
-0.404408831555197	0.291834750994
-0.705610100734449	1.13019535155525
-0.705113712355377	0.844484732846641
-0.3498329255094	0.366097771560211
-0.12188978131602	0.101643376345361
-0.246986081930407	0.327745096688113
0.0125995150872529	0.0152188661776189
-0.00583302074697565	0.00682527472465918
0.114321449188633	0.188367764228694
-0.0287499701868137	0.0463473802017259
0.113352785979305	0.177075845383462
-0.196339644037932	0.289762349773083
0.183809667391912	0.247653596593657
0.151254466034649	0.244227197375947
-0.181569991404759	0.231522780301819
0.0128559308545082	0.0128753404506209
0.0607809328188614	0.0648211906018781
-0.0232730690329813	0.02496916883064
0.0426817061603116	0.0513775887292761
-0.0730066030071633	0.095818954638853
-0.377062967819287	0.541970738726748
-0.418186769871573	0.64708199553432
-0.260544366867788	0.359460362670666
0.000836972150464159	0.000814528140684308
-0.342688217216538	0.473555859458092
-0.253273045423269	0.375688476506133
-0.280765971780176	0.342426815346152
-0.263890115656338	0.404593245043929
-0.121623552644495	0.129451664486638
0.247705155409972	0.399939465433408
0.00805755769562628	0.00883316611396336
0.20330359448625	0.264805591940803
-0.105434162443078	0.139119159535622
-0.384540671528257	0.572654504760403
0.0121027631182806	0.0146130113328911
0.270475595225241	0.551843958907507
0.0324031174630024	0.0429120385325364
-0.213266878894169	0.363901157090377
-0.0968484788203883	0.140337729727805
0.479690854295581	1.11500853044178
-0.161380799321234	0.251332986033767
-0.143553687923257	0.23509310404802
-0.298988748445416	0.533355676078169
-0.534632667871338	1.17294003254622
0.0472675803690121	0.0548197539997848
-0.011345325944538	0.0109805501383962
-0.376291561618884	0.639383846704996
0.164406099062433	0.184569206915623
0.58650404964098	1.31429203678896
0.0350930101043204	0.041327011211452
-0.0141353614076205	0.0165520019006662
-0.372251302386268	0.574634035369059
-0.0370381387691641	0.039774777045968
-0.834101218840082	0.336744813199495
-0.085829740750209	0.0374157515734089
0.166501507543095	0.0794584624384524
0.492310337106071	0.437074394289598
-0.781273638069005	0.688631655693796
-0.531912029425445	0.548024706570428
-0.939752527414338	1.10832487097797
-0.182378657393754	0.0940843966352096
-0.249510592908837	0.147944882664664
-1.23755487039941	2.60309268082563
-0.306300017338196	0.486531091070252
-0.449123104754026	1.10472365623272
0.0864348023131592	0.134737888122411
-0.147972007578012	0.216778842970634
-0.0448020605129009	0.0502932013359923
-0.515211819690609	0.938773096391146
0.0133988637873541	0.0161961957389672
-0.196453407859001	0.280370002137156
-0.158358664759467	0.16782477766145
0.205512304971029	0.201209840436519
-0.774991768271035	1.98116497463882
-0.531087044025409	0.880774600904962
-0.280989816553785	0.342770107426908
-0.291207348812687	0.417185486025037
0.0919425195377963	0.0831175027897814
-0.362301918612659	0.578818363891227
-0.0554938925693467	0.0533521103749305
0.0322779692430959	0.0298394564377431
-0.32006467916517	0.442058777012476
0.2860258350838	0.413843176744996
-0.131983565235045	0.186305576288712
-0.112608519127046	0.173447037109068
0.448951262052971	1.07090889567544
0.251099827941005	0.457341246095467
0.140275070296868	0.241322635318566
-0.088547620631033	0.120491128527766
-0.244114458874215	0.473820442655301
0.0853476224302825	0.121922782691572
-0.280550251464338	0.575407536672044
-0.0703591619053626	0.101299903836466
-0.13877110287235	0.214603559294195
-0.169879291673288	0.241731805253834
-0.285609040655594	0.378831366045455
0.0795707045736564	0.0831579849245395
-0.135132652444301	0.135942892933837
0.066723185606115	0.0620554761631051
-0.222201141186335	0.328354764987215
0.0727994783972631	0.0905506351467066
0.43011345966084	0.861617329548646
-0.342750332400419	0.615665326960828
-0.149171294402772	0.182461639609784
-0.298260212243004	0.41152213210151
-0.12088037599586	0.128570930447157
-0.0559374689482832	0.0538006341006595
-0.502593858939122	0.391368853820251
-1.0894376921619	0.503213801499961
0.78014973845987	0.33104046106917
0.0837724852204606	0.0315138877810219
1.32881949848386	0.774654663801931
-0.330216847495123	0.189563353167821
-0.402603955097028	0.370107429970269
-0.436151242799794	0.24082752371999
-0.0676259249003685	0.105524237120495
-0.00169338455915955	0.00182085687329415
-0.257915781687374	0.369795883625057
0.288863710341269	0.331720774295457
0.155100006992942	0.237124249983143
0.333192918970335	0.563328183141882
-0.232905185623433	0.232433619591252
0.291936513947369	0.237156045885125
-0.842153355485532	1.2008202600109
0.101915787221602	0.104186855316831
0.00426887501901171	0.00368481337260015
-0.359821939439745	0.437428479864284
-0.304333589350019	0.452909296910781
-0.197431455183966	0.251611396546862
-0.440597321468379	0.583362768773973
-0.424095629375524	0.678470084856336
-0.104069594749337	0.0934064355609656
0.0797033874097883	0.0695898908160365
-0.223168089668148	0.24808637139592
0.10962917925396	0.0924783618184741
-0.655829850871345	0.708884605254298
-0.319713608039711	0.407303963595166
0.0561429641555507	0.0666908903055424
0.156670801987245	0.209076866074973
-0.477406560853334	1.15860229616214
-0.209184938952301	0.384681915946445
-0.118606228336595	0.201938747987425
0.526707406103881	1.3021457726314
0.334104890543247	0.735473773110639
-0.261459459423361	0.485920429480014
-0.112669119769278	0.17774476769025
-0.140051609924294	0.216950898909675
-0.0645821449101566	0.0900573203471762
0.153472194525314	0.248552181870356
-0.156535722102523	0.222148997770816
0.718355560341096	1.19062054568007
0.930495384350778	1.19021933089192
-0.343210444102156	0.436229838366741
-0.352132172096954	0.504844245666662
-0.0356282920279628	0.0400754291650564
-0.398112956734377	0.73943999545986
-0.252807727925715	0.374824728134529
0.172886995188646	0.245203200940125
0.0325145794244637	0.0300634153788196
-0.091039577086196	0.0870849333620277
-0.563495026698967	0.967471875619101
-0.217969469233	0.485656890091018
-1.04309755151962	1.22146572888424
-0.661063853558525	0.672632651173166
0.0247815251894867	0.0255455660528476
-0.494882064076478	0.765449334041581
0.361731113967025	0.076032888564632
-2.98655368438579	0.76047297320997
3.38796186933602	1.05431693943058
-0.833528978776724	0.336330827254763
-0.967589983772718	0.53899379571432
-0.485957143115723	0.344273862241121
-1.66697765379537	1.05830927315416
-0.53573940210572	0.584170436787578
-0.136380170097835	0.137403746058579
-0.300076100830081	0.199769964396802
-0.14830091402642	0.181226214526148
0.0946881572877734	0.146057822122341
0.110918938913231	0.196214648704048
0.0517002868468788	0.0637031843897577
0.076892443703628	0.102492538796837
0.454290449063126	0.593086347324407
-0.169180329767348	0.284923622151609
-0.303558743025013	0.451375963460561
-0.0129856771434076	0.0118516892476308
0.201199734108851	0.156064447195605
-0.0350169283915319	0.027593959367425
0.108595491301995	0.123199270035544
0.194173043686673	0.213496719141953
-0.535018417300744	0.917789519636392
-0.289199653955278	0.336190040281805
0.915766406428578	1.77575802306772
0.0706083825527197	0.0773691253891437
-0.153611347488167	0.136775865132963
-0.200218438701163	0.222667560314979
-0.331657188327528	0.327778532089556
-0.0821016522338647	0.0739228138287178
0.023306416936444	0.0195079844703852
-0.0906678335319965	0.0866974936235532
-0.352131265755634	0.543323743332075
-0.377593509821614	0.542918973682487
0.188286853504433	0.258836996084007
0.528919034497899	1.31063082901694
0.0645353711168555	0.0938523018863896
0.143227917091793	0.249783484771948
0.187711990478901	0.304599962378026
0.0461784923740311	0.0682716220456482
-0.104883279047046	0.174365323707369
-0.238096243013942	0.45176824346805
0.259005190550393	0.498729391226997
-0.0282392320244204	0.0367528838801414
-0.220486568505924	0.396546432634983
0.360224006655624	0.561938336892353
-0.371207060426869	0.471695703165522
-0.850720867816097	1.0098272219873
-0.12199612989535	0.129892876539053
0.0237326748052956	0.0244427001996598
0.0973707281531846	0.115158690598221
-0.125379361727572	0.182665889169312
0.263172066565783	0.514977511869108
0.205702244811776	0.361375788101689
-0.158017914059106	0.238357522847371
0.148652137635611	0.140003671699523
-0.354924671202833	0.328456763531471
-0.210051912731484	0.198124144035511
-0.401217350849566	0.576378661935235
-0.195564139107922	0.269017806505914
-0.523489156235687	0.781760219929105
-0.263687618429208	0.790011746358375
-0.263446603101887	0.262281161601894
-0.182333906998226	0.161621962748306
-0.0134579576208429	0.0163467992537843
-0.082034527941523	0.0832304918551329
-0.331825145277016	0.440773967763425
-1.39010946113578	0.501715035035032
-0.464392245579449	0.293935836116276
-0.372710978863625	0.242645782142838
-0.330374313460103	0.189661122443498
-0.212157631190984	0.281316214087322
-0.141650463395677	0.150783842639626
-0.661730614453853	0.673245431828781
-0.136771988486656	0.137825319355342
-1.04236726378996	1.22024956674305
-1.10691425681767	2.2080062763569
-0.0413727381307196	0.0504435828215268
0.037646385154916	0.0560487613925382
-0.220911422486923	0.39753118302609
-0.0487120786607748	0.0592417164993179
-0.405228937161988	0.774050824009069
-0.0446672184502215	0.0501322203362174
0.537636053908257	1.27121862698263
-0.195021534158421	0.277814054692326
0.82568320727473	1.47054359848527
-0.23294897583891	0.232497470567362
0.626608496578388	1.09053259092754
0.0807253728833727	0.0969035021217896
-0.099258233361974	0.100514727738305
-0.208493051220871	0.318014007717464
-0.266252537866825	0.353477946564665
0.359668366661852	0.540492240693314
0.3735103093197	0.763872325669095
-0.303299393473378	0.368769394676719
0.125558096572974	0.162537840301382
0.0927254027737099	0.0838688220576758
0.398829434322542	0.516505072875344
0.112944903520135	0.158857575315694
-0.285742933960058	0.467712418181035
-0.0273570363582406	0.0367284441764818
-0.239666505927014	0.400417041178092
0.499215271538526	1.24053244948558
-0.103530354555791	0.15905187570939
-0.363559591457673	0.671283513421504
-0.180171279259733	0.296736731472394
-0.0106022610531955	0.0141498363271185
-0.681595185558426	1.65672865097381
0.4587064528506	0.953312816463684
-0.720423907341902	1.87165318805384
-0.393152146181149	0.710778592925789
-0.398829555213874	0.741254419299692
0.34867182158723	0.447892900340017
-0.0936893956640457	0.0897753367788092
0.16207432428142	0.200028512904797
-0.43420623027368	0.809405160905644
0.368021646389262	0.650538188067212
-0.29871219925465	0.532768941260185
0.251352562016302	0.463368038284085
-0.261542879894724	0.486117398960711
-0.0253660297798673	0.0245151758777784
0.102361096264886	0.104714540392998
-0.475446449645208	0.629816958784352
-0.211161614196256	0.622411185431111
-0.139075977911617	0.441383203619216
-0.179896250783808	0.20046509169709
0.0547047207933608	0.0492360111255115
-0.753785118907311	1.88404837492128
0.0902335407894576	0.0970557349670479
-0.293816405340707	0.373792993970543
-0.519985480172298	0.471064727432009
-0.83376033571481	0.336583209390257
-0.139134492693926	0.0397113788160752
-1.64116177514219	1.73323716212147
-0.115591359677705	0.061951610075415
0.0717487900838293	0.0389313553315227
-0.512933195410562	0.432593473944586
-0.196306125632196	0.249952281974726
0.289846919195418	0.332988644448851
0.267582634386151	0.272813407402227
-0.180302098589642	0.180773402606887
-0.251248299796835	0.466544984503362
0.28894000541815	0.525341330423321
-0.038258044676351	0.0482447995622432
-0.251375954530459	0.420353851907319
0.0296482031806616	0.036084010758441
-0.0659448887258038	0.0921297471052703
0.287717909003306	0.590853101636169
0.209445852933243	0.279194962784589
-0.591399173438898	0.88123477784521
-0.219584859619648	0.256322499741554
0.50409176433209	0.952739235485104
-0.102102743259483	0.11965291844113
-0.248690175707474	0.460140878661784
-0.595536546489913	1.21922602357746
-0.657716317603932	1.59368379793394
-0.448739200365157	0.814389307563217
-0.414687752200066	0.832972139745144
-0.207144164986827	0.315526840642434
0.15574088790914	0.169939044217924
-0.269367267543462	0.400023480889691
-0.290828486817561	0.416505824399716
-0.56089232549844	0.931123565386337
0.108109541098215	0.122632736809047
-0.00135809481273929	0.00146227190163348
-0.0124173971445693	0.0155899379089019
0.342546831677638	0.637871062378837
-0.347277507689865	0.639272916631636
0.0181163721498497	0.023058648693013
0.0461967543091694	0.0535024531864348
-0.300954378061032	0.416281808137403
0.519130373272479	0.921753576504292
-0.0688195823692117	0.077187446189695
-0.114883570297827	0.134453867246209
0.223622840096114	0.317540598241865
0.168967267862151	0.235237745840547
-0.228887564319146	0.303543276431821
0.0811558353145683	0.0849488005884724
0.0128717476586469	0.012892296805563
-0.132794783397935	0.162085580384255
-0.0924401726038943	0.0885258864860361
-0.000299306486918186	0.000307305329469209
-0.791498558856154	1.49367891313288
0.435931866831253	0.785966795493921
-0.144366808450687	0.161498690796193
0.0557444946920335	0.0661685332796207
0.0122474742692939	0.0147899212532429
-0.423624263085338	0.677359860924712
-0.149261544897442	0.182577736804149
-0.0377339934628265	0.0998846951376355
-0.219513709576939	0.256180917984575
0.0777940284760193	0.0678391875168782
0.0625492322654985	0.086897581160963
0.400256846810546	0.679302482482494
-0.729944779462591	1.54084687041307
0.149267491385568	0.099071152759402
-0.578245908749132	0.304934080913825
-0.776515707571059	0.38635152586693
-0.0631968776123597	0.0349752105139653
-0.0855386111326405	0.0372858102338209
-0.78143253983164	0.688779276873536
-0.0525784899524915	0.0338079312533482
-0.787788768756345	1.70997992230118
-0.503208653154355	0.833747469851525
-0.433152663586324	0.717612628641748
-0.0034809977228123	0.00391059415204709
0.144364159048873	0.184428801208216
0.272376515150476	0.361395327392577
0.284285482464145	0.317425571442306
-0.520956216988489	0.7764360050837
-0.0369476012969683	0.0396770397697214
-0.24542523782882	0.432623821861713
-0.344728291602897	0.699707656472833
-0.04761906026341	0.0601727794395491
-0.036680221483181	0.0478291043265651
0.239154512823252	0.456044323906581
0.162915627709799	0.257390114220035
0.603813281874225	0.94608536612123
-0.665749570794229	1.06767397281649
-0.126547112839564	0.141566156978411
-0.239813979086485	0.34287093727843
0.0595084928507657	0.0749258517923964
-0.351297728453832	0.541271913647265
-0.139076974480384	0.177350399817467
-0.211906313366541	0.292187847552561
0.475293519028588	0.835702413575976
0.139816756293432	0.1750269350976
-0.409315185939977	0.610446716297434
-0.0625825562036585	0.081919687089381
0.0071703506640917	0.00817629347494443
-0.0517425084796077	0.0527020620158649
0.0986600247183215	0.116820673103791
0.331431475136736	0.542080716722315
-0.14095484257129	0.18653362372514
0.224300463608076	0.430402726872234
0.143153545032517	0.210720506460518
0.46561370555602	0.871502882254621
0.130516922254338	0.172302813442015
-0.465579906070443	0.821753673529807
-0.416487446882168	0.64336758265801
-0.0330822512870749	0.0371218927988884
-0.385203979800571	0.675847431835349
0.103986975298897	0.125744229929436
-0.503793078351282	0.835021388036267
-0.303828956943264	0.451941195490603
0.182739247486438	0.269327926897409
0.278975585505238	0.386719346532124
0.284166343350014	0.317241414761445
0.692185476024115	1.35777568502627
-0.0776009042168582	0.0910701818801451
0.138950946946608	0.158959961196951
0.0590834728168243	0.0582778874820383
-0.133672015673714	0.163315748661975
-0.730102302429349	1.54233484455307
-0.688976460615591	1.56415960270173
-0.38110913838883	0.70627594567006
0.300210563357407	0.373146383440816
-0.289551970237965	0.336672072022939
-0.318820967796143	0.405961162647383
-0.0863639150539384	0.27476211609348
-0.0523697804644349	0.150161311456224
-0.276279259699313	1.12181808696058
0.00678910213874217	0.00503454485183877
-0.319295793099519	0.585897876995736
-0.00303063393911439	0.00340543608898358
-0.526766443486322	0.181771361232728
-0.289412497805608	0.252118449166412
-0.121109986798437	0.148180464363074
-0.0710426718201097	0.0505409677554003
-0.138740395985668	0.039591027620515
-0.436612675651146	0.241179490901457
-0.591348522473823	0.453318990214818
-1.53771982956668	1.21935462393374
0.235993246457591	0.208531484543637
-0.404512787347554	0.772255585819734
0.0833989200560777	0.0313759525619551
-0.595215576189396	1.37295905780559
0.0404904361910193	0.040866593975498
-0.0215637416109369	0.0271434440664732
-0.134337725878977	0.190240751732067
-0.592108872828036	1.11321743397285
-0.354562709403475	0.328030298431991
0.121534332567423	0.131703292509236
-0.276109832638167	0.258370326450795
-0.286781533044489	0.536379419087443
-0.250579607966551	0.370448886391435
0.156028789433488	0.284851722111034
0.156087874367025	0.256387235769521
0.0253784462227036	0.0261716953094927
0.00610414453775793	0.00490976003350477
0.825833304001587	1.32415569759009
-0.300121183632319	0.414874175036166
-0.134819568591843	0.164940599243441
-0.506367989533354	1.23210860974013
-0.193930649550939	0.266173377062848
-0.0118033815683573	0.0143101427566417
-0.409315185939977	0.610446716297434
-0.197173235103949	0.240681704983432
0.54679793925922	1.22953861203649
0.103407569096438	0.105872276428871
0.0806763355479352	0.0908107884474521
-0.0727328082114557	0.0888942821125094
-0.265276677835019	0.309122680103149
-0.0735826170407265	0.0785944499149814
-0.0588569777638832	0.0746149089697313
-0.570181083970738	1.16414573678489
0.223240382231384	0.356947166350397
-0.140759750637545	0.22395630010762
-0.127963028524418	0.197120570677197
-0.630883235975715	1.65484291045909
-0.136851892854506	0.205572076326904
0.276821674097109	0.523788099761706
0.22657572665713	0.327848579741515
0.434265889653322	0.768570172560549
0.235197318985913	0.35375030052359
-0.280204317767147	0.510647902708345
-0.0472677667461907	0.0596953823864793
0.30801523305356	0.533141289162299
-0.90902915953084	1.60648873954402
-0.0552740445339936	0.0531286792896041
-0.0277584190858304	0.0252513319574412
-0.105016622369007	0.111991504667563
-0.0769617724028067	0.0902677357402517
-0.305178481726301	0.483930899574992
-0.331783577738895	0.608866073674509
0.321328507011846	0.610858639292965
-0.0135195979034688	0.0164207223890469
-0.120609710435704	0.165041272349353
-0.459155834073321	0.555827847214121
-0.281362664681944	0.343315157616114
-0.319556391719794	0.556756769254741
-0.266072089504219	1.00519483141183
-0.248359346626453	0.975733981535781
-0.0352620408234207	0.0860102860452712
0.112485787996105	0.351824307968398
0.154228589780845	0.536900321143699
-0.127299293302864	0.376423261683806
-0.308939866318849	0.41050615043796
0.435271196489057	0.771216543893666
-0.206207937872131	0.449910891972429
-0.14398787983472	0.197560039839461
-0.690328741012469	0.568900143893274
-0.181673046359413	0.267075815101197
-0.283088225014898	0.29747530312746
1.15088688830856	0.735606424866247
-0.373111493371038	0.242966235418229
0.0725787811521161	0.0484055470335267
-0.549343916913864	0.72612074167913
-0.486203273812509	0.344571853234149
-0.26079617175617	0.211216184041909
-0.12966435758417	0.116068306284596
-0.170241337400506	0.250099085923146
0.161836181340432	0.220373849566592
-0.279480840449124	0.428965370797895
-0.0214121677643499	0.02502259969769
0.131109032987612	0.160054754864225
-1.02346793961934	2.10429492013871
-0.233309780725514	0.297569228267129
-0.423274585274704	0.513093374573411
-0.404229686358447	0.83047447725912
0.103354099249198	0.149072948085254
0.196856655801577	0.381550310043229
-0.0459552551478316	0.0676931166910152
-0.168906191504828	0.240066277640971
-0.625013718802136	1.07360551732649
-0.196102065551118	0.269949481529885
-0.295931631232818	0.454707967096195
-0.181084081672459	0.239914566371609
-0.63739171098624	1.54388554777916
-0.344150656799469	0.697999953574053
-0.159738836149342	0.241477194163056
-0.0575601852104577	0.0728561900646689
0.369645936109718	0.694649530550235
-0.0426790552022884	0.0500056384912952
-0.645743742038815	1.32370706577489
-0.182730925105691	0.293807460008243
0.328367536690389	0.677723412766173
0.073667594655513	0.101453269355016
0.185225718818718	0.296131047165991
0.166488060821704	0.231128758277333
-0.138872157865075	0.177004627366228
0.192731941722356	0.239805511255265
0.400223919076774	0.619223461820829
0.325057228772787	0.493876758066248
-0.719684906102695	1.0705587140015
0.0903142146615296	0.0971420752058084
0.221912724048501	0.314572946341043
0.58038388579665	0.789385190018129
-0.0370030124583091	0.0377162965628659
0.711497476882199	1.49595334811641
-0.168519836075239	0.223543157361999
0.0489019765515987	0.0600503408836056
-0.251845613247823	0.320875748835739
0.614081470549931	1.108337948217
-0.214577552599471	0.27355556141891
-0.0562532457724928	0.0541141214671724
-0.0822161115890386	0.0740367376703259
-0.441878437453374	0.683643877644419
-0.000670828917412205	0.000685226891380575
-0.454928488770918	1.05389404309255
-0.2037563552346	0.720472539988919
0.0681791813550372	0.177327364706109
-0.177310512112771	0.580848518096554
-0.167562607452914	0.568168844293731
0.0849924137370448	0.219872637046592
-0.251699632242803	0.320648986959466
0.0809072956395162	0.091089365174354
0.116980479990677	0.185487699225436
-0.010389080276978	0.0100568597616103
-0.744260288038901	0.436770424586074
-1.82266330342449	2.55181878770071
-0.152525548489714	0.194509788226784
-0.127432129775869	0.113919919590719
-0.743776090905574	0.436452009690677
0.236169732075341	0.145997444516298
-0.999901852276352	1.23589734151498
-0.512568760693037	0.432179180367717
-0.308413977295726	0.247620701039942
-0.186964646546735	0.128429980063374
-0.510407258166218	0.675225513356838
0.300276554129795	0.486100537489884
0.212731262821677	0.289250578783039
-0.134329748810534	0.190241446516724
0.0351619347260477	0.041403645917695
-0.0898620101533712	0.114243152744208
0.0474331579302151	0.0550197453444501
-0.0252745504205398	0.0258255001892226
0.157339131980782	0.210099523207387
0.30745786821736	0.401663394782371
-0.272936219600433	0.34776320383641
-0.222981311602505	0.329815030688745
-0.115668825077448	0.152581413098502
-0.0345364195791682	0.046408194389985
-0.235318419551524	0.360112843108754
-0.124810473825549	0.181701092250831
0.290294691844365	0.522358122339564
0.293345232150333	0.543074785135176
0.0596904800624003	0.0789832679313704
-0.221841519145486	0.339064000791501
-0.377296179448353	0.641712473940416
-0.140591133398616	0.18597622895121
-0.0752737984220092	0.105425277926212
-0.280728778566812	0.472724894446795
-0.0848433726748461	0.111755838050588
-0.00458050043492578	0.00555474356559316
-0.167342869766914	0.229632833889882
-0.0249620977543589	0.0280770596310769
0.0918342263786778	0.121410745582562
0.0478218932561185	0.065978134354795
0.542494703173481	1.25192427873632
-0.121251080626347	0.166036385829499
0.542423881981201	1.25177664885902
0.399246014088777	0.676902615003266
-0.313805463036029	0.48291004823454
0.0725396057676477	0.0850615417170075
0.864630140497184	1.76131806185349
-0.0738086621512675	0.0788570446232453
0.544638507171282	0.846472107596072
0.0324467193697299	0.0299966917073292
-0.494577571004354	0.764687695054439
0.356727939735206	0.503689072809739
0.0888169181488037	0.102467520106229
-0.464647244977039	0.819353946499638
-0.287014595078545	0.381221971769763
-0.306834100645461	0.487741556178471
-0.289728303557843	0.459410026962984
0.0621858403151172	0.0664209279048664
-0.147179919833621	0.172455291267932
0.0271206440402871	0.0265319061129871
-0.110713999998267	0.123943889883696
0.262287416802064	0.398021654544937
-0.811939702940521	1.43919024259251
-0.0888094688203545	0.20909863980274
-0.0149143447678187	0.034928048448108
0.131409514056654	0.430193890971859
-0.112984346492929	0.339113578459466
-0.0859463156054431	0.220182934221168
0.0230073451484892	0.0192468509744091
0.0333088438377522	0.0308164251870156
-0.292674557972017	0.534773755198847
0.138694705606774	0.173431590186294
-0.0186733903550922	0.00857336938658399
-0.51310292153929	0.432759392263541
-0.116226446421783	0.136225424838769
0.0632228453814907	0.0723030154442844
0.311644568858116	0.287098701276135
-1.69670265447988	0.705803285671984
0.19687685317515	0.103637553625753
-0.40598608844062	0.293191837169068
-0.413216635746802	0.478096137196918
0.0812966921979412	0.0976557445982616
0.551132680570611	1.03714058926029
-0.166048036056023	0.219658604763075
-0.28630006923517	0.468920885253416
-0.0136784985805954	0.0166171434466907
-0.23052238084064	0.362636140472074
-0.228065722837325	0.240744170411383
0.045585022236841	0.0495958966840115
0.124580996680011	0.109266762809375
0.0460612078472452	0.0440076613528148
0.0168940102255588	0.0189707065766393
-0.264477688554866	0.405766746676615
0.107399703473286	0.164741259768833
-0.316999126198997	0.686225623228592
-0.109182542635967	0.163276708241997
-0.293176410169787	0.604214295395886
-0.0514199312613984	0.0757308145273383
-0.0503351469272549	0.0613505585539727
-0.105521730267174	0.153085690940194
-0.0117431920558483	0.0152168715639407
-0.298810675411338	0.412515199256812
0.000988716136927041	0.000918018829234173
-0.282993693138094	0.502384365995224
-0.00426594769640206	0.00498833089222005
-0.453017009068644	0.845317864724166
-0.317449386841423	0.521574697435498
0.269302283884691	0.424396058907568
0.0134842850389622	0.0187068303045727
-0.266007830273476	0.483029089348734
-0.0824497596627469	0.0924666574810996
-0.320118170836595	0.61744882335587
-0.270639639643098	0.44198835090242
-0.463082767536713	0.91334959292528
-0.297256576415411	0.457234419900382
0.170257216607311	0.258000549736654
0.072845477086876	0.104765328270836
0.153602970036857	0.234457335207764
0.336996829558923	0.598103940604163
-0.361571602014277	0.702368826156692
-0.205349628190824	0.331645541929533
0.194791278444917	0.273735304033618
-0.210530777131601	0.28986660659682
-0.182624832992974	0.242339409722478
-0.124678666736843	0.181469114293954
-0.273668222135526	0.348975058592523
-0.273911932332113	0.392594837363657
-0.220473319314341	0.336377155319977
-0.163257357326424	0.199360521055214
-0.145423648461667	0.206245082277971
-0.0331168721415758	0.0371568094438983
-0.270237485412033	0.40161979673625
-0.671134245031251	1.41421158090332
0.27343342619654	0.445556531993637
-0.227596407888011	0.314042356134561
-0.106241932700325	0.307887859352524
0.163913813237985	0.521072462642262
-0.11145642311102	0.321535930676122
-0.00383663097391177	0.00801681671375167
0.0179977758506044	0.0202286140109367
-0.0116712467487531	0.0119290914524922
0.102905046283177	0.183182065154487
-0.044297160390235	0.0496948134138365
-0.891535311645158	0.576268539629034
-0.908021476538148	0.961367757118674
-0.0873725253664443	0.110728433254798
0.235740262860459	0.30969074376688
0.397461371474453	0.450518072454883
2.44524283747236	1.28608779602752
-2.52881555740418	1.59007413071413
0.384821339806977	0.174680639182499
0.115550101929066	0.0855266843556493
-0.520194170901466	0.471271151397805
-0.679536385047732	0.605576491786477
-0.44023170424951	0.844101818864306
-0.169226455818053	0.248295746230815
0.0557658179282718	0.0412918270853339
-0.644765571871795	0.774643317090188
-0.387052739050158	0.403402050084948
0.0252332890765035	0.0260194623699517
0.673056612183816	1.66777044647173
-0.301853763129486	0.523169569988865
-0.266288751822414	0.447171229648262
0.163577786515286	0.22317046519168
0.15549123475	0.222945934414946
0.66011428700794	1.06400978344913
-0.545950713313675	0.690262283597105
-0.347273844830623	0.403173755294189
0.0689123648972665	0.0699612143823994
-0.439285346910453	0.8415634069959
0.540937729500166	1.26456567405217
-0.148720390128976	0.236567501087067
0.4558722661032	0.985661653360319
-0.00598764363320435	0.00751409333916654
0.36647079362409	0.65676952063225
-0.110599539047779	0.155568646697191
0.0538276591116476	0.0699204193204644
0.0756794566274974	0.118640901393154
-0.139776673300986	0.216451416268559
-0.900062604682257	2.11024295696431
-0.238529428545128	0.397957678001704
-0.0312182772825357	0.0380001571532363
-0.00404430352404414	0.00523313938253275
0.0367510276346001	0.0473225581847484
-0.264029197496245	0.40488811089144
-0.0768054545335029	0.110495947800056
-0.33298949813548	0.547236779514358
-0.170163532514156	0.242199057473863
0.522183370272315	1.12059267509384
0.2559188603194	0.428223516649225
0.296545762742081	0.463537088380015
-0.194308960585957	0.313265345492412
-0.0685556131592908	0.0928133665802634
0.568279498570204	1.54470337432702
0.399225233235039	0.700309871259372
-0.0344243487934017	0.0386791103529542
0.66217085569687	1.22675352738998
-0.33232808894885	0.477379332127206
-0.221077996859384	0.258381390172026
-0.305461290136796	0.372277318446625
0.348371229839949	0.447400275854103
-0.593217310188714	1.05166760151844
0.156186900719718	0.170518302738147
0.647937234169346	1.24141843127879
0.545604764008157	0.848603622747724
-0.650763150990729	1.226492017376
-0.197098753297508	0.251185316127879
0.209028857849311	0.278537451312777
-0.044632758728494	0.0500831713158792
-0.302855480479527	0.45001714461448
-0.309179037522326	0.410860896467298
0.0349543878748014	0.0411585372990969
-0.246473388059652	0.326881617606465
-0.0745896049849425	0.234250081244946
-0.252516516047293	0.776832205565515
-0.0519714772054969	0.10081032050949
0.257545799891219	1.07689297454625
-0.02450122777133	0.0637004308158758
0.0253783128237489	0.0384312160888444
-0.183379936981501	0.295044634101562
-0.00646594204632977	0.0100691365579461
-0.358748935136439	0.435740688453183
-1.16286001134118	1.20739384197116
-0.0872631843269041	0.126077189888867
-0.536830843644086	0.585680247089418
0.0443522180533048	0.0279165632807707
-0.424146927635445	0.678462013689385
-0.29956116461661	0.561688569491709
0.525174479906417	0.899932515029154
-0.330964926733957	0.189994679460948
-0.181636492157387	0.212543571542608
-0.0115287474296323	0.0139743443908443
-0.0764574022675663	0.0896262050930466
-0.594744088559611	1.24848196012645
-0.0970098689325027	0.140564654933853
-0.159013455000276	0.240180832533436
-0.157390464267402	0.237160505005343
0.125610243760724	0.174507483411472
-0.0503564232132723	0.0613839655457262
-0.386490336729355	0.576665557290401
-0.264948600086526	0.406689991677141
-0.0423119976646834	0.0495547513202261
0.498082735588057	0.986842849429963
-0.269600501955721	0.400455804909499
0.263356936810386	0.400088711265149
-0.0442393607204007	0.0596847851918029
0.320985080828552	0.744289711818485
-0.562927341612562	0.966056073923825
-0.0845700234583309	0.12891391918099
-0.229758361702312	0.372739419226323
-0.0901541370694133	0.141705119848297
0.0515425748013718	0.0877809438865309
0.163368173035911	0.242421661025047
-0.280334961329093	0.387068605974913
0.687314456215513	1.50688823809157
0.476369190695038	1.11838880800696
-0.0528505995465614	0.0618985823621889
0.105209302049426	0.189437383135757
0.244319256191326	0.335355171269782
-0.30988949007826	0.552165343266015
-0.132952850344947	0.22186702116477
0.00387501812326744	0.00569040351703279
-0.119281493089657	0.183520430299969
-0.422814805334655	1.0976098435642
-0.429181405156902	1.0107866198089
-0.0794057829303905	0.107897734427594
-0.094800626188	0.124975945473677
-0.0585503487273743	0.0998583643140274
-0.188411762491923	0.360148063775938
-0.429987087485314	1.01324787787855
-0.362555303791545	0.539869511806305
-0.347546288956259	0.787513531489906
-0.23270782994307	0.472067125160653
-0.0389926472308494	0.0572959121596191
0.0990697708936148	0.186790162339577
0.493223590882571	1.52078119173873
-0.0836445406918789	0.127303403544558
-0.141210731217154	0.265342642562445
0.0233469938347974	0.0278568768428425
-0.0565352073495166	0.0544034229268827
-0.182284244927033	0.161581128756247
0.116229707762683	0.0860544205376029
-0.0153108202686955	0.011113199783758
-0.184420704464454	0.139461562587237
0.488548924966033	0.452534454228254
0.0786061506281654	0.0685910609102655
-0.354642095203073	0.32805816986802
0.559670004066821	0.602275896250885
0.844345500601914	1.32596689186199
-0.181183129207621	0.221582801239885
-0.258158106156585	0.491241162725995
-0.11173310101329	0.106680530389651
-0.0844967303681722	0.0762026890387606
-0.426847427267337	0.612908960709093
-0.353960716676179	0.327271529731084
-0.233710438630811	0.806091726357465
-0.00786960310911216	0.0179951613067846
-0.0261532324399652	0.0630563776560016
-0.0810153786714236	0.215973349783371
0.0462462024059385	0.121879840553843
-0.198728079099231	0.676594404366054
0.172800500331777	0.24504545469586
0.28491731304929	0.411803325122092
-0.119049873775925	0.198492607983049
0.312635024711142	0.427544705196684
-2.15421911362844	0.465312945107294
-0.271946757622245	0.134275185027705
-0.143980283581729	0.160992916686017
-0.135525371312291	0.084371503164304
-0.104677902034838	0.138001501429369
-0.240831963686995	0.226245611126294
-0.113767904562916	0.0876427213766166
0.806015052004746	1.17566320377185
-0.468180941040231	0.456124900628318
-0.151095632542686	0.125286711058239
-0.0805428449797938	0.0815846112043207
-0.120678631843056	0.16515363528797
-0.252145820687979	0.37355964728866
-0.0292241532479183	0.036797839448203
0.131848055132304	0.16109753102431
-0.15639549309554	0.148461288757487
-0.0128337722700766	0.0117117386102889
0.000223320030282201	0.000223594240007186
0.631589019189897	1.41110487859648
0.0308329035160646	0.0341192573561189
-0.0752832657459886	0.0881287038510146
-0.16277467691887	0.190431960457098
-0.398393624922214	0.740145097623
-0.431127602684019	0.713080459540908
0.0288311185126831	0.0282477676944686
-0.000901585866476837	0.000920172380318146
0.452125349373732	0.604635845865176
0.00180439088782807	0.00227916318154866
-0.182978354451498	0.302416498991913
0.0317033655138506	0.0419406008103275
-0.0204318865021578	0.0265468429632399
0.0113182882612079	0.0145840987010177
-0.0755945087019985	0.124187333637939
-0.369242436583917	0.788033739519327
-0.0392043237092129	0.0495194379454547
0.078459167676513	0.104833910774225
-0.0567186838083133	0.0789967387506569
-0.245953727141069	0.388447009253909
-0.134040906174935	0.163827263719208
-0.0670046866825754	0.0848554209282533
-0.55328517790533	1.24231277490716
0.574266363011187	0.992439097650555
-0.0128171065658102	0.0155579519883686
-0.594172101439484	1.49172575104873
-0.132446460353111	0.21054388928148
-0.319539320640729	0.586429048397455
-0.0743483079950599	0.104012348443571
0.0119269183917558	0.0148971914704687
0.371443365198136	0.709188253497991
0.399174274586304	0.790865580168652
-0.169907700884017	0.25706651729606
-0.417269342844775	0.712474813888146
-0.422893715687708	0.744005021590749
-0.0883186718726855	0.0942093507296737
-0.272684231893012	0.347365655528142
0.5861425646794	1.14790139518869
-0.0869634722079269	0.101691161188855
0.30316999834565	0.386059889855273
0.238929536732454	0.320508225441221
0.156536883186192	0.20886341892398
-0.111406897303284	0.124791131049692
-0.180198289512476	0.210640649511698
-0.500181288146898	0.801964168604869
-0.267797351043322	0.396983361514602
-0.464917266173521	0.819890141682902
-0.411863673572465	0.546321465105928
-0.112099012383128	0.303990083822109
-0.000443137956870465	0.00102369113908082
-0.0689608849736632	0.182898270343208
-0.100475840357493	0.241674841698911
-0.509428289508494	0.873702613314167
-0.2030720827873	0.214707974430858
0.0905880612428921	0.154491312133019
-0.00260751065988234	0.00266023539390645
-0.335459280755549	0.24550432709223
-0.656793684281614	1.16555863001223
0.273422305138584	0.201674913627838
-0.557074062543211	0.243988580759618
-0.55698719456961	0.243941671319354
-0.391688697967474	0.183308386475589
0.339886464444141	0.393262658304444
-0.172173707179262	0.0704100607810889
-0.19755917851258	0.2518973562677
0.0134033625286137	0.00793547876459741
0.735491616147676	0.527353423758431
0.384124945707013	0.282464509813154
0.214360416318186	0.174127095419855
0.00497352050412615	0.0058772086860736
0.0345042464016093	0.0406084536193663
-0.0650298814159957	0.0762552239520282
-0.781477473859558	0.688871299072821
-0.274483642829883	0.256703111585679
-0.464104729696131	0.293706352109275
-0.502344800228322	0.391094866747402
-0.953850467802474	0.754297120450412
0.272585484344907	0.361674774229781
-0.181290497055574	0.282819449146492
-0.197212258028393	0.281657551972269
-0.431448256702252	0.71392081369809
0.0554859693652827	0.0619693423085486
0.188616888700613	0.283571297951792
-0.122136266325942	0.101911233991918
-0.37580312110986	0.539463159560279
-0.0853376747877903	0.0663195151754221
-0.504777439741025	0.638988975973934
0.0634193632111129	0.0725470092873962
0.0561773147426314	0.0667296435704875
-0.0356081199235079	0.0463622139573301
-0.248826699056722	0.380992338023642
-0.0336458795378123	0.0451685752092238
0.200361261615051	0.317257920249798
0.399782935281829	0.814589056230689
-0.195502344468607	0.278712623719207
-0.057194239579245	0.0723381222600737
0.0375566142618087	0.0467052615243651
-0.410445190063772	0.544090997163656
-0.929313692600163	1.59003627070735
-1.07145109159026	2.07454145679002
-0.0641625661830437	0.0751646888846403
-0.197260167058301	0.261773375242389
0.173974154545496	0.224691618801441
-0.680395628669553	1.69069989089195
-0.140230568649805	0.14909701954683
-0.0555731546745007	0.0622895336563668
0.120977963183172	0.165034064478739
-0.332610348912308	0.477900961337801
-0.0734335791690792	0.0964299063374723
-0.422897919785825	0.67563770770684
-0.690800329079959	1.22549923674787
0.0460198434529172	0.0585174488204749
-0.325584582362034	0.58224449452396
-0.26037431435285	0.412136079079177
0.193254613088888	0.271135897864974
-0.0209763515358422	0.0245076548359822
-0.593030694852155	1.14746436685998
-0.232604158574087	0.366891554764868
-0.0233368067515658	0.0238066911285245
0.0449354009480461	0.0897610313143204
-0.411578572962474	0.475255474462741
-0.440265879642107	0.582577711509237
0.361858698487145	0.0760513170465834
-2.15451821389688	0.46533654820635
0.825460748044642	1.17520141647122
0.108477524515886	0.142067373253576
0.100558927876033	0.111238887814331
-0.0210355064083422	0.0119515129711711
-1.95090813221164	0.916794366373333
-0.389943780151038	0.182487537638541
-0.38985152814976	0.182450980352605
-0.214356904317755	0.189047589840525
0.082853047694958	0.0311647501072597
0.0324803020931558	0.016159596676943
-0.37168146582189	0.241779824307913
-0.587224671595168	0.406295701025261
0.398718947129612	0.554312467242828
0.0175302159868748	0.0196949596167437
-0.272506166455299	0.389934109808073
-0.593110920850395	0.532990657231293
-0.689073843908811	0.56748501490864
0.621522850972733	0.553013323465341
0.385437878728866	0.174852310967258
0.38173524723649	0.212051498876644
0.160333521648763	0.156228983520699
-0.022436799427242	0.0240491069452677
-0.274360106119235	0.349965577747081
-0.183077902902495	0.162323660025707
-0.18089506341393	0.1710299997164
0.148710891066308	0.120654855002621
0.965891817023726	1.19920195716394
-0.146227545180454	0.171187017415578
-0.424554223418923	0.679523845813626
-0.127161929456911	0.190629796720757
-0.31386611267398	0.676815179349729
-0.0256364778249324	0.0354235762593319
0.109308464557227	0.143301878645885
-0.170796789270483	0.251079328942156
-0.203378085216855	0.215092358467082
-0.456255727951581	0.655821548930507
-0.0809157417498646	0.082000130217298
0.463616752107852	0.544897093399036
0.158324892108579	0.154033337916216
-0.482734576058452	0.826048239098977
0.207920372033028	0.276725076748618
0.130806321222809	0.145758642511571
-0.0215485682339809	0.0261834728020385
0.0176537436176309	0.0224579632047658
-0.168543914708823	0.254481592594139
-0.134116355383703	0.189892300932033
-0.331091471652394	0.439545317913432
0.00218568907661882	0.00201083093761367
-0.103485856314513	0.0928280872343632
0.00759862459060041	0.00562922632879682
0.0250852700795911	0.0299807000435533
0.0452554637233573	0.0492275029836576
-0.427954295013352	0.337259139415646
0.392428352254686	0.157275669760559
-1.02379538153459	0.722509565928529
-0.333368643388302	0.288137723960055
-1.69690533254287	0.705784063709911
-0.173093324223146	0.0708228861667735
-1.28226207376343	0.866160490813602
0.884196632592202	0.706374109741958
0.493575647230985	0.438658613032708
0.760139941507797	1.47831527218002
-0.42539842581711	0.834088855685745
0.25738556568812	0.376464818181989
-1.1627014025881	1.20687746894193
-0.051692150923145	0.0332313921251654
0.0723271061580908	0.039236054339495
-0.086703380275162	0.0377905658581705
0.127087762756533	0.0794325890432734
-0.548859100457609	0.725119945145612
0.0723677406106066	0.0794294613155526
-0.228298325420283	0.302585006987437
-0.269403213859643	0.400085060527781
-0.105056935967682	0.073934437809485
-0.477994340069153	0.494774205229962
0.443715437181451	0.678498768116585
-0.0449713871601413	0.0504955698712853
0.303586467936666	0.50816973172432
-0.242620733338253	0.535315886547689
-0.110896658317306	0.184363417808423
-0.235432619720322	0.360325194516066
-0.0846295783400382	0.11144959831771
-0.241301698378669	0.281371148322701
-0.529376421082538	0.849528495507092
-0.0143459873634505	0.0113768268361228
-0.332407946988641	0.36743864299297
0.0450141118886474	0.0429612940420228
-0.257546679649385	0.369155281288904
-0.319441022083286	0.44091855400685
-0.104519704013621	0.160762518307803
-0.160309618307168	0.262976327433011
-0.022310244761086	0.026104236777748
-0.143553687923257	0.23509310404802
-0.301162019137089	0.333295554030484
-0.467374617767328	0.592386975067839
2.52480998418306	0.634922772878525
-0.519589021271672	0.470491208633759
-0.125073508430542	0.159272179680913
0.10827170760527	0.122838265319108
0.262549490509337	0.183599620530495
-0.83376033571481	0.336583209390257
-3.89812623857911	1.30573350241354
0.499375888145483	0.424861919593189
0.083025250328212	0.031234955378807
-0.904749360147363	0.785637557070974
-0.139134492693926	0.0397113788160752
-0.557819071033484	0.244364502966291
1.1500045601287	0.734886794418282
0.385035594075047	0.26754860013475
-0.457152636905164	0.657514120094095
0.82266581426255	2.03956357380515
0.0705908279642759	0.0825940482162706
-0.840085661617606	0.614272623579038
-0.486848913368857	0.345144656989008
0.383597938964906	0.174034494073862
0.384517808821226	0.174536673752898
-1.72427469750776	1.91687143646119
0.24492616623701	0.224926892718509
0.718334508296374	1.33947582684166
0.20279337796683	0.229568877029465
-0.322399762975928	0.479837061781503
-0.428308506666933	0.337549461370667
-0.184673573862937	0.139693215020179
-0.657266240472051	1.12723662571523
-0.0285879451047061	0.0260210384551089
0.556604757844596	1.2042184838391
-0.0127577074254223	0.0180834816119993
-0.069734250988434	0.105953811553032
-0.230648141679569	0.306459285905625
-0.2059326178392	0.313167802569896
-0.475008473294749	0.629123202915956
-0.122552763424419	0.102276593950924
0.0235771286150942	0.0197354061623602
-0.0581321448685394	0.045484780596366
-0.182389120541188	0.183131843691335
-0.6218632581852	1.13660480187529
-0.0861150259884177	0.124237328730359
-0.789630391717133	0.892141423725937
-0.572770506995199	1.25957300259031
-0.000710377849262802	0.000725713231132165
0.544411646953867	0.624990721234628
-0.257517521198019	0.420028512610181
0.303681023905151	0.387026218498171
-0.309102105562351	0.248283866197002
0.379716349191476	0.191689040885248
-0.0709257866192557	0.0504523139027679
0.39108119194364	0.156656208509779
0.0454896592575193	0.0286388209589861
-0.840085661617606	0.614272623579038
0.0710271447790068	0.0385287742291492
-0.512047151217574	0.431528267904496
-0.150647972832306	0.19175540681418
-0.248368510439456	0.330031070272539
-0.233505486335162	0.356582520659163
0.0330117100588303	0.0164206861966252
-0.248932971141603	0.147564346923324
-0.182910472225882	0.0943819801836264
-0.390990482399218	0.183036184348497
-0.114775316879359	0.0614633090646628
0.778463665362153	1.32524087974531
0.360900237187291	0.553303787725074
-0.242048312478916	0.282420317076826
-0.149081140333795	0.182339823102839
-0.261756744075263	0.212118222200108
0.292003131508008	0.344244015879373
0.0533597322552539	0.0594562734718741
0.24245025063936	0.426847973255615
0.103016221871512	0.170580482805784
0.109047526860533	0.167635072093209
-0.359995388194462	0.437772319426422
-0.104083547253977	0.0934099101570495
-0.179613113096375	0.209761227358785
-0.248688893535127	0.276303767618508
0.127219732447013	0.126936001217437
0.0196497529267098	0.0175831907200051
0.102734524485169	0.105129307253883
-0.548661035457443	0.72479108999084
-0.591470945869704	0.712770707461314
-0.323707733547237	0.514986936448844
-0.233746191852683	0.233452108716573
1.35399500510275	1.34688412008326
0.485214077870415	0.794566411912691
-0.767864657114948	1.3611135624096
0.704609752811161	0.708643123701116
-0.271559952029171	0.134039665076176
0.261270939612932	0.257773153455089
0.632716390467768	0.337057393852656
0.032913793554156	0.0163701945328893
-0.23110805305674	0.307175251812609
-0.126627284176899	0.141667407454661
-0.186272383722074	0.113470545102492
0.169000229734865	0.118573837534952
-0.161965345210036	0.189333828695153
-0.168968352183036	0.232329940181363
0.398604264461723	0.663589565830988
0.305917348597665	0.270889660273394
-0.520194170901466	0.471271151397805
-0.183187862994009	0.0945275789839454
-0.238848241081	0.16178079036033
-0.134765868672879	0.0838998473119463
0.291393490192007	0.236605132816548
0.267416843355802	0.346329994742577
0.241200298710176	0.324388576165302
-0.161239246238584	0.179999888783544
-0.213602387470157	0.272010739903005
-0.832249392704682	1.76196379764919
-0.360232524177917	0.612514615610328
-0.206597373000718	0.397522252296804
0.00162449661699123	0.00229296154646665
-0.332373693937902	0.673631168135261
-0.0649997308586514	0.0762182538692926
0.0270441299491476	0.0264566100732285
-0.155008764685602	0.212637742601237
-0.0556619456654523	0.0535160885358296
-0.845678014387119	1.5474059079672
-0.750802116577333	1.67074787595505
0.156737131107134	0.209158186101903
-0.362592618975248	0.539949862798898
-0.32117756812752	0.444100488947328
-0.0127134128380941	0.0116040211936573
-0.0837674347480518	0.110203462783256
0.093424425299469	0.084548615887013
2.52480998418306	0.634922772878525
-0.904749360147363	0.785637557070974
0.495912585808705	0.749538962195155
0.730503173377083	1.03380006486416
0.384504773376227	0.282786699871077
-0.966360799991687	0.538089436008776
-0.89095728605558	0.575802366178478
0.635604784683871	0.912370889578876
-0.301408627280488	0.114196567167764
1.1065167710253	1.24610102464347
0.0583351515269098	0.0575095715574659
-0.0127666023360623	0.0123703634029914
-0.260833506523452	0.211275303653512
-0.149440380186403	0.123710565590542
-0.278964961814067	0.384962328352822
0.476492837884868	0.838575392571832
-0.163859516815608	0.200240586593331
-0.0304175826894721	0.0258726064163632
-0.219719756069108	0.179445375529512
0.00343190233825746	0.00296597250181665
-0.0817573696204274	0.0916291283938975
-0.536897131288151	0.949924674299734
-0.197755943477957	0.241563963797474
-0.102554413967165	0.169928011801691
0.0429503547021446	0.0607663595378669
-0.018252349448818	0.0272972203029781
-0.257880144470237	0.369732039373917
0.0116590844879254	0.0122503013678361
-0.285609040655594	0.378831366045455
-0.371474603379448	0.572867626027392
-0.207494123559696	0.316160083606132
-0.156451565614272	0.222013117548683
-0.148480894864879	0.181489284298498
-0.0529848629100993	0.0620634023707149
-0.0854142266464262	0.18813194869304
-0.0663004893461115	0.0673992675969539
-0.0963719692706008	0.0808874312424266
0.0565413040166067	0.0671861379923898
-0.090952577081898	0.0869995365515027
-0.062939344509942	0.0348296609207945
0.490960129985119	0.756398742257836
-0.377865912117166	0.437615940782479
-0.0523960776975376	0.0336898616560004
-0.834101218840082	0.336744813199495
-0.260716133174432	0.211161839692302
-1.08873769816625	0.502806249640919
-0.0628059599093682	0.0347556752436137
0.163961594516791	0.183987711320574
-0.531682366816069	0.882261764502763
0.802690625808092	1.02313538819488
-1.69593503407125	0.705259957864717
0.400990998767874	0.596103539357168
-0.280946985730253	0.388397145020692
-0.180493191269335	0.220589549598148
-0.0710002421072491	0.0505074601447071
-0.0188478481961407	0.0122797539726644
-1.02422969053323	0.723033074239322
-2.39005864397879	2.32313770621982
-1.46330233215634	1.38006900816221
0.0887683500051563	0.102409990701957
-0.198339696496659	0.253071548366764
-0.205521411384634	0.341548429127536
-0.069511907788875	0.105572983698687
0.236431669239562	0.444455254645507
-0.195416891229925	0.278557301700128
-0.36815376338392	0.645184683798824
-0.28166167864396	0.343766767026692
-0.410445190063772	0.544090997163656
-0.196656194460468	0.23986878535616
-0.122775869351031	0.173431330534676
-0.146942492502075	0.112212543116119
-0.0942274359636443	0.115059090551126
0.398600395102482	0.490591565111106
0.133059217030692	0.10321072322433
0.161801944959966	0.199651412674385
0.95442093887809	1.78610605055125
0.387484518906246	0.314878304473413
-1.69625840182905	0.705523772543061
0.130390244521113	0.055711754297703
0.201366108386921	0.156222447383519
0.0829391888686957	0.0312031930136134
-0.0518745378552789	0.0333515933169725
0.177597349076324	0.184050182985488
0.00288245839188664	0.00249471258349022
-0.586937235044754	0.406028146644531
-2.16889798640267	1.13483944512761
-0.300738469574243	0.200209218201488
-0.263857291294276	0.306994947529918
-0.182075850403776	0.161370295311434
-0.0854579770858256	0.0664223174319772
-0.468660394666657	0.594520019211735
-0.196031735652855	0.289191476667266
0.183207618098485	0.313958814111786
-0.248919675881618	0.473557191034616
-0.182275532571223	0.292845979268622
-0.0122354096287706	0.0143013906601516
-0.0819613718591865	0.0831482183703231
-0.133622793652076	0.163269937225032
-0.319229288675364	0.440557889858121
-0.371971969984206	0.574049945395097
-0.7596404727699	0.953009708881038
0.954170191142664	0.883795947762861
-0.387936370683408	0.404596872487782
-0.964940467892438	1.25413722251932
0.196937142974908	0.103671316118869
-1.00196868605036	0.304687348735161
-0.47361897908139	0.115707480624982
-0.187320263813087	0.128711059188858
0.871059966814899	1.61976701059285
-0.201637077338389	0.224610498449725
-0.308183902117578	0.247411086973662
-3.8978436645449	1.30548208508897
-0.583438834002424	0.356755276495767
-0.593594937354714	0.533424137634579
-0.478600487900407	0.495533735607484
-1.16825017821317	1.91749940867709
-1.16265635913852	1.2069906023377
-0.187163024083206	0.128572817165903
-0.330590886176117	0.189793828809921
-0.248836117896314	0.147482087793726
-0.890658431559617	0.57544105395984
-0.586937235044754	0.406028146644531
-1.04424672069785	1.65971920032863
-0.395174609068573	0.672360194334233
0.0239633729734828	0.0310486758082268
-0.12631930264494	0.184223287917155
-0.0227693193271839	0.0277066382719695
-0.351476721997139	0.541839713221398
-0.181782767310826	0.28381326114909
0.193057016332103	0.240265319934694
2.29055358859642	2.41665116520973
-0.220183771785355	0.257161535226848
0.0228364014190866	0.0191106124130745
-0.502593858939122	0.391368853820251
-0.557074062543211	0.243988580759618
-1.1466536433204	0.877744410002442
-0.390108394003911	0.182584068814176
-0.134345963695571	0.0836179024880272
0.122509131821298	0.132858492731108
0.518479430806098	0.920301250634201
-0.103971573888585	0.0731425330679836
-0.38985152814976	0.182450980352605
-0.085470126621795	0.037244902358368
-0.228064363545001	0.17082293741555
-0.219486566363173	0.179280259716492
0.095044275891209	0.0668775446083058
-0.352661495314775	0.506040604871488
0.307047502619063	0.272052853630311
-0.182393404855159	0.161686034607768
-0.403370457818227	0.370975551273379
-0.742313648257817	0.750302250039969
1.44550806555349	2.08072634688412
-0.104014121218838	0.0731624085156438
-0.151376857979047	0.125508646778372
-0.293360606738155	0.421208656649763
-0.654674099913476	1.19891975449539
-0.195769843619235	0.269372689768541
0.455108591375896	1.02367120749501
-0.370891063181534	0.70408022859813
0.0116750534231551	0.0140908651200022
0.274556778295253	0.447994046057192
-0.0721572543605785	0.100647870018988
-0.332573616804051	0.477744757767585
-0.36988020250829	0.877245504672525
-0.233489277462421	0.233138032986225
-0.330275869226183	0.189581502774135
-0.261438033271964	0.211848280481976
0.651396752642545	0.728052754566398
0.883668170114421	0.705635013893344
0.132885183392809	0.103097862145718
-0.303026418838357	0.450384488755085
-0.0597390711212005	0.0807589498023748
-0.180272216579934	0.190909651257217
0.00534264326231334	0.00460700106547731
-0.261103929059901	0.360420838738459
-1.01333426947647	1.96502673590789
-0.206318292840603	0.206508412097398
0.173613560574246	0.200446502467897
0.00333102891592814	0.00393621742403047
-0.0555731546745007	0.0622895336563668
-0.378819952138476	0.439048378988526
0.230868460287336	0.24859393194057
-0.0589135616827965	0.0461210045663018
0.554769067769424	0.826157432885666
0.252849503816276	0.362194042699984
-0.180930132807987	0.230560719815119
-0.0328727970734158	0.0385189168065602
0.24320838518422	0.385313418590467
0.00321695446537512	0.00278156453505343
-0.200890751015228	0.223628622817492
-0.181540252683881	0.275184100058914
-0.593094364967031	1.05123177754307
-0.124776107179279	0.158831242564991
-0.560138203398342	0.92914908765182
0.361731113967025	0.076032888564632
0.549253007845013	0.37598319373837
-0.0729358578127579	0.0615177044428889
-0.655381910581948	0.70814578350858
0.0137205320809318	0.00812147174536276
-1.30813039530621	0.679867277020895
-0.390292597922951	0.182683575221982
-0.464633629480955	0.294114673004159
-0.13180384649266	0.180577439433348
0.344035713867532	0.419845880366788
-0.775977125090971	0.385879648823176
0.0246526155953038	0.025406558562564
0.267739344782585	0.272992266483964
-0.886243866435228	1.31183637538552
-0.0264050071535028	0.0255375638141787
0.208733733548201	0.242664267318631
-0.0257755362824035	0.0263400480203869
0.579681729889609	0.983584796931865
-0.592477329528522	1.1141103726532
0.0418373037762933	0.0548186842014609
-0.0978175875696346	0.133200160708066
0.243109306418953	0.277044943800416
0.139290629365036	0.159395358432126
-0.388268415623672	0.849944364982371
-2.15451821389688	0.46533654820635
-0.776895650665078	0.386553876102427
0.0940628388037625	0.0761845183970519
-0.591939796859878	0.678634905794069
0.16864821013583	0.118303657999166
0.265629643512913	0.403878352381924
-0.274401228043566	0.473713515321728
-0.400898215103303	0.509034035508119
-0.065927807816164	0.0669962559073934
-0.0716756590414094	0.0875092511261944
-0.0888514954389004	0.0948427425996268
0.122944773606436	0.107725300406817
-0.467549343577577	0.592687065267981
0.351318260459713	0.462805545411693
-0.0284354493979948	0.0258801068383749
-0.244617227715727	0.385801977244352
0.858784217192821	2.86397366124067
-0.290180732552136	0.415145994075831
-0.242444899571842	0.394015097385531
-0.209430869080135	0.37541864340127
-0.130315723813894	0.206487068243926
-0.101585387471314	0.118997409741904
-0.569081134941849	1.10174974660607
-1.53750270743175	1.21908386073123
0.400227894096925	0.594572801735088
0.119101520688145	0.150888053362633
-0.457405528517049	0.417583623853717
-0.727541902239649	0.78143260323204
-0.66898217395549	0.638419028917106
-0.260800236515505	0.211185387149644
0.0228364014190866	0.0191106124130745
0.263367958960178	0.333077793012092
-0.0232730690329813	0.02496916883064
-0.359252236714977	0.610218932920859
-0.810686728350016	1.06210455727179
-0.310572940367517	0.445331927233385
-0.324253606073589	0.578991735860963
0.149558644296107	0.210213170129896
-0.164580439562922	0.209411912360828
-0.183093503404753	0.243052699827058
-0.182111386134583	0.276256384439432
-0.523331246691863	1.03716008619362
-0.122222584753097	0.130191260186235
-0.404507981604996	0.291986479317843
-0.689313068149216	0.56784101294728
-0.333043696201395	0.547384934271777
-0.85278502728113	1.70726164016019
-0.536710445614869	0.585607060124074
-0.486203273812509	0.344571853234149
-0.356051056485303	0.329642124197296
0.00269102913256592	0.00233023199847529
0.358128516792496	0.526953394001628
-0.167620279835114	0.222149659982175
0.0198237982028104	0.0244438361165922
0.0924753987463584	0.128661482744147
-0.536706276442863	0.949410871690563
-0.07890765874701	0.100210685844952
0.110121241656785	0.144469397451321
-0.0841874779473439	0.11078315115307
-0.15896274813267	0.246820702670159
-0.357790412884412	0.643531703235548
-0.806310834788121	0.652866789803351
0.478652279686484	0.478696227557813
0.106275142775214	0.1288423849058
-0.359623644860555	0.437197700613792
-0.082430021565019	0.0742435062268262
-0.297499516657405	0.457881537825794
0.223603966586786	0.357661916279956
-0.194775770140225	0.277414003141415
-0.196587281588768	0.250398430649633
-1.17098632751379	2.60505671627741
-0.180274927974143	0.280883152728292
-0.310879128833239	0.525930244264726
-0.0832041541439811	0.0933715378927572
-0.0125614038815893	0.0114649985970946
-0.157563999759734	0.230784027360276
-0.280198562839177	0.430403438592729
0.0690846815514409	0.0978684726463812
-0.453629497492848	0.846949842307701
-2.35977002399762	1.35976890970338
-1.31233928474247	1.50813299623754
0.0206025585797678	0.0254255489981407
-0.0509867884527562	0.0432061864395134
-0.34405554132283	0.475926746734046
-0.158849148321641	0.226022337000446
0.15095337664467	0.197237539003432
-0.265405887361958	0.407380194648807
-0.0953277000239685	0.125738425588498
-0.220056207531051	0.335627391167832
-0.14714019041834	0.179541987971426
-0.296568067303417	0.455994461141632
-0.0369578408627615	0.0482044894848737
-0.0855725379926771	0.130649602513907
-0.587033724198061	0.406040554766397
-0.485343493074152	0.696758395727497
-0.232779941024009	0.23219184634483
-0.947003742636558	0.940862800579063
-0.085829740750209	0.0374157515734089
-0.717236187201293	0.481163844662929
-0.0357948215135862	0.0384058917982795
0.0422657140237839	0.0508536029032328
-0.758472375747637	1.16829706322225
-0.227746278942128	0.368501704008863
-1.03575359921799	2.96278468087796
-0.40937729074322	0.676189089097392
-0.284237756399689	0.464242575687011
0.107754931794822	0.165339854446467
-0.3050074241899	0.530176520002747
-0.0259502627870549	0.0347779803203838
0.148872943916734	0.120765870536963
-0.182028275032337	0.250331421835696
-0.289246858385088	0.336142205341729
0.169026016111526	0.118594225415526
0.0833989200560777	0.0313759525619551
-0.473293904201552	0.115599424911331
-1.36457759110601	1.20691961439594
-0.417443894482769	0.645540789008503
-0.120104519302965	0.146779560013608
0.0957535926072543	0.0674010745524995
-1.95113244394185	0.916841763510033
-2.16865814881782	1.13472208209004
-0.170328744260039	0.29471028701057
-2.15421911362844	0.465312945107294
0.102489223447596	0.0599500987397302
-0.411994062840444	0.476066125020866
-0.591446969510513	0.642013231083911
0.272887854775155	0.201245180067905
-0.173171789932545	0.0708505061620851
-0.0631878242340126	0.0349692692370032
0.0952540345027552	0.0670266523572803
-0.555609196295194	1.27721617365333
-0.134345963695571	0.0836179024880272
-0.318076896963085	0.641300905472986
0.222402366914451	0.23216590261349
-2.36013357926963	1.36003987653553
-0.13756243305233	0.138733489976493
-0.158570659047339	0.232574714975767
-0.135090785507477	0.165324833770957
-0.140417928340386	0.228913867801154
-0.219074969150961	0.460179832254338
-0.330495684330852	0.401916260154775
-0.271993449480125	0.134278402059596
-0.103956186665181	0.0932749385483282
-0.0587549084036104	0.0459905820717919
0.0450941260675235	0.0283925509547123
-0.83386970704689	0.336531070045138
-0.173318332236257	0.0708869259391728
0.201554528165957	0.15637064884533
0.334473325591891	0.566254426024301
-0.0531128867466798	0.0341476581419672
0.00678910213874217	0.00503454485183877
-0.181473094309231	0.266720884350235
0.0914769788408954	0.127106603519658
-0.252828603205954	0.322437453384292
-0.965757864408741	0.537779520770445
-0.155564482461867	0.213554931934274
-0.175584483104057	0.377176598986653
-2.15421911362844	0.465312945107294
0.666096899545926	0.539013325390951
-0.35025786931895	0.366644210347171
-0.183273982239929	0.150887706726681
-0.18691847595152	0.128390331364202
-0.743147293278306	0.435938801820909
0.101462584153876	0.0593376877785001
0.69754510731048	0.533656451047042
-0.170172859126217	0.249956964561283
0.697191496361495	0.533231049004898
-0.389148824440637	0.406221056203223
-0.027230353496189	0.036556254509706
0.124073830638131	0.181085272370841
0.258429340889364	0.318689363695177
-0.384896844351911	0.33015307849116
-0.423496798148596	0.677083050991253
-0.39268298466104	0.477322791035812
0.0107767567513389	0.0134452977521489
-0.0499576568892128	0.0507888589163145
1.00461386381769	1.36491146761077
1.32936494447391	0.775253525639745
-0.834442183400278	0.336868136059492
0.260939867167476	0.182303766741129
0.3986608224721	0.541542520726133
-0.249270204834663	0.147789290806825
-0.54052695408212	0.621748234122988
-0.768719864507212	2.00358976075374
-0.226083278149711	0.323585029147254
-0.0582908039024505	0.0456150551236806
0.129690974521995	0.0554121511236294
-0.278621295135493	0.206556098928513
-0.44452089325208	0.378202701355257
-1.23050687950477	1.49648039436262
-2.15451821389688	0.46533654820635
-0.227564242883803	0.170385380231934
0.0709604737353345	0.0830666254233713
0.144700258535103	0.184951987315848
0.973184384112422	1.50543264921393
-0.839362095173233	0.613545737934723
0.384283039958887	0.174358326864531
0.641644035749142	0.545748977382288
-0.701272710536001	1.48134157971488
-1.13372955037217	0.698876373405479
-0.273909061177602	0.256045494879463
0.312836103779309	0.674302547360608
0.0560044457326857	0.0763639347027577
0.399331596393537	0.54283721429898
-0.436404795711243	0.241050168239748
-0.0633302519116082	0.0350470163490283
-0.35560877145978	0.329164829810967
-0.27098129055271	0.480439077885334
-0.357121397399853	0.641649032078015
-0.0820897366246176	0.0920333224791113
0.0399711362965101	0.0403243483238951
0.525896009970842	0.657239538658742
-0.953658822098099	0.753937289772998
-0.907146061439477	0.959461071515957
-0.0125471761570291	0.012159164556735
0.505478417401402	0.71483182712388
-0.104014121218838	0.0731624085156438
0.196780027356607	0.103577238966402
-0.744018180136598	0.436625188976602
-0.583656031966242	0.356902286202087
0.399000621977514	0.652597218708025
-0.238893584109383	0.161807118362011
0.570327950034934	0.593279792625094
-0.156535722102523	0.222148997770816
-0.388147873011874	0.79423491421789
-0.36710918993802	0.507625459468262
0.384821339806977	0.174680639182499
1.36287266390436	1.69447484391748
-0.908188365286196	0.961612927129647
-0.535032939581317	1.19991665082673
-0.115850045450381	0.168510563819721
-0.247467254634336	0.274704852353309
-0.155554520362803	0.147539347120239
-0.295119133923204	0.292665029678278
0.23571232323844	0.20827609408742
-0.0628059599093682	0.0347556752436137
-0.385338187280013	0.574343971565659
-0.479440345235371	0.923041184623025
-0.0211614348959426	0.0275220829585181
-0.205361161993792	0.312026585246634
-0.502389919878131	0.391164473912894
-0.277383179399773	0.205459804578473
-1.28202025652906	0.865970058818371
-0.464535996564184	0.294005239624238
-0.591588370779012	0.453574249796409
0.167770361947824	0.322756752699861
-0.0414617839896385	0.0298010139171834
-0.156822743472517	0.148910369327946
-0.207707533485947	0.316555817941024
-0.202175177773553	0.344138755834746
-0.126452940926376	0.141403865306303
-0.404987033873702	0.292440183228284
-0.59148954354181	0.453468760711425
-0.239958862757259	0.279338438961772
-0.333757940428816	0.581728960991038
-0.181227940399648	0.315013712141703
-0.123065837929704	0.173903601553826
-0.0610643198665595	0.0653898347153889
-0.440555211956583	0.680397994095111
-0.446153016933387	0.712803176875274
-0.150818127681526	0.234332785085608
-0.150696017710434	0.240353340620823
-0.163678332145079	0.191662395939531
-0.14247697877881	0.188809888486566
-0.332765423815123	0.546732540798792
-0.953562717071295	0.754051531816042
-1.16533800477678	1.4946544061537
0.302794946658114	0.587624011717446
1.1411143586641	1.09849961633018
0.0213959219472444	0.0178911305520939
-0.15255877115543	0.25031967826461
0.399750917900609	0.792538894194507
-0.0383000477106098	0.0368510013192155
0.196997544716947	0.103691001666309
-1.15674840876939	1.05094157808827
-0.218467029173706	0.254704432132707
0.544886477368333	0.625715532053132
0.392878487970496	0.391050428063394
0.128555409627955	0.128432134377561
0.0807887054901732	0.0845240368200331
-0.618464823767848	1.36688992403517
-0.150817973483492	0.191996643209333
-0.156720604076472	0.229293414062279
-0.811277662146719	0.865646797276717
-0.0676920859810601	0.105635622150737
0.668136690113505	0.893068827242277
-0.121413894597159	0.101243429292801
-0.222940190271113	0.391333076878568
-0.398560141869914	0.914414123958737
-0.56830828898155	1.09974369404864
-0.277590454921538	0.205617371965881
0.605336985679594	0.561636511140407
-0.0988848841999376	0.10010317987969
-0.286508410513891	0.60116803076578
-0.0779064678061616	0.105668613025151
-0.0984050504858735	0.134072942334594
-0.277215925894932	0.503811329561609
-0.960815065012442	1.8669671760412
0.486880485212798	0.781700291444432
-0.210899467080092	0.290504240307532
0.639528910095332	1.87362487493813
0.349151220346545	0.707832754261797
-0.105681091113863	0.139478806987662
-0.390292597922951	0.182683575221982
0.299695006475728	0.254461103025562
-0.0504216882638083	0.0763408754598155
-0.0706816745287086	0.0502760850209133
-0.705841299771666	0.845815862502237
-0.650344784829621	1.74545435564764
0.130116163387013	0.20503731754469
0.156570662883721	0.208917116115381
-0.0182846013968201	0.011914539169526
1.7538712570538	2.8589500420599
-0.200367787703088	0.222892341552707
-0.237996960737891	0.43936175474183
0.378031251146852	0.837492828358704
-0.302792296337719	0.525318440243071
-0.434397432606931	0.647803267085404
-0.000299306486918186	0.000307305329469209
-0.441785984122655	0.683295076466332
-0.248190853349849	0.426243774163343
-0.0944262556385377	0.115334473885415
0.275611989076317	0.4500849865312
-0.154428956817219	0.266771015494309
-0.106038344067253	0.157851564307896
0.138661175669518	0.173394804966465
-0.74070558473626	1.48202927390959
-0.569043723358063	1.10181418540426
-0.774496781512688	1.54886116473963
-0.29969523558502	0.19947231882622
-0.301760517099524	0.114337551940054
-0.302467259080811	0.11457564829848
-1.08385863038237	1.06491912286079
-0.11275275033006	0.173700712726019
-0.151016533819134	0.125198702370773
-1.04504739009129	1.66165478177813
0.0617303815040069	0.0922656978743472
0.147154284249101	0.273188266206676
-0.197929970669223	0.25245374926049
-0.587464891236514	0.406507529555143
0.283375003193727	0.21966775457228
0.0221947936535847	0.0185688603713056
0.0243941955355134	0.0326594597803248
-0.12150222326165	0.1875174437977
-0.19374308264052	0.303313238839662
0.467116628104592	0.875910919860108
-0.0495770051114735	0.0603724394779535
-0.0355938443056533	0.0463321760650794
-0.182934925849819	0.260727004390189
-0.0038100208243907	0.00427920008935069
-0.333770141142945	0.548996084395694
-0.0412108213651574	0.0481970270484381
-0.112312004021869	0.15835291565145
-0.245814650064576	0.388199104072283
-0.258373528332248	0.456996085512493
-0.227297759617548	0.313504806958543
0.279431374525171	0.387578345858407
-0.090931209490373	0.115697612477525
-0.319790478282976	0.407507721629237
-0.308705046281601	0.247894074193885
0.735431857702904	0.527312093230812
0.0829391888686957	0.0312031930136134
0.83212757886328	0.704290131539512
-0.125467005771553	0.204397295301848
-0.46942788075828	0.457728062149979
0.462122409296656	0.542557625211068
-0.313537493778562	0.589800175792874
-0.139611637214514	0.22170435513755
-0.180980002468408	0.230612729069647
0.014650292292696	0.00866417064978894
-0.288528139780665	0.251208579827179
-0.121925481865847	0.12983560710617
-0.170172859126217	0.249956964561283
-0.298886024254172	0.559923904489355
0.060482579848646	0.080122476948295
0.284133550857486	0.41029487199852
0.279557238514492	0.471597078124932
0.13072578373221	0.184971383340144
-0.359784720046752	0.611498012257429
-0.182519096207805	0.242033867266872
0.501639094888721	0.98021207960973
0.221845358481466	0.314482767652774
-0.224775052252092	0.321235159701997
0.625936408352493	1.41632810935626
-0.275261706623269	0.47565424254802
-0.250054701441144	0.383375088283479
0.209489796082826	0.279257888514329
0.0706587731597383	0.0826846970189674
-0.370891063181534	0.70408022859813
-0.289303239913422	0.593127097040319
-0.494077134281306	0.569774991458425
-0.288485030706602	0.251155141014374
0.0716662953457017	0.047790900556173
-0.115395453154369	0.0618320589207788
-0.301408627280488	0.114196567167764
0.621458217592351	0.552831324827367
0.199460801378279	0.395079101719859
-1.21286357792952	1.91291266880214
0.391868021684804	0.362139705714258
0.0668691694127389	0.0902956211023667
0.376532089488054	0.79243247127332
0.324273682414307	0.492399762534653
-0.591390867982601	0.453302021961407
-1.23102835219963	1.49733249636325
-0.258235465653391	0.315248580303311
-0.281034252152329	0.537415284965026
-0.191718996611279	0.351460200780175
0.155612158195769	0.269896894710586
0.324780630961285	0.794313597791457
-0.180836125377657	0.265437182658161
0.0803326922432222	0.0840272831738695
0.0632228453814907	0.0723030154442844
-0.0622641347979334	0.0971444947884278
-0.0184115717920022	0.0230816280193652
0.268938610293244	0.423670954328821
-0.24969171415881	0.382685196901821
-0.322219873289633	0.479499733437366
-0.274553679825972	0.550279135140248
-0.0206349569819869	0.0259462611219151
0.0659409825987835	0.0847159013533614
-0.295600450580087	0.453995700763868
-0.0726152711071781	0.0696377960666245
-0.210764728431885	0.290267665424242
-0.224572597238919	0.394940672562262
-0.333151749510717	0.547525221331037
-0.203933537158481	0.399853351279149
0.238696331945569	0.408379562039546
-0.327695615893071	0.828397521598632
-2.15421911362844	0.465312945107294
0.559427772717959	0.601903602857309
-0.412689259003083	0.477242387769048
0.824193648939698	1.61335006156632
0.0139703149538377	0.00826757430059525
0.384135881010004	0.174338917171374
0.632457839881738	0.336889784000017
0.102099784607552	0.0597191813320251
0.183742719896062	0.247553862067647
0.735551484589921	0.527309050615288
0.39046991005431	0.346341766714938
0.303673156428405	0.508355750607692
-0.260179995472395	0.411718592771955
0.0794464975605611	0.0693658888783958
-0.744357807121081	0.436804219325966
-0.436242477974631	0.240941083882222
0.931942853964951	1.19222411966869
-0.241141070490016	0.226609351869021
0.264848381277019	0.335343104613232
0.21947017074224	0.268245526173142
0.10391991280812	0.125681744842064
-0.0650646543143777	0.0763036205668603
0.244641121686786	0.388279858172599
-0.148969287447167	0.230935092552603
0.214924245706287	0.25643367686256
0.0280140560127286	0.0274306424466293
-0.22767403104764	0.240297918771295
0.0348506967588518	0.0245939760849169
-0.500294244712153	0.987660036733361
-0.0835462963608246	0.109866621259223
-0.431610114984181	0.714343204081382
-0.504075796504283	0.835857580403281
-0.482823923384776	0.82625949147796
-0.139174092179053	0.215300003720501
-0.420878880906214	0.94800099863615
0.3944553825812	0.39308113881167
-0.513334609533802	1.35319217301223
-0.259759482075514	0.410824269109376
-0.669280452638653	0.638708295673265
-0.085470126621795	0.037244902358368
-0.776056450475121	0.386063720407993
-0.183030544891419	0.0944360307961441
0.159164090235146	0.154978275803305
-1.49835789476456	0.865005182980074
0.186328068907553	0.137691157598634
-0.101823355271482	0.119304800369675
-0.0467720051315526	0.0500708391832708
0.0561284839059248	0.0415738627721337
-1.69593503407125	0.705259957864717
0.384135881010004	0.174338917171374
0.385371515104365	0.251093348187846
-0.89091184303618	0.575820995097577
-2.35940655847784	1.35938913805502
0.0470149859068867	0.0379917886116863
0.301652090152467	0.496348412668537
-0.320040096142524	0.587061621821386
0.153669978619729	0.234576894485716
1.22130457541103	1.61517304753654
-1.15713766091188	1.05151414523097
-0.209064004736064	0.298168652430996
-0.132255667618409	0.125819698151443
-0.293500005150845	0.421448638330983
-0.477832851385399	0.494453541447749
-0.104870754497755	0.138277809949287
-0.350314359737268	0.576186765606605
-0.578245908749132	0.304934080913825
-0.583438834002424	0.356755276495767
0.398859692879364	0.529298917239891
0.94826236072804	0.708888486267877
0.283362122501699	0.219622059119822
-0.101906029124677	0.119404172867166
0.325979028832625	0.495635924083697
0.317784588279941	0.303996455221452
-1.69690533254287	0.705784063709911
-1.69593503407125	0.705259957864717
-0.062939344509942	0.0348296609207945
0.26157376756849	0.182851203303435
0.383504059774218	0.266240506649722
0.789528946560506	0.701924133145255
-0.539228331292916	0.619339426962442
0.602285086167164	1.44778708353255
0.255062368274481	0.426425342167783
0.0128955231734393	0.0155815374957108
-0.182185098312911	0.161471400542399
-0.184130573752077	0.139222594941011
-0.185626483744638	0.113021827490398
-0.0380693341422597	0.038838196138541
-0.40446291996499	0.711205159601577
-0.114579432691907	0.0613820610092134
-3.51246745183048	1.03638668849477
-0.806166867316809	0.652806439253235
0.226495979510664	0.284153230377467
0.0321451521900106	0.0159928036633183
-0.401252103764971	0.441474542523971
0.0496282327655189	0.0610026427787296
-0.620120646574885	1.3049275113487
0.645787943963964	0.906327208384422
0.594813094595454	0.34769206452317
-0.114866662670734	0.0615471926947323
-0.0180968840958646	0.011792107658055
-0.0833273818697813	0.075106250847072
-0.127801953115109	0.11428623391595
0.104737146757893	0.0979776819981704
-0.0113783560837858	0.0103809052173988
-0.15770707098745	0.22413192987454
-0.341474110310161	0.543946604834556
-0.222308902319285	0.32855253626087
0.443365690350966	0.692158061295184
-0.312803963353885	0.291157976995208
-0.181867539424121	0.161155760246022
-0.400401742655648	0.440196257352682
-0.0593784290746939	0.0464877407747717
-0.249290321429375	0.331464809496539
-0.0824855592330808	0.108338296803258
0.223518719254646	0.428429388749664
-0.559480412933113	1.40087982539497
-2.98625935690659	0.760136336044329
-2.15451821389688	0.46533654820635
-0.186015905770752	0.113295491069645
-0.248472077747425	0.330130741607096
0.0712213608475181	0.0386380393863111
-0.592855455889718	0.644161719856606
0.36151478124449	0.594489811631602
-0.0620416494103885	0.0757973452374649
0.245134183241843	0.225154546570844
0.383753844141199	0.174122278287642
0.130555833335621	0.0557677808362201
-0.512920681721189	0.432560353545336
0.102436540888166	0.104799973626049
-0.727020729761709	0.780417044338308
0.0104457316955781	0.0069942290691549
-0.792927608940108	1.49801762064407
-0.182368018064802	0.250957598073335
-0.347914507949461	0.640937928291338
-0.0615921773135689	0.0752102330635518
-0.66230786369871	1.10018465668986
-0.219646082044066	0.179433540571591
-0.27845162837745	0.206422562975268
-0.741625329683702	0.749303359410476
-0.591927324213885	0.453834621063209
-0.124005132047018	0.157718267971444
-0.0127338164433446	0.0154542501774591
-0.356414386395833	0.473262145349941
-0.142420570575191	0.195081507502984
-0.0768922112656353	0.104161857412347
-0.115447743265296	0.0618711095029766
0.625602342840941	0.744547795725925
-0.115675956155369	0.135490121023706
-0.15162180817808	0.193206263029485
-0.240355530826864	0.225764909855716
-1.30804228201606	0.680044106432216
0.381943315219466	0.212186929048949
0.697974658452861	0.534104234126189
0.979010193758096	2.0860131392587
-0.182871991490684	0.150511691546902
0.333796388421269	0.364549202836084
0.267839998028237	0.346896020843085
0.289573400618564	0.520500589087225
0.694783428575964	1.50253515961198
-0.263248568583729	0.403216588693011
0.0809366229452028	0.0846948384276701
0.0920990989379382	0.0832719269829165
-0.536466974156084	0.585225601641744
0.493406325114686	0.438466123188785
0.392591519489911	0.36292430872593
-0.44402062338442	0.377744759719275
-0.318669871946302	0.405615140798781
-0.0747130306774674	0.0798978161588103
-0.22370760751087	0.331125215581051
-0.26985471314514	0.440314887276626
-0.219886543025203	0.256719380352384
0.279261194984188	0.470879958064809
-0.212298662894618	0.361797888256076
-0.304356072858936	0.556497660552859
-2.35940655847784	1.35938913805502
-0.354964464550516	0.328489243449985
0.0869836387213057	0.106691634451501
-0.459867148451454	0.786496952960222
0.467956037563929	0.517843856142648
-0.578245908749132	0.304934080913825
0.0829391888686957	0.0312031930136134
0.954691874690979	0.88422216380734
0.532629341964219	0.648427659826732
-0.0210766701458719	0.0119734962096301
0.381527189093569	0.211900019936529
0.277416106957057	0.300318670506177
0.368674372044649	0.682213641380638
-0.282847696644712	0.502044226379889
-0.425901760186201	0.835596321344097
0.31774858792184	0.30413639341962
0.488382467538249	0.452384641983
-0.404706728429696	0.292182997049605
1.33502775399134	0.960323657236497
-0.591673125183135	0.45332186332738
-0.591828261289837	0.453809092898902
0.728383692392336	0.870726072628996
-0.134214164013346	0.164098520723522
0.257111998701838	0.436424856945196
-0.329972856202961	0.472780648030252
-0.249413554233326	0.3821452830828
-0.319341007560703	0.40674694059658
-0.450962110125611	0.520663219804758
1.06066957580381	2.85682300845915
-0.158955816773612	0.240060515134005
-0.372453566160504	0.242448039725143
-0.284211060174677	0.298992061044328
-0.139725072084582	0.184601583186096
0.366020495764767	0.65559465495965
-0.430115234054397	0.446933410825505
-1.08883959716381	0.502699505381921
0.19731174810534	0.103871798085957
2.12633778846016	2.56060877306305
0.487672929849231	0.451591481931451
0.483100923037735	0.465409190751498
-0.947772898159206	0.942163318344537
0.147968263601655	0.139299141506533
0.305863967411101	0.52072345208123
-0.502632121084736	1.17213568819281
-0.493330370053816	1.07355431266961
0.0384750295533121	0.0333986840550196
0.0956086190971453	0.0672890441351927
-0.115734971520482	0.0620277895595157
-1.46304595625355	1.3795940467447
-0.57807556816897	0.304778520092845
0.735491616147676	0.527353423758431
0.393485895911222	0.391912131095853
-0.0889861570073427	0.104316476934121
-0.290709157196732	0.461554388048693
0.20372752409131	0.352963935435226
-0.0698798050046809	0.0947745648538463
-0.209474463091162	0.309559667878759
0.0671611234429099	0.0864002938239887
0.0591547729761073	0.0583503714563174
-0.251181922820817	0.319801096298082
-0.132099391488712	0.125650147877769
-0.372102689879336	0.473239156487025
-0.196508451063133	0.290072142029964
-1.26050215209318	1.04084556815173
0.102489223447596	0.0599500987397302
-0.363454156075754	0.289197208331101
-0.966198513599258	0.538168127121678
-0.209146202418528	0.197125039678685
-0.592739937465983	1.08296886937855
-0.34325261604128	0.5116819636545
-0.311349578703506	0.289419688560645
-0.833078813814502	0.336107745697302
0.19687685317515	0.103637553625753
0.697324907966121	0.533369756821401
0.272692689652606	0.201051761305512
-0.404987033873702	0.292440183228284
-0.0220375361345324	0.0125141497063258
0.245282262653283	0.225308675397367
0.402171632306041	0.899291054951433
-0.509420614642518	1.08553376650031
0.425372045911278	0.970154656838148
0.148793231218423	0.0987381865500341
0.385448561596048	0.298511433361762
-0.22789768925236	0.170685484068617
-0.115734971520482	0.0620277895595157
0.789629404782175	0.701960653911999
-0.591729350325486	0.453724018395289
0.666751993099551	0.720466077961844
0.437534015330608	0.721564231754792
-0.0777437195339654	0.105441676467875
-0.702612381134212	1.44250956856116
0.214931783825472	0.331537176724941
0.246593308170894	0.392119848274962
-0.674277530773642	1.38473104523531
-0.0127840087392957	0.0109220302901689
-0.273295671203496	0.348395553760376
0.306235905957452	0.27121692922313
-0.442091716422919	0.485449364648804
-0.054750527097643	0.0613088145807445
-2.81773085275798	2.06625515014144
-0.262160115573907	0.212468680263162
0.28197417470839	0.483476462648442
0.169339539852011	0.118808183471211
-0.295805054843179	0.29354928529882
-0.274680643049438	0.474348998015468
-0.226321756672889	0.376779696471354
0.0922556769753168	0.0834242639443749
-0.248739245885155	0.147376678732226
-1.36558504347067	1.20769421541621
-0.661419215521328	0.673149506973856
0.0250881274342123	0.0258668282433191
0.865161956407499	1.32949394207299
-0.182998260556965	0.233614762732576
0.0253137432504768	0.0290904342034727
-0.216288979447942	0.349684144540956
-0.235652128142351	0.348146991265341
-0.140366226066599	0.18562773053047
0.53564122902702	0.866366468823092
-0.117320172766282	0.118528966272264
0.272321540837925	0.2862276450246
0.12666815668	0.0791415613438096
0.24512383261273	0.225131528614599
0.0561284839059248	0.0415738627721337
0.147757708008066	0.173606284735804
0.647881528274743	1.3890641190593
0.0792447436578876	0.10060860813926
0.0256391489776305	0.0294610585131237
0.259397036423908	0.386376965922756
0.131660205064096	0.174054612555717
-0.0737920317277211	0.09694408929446
-0.170826746840457	0.258741244241773
-0.0116580828654078	0.0119144984298351
0.0628622501786258	0.0762685322473336
-0.25959427802043	0.410506557043961
-0.230419252702045	0.426236359456535
-0.790597790849486	0.89387874766782
-0.482658867399456	1.09773438472308
-0.332243559988179	0.328522921007424
-0.443400837625418	0.87146306705696
0.151349783466809	0.258370731255614
-0.6225771741437	1.10289772415364
-1.36539266255741	1.20774428353222
0.0140833190921492	0.00833357685317767
0.336363767667443	0.378173360534933
-0.149876790932964	0.232601662588731
0.1635073067294	0.242721385901922
0.133450067200381	0.189488386285915
-0.669347458061624	1.79787723928642
0.0781353819301202	0.0990860745140359
-0.538359638261763	0.953552961817375
0.0636491102117392	0.0728268934987956
-0.576670073877692	1.50455278103195
0.322116800966252	0.47948409549196
0.47598348006683	0.837252652561457
0.494567743605348	0.746778232721216
-0.343431603372828	0.474855341074415
-0.591628249224613	1.04675297906942
0.000199283761090523	0.000278226565961911
0.25512723115427	0.426562263672958
-0.0576527923614289	0.0647626724293618
-0.171026462434937	0.251478730287638
0.00906847828885062	0.00951800085500611
-0.239178422121408	0.399381288327653
-0.144918216958701	0.217317240990774
-0.335123714678519	0.649129965947442
-0.890541661922905	0.575397652045534
-0.318393998162349	0.553959227935705
-0.395365626475006	0.945269764195065
-0.300149534965781	0.331840026107822
-0.577664577229696	0.304481405888821
0.0143786507649909	0.00850536965360854
0.0930539849221718	0.0841964074909925
0.203540541129608	0.265158071954212
0.252286517982658	0.240163732313848
-0.561196474962045	0.93181712035351
0.626483155290288	1.25673388816257
-0.0880757202967915	0.127412951737454
-0.0539839041704036	0.0633100309947405
-0.0366276883691845	0.0477579148238658
0.431680450310634	0.81480130741468
-0.493652439834029	0.569152210254724
0.795993025287591	0.862241919456182
0.684063940877	0.713427302568261
0.392737487677537	0.377156386297626
-0.0948508302746596	0.0795152532166934
0.207171159736594	0.308112469886032
-0.118330486053149	0.177294325011398
-0.0518087245628556	0.0632536638471773
-0.260492336033707	0.448199538818328
0.0348339045853752	0.0410030509311897
-0.136482155384505	0.199327469512738
-0.34102728470915	0.611497157901388
-0.148634154363818	0.113571684419393
-0.355534061178577	0.67323180488615
-0.776135871246149	0.386118775966781
-0.839408700370123	0.613459633702545
-0.114579650779605	0.088323915507914
-0.400612765744798	0.50859384129794
-0.266132711713307	0.353233726451507
-0.381966987679592	0.762369344029138
-0.094577150557203	0.124649584548674
0.154762284538669	0.268079634270743
-0.833675268014235	1.57365523571507
0.633566810910286	1.08189290077627
0.243869082922047	0.277912101567506
-0.240514370545014	0.225934072411092
-0.741771427413726	0.749617128515545
-0.592492654636827	0.643669142899302
0.645984050099266	0.906477307851804
-0.0483359327441898	0.0611320031293299
-0.0130333636470524	0.0146389522280946
-0.348260742523144	0.641700472972105
-0.284080289751421	0.609421252220881
-0.486582845082556	0.344868748938826
-0.139134492693926	0.0397113788160752
1.64898954883072	1.45391034589514
-0.435872291082484	0.240660305444682
-0.216133057433409	0.349332997056814
-0.441195856151374	1.19208157224811
-0.0276355616114735	0.038282892249515
-0.104304782263201	0.0733876658991616
-0.308559607459159	0.247787454402326
-0.700884931521114	0.526689483216691
-0.271802274974299	0.134180973455966
0.166501507543095	0.0794584624384524
0.948140777876843	0.708861171264319
0.393366637469923	0.391700542585847
-0.270929973672778	0.442619447966532
-0.482561812776337	1.36190732506871
-0.18081725245731	0.290024368404379
-0.16283070211571	0.288580755780324
-0.591041490358092	1.04542288089088
-0.502830923251417	1.37321329085449
-0.22707615904917	0.418135950173602
0.0687929763408169	0.0974209980933907
-0.268667583491735	0.398697670682026
-0.246195956235352	0.389034465213794
-0.506945461850792	1.05452843077243
-0.791971039531511	0.895453815863506
-2.98655368438579	0.76047297320997
0.780384280304085	0.331153446143224
-0.405267444222151	0.292605055251777
-1.25944147707589	1.03958561611984
-2.48252563336175	2.54662875810162
0.0668836102824506	0.0860251230657263
-0.300515433485827	0.200002757018845
-0.238848241081	0.16178079036033
0.92214315665141	0.335592961203935
2.41005851761939	1.98610127025342
-0.300955997008493	0.114002992802927
0.169013063230402	0.118588851044695
-0.332149829518135	0.477052773609042
-0.127503254306733	0.191276909728186
-0.209652399757091	0.299232962733047
-0.22244395376382	0.390162519565984
-0.25317796221668	0.504762278754849
-0.18563479473653	0.394562011610456
-0.156072572345109	0.228118374591535
-0.466232702176048	0.942646502863546
-0.168241308567132	0.231138963764067
-0.53070514634109	0.54629163720228
-0.495412278145115	0.766641566603904
-0.517675169193412	0.742602125852918
-0.563664872589545	0.997905430214589
-0.379078894348406	0.545471449778469
-0.314426900246543	0.649984897989933
-0.250457066050843	0.464514814749515
-0.021503472945557	0.0279751302530816
-0.342926898696921	0.474003494149352
-0.592271419302771	0.569549220607367
0.361525050252763	0.075983014787952
-1.14714536842724	0.878640811835919
-1.02447796654389	1.07553821016399
0.569453553663671	0.361928018197525
0.129599382152041	0.055374544630505
-0.329783682732456	0.189267657676448
-0.185426445664233	0.140276901464727
0.148700905511284	0.0986564586583456
0.860075458719782	0.866228235067299
0.570299345096173	0.362541627885638
-0.577544215954488	0.304376817410782
1.03195588716494	0.71608761001041
0.0713272648091526	0.0475508539113841
-0.272018769769472	0.346310420971264
-0.161876729629089	0.266111970172251
-0.494804100672215	1.07847922539975
-0.396104084433715	0.674678239100984
-0.289047020589593	0.335950983802001
-0.0547926713568864	0.0613600222920953
-0.417072427408846	0.644730986617234
-0.0584607309640251	0.0906734457779875
-0.0160504521695174	0.0250838888930912
-0.218412282796928	0.468011072350926
0.718208982280444	1.90865117967823
-0.0202726853543245	0.0280188987259114
-0.333709429141889	0.581879655289319
-0.492469514295852	0.896822288046372
-0.180943458869302	0.211671949870672
0.278413908164373	0.38579405766041
-0.278221331870538	0.506285121567459
-0.129354754522227	0.22662342604677
0.00399823783892276	0.00504704988704672
-2.52881555740418	1.59007413071413
-1.08838782990323	0.50252543592817
-0.390457511569293	0.182767055906993
-0.272478032238977	0.134552377386226
-0.389595045515526	0.18227543759944
-0.55773242323011	0.244317689807602
-0.373408791979077	0.367912043419646
-0.15204642334921	0.255556167859298
-0.0567833520475574	0.0790970375095167
0.249509788253693	0.164553753833306
1.10583909412986	1.24500808559693
0.379835961521418	0.191761335568766
-0.583378923609912	0.356713788685056
0.845548787089058	0.518148602075924
0.883855813882605	0.706232606725901
-0.0959036188045878	0.0804676992038906
-0.0568427643193313	0.0718770854048738
0.00541399092145097	0.00639914230948511
-0.243408292732485	0.335731605647468
-0.133573810025821	0.163209940993637
-0.0133998377662486	0.0106255927515714
-0.282786054721958	0.297153695107015
-0.26952866503969	0.400211419392707
-0.168168779625594	0.246355224487953
-0.191119007028527	0.333036179452592
0.0734480956972821	0.118075214990604
-0.040929404431858	0.0648664774411885
-0.13914513436855	0.215291207224346
-0.1337079507656	0.223421376572953
-0.11967160576909	0.163579175361504
-0.0166488950853805	0.0260450240866811
-0.320726798257192	0.44332322701334
-0.035754791214111	0.0383565214152408
-0.449297519469729	0.720232716225924
-0.54260676411978	1.01983823063642
0.0318200333702839	0.0465629886290258
-0.0200656026824874	0.0269013559048463
-0.123173392749846	0.200003805245953
-0.373111493371038	0.242966235418229
-0.249413784508257	0.147897284378335
0.0507914144353033	0.0527153565969944
-0.0906109698853807	0.0574019932671928
-0.104304782263201	0.0733876658991616
0.249369325012277	0.16443973504604
-1.13360891831536	0.69875734400831
0.845429272841547	0.518063989020872
1.53822798670443	1.0175260975171
0.273227089591777	0.201506783869701
-0.223100932460161	0.247995430640287
0.0485382002816728	0.0563725882467179
0.23500493199131	0.308504598581371
-0.198019642505146	0.252596316116158
-0.536440676574623	0.585128919584933
-0.0896769058061631	0.0958042611382855
0.272263488393475	0.286139267247417
0.278216567088091	0.301466844458251
-0.0728390577324375	0.0777266250194279
0.263991798864268	0.401233070576134
0.747192370765982	2.05016353828562
-0.491890970977431	1.04722130720179
0.0309665778299774	0.0422603464661492
-0.180011219039832	0.229127345568738
-0.100878977962474	0.1283097544924
0.265298169786913	0.410114181992958
-0.169601363129927	0.241275512437996
-0.126562996214906	0.189645195021851
-0.26595243633607	0.310036206153242
-0.553569514842973	0.793476871163564
-0.104348041737527	0.111199566938166
0.252210550997143	0.360996385794027
0.308505995809597	0.403367820818981
0.0400726176011322	0.049988619722355
0.0165912135784663	0.0186241707192513
-0.154421358499991	0.211665951789939
-0.908301613517242	1.1292178712312
-0.55735975728574	0.244140038228301
-1.13273883278987	0.697901101556187
-0.0859497001478128	0.0374642140226781
-1.5374048617873	1.21839121415335
0.00968498139996751	0.0144506772368412
-0.213852219618474	0.365169811354868
-0.0184934217190925	0.0120495228743474
0.507644342220294	0.412342820833966
-1.64197653742694	1.73498164898665
-0.30085522540367	0.113929791311759
-0.301509428217989	0.114203380422749
-1.30721390223234	0.679141218144758
0.478130851504382	0.477980739068288
0.320137351965737	0.45808007293567
0.0496292168199458	0.0664061520445778
-0.25254885408731	0.37427803183521
-0.639497493826983	1.48259238138746
-0.842789960173966	1.2021531648607
0.0670952912367415	0.0624223079711907
-0.482823923384776	0.82625949147796
-0.264670595336869	0.406169097031098
-0.0157783269585409	0.0223019714548342
-0.337433554746377	0.885724349728657
-0.222214012801088	0.532014466812212
-0.114531940210992	0.199616613808359
-0.445415049046171	0.877242892135149
-0.655695299080444	2.07017651125219
-0.351459872289	0.76614422337248
-0.437442925764704	0.747105699649456
-0.263781852068503	0.262701651984356
0.29317035905005	0.345966745982854
0.0803959987815347	0.107674557711126
-0.251473894001503	0.320277036505287
0.769126284946538	1.76097754409487
-0.155418863394187	0.268821350481754
0.0917464011130026	0.133587915914307
-0.120071526105383	0.184966796848916
-0.0525471841187705	0.0615221461095024
-0.205217020322976	0.321641964361751
0.1295077057463	0.0553313199790403
-0.350457036236612	0.763012937236666
-0.245196693113076	0.432125111665774
-0.806945479215046	0.653665062314085
0.0324209727839753	0.01613122861311
-0.134625873988569	0.0838105155869475
-1.95057211414036	0.916528474190867
-0.182753240317485	0.0942982306112401
-0.114723049960771	0.0614667628134295
0.0447293906764951	0.0281619491634537
-0.0888785821346638	0.112866624520324
-0.0469788685087767	0.0651548105829216
-0.253738376000975	0.37653471067778
-0.1228108710974	0.102484164892517
0.321827603574453	0.319047351958613
-0.166982901483708	0.221157815383917
-0.227831084026368	0.379988223572256
-0.358539518145169	0.80074168872678
-0.246153762885784	0.326310507140018
-0.280691885512745	0.342327047487697
0.237100940738131	0.31190535776844
-0.336743170627775	0.729604577279414
0.190441448230268	0.336557572499751
-0.00421233131769073	0.00492616423867016
0.252580697758079	0.361681698590552
-0.979657476832458	2.74322675488134
-0.473727530282077	1.00593970596819
-1.66791990697452	1.05922175640846
-0.240140565805788	0.162729266655973
-0.330531750478295	0.189739709538567
-0.372196176349309	0.242238734612479
-0.193996361691716	0.285494677296842
-0.222851682836471	0.440087634228251
-0.732194495412973	1.78821510841747
-0.299877676704523	0.199599255757215
0.0953989465223389	0.067141656999629
-0.904509765951278	0.785331935772226
-0.578587199509314	0.305009438954331
0.00588857467864678	0.00190103027715875
-0.556614735142323	0.243719575714471
-0.530988378129205	0.546701698319154
0.147261816405943	0.206366463621868
0.0252043676161932	0.0337852432674932
-0.321323130770733	0.444367534989808
0.00711146762821427	0.00527168258388551
-0.028130461636781	0.0255966592157813
-0.925890867359499	2.06637386354359
-0.00365411733445309	0.0041048537798297
-0.21749402309598	0.410330173976483
0.00351295624029621	0.00527540466463787
-0.0700669842974616	0.100844106562096
-0.334022712592797	0.515470221828823
0.0438050837741578	0.0527946562641021
-0.042376249720202	0.0517236354991244
-0.171647803937102	0.0701732353428605
-0.169972057952095	0.264526554568385
-0.590770376527475	0.452558823386808
0.169365057242811	0.118850082826445
-0.839891114877875	0.614046372409918
-1.30693223921585	0.67908476077082
-0.520027306572872	0.471018068298061
0.661670680295558	1.37967961498149
-0.0127421400267553	0.017050029870987
-0.19662002659476	0.260722353256081
-0.180573561546947	0.305614334568307
-0.793774418324256	2.45610640472339
-0.311789583074375	0.556905236556061
-0.467919670372482	0.593331606857353
-0.324957281030958	0.517629365100314
0.852210052554473	1.02192022260635
-0.728535962368748	1.04233998058163
-0.341168372326295	0.543136367805399
-0.114793677658674	0.13433021866978
0.0388723975129956	0.0440355575518115
-0.159077896145881	0.177105594119957
-0.0202794884200948	0.027194921748756
0.0178441952288934	0.0234434630998568
-0.193105147401299	0.302068312958381
0.00377916740933141	0.00430691424754631
-0.336071166451734	0.246103746203283
-1.16286001134118	1.20739384197116
-1.13356027338321	0.698486262354335
-0.444333287567135	0.378007058465858
-0.129220181803832	0.151099176293951
-0.162529779445021	0.274156235306233
-0.031824013538593	0.0401926507769042
-0.260034875310782	0.530850346984091
0.076674190617994	0.115636972387312
-0.111020161950241	0.124326654257662
0.16447755255689	0.184641466063577
0.168147482236881	0.212368998805126
-0.520276712152383	0.471143430628877
-0.159693663766446	0.169497432273099
-0.394216274268248	0.609134105276437
-0.0613429675219349	0.0928375902251858
-0.0981758511503589	0.133751288680839
-0.120069630568726	0.146745534497552
-0.875963769984656	0.983479172575524
-0.835313124951924	0.837331306786296
-0.187841891002508	0.129099313284352
-0.213306319986264	0.187992006831888
-0.414985538275836	1.03545557628438
-0.265549310301647	0.481866704419189
0.11433152345495	0.195977620702011
-0.145874222311709	0.262776554950221
0.0741704544925304	0.102210612453635
0.467920876796786	0.878119489634461
0.115100533523369	0.153946550502832
-0.304418395571682	0.370591365953782
-0.20029183477957	0.234063438497673
-0.107738808740557	0.160811051905751
-0.454628404711826	0.753216183734478
-0.040638669993865	0.0674680613533899
-0.290525946652048	0.700405088295836
-0.138741956461136	0.24428236082404
-0.18941357279574	0.386549650577137
-0.420231740717329	0.802596416413228
-0.169154057829126	0.240504122022107
