x	y	clickSelects
-0.121008630181804	0.0550944149477172	21
0.111858698487145	0.0760513170465834	21
0.1113975270033	0.0759646004195066	21
0.111858698487145	0.0760513170465834	21
0.111525050252763	0.075983014787952	21
0.111858698487145	0.0760513170465834	21
0.111731113967025	0.076032888564632	21
0.1113975270033	0.0759646004195066	21
0.111525050252763	0.075983014787952	21
0.111731113967025	0.076032888564632	21
0.111525050252763	0.075983014787952	21
0.111525050252763	0.075983014787952	21
0.111858698487145	0.0760513170465834	21
0.111731113967025	0.076032888564632	21
0.1113975270033	0.0759646004195066	21
0.1113975270033	0.0759646004195066	21
0.1113975270033	0.0759646004195066	54
0.111731113967025	0.076032888564632	54
0.1113975270033	0.0759646004195066	21
0.111731113967025	0.076032888564632	21
0.111858698487145	0.0760513170465834	21
0.1113975270033	0.0759646004195066	21
0.1113975270033	0.0759646004195066	30
0.111731113967025	0.076032888564632	30
0.111731113967025	0.076032888564632	30
0.111731113967025	0.076032888564632	7
0.111731113967025	0.076032888564632	8
0.111525050252763	0.075983014787952	8
0.111731113967025	0.076032888564632	8
0.1113975270033	0.0759646004195066	8
0.111525050252763	0.075983014787952	8
0.111858698487145	0.0760513170465834	8
0.111525050252763	0.075983014787952	2
0.111858698487145	0.0760513170465834	8
0.1113975270033	0.0759646004195066	8
0.111525050252763	0.075983014787952	8
0.111858698487145	0.0760513170465834	8
0.1113975270033	0.0759646004195066	8
0.111525050252763	0.075983014787952	8
0.111731113967025	0.076032888564632	46
0.111858698487145	0.0760513170465834	46
0.111731113967025	0.076032888564632	46
0.111858698487145	0.0760513170465834	46
0.1113975270033	0.0759646004195066	46
0.1113975270033	0.0759646004195066	46
0.111858698487145	0.0760513170465834	46
0.111731113967025	0.076032888564632	11
0.111858698487145	0.0760513170465834	29
-0.076943409856468	0.22335141980094	21
0.024422371065703	0.371778139929284	21
-0.078435604614286	0.197703994034239	21
-0.118664791317112	0.240880817943226	21
-0.03760179977681	0.384666630505218	21
-0.041714659591444	0.371102225081188	21
-0.013914303709512	0.483650114422491	21
0.095797666042203	0.881775202856028	21
-0.106228203589261	0.238073084788905	21
0.022376256520551	0.569062592487949	21
-0.010783716484997	0.451220254232858	21
-0.003305159985346	0.39775690960526	21
0.035587611830238	0.504600032714958	21
0.032218091105304	0.399690315524209	21
-0.124142387745801	0.162979541178573	21
0.028860308463738	0.535273437799581	21
-0.097029172617975	0.247581443671819	21
-0.073670455815671	0.292958282715125	21
0.053171661757511	0.507157547216254	21
0.002276637361107	0.361164520819186	21
-0.041859802338693	0.241821422255341	21
0.021684684157278	0.359853020327546	21
0.049410743099886	0.572100842220339	21
-0.090879055017842	0.232097007164773	21
0.086051025654052	0.377673702120977	21
-0.117071266015373	0.103136757987609	21
-0.053437464127999	0.103456755441209	21
-0.055401885026799	0.214013173770267	21
-0.111162784843837	0.158796625474409	21
-0.057784050054763	0.239060482302205	21
0.000271593875032006	0.165112387034384	21
0.04975012367356	0.254528614353132	21
0.062448494574973	0.288016573496946	21
-0.064047713997787	0.137371570045172	21
-0.080817366353748	0.118714224356911	21
-0.031107355851929	0.1255320478051	54
0.011210963308023	0.182548741178366	7
0.103859260999351	0.488077499964229	8
0.072661826684089	0.320064399687743	8
0.073351496191612	0.490465759907249	18
-0.070550271587372	0.25990987970341	18
-0.083498492456905	0.0794584624384524	18
-0.120750269560072	0.0552181208721092	8
-0.120217517276932	0.055444175672436	8
-0.053437464127999	0.103456755441209	8
-0.084029652610018	0.0791823014085662	8
-0.119959348578592	0.055564402041551	2
0.011619601719882	0.182900353819704	8
-0.029996970132124	0.126230557259457	46
-0.063108377378325	0.138132528513476	46
0.00281951279305198	0.240736212896902	46
0.049664457667053	0.254506337134849	46
-0.120400617847959	0.055374544630505	29
-0.091799500957067	0.610236123563348	21
0.05859418954948	0.639918428730557	21
0.107594772419151	1.55305275478103	21
-0.119844793616772	0.378796425529156	21
-0.016076095411569	0.657875268844066	21
0.076869192194562	0.506262658874609	21
-0.053019133287193	0.435837443294513	21
-0.076117514555833	0.543561451149915	21
-0.099802169592954	0.323524550229678	21
-0.106568869340048	0.2745133087429	21
-0.015118232238064	0.628735519971626	21
-0.032316563597204	0.710903563471738	21
0.010092925617326	0.817842214839451	21
0.014314852312231	0.760695657268999	21
-0.064237270974193	0.225430447359297	21
0.07106057279539	0.751978834619927	21
-0.108070935519786	0.282450094324845	21
-0.061579161817385	0.259063653506771	21
0.045396740364248	0.639302701115904	21
-0.041456519696114	0.426094085914376	21
-0.106211705575733	0.211826628251689	21
0.071927986378159	0.319193279335412	21
0.042501177983507	0.237659143785839	21
-0.030578690270503	0.125883709534914	54
-0.013963466144049	0.145891398321553	21
0.051409599550014	0.374941145760681	30
-0.069780200330904	0.345626199043189	30
-0.063380903145119	0.137845740216256	16
0.066979009477973	0.303222458635652	7
0.003320622973156	0.571602876173466	8
0.028393503615729	0.676701504677688	8
0.09211413403677	0.636733393770945	8
0.049376549283511	0.254179859732106	18
0.046449085995437	0.359026803264543	18
-0.084029652610018	0.0791823014085662	8
0.022718290229215	0.201100423981864	8
0.023110723555985	0.201385381126741	8
0.00260345741864199	0.240548797618644	2
0.111858698487145	0.0760513170465834	2
0.111858698487145	0.0760513170465834	2
0.111731113967025	0.076032888564632	2
0.111525050252763	0.075983014787952	2
-0.120750269560072	0.0552181208721092	8
-0.108852759429811	0.207187388238303	8
0.018163440455262	0.484405449989298	8
-0.101490655716065	0.12046859285365	8
-0.121008630181804	0.0550944149477172	8
0.033753103137093	0.219999663434947	8
-0.08465899621888	0.0788257953267188	8
-0.119959348578592	0.055564402041551	46
0.076266265165205	0.334624723757203	46
-0.119959348578592	0.055564402041551	46
-0.027560001832316	0.232173109269588	46
0.023862063449671	0.288177528262924	46
-0.044628342544758	0.201024863640267	46
-0.120400617847959	0.055374544630505	46
-0.030238713725668	0.12609218340535	11
-0.120051049717625	0.0555267392668019	29
-0.09997166390434	0.347845815791104	21
-0.052580426854796	0.704181935316868	21
-0.074876310070986	0.652423089146798	21
-0.016241412637355	0.510771520498741	21
-0.01177089637609	0.690350480228812	21
-0.065958046354484	0.590366556833787	21
-0.108118830315737	0.391624011433031	21
0.074470748961605	1.63023648492479	21
0.072536198292535	0.764187960660043	21
-0.063369477314077	0.508683967155855	21
-0.095325840243461	0.489470242149397	21
-0.085381035485276	0.34607286950956	21
0.098480552868477	1.21996645052106	21
-0.12437059885899	0.224683091380677	21
-0.122073209383476	0.26857164409312	21
-0.096914909497758	0.425577069684328	21
-0.069650686564795	0.213663678953169	21
-0.102379295993968	0.156578322340579	21
0.00201534294231298	0.414367949896061	21
-0.079743983452661	0.417337663167317	21
-0.111379427010622	0.173334067801822	21
0.023409470695871	0.201658376609637	21
0.010475785368812	0.256881601439237	21
-0.024116900173597	0.191626083210401	21
-0.083642823229542	0.0793849320895882	21
-0.053872369041955	0.103196585302134	54
-0.013688663529766	0.146077269754332	54
-0.101206768781577	0.0987381865500341	21
-0.03591499296777	0.17388154410434	21
-0.035682693373084	0.174066141777331	21
0.03769885506284	0.329972068568691	21
-0.052642654416716	0.186987533874204	21
0.000330575787362009	0.165118538311345	21
0.0000311352806600107	0.164937656911524	21
-0.080923961904563	0.213698132497319	30
0.089671419348382	0.392934268608179	16
0.042226284598692	0.237352799643536	16
-0.054089782257518	0.103054617818762	16
0.111731113967025	0.076032888564632	7
-0.072402650923676	0.184050182985488	8
0.053837972876549	0.604906160846747	8
-0.06111570438258	0.442583084830824	18
-0.105540788692219	0.369219849665981	18
-0.036276585643819	0.173538842554093	8
0.056685423739959	0.271700007593336	8
-0.052845368101677	0.103785078945911	8
-0.122912237243467	0.0794325890432734	8
0.062368957735833	0.287924173680038	2
-0.048627303758814	0.227693019111193	2
-0.120567386866088	0.0552876504728942	2
-0.120750269560072	0.0552181208721092	8
-0.113695622937505	0.123938622094442	8
-0.044981969562666	0.267435372776097	8
-0.022129736319514	0.370845359124815	8
0.00542265144260701	0.4785930413977	8
0.048220145268247	0.474358448145597	8
-0.062802593860538	0.171177510593734	8
-0.080270036374091	0.119106598882361	8
-0.052470765558409	0.103976928781629	8
0.033427678038081	0.219661349091364	46
-0.043204189328273	0.202707306395207	46
-0.081156472419163	0.118458360031002	46
0.00852629762193802	0.384671237384627	46
0.113934295917945	0.600721561845603	46
-0.00564862708713801	0.224296715134638	46
-0.064902002166505	0.13663343528308	46
0.011823908101208	0.18306362744424	29
-0.053062857025092	0.103671316118869	29
-0.032239966581513	0.982873061616482	21
-0.107298712817088	0.472003569550796	21
-0.061088753170758	0.555898536034331	21
-0.118961871791297	0.38325988430403	21
-0.050020629342369	0.615817981804652	21
0.117449209293365	1.45975335052134	21
-0.098983199666893	0.405624880213649	21
-0.067549324118064	0.435431261291264	21
-0.015990938063026	0.621345143289712	21
0.00775902678242202	0.437891706418377	21
0.115037581570573	0.602726289910098	21
0.050258460805557	0.255026598935515	21
0.087334661189731	0.379317204538638	21
0.029161020377139	0.679101355110008	21
-0.054287722264072	0.51729520959803	21
0.090686949459571	0.394381797118099	21
-0.001441928017755	0.291084900335804	21
-0.067868988585803	0.244839666197433	21
0.110669024063577	0.552840831174835	21
-0.120841837250685	0.0551749725492299	21
0.011302644058533	0.182627685461558	54
0.00037147562064499	0.16518212451543	54
-0.00111155464569099	0.164049809185299	21
-0.08133894125422	0.118317976716943	21
0.049028224844087	0.253731387461328	21
0.01021795593103	0.256580493690421	21
0.00271147457058002	0.240660709374437	30
-0.083885332597384	0.0792630041957088	30
0.011506943025251	0.182790877005744	30
0.111858698487145	0.0760513170465834	20
0.1113975270033	0.0759646004195066	20
0.046207160876332	0.557130284089701	30
0.041687542956171	0.439148341413355	16
-0.081250454078659	0.169571202273272	16
0.094205074434464	0.420056572011806	16
-0.101256628829369	0.157937183680017	16
-0.014650682340976	0.20790084655308	16
-0.006830369799222	0.3333292936904	7
-0.013830267924659	0.145997444516298	7
-0.023713798686806	0.283850141985321	8
0.079592716861298	0.348893957670058	18
-0.123292038818529	0.0791809283939442	8
0.0415599849	0.236774232539224	8
-0.028338907992468	0.231207119252527	8
-0.100287926525565	0.195177856227459	8
-0.02600817706278	0.189680462523787	8
0.111731113967025	0.076032888564632	8
-0.083515285178275	0.209930850489112	46
0.00213461218401101	0.239980701944315	46
0.022807994244682	0.286851072183917	46
0.079862937159807	0.349300116027067	46
0.057134390627426	0.27207749889056	46
-0.013572545494622	0.146174028390621	46
0.042226284598692	0.237352799643536	46
-0.013172991658043	0.146438288652276	29
-0.119862119821078	0.493484317178505	21
0.020477057995863	0.912718236858978	21
0.10535792919711	1.38908952331498	21
0.053350404450333	1.01842093940641	21
-0.063580444098729	0.676775097262893	21
0.095222292889037	1.3189080252643	21
-0.087662520696043	0.489179546635588	21
0.015366487348382	0.93900228917942	21
-0.041101258120934	0.488465605543407	21
-0.07846509431506	0.352595856765076	21
0.062238071109444	0.782125145065838	21
-0.020788889265841	0.636095066842341	21
-0.107490802519804	0.510968747368739	21
-0.09176292822673	0.418056577082039	21
-0.099581863094284	0.324123344482651	21
-0.085169116233879	0.589085712944325	21
0.00369064758854198	0.724155686998307	21
-0.030756649982943	0.570336565715091	21
-0.108359390917219	0.367262826286354	21
-0.122819715236756	0.219485632852779	21
-0.012034386080692	0.493306047379884	21
-0.034380673477464	0.218355557208732	21
0.110875837731357	0.862128017660549	21
0.015156755729354	0.645383728620119	21
-0.118755163148921	0.17342629225591	21
-0.023649530735293	0.283942750761073	21
0.083697369255527	0.364452996786838	21
-0.064545118825862	0.224971083215253	21
-0.103275614379796	0.172243553114497	21
0.071978087946949	0.31923610972581	21
0.049664457667053	0.254506337134849	21
-0.036276585643819	0.173538842554093	21
-0.1204922942537	0.0553313199790403	21
0.042479421604029	0.237660784128121	54
-0.014345781256652	0.145621220792988	54
-0.083354164605916	0.0795256811066448	54
-0.052965944528594	0.103716923250848	54
0.032866518129377	0.219221400280915	21
0.011778086245984	0.183022787233715	21
-0.005658083668204	0.224305158896236	21
0.050343889940883	0.255170282075542	21
0.012299384255279	0.18340300926674	20
-0.101002543042587	0.0988862951959656	20
-0.015468803897805	0.394565030685458	30
-0.027656642185194	0.232084412309514	16
-0.005658083668204	0.224305158896236	16
0.092066910671447	0.406649017350222	16
0.061685407873206	0.287101002008984	16
-0.083498492456905	0.0794584624384524	7
0.1113975270033	0.0759646004195066	16
0.111858698487145	0.0760513170465834	7
0.050134416761583	0.373015766174107	8
0.04448460509479	0.545889795762461	18
0.067020936252263	0.303291515590849	18
0.023549084763987	0.287790362017836	18
-0.030336969286129	0.126037205246425	8
-0.1204922942537	0.0553313199790403	8
0.011665423649274	0.182932102832565	8
-0.120309025478005	0.0554121511236294	8
0.011098336576459	0.182456231983872	8
0.056482554121437	0.271495666158744	8
-0.063693180972489	0.137662180492515	8
-0.083885402982571	0.209366732291221	8
-0.030238713725668	0.12609218340535	8
-0.000109315905787999	0.164841428016307	8
-0.053316542649565	0.103465556136337	8
-0.013697093498287	0.146094010924253	46
0.080289531950955	0.349865800697364	46
0.011483534057257	0.257998933613739	46
0.041205179842843	0.236400410659305	46
-0.053340555204864	0.10351079472674	29
0.00037147562064499	0.16518212451543	29
-0.061696586563874	0.649289102378575	21
0.069211962001293	1.37970733438808	21
-0.00965780532350399	0.983744112831094	21
-0.038055774911873	0.632456302286912	21
0.10156150803364	1.29888262681889	21
-0.0000997479470190021	0.740493069653141	21
0.10817108996908	1.20776927972425	21
-0.115023523287428	0.261743552017439	21
-0.087662193428238	0.321334825000994	21
-0.068026524702383	0.465516735925424	21
-0.112301668924746	0.417739717755813	21
0.00341893782716501	1.26801242314959	21
-0.092493079129957	0.425689054903048	21
-0.095737032796269	0.497500959261674	21
-0.043658981856386	0.636339347423341	21
-0.00841869338941301	0.715588393786405	21
-0.101250999257152	0.403471047774323	21
-0.123868130900747	0.328390448187919	21
-0.105071640861309	0.379853661190503	21
-0.013635240123261	0.484449627392117	21
-0.09379731217143	0.208334557989288	21
0.11730187746775	1.03006063059912	21
-0.019325636385136	0.533487410769227	21
-0.084286884803534	0.460764093428018	21
-0.0950269115079	0.377917726390343	21
0.057378472193232	0.636374942427272	21
0.119934391293252	0.695388056177431	21
0.075961877398095	0.504482032313425	21
-0.09632072659865	0.184891429050543	21
0.056120357799097	0.27111303923176	21
-0.086866660235318	0.138076089888079	21
0.033519052111159	0.219660887186692	54
-0.100844455990343	0.0990019357724177	54
0.056438906634538	0.271440382768844	21
-0.024798216345617	0.19096609293469	21
0.071877824988808	0.319130246223493	21
-0.062384253600497	0.171596486502834	21
0.086421550873856	0.37823030970082	21
-0.102377219725299	0.156611525104019	21
-0.100640235593431	0.0991461450879672	21
-0.086341815591049	0.138550280212599	21
0.010587537346536	0.257012341966095	30
-0.116506378813784	0.103612918651465	30
-0.053497756973181	0.103424070088793	30
0.113714331417124	0.589973745025843	16
-0.052670470558024	0.25108742019492	7
-0.095532747939281	0.221207185356635	8
-0.110394695740729	0.251948439713315	8
-0.051567447604562	0.36183841367658	18
-0.071200194220151	0.235891995446304	8
0.086091498214787	0.377774587694051	8
0.077363538318358	0.335864459558487	8
-0.075293916760904	0.153697878011969	18
-0.100686365264306	0.0991129622070755	8
-0.014811575663722	0.20772565727766	8
-0.062941825885738	0.138260889550225	8
-0.084127860833259	0.0791356609109464	8
-0.000249793910905988	0.164736441383124	8
0.04205966152669	0.237223336219255	8
-0.08146901115533	0.118141921314828	8
-0.048800265891149	0.156064447195605	8
-0.087188824392589	0.137773240706865	2
-0.030480446715086	0.125945833582448	2
-0.053280320017918	0.103550825173407	2
-0.030238713725668	0.12609218340535	8
0.123634434494472	0.754235881918165	8
-0.026658239023879	0.390405758678671	8
-0.11084161194593	0.143401380272985	8
-0.012666205944971	0.146746197885059	8
-0.000109315905787999	0.164841428016307	8
-0.048134578400142	0.156658608632133	46
0.072294932017988	0.319638901524048	46
0.074273682414307	0.492399762534653	46
-0.095755875073911	0.18567543026015	46
-0.100936755716514	0.0989190218339075	29
-0.06200905197232	0.17190664329579	29
-0.02893875489881	0.893331312482189	21
-0.058855300262134	0.760359301126334	21
-0.11323405065602	0.511882267100267	21
-0.070216230588365	0.658427242996993	21
-0.106664697949726	0.418917229919169	21
-0.058493328753706	0.638029089815641	21
-0.095194821801282	0.400715476470931	21
0.00399285833558199	0.725537066026697	21
-0.098688668633346	0.353668081196563	21
-0.050437528753303	0.64525006057913	21
-0.03689108989883	0.696660721084936	21
-0.086285893133512	0.509757744950483	21
0.042022414134081	1.50625744873429	21
-0.041799679620435	0.85463786921195	21
-0.096021220650788	0.387543563435549	21
-0.040748541713383	0.685344128567413	21
0.04320530372306	0.965827276234585	21
-0.052692943737426	0.566858133156756	21
-0.111904704117872	0.304356056392239	21
0.102338521930602	0.74377313544833	21
-0.067142887972982	0.334475091505797	21
-0.04931179192495	0.342439199739146	21
-0.093902256852744	0.270888087574798	21
0.11348181006401	0.609671344880188	21
-0.11160231554358	0.142535389259864	54
-0.076610983168344	0.200166026641286	54
-0.036247112706957	0.173534697753345	54
0.097994174630587	0.44669133458339	21
-0.121139272270189	0.128760232413437	21
0.086189641271091	0.377879372666023	21
-0.081227314220352	0.169645340064992	21
-0.082989495661134	0.231963503841299	21
-0.013318631073158	0.262209321906306	21
0.085026551640868	0.567336233691502	21
-0.102228355863472	0.156791341354761	21
-0.000187388069510991	0.292737474269687	21
0.049535871286957	0.372019363156191	30
0.000131101083480023	0.165016113059683	20
0.00102023857659	0.4571277635992	20
-0.070421305034172	0.441023375425941	30
-0.033387160912285	0.366955111155089	30
0.00342995204980001	0.468348335042308	16
-0.120507312405737	0.215134852136151	16
-0.11738983305815	0.102853660778856	16
0.030274769242736	0.388969621491499	8
-0.058049998115567	0.316799526367099	18
0.076070856022014	0.495748817000349	8
0.040983520502209	0.43769315476364	8
0.023178558512918	0.28732847963913	18
0.032683947868294	0.21904640299876	8
-0.062447871197005	0.200523464435867	8
-0.014811575663722	0.20772565727766	8
-0.034052069705164	0.218723609902555	8
-0.100926729805709	0.120977024573239	8
0.061402004289608	0.286836898299034	8
-0.102458611925193	0.119543290547211	8
0.066132149373268	0.302149782905624	8
-0.071877711258234	0.18469062626563	8
-0.02619388499063	0.233756608863637	2
-0.013705777680143	0.146067915576764	8
-0.116665699681259	0.103476995519755	8
0.001066250637697	0.462655935564471	8
-0.087520469172188	0.256534268221629	8
0.080320578651867	0.691454999463249	8
0.050516247080405	0.48666897644963	8
-0.101661011026458	0.139690574156348	8
-0.075135497795496	0.153875131638311	46
0.00270432121499797	0.240629105227625	46
0.061318126661881	0.416688394595535	46
-0.024394460452503	0.326084017121321	46
0.104928025395778	0.500322269577974	46
0.020825086510488	0.358777273145707	46
-0.052905712352474	0.103758042868155	11
-0.123152237237161	0.0792735647391362	29
-0.00470727582291799	0.225302432222941	29
-0.112852606076533	0.653039462085565	21
-0.061096751262016	1.01481254160675	21
-0.094261838255827	0.40568492706198	21
-0.088758998782304	0.363118707296111	21
-0.074282091603977	0.404145299520411	21
-0.017463832727601	0.582490128574591	21
-0.061406396853187	0.444560996226609	21
-0.027277594101139	1.34344763814076	21
-0.093820124409799	0.301351330042249	21
0.020694718607629	0.806315071933561	21
0.033161611294051	0.636784120748282	21
0.12352491117919	1.29147624685903	21
-0.115657244766124	0.465830069580512	21
-0.052273679403458	0.785528914965556	21
-0.102481902539013	0.314241811746039	21
-0.051809436436865	0.509971863026502	21
-0.001309659576469	0.687320897096036	21
0.053533583721494	1.09002172420255	21
-0.04526512931731	0.742349513038751	21
-0.076673278960355	0.266764737592282	21
-0.121724023855406	0.232271343566176	21
-0.026186751938389	0.358101563298448	21
-0.00354641847404499	0.531735598083223	21
0.030104919107774	0.544702801988445	21
-0.092697627111949	0.258812659008414	21
-0.072411821251421	0.336233401976488	21
-0.10015319889787	0.334058261698648	21
-0.078180375099847	0.335337449760724	21
0.033190228488901	0.486177348489647	21
-0.123602313606465	0.175776425601864	21
0.036549660424247	0.665641050095325	54
-0.059875650897886	0.379693208635897	54
0.010722855054367	0.503061576593757	54
-0.038721218255782	0.528944262937521	54
-0.110091614580158	0.264170947960679	54
0.018687477476738	0.546873380482382	54
-0.012924817093832	0.404955653036311	54
-0.065955310838791	0.248040324418107	54
-0.085138327198974	0.245182640892665	21
-0.041201626426411	0.278170767739419	21
-0.013081009507205	0.311562469187903	21
-0.019117410443944	0.296407502007067	21
0.072300334764533	0.479844183553627	21
0.00703650341576001	0.488224991714082	21
0.072844578428412	0.489379758500063	21
0.054360525831803	0.61334503029534	30
-0.053068461737873	0.306716471801433	30
-0.062748349987091	0.281097310972431	30
0.055829840678188	0.520644565485128	30
-0.110029391592383	0.160275384339124	30
-0.112133762947961	0.236332374539896	30
0.00765532246609701	0.376815731273134	16
-0.046556524495562	0.265031652132603	16
-0.081465821722516	0.290443242835384	16
-0.011494334485027	0.408050960768339	7
0.00318726515380402	0.241137091104411	7
-0.073876640524466	0.155139110214612	7
0.042667605972605	0.237818563627567	7
-0.11168069198775	0.158133781206255	8
0.056235905957452	0.27121692922313	8
-0.11086129059707	0.238991947594931	8
-0.122276145026304	0.189411981055345	8
0.033329248853295	0.316113107819891	8
0.046545897835892	0.359184574185856	8
0.071563129481361	0.469673640169531	8
0.05616407516362	0.271148397841454	8
0.05027009406345	0.25506715150536	8
-0.043204189328273	0.202707306395207	8
0.029347319909747	0.302962897521309	8
0.022107092815764	0.285934481969257	8
0.062448494574973	0.288016573496946	2
-0.024359478609408	0.191377068904769	2
-0.057702713665013	0.239183165106513	8
0.061569309298504	0.556418516720449	8
-0.077251486914458	0.24496975344162	8
0.01641517097018	0.271392989263844	8
-0.076760837286383	0.266633596481538	8
0.016685733721309	0.271725401516414	8
0.062246912850408	0.287788046309879	46
0.116100762046574	0.635925942387371	46
0.078530431474461	0.527078879174074	46
-0.02681332622974	0.316815444248204	46
-0.112046413382641	0.172367794739436	46
-0.034851140595941	0.256739190543396	46
-0.027109546836425	0.232759097582355	29
0.046986997389214	0.359884991359579	29
-0.100377510446722	0.140999112602921	29
-0.112169363316211	0.211666941889592	29
-0.026524675907743	0.233459621084231	29
-0.001239809838601	0.723284795176935	21
0.028638070206645	1.25986792316338	21
-0.01706525638517	0.544671539239058	21
-0.025012226993247	0.657563475179811	21
-0.112743127706083	0.390797854986767	21
-0.083779962620546	0.368956101857454	21
-0.081095326494574	0.547543328479706	21
-0.069748829325467	0.389740625845501	21
-0.078785244179387	0.333882144830111	21
-0.049517454745118	0.862816290917399	21
0.00229708517257698	0.609520316970916	21
-0.037359745673624	0.444792616417367	21
-0.09934436907553	0.396414103551901	21
0.00518467013886698	0.73478104938157	21
-0.044775936131161	0.706120619364515	21
-0.04100579417048	0.608712903861196	21
0.038349621337086	0.922176150370248	21
0.098622234389274	1.35787323419132	21
-0.123483746488749	0.255835519413638	21
-0.096156648395018	0.560087603561054	21
-0.047051202984837	0.560837904437591	21
0.085950237350152	1.28578292482215	21
-0.098979710612372	0.31379587895046	21
0.083017550158411	0.707343852455112	21
-0.117248325344734	0.20035178605828	21
-0.087229765220608	0.257107866960732	21
0.047147591745511	0.56613210698646	21
0.079821737011683	0.690019035929124	21
0.070129829149323	0.880552419188165	54
-0.098271195166902	0.285903726763545	54
0.048974365655172	0.571070587096703	54
-0.05421391801761	0.30451884210061	54
-0.121124889797274	0.191399407320876	54
-0.110256032308558	0.159984510611312	54
0.062635024711142	0.427544705196684	21
0.012120518249494	0.39770618951443	21
-0.118267911825446	0.186676639337085	21
0.109717586310335	0.540624165165513	21
-0.065619525801855	0.248592375447587	21
-0.118655721477602	0.160411063239447	21
0.012363367323269	0.331454543483259	21
-0.081605678002642	0.234309535016875	21
-0.00567607312316101	0.335433123978959	21
0.022223122031964	0.286079464590288	30
-0.082037898338029	0.253762210015441	30
-0.015326152523343	0.352973588670241	30
-0.113110942095759	0.18447207156755	30
0.121692400403986	0.739105946372398	30
0.083243720667472	0.563460373159102	16
-0.063222416944553	0.325039235666627	16
-0.100942820463215	0.209390749528683	16
-0.022086929906759	0.409965455131497	16
0.00223594312232001	0.24011728640007	7
-0.08133894125422	0.118317976716943	7
0.075903066760312	0.333993722150002	7
0.083556676678431	0.564188097353361	7
-0.000921498107697011	0.291724569958607	8
0.112889209448412	0.941361149646088	8
0.013891855908404	0.401053092821794	18
0.086716748711908	0.378605450430137	8
0.019151788560674	0.349082666969777	8
0.032303898524893	0.399758420134215	8
-0.101875197938398	0.139461091115252	8
0.023120862139747	0.287269332724921	92
0.032623376312849	0.315049848645929	8
-0.075185508848246	0.153835634575868	2
-0.014212674797418	0.145717660660438	2
0.033231712372447	0.219544931153254	2
0.042103001284257	0.23731544614357	2
-0.11738983305815	0.102853660778856	8
-0.103955581896675	0.186917644445346	8
-0.047431119943778	0.229279251469769	8
0.061528639269587	0.417023838979167	8
-0.037298990085083	0.354371456321609	8
-0.018890902298522	0.296775017177375	8
0.042436072243748	0.237605237196399	8
-0.043417913196278	0.202469959968026	46
0.016999026819893	0.272121268043104	46
-0.01432878907094	0.208230130686428	46
0.061442969420458	0.286870413184532	46
-0.06464599785858	0.250132167923341	46
-0.090251095531114	0.155612573880819	46
-0.067900484754733	0.268157774823444	46
0.021696393618305	0.360266150907121	46
0.054036385578578	0.50919396305047	46
0.063857020467987	0.5618480840029	46
0.032514489885585	0.218878276237753	46
0.106710237665048	0.503527910814807	46
0.094694922556066	0.420888775140507	11
0.068314910355198	0.304745060511844	11
-0.114009057234144	0.123607768713416	11
0.032683433076346	0.3151635191644	29
0.014620711603985	0.40871512200829	29
-0.09340040477754	0.502640537518054	21
-0.031163715773025	0.595013485317112	21
-0.090844124530009	0.311005941606743	21
0.050428887027843	0.486466155052245	21
-0.047325047491837	0.67441499234732	21
-0.098526354588621	0.312795679417504	21
-0.039761094382713	0.643647440364165	21
-0.062933780504771	0.347592087967512	21
-0.103099510110518	0.511180424639314	21
-0.080391720496545	0.619792834462142	21
0.00994052301651399	0.821432071433891	21
0.01546247926441	0.651553822387316	21
-0.108280697703578	0.357048534165919	21
-0.052787581421439	0.656886522553451	21
-0.120775104470516	0.43387778419725	21
-0.040629564227751	0.571372031833238	21
0.051068310905713	0.777638835665213	21
-0.086542889930223	0.356359779179756	21
0.03206929523375	0.556229467981967	21
-0.017584579590796	0.464717705318708	54
-0.075103528994321	0.290068184800794	54
0.093219028537279	0.648206963760593	21
-0.03528667071683	0.33110196931151	21
-0.083730835600453	0.266776150801174	21
0.014607038552483	0.408660433048023	21
-0.110193606741709	0.174990510049757	21
-0.008940247637891	0.375809434773694	21
-0.009614656451988	0.374434853965757	21
-0.042954129228119	0.275262290057533	21
0.029522236854906	0.387707454159723	21
0.082634914918551	0.544561643844974	21
-0.063638831942408	0.226283122316185	30
0.060654873084556	0.54680139388777	30
-0.024695263500514	0.399422551852611	30
0.113735033886411	0.569249667525638	30
0.009148524149867	0.545179918774822	30
0.067695309407817	0.594140367830088	16
-0.00023385898428499	0.551178797342479	16
0.077517459760324	0.667228234963694	7
-0.053437464127999	0.103456755441209	7
-0.072469200629412	0.183970811337371	7
-0.074451687882048	0.154581146004668	8
-0.027441799689275	0.232359238268364	8
-0.08885023139524	0.198742571395461	18
0.036809399301429	0.415173284103843	8
0.072611891941315	0.320001029779278	8
0.10521908019474	0.500839788336947	8
0.0195125247816	0.424697646271032	8
0.075702974861361	0.495183322492225	8
0.00304997590502698	0.362520781514097	8
0.00943024257110903	0.386440638887812	8
-0.035220749670114	0.217380070936384	8
0.023590285096295	0.287838018600753	8
0.016529111675275	0.271515540669734	8
0.068328020755956	0.454958598586895	8
0.00936635845287598	0.25554631291254	8
0.050056405083222	0.254810779344186	8
0.067545830094546	0.303900150420753	8
0.027845793157504	0.300958418083576	92
-0.081071714724647	0.16982454964582	92
-0.104390029129349	0.170720122733256	8
0.047510769255057	0.360644243472972	8
-0.03416666300705	0.218601045757677	2
-0.115739208870073	0.104230599308605	2
0.066657024865387	0.302839705383516	108
0.011584865204924	0.258085360123991	2
0.042124752488976	0.237333402423809	8
-0.106995028667128	0.196810102724304	8
0.104930912084237	0.489985656329746	8
-0.046787485852994	0.264668771694598	8
0.117673454609347	0.669771329077532	8
-0.019382597258317	0.248239063141987	8
0.122695698647539	0.751726083881025	8
0.00879694453939101	0.319323790948197	8
0.00954775251531997	0.320400817509711	8
0.063133468544221	0.288663831674297	8
-0.025364132118408	0.190390405054505	46
0.104606432808174	0.48943011414968	46
0.033902961338294	0.487628501653921	46
-0.10313043236537	0.172438682937032	46
0.017806654424559	0.347006369046037	11
-0.035064249969575	0.217569805219848	11
-0.048700317059629	0.227596660763845	29
-0.116549768023522	0.103576609660596	29
-0.092058873017181	0.211026876422195	29
0.010602984572707	0.388609511720068	29
-0.096701196990867	0.555050259859884	21
-0.101657751154085	0.536034827056928	21
-0.062208189968852	0.874146913459608	21
-0.082792283112802	0.81242080477505	21
-0.063566231869789	0.95075836138165	21
-0.00176417980895399	0.958213742446218	21
0.010950291702444	0.733113047366252	21
-0.110969256301944	0.348459529611404	21
-0.020576039292166	0.875073294510868	21
0.014733996962321	0.882008254914945	21
-0.076396758637749	0.523893469135126	21
-0.055613637792722	0.530543962872277	21
-0.099441874989933	0.322137055357164	21
-0.051448206165485	0.764394024582183	21
-0.116333081538743	0.462740087717188	21
-0.079506964943151	0.447954964295691	21
0.014173828866838	0.764596078965375	21
-0.049505091560039	0.604144686090313	21
-0.01026605214188	0.54202859923189	21
-0.016065390766675	0.591250063925175	21
-0.017541309007714	0.502568315014103	21
0.078438771772126	0.67788978006018	21
-0.069135480664916	0.32671611241426	21
-0.062298206457178	0.349074842257211	21
0.106992762768945	0.812809964000089	21
-0.113095731441059	0.197608711385167	21
-0.103473339833769	0.24599147540998	54
-0.118401454372793	0.24145722836275	54
-0.038595850041818	0.3517128646062	54
0.085215935705361	0.57669239383492	54
0.026259529337055	0.457853595575925	54
-0.052935017903189	0.306989884441222	54
0.115891931195815	0.615228449790481	21
0.0865359828785	0.588447877458832	21
-0.064754499929986	0.224680627026829	21
-0.00620418645661999	0.386552800939771	21
-0.002868549716568	0.398723303388858	21
-0.010531572716993	0.372533614493663	21
0.00740576660738301	0.437122604817248	21
0.064990768135181	0.572228789081977	21
-0.040832114618892	0.27876144267879	21
0.024422371065703	0.371778139929284	63
0.011585461753807	0.396598370440085	63
0.068709886412988	0.455678392316013	30
-0.124008532362846	0.163177852965928	30
-0.029682548604395	0.346509978086589	30
-0.071171515985005	0.258867926491696	30
0.00956412042605198	0.386685610473114	30
-0.032818057530423	0.368132398580876	30
0.074685011155147	0.643459009305553	16
-0.00585408359218501	0.430703241152438	16
0.10081875946176	0.721455875504495	16
0.00880216138263101	0.319273479215539	7
0.092357752320134	0.645882422825559	7
0.033218535534227	0.219545897965693	8
-0.058366667347546	0.457024774465359	8
-0.01325157542243	0.262297608794756	8
-0.013539609126859	0.523086069396397	8
0.064618382336922	0.439545595422712	8
-0.042587385491236	0.308665621578482	8
-0.102613772843741	0.173121337497093	8
0.042747563325955	0.345376422950477	8
-0.048849167054427	0.227387504997003	8
0.050808837952905	0.374096827153942	8
-0.081323646442287	0.169522080034942	8
0.072303153688443	0.319543374780822	8
-0.08021236856549	0.170794870034041	8
-0.002040297239948	0.290213205362211	8
0.016805315007537	0.412996790008772	8
-0.073366362871813	0.182839559625944	8
0.05616407516362	0.271148397841454	2
-0.00121171944915799	0.163954169689066	108
0.012345193737101	0.183454227210358	8
-0.000730671964438989	0.164363021881793	8
-0.024319423751371	0.191432243026543	8
-0.06275200669354	0.171227520227015	8
0.070952966507835	0.617903955108627	8
-0.093737221261814	0.170609565501863	8
-0.096321555567179	0.219887394734249	8
-0.06382081941853	0.279112454998219	8
-0.071133531045447	0.185568287124834	8
-0.113538881221405	0.124098802503942	8
0.070985184151304	0.317963533241737	8
-0.005499688623512	0.224489628509508	8
0.050025534508583	0.254868857857458	8
-0.101118211879272	0.140248807796679	46
-0.07027335799993	0.260382537574965	46
-0.119258968493714	0.145679124641893	46
0.114921234212831	0.63301128675142	46
0.089954971431216	0.605133166279508	46
-0.088291782471037	0.220139546525968	46
0.069291126588309	0.465315113705183	46
0.022906634869507	0.286997583813054	11
-0.111614722164508	0.598646506214184	21
-0.116603929086426	0.424727765591424	21
-0.091282373317044	0.459046545102458	21
-0.061201976944471	0.502072446157362	21
-0.075403054548465	0.585574186098879	21
-0.080659431722279	0.638048420727436	21
-0.095945159894147	0.533079080849274	21
-0.098172902122148	0.485818476877858	21
0.037923824486059	0.750391279370764	21
0.055931515350499	0.965773058548932	21
0.029553298802187	0.471629943875901	21
-0.025624617030108	0.497923725631559	21
-0.110597708838568	0.174445845841445	21
0.086107889581654	0.75821355457459	21
-0.015980127711329	0.393429045433835	21
-0.045954722689459	0.265966880357987	54
-0.046647663150704	0.26488996571748	54
0.00377515175667498	0.305144266888648	54
-0.049010785517006	0.155907916239709	54
0.118823844721658	0.662564149341878	21
-0.053042594706132	0.250502289635639	21
-0.053213040215303	0.306455926994769	21
0.015204860801644	0.269737048363274	21
-0.005707697544832	0.224262165247157	21
-0.073827054786447	0.155176137474862	21
-0.110903372961626	0.159156895227769	30
0.049621585586276	0.254465186566562	63
-0.036233361061526	0.173560762324269	63
0.079762880347858	0.349159475884153	30
-0.011581947229156	0.319580259774267	30
-0.017940435299413	0.463781686942403	30
-0.051094650934719	0.284843641755828	7
0.012186697938186	0.183340850708768	7
0.00837037477112101	0.543104824685505	8
-0.078809767573543	0.279425059803041	8
0.029347508280895	0.606976530733009	8
0.097826900226517	0.436061305118304	8
0.09530462897699	0.421846428804415	8
-0.036128919500327	0.254949667469581	8
0.085308207225113	0.585427634711644	8
0.047276112365414	0.360331837159022	8
-0.103124840333025	0.155706593761415	8
-0.043318477861585	0.202570357165336	92
0.015831066515499	0.27062919953472	8
0.084338962784881	0.365276847053956	2
-0.035191944630472	0.174529533765958	8
-0.120381547558793	0.204165615873627	8
-0.094037721596845	0.170234547512438	8
0.021551187588516	0.360035637041166	8
-0.087027759969769	0.137926848090109	8
-0.120051049717625	0.0555267392668019	8
-0.030095237526099	0.126183573689354	8
-0.07366851138344	0.155332911425089	46
-0.062962801442886	0.280706750883072	46
0.046679464471897	0.463788025796628	46
-0.099583315201983	0.196405773450577	46
-0.121377961609661	0.128503367236687	46
0.021678121848881	0.285326241019969	46
0.03290644320652	0.219152707629654	29
-0.100165940453625	0.0994649971832699	29
-0.102451391812326	0.156529012060287	29
-0.01195835774296	0.932932798887867	21
-0.107830307254975	0.484941912939606	21
0.062753683878812	1.26889987985348	21
-0.064027672517509	0.566412202542307	21
0.002560869896299	0.868440368893833	21
-0.105018001485889	0.534944984882336	21
-0.115384138199505	0.479369827426666	21
-0.082397816377025	0.682460042688691	21
-0.043855401783607	0.741953427418861	21
-0.087205467100725	0.57512749793069	21
-0.057778069047928	0.740790861879257	21
-0.068112392194853	0.372511597601734	21
0.095676028172469	0.873059276185757	21
0.062434403143683	0.789431959577842	21
0.071511690009702	0.619340228740245	21
-0.057173961641058	0.414468255420391	21
-0.001436533107427	0.401723166910693	21
0.085602183181575	0.585924841669542	21
0.010061106974436	0.256382013528356	21
0.025593562167082	0.450122992887302	21
-0.013538291716085	0.26191176035404	21
-0.00721050374887999	0.276616545424143	54
0.086091498214787	0.377774587694051	54
-0.101973217899661	0.120026579708403	21
-0.057213055023259	0.27032116446219	21
-0.00498361589332	0.336633188520744	21
0.018714568470149	0.348417546159671	21
-0.008041225261435	0.377574984190406	21
-0.046143664952145	0.26563807890158	21
0.018117182037679	0.551037173081605	21
-0.118879498490921	0.206931452034254	21
0.042291220066222	0.237492816537353	21
-0.000449909227283996	0.164564006201224	63
0.014613112237002	0.470300701586444	30
0.089676771328818	0.621888006018421	16
-0.105777953806384	0.212569523043725	7
-0.080973983888474	0.118594225415526	7
0.1113975270033	0.0759646004195066	7
0.033570542115773	0.21985197643324	7
-0.052071367914309	0.187586657304645	7
-0.074829624248807	0.364854108018458	8
-0.056990253770099	0.435161545000479	8
-0.077753434120821	0.24410503087737	8
0.046116546857819	0.563569083434021	8
-0.119778170598729	0.145019921717066	8
0.107107836785936	0.514803676962131	8
0.049823593652835	0.254671711103961	8
0.033427678038081	0.219661349091364	8
0.023110723555985	0.201385381126741	8
-0.013572545494622	0.146174028390621	8
0.062368957735833	0.287924173680038	8
0.076475776011729	0.334891517952547	2
0.056888225848184	0.271894046932804	8
-0.081716564472733	0.118000253379171	8
-0.088718811614014	0.198884567560739	8
-0.032158542834745	0.373859279147299	8
-0.08133894125422	0.118317976716943	8
-0.082072456026108	0.233550767846611	46
-0.121820054629023	0.22154880566048	46
-0.025683722371117	0.359100950730989	46
0.051485161602875	0.374995684391961	46
-0.092158974764593	0.210887160901865	46
0.115087635730978	0.613389395241574	46
-0.029808271632727	0.126342012181542	11
-0.073509938951258	0.155484976359711	29
-0.072316414122798	0.184155981127545	29
0.009893053681438	0.256188586878438	29
0.086207397366704	0.377929114476064	29
0.050503114396327	0.255305873378838	29
0.043716039111863	1.03062913992295	21
0.029141046845451	1.38928342789374	21
0.080537638371714	1.04266239518634	21
-0.029493658274867	0.515610152054548	21
-0.118297675173924	0.26235103915489	21
0.00782052196912197	1.03878326647706	21
-0.024033180235135	0.74485778084897	21
0.101289425618064	1.62478433720736	21
-0.121418752560548	0.330463027293171	21
-0.085290892726475	0.467502215235643	21
0.071852424317348	0.921789306298111	21
-0.09215990433384	0.379565662581346	21
0.049635360847168	0.67232552796552	21
-0.033453664901696	0.366815051191977	21
-0.030400339019794	0.345116824289681	21
-0.036764428303371	0.290126817532091	21
0.017142536399707	0.345911016905921	21
-0.121902576999434	0.127918173575254	54
0.017112601332632	0.272230732605948	54
-0.035319824618902	0.217233073438694	54
-0.064088069033189	0.198476411297104	54
0.093023127033233	0.408066383247956	21
-0.063170509743179	0.17079931782059	21
0.060409214760375	0.415189774980095	21
-0.029864783181223	0.269238426078444	21
-0.025737951093597	0.28064041934138	21
-0.086115020571036	0.183889013545977	21
0.013142975800531	0.332732812796744	21
0.074273682414307	0.492399762534653	21
-0.00491529486269801	0.22507475212676	30
-0.111213614247823	0.142982814706329	30
0.011757031379517	0.182938201668136	63
0.034129936741928	0.317214751105345	30
-0.111862126655103	0.236902344172022	30
-0.025841811261718	0.530911363507406	63
0.111858698487145	0.0760513170465834	7
-0.062954718032093	0.170969540007385	7
0.049909187414331	0.254715129028652	7
-0.054978579371509	0.214406982776024	8
0.006814264179823	0.375430890077914	8
0.028108942350747	0.815512955075146	8
0.072870171645505	0.320293067504465	8
0.043088316509679	0.449169249966824	8
-0.100845861478255	0.1210494294743	8
-0.101490655716065	0.12046859285365	8
0.015888262543657	0.27070425034764	8
-0.005707697544832	0.224262165247157	8
0.087104892859704	0.379223145098326	8
-0.102526661633832	0.156438878129637	8
-0.11470645376464	0.122892291794114	8
0.056482554121437	0.271495666158744	2
-0.053280320017918	0.103550825173407	8
-0.013688663529766	0.146077269754332	8
-0.053377059227545	0.103474182219657	8
-0.098733002321842	0.258208265277878	8
-0.051981689653715	0.410428966513974	8
0.045288051340912	0.725731407449735	8
0.119642865486373	0.694586090388579	8
-0.101490655716065	0.12046859285365	8
0.034129936741928	0.317214751105345	8
0.033010069471376	0.219308770261086	8
-0.12309200689834	0.079296975255135	8
-0.013563942903514	0.146182064666656	8
-0.123191948281308	0.0792430882595019	8
0.021143026090063	0.359106513734818	46
0.046578834441282	0.46356632979667	46
0.00926315479982598	0.386113076129004	46
-0.026679258965437	0.317036210356095	46
0.046173670093259	0.358600607126256	46
-0.114336120168337	0.123280565616397	46
0.06681799954849	0.303036132190932	11
0.076475776011729	0.334891517952547	29
-0.049177198020359	0.155749963977143	29
-0.043204189328273	0.202707306395207	29
0.049780757658983	0.254620750392089	29
-0.064100013617	0.920808037068018	21
-0.111536145820679	0.545883916051091	21
-0.027690371158647	0.983493204865839	21
-0.103707412492076	0.514551720239207	21
0.110065620404704	1.61249265642695	21
-0.123861824264396	0.327149671660903	21
-0.124743459639514	0.352350351702873	21
0.02191328971389	1.11086686481971	21
0.058135697272452	1.4419836674118	21
0.11593026242858	2.01030558939812	21
-0.115633165488241	0.447551572003417	21
0.041891360987519	1.20024325511722	21
-0.020805495298001	0.78229942949292	21
-0.017032461871683	0.83446737641598	21
-0.123336142456682	0.335829711511581	21
-0.11144172850086	0.200397127899041	21
-0.067858540204028	0.373139297136864	21
0.027988542031284	0.867088877442491	21
-0.01711615911333	0.92423691962794	21
-0.102264229767598	0.301087706541207	21
-0.043438361558086	0.363262324232316	21
-0.00713794245743901	0.470322458015997	21
-0.055451540930898	0.40113139081987	21
-0.041002644087445	0.372775586027627	21
0.073812266116296	0.491409594205708	21
-0.015500404920679	0.352630437072162	21
-0.066257280103938	0.247553862067647	21
-0.102136768921473	0.119825388381288	21
-0.116114828359656	0.103895409668515	54
0.096611841616445	0.434135558593862	54
0.090063735368892	0.393544100178773	54
0.023903314469199	0.288176965699426	54
-0.036522360781195	0.173306716176721	21
-0.081992169352254	0.212157045610395	21
-0.111586378701907	0.200161972199476	21
0.120254307115281	0.686229141065877	21
0.049866403507049	0.25470345109749	21
-0.101076279650728	0.140298763378427	30
0.011762312070936	0.330438620105542	63
0.000171559603757976	0.165024717103292	63
-0.048489447505988	0.156364829467298	63
-0.117867453766427	0.102390289177326	30
-0.056532570403519	0.391645069119333	63
-0.03746604328467	0.384950594061544	63
0.00448469905279802	0.425206522850889	16
-0.09356325332677	0.208706972325075	16
-0.00615163403646099	0.386630300084032	7
-0.075534141849251	0.289202527442368	8
-0.010282563388437	0.452367957640669	8
-0.018236559996364	0.462931251188515	8
-0.002299720926104	0.44403609545023	8
-0.028616621486566	0.386060976303712	8
-0.039078718915154	0.440093704134457	8
-0.122471457999805	0.209319015498139	8
-0.090407374926	0.155445601359379	8
-0.075624802157807	0.247697286643278	7
0.107888193723141	0.51619844823004	8
-0.014126715598121	0.208437317105849	8
0.07240337622089	0.319751509012928	8
0.00978059515243002	0.25598657417713	8
-0.043688994611922	0.2021544623821	8
-0.048511357668049	0.156344012957907	8
0.080132815674883	0.349656692406254	8
0.083812132482206	0.364580378557169	8
-0.000109315905787999	0.164841428016307	2
-0.053437464127999	0.103456755441209	8
-0.07460520932825	0.270660978687514	8
-0.024531581973531	0.469959799788447	8
-0.087320841395576	0.351734219145459	8
-0.103056138475596	0.310571079757627	8
-0.036589712557723	0.506017860993276	8
-0.111978774959779	0.172468286849686	8
0.010374821430361	0.256771197964529	8
-0.062535858338648	0.171415792261736	8
-0.078697927617108	0.197372585279033	8
-0.08451470057389	0.0789211177350004	8
0.087203519167486	0.37934782464396	46
0.069124023221964	0.456444112571559	46
-0.030237933551699	0.26867568086674	46
-0.038752411375837	0.351363789623891	46
-0.048279106764011	0.348681176624341	46
0.056040186350549	0.625373518224261	46
0.068237213260557	0.454824268353999	46
0.026021500285122	0.457456697686176	46
0.033205473897806	0.219528441905292	29
0.041393490192007	0.236605132816548	29
-0.053281741744579	0.186302256560786	29
-0.0545744911295	0.215089211116239	29
-0.101702539981767	0.139642921453848	29
-0.065115911229948	0.608855139795046	21
-0.059365383859564	0.681677902844735	21
-0.047098725794751	0.692692933675764	21
-0.027066423401894	0.743781124990661	21
-0.122881081835686	0.354979814821057	21
-0.096619217133925	0.453055545735332	21
-0.08193591140037	0.547809473613153	21
-0.033612663197894	0.816416604201922	21
-0.083795222641214	0.573402028982491	21
-0.104869125226931	0.428566464305329	21
-0.109704876297889	0.450688965240574	21
0.000980157801191983	0.653756169266253	21
-0.030420435915124	0.801924340157814	21
0.028806237474626	1.03672826430934	21
-0.09688858422289	0.233554409485409	21
-0.093157805935044	0.433199494591896	21
0.057914727473771	0.402451767312838	21
-0.101339904680603	0.365023302805419	21
0.091798433171897	0.826397398232484	21
-0.045781323807375	0.492295210775088	21
0.031784760274222	0.555486378455719	21
-0.00584126205435101	0.387302332799927	21
0.022875061411513	0.201220537124369	21
-0.123292038818529	0.0791809283939442	54
0.063052721842626	0.288642377391525	54
-0.004242272076249	0.225796889195019	54
-0.066840701385986	0.292203793871356	54
-0.057476517801954	0.239513805200944	54
-0.123431866816229	0.079084180561219	54
-0.084029652610018	0.0791823014085662	54
0.071344747070534	0.318290761246819	21
0.102875925516638	0.475965394953254	21
-0.057325093759233	0.294799507622783	21
0.078376826456843	0.669483259832129	21
-0.101002543042587	0.0988862951959656	30
0.022862391600108	0.201177830057688	30
-0.099070238366289	0.371999813972379	30
-0.048423406029869	0.156353659692377	7
0.060654873084556	0.54680139388777	7
-0.037368201573031	0.289102636783295	7
-0.101977395144419	0.275106184393009	8
0.041284895468381	0.438382354708683	8
-0.112619721323846	0.210869644316728	7
-0.090195799705372	0.196797005645585	7
-0.120681304800013	0.12922941177439	8
-0.013181603597973	0.146439356159907	8
0.00563006811572903	0.427624946774241	8
-0.00856173776506	0.324717146468802	8
-0.048423406029869	0.156353659692377	8
0.041958316997655	0.237164213009988	8
0.017112601332632	0.272230732605948	8
-0.028745336813602	0.270867231415461	8
-0.101167505064773	0.120750272588385	8
0.011778086245984	0.183022787233715	8
-0.081495439464954	0.118181158181961	8
-0.036276585643819	0.173538842554093	8
-0.071011937767412	0.211788594698294	8
-0.108193925185667	0.295171530643259	8
-0.110169781015722	0.288039549207122	8
0.088495261996205	0.950824926001348	8
-0.095641464911088	0.336992035696595	8
0.030786611372518	0.690519829574215	8
-0.023959519580656	0.326841399323064	8
0.106609196127516	0.513820671974459	8
-0.086139362624309	0.138735296555644	8
-0.031009112827042	0.125582066803989	8
-0.013048384933157	0.146527490479051	8
-0.123112836619204	0.0792843262906554	8
-0.041194313740919	0.242743153337632	46
-0.076482902984229	0.224057784440542	46
-0.096397029963143	0.234457335207764	46
0.048220145268247	0.474358448145597	46
-0.024232392545158	0.191510665019359	46
-0.116260402642478	0.103804212991137	46
-0.120051049717625	0.0555267392668019	29
0.01755416100948	1.13075790752625	21
0.112134986420358	1.63357197579366	21
-0.093371125130136	0.468947288394953	21
-0.071930913236265	0.645014192108028	21
-0.024943512139663	0.873152523868555	21
-0.047458243427004	0.729026718739855	21
-0.084117728250178	0.6108149091151	21
-0.014688808657723	0.909335984836206	21
-0.06428358224867	0.408123556172888	21
-0.026022674353126	0.598203354488476	21
-0.097434436383856	0.484166060336205	21
0.040279772158614	1.05219639311811	21
0.019080266588652	1.0607114610098	21
-0.112266037729641	0.315051796643674	21
-0.054234993995219	0.185209155352343	21
-0.099714905776574	0.412220279460044	21
0.05135594150099	1.06320004294282	21
-0.014587713958336	0.706208135430817	21
-0.09126987367393	0.323337838014225	21
-0.11387651138248	0.230583965650764	21
-0.112596328169411	0.244993079505377	21
0.06386138983031	0.561906323822624	21
-0.094483671632946	0.169655638918862	21
0.00518997319763898	0.582486847436347	21
0.084157252252955	0.727398692143669	21
0.082585333979695	0.722586493161563	21
-0.014407495353848	0.208133323966587	21
-0.063859814452621	0.137533823108434	54
0.010894020563939	0.182276283587903	54
0.015109258743142	0.409716359952826	54
0.115324728252841	0.623806496683037	54
-0.060407083062716	0.261019491790158	21
-0.098744598910334	0.197658058723282	21
0.038797048708119	0.331623266385138	21
0.012700193181195	0.331940919864192	21
0.06237441560486	0.550684566837902	21
0.00314315754947903	0.467692387220744	21
-0.056047293334617	0.213204506259114	21
0.022353391531045	0.200771467264779	30
0.111898134679392	0.585847259524234	63
-0.091148368268775	0.154632973854297	63
-0.119518029536896	0.0557438580153425	63
-0.083354164605916	0.0795256811066448	63
0.011619601719882	0.182900353819704	30
-0.04623108999957	0.541589122877207	30
-0.037322582604923	0.354385959324424	63
0.102691220776831	0.753907384424751	63
-0.060239513763278	0.261291924991818	63
-0.091206492253609	0.154568959100221	7
-0.101627751795978	0.174398783432448	7
0.111858698487145	0.0760513170465834	7
-0.098678539021516	0.197738902906017	7
-0.092861098017775	0.209808971120594	7
-0.014946698171213	0.353568642725062	7
-0.030480446715086	0.125945833582448	7
-0.030367459167656	0.268499232390581	7
0.086343862088017	0.935043342326229	7
-0.095111722476872	0.186555877592876	8
-0.083827218203506	0.333480676672969	8
-0.028373274039356	0.489830175083634	8
-0.035051280596514	0.487259064615233	8
-0.009802226833381	0.589585385512693	8
0.097051897690503	0.434813562341747	8
-0.119598457306121	0.205531169236315	8
-0.103583063448068	0.171827685250695	8
-0.02866415158456	0.271013505435597	8
-0.087391461624591	0.137580532814525	8
0.011823908101208	0.18306362744424	8
-0.087110868478908	0.137831505971749	8
-0.00916503704437299	0.375355978422682	8
-0.000992786570849002	0.291720477168345	8
-0.043788308388114	0.202048063492904	8
0.061402004289608	0.286836898299034	8
0.075898156358878	0.334149472489087	8
-0.11396582480013	0.12366274932722	8
-0.047577971339164	0.229064968005555	8
-0.05380843746739	0.185698113683231	2
-0.119701565291122	0.0556740386124211	2
-0.120051049717625	0.0555267392668019	2
0.022379266800044	0.200781710445018	8
-0.12191263633303	0.0800607217018655	8
0.058714331372449	0.526971301173844	8
-0.073866172110509	0.37026964904428	8
-0.115090089073612	0.261625996605654	8
-0.087144880140481	0.305592504269196	8
-0.071441876461516	0.279951114955366	8
0.031908513704968	0.483248883130624	8
-0.063859814452621	0.137533823108434	8
0.033218535534227	0.219545897965693	8
0.011256809790941	0.182597357676459	8
0.067629227283368	0.303999767392504	8
-0.065216782579283	0.249215261577987	46
-0.100658702707693	0.158624771534494	46
-0.004891087629079	0.389227079862186	46
-0.083013503217428	0.0796847627732679	11
0.022419900078168	0.286336291166219	29
0.016243624962269	0.271096712745694	29
-0.122493889964826	0.127254783442945	29
-0.084029652610018	0.0791823014085662	29
-0.063671931092447	0.137691157598634	29
-0.013172886942892	0.976947401641721	21
-0.024202714004321	1.22051075007123	21
-0.06327457012037	0.739570881032571	21
-0.080506177922259	0.62694070301615	21
-0.085165974165425	0.577122695440083	21
0.071417113878814	1.52288624277938	21
-0.094917064996175	0.539135729113964	21
0.060986328158437	1.00765214100002	21
-0.104158082960664	0.354426835816328	21
-0.062609068774204	0.58849894733143	21
-0.095288404617718	0.496034137974635	21
-0.084886754738464	0.280339020718247	21
-0.048423041100511	0.656631775141981	21
0.065267302441405	1.16736291434547	21
-0.00121948176828901	0.291364077354789	21
-0.05164486439961	0.25264778101411	21
-0.091678226267463	0.292606503379443	21
-0.099348678418966	0.196764616803291	21
0.028548135932673	0.30194038962712	21
-0.120142834743282	0.0554834424697296	54
-0.063278375153718	0.170677002949511	54
-0.112316062333831	0.125294134315187	54
0.087417728366582	0.379639386192712	21
-0.041801597020652	0.277196567465524	21
-0.00059027714271101	0.164467881198167	21
-0.053654929629869	0.1033300145859	63
-0.066799395180248	0.356004743617935	30
-0.076541743171353	0.246140617979926	63
-0.083837058205433	0.209451232277466	63
-0.085895489633229	0.18415922620888	63
0.047415522574894	0.465175400377758	63
0.111858698487145	0.0760513170465834	7
0.032827629313693	0.219115251764128	7
-0.111338824330482	0.173394804966465	7
0.023063081457775	0.28719485401443	7
-0.044029777687822	0.472308791256992	7
0.00432437975676497	0.531559649016667	8
-0.007430466973294	0.276316410947749	8
0.027904477361755	0.301059081921999	8
0.040140173566418	0.436126752864048	8
0.042207300357234	0.533483592682831	8
-0.100686365264306	0.0991129622070755	8
-0.124726408269583	0.109920933967665	8
0.084109492058164	0.364898096397445	8
-0.113739207910953	0.123860673084117	8
-0.119609755478887	0.055711754297703	8
-0.123532039517485	0.079018640776167	8
-0.063317471312874	0.137971928538585	8
-0.028124068533166	0.231486795256948	8
-0.031481335974312	0.342953794165436	8
-0.052286928898061	0.360104980097949	8
-0.012277349620269	0.364017186980393	8
-0.062008926312766	0.201035380456104	8
0.089810898284717	0.39309388119987	8
-0.013830267924659	0.145997444516298	8
-0.063671931092447	0.137691157598634	46
-0.106579709306193	0.197507686904019	46
-0.043517406967204	0.20234235352246	46
0.122177348424552	0.740500737806527	46
-0.120051049717625	0.0555267392668019	11
-0.083255988338834	0.0795749657251686	29
-0.100725359110566	0.121156414511097	29
-0.086825211892131	0.138115765719482	29
-0.002714698757882	0.289181562450069	29
0.080839035647248	1.65020845853762	21
0.020250576187371	1.07468357385454	21
-0.094925605034938	0.555269052241814	21
-0.098748278172347	0.543995333376197	21
-0.040736319195021	0.56779890052906	21
-0.103734633357431	0.491798976616541	21
0.012878847909708	0.745524301093551	21
0.014516884955957	1.07083025166003	21
-0.062622239032099	0.691489733172532	21
-0.074601214883235	0.635511721432526	21
-0.124077613296405	0.366882163144745	21
-0.10243100981267	0.459285616478409	21
0.010318898230819	0.25670600524143	21
-0.024550975762462	0.191179757123966	21
-0.022546584096476	0.404232767918705	21
-0.056852193766561	0.394138476756659	21
-0.087159737934192	0.478348467165552	21
-0.105319578398571	0.394745197097955	21
-0.093181384565313	0.450185951764247	21
0.032551696587202	0.484747447106176	21
-0.041707094025954	0.277318537506682	21
-0.088659464152809	0.316231677894262	21
-0.115091242566282	0.204133486074065	21
0.059971562284414	0.414416306348053	21
0.030178957661758	0.544971020398772	21
0.064491974615074	0.439250983131477	21
-0.006647042128862	0.333696038660069	21
-0.007194613530768	0.276650216186864	21
0.02356646545683	0.201725409003592	21
-0.083498492456905	0.0794584624384524	54
0.062126816900337	0.287679914699558	133
-0.086746980301923	0.138168425747565	54
-0.048400104464567	0.227987941511126	54
-0.024073055296236	0.191665831539567	54
-0.019483172973951	0.381245827284123	21
-0.083354164605916	0.0795256811066448	21
-0.006440717463083	0.223411316904263	63
-0.054363800547926	0.304264385347492	30
0.06405030693237	0.569942878825297	63
-0.084270847202206	0.246667674379313	63
-0.063191777137128	0.199618783790733	63
0.050552868956519	0.486728158111846	63
0.093058162350707	0.408146213597764	63
-0.026377159903886	0.317540598241865	7
-0.041486775242058	0.242346815348461	7
-0.00537044910759801	0.566253330431725	7
0.063624081748061	0.429243044580342	8
0.017381102810439	0.602189241459153	8
0.117827203345825	1.02331827783036	8
0.017327226600922	0.726464028187384	8
-0.080691201694213	0.396392278916261	8
0.038710953486727	0.331502596546141	8
-0.102245989053899	0.139066669707641	8
0.049664457667053	0.254506337134849	8
-0.123213360946613	0.0791981416832401	8
0.111179460189163	0.553892345197955	8
-0.042457553636447	0.240970805815976	2
-0.049365691372066	0.155584503579216	2
-0.083596701357399	0.0794037107176008	8
0.104722831034421	1.08811754668929	8
0.081230291194408	0.541612952304453	8
-0.048699774733673	0.156178460302788	8
-0.081156472419163	0.118458360031002	8
-0.089724307694122	0.156163187032726	8
0.038291006856459	0.33085680753735	8
0.011302644058533	0.182627685461558	46
-0.005425717871439	0.388107059913794	46
-0.037705609435453	0.288536879196353	46
-0.122981849775308	0.126685979526244	46
-0.081169373145072	0.118448462603625	29
-0.053437464127999	0.103456755441209	29
-0.105302875113043	0.360604977945836	21
-0.044479749260306	0.771688886601865	21
0.048115980864109	1.38499142872928	21
-0.105953346571947	0.367856839787159	21
0.040254135429905	0.983493009701461	21
0.108586771598227	1.64671389131567	21
0.069863826065781	1.49773512402008	21
0.054542052301285	1.41771063961367	21
-0.112537376443876	0.300776496338317	21
0.049217367405833	0.254024375799015	21
-0.084069689689546	0.396788374106741	21
-0.064512695743525	0.618257723810888	21
-0.005087431425747	0.860640707319007	21
0.00920685409704702	0.446644374130414	21
-0.00106826399047399	0.291612283459064	21
0.086895179595351	0.768775926609069	21
0.044227090665433	0.545371826975473	21
-0.024150420719106	0.283151895651512	21
-0.023585346425733	0.284008127226126	21
-0.000209365761763003	0.164754858942682	21
-0.00483157552257699	0.225140833547137	21
-0.101114497492525	0.0987834634297449	54
-0.100806234698307	0.121060381914366	54
0.046766484135511	0.35953860882676	54
0.003249479551104	0.304369322997271	21
-0.023730840512854	0.283803290414348	21
0.082972960159599	0.554187977909085	21
0.015749741753011	0.411018668099762	21
-0.00539082399895799	0.22460886115255	21
0.110032261015643	0.540905016572958	63
0.049780757658983	0.254620750392089	63
-0.101006701186267	0.120901971162858	63
-0.120658786054163	0.0552556681547546	63
-0.013963466144049	0.145891398321553	63
0.023083274622229	0.201394637722052	63
-0.097625825203213	0.365714605824095	30
0.055829840678188	0.520644565485128	63
0.07422751475992	0.492311743728127	63
0.029066940279316	0.386919189786812	63
-0.120309025478005	0.0554121511236294	7
0.01577351938665	0.410762361393154	7
0.033701418505654	0.402234923580572	7
-0.085468515756489	0.343289018216601	8
-0.076506632949797	0.246141666921392	8
-0.071368243232054	0.211301436866135	8
0.010061106974436	0.256382013528356	8
0.06641186590216	0.302495531202498	8
-0.064014070353571	0.169880283902732	8
-0.065686825502182	0.248451259154833	8
-0.083209839698505	0.0795856942749382	8
-0.030389933326848	0.125945599105109	8
-0.082869147951996	0.0797519992418196	8
0.011757031379517	0.182938201668136	8
-0.123927652137532	0.263878582759734	8
0.098577483983259	0.925092946019364	8
-0.036666730428494	0.535795241054507	8
-0.122952071210037	0.0793985695469724	8
0.028410085692627	0.301584919256657	46
-0.0000226806613710107	0.454756638621645	46
-0.041710150053235	0.277337945865398	46
-0.078342016556241	0.243078164919013	46
0.095040065980999	0.67004396327685	29
-0.111287975701266	0.173456979612854	29
-0.024276271903284	0.19147760115772	9
0.033387999048703	0.219694693457117	29
-0.000109315905787999	0.164841428016307	29
-0.082375510585838	0.712972148394512	21
-0.102568414705792	0.529001456488944	21
-0.110181009914877	0.504663617481079	21
-0.114610208412476	0.38407724473317	21
-0.056656316852969	0.623067512767526	21
0.116903991341607	1.87036133489944	21
-0.070614929766194	0.715704809113309	21
-0.10661579390579	0.463234224255935	21
-0.089713552351872	0.537460366455493	21
-0.032092576593304	0.746837929808513	21
-0.104186908012883	0.449474701945319	21
-0.011518937131247	0.970141315553979	21
-0.04636079313219	0.683647887531796	21
-0.047305428249326	0.295828597261006	21
-0.060556216501125	0.334331451848841	21
0.057325394077619	0.846023783705868	21
-0.028708096735241	0.639729323159839	21
-0.00612184853329001	0.827381140336025	21
-0.09957230647519	0.282997447778932	21
-0.079355423048791	0.278392363726068	21
-0.071434899091051	0.235522911365623	21
0.018817827934126	0.491774689728039	21
0.101844249436741	0.463656364658061	21
-0.112999482239725	0.124611590711111	21
0.079806220902432	0.349201337949217	21
-0.023422741134596	0.284287782648842	21
0.056438906634538	0.271440382768844	21
-0.102900301844403	0.155983493168908	21
-0.035958146478151	0.173845828245728	21
-0.00810640441362401	0.275310600106678	133
-0.100844455990343	0.0990019357724177	133
-0.070768709426229	0.212141325972993	54
0.056510916084152	0.271397369558483	21
0.067223786364969	0.30353730113971	21
-0.063170509743179	0.17079931782059	21
-0.063329100990105	0.17063256849897	21
-0.013430816178881	0.146261576441922	21
0.021066078132804	0.49730241743626	63
0.082470772138955	0.553069347881956	63
-0.102276835487906	0.173434087767094	63
-0.066559596617051	0.247052405191184	63
-0.019777134680031	0.24779177019126	63
-0.012726974912294	0.262985242316572	7
0.111858698487145	0.0760513170465834	23
0.088522241813949	0.391218190969417	7
-0.0919672495263	0.153662149894301	7
0.018100626029584	0.60979567413552	8
-0.11169137762606	0.186798876158987	8
0.087318974216173	0.379504019967292	8
-0.005499688623512	0.224489628509508	8
-0.040672776535326	0.243424920846341	8
-0.052748538605331	0.103837401666497	7
0.097219381510248	0.435181322154968	7
0.042291220066222	0.237492816537353	7
-0.081156472419163	0.118458360031002	7
-0.00111155464569099	0.164049809185299	8
-0.030533426825506	0.12588149118287	8
-0.036435758894548	0.173374945806102	8
-0.048866301480821	0.156039149314289	8
-0.004816397942567	0.225220145656295	8
-0.000671388391350003	0.164359319290645	8
-0.030435207069149	0.125967159655084	8
0.023239869124297	0.201532344724668	8
-0.103360469600231	0.284261092902213	8
0.058339125981891	0.748032844984231	8
0.101174012240381	0.462507698211343	8
-0.064526023337843	0.136962743872186	8
0.041371694242755	0.236569464347935	8
-0.00000941848275501367	0.164911071457873	8
-0.113809089767587	0.123819449181729	8
-0.05237393232295	0.104021437365313	8
0.105155262200156	0.500780879571291	46
0.060299802704998	0.545939773383634	46
-0.045677127938959	0.298740113675362	46
0.07033382474127	0.608479147224384	46
-0.118217059052887	0.174235554160709	46
-0.110320699776807	0.159914514751795	46
-0.109203902018326	0.161308171020577	29
-0.120309025478005	0.0554121511236294	11
-0.100277925823243	0.0993972726036244	29
-0.061701617866212	0.79655555527419	21
-0.041484236138391	0.849528110239541	21
-0.10521793331381	0.469277600941561	21
-0.110645777639993	0.461907357438239	21
-0.105002224838849	0.441592033491314	21
0.000264305963353972	0.783758700354189	21
0.015272487058631	0.966951036605493	21
-0.052779020387609	0.807094583417437	21
0.019167461065912	1.18127412971729	21
0.00828296991257699	1.25235216614242	21
-0.114021209061729	0.531842351038999	21
-0.067624689674423	0.640129840571357	21
0.033855580661726	1.20544886359656	21
-0.026576728534419	0.799111551306272	21
-0.115073609261097	0.47274511121856	21
-0.101585531520531	0.533025310105822	21
0.096567263095103	1.35198658864192	21
0.054503537382297	0.517370373593071	21
0.038856879047166	0.691109913224177	21
0.094080918115106	1.11111526473908	21
-0.094261154053274	0.500425285133057	21
-0.098163551640621	0.259387502026388	21
0.102337578751564	0.74387077930738	21
-0.088163818659568	0.220373849566592	21
-0.097169445959453	0.247302090341341	21
-0.093029547858195	0.272715960671711	21
-0.078500788893134	0.197650685744747	21
-0.00660245392582101	0.277457625154805	21
-0.117027743672468	0.103168823954466	21
-0.014889942548421	0.207558743450412	21
-0.063902248601015	0.137454948213377	21
0.033062348883539	0.219376752899176	133
0.071244270224963	0.318281707439338	21
0.041722960803178	0.439125467709711	133
0.000230914513944025	0.165077034167763	54
-0.063278375153718	0.170677002949511	54
0.061925228101251	0.287451454859845	54
-0.081442311790037	0.169393833310054	21
-0.057685104102321	0.239177856922781	21
0.069942198672802	0.466535741875293	21
-0.00114187624914	0.291507282208472	21
-0.081495439464954	0.118181158181961	30
-0.051322480482378	0.253141525390274	30
-0.062920558016817	0.138267862265573	63
0.10274301356007	0.735925843439331	63
-0.121952405981987	0.201198750243104	30
-0.00912925676655199	0.460369787510245	63
-0.118144137020069	0.161040956681898	63
-0.056811861124925	0.271023651949774	7
-0.071441876461516	0.279951114955366	8
0.062262687744873	0.426859611502645	8
-0.117408231430572	0.162124960425757	8
-0.048655904358882	0.156219485332567	7
-0.064380924316761	0.137098025325898	7
-0.086986273342732	0.137962116790266	7
0.011619601719882	0.182900353819704	8
-0.081169373145072	0.118448462603625	8
0.042291220066222	0.237492816537353	8
-0.020183031402639	0.247239579331837	8
-0.014079592233352	0.145805614242198	8
0.042334782084892	0.237489935742543	8
0.00055249895505799	0.165275984945214	8
-0.024507056380049	0.191184360167165	8
0.067545830094546	0.303900150420753	46
-0.031183654153212	0.343450266000818	8
0.022021998857931	0.505722780725748	46
0.06257115611084	0.427409562813561	46
-0.044331131293651	0.201383646924017	46
-0.014221177476991	0.145707308421582	9
-0.11938447864289	0.603471947772664	21
0.021031220524598	1.30309223345285	21
-0.03846839732049	0.929346235358763	21
-0.013898357223164	0.921548200827192	21
-0.030938943161575	0.931550845779112	21
-0.044785083970019	0.866319971067757	21
-0.070016049008407	0.712569246533057	21
-0.055487426042909	0.913381796660815	21
-0.066032803571274	0.222764150724314	21
0.014571088404937	0.966960304018568	21
-0.042266196883713	0.606674684471026	21
0.048578569039699	0.475140958394497	21
0.042652109122511	0.534747331988674	21
0.101756766149454	0.473933672382874	21
-0.054840245211589	0.274330819818811	21
-0.054362515989061	0.351734396251152	21
-0.108285532107811	0.221095972459616	21
-0.117873463248713	0.161495210137757	21
-0.101819502005537	0.0982693196061778	21
-0.014246608579783	0.208308610784895	21
-0.014729162324134	0.207759415308796	21
-0.000630674987723012	0.16443973504604	54
-0.023551148547498	0.192137503977256	54
-0.04882232948246	0.156068021756101	54
-0.063650623856389	0.137709542521141	54
0.104769329504364	0.489750341573909	21
-0.101411003843191	0.0985861594331197	21
-0.00559892143874299	0.224374792587097	21
0.043191313634555	0.449385924195034	21
0.081263199143462	0.541605666785407	21
-0.024520288261655	0.191234030997036	21
0.072136495505468	0.319442664820242	63
0.012140888421149	0.183299451348509	63
-0.101094842048513	0.0988126814193068	63
-0.120217517276932	0.055444175672436	7
-0.079962472696132	0.25759269547683	7
0.00307185213622502	0.467514316188671	8
-0.076386439425754	0.200446502467897	8
0.029053749622537	0.673129603125885	8
0.030160681807878	0.763006779834292	8
0.00457652590758501	0.580664554630871	8
-0.093515771867462	0.170886458393263	8
-0.012812671876361	0.262864199984506	8
-0.013337204138792	0.262157292483493	8
-0.087391461624591	0.137580532814525	7
-0.101368804238194	0.120574583459816	7
0.042834066061319	0.237968371182877	8
0.076691010733974	0.335039597093619	8
0.022183795332599	0.200617308671667	2
0.011778086245984	0.183022787233715	8
-0.063172907971942	0.280318541204208	8
0.019366221322823	0.675421049170474	8
-0.003067196700341	0.442371406217789	8
-0.018408407102656	0.383494476372428	8
0.073997050954134	0.491843301134603	8
0.057541989290009	0.401842057284089	8
-0.02036311772307	0.247032510316935	8
-0.090036914555936	0.155841062437392	46
-0.059393230326096	0.290940331741364	8
0.00778799552755	0.377138092944316	8
-0.118382208589693	0.160781412261266	46
0.040448832788487	0.529330997811489	46
0.088433199687081	0.601667129497796	46
-0.055592127722627	0.213770892202372	46
0.049548234871318	0.254341438833181	29
0.027472710399084	0.376881438397695	29
-0.05268825189466	0.103871798085957	29
-0.013048384933157	0.146527490479051	29
-0.100322875896961	0.121504332963931	9
-0.035510417568566	0.174235342461927	9
-0.11646301754947	0.103642339951344	9
-0.064761793473793	0.778893615633712	21
-0.109576841640587	0.444213646978769	21
-0.105215700800275	0.452462113971642	21
-0.054344276343785	0.727392838556779	21
-0.111030045617668	0.512053406529637	21
-0.045025888057231	0.749750909058466	21
-0.024921625480863	0.721266343185915	21
-0.087615447500977	0.580650367146264	21
-0.098401423467635	0.609824002385671	21
-0.05832831662115	0.695094749850439	21
-0.121478768045008	0.385356145208898	21
0.050953684448378	1.17188231501195	21
-0.120629547410847	0.38969127460271	21
-0.062375938692903	0.675116995408324	21
-0.091051576137909	0.432558291279442	21
-0.107002481622466	0.425079537688777	21
0.016121658853239	0.8748776430187	21
-0.01248824125183	0.64653641183075	21
0.038078246222528	0.756310465310029	21
-0.038674311589388	0.382161802578794	21
0.038718047029341	0.518516768860815	21
-0.071526036717161	0.185088366232842	21
-0.081761603460646	0.212480878851355	21
-0.035087537429606	0.256448577005981	21
0.062448494574973	0.288016573496946	54
0.048020061734027	0.361407052036782	21
-0.092466526172862	0.172155485476637	21
0.056250800408835	0.626044071501855	21
-0.082553501526253	0.268998975073303	21
-0.021514288647434	0.411318708924889	21
0.042071097155998	0.34435321129529	21
0.093552569860712	0.640326022527284	30
-0.085737254723833	0.184368937290431	63
-0.062817498529038	0.138317671717724	63
-0.000390298689997987	0.164622350280018	63
-0.030480446715086	0.125945833582448	63
0.010689696005467	0.18208702368104	63
-0.044800773856791	0.200845866224893	63
-0.078341203869812	0.408410098766325	63
-0.021445224142366	0.411416223090153	63
-0.075745522468801	0.247464113071573	7
0.102650818550533	0.475562968495217	8
-0.030382185417103	0.125992340058586	8
-0.076537879068171	0.287068455955267	8
-0.122989836408439	0.239551906778935	8
-0.0346065094738	0.488582224248315	7
0.00217748264937101	0.360864287889074	8
-0.123288194719966	0.196691088103713	8
-0.053821439502657	0.185667464979383	8
0.092192391664775	0.40681894699441	8
-0.083111646782144	0.0796421959823403	7
0.039321972818093	0.332326696682592	7
-0.090291807055073	0.155552766325746	8
-0.115666128034833	0.104285175407836	8
-0.123671826788926	0.0789219603669186	8
-0.062796398971994	0.138357302314051	8
0.062448494574973	0.288016573496946	8
-0.120309025478005	0.0554121511236294	8
-0.087391461624591	0.137580532814525	8
-0.101409378215581	0.120546957840554	8
-0.05536990512918	0.302261427821241	8
0.00643952806376202	0.532327615905247	8
-0.00526980974379801	0.566455579027836	8
-0.117397104354705	0.232689753093852	8
-0.04825378483831	0.22819424982162	8
0.047041222293723	0.359936243083049	8
0.105910045212246	0.512386277219979	8
0.089478422527085	0.392702878297043	8
-0.076697438894034	0.245882574211543	8
0.073706133523964	0.632991616723592	8
-0.107530974652999	0.195960705926192	46
-0.059537726464742	0.29066480899133	46
-0.058032660690297	0.293538711468795	46
-0.048178003678973	0.228302660417454	11
0.095320406602551	0.854962411195636	29
-0.12029736476541	0.144347282032294	29
-0.053183324304656	0.103590170953903	29
-0.00544044296898	0.224537375918728	9
-0.11227844204343	0.141725989813214	9
-0.09235883595255	0.55626144829707	21
-0.092156445972489	0.736803013508787	21
0.010882106956537	1.49932713160709	21
-0.057791322132783	0.740772993605245	21
0.073547618794394	1.18313192821599	21
0.078779928094615	1.0140976155439	21
-0.012930640665719	0.524973823075913	21
0.051363123357282	1.04779174580638	21
-0.024303459556559	0.806297920628846	21
-0.013383807975681	0.820533822221448	21
-0.011805687649683	1.13412648981621	21
-0.082053020961316	0.615067386473045	21
-0.11703431445904	0.316179788970197	21
0.047438882702295	1.074414288843	21
0.021167471118583	0.766467376668611	21
-0.072383656243835	0.464464923103811	21
-0.083064863685743	0.40225254563487	21
-0.090792314613731	0.410591482620994	21
-0.011679181538262	0.532930917375786	21
-0.061204023448588	0.482098058174726	21
-0.025704565053396	0.688991142529204	21
0.074964808570325	1.09785744096809	21
0.040277228966496	0.770798519233481	21
-0.027258559484077	0.526494910901682	21
-0.087730098983937	0.321134589840872	21
-0.066877418795158	0.355821522063496	21
-0.057813292827942	0.293914801809189	21
-0.000369072138205001	0.453871457715172	21
-0.085218345620235	0.244980189728869	21
-0.050644891599961	0.315279451722614	21
-0.119063353416251	0.145876215864997	21
0.057696969016313	0.524720956896787	21
-0.055766027553892	0.241928567761252	21
-0.055007633797696	0.274094991197536	133
-0.079004915509245	0.196966249887774	54
0.080132815674883	0.349656692406254	54
-0.10207782040049	0.156979012816088	54
0.102798744958929	0.475807692909234	21
-0.019987607177109	0.294975999114429	21
0.026812746839001	0.459186057452824	21
0.104086806697983	0.488510479417237	21
0.095134027211281	0.421533077249768	21
0.038644318552698	0.331413254163614	63
-0.12277242132994	0.0795213094723885	63
-0.074451687882048	0.154581146004668	63
0.00582266956000899	0.433461992446756	63
-0.075875666306582	0.305410346097388	63
0.114395451096341	0.621861554714091	63
-0.090440461473157	0.23283915303598	63
0.018033661508854	0.347369048234741	7
0.026422737582113	0.375241140209246	23
0.098789110356301	0.697609204373693	8
0.015075694783554	0.335672176253396	8
0.10854358509778	0.527959786064581	8
-0.12100603383321	0.12890898336756	8
0.080506495912694	0.531319042516856	8
-0.043047556091971	0.202881531123262	8
0.079436030325161	0.348695312798844	7
0.071193942078783	0.31824187123416	7
0.042457719738352	0.237642631007617	8
0.06681799954849	0.303036132190932	8
-0.030336969286129	0.126037205246425	8
0.023335012081395	0.287533691929211	8
-0.080452499441678	0.118981088447475	8
-0.01432878907094	0.208230130686428	8
-0.024594924060708	0.191160580571201	8
-0.02036311772307	0.247032510316935	8
-0.101457173174198	0.0985455362941529	2
-0.080960911599257	0.118589508170392	8
-0.019546966851816	0.381100967625055	8
0.061499186500589	0.556223181978037	8
-0.015247126171113	0.259490735597238	8
-0.052743405896289	0.186838876223013	8
-0.074451687882048	0.154581146004668	8
0.043043923499683	0.238096510613242	46
0.00286278123783401	0.240825686067932	8
-0.02779178100834	0.231863826007237	8
0.010589675839077	0.321904354946163	8
-0.048178003678973	0.228302660417454	8
-0.001964637405721	0.29032605659192	8
-0.102596844260281	0.173140059280048	8
0.069173925522695	0.45652153867366	46
-0.070477049536133	0.212545886263587	11
0.033735816919669	0.3166297492175	29
0.049854281814463	0.254585600990957	29
-0.081182154525826	0.118429029719701	29
-0.00612396874953	0.223787748104662	9
-0.052969679167762	0.58245194996084	21
-0.071368375224945	0.512306456341254	21
0.036516181745944	0.581058828579639	21
-0.030432348993923	0.268369623014989	21
0.120008760759539	0.705365912583488	21
-0.063578269852655	0.346111915841559	21
0.054275405333203	0.700350206740764	21
-0.086280978920031	0.292819556442317	21
-0.075175008840762	0.248426704156248	21
-0.033840048957352	0.299721180329027	21
0.09368497394348	0.840792019003853	21
-0.085346876327316	0.244790266248951	21
-0.034078236472105	0.524784534041393	21
-0.077804403036286	0.354281997814516	21
-0.124552218194588	0.294873923449151	21
-0.091952686537081	0.277713389346379	21
0.00999305485103702	0.448466607689818	21
-0.075961672647086	0.379448465521906	21
0.122066015306955	0.720667560514679	21
-0.108559072496194	0.269842428820177	21
-0.118838542586647	0.160139037299977	21
0.062861963764179	0.427954228180591	21
0.035795168682664	0.413429192636117	21
0.035195003819988	0.412328959166011	21
0.098890744252554	0.4482146332496	21
-0.047209050248038	0.229523182707802	21
-0.102443599512249	0.138843513929277	21
0.105918426058446	0.502242489397862	21
0.056395230614257	0.271365609898162	54
-0.09142092134449	0.154327049660231	54
-0.06327689586165	0.199491926201069	54
-0.024276271903284	0.19147760115772	54
0.008873667243466	0.319428554774784	21
0.079762880347858	0.349159475884153	21
-0.048322958915525	0.156504159554501	21
-0.05275501208276	0.186880312098287	21
-0.116752576277723	0.103404873939623	30
0.055555034658079	0.270478437222289	63
0.061039511451373	0.286385346298046	63
-0.041936108121422	0.241728559081574	63
-0.057427773021808	0.318010532899575	63
0.010335204806867	0.38809984190741	63
-0.082174171868587	0.211918891456657	63
-0.079900966695446	0.171141553576909	63
0.041646456114854	0.343607340731766	7
-0.119793458840578	0.0556306744898664	23
-0.120841837250685	0.0551749725492299	23
-0.013306152444951	0.14635874538675	8
-0.027189229031932	0.23262889719206	7
0.00994915584880501	0.256267708841673	7
-0.087349853517106	0.137615157126117	7
-0.054234993995219	0.185209155352343	8
-0.120658786054163	0.0552556681547546	8
0.022849845328925	0.201115685352938	8
0.079849257570891	0.349110306540318	8
-0.080622004913694	0.118855733486807	8
-0.030283906623266	0.1260200520097	8
-0.081312886019318	0.118317004644669	46
-0.101615248245164	0.0984300245054624	8
-0.101431323170088	0.139905870886916	8
0.012140888421149	0.183299451348509	8
-0.00653449951957999	0.277551447421841	8
-0.101191263764172	0.140154507551314	46
0.022718290229215	0.201100423981864	11
-0.063650623856389	0.137709542521141	29
-0.122092657670017	0.079935360934225	29
-0.100640235593431	0.0991461450879672	9
-0.065046955124411	0.136469976639367	9
0.042812413494113	0.237950571420771	9
-0.116187644993289	0.103873958021083	9
-0.013206015330426	1.17125267824937	21
-0.024292675841942	0.902064887898987	21
-0.078730231865138	0.464756244724461	21
-0.085522745739958	0.432522567769973	21
0.029664995391481	0.691895545879244	21
-0.020393048984481	0.700251869246997	21
-0.09169534752487	0.629882639885204	21
-0.088871790433863	0.745287815817781	21
-0.01380337590586	0.7885484892863	21
-0.116782504492443	0.599962693932626	21
0.032390220293194	1.6187350476985	21
-0.113435874342731	0.472585468368942	21
-0.076029941780614	0.512656784155257	21
-0.074011963323603	0.497809563350875	21
0.044247499126868	1.0283058116972	21
0.030468332465765	1.28607126009547	21
-0.094528066596702	0.426517674541524	21
-0.020248576705848	0.60232526072577	21
-0.119739870675535	0.287407806274169	21
-0.00682764507210901	0.603919964844907	21
-0.11648711182687	0.297996690285715	21
-0.085267459859764	0.377948983191049	21
-0.102136444178783	0.287143650168127	21
0.016711462627204	0.600030775233248	21
0.076514768650684	0.664458087510668	21
0.067617886584826	0.593965315563215	133
0.063775341856007	0.569168154890871	54
0.060181939164484	0.414794784136831	54
0.066754659110217	0.451952653319874	54
-0.041082349290532	0.311392924658694	54
0.051405971832381	0.495905754550607	54
-0.011791819898526	0.364915267983531	21
0.01877491930102	0.547364871032511	21
0.043067024326647	0.535577908830644	21
-0.122311998053876	0.177829128469416	21
-0.091315849099529	0.279101256264348	21
-0.118805132189394	0.146240752899502	21
-0.076950517917833	0.223179763262441	21
-0.105266163614414	0.185006955152279	21
0.112427101238745	0.55615383279074	30
-0.034631885776272	0.257101505005005	63
0.115538368152205	0.624610943664468	63
-0.115285986584455	0.227753356769412	63
-0.002216519740325	0.590200481509847	63
-0.067526147976818	0.350889703822134	63
-0.097123197331342	0.233111459394356	7
-0.074060587889637	0.332319760356584	7
0.033583702653926	0.219850887342385	23
-0.12277242132994	0.0795213094723885	23
0.032866518129377	0.219221400280915	23
-0.085734714885222	0.139092286197771	23
-0.0921961796944	0.259794276111637	23
0.100597142478074	0.702644945220872	23
-0.065370311567438	0.223746451154804	8
-0.029448216554739	0.515633542064619	8
0.081961299999865	0.880405658204666	8
-0.106846454967483	0.210720506460518	8
0.056780284994221	0.522821364361933	8
-0.042933248640001	0.30801874036933	8
-0.098611054188654	0.197897659773873	7
-0.040667001944986	0.343264832149424	96
0.105691277265638	0.50182331585693	96
0.055725668495734	0.520383736666863	96
-0.027755712581016	0.272313788115386	7
-0.111049053053392	0.158959961196951	7
0.00352150492357001	0.363366977835331	7
-0.03560202696096	0.255715582051853	7
-0.073509938951258	0.155484976359711	7
-0.090777859488079	0.155042859225048	8
-0.102308689365798	0.156680741098001	7
-0.00837910610479301	0.325059855290982	8
0.071002847926262	0.468665225088595	8
-0.05943587414295	0.262593598299619	8
0.091265413689271	0.405376594121104	8
0.022497779020799	0.200812216046524	8
-0.052784912153989	0.103796156702697	8
-0.112842711193047	0.124775480579322	8
0.004127423476189	0.364407017471545	8
0.016886702462027	0.536403208006193	8
-0.024337005095512	0.400241874810308	8
0.031269211414002	0.475246296580809	8
0.092831180550568	0.638561383244651	8
0.033583702653926	0.219850887342385	46
0.057090960545447	0.272076715565607	46
-0.080174946722863	0.170830399020393	8
-0.112416971085349	0.171828775447874	8
-0.087495207069462	0.256600955905318	46
0.097454945544089	0.7027559180956	46
0.00165670483632302	0.413617625238495	46
0.000663346421982014	0.411473941499216	46
-0.040969515714995	0.243055035200626	11
0.071676577131811	0.318676404033087	29
-0.086300527065067	0.13859492811359	9
0.0431028854617	0.345896648635649	9
-0.096933336667063	0.723138662723919	21
-0.092196661894826	0.466347789880672	21
-0.081429345228326	0.464124366893359	21
0.087162164997668	1.14989561209338	21
0.071258631757758	0.898754810151968	21
-0.102477387791097	0.248033156978243	21
0.052738745226424	0.99911261131993	21
0.056477773112988	1.23253914473706	21
0.123671357743796	1.36515421394268	21
0.057097649641823	0.85142354063889	21
0.032151601882439	0.848149890248804	21
0.010922164425507	0.728287716825214	21
-0.042647578689236	0.508994629456741	21
-0.093387825352038	0.51199963671258	21
-0.024376702894982	0.615138168154241	21
-0.042785232936122	0.533381138049117	21
-0.006428714697193	0.735342995839402	21
-0.112606020888047	0.431157757771646	21
-0.051475321702699	0.389271574690284	21
0.075400193500994	1.13672169188187	21
-0.023229317215185	0.72919624762108	21
0.002284920560091	0.61433170256984	21
-0.120340429433208	0.255627695644662	21
-0.078955932321992	0.422224718230949	21
-0.043572298210636	0.55113419451284	21
-0.121108883705254	0.222997565393332	21
0.040151201757445	0.604286395272634	21
0.110123988734574	0.877410944035019	133
-0.00941707011578499	0.45965678019551	54
0.028296615401849	0.462262075008266	54
0.103946583004152	0.766790095600183	54
-0.067276587699008	0.291349268512912	54
0.085476760313804	0.57726687963244	54
-0.092627053357606	0.210171093767112	54
-0.00194349451360701	0.400623605558851	54
0.056866424239443	0.523028176263575	54
-0.09285992226781	0.209737597728798	54
0.121475162059014	0.689045555396962	21
-0.068125858166738	0.289663222893784	21
0.049737677137232	0.484993582172275	21
-0.00591141019452199	0.334961173948551	21
-0.101413552367216	0.157756886052848	21
-0.041893139824841	0.277045983081645	30
0.00382555209733898	0.363907986695733	63
-0.083891383291959	0.230454672659243	63
-0.071099068453534	0.236066957566592	63
-0.040093038761949	0.279916106588411	63
-0.05703137213141	0.295390730203391	63
-0.101337526268581	0.250325639133622	7
-0.006451774639256	0.609683024373151	63
-0.112419537058354	0.256798010216444	63
0.059021887904114	0.535462137574634	7
0.033740008390859	0.219991267832969	23
-0.013181603597973	0.146439356159907	7
0.038267956596917	0.425317379933759	8
-0.047131123131352	0.229663987373045	8
0.051255094857691	0.374759974325419	8
0.093083009740155	0.408101512982913	96
0.09434041845769	0.420344533149979	96
-0.101312703148995	0.222966088869457	96
0.03939206640104	0.427324179355119	96
0.044229970398674	0.451491586726758	96
-0.013538291716085	0.26191176035404	7
-0.111243941793551	0.158669090796297	8
0.076938134156458	0.506461587117837	8
0.089048616232857	0.392056746549009	8
0.083505945289479	0.564020892375147	8
-0.013722827308261	0.208831983313187	8
-0.100725359110566	0.121156414511097	8
-0.073034047387742	0.155911450140715	8
-0.123431866816229	0.079084180561219	8
-0.053437464127999	0.103456755441209	8
0.041980174476099	0.237152534228164	8
0.033727028913391	0.219963291363813	8
0.033209613589766	0.315916098253544	8
-0.048217181312629	0.320029658889143	8
0.042418595775103	0.447887318967123	8
-0.022547635271007	0.370176543740984	8
0.033951117688025	0.316939273045588	8
-0.027189229031932	0.23262889719206	8
-0.012660090036546	0.263068095502651	8
-0.00554927535344299	0.224439108798318	8
0.081085607386103	0.350835689385708	8
0.00354711889417902	0.241591949774848	46
-0.042890906578536	0.20305026679091	46
-0.053708188617754	0.185822122210879	8
-0.088718811614014	0.198884567560739	8
-0.024766936799124	0.399208026707048	8
-0.106164210936203	0.198180144810103	46
0.00520598806734501	0.478159183371998	46
-0.083701779335396	0.230809411342536	46
-0.074102157992072	0.292146907363993	46
-0.027349601074458	0.31588133673248	11
0.075739671231691	0.333940579964917	9
-0.100119823450488	0.0995036934194386	9
-0.069499587013029	0.600211195815825	21
-0.040743191275712	0.68790345114019	21
-0.014774687531287	1.0626606111038	21
0.021866351105017	0.923993628494492	21
-0.107032080000256	0.353449785185946	21
-0.06152055917328	0.462961607371058	21
-0.052360687499952	0.548011815548969	21
-0.108515895024165	0.433899358785774	21
-0.082767865159202	0.455279569267633	21
0.021981963696534	1.03385715438277	21
0.10084218278326	1.29517499268573	21
-0.097375950022875	0.346090609425591	21
-0.05512682510352	0.737272866340819	21
-0.02597087162182	1.05169312083603	21
0.033437958608246	1.26385849738984	21
-0.089993258853575	0.359585063299203	21
-0.042834391220005	0.553754993854399	21
-0.115353858192403	0.331572246969125	21
-0.05044492693068	0.514558770322334	21
-0.080758016996948	0.310839998642166	21
0.01608658956988	0.534096235652149	21
0.054692999891506	0.607342582794411	21
-0.041759756501737	0.396678639507221	21
-0.024337005095512	0.400241874810308	133
-0.082159445026406	0.233412648824086	54
0.011072056183928	0.389434814511595	54
-0.024361051017189	0.326143375112746	54
-0.015915475155802	0.351870231424913	54
0.115523876818065	0.614435072776933	54
0.018331147196735	0.484980684204457	54
-0.001584694338334	0.401369224647879	54
-0.040090450322133	0.27982391339672	54
-0.011100170907578	0.366254040719675	54
0.017643930510526	0.346711576625325	54
0.096998079004372	0.666461208570334	21
-0.047220690364418	0.325834889300772	21
-0.119303364035342	0.159495699006377	21
0.030779746939447	0.389809895778792	30
0.01000001344228	0.387507857056614	63
-0.034155846968284	0.365301636230263	63
0.078584725284071	0.678322343268478	63
-0.052622045106472	0.433770759486629	63
-0.014761645310839	0.396038029708479	7
0.087936458824909	0.390246545313898	8
0.092842713205077	0.407830755865813	8
0.021243434108498	0.687046627864631	8
0.093268274302721	1.3071785466777	8
0.046177735728751	0.462813821883136	8
-0.100796661795079	0.280189233627302	8
-0.106752202955481	0.197236919149196	7
-0.111777034083214	0.172744377104361	96
0.100163951236268	0.45032097157923	7
-0.113425760618628	0.124199388666156	7
0.017108243904605	0.345762255590941	7
0.020516918598173	0.358260166759844	7
0.028392010412527	0.301724278977253	7
-0.071439302941439	0.185210217699189	7
0.029017703697032	0.386869817356108	7
-0.04374635926097	0.202070886453844	8
0.061318126661881	0.416688394595535	7
0.028021458149076	0.301213671254997	8
0.056076611955608	0.271058217577165	8
0.04205966152669	0.237223336219255	8
-0.000249793910905988	0.164736441383124	8
-0.013688663529766	0.146077269754332	8
0.0494624446479	0.254299852559142	8
0.095289916816635	0.431861599679012	8
0.022906634869507	0.286997583813054	8
-0.112540320577568	0.211015302231925	8
0.018464849322738	0.485288409609743	8
-0.062910602938054	0.171060668606784	8
-0.114236367182994	0.123371981996492	8
0.089848994064283	0.393246097880523	8
-0.106494523647104	0.211344057408591	46
0.07441919417538	0.642823079064337	46
-0.022264039628292	0.370742721783907	46
-0.064777779227875	0.299557288384203	46
0.030649977108928	0.539603129155502	46
-0.069877514353324	0.213360154510826	11
0.089752119735727	0.393063355392283	11
0.033722559550749	0.31656755562668	29
0.02286569985593	0.286893740360533	9
-0.101776360075267	0.139541406398213	9
0.082000796073761	0.361974418246696	9
-0.044723435891599	1.02511662620878	21
-0.115251377091581	0.465634641428075	21
-0.124626672223129	0.489700228671406	21
-0.033705498646934	0.633803631577143	21
0.020106833552143	1.27290360064796	21
-0.071870707575083	0.791974723253656	21
-0.038278102053932	0.958009743231814	21
-0.02522466872874	0.945500113350809	21
-0.121664491391721	0.405466472555553	21
-0.070582863466808	0.614845994773235	21
-0.038138433571032	0.747898491680303	21
0.080249967179488	0.691261785035652	21
-0.008172101596608	0.679341449829672	21
-0.054557115837368	0.70514075727944	21
-0.057657494078293	0.505346499823608	21
-0.01344673671355	0.56035725890794	21
-0.090350669577204	0.312203287553339	21
0.082250537523379	0.713444993723255	21
0.00734160721099703	0.436874278842874	133
-0.024248659418235	0.283022495878288	133
-0.113425760618628	0.124199388666156	133
-0.110784851568635	0.239144784760801	54
0.010049917842324	0.256364057063728	21
0.039388588774948	0.332432787474499	21
0.099042783897867	0.448547503004678	54
0.029894488761821	0.388344281824361	54
-0.063906492448847	0.170015086904561	54
0.054800806406985	0.388797587767533	21
-0.090205353688658	0.248534410373685	21
0.020894950523166	0.497075688355338	21
-0.043773522090903	0.201982237964316	21
-0.013538291716085	0.26191176035404	30
0.011619601719882	0.182900353819704	30
0.023083274622229	0.201394637722052	30
0.063613442328739	0.916735879321966	63
-0.070657405136072	0.281437973779356	63
-0.062363634668072	0.326892032582972	7
0.00535133761456003	0.427000189991809	63
0.054901096647026	0.511133592767591	63
-0.030338865167169	0.345179706858682	7
0.016628810395132	0.271663615175125	7
-0.083787156901918	0.079304190723737	7
-0.013821756202131	0.145997792992884	23
0.072078112438787	0.319257315026669	8
-0.109512994513612	0.241752662226183	8
-0.113988144490147	0.218315914132933	8
-0.07446543463626	0.311603361533697	8
0.114151047928205	0.981968562067484	8
-0.046368106361683	0.26531830267593	7
-0.089080156936649	0.2351763853137	7
-0.046906757178718	0.229943833130907	96
-0.00218930505098899	0.289993942403355	7
-0.093288294948803	0.171161763179093	7
-0.01926243160555	0.296183216260844	7
-0.101405485540602	0.139924861489145	7
0.062448494574973	0.288016573496946	8
0.054882316941719	0.388979786476137	8
0.038949777497544	0.331825196915554	8
-0.102153037593604	0.156888345944418	8
-0.102088616267071	0.156938229651781	8
-0.028490162304557	0.313872257612264	8
-0.00592636530909599	0.278315769582972	8
0.066901883656995	0.303133693450136	8
-0.083013503217428	0.0796847627732679	8
-0.063484063842693	0.13784355976546	8
-0.044785586265829	0.413550817720868	8
-0.012538663313312	0.526140301010797	8
-0.01661925658067	0.509707810151582	8
0.00815894270327799	0.542532794309687	8
0.076317257142163	0.334692688406251	8
0.074457797824746	0.492691554020743	8
-0.080742860746784	0.256182898904861	46
-0.040443409334932	0.343668054109772	46
0.098805886288144	0.706822027487597	46
-0.042091828053345	0.424449304431304	11
0.048378721302356	0.253064441740993	11
-0.120234703522593	0.0554293838114684	11
0.022340639118836	0.200738427998196	11
0.10743206984521	1.2781684522113	21
0.011626726210771	1.27668266886025	21
-0.087536225348336	0.467201713010693	21
0.054358590955109	1.37022294189842	21
-0.087031861546762	0.529470024860407	21
-0.04379029581263	0.794936292639986	21
-0.077707478891775	0.518572563455641	21
-0.08849138748359	0.219839777891573	21
-0.00129288380895101	0.291291435124167	21
0.040066290329097	0.333280606989153	21
0.105619944699611	0.511806403803214	21
-0.066877418795158	0.355821522063496	21
0.085026398660002	0.576233562857136	21
-0.063827192729433	0.301565698707113	21
-0.117638703721366	0.161805831180384	21
-0.100640235593431	0.0991461450879672	54
-0.013697093498287	0.146094010924253	54
-0.100644655499059	0.121221466925399	54
0.108480780186676	0.527817798684366	54
0.057541989290009	0.401842057284089	54
-0.027182170982497	0.316186086122053	54
-0.01428767676156	0.20827609408742	54
-0.036672759051399	0.290258713384024	21
-0.104392376111738	0.186304621683367	21
0.118645874664854	0.691795042621381	21
-0.100594119463148	0.0991705005786008	21
0.09752314355482	0.435642110548864	21
-0.01469191653984	0.207855503693498	21
-0.08398355741957	0.0792091325875855	30
-0.120217517276932	0.055444175672436	30
0.042855455409077	0.448757678553137	63
0.054191702814533	0.509462716250624	7
0.00928907839556398	0.499464588060139	7
-0.054187112748183	0.215546017486413	63
-0.113769439297793	0.183525501396945	63
0.055524029597694	0.51241749744892	63
-0.06221038451594	0.2007889045868	7
-0.086825211892131	0.138115765719482	7
0.042855773246468	0.237964709903383	7
0.018389182242934	0.605299416230747	8
-0.024594924060708	0.191160580571201	8
0.109022283582853	0.539191836948968	8
-0.093515771867462	0.170886458393263	7
-0.023920636977031	0.672472470723624	8
-0.051550638307128	0.487989099585998	8
0.053619399244468	0.604473625711965	7
-0.121531502838385	0.222134813498323	96
0.012457883849553	0.183495007072787	96
-0.075552495614718	0.153449305927972	96
-0.018665522622012	0.249149084305351	7
-0.076128240747435	0.152830033518761	8
-0.014931166007426	0.20755891757406	8
0.023079738009052	0.287150187934262	8
-0.00741479773020801	0.276338313141143	8
-0.12470960026763	0.162148956927485	8
0.111090586269731	0.55349391733897	8
0.115145060509352	0.950157466240202	8
-0.045939485845236	0.463275166381943	8
-0.049806273513201	0.448464028896595	8
-0.021014825266361	0.528068673508005	8
0.07869722248235	0.518729482157519	8
-0.111085264655329	0.187697124177271	8
0.050748518053516	0.479272927351826	8
0.055714271618965	0.270656914597035	8
-0.083013503217428	0.0796847627732679	46
-0.081508474603829	0.11818225334972	8
0.011823908101208	0.18306362744424	8
-0.00790713371983001	0.425995164567102	46
-0.124441903427026	0.162537840301382	46
0.079403099154327	0.520158473364217	46
-0.077884411117488	0.198504717402575	46
-0.071320079394191	0.211327560134437	46
-0.05838141611812	0.238168738757149	46
-0.08347630891293	0.231193846082691	11
-0.120400617847959	0.055374544630505	11
-0.100684985926087	0.121192838563356	9
-0.119188220915759	0.517610139437916	21
-0.072282618050368	0.774324108491966	21
0.000351150976029002	0.81247052971294	21
-0.124160789288893	0.429255459602642	21
-0.051634589594654	0.529497379143104	21
-0.086746372174763	0.583374931015827	21
-0.121453733905231	0.393420321270418	21
0.03859075972173	1.22708570481047	21
-0.124913231300191	0.408152554425523	21
-0.034205606656032	0.333201663001261	21
-0.00445003601466801	0.225589858330607	21
0.064484068834377	0.686642040725448	21
-0.103953456315903	0.296788244673789	21
0.118860681471888	0.692418029658451	21
-0.043303783381197	0.202574378616637	21
0.016807808573636	0.594589619872828	21
-0.108793696699943	0.19387532207757	21
0.035933997664607	0.413673929834217	21
0.00250009540281698	0.466074938987887	21
0.086873057536409	0.378787006569948	21
-0.013572545494622	0.146174028390621	133
0.049217367405833	0.254024375799015	21
-0.013306152444951	0.14635874538675	54
-0.074660067042707	0.154374156387729	54
0.072453397493581	0.319825030763254	54
-0.048988722885039	0.155910041936051	54
-0.05312314682485	0.103637553625753	54
0.020580568778618	0.358368623225901	54
-0.026056790063937	0.234023295118209	54
0.00391989013396898	0.305357757706045	54
-0.086622749918832	0.138300709518471	54
-0.087027759969769	0.137926848090109	54
-0.0365657029484	0.173253640459281	21
-0.104728419025555	0.185811356408684	21
-0.101503356318626	0.098495654353276	21
-0.00513447473821499	0.388725534556647	63
0.095268596456167	0.662117144920943	63
-0.117689683481975	0.187631794278323	7
0.038563617861447	0.425832451200291	63
0.05616407516362	0.271148397841454	7
-0.02597726154499	0.358457281162992	7
0.033375003193727	0.21966775457228	7
-0.11151779210526	0.173130308260377	8
-0.036863038280095	0.289973815700094	8
-0.1004365322693	0.344447999744735	7
0.095389660065971	0.421925095221749	7
0.106654020170644	0.51388423117157	96
0.022953122298913	0.201231042602625	8
0.072086420698741	0.319389462153849	8
0.011210963308023	0.182548741178366	7
0.0804462646425	0.350064735237733	8
0.090063735368892	0.393544100178773	7
0.071986091312558	0.319223226198413	8
-0.110773954616411	0.159330569046592	8
0.102721464855011	0.475629619700084	8
-0.120309025478005	0.0554121511236294	8
-0.120051049717625	0.0555267392668019	8
-0.043300925817776	0.421254328400396	8
-0.001381456614093	0.636235019186167	8
-0.023492090204098	0.546358002114076	8
0.03298037779443	0.485716053144319	8
-0.013181603597973	0.146439356159907	8
-0.025001576315447	0.190765543152678	8
-0.019049849281604	0.382168810492324	46
-0.052157661316756	0.251878358200334	11
-0.101610845824514	0.120364229045558	9
0.03250139546297	0.218862476166912	9
-0.066015448008485	0.846146181688172	21
-0.118523671461057	0.512924652010086	21
-0.103781740319285	0.534294764428117	21
0.032013975076231	1.50027795075127	21
-0.04832210409585	0.630362642049221	21
-0.104531917355575	0.524819962291186	21
-0.08421887370589	0.551893125485901	21
-0.111169039717155	0.369958078808377	21
0.036593394789401	1.23459751939263	21
0.019317842419408	1.14518146656617	21
-0.088099713259659	0.547542512783626	21
0.048832177758161	0.362504232068565	21
-0.049222512454145	0.318072722221097	21
-0.072843687276279	0.475669521673969	21
-0.013493125330531	0.736993369383859	21
-0.027467469369413	0.355418214251319	21
0.030738235417117	0.389736849295587	21
-0.03500676878352	0.21763051735905	21
0.067901787698804	0.586945410911903	21
0.117750173579357	0.660072428667343	21
-0.00111415957273101	0.349199515857781	21
0.095353469346548	0.421838728773087	21
-0.087230394268153	0.137734093869164	21
0.042291220066222	0.237492816537353	133
0.033570542115773	0.21985197643324	54
0.04189307055865	0.237083363672322	54
-0.014603571944662	0.145420084696441	54
0.067020936252263	0.303291515590849	54
0.05022740825716	0.255056131867553	21
-0.00851681728403	0.274692269567708	21
-0.013306152444951	0.14635874538675	21
-0.03478765646814	0.17485525485159	21
-0.030722168968916	0.125792362340233	21
-0.100482140884602	0.0992571967884497	21
0.079392906513619	0.348641892270152	21
-0.083787156901918	0.079304190723737	30
0.050025534508583	0.254868857857458	30
-0.062692179197559	0.415705940804603	63
-0.120205941228665	0.183379448292797	7
0.059971562284414	0.414416306348053	7
0.022731275820745	0.201097843006431	7
-0.063022075119717	0.199804093014253	7
0.111731113967025	0.076032888564632	7
-0.120051049717625	0.0555267392668019	8
-0.119551247231109	0.145303988494728	8
0.057220856633122	0.858402461679415	8
0.012284840842493	0.687825386724069	7
-0.005133337840416	0.224887581466599	7
-0.080087553521934	0.11922537640112	8
-0.000290537760421011	0.164672310041976	7
-0.049365691372066	0.155584503579216	8
0.087730558109591	0.380013784427534	8
-0.113652338379303	0.123972837222184	8
-0.053062857025092	0.103671316118869	8
-0.013563942903514	0.146182064666656	8
-0.012294480388172	0.447427683312371	8
-0.071700380088489	0.360235464438327	8
-0.092206550478048	0.288638605666077	8
0.057014659023216	0.40096473540979	8
0.011256809790941	0.182597357676459	8
-0.080256994031617	0.119100064132563	8
0.006882137996849	0.375569109621625	8
0.00762070482011501	0.376874456531674	46
-0.093291162990885	0.17116743100983	46
-0.00539082399895799	0.22460886115255	11
-0.013172991658043	0.146438288652276	46
-0.08133894125422	0.118317976716943	15
-0.120217517276932	0.055444175672436	9
-0.052965944528594	0.103716923250848	9
-0.027656872343564	1.08249947061058	21
-0.117276838505308	0.385418812440414	21
-0.061801586081981	0.847437492296612	21
-0.006962153702786	1.02795895063117	21
0.057106573985935	1.44206797508522	21
-0.122041580366401	0.511473052943947	21
-0.033424333663829	0.676325647051597	21
-0.033734189367237	0.764055095039294	21
-0.088008017633039	0.554557717519231	21
-0.065499703622895	0.652332324053823	21
-0.107241309078135	0.404123967194986	21
-0.096738379587679	0.248098361381451	21
-0.00358557586466701	0.817146353261792	21
-0.089890543413418	0.282182789440419	21
-0.115632402383048	0.215221378611245	21
0.113946079639581	0.590502502469824	21
-0.03178835596797	0.438070184091038	21
0.068360033610491	0.463419845757884	21
-0.065048764711858	0.249496552310683	21
0.083414109911414	0.57215860119368	21
-0.054106042962308	0.275557558563575	133
-0.122274529192991	0.127499037091324	133
0.010419782839703	0.256794219468349	21
-0.113695622937505	0.123938622094442	133
-0.027071174301165	0.232816447979914	54
-0.101127056083266	0.120765870536963	54
0.071251530543589	0.318294170824239	54
-0.014654935045003	0.260357663025329	54
0.06156276068503	0.287030310869028	54
0.061764439429705	0.287268204448904	54
-0.101207996710216	0.120726236777794	21
0.033192527417935	0.219492737027817	21
0.072186510660503	0.319475338521812	21
0.067587551325941	0.303959942868258	54
-0.112363049283103	0.141585909812326	21
-0.030594592392456	0.268148806203314	21
0.033557496838356	0.219833998218885	21
0.032683947868294	0.21904640299876	21
-0.012660090036546	0.263068095502651	21
-0.101006701186267	0.120901971162858	30
0.042479421604029	0.237660784128121	124
-0.12325254438988	0.0791998448736982	30
0.090219541058185	0.393768974372966	30
-0.045616100664757	0.383499259028862	63
0.023673263059669	0.515658965824939	7
-0.097423781769714	0.232453712473525	7
-0.089155645925664	0.268700496779152	7
-0.038024907439189	0.321492453517445	7
-0.066660027420387	0.246858628360042	7
-0.083302222362547	0.0795304020147335	8
0.068681543819753	0.596634987256252	8
-0.052627853354676	0.103890224793295	8
0.023294997404067	0.445263954357044	8
0.042598245674543	0.617869506741072	8
-0.085889211972744	0.278235024985209	8
-0.036829866592076	0.290031619192494	7
-0.061551632194974	0.201564135842428	7
-0.001791391196236	0.400965934686225	96
0.054882316941719	0.388979786476137	96
0.110943404564079	0.553235414533073	96
-0.058091707827104	0.238587457258065	96
0.010689696005467	0.18208702368104	7
0.033035978879727	0.219379646755372	8
-0.074451687882048	0.154581146004668	8
-0.117027743672468	0.103168823954466	8
0.042291220066222	0.237492816537353	8
-0.120400617847959	0.055374544630505	8
-0.030336969286129	0.126037205246425	8
-0.077132119238143	0.358825079373221	8
-0.047613444455314	0.406230730963985	8
0.011080284651063	0.621564733123274	8
-0.083098659828678	0.320652136873233	8
-0.111035907966564	0.173797215742879	8
-0.051372522858338	0.253060595081365	8
0.055845718718964	0.270758729185422	8
0.062208215604095	0.287730549584082	8
-0.043688994611922	0.2021544623821	8
-0.072486299216321	0.209679495239472	8
0.050567188809942	0.486738101447747	46
-0.035430999384551	0.330805808338745	46
-0.022906111797614	0.369438465277818	46
-0.013215236748721	0.40430715597662	46
-0.048400104464567	0.227987941511126	11
0.060928238055026	0.416050041555486	11
-0.083741015505869	0.0793365080292949	15
-0.031590748232348	0.12518468945712	15
-0.084029652610018	0.0791823014085662	15
-0.013563942903514	0.146182064666656	9
0.061442969420458	0.286870413184532	9
-0.063274896352504	0.13799850723787	9
-0.057835117972068	0.769287084239735	21
-0.081509301689575	0.553086638305289	21
-0.065039456582902	0.68843123585784	21
-0.095126908585726	0.377611771170073	21
0.013424443730407	1.01046918957371	21
0.067614319245924	0.711153914291285	21
-0.054403224441388	0.500819131629919	21
-0.119264773957943	0.394948756029631	21
-0.029896928202575	0.346085085784708	21
-0.118061004032375	0.161208255909461	21
0.017206902084484	0.346027129331768	21
0.00946606287051399	0.320317564287881	133
-0.094186368716055	0.170045245205612	133
0.064205840207381	0.43026495284758	54
-0.02824230789263	0.231326064308489	54
-0.084542672737748	0.185894953082283	54
0.042269520713422	0.237465254720059	54
0.01641517097018	0.271392989263844	21
-0.024312864721342	0.282928773695069	21
-0.049720621945901	0.155248574229416	21
0.061282288053851	0.286654177240227	21
-0.064338058106663	0.137119970568987	21
0.067831818322182	0.30421570778489	21
-0.014733195269723	0.207796890261076	30
-0.019932399203745	0.247594776834607	30
-0.09408172057933	0.22357438804173	7
-0.075604472483463	0.268814170839556	7
0.113854718334239	0.620512088929684	7
-0.063774258264913	0.137561168065271	8
-0.11781708970625	0.147413167641588	8
0.031350207704647	0.844778572178099	8
-0.098275980564899	0.198388182826542	7
0.04727720193671	0.472188684682839	96
0.021324453389143	0.359646657345271	96
0.062651275467739	0.288082160995628	7
0.05022740825716	0.255056131867553	7
0.041205179842843	0.236400410659305	8
0.042312973809464	0.237501363293812	8
-0.063170509743179	0.17079931782059	7
0.010587537346536	0.257012341966095	8
0.080816217264648	0.350521371813313	8
0.00365551329181602	0.241695206786172	8
0.079662765344708	0.348965513371306	8
-0.08398355741957	0.0792091325875855	8
-0.024841799219752	0.190927789807908	8
0.04396205411747	0.450970177329165	46
0.075725978347335	0.503987205429536	46
0.09867182158723	0.447892900340017	11
-0.014972433463498	0.207542956829167	9
0.076158766856334	0.334483656692586	9
-0.123053779402981	0.591234731431516	21
-0.114237813935499	0.621788261015158	21
0.028737527261513	0.823291267651963	21
-0.117650468303359	0.484046053268674	21
-0.00111673733715301	1.3017539555433	21
-0.04323955482007	0.747229909961977	21
-0.105587177319755	0.480804036974258	21
-0.025850548964269	0.632551529328522	21
-0.025351581139596	0.666437762616713	21
0.065392298967299	1.43073076172802	21
0.0476083994252	0.665750254909718	21
-0.043676351051077	0.392068616743706	21
-0.062870194082303	0.455786424330996	21
-0.068757676497593	0.484337086622267	21
0.018974291918281	0.684191227728612	21
0.011611613729331	0.56304747938515	21
-0.098710871110028	0.271890290092994	21
0.113647262974181	0.579571858648113	21
-0.00401981987570299	0.3962264414097	21
-0.095100725622155	0.282365465504363	21
-0.119779583822571	0.216665657638462	21
0.112905835737646	0.588268276204522	21
-0.055508945406155	0.273262711110265	21
-0.085670586475089	0.184458957318849	21
0.114639453786539	0.60227283674962	21
0.104996799020348	0.49014343076415	133
-0.081035202635832	0.169830130303524	21
-0.00106794682885999	0.291594051172364	133
-0.102245989053899	0.139066669707641	54
-0.04882232948246	0.156068021756101	21
-0.063430734073331	0.170515067710248	21
-0.112641855390646	0.124984269643349	21
0.016628810395132	0.271663615175125	21
-0.064433057035604	0.16942626463178	21
-0.027441799689275	0.232359238268364	21
-0.021184497850602	0.336861155351787	21
0.086404126475766	0.378210495308484	21
0.049982760775284	0.254827305720239	124
-0.0752857102701	0.153728596244089	124
0.043255116388471	0.346125343851138	124
0.080963260618744	0.541063709265758	124
-0.118360463576259	0.219465192754431	7
0.062149773856025	0.767760096141691	7
-0.085966873046824	0.18408271817534	7
-0.124675604111891	0.162190942356006	7
-0.120400617847959	0.055374544630505	7
-0.086353466947275	0.242997439434687	8
-0.120841837250685	0.0551749725492299	8
0.012186697938186	0.183340850708768	8
-0.049146875874065	0.226953338751689	8
0.012444681641508	0.331614953076132	96
0.10153857381674	0.463089501183011	96
-0.057309890981449	0.294821561855358	96
-0.019442224742465	0.24819334816559	7
-0.121883440109619	0.12794525906026	7
-0.061813588082339	0.258662420381833	96
-0.01267932969337	0.262979188177865	96
-0.10297572542287	0.155887621085705	96
-0.034850242890798	0.21782034347126	96
-0.05312494999253	0.186477261103898	7
-0.024391699363634	0.191348748333787	7
-0.013039854747931	0.146508243761446	8
0.011619601719882	0.182900353819704	8
-0.000390298689997987	0.164622350280018	8
-0.113482278944564	0.124152342304006	8
-0.114122543476376	0.123502717833061	8
0.023491481809035	0.287731098551366	8
-0.073509938951258	0.155484976359711	8
-0.120309025478005	0.0554121511236294	8
-0.053024536184966	0.186573523920065	8
-0.083741015505869	0.0793365080292949	8
-0.05312314682485	0.103637553625753	8
-0.111453979174396	0.158436521230451	8
0.034792311038902	0.496373350510666	46
-0.033403916059169	0.300452147503345	11
-0.047429019017189	0.229269598886993	46
-0.100355582980804	0.210352743879227	46
0.041415340196638	0.236620979030961	15
-0.052698791237223	0.186939057999346	15
-0.10043602449969	0.0992862005450015	9
-0.122292464335557	0.0798287796789291	9
0.042356645031555	0.237456460444648	9
-0.109270566881079	0.51545482935919	21
-0.11934783320801	0.440167901224627	21
-0.114927693273542	0.416709765082791	21
-0.120048926281012	0.510118303571159	21
0.061594567957342	1.33610468343894	21
0.031680051116238	1.00793485962793	21
-0.022169736149081	0.885206299170261	21
0.026902087039459	1.07714776543732	21
-0.00989834318267499	0.770544037669731	21
-0.075101377488475	0.366931570991204	21
-0.00663732082035901	0.471617189337582	21
-0.024110636497296	0.544350470766106	21
-0.030742432351583	0.376955697443256	21
0.00783918404037698	0.438037358142116	21
-0.016228177698181	0.351265586461024	21
-0.030045985451644	0.345832359844876	21
-0.062888425144734	0.280852364807083	133
-0.029021042738899	0.270526367586762	21
-0.079232134191193	0.196651269592521	133
0.053906096477327	0.387410108094932	21
-0.121072590597696	0.128837444724459	21
-0.024507056380049	0.191184360167165	133
-0.080973983888474	0.118594225415526	21
-0.102900301844403	0.155983493168908	21
0.022593790108484	0.286579490552798	21
-0.090952396927549	0.154826960000556	21
-0.081345000445435	0.2347462387226	21
-0.102968290908008	0.172645478108246	21
-0.093229067238606	0.209230654864977	21
-0.08469514147789	0.185723332079359	21
-0.036247112706957	0.173534697753345	21
0.071510714953226	0.318665322321624	30
0.080289531950955	0.349865800697364	30
0.000271593875032006	0.165112387034384	124
0.041459202949213	0.236587627722339	124
0.032853440111235	0.219204633414395	124
-0.122532422061412	0.0796769397533796	30
-0.10096163189851	0.140414687102713	124
-0.004510063232469	0.225507795027544	124
-0.124376071305817	0.162638581199571	124
0.121703811480696	0.719511524046981	7
-0.046060645496862	0.353456563180688	7
0.077409911419284	0.507376424756861	7
0.080675410594593	0.53157837680473	7
0.00315350038397599	0.36264079986048	7
-0.055208721555083	0.273735304033618	7
-0.090377559475017	0.196525607742017	7
0.102348323799459	0.474973004335564	7
0.017952353468507	0.347234717468028	7
-0.123191948281308	0.0792430882595019	7
0.111858698487145	0.0760513170465834	7
-0.052272943016315	0.187381292682296	8
-0.115463535133777	0.104447114686975	8
-0.048033813850565	0.262629539812198	8
-0.039862499734237	0.280269910729878	8
0.00618583769643399	0.434368081930829	96
0.106960884036278	0.830614130680991	96
-0.112012908682502	0.17239752142775	96
-0.094262399258285	0.169947846373803	96
-0.080791475629047	0.118725249074768	96
-0.036681574110734	0.173150036721441	7
-0.111145889688894	0.143064429334695	7
0.057047502619063	0.272052853630311	8
-0.024347814474836	0.191361106954284	7
0.049217367405833	0.254024375799015	8
0.033049106284765	0.21938764291333	8
-0.053219972643393	0.103577238966402	8
0.012140888421149	0.183299451348509	8
0.065878015753076	0.82287091893297	8
0.065463602497135	0.580932601106099	8
-0.015602759744172	0.35245055706004	8
0.023110723555985	0.201385381126741	8
-0.100798326608814	0.0990304720801254	8
-0.083076644207115	0.231840936928341	46
0.016669642827988	0.475208168555285	46
0.063170360325207	0.428481149152287	46
0.021051745314866	0.359159356292785	46
-0.084322323205325	0.186190272608348	46
-0.101489005392053	0.120432328275621	15
-0.119609755478887	0.055711754297703	15
-0.030435207069149	0.125967159655084	9
-0.093861412379317	0.612725095289031	21
-0.071556604478922	0.734395282488868	21
0.034356228336685	1.57760224429354	21
-0.010711699687837	0.940110204827854	21
-0.050974719926143	0.901400960620098	21
-0.060462589423149	0.507605445307167	21
-0.122107074456304	0.352247871917363	21
-0.101934140212882	0.51139300693129	21
-0.062903317089936	0.648511297792273	21
-0.030133193652845	0.480630567997515	21
-0.113325525749475	0.124312591007218	21
0.041309777814454	0.614156219667271	21
-0.10934297021344	0.277256533376162	21
0.042949426932155	0.876037260378031	21
0.02171570297455	0.435676348710504	21
-0.013910481713441	0.261405294938673	21
-0.08123789320772	0.342736811097121	21
-0.019992482376166	0.247513230118288	21
-0.042206467868189	0.309348995326361	21
-0.062603959424274	0.281369144273898	133
-0.095937184882307	0.185397021322712	133
-0.101569079272187	0.0984656838251991	21
-0.121812673614959	0.0801170730256115	54
-0.073817365471075	0.155179188924503	54
-0.053280320017918	0.103550825173407	21
-0.119959348578592	0.055564402041551	21
0.061805282428879	0.287303082023447	21
-0.118463173673718	0.14661829868323	21
-0.080452499441678	0.118981088447475	21
-0.048844341295971	0.156059359437565	21
-0.094041334168311	0.17020422089558	21
0.028918688482176	0.302427714878896	21
-0.014208906989841	0.208317944610767	21
0.00969591754376897	0.320633482089981	21
0.07702043195594	0.51524055105904	21
-0.123571721187492	0.0789827264740314	21
-0.030382185417103	0.125992340058586	124
0.015191639715827	0.645426373028498	124
-0.041512522216032	0.429734371659489	124
-0.074961814067647	0.290387025706343	7
-0.101530137068376	0.208416923279614	7
-0.118929280612029	0.173154766751313	7
0.015837276449346	0.411184235905529	7
0.095200963993789	0.421572744554347	7
-0.013763734933795	0.208792351806342	7
-0.01462228214146	0.309131667170533	7
0.068850705974669	0.455908042791336	8
0.094296533039432	1.13382679966534	8
0.017312385256794	0.272486441649208	96
0.103029988303802	0.476219254009636	96
-0.034335987184341	0.257520112067404	96
-0.013722827308261	0.208831983313187	7
-0.101094842048513	0.0988126814193068	7
0.033583702653926	0.219850887342385	8
0.011732252097595	0.18296452603514	8
0.046904100822189	0.359770102659538	8
-0.023713798686806	0.283850141985321	8
-0.063859814452621	0.137533823108434	8
-0.12305207957486	0.0793398988018407	8
-0.011849942468142	0.614281203856597	8
-0.124088096095218	0.263509210942567	8
-0.058204434087784	0.479551215505443	8
0.070424713140057	0.749809597463302	8
-0.064276737303213	0.25070254085313	8
-0.093889077381567	0.170420291399852	8
0.079649522785436	0.349002611605345	8
-0.067332077558079	0.291220222604156	8
0.023381308577709	0.445463812068351	8
-0.100512863402011	0.224249666334984	11
0.068962814560914	0.464686147669166	11
-0.063170509743179	0.17079931782059	15
-0.120051049717625	0.0555267392668019	9
-0.120142834743282	0.0554834424697296	9
-0.043631714468898	0.202227625038554	9
-0.10043602449969	0.0992862005450015	9
-0.102677491010514	0.616255287421785	21
-0.100972643246318	0.584297130731503	21
-0.013605727132149	1.08881259121288	21
-0.103614206266275	0.551629344273498	21
-0.082743443547337	0.566887077961801	21
-0.084671479049399	0.618097241014452	21
-0.075259843562261	0.632290366141651	21
-0.058598497100744	0.697515447811408	21
-0.086993127081443	0.506743158946561	21
0.102908703357346	1.0401003330716	21
0.027661257544136	0.384309068976861	21
-0.07293867611112	0.410791505889016	21
-0.00225052310763499	0.830744627033332	21
0.048237424451008	1.14230310546556	21
-0.012668096654714	0.747754844834324	21
-0.112903505697036	0.184896335701392	21
-0.102683312962372	0.247570017877447	21
-0.086502983029678	0.138409929641608	21
-0.049221270039411	0.15572302205813	54
0.076894545290482	0.335394832068987	54
0.071611204572724	0.3187695082166	54
0.101246211850267	0.462682700087582	21
0.110023005904218	0.551477158150515	21
-0.113326281802871	0.170476451676215	21
-0.087755220116953	0.13722607623923	30
-0.00000941848275501367	0.164911071457873	30
-0.00529176402332299	0.22471052355632	30
0.027592381730625	0.300619356984211	124
0.066614976137306	0.302770953612741	124
-0.036479046160922	0.173347278326435	124
-0.069754239022261	0.405284792812918	124
-0.122763692400162	0.229954795143104	124
-0.081966895624122	0.289360528924856	7
-0.042172172198454	0.309442051504717	7
0.108562574585002	0.527941135929958	7
0.110669024063577	0.552840831174835	7
-0.00534126441962299	0.224666632306118	7
-0.057163695469247	0.211695100890462	7
-0.093429337116279	0.208917116115381	8
-0.029951756825937	0.126267046592483	7
0.0220394502888	0.360697315947802	7
-0.107481456057293	0.283883276439553	3
-0.025394794507551	0.35965781716917	96
0.092627189162135	0.407505170824183	96
0.102213110564561	0.474668843301176	96
-0.030291719372336	0.12604212424373	96
-0.048322958915525	0.156504159554501	96
-0.075127182092591	0.153885029509097	7
0.05480583300278	0.388867294231238	7
-0.063546513174787	0.199168775749972	7
-0.015096502150389	0.207409684706076	8
-0.075861722740926	0.153115912845861	8
0.098596026820961	0.44778855786083	8
-0.030238713725668	0.12609218340535	8
-0.05268825189466	0.103871798085957	8
0.012707993852094	0.183703183685026	8
-0.068095948149797	0.37258482294729	8
0.012220857806917	0.397891175348657	8
0.083128882333463	0.363576744982063	8
-0.116868449136859	0.10330842243639	8
-0.000696140145830998	0.292113731449677	8
-0.036522360781195	0.173306716176721	8
-0.053002455283053	0.103691001666309	8
-0.123632361615941	0.0789454696590388	8
0.061644568858116	0.287098701276135	8
-0.124028765983594	0.195347499877482	8
-0.101457372686853	0.222716810385141	46
-0.057415407080834	0.341213575125698	11
0.063358512287081	0.560749062171221	11
-0.090621604816573	0.155213645112955	15
-0.064047713997787	0.137371570045172	9
-0.100277925823243	0.0993972726036244	9
-0.090833539170529	0.708371852100691	21
-0.110212142344371	0.586578402308873	21
-0.06500922728699	0.77310729858118	21
-0.036845264896145	0.887987745979638	21
-0.047518653690827	0.714863475006256	21
0.087244409803047	1.68992514560024	21
-0.049249761696992	0.727153075209215	21
-0.113179303444163	0.542734930770052	21
0.00138309498976602	1.06715721918721	21
0.102995848283106	1.6142113477379	21
-0.065358677829285	0.721683699313901	21
-0.038071113760165	0.629491898135896	21
-0.05123949336712	0.605237627488015	21
-0.014974699483971	0.476189845631022	21
-0.022886244724377	0.514331258230473	21
0.061004726890914	1.00757338163933	21
-0.057854660461118	0.501981022165351	21
-0.037355150660718	0.415651031475328	21
-0.029433960666926	0.379843945957673	21
-0.013774626699723	0.40302673149868	21
-0.075895918791532	0.325035897919598	21
0.00047993717240602	0.455903658616585	21
0.017642733721584	0.544171182188762	21
0.05689933892235	0.627770722540119	21
0.020670865736211	0.496494175119397	21
-0.047714478179914	0.320978097443455	133
0.021940781506014	0.360681943289988	21
-0.033662003308752	0.258422126431321	21
-0.025967549159163	0.189741032736387	54
0.032853440111235	0.219204633414395	54
-0.122912237243467	0.0794325890432734	21
-0.005133337840416	0.224887581466599	21
-0.053595275903651	0.185935709540414	21
0.051033533722326	0.374441550480492	21
0.044002615143511	0.458262960065929	21
0.042269520713422	0.237465254720059	30
-0.048279084976677	0.156522133043066	124
-0.123431866816229	0.079084180561219	30
0.086708590792974	0.597311127924836	124
0.043657228091973	0.543951063507662	7
0.083968646014576	0.364801773401017	7
-0.089551204632538	0.156335857379779	7
-0.050580839608956	0.3153919124431	8
0.017702728917995	0.60307413544719	3
-0.088929886085737	0.269080860040281	3
-0.042433591108921	0.369469056070467	3
-0.000372590997882005	0.50335787357477	3
-0.063278375153718	0.170677002949511	96
-0.090448142505743	0.155373815887923	96
0.083598291035478	0.364305710676352	8
-0.100564408190137	0.12129171747697	8
-0.042776973520483	0.203166108914546	8
-0.063317471312874	0.137971928538585	8
-0.00734657546975401	0.276443355810779	8
-0.053715167783896	0.103290619278252	8
-0.013963466144049	0.145891398321553	43
-0.120051049717625	0.0555267392668019	43
-0.123741948477718	0.17556398117995	8
-0.081381222813107	0.344945925980785	8
0.00833499456719899	0.649284928133429	8
-0.094290897943184	0.342970614151876	8
0.057874234795146	0.532779042744994	8
0.048307887458009	0.474572231397836	8
-0.113852348275251	0.123775004000746	101
0.071510714953226	0.318665322321624	8
-0.00059027714271101	0.164467881198167	8
-0.101252924763019	0.0987017195324975	8
-0.1204922942537	0.0553313199790403	8
-0.012354930217769	0.263457270075291	8
0.100166249449082	0.450338863885713	8
-0.047804553660793	0.228795531705086	8
-0.088709889937284	0.19894021167235	8
0.116705288199528	0.64743776314334	11
0.122374888699008	0.711487043743523	46
0.016101956632081	0.270981677436299	11
0.07146038000828	0.318582778772817	15
-0.123392278703548	0.0791112190149933	15
-0.074243392850575	0.154783944081379	9
-0.122812161812547	0.0794954379442032	9
-0.097100517446144	0.620578284715738	21
-0.101173829959907	0.63161842791214	21
-0.017628484735614	0.831441031265167	21
-0.085579699450454	0.505236692667476	21
-0.044580767775243	0.649248839071637	21
-0.080641892198833	0.170317109863974	21
-0.112054917518612	0.186234601213062	21
-0.013051678927885	0.485781029151613	21
-0.000198397678600998	0.806046949918635	21
-0.09976236784519	0.239616909026848	21
-0.120169129139343	0.204533494919707	21
0.00506236827448098	0.426425342167783	21
-0.123632361615941	0.0789454696590388	21
-0.013039854747931	0.146508243761446	54
0.068075788113154	0.304415966403255	54
-0.101207996710216	0.120726236777794	21
-0.063436911662098	0.170499807354613	21
-0.018797454783176	0.248939038686169	21
-0.048699774733673	0.156178460302788	21
-0.083596701357399	0.0794037107176008	124
-0.086825211892131	0.138115765719482	124
-0.080465370037762	0.11897014902462	124
-0.012328923079905	0.363913465309304	7
0.034500558225983	0.410958204659609	7
0.111525050252763	0.075983014787952	7
-0.074627527543996	0.368215911049769	8
0.113009465105226	0.578252428727183	7
-0.095875071876966	0.321908104710242	3
-0.012428337491429	0.482655424333913	3
-0.073400842366419	0.155580669053715	96
0.056526173268127	0.271531343831464	96
-0.113168756165777	0.124469488416964	7
-0.020338327294782	0.2470171375264	7
0.056366953439051	0.271352673850655	7
-0.035121860261674	0.217498092801329	7
0.04264590149591	0.237810598420622	8
-0.117056502996668	0.103056643578562	8
0.050025534508583	0.254868857857458	7
-0.081521390427383	0.118173182624025	7
-0.083375775787658	0.210145707499853	8
0.041726511685981	0.236933584450648	8
-0.119959348578592	0.055564402041551	22
-0.081169373145072	0.118448462603625	8
-0.036001327225985	0.173797965617835	8
-0.018383324918401	0.575147871058277	8
0.073446545070754	0.900362351493891	8
0.105486334435536	1.0260523764703	8
-0.1165931853703	0.10353353909416	8
-0.102526661633832	0.156438878129637	8
-0.083255988338834	0.0795749657251686	8
0.056410579433678	0.271357465804335	8
0.062328319379334	0.287898744893962	8
0.003288037967147	0.241306667536635	11
-0.02462098058319	0.282442092560024	11
0.016234128909174	0.474186833549762	11
-0.041293149909779	0.278023642601857	11
-0.086755477332484	0.222640581135406	11
-0.034850242890798	0.21782034347126	15
-0.005915790886977	0.224028220290684	15
0.010939867167476	0.182303766741129	15
0.022535830183094	0.200940228178382	9
-0.013306152444951	0.14635874538675	9
0.052087492281537	1.7001329207148	21
-0.105747850691266	0.518797618359793	21
-0.048825765782456	0.569751547317096	21
-0.106558278969022	0.485695039605046	21
-0.111922474888351	0.389168046523584	21
-0.107630717958346	0.451140452677663	21
-0.004380189084944	0.92056281013874	21
0.018652620273789	0.667676599583226	21
0.044438241645986	0.459179565135828	21
0.075833430431917	0.654499614886409	21
-0.052935148369947	0.503113730003416	21
-0.088517388668201	0.418273498589539	21
0.010671499990619	0.554970802285086	21
-0.05826171148834	0.316370557564521	21
0.032621644684051	0.48492697840969	21
-0.035550303679518	0.216971547476783	133
0.081532054670573	0.542288549168133	133
0.072453397493581	0.319825030763254	21
0.042081304345544	0.23727882723682	21
-0.030238713725668	0.12609218340535	54
-0.05312314682485	0.103637553625753	54
-0.029951756825937	0.126267046592483	54
-0.063838511593684	0.137557150586757	21
-0.030156692134181	0.268818712209987	21
-0.044273583426418	0.201471583779985	21
-0.106341653987459	0.183340963556102	21
-0.084996207342427	0.185339316747708	21
-0.024638901464577	0.191127933817727	21
-0.116824989868616	0.103337356087048	21
-0.117883209742447	0.10241905607723	124
0.056801155682005	0.271803158192411	124
-0.083642823229542	0.0793849320895882	124
-0.016002651358078	0.351699564739317	7
-0.063259145413706	0.199537609259476	3
0.000271593875032006	0.165112387034384	7
-0.030526465581798	0.445473934037191	3
0.065669836556914	0.44152738101163	7
0.059662927242057	0.413885362902094	96
-0.001143842640837	0.291491497913636	96
0.063170360325207	0.428481149152287	7
0.00302863948557602	0.240986077473362	7
-0.030193487355471	0.126120669037846	8
0.023252772268189	0.201539383267111	7
0.099643663250702	0.449505350751883	8
-0.112685923725047	0.124935908104691	8
-0.083111646782144	0.0796421959823403	22
-0.123213360946613	0.0791981416832401	8
-0.10848189080584	0.329490623527414	8
-0.051376725248894	0.188295557886524	8
-0.094668027569894	0.222613146394258	11
0.103421143906187	0.487256512468509	11
0.065153368864923	0.440563525115291	11
-0.122170024701494	0.127613938685195	11
0.084594862487974	0.36558465915514	11
-0.023391724006078	0.192272053756115	15
-0.100910298184495	0.0989234155608205	15
0.041371694242755	0.236569464347935	9
-0.076639330228936	0.732840921396023	21
-0.102233314460004	0.526026824262428	21
-0.107119362370913	0.516973572503401	21
-0.114247033652434	0.444094865300375	21
0.095585207087181	1.51193098551262	21
-0.107481320539205	0.452960894392382	21
-0.064461304492346	0.504707253981453	21
0.014441223025559	0.587621470761746	21
0.00946606287051399	0.320317564287881	21
0.010162027623539	0.256522919700876	21
-0.040488249349389	0.432390966218131	21
0.049717567026705	0.962534899685033	21
-0.055175042062762	0.273816669402072	21
0.055466857732321	0.519792308200884	21
0.067259639982741	0.452952274760675	21
-0.020069034289148	0.294857592507555	21
-0.10222539887007	0.173628796291595	21
0.09434041845769	0.420344533149979	21
0.02434735564819	0.288706294059107	21
-0.023913687606093	0.191814334729002	21
0.022561815148301	0.200933310070549	54
-0.004816397942567	0.225220145656295	21
0.011369440316147	0.182671102528871	21
-0.048844341295971	0.156059359437565	21
-0.013561837179612	0.208986309434432	21
-0.030193487355471	0.126120669037846	21
0.080659456678447	0.350332583667477	124
0.11376443331426	0.600223352482835	7
0.016999026819893	0.272121268043104	3
-0.030382185417103	0.125992340058586	7
0.026881021451793	0.593824142333168	3
-0.050668903777505	0.254086563758814	3
-0.085517314602886	0.184672394087754	3
0.117888432091939	0.660398215054875	3
-0.071060388530895	0.211720187191871	7
0.042223229101857	0.344589724820754	96
-0.030480446715086	0.125945833582448	7
0.011552753048673	0.182792915579419	8
-0.116506378813784	0.103612918651465	8
0.055104633023975	0.269898236203484	8
-0.00618436074959799	0.514370206600376	8
0.077919048753727	0.812813914883186	8
-0.02564084321558	0.497795037051368	8
-0.081081128695286	0.36268000248228	8
0.057847843893194	0.867213146262785	8
-0.063577725678233	0.367177984381283	8
0.066496085415496	0.302632800771126	8
0.023239869124297	0.201532344724668	101
-0.024232392545158	0.191510665019359	8
0.049823593652835	0.254671711103961	8
-0.119168411631395	0.0558811024040407	8
-0.083302222362547	0.0795304020147335	8
-0.120750269560072	0.0552181208721092	8
-0.000149964778969003	0.164796915097487	8
0.00451803387625199	0.306224888193734	11
0.08908545677121	0.392044091299504	11
-0.053921528875822	0.18557512883225	11
-0.075652923813819	0.153343948659907	11
0.067020936252263	0.303291515590849	11
-0.01408801321424	0.145813280534647	9
0.067223786364969	0.30353730113971	9
-0.069677455582593	0.747648143156855	21
-0.079456202410089	0.626054629070831	21
-0.072653477381178	0.679733650925095	21
-0.000459133523285998	0.965202407963116	21
-0.048764747141331	0.682546057419591	21
-0.107663000365055	0.462957723490387	21
-0.042942062508981	0.704481190026923	21
-0.058585883845675	0.691410275257786	21
-0.108613187874053	0.509682386796371	21
0.023212438892784	0.970018287268126	21
0.074512838639571	1.20576098029261	21
-0.117259449281987	0.276651532743951	21
0.069039197254226	0.597516216893774	21
-0.082927852052655	0.387237254485406	21
-0.12164655361811	0.306414462867181	21
-0.080236235015755	0.524733734758833	21
-0.123091946503602	0.239318941333377	21
-0.036291545244407	0.290882112083228	21
-0.028767621806185	0.352725535949893	21
0.054762794272745	0.510826760933813	21
0.037897347585344	0.424611757916104	21
-0.062551869319858	0.200309330974177	21
-0.071384656231404	0.211268181672368	21
0.100049712582306	0.460583051541522	21
0.033271934496879	0.219413289901668	54
-0.081534186961574	0.118154354445616	21
-0.035755762578796	0.174031779113059	21
-0.080486242302532	0.170492375155279	21
-0.051835405396897	0.252370413152868	21
0.055873539209183	0.270825423168384	124
-0.083111646782144	0.0796421959823403	124
0.014848381277019	0.335343104613232	7
-0.092764997003753	0.258641555712708	7
0.057211265901147	0.52370405586102	7
-0.00813097101377899	0.425413535572264	7
-0.040279749970487	0.279611356896336	7
0.00115787330338302	0.412598075002779	7
-0.010202798220958	0.373219236633815	7
-0.035306240316938	0.256154658586666	3
-0.120750269560072	0.0552181208721092	7
-0.056780721620835	0.24044207653845	3
0.097237028824635	0.684848240141629	3
0.069059601913386	0.464826735320285	3
0.062971450063563	0.427900280153282	3
-0.101076279650728	0.140298763378427	96
-0.080830132603153	0.118693925223408	96
-0.122812161812547	0.0794954379442032	96
-0.100370172857933	0.0993207341650039	7
-0.027597633085549	0.23216590261349	7
-0.116419684040036	0.103664507088939	8
-0.064380924316761	0.137098025325898	7
-0.025320122831174	0.190420165310262	7
-0.063952139888755	0.169876944923607	7
-0.035553445972341	0.174211840638275	8
-0.067579115009381	0.432515734333416	8
0.064351267833098	0.430498965043575	8
0.07565664783872	0.495086745975413	8
-0.045632779268768	0.266442028407125	8
-0.100277925823243	0.0993972726036244	101
-0.119867731459247	0.0555964671395384	8
-0.083642823229542	0.0793849320895882	8
0.00276197030430497	0.240729951420088	11
-0.041325617634665	0.34190885568534	11
-0.089722716571103	0.234065793842547	11
0.106355187085677	0.503035744466775	15
-0.063798894592772	0.170123891140377	11
-0.030623919634784	0.125846019023877	9
-0.091009593209605	0.57578479337705	21
-0.114238730864251	0.565106878279167	21
-0.093047154888934	0.556332045617917	21
-0.073840576737008	0.813108216231307	21
-0.10098776713098	0.609197523666038	21
-0.082963613442563	0.585535155897892	21
-0.075420992340703	0.629880714674275	21
-0.081850617292547	0.471630930308526	21
0.02724327662944	0.46011589735589	21
0.04234773913002	0.623673384974745	21
0.083952613061302	0.910600712447867	21
-0.077113277005917	0.42310436187359	21
-0.037168387440657	0.566303254296409	21
-0.070626445763456	0.48587666190925	21
-0.034575133866297	0.456347818264567	21
-0.048710550626532	0.372298359849258	21
0.00675846508493699	0.435676175264796	21
0.013290320419179	0.399936296165732	21
-0.10149683767191	0.208447292915552	21
-0.027517674374154	0.315591355537198	133
0.048460335899769	0.362010385499159	21
-0.04882232948246	0.156068021756101	133
0.010939867167476	0.182303766741129	21
-0.063607836785764	0.137713288669377	54
-0.024479556160391	0.191283038863617	54
-0.084416476466183	0.0789595957596558	54
0.033035978879727	0.219379646755372	54
-0.048533216248004	0.156311618892982	54
-0.080973983888474	0.118594225415526	54
0.032683947868294	0.21904640299876	54
0.060998380207723	0.286332171912329	21
0.00947867753839099	0.255672354963441	21
-0.042677237052566	0.203282519064655	21
-0.081143452323205	0.118458484005259	124
-0.025562607709419	0.430754130121419	7
-0.063202957474548	0.302829492448681	7
-0.083544680130958	0.0794206416678706	7
0.016099801636532	0.473895016538116	3
-0.053221700113534	0.381353170174133	3
0.047359104104362	0.360438144471568	7
-0.048322958915525	0.156504159554501	96
-0.08186048727311	0.117896056717558	96
-0.035351196557436	0.174385633101069	96
-0.100229774192431	0.320215719788254	8
-0.069845451869766	0.365041260262524	8
-0.056477915591659	0.271608965966237	8
-0.076801487366925	0.245736153860846	8
-0.02315665657432	0.328205999848202	8
0.083540862564697	0.364241979306024	8
-0.019191348732237	0.248523436652503	8
0.041914765182769	0.237129030408447	8
0.087220034491818	0.379316154744402	11
0.00694840029416	0.375655153694988	11
-0.116347305712907	0.163560245750927	15
0.046904100822189	0.359770102659538	15
-0.103753816329756	0.1872278543963	15
-0.080174946722863	0.170830399020393	15
-0.119867731459247	0.0555964671395384	15
-0.012648871929394	0.146734350914125	9
-0.092489309603268	0.588594447615562	21
-0.049943759630576	0.937587099963866	21
-0.010661908725898	0.882437196032281	21
-0.022818580150498	1.00527094712476	21
0.086136014688387	1.39300826281794	21
-0.107790609182073	0.523688475732453	21
-0.068462420659969	0.643908677785352	21
-0.096750657420764	0.444012882674812	21
0.068123469671864	1.34583032116579	21
-0.062163810922328	0.674303847885865	21
-0.0295780777708	0.896108346479014	21
0.047289000145537	1.25565984133299	21
0.029543091273609	1.09184820995474	21
-0.10904659782088	0.326126718816938	21
-0.113901567748347	0.264256860768679	21
-0.0519929085622	0.360892761064544	21
-0.052541960109574	0.187108922554471	21
0.021680817027334	0.864090772640323	21
0.00858015031506498	0.845267545869345	21
0.00788638822242699	0.811793991363481	21
0.00139085877212702	0.45800113787619	21
-0.105588387124968	0.23931426443564	21
-0.007435280050961	0.378683926174705	21
-0.00151067108577499	0.401560290635906	21
-0.02004123473613	0.33904566717979	21
-0.013039854747931	0.146508243761446	133
-0.053377059227545	0.103474182219657	54
-0.116752576277723	0.103404873939623	54
-0.080804480703615	0.118724716061329	54
-0.120767224637241	0.129159754174441	21
-0.10076577528885	0.121112303732849	21
-0.01436994574292	0.20817087028909	21
-0.052855605895332	0.186763913105412	21
0.106046356090454	0.502430585484879	21
0.097151000818978	0.435061942592724	21
-0.008147739366792	0.325431753346959	21
0.012922732778282	0.399229102856635	21
-0.013572545494622	0.146174028390621	21
0.041770058693928	0.236986878447654	21
0.056076611955608	0.271058217577165	124
-0.060325764625527	0.378631551952932	21
-0.034568649430551	0.332517607418586	21
0.050531005806	0.486521926203094	7
-0.070412305070953	0.212619611611179	3
0.052868580066463	0.385612085712784	3
-0.004892212466623	0.336779356618843	3
-0.074864229560042	0.42178070892887	7
-0.030400339019794	0.345116824289681	3
-0.102526661633832	0.156438878129637	7
-0.02194482845596	0.410321737101881	7
0.0415599849	0.236774232539224	7
0.023422305138584	0.201674913627838	8
-0.084127860833259	0.0791356609109464	8
-0.102157049666022	0.156872110356434	8
-0.081847437069676	0.117892543916478	43
-0.120658786054163	0.0552556681547546	43
-0.030676915834763	0.125806531865562	43
-0.116101090558704	0.10394019058478	8
-0.085514480192974	0.345707164033681	8
-0.11496820483345	0.284345627070779	8
-0.091847401820739	0.245545933298316	8
0.011823908101208	0.18306362744424	8
0.013191811063688	0.332812703201752	8
-0.080389898345415	0.170585683158433	8
-0.083498492456905	0.0794584624384524	8
-0.120309025478005	0.0554121511236294	8
-0.030480446715086	0.125945833582448	8
0.062649989900121	0.288235459420079	11
-0.045664003588324	0.329104128711612	11
-0.016730440553408	0.350304899238796	11
-0.112383429653087	0.18568758951784	11
-0.0560430903038	0.272311628245657	15
0.00192714714889802	0.464684918608162	15
0.101695737779301	0.46340187681587	15
-0.000249793910905988	0.164736441383124	9
-0.046651656329617	0.65380771853194	21
-0.033609485826411	0.798540419524144	21
-0.071679847304132	0.684710799323534	21
-0.023332183538726	0.823814001019811	21
0.044249450277906	0.976227378352545	21
-0.102633858066574	0.438539319414236	21
0.01950593593261	0.972399117042453	21
-0.013480230881292	0.209035673934719	21
0.086462196319135	0.378318818065337	21
0.080033677745553	0.690597510970912	21
-0.074061609736232	0.44058035227223	21
0.012226697939891	0.790769734710778	21
0.075532042502039	0.958198524314147	21
0.087932749797632	0.60046089674607	21
-0.045912801356376	0.26598400771215	21
0.055961129341225	0.270934450344537	21
-0.031750379046478	0.406875028715917	21
-0.070464158703145	0.260037980577026	21
0.00946446788025701	0.386438308550576	21
-0.03698856025666	0.323409805288598	21
0.013727777818481	0.333678138364236	21
-0.094338529983555	0.169843731472626	21
-0.054794489105441	0.214818131105941	21
0.064560579795864	0.430770488792383	21
-0.083400332795737	0.0795014145139789	133
-0.052470765558409	0.103976928781629	54
-0.030578690270503	0.125883709534914	54
-0.101048685707685	0.0988537894902282	54
-0.013404108201374	0.262087651212568	21
-0.081227314220352	0.169645340064992	21
-0.00217546318541501	0.347262968741743	21
-0.053280320017918	0.103550825173407	21
-0.086502983029678	0.138409929641608	21
-0.120400617847959	0.055374544630505	124
-0.052531106641799	0.10395114154207	124
-0.083209839698505	0.0795856942749382	7
0.033422189982701	0.637539270470747	21
0.115626421204818	0.624827570327009	21
-0.048221888939636	0.262340617110615	7
0.018487618528312	0.348074861683404	3
-0.05268825189466	0.103871798085957	3
-0.039456408394481	0.349859071650131	3
0.0415599849	0.236774232539224	3
0.029572015128665	0.387828378424199	7
0.011415286793937	0.182728802877286	7
-0.042372449744818	0.584482158824895	7
0.106372666232235	0.503050298433711	3
-0.063607836785764	0.137713288669377	3
-0.083625651088604	0.400500471750371	3
0.109577146941435	0.540334718954338	7
0.094797464927049	0.421015623784058	7
0.102354957049773	0.475042850358879	7
0.072453397493581	0.319825030763254	7
-0.102824979376845	0.15607300738094	7
-0.06415010889941	0.137272289138299	7
0.012140888421149	0.183299451348509	8
-0.062694564169057	0.171269529745063	7
0.027963032286081	0.301144225298836	8
-0.123532039517485	0.079018640776167	80
0.01064382487463	0.182027551915387	43
-0.120841837250685	0.0551749725492299	43
-0.013306152444951	0.14635874538675	8
-0.013164634494299	0.146388826272045	8
-0.00756744187277	0.549998189617863	8
-0.038739630151515	0.437153348914735	8
-0.105400601482176	0.184798358433661	8
-0.012532919173598	0.146834388551347	50
-0.070622877075732	0.212345651573149	11
-0.118842766211695	0.160142723520434	15
0.00292051198003801	0.240903783575266	15
0.00963548712100298	0.255878841365635	15
-0.066734997271111	0.335490867247577	15
-0.032663118627089	0.30180570729503	15
0.011778086245984	0.183022787233715	9
0.033922537889614	0.220138935654511	9
-0.1062684874846	0.555784085421871	21
0.069199368260675	1.75933659937122	21
0.025835766973175	1.09525846611905	21
0.028731082549016	1.13837452014818	21
-0.122932316935748	0.376109805220522	21
0.03608784028409	1.20328232978356	21
-0.103484672059379	0.458172364572063	21
-0.097244290208111	0.477218381394047	21
0.074934529177483	1.29338683513488	21
-0.057609093520417	0.294308185595541	21
-0.120832141948856	0.143670311844701	21
0.00624620342541699	0.775291603003215	21
0.102180545678529	1.26091384519847	21
-0.073647048231639	0.512904783610517	21
0.098487223601288	1.22705701922816	21
0.104816796857691	0.778541084516996	21
-0.056076711246377	0.272286977928329	21
-0.013680072699451	0.361224638399575	21
-0.096834868558203	0.184156262559652	133
-0.060775485422052	0.260408027407612	133
0.092747794115481	0.407704228609771	21
-0.122912237243467	0.0794325890432734	133
0.061966031771445	0.287496616736659	54
-0.014650682340976	0.20790084655308	54
0.032853440111235	0.219204633414395	54
0.017450771128	0.34638543620445	54
0.0494624446479	0.254299852559142	54
-0.030775123157364	0.125712907301512	54
0.032541024023677	0.218847783835507	21
0.00407231338477498	0.305596389852565	21
-0.055454919326541	0.213978572110119	21
-0.095009862755449	0.222111514686712	21
0.083782240352823	0.564703308392151	21
0.051108489348716	0.255833689245848	124
-0.099719794683049	0.121994045397707	21
-0.05268825189466	0.103871798085957	7
0.02303212882153	0.201293454118007	7
-0.097406712952055	0.21799422130381	21
0.039788653110688	0.603203773200239	21
0.030415402603773	0.473507685005583	21
-0.014286053891111	0.354857808841326	21
-0.010797370432512	0.320951863687684	21
-0.089452881841394	0.197880705843039	7
-0.054270750926682	0.215463120332726	3
-0.053497756973181	0.103424070088793	3
-0.080986936769598	0.118588851044695	3
0.061241283658959	0.286632660840377	3
-0.114601745336369	0.240734038056078	7
0.021577404800363	0.435379485989603	3
0.107118100300284	0.504354892138116	3
0.044083883139592	0.347265737648838	3
-0.06281393142149	0.227428293678254	7
-0.054658360288443	0.21496244573547	7
0.098516883184728	0.447584120701629	7
-0.08132597331382	0.118322624603874	7
-0.116868449136859	0.10330842243639	7
-0.083255988338834	0.0795749657251686	7
-0.073876640524466	0.155139110214612	7
-0.102089462220457	0.139228547378168	7
0.016899206298564	0.271981768355903	8
-0.081986391732292	0.212186718276966	8
-0.090798328135027	0.19590364798485	8
-0.096343247641944	0.292939975194864	8
0.044788179616084	0.817700540133727	8
0.045476132045128	0.461256624091076	8
0.095219417886199	0.421715856784174	8
-0.029996970132124	0.126230557259457	50
0.017369204941376	0.272564255611264	11
0.033387999048703	0.219694693457117	11
-0.063487663612157	0.170460745380663	11
-0.056210445677837	0.272065147994875	11
0.08494586734042	0.729649870069792	11
-0.036430784202804	0.328786348066844	15
-0.048366626015814	0.156438177980253	15
-0.120750269560072	0.0552181208721092	9
-0.080986936769598	0.118588851044695	9
-0.054685261453593	0.910122762447547	21
-0.022601586066544	1.07469291435845	21
-0.043521167709554	0.910903485253747	21
-0.122734098051389	0.433437560623778	21
-0.016435349266865	0.724331308465924	21
-0.036059305709555	0.573676642962397	21
-0.091491056496207	0.507243697569957	21
-0.028621881533116	0.67018975141356	21
0.107337444617016	1.63192149428833	21
-0.100832391986314	0.41696945440476	21
0.014292775530417	0.401814936258039	21
0.055555026900562	0.928452073647892	21
-0.070593685268223	0.457068118979254	21
-0.00940676359098	0.58658596073885	21
-0.111585640845345	0.142558540992527	21
0.063078721453573	0.560019313621183	21
0.07158972930436	0.619584459151718	21
0.112118167892445	0.566148515808085	21
-0.107149339571421	0.196577089141744	21
-0.012593330149396	0.263138473465964	133
-0.091304599588135	0.154454386582815	21
-0.077299197944698	0.199266349761171	21
0.034811570315432	0.318102391332415	21
0.062731065867069	0.28830558848158	21
-0.051785500199463	0.252442873653119	54
0.012457883849553	0.183495007072787	21
0.056844704865784	0.271858799469139	21
0.022593790108484	0.286579490552798	21
0.061009606188646	0.416196709952405	21
-0.022969219089415	0.284962999940785	21
0.046071856855804	0.469759697873768	21
-0.104180908077489	0.171011860541763	21
-0.048090702381882	0.156663158641153	21
-0.122572285557388	0.0796471957013373	7
-0.101002543042587	0.0988862951959656	7
0.028020061981792	0.461622552724769	21
-0.103444660042148	0.219054880928931	21
-0.00171334240405699	0.348129756528363	21
-0.030156692134181	0.268818712209987	3
-0.103652638357892	0.271381177925086	3
-0.09126987367393	0.323337838014225	3
0.081278522986845	0.532753692476084	3
-0.105266163614414	0.185006955152279	7
-0.053377059227545	0.103474182219657	7
-0.000871093647829002	0.164249082465444	7
-0.074193694163398	0.1548208845913	7
-0.091188792062368	0.154550850587633	7
0.072870171645505	0.320293067504465	7
0.083170375567198	0.363725786618649	8
-0.12225556036461	0.127530076616418	8
0.011372170106936	0.257851504549633	8
-0.119444166664379	0.0557677808362201	43
0.111424284808997	0.564602252861623	8
-0.077378858186723	0.302213780647165	8
-0.04900803688676	0.450922846209231	8
0.00266729811320698	0.415708386678229	8
0.055801931508377	0.270745387226271	8
-0.042990542793498	0.202939458202026	50
-0.053715167783896	0.103290619278252	50
0.070702557766698	0.624627160718387	11
-0.071771605642308	0.23500678298707	15
-0.123152237237161	0.0792735647391362	9
0.080458638023996	0.34997727588238	90
-0.061993182035449	0.758574422162079	21
-0.015242242164939	0.761049031075485	21
-0.064981857439753	0.609480207789176	21
0.057007829662727	1.19591519625714	21
-0.089741295199418	0.387075270825714	21
0.02962742300755	0.471778968719808	21
-0.00953608925132199	0.323121419256659	21
0.100090665755854	0.450234681352699	21
0.105091359760242	0.500670703047133	21
-0.038234384725156	0.321043504492529	21
0.05495412119468	0.389090367374713	21
0.107915046486772	0.516204968988043	21
-0.089923892733405	0.197153778143914	133
-0.012923893187935	0.146598923059047	54
-0.11646301754947	0.103642339951344	54
-0.11160231554358	0.142535389259864	54
-0.014221177476991	0.145707308421582	54
-0.113865949786002	0.123750464092093	21
-0.064014070353571	0.169880283902732	21
-0.119716307580323	0.158905235253321	21
-0.120567386866088	0.0552876504728942	7
-0.107355734932651	0.209845311168954	21
0.026311764970103	0.458052275151716	21
-0.05360799809495	0.185919400072108	7
0.054657541908763	0.388635825975492	3
0.046228769752302	0.358688719304192	3
-0.081156472419163	0.118458360031002	3
-0.085671186284752	0.278702403870841	7
-0.051396968783868	0.389455817480017	3
0.022647583528392	0.686381107884174	3
-0.123152237237161	0.0792735647391362	7
0.03825267498578	0.330798160106242	7
0.077053097807753	0.335583618065305	7
-0.063629259131011	0.13771715342603	7
-0.083111646782144	0.0796421959823403	7
0.061200235552666	0.286589498490664	7
-0.080490752888492	0.11891544578306	8
0.028870034267348	0.678347829207855	8
0.015553806082103	0.526856087747842	8
-0.000149964778969003	0.164796915097487	8
-0.033974359219323	0.299473746508353	15
-0.094113775993467	0.170133483715599	15
-0.064382609384632	0.225222414497651	15
-0.005915790886977	0.224028220290684	15
-0.052905712352474	0.103758042868155	15
-0.048301047875923	0.156519276738643	9
0.000131101083480023	0.165016113059683	90
-0.081156472419163	0.118458360031002	9
0.063777347594556	1.66907940691331	21
-0.104303741835412	0.373277637992974	21
0.070220173122042	1.03038315395909	21
-0.100970040743593	0.477241477655779	21
-0.0766364080831	0.59464504720792	21
-0.039713424866273	0.76537831594559	21
-0.112530634108927	0.420911799905011	21
0.04430412371685	1.08292589325682	21
-0.011149507577213	0.53931046654894	21
0.086305855148614	0.37809566226855	21
-0.016199446525698	0.392864603568376	21
-0.109520019644818	0.321016999151	21
-0.05825316810942	0.497680817917297	21
-0.013322218270785	0.31125708630364	21
0.029133041752175	0.302699290330658	21
-0.047728925700614	0.22889505362569	21
-0.100961449854117	0.223597409131277	21
-0.041937713580225	0.276931113345812	21
-0.080953196140462	0.169954146160867	21
0.05383960142585	0.38727330847361	21
-0.029808271632727	0.126342012181542	21
0.00270432121499797	0.240629105227625	21
-0.035928398777583	0.173788934745205	133
-0.081169373145072	0.118448462603625	54
0.083853892159493	0.364653848722357	54
-0.031349057587836	0.125363584301948	21
-0.053280320017918	0.103550825173407	21
-0.100343832015717	0.0993149551901312	21
-0.002583619707101	0.399344310538628	21
-0.08133894125422	0.118317976716943	124
-0.06380470301545	0.170100784621608	21
-0.120142834743282	0.0554834424697296	21
-0.00625662864417401	0.386447961187469	21
-0.102097757949966	0.207427881287165	21
0.117927564471713	0.689782911185091	21
-0.023923706956014	0.283491507080744	7
-0.027130137252119	0.232728342936394	3
-0.073767688135429	0.15523987708417	3
0.111525050252763	0.075983014787952	3
-0.118593624487234	0.146503125656333	7
-0.095257111409954	0.281997811478138	7
-0.090081709182752	0.397616262814316	3
0.031428346589404	0.398246203819767	3
-0.014126715598121	0.208437317105849	3
0.00584214003184902	0.373556851975998	3
0.00347428648383802	0.304710045625089	7
0.011823908101208	0.18306362744424	7
-0.086139362624309	0.138735296555644	7
-0.100574414628699	0.0991725218188304	7
0.06156276068503	0.287030310869028	7
0.049187236406513	0.253945555018885	7
-0.030820400347208	0.125723099982411	7
-0.01343933707001	0.146270648856057	7
0.027280280301624	0.300145057394897	7
-0.000490211746307007	0.164553753833306	7
-0.120142834743282	0.0554834424697296	43
-0.1204922942537	0.0553313199790403	43
-0.030435207069149	0.125967159655084	8
0.02794263315776	0.384892645359774	8
0.055393735055354	0.717754875357884	8
-0.015822282815668	0.54861429523225	8
0.049040697574469	0.571240469823717	8
-0.111382623966832	0.142783974997601	8
-0.082967308147573	0.0797022101796373	50
-0.1204922942537	0.0553313199790403	50
-0.083596701357399	0.0794037107176008	11
0.111689882929958	0.554893039764787	15
-0.102227020214711	0.156797574713326	15
0.048446147385101	0.474834430164172	15
0.103248944965761	0.476602762378657	15
0.090160551994405	0.393685463165923	15
0.011982396364129	0.18318608793781	15
-0.024798216345617	0.19096609293469	15
-0.100073720063174	0.0995326966588643	90
0.023057454558558	0.201380734973288	9
0.068970068840499	1.64959174235207	21
-0.094973147105103	0.401402333093735	21
-0.123484804157302	0.404842762136324	21
0.019691042829179	1.21134310127428	21
-0.079844217276	0.516224539022257	21
-0.092526391097386	0.537134312787875	21
-0.018713769676077	0.78844177898947	21
0.068490980421325	0.880571988908558	21
0.078194803429501	0.52633876610105	21
0.044839322881801	0.460066682637713	21
-0.115984975980929	0.104039373766631	21
0.112903664001831	0.567668506601582	21
-0.010005232411561	0.322373682396972	21
-0.013385812018059	0.262109088402031	133
0.00839127861422601	0.384376701682239	21
-0.055895570173545	0.213398023713722	21
0.00123300328458198	0.165685443566418	133
-0.03091861351976	0.125637956825247	54
0.062690549393443	0.288280929572699	21
0.00924654117014601	0.319991716750373	21
0.080132815674883	0.349656692406254	21
-0.036001327225985	0.173797965617835	21
-0.083354164605916	0.0795256811066448	124
-0.067069375722495	0.269663738839749	21
-0.00359035568586699	0.531517601114886	21
0.070357094290743	0.467443429310303	7
-0.051463204873125	0.25293180952994	7
-0.102637092358899	0.333861422772248	7
0.045580661750483	0.357623563892487	7
0.026059079413907	0.863325109006233	3
0.00939466213819701	0.320217415874596	3
0.097051897690503	0.434813562341747	3
-0.084029652610018	0.0791823014085662	7
0.012707993852094	0.183703183685026	7
0.042883081378189	0.345581434428567	7
-0.070785015143889	0.212109829696314	7
-0.053068634979535	0.186535430851479	7
0.072503359043794	0.31987823171002	7
0.06156276068503	0.287030310869028	7
-0.015133255754241	0.207351994027504	7
-0.053280320017918	0.103550825173407	43
-0.119793458840578	0.0556306744898664	43
0.05653248123753	0.626742118907395	8
-0.026692952460071	0.494820488787778	8
-0.052066861558702	0.252019365919445	8
-0.041618798929877	0.277469968772501	8
-0.048655904358882	0.156219485332567	8
-0.081169373145072	0.118448462603625	8
-0.121008630181804	0.0550944149477172	11
0.034500431383914	0.317704627719729	15
-0.110532509352268	0.22727539690584	15
0.032345066152992	0.218699147147006	90
-0.063817151363825	0.137569900631863	90
0.118798531468673	1.06270345791678	21
0.037990963251912	1.21939751322595	21
-0.096090700482135	0.565667514544306	21
-0.046771232644984	0.59822677404225	21
0.110824124430941	0.563295163712048	21
-0.114231049601328	0.343599408067668	21
-0.076623474204473	0.399614585895473	21
-0.018356558595926	0.297623460587122	21
-0.103272478284933	0.155497529977062	21
-0.023913687606093	0.191814334729002	21
0.076869192194562	0.506262658874609	21
0.013581584762546	0.333452143942752	21
0.107801250958755	0.526466399048567	21
0.071869778079406	0.319028879726564	21
-0.01234456433815	0.312772526044634	21
-0.018048829794372	0.298082901290775	21
-0.09105028983606	0.154739571730081	21
-0.048866301480821	0.156039149314289	21
0.032879711290047	0.219219473108185	21
-0.080791475629047	0.118725249074768	133
-0.123392278703548	0.0791112190149933	133
0.042291220066222	0.237492816537353	54
-0.101928623560047	0.157157096605531	21
-0.101206768781577	0.0987381865500341	21
0.037985700342276	0.330445459703375	21
0.068850705974669	0.455908042791336	21
0.092472057452833	0.407289470650606	21
0.06628612325254	0.442561517917052	21
-0.095009092184046	0.16898409508827	21
0.00671483595025502	0.375217618768812	21
-0.07002336001822	0.213163845762781	21
0.062690549393443	0.288280929572699	21
0.038624677936297	0.331340970063599	21
0.037323383817226	0.423468490735663	21
0.00293090212253	0.466999863852286	7
-0.094034607844343	0.170219486900957	7
-0.101446901415465	0.139916980100958	7
0.079606208368257	0.348929389600838	7
0.109637938582075	0.529901165689891	7
-0.120142834743282	0.0554834424697296	3
0.049217367405833	0.254024375799015	3
0.012140888421149	0.183299451348509	3
0.033231712372447	0.219544931153254	3
0.00870168741711003	0.753393294166218	7
-0.108468356506662	0.419398260085532	3
-0.101328273128468	0.120593952816591	3
0.059949261399302	0.64367605688925	7
0.059808788346072	0.414142902631756	7
-0.063174356065722	0.199628219073784	7
0.057047502619063	0.272052853630311	7
-0.05365169008538	0.185884145033339	7
-0.062963036058128	0.138241592139202	7
-0.083931493452224	0.0792086459439754	8
0.017239810890378	0.657616848170652	8
-0.014581926342751	0.309188873497879	8
-0.052531106641799	0.10395114154207	101
-0.063129640607284	0.13811919602096	11
-0.110272546619765	0.159912297108589	15
0.117242723012554	0.638664311158426	15
-0.055621856694874	0.213738007976676	15
-0.092508068954395	0.244345984172104	15
0.00668012741104601	0.375200350316089	15
-0.12144982322983	0.05488606218829	15
-0.063838511593684	0.137557150586757	15
-0.014337450889206	0.145604346112402	15
0.023435263219808	0.201671883453025	90
-0.122812161812547	0.0794954379442032	90
0.048899097026522	0.253683818789619	90
-0.093932126424467	0.607943402734966	21
-0.103953692571114	0.282888709380101	21
-0.031740322677289	0.748440787584007	21
-0.00367873769066199	1.04745507362255	21
-0.028134491111238	0.586730983973238	21
0.09246915656044	1.70032370117664	21
-0.079421215297341	0.48478651566275	21
-0.068878476925684	0.562807372744156	21
-0.011477701245802	0.264514509279656	21
0.075949261142735	0.334216984999676	21
-0.00000941848275501367	0.164911071457873	21
0.011711233491426	0.182945552526632	21
-0.017738133915466	0.61913237860519	21
-0.122940616663244	0.249414562428919	21
0.076466343156985	0.505512530329687	21
0.034967137629566	0.318288980456612	21
-0.026641812581465	0.233340030266485	21
-0.122932831522987	0.126759145441803	21
0.10833611452437	0.527510716045779	21
-0.123233337865576	0.176358940765453	21
0.043204018288987	0.345987882595847	21
0.098070326569619	0.446857108347218	21
-0.100528270881217	0.0992193511980597	21
0.00994915584880501	0.256267708841673	21
-0.122672278748717	0.079588177741986	21
0.061200235552666	0.286589498490664	21
0.000311957018712006	0.16510119730432	21
-0.100644655499059	0.121221466925399	21
-0.118722151317771	0.259404264946788	21
-0.048256363727514	0.430713457624807	21
-0.058321610127731	0.292998187170458	21
0.030126030852649	0.388716145216734	7
-0.030286344524473	0.268610316250608	7
-0.092452816190804	0.24440535418823	3
-0.123152237237161	0.0792735647391362	3
-0.11828603192598	0.332682707018238	3
-0.060432594207545	0.487567061032722	3
0.035190855281324	0.655229279846137	3
-0.010664814664362	0.733659135605546	3
-0.063436911662098	0.170499807354613	3
-0.063918694676343	0.198701077102448	3
0.00878502856423302	0.319163221734213	7
-0.049054755977407	0.155868308563223	7
-0.034735612016604	0.217919524995641	7
-0.035659760683031	0.29195759568539	7
-0.048104946714138	0.228383626584779	7
-0.122292464335557	0.0798287796789291	7
-0.120142834743282	0.0554834424697296	43
0.000271593875032006	0.165112387034384	43
0.033766313193872	0.21998774731833	43
-0.120309025478005	0.0554121511236294	8
-0.119959348578592	0.055564402041551	8
-0.022148820159756	0.480938812109641	8
-0.024202836759919	0.438552198974037	8
-0.049298451753628	0.226770100447901	8
-0.03091861351976	0.125637956825247	50
-0.05268825189466	0.103871798085957	50
0.042103001284257	0.23731544614357	11
-0.090621604816573	0.155213645112955	15
0.097883809275919	0.695417521115762	15
-0.016002651358078	0.351699564739317	15
0.043191313634555	0.449385924195034	15
-0.090567230935667	0.196246109146552	15
-0.12309200689834	0.079296975255135	15
0.083236294404106	0.554661366123877	15
-0.02335851503172	0.284358147472287	15
-0.053219972643393	0.103577238966402	15
-0.100594119463148	0.0991705005786008	90
-0.052968141792822	0.18664699979408	90
-0.064047713997787	0.137371570045172	90
-0.073121954167798	0.369126709891414	21
-0.025215245215362	0.573203550742004	21
-0.073362497424963	0.663310742886399	21
-0.015835529230133	0.723491248713581	21
-0.074544589560729	0.557627105866228	21
-0.04722232934077	0.433846383100069	21
-0.042127412398565	0.276607361309205	21
-0.056648960846922	0.593828513858719	21
0.00210345202951101	0.713638525626655	21
-0.101973217899661	0.120026579708403	21
0.087631862141311	0.37992040926165	21
-0.035639583681814	0.174127095419855	133
-0.083741015505869	0.0793365080292949	21
0.033909508948596	0.220120540087944	21
-0.088941082791504	0.19861103249282	21
-0.105669479284177	0.184371661148004	21
-0.116709123924299	0.103444311137338	21
-0.086986273342732	0.137962116790266	21
0.034079043799082	0.220238606706113	21
-0.00248732976449401	0.289535307385019	21
0.04957868719635	0.254404978293463	21
0.092113276957247	1.05723107534658	21
-0.041843102075267	0.310001942809491	7
-0.020456068756571	0.338264622880746	7
-0.102460319122644	0.138831117328824	7
-0.123286819514311	0.126347689897899	7
0.065524899715965	0.441257815970678	7
0.011778086245984	0.183022787233715	3
0.111731113967025	0.076032888564632	3
-0.014079592233352	0.145805614242198	3
0.075473969357976	0.333524506327506	3
-0.00645044466890701	0.277651977374887	3
-0.034898710995372	0.455344043544876	3
0.032645206904	0.21891095472774	3
0.00797265024130101	0.755056429869824	3
-0.098251755105148	0.436757706605168	3
-0.079682651325211	0.369005885435853	3
-0.11135653680068	0.158573670969999	7
-0.080115742894336	0.170904448330827	7
-0.033849939842464	0.333900852129952	7
-0.024073055296236	0.191665831539567	7
0.011168038744293	0.257653051939822	7
-0.028398064512467	0.231127158146198	7
-0.052855605895332	0.186763913105412	7
0.096999144091443	0.434826536853042	7
-0.035393885635698	0.217149637678877	7
-0.100128602494934	0.294284401196277	8
-0.098938665155461	0.257782097987814	8
-0.073936015385162	0.155036758508766	8
-0.116839566085476	0.103305702465671	11
-0.089979140056464	0.155898719333553	15
0.113848439351653	0.590295471471147	15
0.010799848683808	0.257245618522477	15
-0.10644122974637	0.197734583204324	15
-0.015367834850816	0.307867042025802	15
-0.028925663136943	0.313068186358703	15
0.084594862487974	0.36558465915514	15
-0.061648700730388	0.328406360051102	15
-0.117071266015373	0.103136757987609	90
0.066657024865387	0.302839705383516	90
-0.059582013784208	0.640168004363976	21
-0.104421617732703	0.483533678983675	21
-0.046844936334037	0.532851785495611	21
0.059249939365927	0.648998968349156	21
-0.033343012742483	0.334809417221421	21
-0.022759385976212	0.285242997236115	21
-0.061132928355161	0.461227779624435	21
-0.07846883138937	0.504899629425635	21
-0.082537908046866	0.545249563120375	21
-0.102209765266797	0.392653172055616	21
0.102134526971447	1.28203691776011	21
-0.020207904859701	0.247229304787134	21
-0.01420908049494	0.309813071492713	21
-0.084907305056015	0.298591492444115	21
-0.033821162916319	0.258161221109471	21
-0.012142406102502	0.406672729268343	21
0.075411469712349	0.645480807787136	21
-0.119874700940023	0.144891989973886	21
-0.111287975701266	0.173456979612854	21
-0.082042981702299	0.11774682619869	21
-0.053062857025092	0.103671316118869	21
-0.023179182389364	0.284627343363829	21
-0.013680488296414	0.146012253072021	21
-0.122912237243467	0.0794325890432734	21
-0.100886274160998	0.121017033118623	21
-0.118147205938056	0.161114670711973	21
0.114809717378101	0.62288906987295	21
0.10583685772502	0.50209787261235	21
-0.030820400347208	0.125723099982411	21
0.116906056238954	0.62765885375717	21
0.00332938753094297	0.304413737427382	21
0.011256809790941	0.182597357676459	21
0.05159347472408	0.488827629646663	21
0.010276390558874	0.449102996306408	21
0.037360964898811	0.589829808616535	7
0.110533191901303	0.55252603134564	7
-0.113168756165777	0.124469488416964	7
-0.102513716072011	0.206752380245685	3
-0.072952951602396	0.489949875934498	3
-0.019992482376166	0.247513230118288	3
0.026196405329877	0.374870959456056	7
-0.086502983029678	0.138409929641608	7
-0.07157204074432	0.185048349604006	7
-0.110773954616411	0.159330569046592	7
-0.048844341295971	0.156059359437565	7
-0.083642823229542	0.0793849320895882	7
0.072194776043707	0.319492200214286	7
-0.012145336814068	0.573123620420953	8
0.030301050325052	0.705339110167291	8
0.07457927006975	0.786205747884025	8
-0.09265961011686	0.210096212398829	8
-0.080999770265135	0.118573837534952	101
-0.119609755478887	0.055711754297703	8
-0.083111646782144	0.0796421959823403	50
0.023604762630587	0.201807391610249	11
-0.054206099351343	0.275407669222096	15
-0.00903099080724101	0.324011627974582	15
0.044732799914091	0.452427518830215	15
0.077714641398143	0.507848734877031	15
-0.032327990182109	0.302365209801363	15
-0.035434805813158	0.217124519021886	15
0.025661422982686	0.590296131261231	15
-0.037714465698517	0.322087871570435	15
-0.10201403984156	0.119988405706041	90
-0.072193850974617	0.867363472240823	21
-0.066317483891593	0.9282154356985	21
-0.070785047567857	0.621500694012778	21
-0.024254637200919	1.01746899745958	21
-0.100635364060598	0.533513881470072	21
0.073283900680841	1.50290355806429	21
-0.115145420630686	0.400084973409347	21
0.016715700564288	0.47508396059193	21
0.00987883541443302	0.607468317845235	21
0.06328853053185	0.560589589991409	21
0.1184857632167	0.671825289943274	21
-0.063918694676343	0.198701077102448	21
0.03200167104457	0.556058853627845	21
0.045489289068974	0.548362883305435	21
-0.012450803147955	0.36364812186837	21
-0.058798296158213	0.237483348538887	21
-0.101289108933692	0.120654855002621	21
0.090472104054559	0.394083487536923	133
0.033375003193727	0.21966775457228	21
0.067545830094546	0.303900150420753	21
-0.08930741782074	0.218485326053017	21
0.00879694453939101	0.319323790948197	21
-0.117317764378069	0.102920050908574	21
-0.089979140056464	0.155898719333553	21
0.027454571477574	0.376849210769479	21
0.027377730519803	0.300311268866732	21
0.119428154515973	0.694031371194282	21
-0.035525146186222	0.255807868739574	21
0.07735696259173	0.515910752146577	21
-0.080622004913694	0.118855733486807	21
0.027689773769159	0.300750727600074	21
0.098373919793685	0.44731095589954	21
-0.053872369041955	0.103196585302134	21
0.0000903267213679948	0.164962820132972	21
-0.030480446715086	0.125945833582448	21
-0.08791348750579	0.382724868421656	21
0.085666256113662	0.577743077399317	7
0.00654598998739198	0.374963600662259	7
0.097769111393031	0.446262696000952	7
-0.120658786054163	0.0552556681547546	94
-0.060440674829115	0.260941475598148	3
0.061872416906828	0.426086100497533	3
-0.092434528824834	0.362557286674875	3
0.048522876363313	0.761996223580498	3
-0.00105944982546399	0.593926654160897	3
-0.028702958437146	0.557451517532389	3
-0.00751453619973799	0.27615660163426	3
-0.056405446170619	0.212684804351919	3
-0.08446412358609	0.281179911118066	3
0.041415340196638	0.236620979030961	7
0.072951023063336	0.480941039839069	7
0.076634323473378	0.33508022705282	7
-0.053338146008619	0.186239407529073	7
-0.121225275477445	0.128671854816707	7
-0.0000689831079500047	0.164841881099876	7
0.037747267200593	0.330097362877323	7
-0.123152237237161	0.0792735647391362	83
-0.08771953270662	0.137218271432426	8
-0.011566889925599	0.490052439521722	8
0.077588949289549	0.667491228830548	8
-0.011564854958446	0.490053764858246	8
-0.045896565704374	0.382826350358003	8
-0.102680451094215	0.156225360266443	8
-0.062384253600497	0.171596486502834	8
-0.100686365264306	0.0991129622070755	8
0.042663203989083	0.345258459113854	15
0.022887854775155	0.201245180067905	15
-0.100684985926087	0.121192838563356	15
-0.053038497331756	0.281444017397299	15
0.119601495321659	0.664380555291103	15
0.028596045493497	0.38612091171027	15
-0.104123496574294	0.186695385901882	15
0.110900237187291	0.553303787725074	15
0.089596309818106	0.392806910778517	15
0.072244883976637	0.319575546295977	15
0.013740451434201	0.333665387448144	15
-0.119609755478887	0.055711754297703	15
0.056641839570788	0.271654437047004	90
-0.006078396927931	0.278134609468176	90
-0.054031424160035	0.965019273585094	21
-0.102418838021328	0.466610233270981	21
-0.010636644646599	1.01891972580545	21
0.061572714491781	1.48731727270862	21
0.020243266681587	1.1610092427103	21
-0.116470287529735	0.431097073493938	21
-0.011686462774645	0.92616374217309	21
-0.036028710596705	0.573776651131245	21
-0.069746845859368	0.478404835548065	21
-0.124097953010039	0.311821692693576	21
-0.113207271239088	0.369479560196087	21
0.112597642273876	0.922641138433027	21
-0.100621429999763	0.238028854424312	21
-0.073005993601669	0.353991579073688	21
-0.074531625382839	0.291273323460302	21
-0.078993360441871	0.196929964979264	21
-0.094487132290262	0.169658204308351	21
-0.114122543476376	0.123502717833061	21
0.0000376587620999902	0.351183696306027	21
-0.05349492626562	0.186064480713992	21
-0.018211492741956	0.297848157249649	21
0.067265583940188	0.303576859544616	21
0.076260621178922	0.334536357582626	21
-0.100343832015717	0.0993149551901312	21
0.103631696247245	0.48763472530621	21
-0.001441928017755	0.291084900335804	21
-0.104997289944097	0.185415066504618	21
0.00273713980434398	0.415861747733542	21
-0.036728452350773	0.290203648740873	21
0.049621585586276	0.254465186566562	21
-0.014852848611292	0.207687456170337	21
-0.048178003678973	0.228302660417454	21
0.024212567869541	0.640263618270857	21
-0.081828555582767	0.355402273758975	21
0.056900494787589	0.523072224499348	7
-0.013430816178881	0.146261576441922	3
-0.110767626748955	0.214245465119611	3
-0.030616505752736	0.40955398474576	3
-0.07590031665368	0.308416323352898	3
-0.07397223553657	0.25391044879089	3
-0.029183267326273	0.27027757568809	3
0.067426550003155	0.303773466188602	7
-0.014197715224753	0.260985881168034	7
-0.024435613195407	0.19132246252264	7
-0.090349526842365	0.155503077014631	7
0.071093105320661	0.318098273552418	7
0.061805282428879	0.287303082023447	7
0.023120862139747	0.287269332724921	7
-0.035480255892813	0.174257877179597	7
0.043035287251166	0.345810022877686	7
-0.020553471477725	0.24674460125433	7
0.023647967695253	0.287920746347501	7
-0.119959348578592	0.055564402041551	43
-0.052965944528594	0.103716923250848	43
-0.053062857025092	0.103671316118869	43
0.041726511685981	0.236933584450648	8
0.012463596292825	0.570876156924407	8
-0.015380244191651	0.475147825305505	8
-0.071093596717818	0.377529916184417	8
-0.10607652435139	0.225225425018707	8
-0.058444911593288	0.238074116377867	8
-0.024394156509024	0.282801239719888	8
-0.062802223325076	0.200079280806487	8
-0.090036914555936	0.155841062437392	8
0.061402004289608	0.286836898299034	15
-0.006590598828981	0.223200970072106	15
-0.07060679068875	0.212337378343098	15
0.021127323148398	0.434447917558687	15
-0.119950634447394	0.204962863842618	15
0.112907533543806	0.577984727460429	9
0.05022740825716	0.255056131867553	90
0.076209724228582	0.33452078494958	90
-0.086813715994464	0.500221344466665	21
0.00373831270186198	0.769165979671321	21
-0.091892103498843	0.575739932359165	21
0.07706591800962	1.3116829020006	21
0.015140639895412	1.05307173193122	21
0.086280362784165	0.95727705420743	21
0.000563512556462975	0.74311645302075	21
-0.00284412364344	0.786582380057942	21
0.090383893252568	0.805107605218135	21
0.032867486834578	0.790033908488088	21
0.093343137527973	0.848228883901209	21
-0.111058645861159	0.213716527790484	21
-0.041672719477635	0.341232696440247	21
-0.107147920941757	0.210171164157422	21
0.122226992706231	0.710943373762913	21
-0.080390201151994	0.256825449054169	21
0.022620629432892	0.361750362730175	21
0.080138035710986	0.530567600285317	21
0.00631083934668503	0.374530859862834	21
0.054585684537921	0.388491445808304	21
0.108289004835583	0.527357043038015	21
-0.077876008821232	0.198483126626895	21
-0.035158351157118	0.25636627380341	21
-0.121730830857929	0.128110604103492	21
-0.013926882048154	0.310285354191804	21
0.060409214760375	0.415189774980095	21
-0.088899907765488	0.198662697748038	21
-0.092693388959233	0.171899197582987	21
-0.02088896761558	0.246331751756698	21
-0.085144411222617	0.185152773100355	21
0.105581117522668	0.491095738051511	21
0.042511021871305	0.345021683039683	21
-0.036019566523029	0.216403132046921	21
0.00886219591515702	0.319334283428383	21
-0.034489778588804	0.25729045356602	21
-0.093288294948803	0.171161763179093	21
0.014101312922227	0.334246429134004	21
-0.122242115937544	0.200659873429644	7
-0.026326296080228	0.357817641879903	7
0.026380656281535	0.458256850931694	3
0.004281629679532	0.242338761690633	3
-0.042620317330313	0.203340435566518	3
-0.080704466529388	0.235776772823646	3
0.084182624332514	0.565515156425048	3
-0.041048016912881	0.311444828109284	3
0.096254831885493	0.433586276643082	3
0.046600758871144	0.359283228296546	7
0.072244883976637	0.319575546295977	7
-0.110773959032078	0.143483430415548	7
0.001976106612886	0.239799753720691	7
0.028840728398925	0.302185825182298	7
0.001817629805279	0.239611362597663	7
0.01578880755282	0.270536054774024	7
-0.030480446715086	0.125945833582448	43
-0.083255988338834	0.0795749657251686	43
-0.03106209938391	0.12555454829183	43
0.012753778752651	0.183733799658406	8
-0.077943598645523	0.243749393059265	8
-0.01840252165892	0.383493883361404	8
-0.065532693161516	0.272338316490975	8
-0.080309177538376	0.170664319932914	8
-0.121730830857929	0.128110604103492	8
-0.000530830198360005	0.1644978222892	8
-0.090992138323212	0.154807574530486	15
-0.066928859901104	0.246444263554561	15
-0.075975479267483	0.224809089791365	15
-0.087839470085656	0.255898321836577	9
-0.01469191653984	0.207855503693498	9
0.067020936252263	0.303291515590849	15
-0.013688663529766	0.146077269754332	15
-0.063338672536023	0.137941930693166	90
-0.08186048727311	0.117896056717558	90
-0.122432361778948	0.0797399802951723	90
-0.101916537746087	0.139419849647883	9
-0.099036801652696	0.594173382292089	21
-0.090887352733199	0.619181294930274	21
0.00426715629237101	0.932725699671753	21
-0.0613667144349	0.53457011885632	21
0.07652406218414	1.22275727908141	21
-0.076579107302177	0.445452022766225	21
-0.124121500931816	0.333170610237667	21
-0.070366054824404	0.441174743551803	21
0.0808767484396	1.19670252620083	21
-0.067636494364215	0.485814572075414	21
0.041097131629583	0.613540669383917	21
-0.004353979155239	0.524432774342251	21
-0.066179716543637	0.357508154903176	21
-0.02099568519634	0.337238364301967	21
0.08124045006445	0.55018349035452	21
0.114583487079591	0.62233107202448	21
0.065733062236862	0.441624251626398	21
0.085011540383789	0.567457565942255	21
-0.041936108121422	0.241728559081574	21
0.021196986206161	0.359425611788297	21
-0.012946513779789	0.262698836554657	21
-0.03560202696096	0.255715582051853	21
-0.00972491931060701	0.322849572577725	21
-0.024668235946808	0.282312676916571	21
0.060164834997132	0.414677146484033	21
-0.090036914555936	0.155841062437392	21
-0.040664721158874	0.243452823130211	21
0.038596307689619	0.331235330375611	21
-0.052385112512879	0.18727354389393	21
0.079379134631287	0.348576549604048	21
-0.002789112756343	0.583686377991546	7
-0.089372627868907	0.268221602172839	7
-0.093061361634339	0.209494186736178	7
0.080363303301477	0.539523634353345	7
0.117832272467386	0.639953803172303	7
-0.004474114048025	0.337491411226668	7
0.00875972258778701	0.385087763127422	7
0.010692316075053	0.257074202190193	3
-0.04208017645569	0.366189362838764	3
-0.07439284534151	0.154618626129302	3
-0.062643942811934	0.17133433208729	3
0.038138354304218	0.330655160418018	3
-0.104414504119335	0.361535964680246	3
-0.073091476515175	0.255460747478843	3
-0.113294167972786	0.140539195896186	3
-0.028183123817128	0.23141223043749	3
0.053710013164715	0.500935694951417	3
0.100648032952252	0.461657694265275	3
0.020191981307206	0.432382868269993	7
-0.11396582480013	0.12366274932722	7
0.075949261142735	0.334216984999676	7
-0.018235344365805	0.249653844980017	7
0.027221706685505	0.300078866972356	7
0.00218530792289601	0.240056193280952	7
0.076894545290482	0.335394832068987	7
0.081085607386103	0.350835689385708	7
0.041936513947369	0.237156045885125	43
-0.053340555204864	0.10351079472674	43
-0.076471879906081	0.267199098766405	8
-0.048372336468704	0.427184801601971	8
0.00969089558536201	0.320648652348309	8
-0.040965340518272	0.243070845975486	8
0.090375345311792	0.39398363559768	8
0.076317257142163	0.334692688406251	8
-0.0753940520939	0.153620607097089	8
-0.000209365761763003	0.164754858942682	8
-0.115984975980929	0.104039373766631	11
-0.048489447505988	0.156364829467298	11
-0.024841799219752	0.190927789807908	11
0.071819709333321	0.319018758560738	15
-0.077364593266739	0.199195885680729	15
-0.11135653680068	0.158573670969999	15
0.00869337240903201	0.385025482255038	15
0.114437035172571	0.601840277204014	15
0.061155498645091	0.416429150582102	15
0.00347797849950399	0.304664606795504	9
0.099121093945241	0.448619424042794	9
0.094780065435824	0.421050238795461	9
0.033557496838356	0.219833998218885	90
-0.063693180972489	0.137662180492515	90
0.03250139546297	0.218862476166912	90
0.056323299322776	0.271327031162051	15
-0.099949309430031	0.756958635935597	21
-0.117813152741826	0.421207164447811	21
0.038408306073513	1.26121936177785	21
-0.011354262124483	0.900276061136985	21
-0.049429386552258	0.636364236521094	21
0.014045233293831	0.987676194959973	21
-0.007459185818323	0.685941913289884	21
-0.019823346436373	0.795909271180647	21
-0.080357505652945	0.489842315672262	21
-0.076904967630023	0.509259918880754	21
0.097071135196344	1.34892739563281	21
-0.116155739035838	0.246395092814692	21
0.082733822904227	0.706564596006738	21
0.080656326266336	0.684010604112283	21
0.103631696247245	0.48763472530621	21
-0.121377961609661	0.128503367236687	21
-0.033821162916319	0.258161221109471	21
-0.073827054786447	0.155176137474862	21
0.108398939745123	0.527673649955156	21
-0.12045503420445	0.157842314166294	21
-0.085813760740426	0.138993518147024	21
-0.124650303800716	0.149663302227326	21
-0.01428767676156	0.20827609408742	21
-0.071877711258234	0.18469062626563	21
0.07619777302848	0.504968743867669	21
0.046976673992966	0.55900654991709	21
-0.081026157349507	0.255647343864009	21
0.024331652739558	0.288698467888939	21
-0.063481641714166	0.170442136509068	21
0.027454571477574	0.376849210769479	21
-0.024681061793397	0.191084228102847	21
-0.028163458929264	0.519647447857243	21
-0.017470185024926	0.50718834759462	21
-0.123830824165741	0.206713839113181	7
-0.101894008684001	0.120085395646696	3
-0.06422316530466	0.198317798148088	3
-0.073409543753615	0.314007763689091	3
0.078664309694482	0.670313983981858	3
0.075871279620875	0.662227773139757	3
0.050627313764232	0.49414526984297	3
0.00317720270209998	0.304244862439286	3
-0.035764638626328	0.216700714536753	3
0.011640499953285	0.258159228856341	3
-0.024021843058955	0.28337701401998	7
-0.00435160212274099	0.225677748494484	3
0.057134390627426	0.27207749889056	7
0.00990427456103099	0.256175341582637	7
0.076107748865131	0.334425950781139	7
-0.056350743480449	0.212803233252634	7
0.049664457667053	0.254506337134849	7
-0.034671179848817	0.174964721430944	7
-0.120400617847959	0.055374544630505	43
-0.083741015505869	0.0793365080292949	43
0.032358341382999	0.218681623741041	43
-0.029853495122011	0.126321959628399	43
-0.100324042499085	0.0993636038635462	83
-0.106060219701949	0.251279299751193	8
-0.026042333370239	0.358391912241285	8
0.068801031663834	0.455865536467037	8
0.086560438353778	0.378413161859779	8
-0.120217517276932	0.055444175672436	8
-0.100528270881217	0.0992193511980597	11
-0.101490655716065	0.12046859285365	11
0.029272472637185	0.47090364498531	15
0.120444986332372	0.706540275075329	15
0.068333484061689	0.595787037581558	15
0.111083176853208	0.55356748349134	15
-0.0483296667383	0.228076489235289	15
-0.031520744254166	0.303775383755548	9
-0.030095237526099	0.126183573689354	15
-0.062920558016817	0.138267862265573	9
-0.091827116755577	0.671808218529083	21
0.063355683769333	1.72422638496248	21
-0.052061659597828	0.710811051070301	21
-0.029509237474258	0.747360438429656	21
-0.03912116055542	0.681142321434119	21
-0.01960051582662	0.492394854008697	21
-0.1175786079725	0.40502561662691	21
0.00566732038043699	0.943612022104373	21
-0.027331741995738	0.426215802663644	21
-0.068197466486312	0.372304910136633	21
-0.099854161885752	0.211165035687629	21
-0.098172852513216	0.245359699302486	21
0.086882115969848	0.589229336266242	21
0.00984833600294799	0.256133887360932	21
-0.060875904007368	0.260247341448083	21
-0.043433104072858	0.202390923341422	21
0.011982396364129	0.18318608793781	21
0.042479421604029	0.237660784128121	21
-0.123392278703548	0.0791112190149933	21
0.049939960878285	0.25476651732292	21
0.068112328258421	0.304529053020939	21
-0.056979219152173	0.270730241006268	21
0.068190341041167	0.304497944242279	21
-0.117477102437778	0.102784292412059	21
0.047557697985313	0.560438949405455	7
0.111525050252763	0.075983014787952	3
-0.042467693063707	0.454483935785398	3
-0.09474295445683	0.283157700707228	3
-0.021989740796345	0.551198792029615	3
-0.078427321169524	0.334510618832247	3
-0.023422741134596	0.284287782648842	3
-0.061210752619966	0.259684252544669	3
-0.103954556047637	0.171323557196744	3
0.112268184884933	0.576679533941729	3
-0.043631714468898	0.202227625038554	3
0.035826495953371	0.319316756945422	3
0.101097739071451	0.462418093231515	3
0.080559076136629	0.350181541365298	7
-0.035394189343431	0.174355722878504	7
-0.090152849143788	0.155702416519284	7
-0.118220540396011	0.146958128016974	7
0.050301188479458	0.255108677617557	7
-0.053340555204864	0.10351079472674	83
-0.029611742205138	0.126449829026858	8
-0.112921995842439	0.1409881209226	8
0.048101785223159	0.575568300923779	8
0.032483967514527	0.702065441900557	8
-0.060266039203349	0.469882965616465	8
-0.018627201023053	0.341618912793803	8
0.029340413699548	0.387434746179141	8
-0.081156472419163	0.118458360031002	8
-0.120567386866088	0.0552876504728942	11
-0.029710015612344	0.12640543655087	15
-0.084081831377758	0.0791423098113866	15
-0.083446586198505	0.079434762960492	15
0.062420585032926	0.680177478938231	15
0.013279399453349	0.461578572789606	15
-0.123951219179071	0.175213306558086	15
-0.083157861361578	0.0796111976341544	15
-0.024520288261655	0.191234030997036	90
-0.113865949786002	0.123750464092093	9
-0.024073055296236	0.191665831539567	15
-0.120842655568466	0.539707005469662	21
-0.12478993373189	0.446340225647754	21
-0.071437482154974	0.803491162963937	21
-0.034516956514533	0.887838185353039	21
-0.10852966935156	0.493663194416428	21
-0.069198991496649	0.691457993165316	21
-0.038906093144158	0.814642754814604	21
0.096724479885601	0.434186429500341	21
-0.088795278002583	0.403876311256568	21
-0.00627791568406599	0.429767593092141	21
0.06182652267131	0.426002947559267	21
-0.104305148139316	0.293830643795359	21
-0.045137101364311	0.469201458619977	21
-0.00968297867251799	0.322905704065576	21
0.07205363004416	0.628451650988893	21
-0.104862854140995	0.185614677787595	21
0.01021795593103	0.256580493690421	21
-0.035510417568566	0.174235342461927	21
-0.114549774572573	0.123055567241265	21
0.084335068799565	0.565961694234434	21
-0.00628235767284999	0.223603505525544	21
0.028021458149076	0.301213671254997	21
-0.019131539712664	0.24859393194057	21
0.012010021838512	0.258528199876151	21
0.083441805242388	0.364073901047751	21
0.055141582749322	0.615793478374523	21
-0.08133894125422	0.118317976716943	21
-0.095418807817312	0.253276300117149	7
-0.050291975312194	0.315990092914451	7
-0.088024443126728	0.220597948990716	7
0.111858698487145	0.0760513170465834	7
-0.067488884611883	0.29093214824814	3
0.028596045493497	0.38612091171027	3
-0.020382700566335	0.485698833935879	3
0.071224282782211	0.877759379835663	3
-0.115193189005806	0.271818649368922	3
0.014984853883294	0.409458368405323	3
-0.054931111678757	0.214636093498918	3
0.032670919189837	0.21902068288096	3
0.034344859792145	0.31749372196484	3
0.098971258976857	0.448332573601831	7
0.033922537889614	0.220138935654511	3
0.034321832813974	0.317427801950355	3
-0.014650682340976	0.20790084655308	7
-0.124012165175198	0.0786835517816151	7
-0.063505318076478	0.137819522957562	7
-0.027616455847346	0.231914933929807	7
-0.056653110920983	0.240694127998611	7
0.046628371081616	0.359242592051855	7
-0.080608947608471	0.118850790090169	43
-0.00135205795632501	0.163840413053898	43
-0.014811575663722	0.20772565727766	8
0.072512985788744	0.764264003963658	8
0.04456153380644	0.723184553322192	8
-0.029845204529926	0.477524971544683	8
-0.075978258914104	0.224798686571106	8
-0.013962860873579	0.208509115027425	8
-0.063957478105265	0.169957331781343	8
-0.090662144445832	0.155149349137742	8
-0.081012391471785	0.169893320246771	8
-0.029710015612344	0.12640543655087	15
-0.100007834765014	0.0995604711192266	15
-0.121331589702944	0.128501346365104	15
-0.080176326281675	0.257210494029647	15
0.112910743508891	0.578028208337879	15
0.118027263701512	0.680390700707281	15
-0.119293296246883	0.172596236961687	15
0.071053739308852	0.477281192733216	15
-0.063912743719707	0.225853416709231	15
0.00983686684830798	0.256094954649977	15
0.062328319379334	0.287898744893962	15
-0.063693180972489	0.137662180492515	15
0.041849843137547	0.236932994870028	90
-0.08188622992612	0.117869815908501	15
-0.116194563251962	0.506449245186223	21
-0.015093529561151	0.865928878157628	21
-0.020943140858429	0.412661258961714	21
-0.071206235270521	0.211503158844236	21
-0.055082906789429	0.214451768201474	21
-0.00121171944915799	0.163954169689066	21
-0.012657411534159	0.146766684086441	21
-0.113325525749475	0.124312591007218	21
-0.00222249471966501	0.347114885408477	21
-0.114279245795786	0.123339262376244	21
-0.074868530429631	0.154163069275397	21
-0.04262192841658	0.308613203010866	21
-0.1055139213091	0.23947786213236	21
-0.013360025483928	0.209172926082187	21
0.093832669226407	0.419445324657087	21
-0.083544680130958	0.0794206416678706	21
-0.121444590372045	0.128432134377561	21
-0.056412300940564	0.41654263196536	21
0.00144661295913301	0.413211911776042	21
-0.01786768829152	0.424540076718208	7
-0.085292617908703	0.184962490325179	7
-0.030740568936704	0.267914342373952	7
-0.052627853354676	0.103890224793295	7
-0.054320997716578	0.328169362985351	3
0.095625093625216	0.881141909605494	3
-0.067635756588692	0.54732826070906	3
-0.102675819013188	0.156257638077073	3
-0.081684689924566	0.254378533840505	3
0.00702504533583898	0.539400475089467	3
-0.030865643156923	0.125692583795998	3
-0.101603463050739	0.139754898110311	3
0.071719392893129	0.31893412429791	3
0.016671362841661	0.271673946258079	3
0.00255293530659101	0.240486931155681	3
-0.116230964112373	0.103830227977547	7
0.088366560391702	0.390951038923771	7
-0.124748613663169	0.149534681109208	7
-0.083596701357399	0.0794037107176008	83
0.011778086245984	0.183022787233715	8
-0.000209365761763003	0.164754858942682	8
-0.048388382383103	0.156386399120386	8
-0.03516329603081	0.217434843549993	8
0.099018317727301	0.959131498904055	8
-0.105264942530813	0.326631287880754	8
-0.032629860097396	0.301877688915733	8
0.089767638931198	0.392972028742154	8
0.011369440316147	0.182671102528871	8
-0.123152237237161	0.0792735647391362	8
-0.111000610492344	0.159034930791976	8
-0.030435207069149	0.125967159655084	8
0.02938713058461	0.30300484421376	15
0.022718290229215	0.201100423981864	15
-0.046514536203108	0.265051718645693	15
0.112496560760511	0.577006110218818	15
-0.052066861558702	0.252019365919445	15
-0.020772108885318	0.378451514892201	9
0.028431247672896	0.301768088179926	9
-0.047613220106091	0.15706648733875	15
0.057293513923815	1.62880603642158	21
-0.086369988220988	0.655426547378241	21
-0.0034304132737	0.922988942945658	21
0.023467648463817	0.445651063165052	21
-0.112660286812817	0.310307720238179	21
-0.099469408874323	0.486323204760127	21
-0.033029912688587	0.367697374254916	21
-0.111241090689097	0.173534957869207	21
0.065669836556914	0.44152738101163	21
-0.083648391136501	0.350662190418371	21
0.07463960013969	0.786460697020961	21
-0.066141890322124	0.377640814818342	21
0.012120518249494	0.39770618951443	21
-0.008488313508386	0.424539100592464	21
0.097675022567163	0.435857020479568	21
-0.025243802678914	0.190513467317769	21
-0.12100603383321	0.12890898336756	21
-0.066190332608088	0.247653596593657	21
-0.049221270039411	0.15572302205813	21
-0.053715167783896	0.103290619278252	21
-0.083157861361578	0.0796111976341544	21
-0.025364132118408	0.190390405054505	21
-0.013711059451193	0.603530032710557	21
-0.030497532792842	0.441381736314291	7
-0.037104815360791	0.38581811334855	7
-0.033988427572538	0.333634431404378	7
0.067450527673568	0.453348520484519	7
-0.036324699699511	0.290863804883236	7
0.059229872449193	0.535828874975129	7
0.080232994717973	0.349786752918426	3
0.00812354428238898	0.383881655106456	3
-0.05765717985452	0.239182313457541	3
0.043429003320227	0.895019663569615	3
-0.019196593400546	0.602063313872072	3
0.00209595371566002	0.662398770545453	3
0.120639913442031	0.716814240939516	3
-0.103501909202851	0.171939427261559	3
-0.124839358463645	0.149419352309802	3
-0.025605646896358	0.19013402724219	3
0.039740540772623	0.332869198125733	3
-0.049146875874065	0.226953338751689	3
0.013191811063688	0.332812703201752	3
0.076056670057634	0.334348182380539	3
-0.072030548491058	0.184505245922445	3
0.072503359043794	0.31987823171002	3
-0.019837245130644	0.247704107638402	7
-0.071154127213867	0.185528197280514	7
0.017369204941376	0.272564255611264	7
0.103852578826822	0.477566454962141	7
0.013669879689931	0.333491061457229	7
-0.01469191653984	0.207855503693498	7
-0.052627853354676	0.103890224793295	7
-0.083642823229542	0.0793849320895882	43
-0.035347656788499	0.51362233402983	8
-0.090980223258514	0.310672850424308	8
-0.109183181591683	0.254565673273457	8
-0.071449317230527	0.211188744149169	8
-0.062984188665791	0.138210057834864	15
-0.054705512469527	0.327397169041202	15
-0.118755163148921	0.17342629225591	15
-0.06188051962306	0.258504500210238	15
0.048899097026522	0.253683818789619	15
-0.037710889947228	0.414753671243253	9
-0.123152237237161	0.0792735647391362	15
-0.025364132118408	0.190390405054505	15
-0.042605906046241	0.240741370753333	15
-0.013697093498287	0.146094010924253	15
-0.07418437531337	0.154829851351925	15
-0.072977411431897	0.772620891742932	21
-0.113654703640505	0.486134254148358	21
0.026984725454984	0.459479213008521	21
-0.098628549091545	0.471499248399594	21
-0.093346475630585	0.42088363257864	21
-0.073815301648939	0.292721958794547	21
-0.052297731995811	0.508122705663064	21
0.053054459030816	0.80413156241476	21
-0.022877872957311	0.581323570001052	21
-0.102544522676004	0.286203786436654	21
0.014595624723896	0.582792380658372	21
0.101844249436741	0.463656364658061	21
0.020952511781809	0.359014144232283	21
-0.061947570546243	0.25843588732521	21
-0.118516666900272	0.16060263041985	21
-0.034182590346145	0.257707938724481	21
0.002713734005726	0.466670070641242	21
-0.049725140526873	0.317064169568245	21
-0.009491542581852	0.459444924553073	21
-0.049871944004797	0.419667962651153	21
-0.044958209731768	0.413205011510008	21
-0.113112247724961	0.124523464722318	21
0.056076611955608	0.271058217577165	21
-0.00596555068370799	0.223964552923232	21
-0.052094053379353	0.336579477362851	7
-0.093538230613185	0.271679903124625	7
-0.10592256013958	0.212324497552045	7
-0.090465351526415	0.155380543390522	3
0.074734711815256	0.493329125579491	3
-0.110662046609302	0.274145142453886	3
0.062390132005883	0.427019729832151	3
0.067773449555959	0.453966067197817	3
0.035011117490983	0.411949957606688	3
-0.045212967360337	0.267093393410425	3
-0.00572293224651599	0.278598346101157	3
-0.078777715724886	0.197278015250597	3
0.116777923353068	0.647614472636119	3
-0.121139272270189	0.128760232413437	3
0.110114835180637	0.551691319474823	3
0.010106014993035	0.256450725179338	3
-0.054559100011867	0.215095679682531	7
-0.074551436044314	0.154471501207992	3
-0.078208285516734	0.198022970368334	7
0.000555818219454995	0.293702387890274	7
-0.025001576315447	0.190765543152678	43
-0.087069291604419	0.137883296223618	8
0.067831818322182	0.30421570778489	8
-0.094413741223581	0.255377428572912	8
-0.077994884197587	0.335797787779047	8
0.067317046082002	0.820901479275849	8
0.058388771867322	0.748226275860355	8
-0.099293471695057	0.283652108931653	8
0.117898178194645	0.670339997264584	8
0.056235905957452	0.27121692922313	8
-0.026109009512795	0.317997932680608	8
0.056685423739959	0.271700007593336	8
-0.116752576277723	0.103404873939623	8
-0.100594119463148	0.0991705005786008	8
-0.083354164605916	0.0795256811066448	8
-0.048655904358882	0.156219485332567	15
0.108973269444614	0.539090408030142	15
-0.113055823145681	0.124570925997404	15
0.076475776011729	0.334891517952547	15
0.109281532284815	0.549856401226139	15
-0.023957497995638	0.19176777898426	15
0.00434507057941602	0.424897019758811	9
-0.112194011797956	0.141847560565818	9
-0.027909304168095	0.231761282736832	15
-0.083452390173881	0.0794637199099083	15
-0.014300710104568	0.260829866424093	15
-0.090193220027784	0.155674019666372	15
0.051555765801451	0.375228980437225	15
-0.027012339966668	0.232893257962001	15
-0.034333881662039	1.2796841491714	21
-0.093469292854308	0.459793856046551	21
-0.073713618518858	0.501256097446324	21
-0.023777290490055	0.818800232384915	21
-0.011376789396814	0.73075288215809	21
0.012459647527321	0.841204608862203	21
-0.01874724004918	0.803864267051561	21
-0.073018252907524	0.562499522676318	21
0.013624120622307	0.748432393594851	21
-0.030690725946269	0.694033807296334	21
-0.018698706541793	0.578157319788226	21
-0.07305435937101	0.350727290697648	21
-0.070061193350463	0.404459793865619	21
0.022675797361734	0.563813244006141	21
0.097892735732025	0.88921740003165	21
-0.071907122268446	0.433630507421427	21
-0.079530130767342	0.331942290653759	21
-0.034135457747008	0.33335045838755	21
0.097459360362386	0.9043454375312	21
-0.111322819203732	0.213231153058999	21
-0.118339794935904	0.174054612555717	21
-0.117316903885691	0.243864834704443	21
0.053478135112838	0.604080867954332	21
0.034582737319247	0.495904861883955	21
-0.018477735297579	0.383355044842152	21
-0.101978973489136	0.207665520822999	21
0.046709882943332	0.558366474121792	21
-0.0378863582048	0.321736734722366	21
0.099461556879	0.71747822574581	21
-0.00870178873615601	0.324511610853024	21
0.06640875496608	0.590736880284641	7
-0.00887283596502	0.5927868101781	7
-0.081312886019318	0.118317004644669	7
-0.053219972643393	0.103577238966402	3
-0.053062857025092	0.103671316118869	3
0.013420964015427	0.573892578286482	3
0.089284685846381	0.392258908205603	3
-0.078406287275722	0.490649565844349	3
0.114672092347401	0.6023576343995	3
-0.012726974912294	0.262985242316572	3
0.107397988971823	0.515302671089058	3
-0.104607888925867	0.304404356572341	3
0.032048495910802	0.48363196336413	3
-0.05022247256502	0.316116576593856	3
-0.119582553662843	0.145244151145327	3
0.00120966044898901	0.463007514718058	3
0.119176953327428	0.673560662740135	3
0.095152204391291	0.421622406613757	3
-0.063646197617784	0.170283618024487	7
0.048391999606727	0.361919682232818	7
-0.005807103466032	0.224134185146327	7
-0.020768690262232	0.246466626491365	7
-0.116028232017699	0.103998900748928	7
0.033922537889614	0.220138935654511	7
0.050141959046735	0.254973094258271	8
0.050747550321472	0.255534070079646	8
-0.112868742402596	0.184960520520856	8
-0.03348733196772	0.334585980851773	8
-0.031130168936428	0.267297804770479	8
-0.027823199435335	0.387899734961377	8
-0.076713151379495	0.223706140311509	8
-0.077476506750418	0.244582219920844	8
-0.053012404083422	0.186583336389317	8
0.017515241790215	0.346528919837718	8
-0.063865375073796	0.225960498633712	8
0.00297092105228602	0.240966255534154	15
-0.020396507951398	0.33831403760678	15
0.067685623515998	0.594136640452706	9
-0.055829814069696	0.241831087284655	9
-0.07418437531337	0.154829851351925	15
-0.051589489735522	0.188088514235483	15
-0.10126186696352	0.157938161686117	15
-0.035220749670114	0.217380070936384	15
0.031100287006272	0.397534065830248	15
0.096105857011504	1.29788178965427	21
-0.114879072643699	0.50839139426535	21
-0.045906579094284	0.981548579518594	21
0.0242596562564	0.983732931230077	21
-0.110727716278702	0.474572639623547	21
-0.051490623446426	0.854672179418118	21
0.010361449405317	0.502200128787727	21
-0.00683016964504199	0.86274425815734	21
-0.06125110309966	0.603724903540151	21
-0.099869391607544	0.348175376506893	21
-0.112512359456803	0.282125122084155	21
-0.06316762603393	0.391751854692849	21
-0.030532032714658	0.625851547158856	21
-0.043439651531572	0.444373171923741	21
-0.093469997226557	0.27181612644307	21
0.00629451290760902	0.595751048235942	21
0.02585530374108	0.906358045891071	21
-0.042742258847979	0.479770164236318	21
0.04746049777724	0.840192909482376	21
-0.005877003296134	0.520213842175708	21
-0.041644528984541	0.371286790118555	21
-0.015886889903671	0.434040663225876	21
0.113620055189124	0.908216121024806	21
-0.02419582897098	0.366714957016855	21
-0.085641402708211	0.244282230312992	21
0.10308613541015	1.00830912575369	21
-0.042310596487839	0.309187723859307	21
-0.092189461650788	0.259703840592349	21
-0.115778625207815	0.226731917020907	21
-0.105213416657541	0.253024321570214	21
-0.00548480358648901	0.431589955314832	21
-0.123073818064761	0.197072181449159	21
-0.00521442489238599	0.336238371284501	21
0.00758522609594803	0.701337744190141	7
0.018667325181596	0.606159238272028	52
-0.121902576999434	0.127918173575254	7
0.095660989079877	0.680440260264621	3
-0.034323210976657	0.218428302691585	3
-0.083544680130958	0.0794206416678706	3
0.095965703395848	0.433063367628893	3
-0.013318631073158	0.262209321906306	3
-0.011712768943352	0.494340134489202	3
0.023606015181575	0.445956946539944	3
-0.055542606095221	0.273197755984501	3
-0.005182811047064	0.22483643647975	3
-0.034933490912861	0.256686733590664	3
-0.00870178873615601	0.324511610853024	3
-0.06380470301545	0.170100784621608	3
0.067790225659774	0.304186280669022	7
0.076634323473378	0.33508022705282	7
0.028976865459818	0.302490982008937	7
-0.075606247188888	0.289057693064143	7
0.068236742141978	0.304612700243725	8
0.050343889940883	0.255170282075542	7
-0.12305207957486	0.0793398988018407	7
0.083112768718109	0.363642126654696	8
-0.103049440987387	0.155798973803228	8
-0.012779566040834	0.405272288172455	8
-0.122341275594509	0.127431870904078	8
0.087903408075524	0.380244940819514	11
-0.020147721082199	0.247316333819612	11
0.054504322027148	0.388377420526689	15
-0.053154209907244	0.306529636761545	15
0.033818841054774	0.316768889689948	9
-0.049361344355914	0.317832540530313	9
-0.048116573093251	0.401395754047815	9
-0.060306676114825	0.261172974221425	9
-0.080309177538376	0.170664319932914	15
0.104996799020348	0.49014343076415	15
0.055107036707054	0.389315119550969	15
0.068287246782797	0.454936948193905	15
-0.011916169119427	0.263999835940263	15
0.089396747594154	0.392441290276363	15
-0.043788308388114	0.202048063492904	15
-0.048754975127084	0.696873443448951	21
-0.085418719312599	0.58927325051337	21
-0.020985688010778	0.872810341942284	21
0.1085265669737	1.57790512305653	21
0.031334080808446	1.21622078412422	21
-0.090390021988134	0.491194004662763	21
-0.100223837154452	0.442932405332513	21
-0.06406175085442	0.408854855947672	21
-0.018210476352739	0.613571306219202	21
-0.070345155794291	0.382474900035216	21
-0.069288965303387	0.349701133932047	21
0.116166406339823	0.989774325703854	21
-0.10301219028721	0.260117095912785	21
-0.085559061504514	0.329131221807559	21
-0.04920886050217	0.421429218502583	21
-0.074603669026978	0.291123643499105	21
-0.110813709043456	0.251019572291203	21
-0.04360861520561	0.416613545363248	21
-0.113927768575565	0.230464062526586	21
-0.10833150051431	0.246469000718357	21
0.00166099021774802	0.41366241593572	21
-0.046317593184539	0.297630349781229	21
0.110826660426662	0.54262081273436	21
-0.111163079639592	0.213460414737981	21
-0.07389928920485	0.292525555503652	21
0.081027186396237	0.549705477346435	21
-0.073999270595866	0.332451684822425	21
-0.056222669517568	0.370488029130861	21
-0.060461583810408	0.402200517577451	21
-0.05237161195788	0.43444636122942	7
0.01705135006755	0.59567604868336	7
0.00712221014960601	0.593689681333849	7
0.080796814644138	0.540686422511566	52
0.047254918450702	0.566648126243001	52
-0.120658786054163	0.0552556681547546	7
-0.080973983888474	0.118594225415526	7
-0.042667303613347	0.394444077584399	3
-0.081168018267091	0.169709845755186	3
0.077103803907373	0.335630274960882	3
0.041947236567444	0.533069249292414	3
0.043692724363436	0.813332812092498	3
0.04173471182243	0.532546627316023	3
-0.122665553502032	0.177280550963706	3
-0.069893787631045	0.213305462520577	3
-0.042958306612095	0.338544664727846	3
0.114015105594899	0.590706485209703	3
-0.105535000325527	0.184596352268515	162
-0.098778280677226	0.197635015147978	3
-0.050048964882513	0.225692148807601	3
0.105073555250309	0.500586118884885	3
0.099671121207111	0.459846797697106	3
-0.093813099280282	0.170518302738147	3
-0.124559344989241	0.149788866931322	3
0.022807994244682	0.286851072183917	3
0.003249479551104	0.304369322997271	3
-0.063022075119717	0.199804093014253	7
0.050881551988004	0.374194445518881	7
-0.118008181370403	0.161300986308718	7
0.109078386271771	0.528965411997925	7
-0.048699774733673	0.156178460302788	7
0.022510339250613	0.200873974946563	8
-0.014811575663722	0.20772565727766	7
-0.112159230633563	0.12544788360879	8
-0.064902002166505	0.13663343528308	8
-0.122492868927811	0.0796856149899113	7
0.049866403507049	0.25470345109749	8
0.042190333120381	0.23726507197424	8
0.010482733885427	0.256852173371344	8
0.076317257142163	0.334692688406251	8
0.052153706841602	0.497525559569117	8
0.03427459455191	0.633840786318209	8
0.046552661382466	0.557984298874377	8
0.100346493677671	0.461121694834683	8
0.10116981453297	0.462561594105113	8
0.066496085415496	0.302632800771126	8
0.043255116388471	0.346125343851138	11
0.050210563357407	0.373146383440816	15
-0.03527833233345	0.217314156309959	15
0.074411496141113	0.492631078123584	15
-0.019061435477899	0.340796773261157	15
-0.120459054078846	0.144154471157369	9
0.111979449630607	0.565860112848389	15
0.084263772658575	0.574405276220689	15
-0.088564276008641	0.219677228192812	9
-0.020302961236286	0.24711339256037	15
-0.025160864772329	0.190596698425395	15
-0.113752314213937	0.123882176694594	15
-0.019778981711782	0.295345784591748	15
0.029290704031439	0.387321028200021	15
0.068096183415576	0.454541984352245	15
0.075581214667758	0.333721203320436	15
-0.019191348732237	0.248523436652503	15
-0.006618732082355	0.277419043821697	15
-0.118073182888928	0.501355127401188	21
0.010602477534983	0.731714774684297	21
-0.050872062493436	0.64532356497991	21
-0.004420447232858	0.482447910470127	21
-0.084270240671685	0.348964542938981	21
-0.062647133036722	0.326271412022722	21
-0.006348669732097	0.650783875888247	21
0.107883136459066	0.526619890681891	21
0.015611498856424	0.410740686442323	21
-0.10911145556192	0.229943034376886	21
-0.102613772843741	0.173121337497093	21
0.027507482455147	0.595698844736535	21
0.011853265492943	0.397155004278769	21
-0.087026891612854	0.275821684501516	21
-0.10150341066621	0.290981958474256	21
-0.018188739609873	0.383936049603314	21
0.114138364098836	0.946196204571976	21
0.094010529984588	0.650208230091782	21
-0.093588532282751	0.170799083321955	21
0.010531703471969	0.25695434718053	21
0.004797192497427	0.527792409713369	21
-0.120853323782412	0.129074648010344	21
-0.061335867910457	0.396603293624723	7
-0.086780491619663	0.257952159212398	7
0.020530411104009	0.558051375071588	7
-0.020018133493727	0.491251407521548	7
0.052471332105861	0.694695165589898	7
0.014555950116086	0.33492503727824	52
0.021905727989939	0.436064780504703	52
0.111731113967025	0.076032888564632	7
0.000230914513944025	0.165077034167763	3
0.00310622995847698	0.517966400316193	3
0.020393345621739	0.617045610558382	3
-0.05149866102703	0.361966951251368	3
-0.063440874640741	0.410610192970419	3
-0.119650293074349	0.257231282543058	3
-0.012477570198398	0.405822583049362	3
-0.018972393948359	0.296626198504573	3
-0.111000610492344	0.159034930791976	3
-0.112442059120037	0.198702427463143	3
-0.0579966187549	0.343505000963313	3
-0.080804480703615	0.118724716061329	3
-0.103821132768968	0.187120683747801	3
0.104573048163588	0.499621348789167	7
-0.113865949786002	0.123750464092093	7
-0.071439302941439	0.185210217699189	3
0.096999144091443	0.434826536853042	7
-0.105342172285344	0.169333559685053	7
-0.097953315036503	0.182527772528601	7
-0.077728238088049	0.198693630552838	7
0.087282664912209	0.598771540166482	7
-0.119444166664379	0.0557677808362201	8
-0.122872713494582	0.079446760937946	8
-0.013057169636604	0.146502214395153	8
-0.087516557905762	0.137426732762561	8
-0.062920558016817	0.138267862265573	8
-0.074025753366363	0.154972046490296	8
0.089433767472004	0.809757175557554	8
0.123520667006003	0.763955794453413	8
-0.105770271605139	0.184238650010977	8
0.096019654628325	0.433128596663838	8
0.071927986378159	0.319193279335412	8
0.017269262660637	0.272432693401894	8
-0.081156472419163	0.118458360031002	11
0.017298136501462	0.272305988653369	15
0.008868178769455	0.31942457853702	15
0.055848671049738	0.390387807547709	15
0.060348603355848	0.553268521058232	15
0.114841836960271	0.602622397528083	15
0.1021698222909	0.734229769527298	15
-0.057865432350844	0.238929499677538	15
0.00668876342049801	0.435519317383691	9
-0.04867786534905	0.156204689922363	9
-0.079918078254225	0.119345373179004	15
-0.000490211746307007	0.164553753833306	15
-0.072183387026893	0.184315433997265	15
0.109296178467395	0.539724343978749	15
-0.016381290511298	0.350920085568115	15
-0.015459866412735	0.207009030957528	15
-0.111010812256917	0.143209385223942	15
-0.081725705411323	0.734948253077806	21
-0.035836318459303	1.02566813462172	21
-0.093943856184143	0.408696100091018	21
-0.118239505311418	0.302304930711474	21
-0.109872660864413	0.48878078608601	21
-0.062554951700448	0.304141411065195	21
0.070397258757024	1.02488690747607	21
-0.00963887194940999	0.417166574503812	21
0.034627000673179	0.796865770630225	21
-0.00593972829357301	0.524647709837937	21
-0.117629810052321	0.232258687250342	21
-0.082544361585941	0.21137693839018	21
-0.081362092179112	0.271299454838404	21
0.121366317885932	0.718288562641967	21
0.087256318155821	0.976299848660437	21
0.028359807675184	0.534000769996867	21
-0.103123309021598	0.155693138094386	21
0.052475073034095	0.601335547921754	21
-0.109867520796854	0.160488213509431	21
-0.041963384004643	0.396177789220793	21
-0.018076920575524	0.424018359939867	21
0.117759996276466	0.669952475244004	21
-0.027582004089883	0.457473068741371	21
-0.063500950325796	0.432396642248589	21
-0.081892260236755	0.289534616393648	21
-0.026739117556994	0.23321205406191	21
0.041487464096408	0.43870260321167	21
0.067914390287683	0.454239141873253	21
-0.004608551710648	0.225434366612295	21
0.072186510660503	0.319475338521812	21
0.05480583300278	0.388867294231238	21
-0.042354768950395	0.555430544427361	21
-0.038095630297173	0.497656309307549	21
-0.124922274517533	0.250557042614722	21
0.011742197627113	0.685714184270616	7
-0.014891382303915	0.471536859636469	7
-0.087655491625678	0.271716792796748	52
-0.000919201579993006	0.29181243452114	52
-0.105296831096717	0.226661866647198	52
0.00925370053395402	0.255360045203984	52
0.033035978879727	0.219379646755372	52
0.111858698487145	0.0760513170465834	7
0.00354711889417902	0.241591949774848	3
-0.078693308204784	0.279749855746732	3
-0.00955557457136999	0.459313681351442	3
0.089397874937971	1.022755384476	3
0.008145556125423	0.65843044143587	3
-0.00712648935150201	0.276749469608823	3
-0.000109315905787999	0.164841428016307	3
-0.11046963391582	0.143814030890519	3
0.073305598120024	0.490389551275051	3
-0.035064249969575	0.217569805219848	3
-0.049010785517006	0.155907916239709	7
-0.000390298689997987	0.164622350280018	8
-0.083741015505869	0.0793365080292949	8
-0.000730671964438989	0.164363021881793	8
-0.00148553608881299	0.547429110595358	8
0.032978377357457	0.720842766253409	8
-0.046102959894387	0.437067914246206	8
-0.074911994774454	0.310646494072539	8
-0.00387807989585701	0.338391406993466	8
-0.121377961609661	0.128503367236687	8
0.025064455786842	0.372920920404835	8
-0.098946151716637	0.197393398925836	8
-0.119959348578592	0.055564402041551	8
-0.099768424586092	0.211302452347786	15
-0.058340946997394	0.316214731656279	15
-0.11653360082035	0.201628530269777	15
0.076192147339823	0.655581065448562	15
0.102189912402543	0.752349504330807	15
-0.053708188617754	0.185822122210879	15
0.081455361065311	0.351258000926968	15
-0.123879217283762	0.612142652394291	21
-0.078451492361182	0.735381144009277	21
-0.030747505181141	0.566679338004429	21
-0.111157313606949	0.474749505960566	21
-0.116819618937137	0.255604212522296	21
0.060718382360459	0.546592523261687	21
0.097816766646018	0.695235219525924	21
-0.062421072433778	0.413451724171739	21
-0.119668852938559	0.158956630101468	21
-0.013933661884188	0.443442079800519	21
-0.052054893429408	0.360765807144538	21
-0.058700259243874	0.338454125361332	21
0.114002705292578	0.945730260646737	21
0.03445303667528	0.410780616353069	21
0.051631576985192	0.375336038078056	21
0.037090504367801	0.422933068728376	21
-0.00188907879992101	0.290426254477471	21
-0.055542606095221	0.273197755984501	21
0.054958701176012	0.389075081021612	21
0.079919568733031	0.349378845887036	21
0.099191696775308	0.448779990080427	21
-0.092720194078473	0.243945993296185	21
-0.095169053617838	0.206105387151724	21
-0.038796349390045	0.351220799800884	21
-0.053998574474006	0.379452587967984	21
0.084233633216457	0.743960868381551	21
0.068073948105848	0.720065412450533	21
-0.052485828347626	0.187162741132217	21
-0.090581691155997	0.155227903609669	21
-0.00807542427722899	0.377498110259575	21
-0.095313624821186	0.267928636837601	21
-0.038387942746042	0.320815603070387	21
-0.000109315905787999	0.164841428016307	21
-0.042538876741564	0.240859207111977	21
0.051872959384904	0.504036438099308	21
-0.106054443100288	0.400458781967396	21
0.01463565784364	0.851195133465079	21
-0.00181768477079999	0.758990524084582	21
0.014108774815853	0.517375259890356	21
-0.010502035103412	0.541192485106756	21
0.055073877956178	0.818086913979969	21
-0.050500693907507	0.417968000340618	7
-0.065149510806203	0.249342520101802	7
-0.004865816758157	0.225154546570844	52
-0.094014530426954	0.408468183035247	3
-0.122322583439414	0.127448773444142	3
-0.087777300218473	0.200201474928425	3
0.011168723252247	0.556302438394106	162
0.000426229357024022	0.293595879273139	3
0.078863603680169	0.527771072594516	3
-0.027012339966668	0.232893257962001	3
-0.121797808362162	0.128025813718857	3
-0.100648423269096	0.140735546057894	3
-0.100821885694138	0.158437536085234	3
-0.028457349959042	0.231035447554013	3
-0.113325525749475	0.124312591007218	3
-0.000390298689997987	0.164622350280018	3
-0.027324112244975	0.232500258268836	7
0.042071097155998	0.34435321129529	7
-0.119959348578592	0.055564402041551	7
-0.048511357668049	0.156344012957907	7
-0.029035744585753	0.449460936545448	8
-0.00564862708713801	0.224296715134638	8
-0.072373872154987	0.209788939938179	8
-0.029710015612344	0.12640543655087	15
-0.054089782257518	0.103054617818762	11
-0.019534743956136	0.29570462487691	15
-0.072987161582046	0.255698631122332	15
0.085287497265559	0.57670026364221	15
-0.006479382659769	0.476948606358542	15
0.035517423155261	0.412917698221245	15
-0.035427325497601	0.330826590008784	15
-0.077037509254512	0.223207303853196	15
0.106672572701266	0.513978383745838	9
-0.036479046160922	0.173347278326435	9
-0.113652338379303	0.123972837222184	15
0.003702556460286	0.304986954685559	15
0.05022740825716	0.255056131867553	15
-0.062872020730539	0.678495819355228	21
-0.105115055442816	0.38684463218482	21
-0.018463317544893	0.736812042722336	21
-0.020724165257043	0.898271117450366	21
-0.109338893005072	0.401261668595853	21
-0.00665118725948399	0.604657375086525	21
-0.00474717931764301	0.661322291033296	21
-0.097587550212782	0.274307054721286	21
-0.094410924246831	0.25535937856205	21
-0.021860390177755	0.444472386151873	21
-0.00983789218185899	0.458588860992682	21
-0.091211374085717	0.24674056720272	21
-0.054903545817589	0.326998152300707	21
0.010276390558874	0.449102996306408	21
0.022269093904945	0.436798923279239	21
-0.051742353169259	0.283794137593471	21
0.016288791554613	0.412053657249665	21
0.021040594423091	0.434269931892511	21
-0.036121878519833	0.291209956962305	21
0.094075610020959	0.650418808984194	21
0.00448012445259899	0.425140331042633	21
-0.004670645614061	0.661557415455824	21
0.066576759142127	0.845643900885112	21
0.025109316782	0.797731706786182	21
0.088077005541879	0.600799063055624	52
0.120008259777152	0.695511991346016	52
-0.01343933707001	0.146270648856057	52
0.02967955927357	0.543620899329786	3
0.031673548244801	0.913259259972426	3
-0.072132343627374	0.336870378149568	3
-0.025807493955043	0.318460747809551	162
0.023219544183708	0.287384381374796	162
-0.038226427920241	0.352439046022879	3
0.056275920532511	0.399628494973401	3
0.038205313603698	0.330775530176889	3
0.079862937159807	0.349300116027067	3
0.069446826495836	0.456978246776187	3
0.095152204391291	0.421622406613757	3
-0.047883233715452	0.22861392387886	3
0.041936513947369	0.237156045885125	3
0.092437420054979	0.407221229962888	3
-0.090425494498178	0.155382443188739	7
0.038119439336545	0.330654056908479	7
-0.053062857025092	0.103671316118869	8
-0.100231822692252	0.0994216097108372	8
-0.122912237243467	0.0794325890432734	8
0.0415599849	0.236774232539224	192
0.079122706368221	0.348267455919077	8
0.091667140922494	0.406023689832229	8
0.073203654399446	0.631661862951659	8
0.092930478498407	0.647436623871101	8
-0.080213917469617	0.327521229796796	8
0.116966904014072	0.648140529212723	8
0.01772531587897	0.34686563267225	8
-0.014864246074016	0.308680363339368	8
-0.052199038238834	0.251770461459091	8
0.028645852856429	0.302062067993858	8
0.034477320771917	0.317605626081983	8
-0.101661011026458	0.139690574156348	8
0.022591288079996	0.200913130644951	15
0.07668520268939	0.33514835782186	11
0.061360995415082	0.286782837854927	15
0.091141912474936	0.40517811488021	15
-0.078712339270089	0.197378174493678	15
0.080306961444692	0.530818875438053	15
0.08059563394429	0.540255211911119	15
-0.088579007657494	0.219700056769129	15
-0.117186356610963	0.188448974565487	15
-0.044734098871718	0.330956068056332	15
0.108601138702901	0.538293625940656	15
0.106772498803236	0.514032882050887	15
-0.057784050054763	0.239060482302205	9
0.00617670364313699	0.374288027798207	9
0.092532396601118	0.407388946443607	15
0.061172201264914	0.416438773562492	15
0.080389732316654	0.349975437981733	15
-0.10274975792947	0.156156042904136	15
0.072028129899257	0.319257924146706	15
-0.033670438709725	0.861313055005807	21
-0.090314738996631	0.481011239884663	21
-0.069357087437203	0.571671103577052	21
-0.079074316597777	0.513005776862018	21
-0.045794157249384	0.619445076110509	21
-0.022591299447881	0.815562839183896	21
0.080484067084327	1.04253995952894	21
0.00175212302842598	0.66114290842393	21
-0.00418158375789701	0.529894141584823	21
-0.087152342291599	0.322559264580519	21
0.079561364213195	0.833720928726312	21
0.020376332484374	0.616977455145363	21
0.020125796149345	0.550980096611538	21
-0.065511005059524	0.359132321743601	21
0.100091236025058	0.947198572992662	21
0.047424129932886	0.745698504996066	21
-0.066085402816052	0.357749080015227	21
-0.082963764115595	0.268275911831279	21
0.013056553046308	0.461077352003536	21
0.11622725176212	0.615940400230719	21
0.105626952768094	0.799231323036592	21
-0.074196988630273	0.253494219149593	21
-0.098960106837103	0.243798444380656	21
-0.062809213410281	0.280931850889172	21
0.029264702255142	0.470973771238887	21
0.067040992287273	0.584908482906515	21
0.032218091105304	0.399690315524209	21
-0.122665553502032	0.177280550963706	21
-0.033097152492673	0.434618243118231	21
-0.043096139709068	0.478745478748702	7
-0.117053681931406	0.265375462971236	7
-0.082298605442712	0.304492278934135	21
-0.020466517175639	0.374263378408239	52
-0.045086010147604	0.3302686081432	52
-0.105457269627952	0.226412824206262	52
-0.000149964778969003	0.164796915097487	52
0.064215823684201	0.685742506663451	3
0.057843915116021	0.40229369773012	3
0.065055698697948	0.572439395040694	3
-0.112210900183324	0.141783555472533	162
0.063209653213141	0.792528384598649	3
0.019350869669613	0.548887447394202	3
0.00954278027922301	0.320436399672465	162
-0.081168018267091	0.169709845755186	3
0.000501496144414027	0.29370479865274	3
-0.101274775636646	0.14007924591417	7
-0.100725359110566	0.121156414511097	7
-0.080256994031617	0.119100064132563	7
-0.000249793910905988	0.164736441383124	8
-0.052941941976442	0.103693092252624	8
-0.080986936769598	0.118588851044695	192
0.033583702653926	0.219850887342385	192
-0.014650682340976	0.20790084655308	7
-0.116211476261752	0.225864349703539	8
-0.100876098208713	0.209411665028488	8
0.064981266109846	0.572223456635777	8
-0.109812849728105	0.228633267430348	8
0.06738253033247	0.444478244219326	8
0.033561799529063	0.40202073714475	8
-0.049371448331139	0.226647016025696	8
0.01641517097018	0.271392989263844	8
0.037546251994379	0.329762601570535	15
-0.071076619546784	0.211713806382843	15
0.111746675906656	0.565185919658465	15
0.050511318373612	0.373613009884487	9
-0.041787743497906	0.24194167960177	9
-0.071266375570359	0.185388487438958	9
-0.08727200934932	0.137686716454116	9
-0.035553445972341	0.174211840638275	15
-0.007430466973294	0.276316410947749	15
-0.015712130584866	1.24739422609088	21
-0.110068129162998	0.548519412466628	21
-0.09140581370528	0.660897142867164	21
0.078168494251033	0.83629710845474	21
0.036130087751964	0.732242965072785	21
-0.071301329020381	0.235709830152674	21
0.010420783656518	0.449434679486234	21
-0.047577971339164	0.229064968005555	21
-0.00106826399047399	0.291612283459064	21
-0.042150690426647	0.366026261156011	21
0.118589382351932	0.672124690852278	21
0.113111387309875	0.578499860063167	21
0.009893053681438	0.256188586878438	21
-0.004610001644932	0.337169676196879	21
0.093058162350707	0.408146213597764	21
-0.084426020851106	0.314749905637408	21
-0.095510939480338	0.221262985330584	21
-0.074342968235716	0.154682687824833	21
0.022107092815764	0.285934481969257	21
-0.089296066285457	0.156608964429739	21
0.034410957273504	0.410804540934395	21
-0.00420216172127699	0.61728694883768	21
-0.103714440947952	0.27123899821481	21
-0.103312378639731	0.298327045380638	21
0.00249841441688098	0.466159370447537	7
0.0431028854617	0.345896648635649	52
-0.00596555068370799	0.223964552923232	52
0.111858698487145	0.0760513170465834	7
-0.064795606898967	0.318076526249435	3
0.04074544402284	0.437325772536064	3
0.059444654434422	0.642182544222952	3
-0.114959553063253	0.292458159604355	3
0.00567328328811501	0.373345895047558	3
0.090122568569983	0.393596134111407	3
-0.083054099987438	0.210613330335174	162
0.023491481809035	0.287731098551366	3
-0.101651545602795	0.120325340468093	3
-0.029783555823006	0.269382141791989	7
0.021161267290393	0.359303297964822	7
-0.026174090966027	0.233867400471615	7
-0.053437464127999	0.103456755441209	8
-0.100073720063174	0.0995326966588643	7
-0.036117381508954	0.173695629976342	7
-0.116665699681259	0.103476995519755	7
0.06681799954849	0.303036132190932	8
-0.065048764711858	0.249496552310683	8
-0.058855867946709	0.364032903834885	8
-0.036116845401833	0.254835628319728	8
-0.0900547882503	0.155771484985495	8
0.050429215002055	0.255232600543484	8
0.022748881608266	0.20107978831845	15
-0.048866301480821	0.156039149314289	15
-0.048575413581212	0.319346368854783	15
0.071560989739962	0.318727702809757	15
-0.11710944922407	0.175882679004892	15
-0.023357353320387	0.327926156190587	15
-0.053860710857417	0.305237313755029	15
-0.063348236220335	0.30252537728974	15
0.11094818958879	0.553429079460359	9
-0.011147473069662	0.413693273482761	9
-0.045856032159977	0.782223600063179	21
-0.115168734554548	0.419654327076232	21
-0.086275137382459	0.502388307842151	21
-0.079852346063299	0.545354252228426	21
-0.102657219078581	0.438533580061369	21
0.025941105191488	0.591115993860172	21
0.083593053790014	0.923816710645131	21
-0.090650984809989	0.327381001007933	21
-0.102903228208694	0.247160132174449	21
-0.00705716696018999	0.470617694996481	21
-0.048307726282957	0.501612936374926	21
-0.072534821750373	0.335944871473129	21
-0.110953355259712	0.250705422443483	21
0.036882223939866	0.507715416117894	21
0.012109325576878	0.512344804286726	21
-0.00721061283316299	0.37911831234277	21
0.105516442067365	0.491023045101106	21
-0.027043239619489	0.389634465849564	21
0.013414254071382	0.461899546320767	21
-0.058268564189968	0.339387617006371	21
0.075548541433521	0.653747618994411	21
-0.017152348829181	0.426209751784071	21
0.103741505319532	0.775014568569922	21
-0.101181650094815	0.223197090600919	21
0.011752922619151	0.396970974761599	21
0.06079914943784	0.547144098303025	21
0.057162398261337	0.401206045206388	21
-0.076344323881439	0.224260969576878	21
0.018287614387171	0.545912415946483	21
-0.122142388562358	0.189630338960351	7
0.052645821655134	0.79576912279553	7
0.071679440307989	0.619738387055451	52
-0.08628888585707	0.243095523999804	52
0.033570542115773	0.21985197643324	52
-0.121530648983899	0.128331974026371	3
-0.118755163148921	0.17342629225591	3
0.059652249419251	0.544385583747622	3
-0.063649918242789	0.301784382723447	3
-0.047880282257876	0.228686509925846	3
0.052940059292029	0.385787163676316	3
-0.111095677992984	0.143089434690445	3
0.054585684537921	0.388491445808304	162
0.02339261967526	0.287585083042959	3
-0.115390079159312	0.12215209812982	3
-0.007870612556757	0.275698978855754	3
-0.00699061350680399	0.276910797488337	7
0.10870725130202	0.528248347060522	7
-0.00559892143874299	0.224374792587097	7
-0.000109315905787999	0.164841428016307	8
-0.000190928742390989	0.164699469600243	8
-0.030865643156923	0.125692583795998	8
0.041770058693928	0.236986878447654	8
0.012345193737101	0.183454227210358	192
-0.112142775621436	0.211691502404951	8
-0.016935867072361	0.426718261308055	8
0.028216384395214	0.533642613189564	8
0.101310232843506	0.731855012552682	8
-0.066658908210567	0.335666622676093	8
-0.104862854140995	0.185614677787595	8
0.046394304605661	0.358962221242463	8
-0.0000502877123129963	0.164838147154995	15
0.061319942558853	0.286708494287085	15
0.066657024865387	0.302839705383516	15
0.071769581005835	0.318986787108261	15
0.024816999930162	0.289251929318061	15
-0.020518332052117	0.246829679028796	15
0.004431445055741	0.364930379492451	15
-0.089452881841394	0.197880705843039	15
-0.028322802336955	0.314118395605138	15
-0.08927143393568	0.198128645915344	15
-0.095524171529313	0.185996326233721	15
0.024429368783725	0.511711092046916	15
-0.019312822397337	0.340379700194026	15
-0.072209460747559	0.234307964287612	9
0.100351162204415	0.46109721477101	9
0.028918688482176	0.302427714878896	9
-0.100212071211218	0.0994162068562097	15
0.043694554883648	0.346731641155975	15
0.02786535591118	0.300980843068419	15
0.042155236982493	0.344472117669245	15
0.086873057536409	0.378787006569948	15
-0.054060291080508	0.76839991651124	21
-0.103110560816144	0.466943608097452	21
0.084735694095189	1.27865291033685	21
-0.047507222239697	0.683584913153944	21
-0.107218921946124	0.381152492331571	21
-0.106700060977362	0.322631447224186	21
-0.080017143693099	0.365638681008809	21
-0.043289629834937	0.421154992700652	21
0.053384903482737	0.704411470523655	21
-0.087998126590257	0.255641773064248	21
-0.100494114251311	0.210123911975214	21
-0.085571762262249	0.244397224853125	21
-0.044104978167715	0.41537481270317	21
-0.047759334762732	0.402300111861812	21
-0.106524652183802	0.26265899580004	21
0.028620815637206	0.46951523405629	21
0.111753499836899	0.595458569112594	21
-0.011091340535621	0.408807411337748	21
0.009129272659129	0.385842778546017	21
0.097311678084589	0.676264884346922	21
0.00534760571978299	0.478540514411765	21
-0.062488287205325	0.304266677092907	21
-0.046716430142672	0.296894290836735	21
-0.048422192008429	0.372934434954765	21
0.022975091484966	0.362339029090817	21
0.114223306611226	0.580709252483853	21
-0.087875971830053	0.200104221756756	21
0.092592607807134	0.407467896267904	21
-0.012723039951447	0.405374385459699	21
0.02341570108648	0.445506140330045	21
-0.112183014868897	0.21167190253665	21
-0.04825378483831	0.22819424982162	21
-0.110466360981558	0.159729567170116	21
0.025309380909955	0.373369401720791	21
-0.069585837477689	0.213740312579577	21
-0.120422006736614	0.235068145837293	21
-0.052458534148376	0.405531409204342	21
-0.059275279574018	0.405464106758339	21
-0.037783624355589	0.557433401852853	21
0.036117401896876	0.573299640030867	7
-0.107864368882337	0.208900503545852	7
-0.023328985060143	0.368520185728079	7
-0.086701134797939	0.138182601784447	52
0.111731113967025	0.076032888564632	52
-0.054138808579093	0.304616584486051	3
-0.115157805947198	0.228001582002623	3
-0.032383113779398	0.405268462317871	3
-0.076808097174272	0.322896006085251	3
-0.013099043945105	0.262501315503633	3
-0.00056156273607999	0.350167556976783	3
-0.120459054078846	0.144154471157369	3
0.079962935401423	0.349389898708026	3
0.033663291115454	0.31653340450018	3
-0.117433453554302	0.102822553607858	7
0.054432711582685	0.388283569997218	7
-0.090992138323212	0.154807574530486	7
-0.043731107833066	0.202105144618121	7
0.00349690925981	0.241536187905537	7
0.056279616893154	0.271281638678188	8
-0.05748976172982	0.34104220706433	8
-0.063049026807883	0.368468727430484	8
-0.070494942804517	0.343896413914963	8
-0.105628621583064	0.199024388487049	8
-0.04494772827986	0.330539364920501	8
-0.070849738823729	0.212031449912914	8
-0.0475026447606	0.229134772768409	8
-0.085589039667195	0.184570640918564	9
0.040879648637689	0.437565941047534	9
0.00721826170472201	0.376144631262585	9
-0.027480000466423	0.232294673219552	9
-0.013821756202131	0.145997792992884	9
-0.00668653626229901	0.277344289081917	15
-0.035921031805226	0.216517074570235	15
-0.052598175946956	0.187044879857386	15
-0.099785211793196	0.715775438776913	21
-0.052033089029517	0.992697980302679	21
0.111355020354786	1.27808410306044	21
-0.073636028340985	0.313444175865479	21
0.084014523809628	0.556371431679748	21
-0.081692510680396	0.234151107181182	21
0.121491282258196	1.20511036036586	21
-0.014047227247044	0.517151357587678	21
-0.121830008836238	0.221516234266181	21
-0.100845861478255	0.1210494294743	21
-0.052107982349272	0.251933397971504	21
0.066272536426562	0.837992181321778	21
-0.111743170561077	0.186707413082445	21
0.022196739880076	0.200621553047388	21
-0.036117381508954	0.173695629976342	21
-0.00681357419083201	0.37989787212005	21
-0.071060388530895	0.211720187191871	21
-0.113752314213937	0.123882176694594	21
-0.042403886932533	0.395135285222834	21
-0.053754052023206	0.43056299275791	21
-0.064026415419524	0.1373998314715	21
-0.052784912153989	0.103796156702697	21
0.014067125000713	0.523141366092455	21
-0.115497356747999	0.281132343460576	21
-0.08851405642874	0.269986495162122	21
-0.022874241339954	0.408065491414298	7
-0.10180719079623	0.207945668359602	7
0.04429789952568	0.451578833194604	7
0.1113975270033	0.0759646004195066	52
-0.004892212466623	0.336779356618843	3
-0.024681061793397	0.191084228102847	3
-0.109215154285421	0.335456874480626	3
-0.116564426420759	0.314270872279691	3
0.110172995978658	0.541250439982589	3
0.119785785837848	1.09268651455365	3
0.00769975757218999	0.595496116047496	3
-0.116875347337805	0.265797695207414	3
-0.040462585405744	0.279343279434321	162
0.060807600870525	0.763296851946699	162
0.046586051489002	0.359138002811817	3
0.080389732316654	0.349975437981733	3
-0.04396041643191	0.201813908246382	7
-0.051041121455279	0.253547162514162	7
-0.046102288361048	0.265600374022366	7
-0.096925155335443	0.184038438121269	7
-0.000871093647829002	0.164249082465444	7
0.099747953868722	0.460018060998863	8
0.011591485689492	0.680439752831529	7
0.114445366629287	0.621998895169048	8
-0.058181925681939	0.293241670482471	8
-0.093139564141224	0.171351480948724	8
-0.121988718454366	0.127799599566198	8
-0.101449995296056	0.120511556712112	8
0.011778086245984	0.183022787233715	8
-0.081482284988353	0.118168692056449	7
-0.086502983029678	0.138409929641608	15
0.046035217379434	0.358289462831159	15
-0.07791370588549	0.281297901569366	9
-0.077516272059744	0.301911188727247	9
-0.030306519027936	0.377959291682434	15
0.00570639673046303	0.373406339933811	15
0.113714331417124	0.589973745025843	15
-0.078480453382626	0.242830900649528	15
-0.040516255528452	0.243661303295001	15
0.095286506151102	0.421788207067484	9
-0.052529803631446	0.25130574532955	15
-0.00449934127212301	0.225523519354454	15
-0.109037641620117	0.230107674692045	21
-0.081128976140716	0.499291441234722	21
-0.02954351713481	0.864326927286901	21
-0.032764178648823	0.301639981991656	21
-0.041304151417729	0.341965558753664	21
0.020701706363848	0.552458116313412	21
0.02622078057049	0.591907601355939	21
-0.038642816441207	0.412354955871612	21
-0.046404408081056	0.297470861769211	21
-0.084421216964741	0.246443061520494	21
0.00527158203574302	0.426875849775126	21
0.105691277265638	0.50182331585693	21
0.010324219131024	0.256643369968708	21
-0.024551874683706	0.399746129503989	21
0.05082165684718	0.255542224891474	21
-0.081382915126949	0.169461966249584	21
0.014264475687167	0.46378680119373	21
-0.061746701202378	0.258768748487787	21
0.03863856656754	0.426009152060724	21
0.119498761225059	0.694171231270807	21
-0.084848006275979	0.18552208882933	21
0.020742841870418	0.558642056655415	21
-0.056062018063229	0.213174880329204	21
-0.101128186722907	0.120794171362682	21
-0.068197567463013	0.427713776278772	21
-0.051366679990846	0.385784253131747	21
-0.043487088618069	0.306994016416719	7
0.029190804645612	0.470764466064549	7
0.111525050252763	0.075983014787952	52
-0.123772081645253	0.0788529538573963	3
0.016077180583677	0.411617460763714	3
0.075490075889238	0.503484312994534	3
0.039836403724374	0.769151427253393	3
-0.053249921335545	0.523855381494616	3
-0.087057360427659	0.352398292967958	3
-0.088076442828568	0.220523485806407	162
-0.066082216023337	0.315406942385936	162
-0.017532255419699	0.298875353680071	162
-0.015740042567116	0.206693577673858	3
-0.053715167783896	0.103290619278252	3
-0.120459054078846	0.144154471157369	3
-0.052911831760455	0.186710508116131	3
0.038138354304218	0.330655160418018	7
0.022900771699219	0.201252044532928	7
-0.013306152444951	0.14635874538675	7
-0.014079592233352	0.145805614242198	7
0.00205282247639998	0.302483240730881	7
-0.063648789645825	0.199021404984555	7
-0.062954718032093	0.170969540007385	7
0.075188848225976	0.502794131453422	7
0.051631576985192	0.375336038078056	7
0.106663890884038	0.503589760962997	7
-0.119793458840578	0.0556306744898664	7
0.041958316997655	0.237164213009988	192
0.099747376751233	0.953921546376303	7
0.010363695687376	0.25669203400632	8
-0.116752576277723	0.103404873939623	8
0.00061180768163599	0.165337932896455	15
-0.000109315905787999	0.164841428016307	15
-0.025766323664415	0.189964029889853	15
0.049909187414331	0.254715129028652	15
0.111730762712895	0.575499056858288	15
0.080132815674883	0.349656692406254	15
0.077368917027814	0.674684274936441	9
0.00996575093000002	0.3873828193064	15
0.085662557459934	0.377102794312588	15
-0.029853495122011	0.126321959628399	15
0.071986091312558	0.319223226198413	15
-0.012923893187935	0.146598923059047	15
-0.014108859354374	0.810650525453938	21
0.06481423418492	1.29126085887771	21
-0.050650328468263	0.626390842252706	21
0.031616129195238	0.398586186527952	21
-0.024646094404795	0.504954697863596	21
0.021311554556951	0.560212133608119	21
-0.043456970596621	0.420866728949328	21
-0.063312858950913	0.280023911298389	21
0.035364919385415	0.497673437263568	21
-0.087022821566367	0.222222182749115	21
0.049664457667053	0.254506337134849	21
-0.073975989610391	0.155036966434753	21
0.020487383753439	0.43304388290959	21
0.003052177610881	0.362504305031953	21
0.043609551135987	0.346555516474958	21
0.00946689652881799	0.255643472977341	21
-0.014169348505606	0.309801638609327	21
0.122662480068737	0.732039796740428	21
-0.026746641092114	0.316854938874725	21
-0.019760877615296	0.380637159051828	21
-0.106789727614121	0.210799388764229	21
-0.041220798964848	0.311151783427795	21
0.029100904256059	0.606364959336739	21
0.045064875278645	0.547392870872395	21
0.027533752885472	0.300535090222353	21
-0.015496221706854	0.206938376957382	21
-0.049409761997817	0.155546840435029	21
-0.035394189343431	0.174355722878504	21
-0.112140156071154	0.341583692067547	21
0.114961851423882	0.985127000053284	21
-0.096668213819874	0.29209614843796	21
-0.020440131234449	0.41378311108613	7
0.11193457992484	0.575887852410244	7
0.063575750664523	0.289123579788623	52
0.111525050252763	0.075983014787952	52
-0.083787156901918	0.079304190723737	52
0.091973886823828	0.636405681027695	3
-0.009602060780358	0.706817726636547	3
-0.112414691448965	0.322460272422614	3
-0.104190685434006	0.186568441251147	3
-0.111619447113608	0.29304950701795	3
-0.065543369036956	0.444333845996653	3
-0.060393313155554	0.402406501939558	3
0.096778833426786	0.434461829041524	162
0.017887946165145	0.347133698380353	162
0.00378712506811102	0.46900592897088	162
-0.123191948281308	0.0792430882595019	3
-0.123632361615941	0.0789454696590388	3
-0.052598175946956	0.187044879857386	7
-0.07377752798032	0.155203248905597	7
-0.084029652610018	0.0791823014085662	7
-0.101489005392053	0.120432328275621	7
0.024919726195594	0.372681329177311	7
-0.054034959021789	0.185410532519242	7
-0.120309025478005	0.0554121511236294	7
-0.116010812624702	0.2487185967302	7
-0.113464695137798	0.265428319157445	8
0.055917348597665	0.270889660273394	8
-0.083741015505869	0.0793365080292949	15
0.00307155915857199	0.241047880389736	15
-0.007278477525795	0.276536162121292	15
-0.096384336777086	0.248828784020084	15
-0.012003651889515	0.448297391483877	15
0.046242710044742	0.358731675783209	15
-0.082029902440384	0.212076407567857	15
-0.083013503217428	0.0796847627732679	15
-0.052845368101677	0.103785078945911	15
-0.013172991658043	0.146438288652276	15
-0.081690956226623	0.118037477268078	15
0.000295154256195973	1.1444710537856	21
-0.101652427944238	0.340963290503602	21
-0.013210887283569	0.445349609621499	21
-0.025631382907422	0.568107838019768	21
0.026874994101553	0.734318062261617	21
0.109904452780494	0.876820437227704	21
0.082015797816694	0.704506765647178	21
0.112278306115141	0.894424942025339	21
-0.042775268042701	0.394041703254721	21
-0.122845902733685	0.188413580620559	21
-0.056477665769148	0.323648963201402	21
0.050435349330229	0.373506636865521	21
-0.073351337480694	0.15563225458098	21
-0.042232845933069	0.241286328782526	21
0.061723552859615	0.287213506630545	21
0.041958316997655	0.237164213009988	21
-0.081094938446902	0.169733382290225	21
-0.109705835886899	0.160677328294629	21
-0.077037509254512	0.223207303853196	21
-0.080055671020421	0.276990705124452	21
-0.117402311864058	0.175455372976982	21
-0.057911615881782	0.388116765627838	21
0.062489136730314	0.288072104064788	21
0.038338854186427	0.33096895050837	21
0.022705428175462	0.201084978892791	21
0.05616407516362	0.271148397841454	21
-0.080282959201463	0.119101137101352	21
-0.047591408848465	0.15708095825316	21
0.032670919189837	0.21902068288096	21
-0.028650480666804	0.230777327695031	21
0.03337781075931	0.710917506286694	21
-0.112184359823366	0.270392969328997	21
-0.0858538701116	0.311401748575078	21
-0.05268825189466	0.103871798085957	52
0.033231712372447	0.219544931153254	3
0.116679655351401	1.07969030862749	3
-0.065081979176882	0.405936148613547	3
0.00782263205366102	0.383288259924414	3
0.055691946419795	0.8396134730755	3
0.024971641062788	0.716505649007747	3
-0.077216745354029	0.245014159970677	3
-0.012488931259535	0.263253708033669	162
0.02910880228145	0.387034370940401	162
-0.07721828077779	0.199384422870623	162
-0.049199259791901	0.155742421445354	3
0.04189307055865	0.237083363672322	3
-0.041559053938496	0.242206126438296	3
-0.082052098183692	0.168606003569633	3
0.027923625474713	0.301024805428036	3
-0.048026743233406	0.228491131119892	7
0.023070302796222	0.201396799012611	7
0.023063081457775	0.28719485401443	7
-0.054794489105441	0.214818131105941	7
-0.06288710840724	0.199993781400525	7
-0.121311457638722	0.128568936209829	7
0.065008433830381	0.440276463110345	7
0.10027468360474	0.460987858841446	7
-0.053497756973181	0.103424070088793	7
-0.120051049717625	0.0555267392668019	7
-0.119260246299507	0.0558489640110716	7
-0.117852783670765	0.263454180657386	8
-0.086216010935862	0.359620431070889	8
-0.040271230534892	0.432954579899478	7
-0.111365728807522	0.142812822992694	7
-0.089312568842115	0.198081581653551	7
0.023083274622229	0.201394637722052	7
0.016942113102803	0.272043942091236	15
0.030568241617307	0.552111468816514	9
-0.085143611500473	0.245148932777951	15
-0.071639261633415	0.258043628234733	15
-0.106494523647104	0.211344057408591	9
-0.063671931092447	0.137691157598634	15
-0.083111646782144	0.0796421959823403	15
-0.000490211746307007	0.164553753833306	15
0.088002388606846	0.380382990369702	15
0.106046356090454	0.502430585484879	15
-0.054908778957027	0.512134348006914	21
-0.053672438644205	0.798478327910486	21
-0.094005396323022	0.520076243076888	21
0.039958515609556	0.863280036137782	21
-0.075165139262688	0.401521652746465	21
0.050397474733783	0.775309520962467	21
-0.10592256013958	0.212324497552045	21
-0.086064367327666	0.325253304284378	21
-0.032461025789445	0.302107815037012	21
-0.111315199245949	0.142846791839683	21
-0.094110438272943	0.170135843905233	21
-0.019131539712664	0.24859393194057	21
0.078866974995796	0.519136207768825	21
0.05081689902791	0.494542141161162	21
-0.046952380450975	0.326456169524991	21
-0.067656472262122	0.26861168905026	21
-0.104390029129349	0.170720122733256	21
-0.029264450105614	0.270137815676261	21
-0.063962175643031	0.137419499445993	21
0.105464109330831	0.501394234555903	21
-0.105187581636029	0.302920433218812	21
-0.11190200036465	0.248640580512133	21
-0.102215766493922	0.119795095790887	7
0.016622043295238	0.480747087476974	52
-0.10107542921985	0.279521638903805	3
-0.109762251479171	0.216029638187874	3
0.115982088892809	0.989230267118783	3
-0.10104738908667	0.27716070332242	3
0.043022392943229	0.449122954892194	162
0.00384759639700299	0.305267458446006	162
0.102585988797202	0.475359259286035	3
0.010273068050182	0.256622146663429	7
-0.04059232842588	0.24357185171798	7
-0.047759991248472	0.263100893640551	7
-0.118838542586647	0.160139037299977	7
-0.08398355741957	0.0792091325875855	7
-0.12277242132994	0.0795213094723885	7
-0.081012391471785	0.169893320246771	8
-0.040979264701132	0.514546163338585	8
0.016031210334074	0.658579055526892	8
-0.004752586864498	0.389490035236704	8
-0.076763673340437	0.223561647074241	8
-0.020147721082199	0.247316333819612	8
-0.007430466973294	0.276316410947749	7
-0.052470765558409	0.103976928781629	15
0.024126279210987	0.202169058103785	15
-0.101431323170088	0.139905870886916	15
0.076469869935251	0.334771616194369	15
0.104395772059358	0.489083336477156	15
0.097113016371766	0.693159771141484	15
0.096420973506819	0.433768129556138	15
-0.083109207764876	0.267982425475491	9
0.00260345741864199	0.240548797618644	15
-0.100119823450488	0.0995036934194386	9
-0.053002455283053	0.103691001666309	9
0.029133041752175	0.302699290330658	15
-0.027441799689275	0.232359238268364	15
-0.124984826910214	0.439787196885324	21
-0.109075866465754	0.477098521510372	21
-0.080472893568384	0.594174417486708	21
-0.048000405074898	0.860445821239211	21
-0.063015952918373	0.430766550530313	21
-0.092185386743729	0.365509164760749	21
-0.013270810146334	0.613204698663058	21
-0.089606308999457	0.37311716917308	21
-0.028429908293175	0.518911114252746	21
-0.031219273625567	0.509594488997999	21
-0.08702738735043	0.370433053621186	21
0.061174290934834	0.654566223618721	21
0.103882265503524	0.775319850995431	21
-0.079824254762976	0.293897021281609	21
0.047491530787389	0.472854385705899	21
-0.071362399023578	0.258537686895667	21
-0.076943409856468	0.22335141980094	21
-0.023323901005143	0.328019721253915	21
-0.023892655008571	0.327004809918529	21
0.048974365655172	0.571070587096703	21
-0.000838698998435	0.349671077895889	21
0.058133186825616	0.402791747448043	21
-0.086115020571036	0.183889013545977	21
0.00190648280722799	0.360481951674997	21
-0.095760133337113	0.266857573690649	21
0.110411576067394	0.887661902456516	21
-0.111124759264459	0.213601984206653	21
0.068850705974669	0.455908042791336	21
0.110991755606259	0.553446412795786	21
0.092807904770677	0.407772622440469	21
-0.010467785286878	0.321574199627848	21
0.091265413689271	0.405376594121104	21
-0.119346880374155	0.2175197273046	7
-0.100252205674227	0.224819551036657	7
0.113820206016825	0.579960590237583	7
-0.053183324304656	0.103590170953903	7
-0.030767388037748	0.125735451301979	52
-0.100640235593431	0.0991461450879672	7
0.022112046310435	0.499983745572778	3
-0.097314754222801	0.247037426807919	3
-0.044796996137971	0.360233456758728	3
0.00421640259782102	0.470081172559575	3
-0.093173801999052	0.272425654009085	3
0.079199256070246	0.528556581633598	162
0.114080174929619	0.590752102646301	162
-0.102377507247653	0.156616776719862	3
-0.106216502072357	0.198092039679067	3
-0.041567499311321	0.242234182731589	3
-0.045954722689459	0.265966880357987	3
-0.090523456863375	0.15530798741903	7
-0.036019566523029	0.216403132046921	7
-0.101002543042587	0.0988862951959656	7
-0.030578690270503	0.125883709534914	7
-0.120309025478005	0.0554121511236294	7
-0.12182773115654	0.190164448175304	7
0.076142995910522	0.806424730764587	8
-0.106382977150241	0.288694855939945	8
0.080361519442598	0.539726312044485	8
-0.12097942246876	0.191643326336943	8
0.00265391932131098	0.240596354391727	7
0.011210963308023	0.182548741178366	15
-0.071724875339102	0.184871655374147	15
-0.111653561210995	0.142471456248425	15
-0.03527833233345	0.217314156309959	15
-0.124517827829935	0.14983636308128	9
-0.080538398857297	0.292406187331046	15
-0.062359317920994	0.326866563875729	15
-0.061497861212536	0.518023089268631	21
-0.075455844078676	0.464094329978965	21
-0.028495511689613	0.766977121291202	21
0.025935041624745	1.16380338234468	21
-0.035040765968686	0.727475711839086	21
-0.00569140092107201	0.565279004743147	21
-0.098613775283643	0.312527623149521	21
0.086676433100064	0.943962032004402	21
-0.09534071572415	0.32316635245166	21
-0.054421324980303	0.425400712752709	21
-0.00293206104938401	0.486188473051432	21
-0.027484348500215	0.315610267393558	21
0.065877973855935	0.441867964683626	21
-0.060665592841021	0.284824746714934	21
0.10565562549728	0.501538714082372	21
-0.046094631828935	0.265745286890783	21
-0.11135653680068	0.158573670969999	21
0.075979654396776	0.495670664172785	21
-0.00712648935150201	0.276749469608823	21
-0.095484653997257	0.186045713886181	21
-0.018471772580034	0.383330099015534	21
-0.072657736435849	0.256268255314436	21
-0.058983087092182	0.3378371463472	21
-0.06622638541176	0.336634552702805	21
-0.12167762227546	0.232352925522595	21
-0.020733777665659	0.246540610820578	21
0.109534733167563	0.540226472113926	21
0.090901719717018	0.394669344095776	21
-0.058177146723396	0.293270393266495	21
-0.05663986085108	0.212409783109019	21
0.028801947905236	0.30225433064273	21
-0.102224017181064	0.261820782337355	21
-0.00945299394600799	0.626990673943488	21
-0.067195488662519	0.374890557024027	21
0.106772396364128	0.802879464328029	7
-0.091926385380326	0.245424504160426	7
0.00613865369571698	0.48027610963705	7
-0.07113473747352	0.301482094664775	7
-0.029951756825937	0.126267046592483	52
0.079086255736718	0.679705677423818	3
0.037358157754896	0.668226225939587	3
-0.123423943598705	0.236766231957144	162
-0.094801083277088	0.206710837473047	162
-0.026465747631623	0.357497058611755	162
-0.123475419011169	0.163918296185968	162
0.06633124488296	0.442693034333243	162
0.033727028913391	0.219963291363813	3
-0.014568346597291	0.207950509747093	3
0.104930912084237	0.489985656329746	3
-0.043318477861585	0.202570357165336	3
0.023606603674244	0.287833556498126	7
0.00916428253458501	0.319841752065876	3
-0.026700573328489	0.233262704853879	7
-0.063164274308786	0.170739839904118	7
-0.02036311772307	0.247032510316935	7
-0.050048964882513	0.225692148807601	7
-0.064122434689257	0.198368916836449	103
-0.030820400347208	0.125723099982411	7
-0.073252504615246	0.155704546611983	7
0.012186697938186	0.183340850708768	7
-0.023957497995638	0.19176777898426	7
-0.014489753481333	0.208068944034902	7
0.055846620601711	0.719146486931731	7
0.110596116707127	0.914833065307155	7
-0.090555916196489	0.324932156233687	8
0.051987789735682	0.793754453927288	8
0.039374647186576	0.520220058052056	8
0.051479853880378	0.37510497308713	8
0.042578665732629	0.345099084591174	15
0.09509764742822	0.670362218344231	15
0.045009059101515	0.547276718976736	15
-0.079712354283992	0.277661677330456	15
-0.016017520919774	0.35162559602899	9
0.080176372892519	0.349687543323028	15
0.00320443669744702	1.2001775421536	21
-0.027045686965017	0.799316027504347	21
-0.097444965056421	0.42026417869474	21
-0.064180476934004	0.365599098710695	21
-0.094393203200107	0.283930924768919	21
-0.112823543081753	0.279593506425197	21
0.081528271051698	0.711056970487754	21
-0.046555823553465	0.381170855615596	21
0.00281736818058498	0.511656547562655	21
-0.014307458688928	0.561987134627683	21
-0.038753805503138	0.499306600881493	21
0.00935314596724102	0.610884470434632	21
-0.107261459806807	0.286498921337462	21
0.115224163415726	0.623825764577304	21
0.068311320379701	0.463279299915972	21
0.101174012240381	0.462507698211343	21
0.092651026821515	0.407391879575635	21
-0.09506296778577	0.222006373806873	21
-0.106442379966553	0.183242908751264	21
-0.030209535830451	0.305928958851041	21
-0.107030945214627	0.223508090255533	21
0.086457932656337	0.759345099231817	21
0.067520061512481	0.703220165155304	21
0.00281951279305198	0.240736212896902	21
-0.05406687892341	0.215678564858753	21
0.111148403708264	0.564096176924285	21
-0.013924728383727	0.208638044510019	21
0.016158978767718	0.271033826335256	21
-0.072383116380146	0.18406381225763	21
0.054585684537921	0.388491445808304	21
-0.112435047200905	0.312853769608587	21
0.020780582980676	0.433661371098433	7
-0.10623693471447	0.224979156296758	7
-0.053860710857417	0.305237313755029	7
-0.00837951482537	0.274949341789889	7
0.04174825810956	0.236969650883708	52
0.07146038000828	0.318582778772817	3
0.110864004316854	0.906799067251029	3
0.042721356125969	0.704509081152817	3
-0.070474539373507	0.363415104856735	3
0.010407396841389	0.559653765527917	162
-0.104071190486432	0.270426372125666	3
-0.064780912757788	0.42562276563875	3
0.00904587818566299	0.604769138865554	3
-0.057240296549536	0.294975179611174	162
-0.043123723863334	0.307680545589826	162
0.038650337516276	0.593479668242954	162
-0.091733278106417	0.15397426603462	162
0.077103803907373	0.335630274960882	3
0.038624677936297	0.331340970063599	3
0.029601562214866	0.303276639265852	3
-0.063259145413706	0.199537609259476	3
-0.014894166056445	0.207635792117153	7
-0.063650623856389	0.137709542521141	7
-0.00683857426133999	0.277130772766689	7
-0.05268825189466	0.103871798085957	7
-0.052808713108957	0.103787265849576	103
-0.030336969286129	0.126037205246425	7
-0.013039854747931	0.146508243761446	7
-0.080738448684954	0.170194767783208	7
-0.062966920991058	0.280645138734797	7
-0.00295506283965499	0.583058513685305	8
-0.029607129813397	0.550768536363713	8
-0.077307836062313	0.321727859827067	8
-0.102259437417646	0.173542391079337	8
-0.063462752133808	0.137856806418561	8
-0.00529176402332299	0.22471052355632	8
0.115859202172516	0.615157936501295	7
0.049419510205202	0.25424945133072	7
-0.000349775322776996	0.16465867970391	15
0.083911311295977	0.364738121651424	15
0.048538075350974	0.576794691752987	15
0.01247638430422	0.459670676436884	15
-0.113309748927731	0.197241473500207	15
-0.00863963383292099	0.466285776153889	15
0.09255112658766	0.637833609235492	15
0.083384372087608	0.36402073142337	9
-0.013572545494622	0.146174028390621	9
-0.013830267924659	0.145997444516298	15
-0.081250454078659	0.169571202273272	15
0.00270432121499797	0.240629105227625	15
-0.036117381508954	0.173695629976342	15
-0.07918121639396	0.608272699921771	21
0.028931624657285	0.535440714556277	21
0.02256688832581	0.569408162246679	21
0.054479651252247	0.606784693023909	21
-0.112410812251888	0.258904348790211	21
0.064327067128155	0.803451713728236	21
0.070186491080083	0.734250505700429	21
0.027095435179036	0.459823881126458	21
0.056318487574113	0.626150743961343	21
0.105819123275091	0.501991273204356	21
-0.034856615746068	0.256790670787201	21
-0.072230357991828	0.184240228379617	21
0.001817629805279	0.239611362597663	21
0.067020936252263	0.303291515590849	21
-0.086986273342732	0.137962116790266	21
-0.074818572945553	0.154212823072198	21
0.06456754178524	0.57097792051479	21
0.00133356610039898	0.359387966043229	21
-0.072383116380146	0.18406381225763	21
-0.113595567637063	0.124038946280467	21
0.067307336309701	0.303595947811859	21
0.107428332195585	1.19584341259801	21
-0.072462792975589	0.373976116500221	21
-0.00593802220682499	0.520038546222607	21
-0.00755804562936799	0.469336088256936	7
-0.081407425650149	0.342297045713515	7
-0.086145471429485	0.293112339538811	7
0.011778086245984	0.183022787233715	52
-0.119793458840578	0.0556306744898664	52
-0.00363156117333699	0.484411670792459	3
-0.047529057414461	0.263475197385691	3
-0.058195486161786	0.316508981462675	162
0.007500659222753	0.710198286624228	162
0.1225925662286	0.731908865657717	162
-0.064981066445299	0.224347595189201	162
-0.091090372921444	0.15468948224219	3
-0.113325525749475	0.124312591007218	7
-0.090992138323212	0.154807574530486	3
0.097151000818978	0.435061942592724	3
0.082939438788605	0.363269686120198	3
-0.027635890058582	0.232082678951401	3
-0.013954872776446	0.145909786830306	3
0.033218535534227	0.219545897965693	3
-0.048489447505988	0.156364829467298	7
-0.103373989996156	0.172084156816779	7
0.099568051055787	0.449410750693635	103
0.083697369255527	0.364452996786838	103
-0.101206768781577	0.0987381865500341	7
0.049823593652835	0.254671711103961	7
-0.029664781953998	0.126406081943179	7
-0.100073720063174	0.0995326966588643	7
0.033049106284765	0.21938764291333	8
-0.027570283589732	0.585168050583163	8
-0.011688720391155	0.365147877231039	8
0.021405976821187	0.359798144706547	8
0.00265391932131098	0.240596354391727	8
0.050386565384083	0.255211769245568	8
0.043255116388471	0.346125343851138	7
0.00349690925981	0.241536187905537	15
-0.11759272603342	0.102679067372903	15
0.049737895331622	0.25455071853123	15
-0.035756084557931	0.255500197804933	15
-0.096039450719513	0.235101399273774	15
-0.121651084648891	0.190456711246816	15
-0.058918277983262	0.337949251495413	15
-0.033263245117959	0.335005118892801	15
-0.054080038647511	0.30480851751991	15
0.067985790208625	0.602325857530506	9
-0.101289108933692	0.120654855002621	15
0.083269252225816	0.363852988018118	15
0.00281240579318198	0.240785044867852	15
-0.108716667057751	0.532476020063235	21
-0.104054686489621	0.51294897864002	21
-0.000561680497402989	0.987628074539031	21
0.00335785991023202	0.468196088338178	21
-0.107424961023934	0.209726691248922	21
-0.018299313485538	0.423337007839493	21
-0.030436230230312	0.4415302248116	21
-0.072814681790594	0.255984279626289	21
-0.119667878116531	0.205472374378092	21
-0.068146705511922	0.372452880842568	21
-0.071897970390572	0.184640007706826	21
-0.027033427640576	0.232798286051856	21
0.034596569601855	0.317823186234385	21
0.11620151840032	0.636263910088246	21
-0.102114666286904	0.139143747781468	21
-0.111061500946662	0.143149619100526	21
0.058293427576153	0.402968548308262	21
-0.083408738727739	0.231239467352811	21
0.04926036434596	0.254084164339092	21
0.110776850996454	0.542377483920763	21
-0.000619191525793011	0.292236023005154	21
-0.080270036374091	0.119106598882361	21
-0.081521390427383	0.118173182624025	21
0.023433794629749	0.287656264110307	21
-0.028295616459455	0.419576743513847	21
-0.098938665155461	0.257782097987814	7
-0.014666554946126	0.436913114860682	7
-0.04195243073658	0.340654724275803	52
-0.048511357668049	0.156344012957907	52
0.00292794886491998	0.46717128159127	3
-0.044118060898726	0.497581414402611	162
-0.123264922409809	0.267252668139286	162
0.00707888148909802	0.598491751466882	162
-0.076316177563876	0.412106110109668	162
-0.00698040855236601	0.428184875317059	162
-0.035351196557436	0.174385633101069	7
-0.085149421794378	0.185116933505108	7
0.11113144015047	0.553756532899624	7
-0.063546513174787	0.199168775749972	3
-0.063419955767464	0.137848630073566	3
0.050503114396327	0.255305873378838	7
-0.070563368328243	0.186200132296685	7
-0.11646301754947	0.103642339951344	7
-0.093737221261814	0.170609565501863	103
-0.063817151363825	0.137569900631863	7
-0.06296783805934	0.389066931067183	8
-0.058037529712082	0.293521952467053	8
-0.078257912046102	0.197998955642796	8
-0.119776198492801	0.0556180133216022	7
-0.01408801321424	0.145813280534647	15
-0.054878236171308	0.214696247304682	15
-0.117822773977056	0.187336682210293	15
-0.020652422550211	0.41318607399615	15
-0.124170613546695	0.174871778725673	15
-0.083498492456905	0.0794584624384524	9
-0.120142834743282	0.0554834424697296	9
-0.12277242132994	0.0795213094723885	15
-0.035075583298711	0.174624004846295	15
-0.000628741960567003	0.554733119894225	21
-0.029186509528678	1.04472695900963	21
0.022905372347749	1.27473485955421	21
-0.109265606040014	0.362738468744749	21
0.051907766397736	0.906615937432666	21
-0.022886244724377	0.514331258230473	21
-0.0777079411824	0.357289611512955	21
-0.124412875708007	0.253575865537765	21
0.062743568143269	0.783889254213244	21
-0.058080359065143	0.387663352184865	21
0.10870725130202	0.528248347060522	21
0.103094870135234	0.48649895760673	21
0.102502889244906	0.475308030138558	21
-0.034022902533471	0.365614012193904	21
-0.096089141462642	0.185211833784128	21
-0.10479570063459	0.185696296432264	21
-0.032159095138777	0.302691038185827	21
0.115155822525098	0.613621587667843	21
-0.062344438528188	0.228016048290954	21
-0.103339738830713	0.172145146725604	21
-0.105048909776551	0.227145031330909	21
-0.036539742357071	0.324221584654514	21
0.012759677926591	0.513904252504068	21
-0.070260369903302	0.344433901459863	21
0.029208847337989	0.600417808617965	21
0.086740456692988	0.743387933397084	21
0.042291096205331	0.34469121988502	21
0.014101312922227	0.334246429134004	21
0.032958867221299	0.703637000616811	7
0.012772639086123	0.627136413578006	7
0.106980412119696	0.803604136953923	7
0.010490233268231	0.449578971300953	7
0.042815384789848	0.345486934763146	7
0.090063735368892	0.393544100178773	7
-0.062694564169057	0.171269529745063	52
0.013491604854862	0.521554720511865	3
-0.017691356349031	0.615384887128229	162
0.021589671174154	0.693669449692717	162
-0.041739968293931	0.341094912385738	162
-0.086559480003468	0.183284858531021	162
-0.014024567853958	0.355246271279036	3
0.039007544593946	0.519282384003685	3
-0.100483783629078	0.12136490360533	162
-0.043788308388114	0.202048063492904	3
-0.025706788350162	0.318645189592432	7
-0.093061361634339	0.209494186736178	7
-0.023730840512854	0.283803290414348	7
-0.034652452631181	0.218015524564464	3
-0.027227032304276	0.232628870669184	3
-0.109962784555135	0.144379519358272	3
-0.080797543482425	0.170137716845272	3
-0.091206492253609	0.154568959100221	7
0.025164604289681	0.373108109660671	7
-0.023290478581469	0.327934353201006	7
0.06685996440381	0.303095021298204	7
-0.053594579175275	0.103353717273248	7
-0.000321757443589005	0.653336253019641	8
-0.073420442997084	0.460896509849926	8
-0.112752044214035	0.21062187693189	8
-0.056886885182302	0.295651576361035	8
-0.112116915229667	0.21179656575324	8
-0.062081553484526	0.258205234764657	8
0.042436072243748	0.237605237196399	7
-0.120584054562245	0.0552773639675743	7
0.038099912875332	0.330545563345766	15
0.023056464492868	0.362464508531193	15
0.033358775725493	0.559632026453814	15
0.092692737634473	0.81231297850848	15
-0.119058306273256	0.218078652685425	9
-0.041562752180358	0.429537853953877	9
-0.00899070139133201	0.460694659947099	9
-0.031151037320433	0.304389723603212	15
-0.000390298689997987	0.164622350280018	9
0.033401110113071	0.219703187147731	9
-0.08132597331382	0.118322624603874	15
0.092807904770677	0.407772622440469	15
0.054509247920709	0.388395979851501	15
0.061353849863006	1.0027292275763	21
-0.081928132597993	0.639342920162186	21
-0.062311617925009	0.694870001962911	21
-0.023214515428659	0.668199819291673	21
-0.010574866576252	0.451703507349277	21
0.073388445496028	0.921267495942197	21
-0.043625365306677	0.502559832569756	21
-0.110126580116454	0.35114493850996	21
0.00597395878766799	0.69058198105638	21
-0.070930588104004	0.342832570866795	21
0.08673024652012	0.751796556118627	21
-0.047371344026982	0.430003353590826	21
-0.071586992705526	0.258154327529613	21
-0.062688138807968	0.30387012618804	21
0.074965211175714	0.493781441887102	21
-0.112316062333831	0.125294134315187	21
-0.013853671505792	0.360829535052868	21
-0.00860839242294201	0.370635349488206	21
0.099018317727301	0.959131498904055	21
0.096983818008945	0.434757328961832	21
-0.120036554033001	0.171409460607083	21
-0.054052374829476	0.356139800298554	21
-0.097960513978072	0.245719894911568	21
0.08163262583791	0.542478742535419	21
0.11371629161254	0.610251776304213	21
-0.040596381063216	0.24355010526452	21
-0.035357010215144	0.330968723348197	21
0.086855175371729	0.597766443715148	21
-0.070703922747427	0.212231592804944	21
0.048949531044096	0.57088748020249	21
-0.036479046160922	0.173347278326435	21
0.078396412979038	0.518192648060376	7
-0.074501532142465	0.154530763723472	7
-0.072743810037802	0.256097285773036	3
0.051252349811851	0.495560037021713	3
-0.103698422930493	0.295278433930111	3
0.043562492127817	0.895633702147734	3
-0.105820065454038	0.325096105614146	162
0.061155498645091	0.416429150582102	3
-0.070965493224391	0.259173536898713	3
0.049664457667053	0.254506337134849	7
-0.090094817511716	0.155775604792906	7
0.004448844954973	0.306092916104585	3
0.065134842630389	0.440515351256895	3
-0.00278777611140901	0.289086738991555	3
0.010587537346536	0.257012341966095	3
0.042479421604029	0.237660784128121	3
0.07616508678237	0.504868055860412	7
0.072439561049078	0.480126857736355	7
-0.03530823050814	0.174402192540506	103
0.041144355726311	0.531003649446689	8
-0.015757894631001	0.552925569312142	8
0.051455784132652	0.892816286125854	8
-0.112369993144878	0.291096478352505	8
-0.105206095208658	0.213536234372183	8
0.08233318123089	0.543884409349095	8
0.071510714953226	0.318665322321624	8
-0.034402077574687	0.257334273691765	8
-0.014246608579783	0.208308610784895	8
-0.04388768074939	0.201914208259101	8
0.071978087946949	0.31923610972581	15
0.033735816919669	0.3166297492175	15
0.116013839103056	0.605135997923877	15
0.099340606564005	0.449002198899861	9
-0.122872713494582	0.079446760937946	9
0.00276197030430497	0.240729951420088	15
-0.116506378813784	0.103612918651465	15
0.048943913921079	0.947790334560784	21
-0.082425318828577	0.40424418651838	21
-0.00805827984692001	0.775238185977945	21
-0.068106309363644	0.670906742123679	21
-0.094410160355755	0.533072677404357	21
0.061710316626392	0.780307945402298	21
-0.048441352609223	0.427078364359264	21
-0.00319432713943699	0.582425649643474	21
-0.069454419774577	0.426806445395112	21
0.118749170372614	1.08008050681767	21
-0.066161045168578	0.396743802089912	21
-0.095069144253279	0.338539756426194	21
-0.000723681982232993	0.689492670862804	21
0.118786923151342	0.692293676149229	21
-0.048473491461137	0.227846709758817	21
-0.00107764309463501	0.402446066713736	21
-0.041266266451799	0.242664267318631	21
0.10398874017945	0.477668108377718	21
0.021606681276769	0.560980577149115	21
0.04848346219613	0.474955972168963	21
0.020902262032524	0.433973385711807	21
-0.060620785719634	0.334168219209032	21
0.042173126520617	0.616654761972189	21
-0.000318797599943993	0.503413189201669	21
0.048206077940005	0.748426283030737	21
-0.077128978370051	0.223074366024687	21
-0.063720034787072	0.226160149333608	21
0.034692523359151	0.317900451203167	21
-0.071514062287562	0.211088987400937	21
-0.05371618896763	0.305509791307565	21
-0.012653690473291	0.747829636175074	21
-0.056892426708906	0.483884410899461	21
0.045161016801581	0.731575320743438	21
-0.028312235521186	0.386787875039924	7
-0.106604176510484	0.322898247702873	3
-0.035145451296569	0.48690165054931	3
-0.090720902832209	0.247653605261851	3
-0.056960521849128	0.240260221893181	3
-0.123781352420327	0.225887901103792	3
-0.018393366115401	0.579172399947263	3
0.102083135716401	1.02044488502186	162
-0.046959785172559	0.460311884167141	162
0.100014980785611	0.450108994802182	3
-0.019778981711782	0.295345784591748	3
-0.109523807370768	0.144848567796527	3
0.049780757658983	0.254620750392089	3
-0.04154955860269	0.310538775469545	3
-0.059205118744121	0.236905636190144	7
0.108952405348638	0.528521442215591	3
-0.000322982425356999	0.292545209556403	3
-0.006540578433995	0.223286313519743	3
0.028762538271335	0.302219494838116	3
0.100494879745859	0.461375508137432	7
0.019163983616504	0.424121426617457	7
0.105236922250424	0.500955349940097	7
0.046394304605661	0.358962221242463	103
-0.00673873558986901	0.277232623164794	103
-0.071220209111865	0.185464145159053	103
0.066985586285691	0.30314667675033	7
0.012345193737101	0.183454227210358	7
-0.034693718366387	0.218004453957037	8
0.023048113553669	0.698886910986564	8
0.013873721183349	0.630618072789542	8
-0.06107676667817	0.259902880064931	8
-0.047735957512925	0.156940588136315	8
-0.117916780381713	0.161435720927838	8
-0.120400617847959	0.055374544630505	7
0.023070302796222	0.201396799012611	15
0.097623742136222	0.446036236197149	15
0.050887454897348	0.374102665930288	15
0.058448115318852	0.534138388915281	15
-0.0818497261844	0.168885215990581	15
0.090146155181946	0.80432620054768	15
-0.085496913345363	0.244543921371537	15
0.03608172630402	0.499272049044961	15
0.00484621305599198	0.477319909573739	15
-0.049719681908105	0.317126823525426	15
-0.013520550424779	0.261872824073891	9
0.021352370736813	0.434916640102842	9
-0.017921374988205	0.298280651690885	15
0.103100977226079	0.47635782912949	15
0.041415340196638	0.236620979030961	15
-0.070151701932936	0.36426175548938	21
0.077674470459792	0.819485937709049	21
-0.107200151487389	0.49496471585985	21
0.030573959730726	1.40017946592462	21
-0.011471009045267	0.619844486406626	21
-0.108890168604785	0.388887760853728	21
-0.115700280352483	0.328968146634696	21
-0.078249729171337	0.355808984545565	21
0.054677447474699	0.822767632018546	21
-0.04487235911214	0.330692974681802	21
-0.035756084557931	0.255500197804933	21
-0.101684193134888	0.222295430641352	21
-0.070302757106193	0.186484632562241	21
0.061521791052984	0.286965971786911	21
-0.053382192039927	0.186168715007289	21
-0.039027999435357	0.31961055506842	21
-0.096462014638362	0.184687000710733	21
-0.037880687759023	0.35322032993561	21
0.062905043016155	0.674517248889853	21
0.054369205956384	0.821743616912364	21
-0.09094395233044	0.231973338603097	21
0.042284649880829	0.447608613887531	21
0.072904164312586	0.480954007318184	21
0.025806782902524	0.374178584288439	21
0.079392906513619	0.348641892270152	21
0.083812132482206	0.364580378557169	21
-0.073817365471075	0.155179188924503	21
0.062208215604095	0.287730549584082	21
-0.052272943016315	0.187381292682296	21
-0.050599809811271	0.536225220775745	21
0.021804746558595	0.5615146916038	21
-0.112862435845018	0.268829495349793	21
-0.078820849711769	0.368879352091088	21
-0.092158834955175	0.399951579218769	21
-0.085776500585445	0.360924966496513	21
-0.090708018033137	0.31133641430643	21
0.113004047773784	0.958724499695704	21
0.116631217613349	0.62704583060796	3
-0.087567141998683	0.434465524512625	3
0.000987395611090014	0.653796767505024	3
-0.077589336971458	0.222362707556463	3
0.121205025305336	0.718316550308474	3
0.021515771646284	0.767926632123872	162
0.023903314469199	0.288176965699426	162
-0.048084671457818	0.428059644593121	3
0.090337133933454	0.393871910670502	3
-0.094633417773116	0.20698945111418	3
-0.00912212029977299	0.323858818975744	7
0.07582759360167	0.504197122060551	7
-0.06300531487897	0.199739613106393	3
-0.100363127230692	0.12146756903837	3
0.083952932139465	0.364729175128542	7
-0.034489778588804	0.25729045356602	7
0.108172418950229	0.527223018589477	7
-0.095705402505411	0.185723509612899	7
0.021950713345686	0.285721751863608	7
0.114809717378101	0.62288906987295	7
-0.053293446976114	0.306310313385303	7
0.038558195302181	0.331276258612317	103
0.048899097026522	0.253683818789619	103
-0.013954872776446	0.145909786830306	103
-0.100827680351711	0.332162677682653	7
-0.112150233976305	0.293567682181606	7
-0.095611374332805	0.310062964370957	7
-0.039889812155192	0.521592459435285	8
0.031998798273451	0.556059125060348	8
-0.07948719754692	0.278150419935257	8
0.012834525944334	0.332263439438805	8
-0.102452902414567	0.156516902844187	8
-0.102982301795555	0.11903851027278	8
-0.012782019060189	0.14667703331099	15
-0.062954529388644	0.199903326977891	15
0.052184999636964	0.593529513939574	15
-0.068987464574273	0.347521674125323	15
-0.00243229987079899	0.44380252191615	15
0.060061521038622	0.767610564081094	15
0.0000815070317800037	0.410254138221609	15
0.072627560665162	0.4802012787988	15
-0.061009895399455	0.260020332211167	15
-0.084298380683654	0.208745192789922	9
0.011415286793937	0.182728802877286	9
-0.013032086950844	0.262583827994459	15
-0.106541221884203	0.373296409692169	21
0.088210058629459	1.54572081276798	21
0.010392364314861	0.72149288280034	21
-0.049327006385357	0.687369361046517	21
-0.023385183412718	0.725526430437762	21
0.021499127529601	0.693456719748627	21
-0.112169363316211	0.211666941889592	21
-0.017865479953973	0.42456664709719	21
-0.01478805276127	0.353945021895638	21
-0.123618425691042	0.238101818179595	21
-0.030754511703164	0.507566987890207	21
-0.110119365018517	0.21539940380187	21
-0.119740447378189	0.205314518716685	21
-0.001445738769556	0.542680508140733	21
-0.100750793520465	0.280303127766183	21
-0.031576981345736	0.375203763958073	21
0.076204546911826	0.791762110102094	21
-0.109309171393115	0.311466641203704	21
-0.089999331586182	0.3862174235091	21
-0.055444444804413	0.372335572212228	21
0.025230626373197	0.449385007682612	21
-0.023997776114976	0.191711223086283	21
-0.054559100011867	0.215095679682531	21
-0.089271024332854	0.516682033557268	21
-0.117900469468421	0.284684354473589	21
-0.11713419176452	0.347206321627799	21
-0.052109142125268	0.486145600700763	21
-0.063330074457097	0.474992021941794	21
-0.124823290107988	0.268809459413964	21
0.012872909994461	0.627404096854358	7
-0.013697093498287	0.146094010924253	3
0.071877824988808	0.319130246223493	3
0.054588225375004	0.841268193956628	3
0.00973644925381101	0.714164640117186	3
-0.022906008031469	0.478701454842892	3
-0.109478514682779	0.253923805529676	3
-0.111744854096559	0.125825819085579	3
-0.121511344086232	0.128355344484044	3
-0.112512814866704	0.210981812204527	3
-0.115341590364682	0.215776223687102	7
0.060636471304815	0.415576816110826	7
0.110181071232818	0.54152947062453	7
-0.035854229999271	0.329905871000082	7
-0.043788308388114	0.202048063492904	103
0.016258555644058	0.271191347408787	7
-0.030095237526099	0.126183573689354	7
0.033740008390859	0.219991267832969	7
-0.096770004392309	0.345661109970018	8
-0.088512771941383	0.23614467688318	8
-0.10224278235989	0.221312411186583	8
-0.087510847356754	0.137452335629399	8
-0.093218456101042	0.171240370817437	7
-0.087428917053727	0.256736119135534	8
-0.035685436755977	0.255583511959479	8
0.000230914513944025	0.165077034167763	15
0.050025534508583	0.254868857857458	15
0.046986997389214	0.359884991359579	15
0.10214126391156	0.464134559898609	15
0.08238997818927	0.713856726370463	15
-0.096665748606799	0.276271429425122	15
0.033212371766597	0.559226319013128	15
0.100687749119319	0.998366700673086	15
-0.064003453676774	0.323303582970228	15
-0.071448838653205	0.279900378142769	15
-0.090662144445832	0.155149349137742	9
-0.07180682355478	0.27920460473313	9
0.072244883976637	0.319575546295977	9
-0.00476703820795299	0.225271619463334	9
0.056844704865784	0.271858799469139	9
-0.052157661316756	0.251878358200334	15
-0.073876640524466	0.155139110214612	15
-0.114883402115605	0.598399758785127	21
-0.100057809433779	0.494011594029958	21
0.035032226123755	0.886667099188626	21
-0.070646422526314	0.475276082138258	21
-0.069500951431673	0.346289701845974	21
-0.119513080274143	0.217103333112766	21
-0.038836668769483	0.59779948512221	21
0.05338011307179	0.79236894935022	21
0.06622912186393	0.954133285062977	21
-0.111549536489133	0.315353571767801	21
-0.103076955149608	0.323870275639705	21
-0.073608377196152	0.460197848535247	21
0.123540447292153	0.744351429674199	21
-0.089362319209273	0.317094348440671	21
-0.07155781787567	0.318001181011359	21
0.033825135790555	0.567302592691349	21
-0.063615117728869	0.302002505994416	21
-0.027240934738999	0.389189226025852	21
0.014554607979994	0.464443215942027	21
0.074191934734984	0.761861695204473	21
-0.009261915758532	0.735531785274651	21
-0.05164314561403	0.54776767028399	21
-0.00336161254984901	0.670796123909021	21
-0.037442501123573	0.565292720136015	21
0.054980354614796	0.938134715676902	7
-0.091764988822979	0.352291722809645	7
-0.119168411631395	0.0558811024040407	7
-0.094995994207264	0.296048070244667	7
-0.1204922942537	0.0553313199790403	3
0.076734910002337	0.506021426019072	3
-0.091714342128311	0.245822558507111	3
-0.05643406924829	0.369979211726952	3
-0.058584385612428	0.430682020299941	3
0.026569238629567	0.529319690669894	162
-0.045417380104718	0.354687970500619	162
-0.077458807096186	0.244533061072798	3
-0.120121271730721	0.24609883837882	3
-0.063461847468852	0.27978717228854	3
0.031269211414002	0.475246296580809	3
-0.089354359752367	0.197990305751121	3
-0.08111237802929	0.255442560937327	7
-0.119566771374972	0.145291540182812	3
0.114035509722877	0.600937493225585	3
0.084647849512083	0.566665957012668	3
0.02938987654661	0.387512276621062	7
0.028199126116023	0.468319221355404	7
0.03828724762403	0.425258311483774	7
-0.10644122974637	0.197734583204324	7
-0.073876640524466	0.155139110214612	7
-0.026700573328489	0.233262704853879	7
-0.07155250194624	0.185016158528715	7
0.00312178859336598	0.241065783316752	8
0.025889964226126	0.590866271754649	7
-0.103483591157319	0.205075576918321	7
0.064124628822427	0.570167443761631	7
-0.065350809513052	0.248958426491791	7
-0.063972638002366	0.301273154747386	8
0.083326854476648	0.363946950036833	15
0.05616407516362	0.271148397841454	15
-0.027441799689275	0.232359238268364	15
0.099191696775308	0.448779990080427	15
0.027388673158541	0.383895267161759	15
-0.048292309431328	0.319861270363158	15
0.04172441489009	0.532520770843648	15
0.035509224051384	0.49801124921099	15
0.00629953624602198	0.542349462843483	15
-0.079312816710033	0.278440213004945	15
0.00124532992846998	0.457673889837266	15
-0.00828430865580801	0.508556826322638	15
0.015954030008678	0.533896786678137	15
0.015094310251501	0.471498484764247	15
-0.090799365182931	0.232217672009441	9
0.058803723192709	0.534979621060457	9
-0.121883440109619	0.12794525906026	9
0.028548135932673	0.30194038962712	9
-0.07157204074432	0.185048349604006	9
-0.008546546643138	0.274682733594045	9
0.00857206356540702	0.31898050985648	15
0.037661208612403	0.424152925710137	15
-0.070380020227256	0.212640469589083	15
0.00496376959392297	1.46980920760059	21
0.118967471523566	2.26723037373366	21
-0.122836717278529	0.464774851700772	21
-0.056777434099339	0.731003325682693	21
-0.065459385912942	0.465134252858122	21
0.072887536332058	1.06831368298391	21
0.102129532899729	1.02065263573543	21
-0.092782216219118	0.451633424219559	21
0.010949904706757	0.897292071554901	21
-0.043101884310946	0.552802728228125	21
-0.081438694447001	0.324645602803437	21
-0.030423660952646	0.512630989694687	21
0.00503635885056197	0.627701406338568	21
-0.11404770405655	0.344187070377683	21
-0.00312282249159801	0.757206853093471	21
-0.075962817017445	0.37944525615722	21
-0.107453125237711	0.272443332137055	21
-0.025206085656463	0.431636405470368	21
0.045531487013617	0.468533158309696	21
-0.101676918908856	0.236052045901538	21
0.089230023764602	0.776417310954294	21
0.073408277288049	0.767193253258059	21
-0.059329441182706	0.54734565905104	21
0.029774929381574	0.894597867351522	21
-0.052800985149274	0.503557689595127	21
-0.10396193571967	0.374380563081839	21
0.032888964498785	0.629816127156725	7
-0.081082124122018	0.32549093125693	7
-0.036728452350773	0.290203648740873	3
-0.027968698289428	0.387565980911254	3
-0.074026915121857	0.292161023695168	162
0.089691419323507	0.613407685408856	162
-0.016124489410319	0.393096965147091	162
0.109741375698752	0.849234824320071	162
-0.1179038035187	0.187276211892748	3
0.059806597629919	0.53720727094969	3
0.084106118127024	0.718831153357075	3
-0.090231334916794	0.233230654264525	3
0.093801380411994	0.649467597674924	3
-0.065276994795032	0.295196884988478	7
0.057057116300465	0.523401161040963	7
-0.090734592243675	0.232353821455909	7
-0.061679606092239	0.258884881411162	7
-0.117916780381713	0.161435720927838	3
-0.068177363088774	0.267625147027831	3
-0.034513290399336	0.364540890179719	3
0.033260224925943	0.486304391334146	7
-0.091447418187668	0.23109331051244	7
0.08599316844397	0.377618061084525	103
-0.080465370037762	0.11897014902462	103
0.067223786364969	0.30353730113971	103
-0.080842779479282	0.118663392563609	7
-0.046275229626823	0.353009391171804	7
-0.045450310166131	0.329528083426143	8
-0.053219942789941	0.381359295462895	8
-0.099302556953492	0.257018704912837	7
-0.069764792711629	0.325329280587843	8
-0.124441903427026	0.162537840301382	15
-0.120166867765091	0.144528769085507	15
-0.014729162324134	0.207759415308796	15
-0.120195962459615	0.129769195001593	7
-0.074531625382839	0.291273323460302	15
-0.11689095296171	0.200992107155015	15
-0.120779500019174	0.191994801747614	15
0.011992265910966	0.56968000989611	15
0.080185438134915	0.690788329868038	15
0.081230291194408	0.541612952304453	9
-0.00690647629794899	0.277049826019983	9
0.030922544246289	0.397246420655614	15
0.022553667104739	1.07574971985907	21
-0.031664996379983	0.808812700282191	21
-0.055815002830255	0.626842014573172	21
-0.01623118557707	0.816707085728901	21
0.021553814942698	1.03141242086215	21
-0.025943779079773	0.704880926523187	21
-0.088423771456687	0.490336336969642	21
-0.060218540995679	0.600990266421279	21
-0.077542106973783	0.557226810112018	21
-0.099344273591293	0.446344828398596	21
-0.072739139754584	0.411378164743962	21
0.040985534224948	0.773360667959145	21
-0.103155110797478	0.345197729315288	21
0.019978328959027	0.746745264607693	21
-0.052989393427196	0.576999589546195	21
0.096069636149478	1.16458769159976	21
-0.01124699523777	0.727674836706209	21
-0.079125450678432	0.476778323887225	21
-0.086645891977881	0.309507939261187	21
-0.104312054282633	0.281886805719632	21
0.00551160148333102	0.674312073172098	21
0.072554723311784	0.76438874396437	21
0.029964629933498	0.544404122076126	21
-0.079416530544535	0.446013012814502	21
0.016489705144085	0.8226334229879	21
-0.08516798333685	0.393401204543746	7
0.038678349385168	0.97096140877178	7
-0.025937186391475	0.7109650975933	21
-0.079137325798739	0.496584806270668	21
-0.06412527298194	0.505952459742179	21
-0.086409693295737	0.438419211767636	21
0.079370323372141	1.27886043761598	7
-0.014658095823439	0.787717603222996	7
-0.073926285397828	0.155092647990338	7
-0.065090015912378	0.136460777973349	7
-0.053062857025092	0.103671316118869	3
-0.109860350595519	0.241040434395237	3
0.107409351251586	0.504853536083748	162
0.021179253877907	0.359409273877952	162
-0.000102449564562013	0.454585382292568	162
-0.00258618095965699	0.497182030730511	3
-0.015950883852166	0.393422395877723	3
-0.006390754241201	0.518727424851535	3
0.069193819953618	0.605551228756375	7
-0.002141510967028	0.444476070510616	7
0.010276390558874	0.449102996306408	7
0.039760687336748	0.332918510987256	7
-0.066492288960451	0.247170809017239	3
0.073582061683217	0.490944984557283	3
-0.087296971288961	0.221758258290067	3
0.018185844758083	0.484631099967274	3
0.014344129224285	0.408153823226776	3
0.040441149141352	0.598138137693042	3
0.030749363971414	0.546426345841669	3
0.070308571656025	0.467370730034894	7
-0.063119810022976	0.170848886840799	103
0.067104653123736	0.303369744360588	103
-0.01469191653984	0.207855503693498	103
0.101531555284697	0.473502057500866	7
0.097135728543146	0.43502401594862	7
-0.00935990373963	0.417807072246358	8
0.123160482155538	0.733194289866259	7
-0.10629907805404	0.313042664229508	8
0.101334832205634	0.740834007632722	15
-0.091369055880117	0.246468152970693	15
0.044350148200587	0.545657592619382	15
0.105622246761706	0.799182887540343	15
-0.035173706565374	0.363121351847419	9
-0.018722808092934	0.341440360874699	9
0.117883243897959	0.679944058598368	9
-0.11909747055533	0.206472375007621	9
-0.047166943886401	0.296065631060617	9
-0.092593252847279	0.210226687036543	9
-0.107392500668946	0.196192882425229	15
0.086449521136847	0.588209288125829	15
-0.021301016729351	1.03745050245069	21
-0.117436474104957	0.423839721246867	21
-0.062754864096712	0.910385438669443	21
-0.064665184144594	0.812457598707186	21
-0.039443463745358	0.851781576089961	21
-0.012955342425776	0.901273076378148	21
-0.042637478673628	0.718689402030355	21
0.108277686866203	1.63830808846517	21
-0.122273169393063	0.399826648163277	21
0.047082147571764	1.20602982820242	21
0.00626562398084801	0.859261160815503	21
-0.075340062105629	0.449572198230648	21
-0.087314589669135	0.424396594137059	21
-0.047174837681634	0.581705796949036	21
-0.063357140783486	0.511231580116156	21
-0.097106183553781	0.394400641665611	21
0.050681007055033	0.978031784707624	21
-0.041417471928095	0.610179148617973	21
-0.119179020746636	0.353644016394506	21
0.097558395426621	0.921182299219076	21
-0.070059560643947	0.505172750983215	21
-0.019322002652786	0.63800225309074	21
-0.124885353152286	0.323703225357977	21
-0.061827737966592	0.395321855741853	21
-0.107528462134476	0.351853024516658	21
-0.117286377427858	0.373089120824935	21
0.06784390482473	1.00635719196856	21
-0.00854382221455299	0.750239581193938	21
-0.076065024079085	0.474094182966459	21
0.018825414328556	0.964637456255561	7
0.082157196123545	0.362216460734612	7
-0.114450122613461	0.123143875779766	3
0.041562715781147	0.343529435517783	3
-0.103140512421692	0.272536237211316	3
-0.077719854805277	0.35448649694468	3
0.103421143906187	0.487256512468509	3
0.049760824362157	0.372402790973481	162
0.062489136730314	0.288072104064788	162
0.083697369255527	0.364452996786838	162
-0.056210445677837	0.272065147994875	3
0.076876048238813	0.809246148839131	3
0.089886878065797	0.803369496694354	3
0.084962485497019	0.738100648126306	3
0.092357752320134	0.645882422825559	7
-0.00410393212079799	0.338101254416723	3
0.030848604012334	0.474382846566048	3
-0.024489766811162	0.399795675622125	3
0.002914807612866	0.421677256903254	3
0.053011388365776	0.385917054239041	7
-0.081012391471785	0.169893320246771	103
0.099568051055787	0.449410750693635	103
-0.062542880947392	0.171434586437075	7
-0.062497615146336	0.200416666877233	7
0.098444133159738	0.447517894704989	7
-0.041414646133988	0.242461259041088	7
-0.050768496723201	0.339466791974142	8
0.033185568321447	0.401357692007083	8
0.031107084512246	0.547344838085671	8
-0.043262142650772	0.307417562948458	8
0.103775801062462	0.477472641272329	7
-0.118382208589693	0.160781412261266	7
-0.056199017773435	0.213006267015802	7
-0.081968483780355	0.168768229524645	7
-0.052620681799322	0.251156878183756	7
0.000129383004909001	0.351323947877142	7
0.00362898459875	0.474260891664133	15
-0.05099150452308	0.253586154046333	15
0.102650818550533	0.475562968495217	15
-0.066458815689344	0.247226985502108	15
-0.114376574687587	0.205355173019858	9
0.045429140476328	0.35738519791212	15
-0.112592639052038	0.198471325779947	9
-0.080025908492727	0.257483744887608	15
-0.103132822065516	0.540645616046386	21
-0.032332193195861	1.02123785594961	21
-0.00960631179434099	1.19546834983449	21
-0.065495871161663	0.716035323936002	21
-0.112297484795778	0.503955506169602	21
-0.076882823883592	0.677420950771495	21
-0.039176975699636	0.924592476861092	21
-0.061411803652121	0.787855772378722	21
-0.098127322208012	0.51711350560038	21
-0.121085888086679	0.463313124732307	21
-0.081194063240523	0.658742577122436	21
-0.111564705541004	0.408036666507001	21
-0.039594494104191	0.598316379087261	21
-0.00956172396580701	0.74568142993025	21
-0.078436822166419	0.513776783941556	21
0.027421893655888	0.968960986954378	21
0.065134921573479	1.28395328792311	21
0.088228517706063	1.14856156627114	21
-0.091516347262145	0.490421792991727	21
-0.119169464535062	0.34520453568392	21
-0.026247301319039	0.566019509726833	21
0.083402037511067	0.89343470853866	21
0.046772315702118	1.00407088934054	21
-0.123938705013936	0.339338161673372	21
-0.015590317531358	0.724443516776925	21
0.006973435585789	0.9015230021396	21
-0.034352374682222	0.680769406596654	21
-0.065535211092484	0.447158182302257	21
-0.081842312612421	0.462817584825204	21
-0.100600029839649	0.379272280108635	21
-0.086329237924733	0.459650244278034	21
-0.01616103956368	0.7536343652795	21
0.102313868116107	1.06880828838483	21
-0.035275817001947	0.689266313755892	21
0.033489289189871	0.792420461002892	21
0.040580193552111	0.849002874995976	21
-0.091764760009992	0.489437745047842	21
-0.047880282257876	0.228686509925846	7
-0.100656158760022	0.237908727345509	7
-0.077176233219457	0.22298511501961	7
-0.1204922942537	0.0553313199790403	7
0.00347428648383802	0.304710045625089	7
-0.090459028195317	0.280965184599542	3
0.114283309639559	0.591257341035379	3
0.051103042697511	0.676785429474012	3
-0.085216295730327	0.343916726573057	3
-0.122251968139638	0.189414707635127	7
0.07732122802208	0.515928153486104	7
0.00510194909238298	0.372254526410202	7
-0.123706808609521	0.163605620718956	7
-0.00586326165446299	0.335091365916543	7
0.035685862487647	0.57225226111918	3
-0.071630377120021	0.321040775955876	3
0.061586900865038	0.548952737237745	3
0.016720046888209	0.419000196803489	3
0.013500423484885	0.333322828814727	103
0.102657056753383	0.475561422914255	103
-0.117503927358038	0.162004228471526	7
0.00876084561875201	0.385121341727298	8
-0.09702234511595	0.233279656598646	8
-0.019717152027367	0.247867758214323	7
0.078967712612631	0.839264881440263	7
0.118231970939418	0.651069859877871	15
-0.073815301648939	0.292721958794547	15
-0.124100788512676	0.174983971405279	15
0.119211463934704	0.673617582744246	7
-0.122023005774562	0.178288604521808	15
0.070595453882878	0.616938887763014	15
-0.083327538274104	0.210218305101492	15
-0.121985390119581	0.189919176635841	15
0.006277713173787	0.374471559947453	15
0.037680388231715	0.33000186356295	15
0.017206902084484	0.346027129331768	15
-0.042120112584454	0.30952468417994	15
0.095286506151102	0.421788207067484	15
0.024919726195594	0.372681329177311	15
-0.091526080465155	0.246138019080696	15
-0.124433416417437	0.194646339170048	15
0.054356075442269	0.388154529104576	9
0.020065342554436	0.425862046438755	9
-0.030835056097764	0.408969814746254	9
0.049900338683424	0.580434058280546	9
0.063914990424314	0.569613194514207	9
0.013203159021	0.573256262548847	15
-0.006412987550696	0.558315046992078	15
-0.045444224904764	0.329555826555528	15
0.083198841658153	0.554672260446961	15
-0.030928984731716	0.947674615832888	21
-0.088215495134122	0.507211132172987	21
-0.11339595468349	0.390998995929148	21
-0.00869997894226299	1.00547447602035	21
-0.024403986740929	0.539179214028847	21
-0.117251799653573	0.571407473834078	21
-0.022319957590511	0.831769056136625	21
-0.101667095305678	0.540822618085217	21
-0.00581889235806399	1.06242699706782	21
-0.036007844001842	0.950562225720113	21
0.009482019894199	0.717999455386909	21
-0.022090562675434	0.982921237970744	21
0.00170552992797701	0.660996589442599	21
-0.118124087905121	0.364388789904419	21
-0.038611695218508	0.554534494673575	21
-0.057026907525304	0.729695345814761	21
-0.00356775593122599	0.536450385837509	21
0.027812914317082	0.602533249086377	21
-0.095245286808732	0.268075370434825	21
0.01065809666339	0.991499118211971	21
-0.045177129295977	0.545398532807921	21
0.032331499896633	0.776807247197152	21
-0.03921155209812	0.699836653717789	21
0.042468070927475	0.617316093464789	21
-0.072358644975286	0.600116517639105	21
0.10650332064076	1.71346225133742	21
0.031139430163001	0.940121490997841	21
0.00567152433360502	0.373193046764532	21
-0.064365660098884	0.225220345790308	21
-0.089963802318011	0.342175792934093	21
0.065393096888569	0.969449937863964	21
0.119642865486373	0.694586090388579	21
-0.033528908517425	0.52305678589435	7
-0.088866590673797	0.347593630833484	21
-0.101611888357759	0.518082343602204	7
-0.112230482708484	0.291432323328971	7
-0.058978819044931	0.23725838347591	7
-0.052808713108957	0.103787265849576	7
-0.000771165002357993	0.16431529262687	7
-0.101364848184567	0.098617659285652	162
0.019275474699972	0.548716943829959	3
-0.031020652503341	0.376392613651299	3
-0.069212292917876	0.424732661409818	3
-0.045939582550488	0.46338083422704	3
-0.054518096933088	0.327658401842484	7
-0.039694516211176	0.244710071528422	3
0.015335072998335	0.410165455949444	7
0.095687756928344	0.897661990290028	3
-0.049301670780038	0.226746722405138	3
-0.071222428982728	0.21150968184267	3
0.022684571468738	0.361884197296119	3
0.055628405200712	0.390096416603914	7
0.080111877258838	0.690708081408784	103
0.055109436325392	0.511426338724303	103
-0.060239513763278	0.261291924991818	7
-0.0281213134341	0.314527960281654	7
-0.007194613530768	0.276650216186864	8
0.022523022966983	0.20091620562354	7
-0.013166126131983	0.262406748736585	7
0.035703292820225	0.413252949199219	15
-0.062903949332381	0.171048617121185	15
0.00239442482672803	0.240305840036551	15
-0.054794366172286	0.350775921963765	15
-0.062990901355408	0.303250858963754	15
0.11351124690122	0.5896129210108	15
0.00194533280529702	0.414243467134531	15
-0.116622303357451	0.103502664592681	15
-0.03500676878352	0.21763051735905	15
-0.046594346805724	0.297133716639957	15
0.011619298137777	0.396692272280292	15
-0.048914810447939	0.261170306767135	15
-0.078752898427059	0.351785216361593	15
-0.033322627880775	0.402997018007621	15
-0.070762332512371	0.236603625546309	9
-0.011282040827661	0.408504235922597	15
-0.121839971296318	0.190169497204007	15
-0.056777747174491	0.21218723605133	15
-0.013268084468351	0.523939147767135	15
-0.034111271066811	0.257826124620669	15
0.068929040156022	0.722794197672912	21
-0.095004996208216	0.524428653155583	21
0.021545990263148	1.09300289093272	21
-0.074579469862716	0.591074944354295	21
-0.030697378908205	0.60692552641576	21
0.00781261095909303	0.541560150862422	21
0.00185406574331798	0.464604835011861	21
-0.041321359510207	0.513467871468653	21
-0.104382125901371	0.365285349132195	7
-0.113515142193323	0.288130714836725	7
-0.013013622527375	0.26259798150787	7
-0.075051311733157	0.34593653579375	7
0.040225726932102	0.522222875205131	7
-0.027043732980911	0.356365899856835	7
0.042124752488976	0.237333402423809	3
0.052707549042794	0.695480795319845	3
-0.013697093498287	0.146094010924253	162
-0.077965308985683	0.198395308617422	162
-0.015418343380657	0.207066760493528	3
0.116741475012103	0.647591463710584	3
-0.001537370878651	0.547132289208489	3
-0.03543720905765	0.174313097075079	7
-0.089964693346539	0.197134114405083	7
0.090531148116623	0.394187991170295	7
-0.043147171231788	0.202759701135529	7
-0.10620713001537	0.183600271600495	3
-0.047246604116241	0.37957385725389	3
-0.015948254152632	0.625775117829919	3
0.034823556422069	0.569983730918887	7
-0.120166867765091	0.144528769085507	7
-0.105618132095978	0.252173300965693	3
-0.111213614247823	0.142982814706329	3
0.070680064113936	0.468075437564443	3
-0.058909921474913	0.315056211212499	103
-0.056956516467454	0.295516612184935	103
-0.099854161885752	0.211165035687629	7
0.00477348876213202	0.42582738758589	7
0.036935825545469	0.328843129096525	7
-0.00165860281991201	0.401149235231614	5
-0.023754289463985	0.191956044775104	7
0.049621585586276	0.254465186566562	7
-0.062920558016817	0.138267862265573	7
-0.036019566523029	0.216403132046921	7
0.041835786840348	0.236913203230307	7
-0.102978647239249	0.247018634236819	7
-0.051586367100209	0.411529846881245	15
-0.042222277080674	0.369935981356246	15
-0.084409500171749	0.246372207116939	15
0.015820369951205	0.473228728786415	15
0.108096902361254	0.516663124427165	15
0.021469648158493	0.359877071334511	15
-0.042947999239314	0.20297589240153	15
-0.064256867205782	0.13715968910858	15
0.045638025656116	0.733114697269399	15
-0.047291766787952	0.433711543449791	9
-0.11013132059512	0.252502624092647	9
-0.102144426100004	0.173723577902131	9
0.062287637830027	0.287853241837439	15
-0.086186579273636	0.183786247099733	15
0.06249545750494	0.680451749892849	15
-0.099110582425261	0.41266304039696	21
0.026960482949009	0.795065072415226	21
-0.107362145062362	0.332845068465104	21
-0.123795078656038	0.255067249265655	21
-0.075352004901711	0.449420738517578	21
-0.02908330970308	0.655405604770603	21
0.103843573364058	1.65468084573891	7
-0.019134879954354	0.750762445801179	7
0.016044849997669	0.270913814543893	7
-0.027466181457148	0.388701427346725	7
-0.080384374345627	0.256836215035268	7
0.001904064947857	0.360278021343035	7
-0.101661011026458	0.139690574156348	7
-0.114017365000521	0.325263513705192	3
0.075532042502039	0.958198524314147	3
0.045429140476328	0.35738519791212	3
0.067629227283368	0.303999767392504	3
-0.063693180972489	0.137662180492515	162
-0.072195265795856	0.316635357442002	162
-0.092392618429397	0.274038132646862	3
-0.016237714723125	0.468189840116421	162
-0.014398911667908	0.47776707104345	3
0.067521786048885	0.71822210768641	7
0.056071257720649	0.618328816344558	7
-0.117036382116169	0.200729764440577	7
-0.026894496658312	0.459377775626924	3
-0.111102967760568	0.173732739332977	3
0.110857734343527	0.88009612212524	3
0.00570639673046303	0.373406339933811	3
-0.119116509268754	0.159759085398301	3
-0.057603920963648	0.23927016660761	3
0.038291006856459	0.33085680753735	7
-0.120539968997477	0.144050057291083	103
-0.085211959719987	0.185012373940626	7
0.003288037967147	0.241306667536635	7
0.075781490506334	0.646399417330193	5
-0.027500836317295	0.232271801705798	7
0.108078637211652	0.516608562611312	7
0.068983024572619	0.456187901802436	7
-0.007616419012792	0.554701893784614	7
-0.084359228201948	0.348792016086672	7
-0.028859010644267	0.313207455992019	15
-0.00193160790956001	0.400604070178132	15
-0.07625266467562	0.224406303142284	15
0.01867750863113	0.423088365068754	15
-0.035306240316938	0.256154658586666	15
0.102948887636915	0.486246307534626	15
-0.019727706396045	0.339629484031809	15
0.086363767667443	0.378173360534933	15
0.030337419320715	0.47328233156861	15
-0.078336332084631	0.316390727563644	15
0.085753164276255	0.577934986151425	15
-0.00122200849309101	0.402156410009252	9
-0.000451047543872013	0.550515192477033	15
-0.030012176774292	0.446825091456205	15
-0.025375763064019	0.669473820175964	21
0.00379652560989402	0.839922487201166	21
-0.044108489122687	0.390991584860467	21
-0.109659019822681	0.265133135274533	21
0.098654554671725	0.93358480145683	21
-0.092025280510245	0.425406851732694	21
-0.100764423020889	0.399431560739744	21
-0.05802559849857	0.455052772651337	21
0.024441936057302	0.836859930690628	21
-0.060668500382702	0.570257901350703	21
-0.11496339882154	0.339711482960935	21
-0.119978853360348	0.3483732508803	7
0.042120145766549	1.00767552802546	21
-0.109739531349767	0.333888899516855	21
-0.024957500814214	0.190797192567435	7
-0.080842779479282	0.118663392563609	7
0.00537187572110498	0.372698622839949	3
-0.022596930903675	0.285503688303267	162
0.121950237831499	0.730199740147867	3
0.051397500595731	0.591311572758325	3
0.031046278002835	0.481277984770923	7
0.115800455803511	0.635239540667908	7
0.060706310850052	0.660595148577788	7
0.048311660342471	0.474568189342538	7
0.117016981028965	0.638160401582803	7
-0.037963381391096	0.383828083237149	3
-0.090734592243675	0.232353821455909	3
0.003500646226691	0.468422214621605	3
0.00977915814266001	0.44797472700349	3
-0.063793714491944	0.323788270780519	3
0.120565775023109	0.716645144432272	3
-0.078707448108514	0.279717573463657	3
0.122186199836502	0.740583506948562	3
0.090405869741492	0.615047520389725	3
0.092687555646327	0.40761496681406	7
0.070265491161066	0.467234353552063	7
-0.124608533787817	0.149723366427098	7
0.103917909970241	0.47765759849744	7
0.073135251772682	0.481408809234002	7
-0.081743343805656	0.254319619658668	7
-0.115559000335938	0.215370037344123	7
0.00690285906280103	0.436004152193063	15
0.062761202586511	0.674082162091311	15
-0.095308583222287	0.250839289841838	15
-0.09467511201277	0.222660784744422	15
-0.00653449951957999	0.277551447421841	15
-0.035081400584851	0.256475011709006	15
-0.036560704214832	0.290466663028222	15
0.106817665494738	0.514263723232071	15
-0.015064550574497	0.353410831346118	15
-0.070581336062429	0.281586703770113	15
-0.055475298299681	0.273306898828638	15
0.010211611635698	0.501630709050725	15
0.00936381567036099	0.386281935194348	15
-0.041110198834417	0.278308624192756	15
-0.062367477666171	0.326873010842491	15
-0.018541001389275	0.383156698389347	15
-0.078401909417617	0.280317931739471	15
-0.020682025316698	0.337838593118171	15
-0.111604751711059	0.186927058273955	15
0.106239270767719	0.782676257552008	15
-0.062535858338648	0.171415792261736	15
0.114035509722877	0.600937493225585	15
0.053949730450859	0.509007128663015	15
-0.00479658583161199	0.33693167331555	15
0.079369893106452	0.680596757058994	15
-0.089593224541635	0.197676341868952	15
-0.059918652117001	0.509591172666428	21
-0.101093789041902	0.237128874262061	21
-0.119422845047627	0.217375349292054	21
-0.027757173387873	0.388038257885234	21
-0.027931141881769	0.715323787962333	21
-0.102395275301655	0.430032165562878	21
-0.073713863732864	0.51477387851541	21
-0.09606757775012	0.437713936112061	21
-0.115802378549138	0.22666447243146	7
-0.065541824249477	0.541548739055973	7
-0.076713151379495	0.223706140311509	7
-0.005163007771608	0.52221369001528	3
-0.00059027714271101	0.164467881198167	7
-0.063648789645825	0.199021404984555	3
-0.114669314604177	0.194870358403523	3
-0.034446800278038	0.36470064596362	3
-0.102333936948222	0.274307697577707	3
0.026813364860062	0.593581207104663	3
-0.122884871784668	0.176926378556437	7
-0.017079526171499	0.299532261731571	7
-0.059248711573035	0.291211979556085	7
0.038399503425152	0.665315239984383	7
-0.055818757651159	0.371361642208813	7
-0.075472494413478	0.269063811443484	3
0.068488701690482	0.596065707667685	3
-0.086655679570512	0.222803180213135	3
0.108317053245174	0.527509032358273	3
0.031820977125345	0.549053045934199	3
0.00583216562069999	0.433528822495027	3
0.038794684526285	0.518772580052447	3
-0.000608429713909009	0.35006206220522	3
0.04264590149591	0.237810598420622	7
0.053982884949648	0.387555058144995	7
0.087752528926651	0.608374172861764	5
0.065298299229326	0.440841684099531	5
0.065534311182634	0.697294268950785	5
0.041034740265816	0.613347761826376	7
-0.102270913896285	0.248454438208658	7
-0.08207775032783	0.212042380572383	7
0.089848994064283	0.393246097880523	15
-0.024312864721342	0.282928773695069	15
0.066249537066689	0.442519674219709	15
0.086708992222001	0.588873470281625	15
0.073215575407289	0.631695373212597	15
0.014072897222906	0.523124794955819	15
0.105100586260568	0.779404048508292	15
-0.090027368933639	0.312949480457697	15
-0.03088655036432	0.267673946691301	15
-0.063963179813631	0.169911590379266	15
-0.109640959745862	0.160770961176368	15
0.06169123906745	0.417282584058898	15
0.045925469762017	0.358148068948022	15
-0.052389166610754	0.251519508227602	9
0.025624869507136	0.584045008909801	15
-0.023658462377762	0.327428925592229	15
-0.029028368042137	0.707482772932014	21
-0.106855403240556	0.285403967871532	21
-0.057534463370724	0.294465726587207	21
0.097895261658244	0.436201968867122	21
-0.0950607939269	0.186629747900006	21
0.031963516851252	0.968018421057174	21
0.052872593008611	1.24433241314808	21
-0.04504345377375	0.545894835552265	21
0.026508482691074	0.592790275529275	7
-0.020242932529891	0.247182516854639	3
-0.052272943016315	0.187381292682296	3
-0.096813254497895	0.248007004741903	3
0.052358609134218	0.498025626848667	3
-0.103359013749052	0.325041849611525	3
-0.048171196187183	0.43089877048637	3
-0.12184832759393	0.250119260040575	3
-0.029881134406686	0.50635930195178	3
0.016258555644058	0.271191347408787	3
0.12137705322102	0.708981528126809	3
-0.100217031889591	0.210578724493666	3
-0.041048016912881	0.311444828109284	3
-0.095574961868881	0.185928668344912	3
-0.014027152699781	0.360392875615782	3
-0.080427093051635	0.1705579083439	3
-0.013888762541083	0.438782303536393	3
-0.030480446715086	0.125945833582448	7
-0.030578690270503	0.125883709534914	7
0.01100663124635	0.182359350594625	7
-0.113282025384277	0.12434248095081	5
-0.063412307864308	0.226602045327523	5
0.076682824417881	0.94157531329444	5
0.100346113910751	0.964722303913476	7
0.028492005836919	0.671274329392388	7
0.00511603677501199	0.307060986469659	7
0.121369974398341	0.698947523801891	15
-0.00442701839450299	0.48242463567598	15
0.105982433300294	0.502362182844266	15
-0.09418993060682	0.170025741252757	15
0.043523346143976	0.543530019732241	15
-0.025728486533337	0.462388233874287	15
0.039506742400414	0.60243306379247	15
-0.057175836436533	0.295125964130474	15
0.076265925110036	0.799591258817984	15
-0.112951183700156	0.197858517816225	15
0.011461120985085	0.182768865377644	15
0.088581498265596	0.391288362972072	15
0.084338962784881	0.365276847053956	15
-0.030754660012188	0.344344760651644	9
-0.063366165796352	0.324722492577904	9
0.070399920441751	0.467536857554089	15
-0.116390381423298	0.103705300533503	15
0.072016834126368	0.762540680354307	21
0.00136890799425399	0.3594335952262	21
-0.096038240676929	0.185290100488093	21
0.106500764316951	0.503279628965338	21
-0.035679006392922	0.255612953827571	21
-0.055652683812106	0.612954702142896	21
0.041649460759748	0.876175116053833	21
-0.121068328861949	0.292698504299592	21
-0.00598785858513401	0.768799560201035	21
-0.00840758428360999	0.682350289219219	21
-0.071342670047507	0.397967423441552	21
-0.118442552515391	0.173896348830283	21
0.022670190391487	0.50737782872118	7
-0.083694959507205	0.0793363171771111	7
0.062047509250931	0.287526062338133	7
-0.027206937794046	0.232594397591137	3
-0.037873361146517	0.288207009321232	3
-0.063462752133808	0.137856806418561	3
-0.071563478281967	0.397341856442787	3
-0.115951568062034	0.202646204814077	3
-0.083382625058317	0.3513319499711	3
0.010318898230819	0.25670600524143	3
0.00841816870783202	0.318719409850111	3
0.0415599849	0.236774232539224	7
0.063564943287253	0.683853697808576	7
-0.024993610986143	0.43215738573647	7
-0.10275116569539	0.156164628683384	7
0.038563617861447	0.425832451200291	3
0.118261078354075	0.671276172230826	3
-0.020578589186573	0.24674332701323	3
-0.100612814274019	0.209917891868206	3
-0.024728944364972	0.325325960758685	3
-0.048844341295971	0.156059359437565	3
-0.000730671964438989	0.164363021881793	7
-0.013705777680143	0.146067915576764	7
0.080389732316654	0.349975437981733	7
-0.013954872776446	0.145909786830306	7
0.083310301798866	0.363784426111765	5
-0.102328541063132	0.138924241750036	5
-0.077727947787068	0.222144848422432	5
0.093627306160865	1.1156959838518	5
-0.065318369640329	0.338681209800895	7
0.078533286890171	0.518243375578905	15
-0.089361881269141	0.26824973489218	15
0.085809678749161	0.586683233793143	15
0.028000998079043	0.533079901878605	15
-0.080973983888474	0.118594225415526	15
-0.04587165537209	0.328689241308342	15
0.028275177343232	0.301568031578095	15
-0.089724307694122	0.156163187032726	15
-0.101938174564908	0.235507591495548	21
0.084224396451538	0.365129663307461	21
-0.102188258687609	0.139133594990422	21
0.047207437642294	0.360223696515811	21
-0.056024937647053	0.706344056978987	21
0.115790548134853	1.476781837202	21
-0.074929961804158	0.364452026807455	21
-0.059012030952752	0.473893730027857	21
-0.00388084794037799	0.575563465275693	7
-0.00529176402332299	0.22471052355632	3
0.098169860105021	0.704904886931556	3
-0.054350640824212	0.45264603425055	3
-0.053642590054915	0.48110853989843	3
-0.059409811172389	0.33689327769401	3
0.026517860634741	0.721868619656524	3
-0.00357576478713201	0.665621320895835	3
0.065751480970855	0.44166590900132	3
-0.019697523021713	0.29547651416152	3
-0.035070020365528	0.454993408844981	3
-0.022970344774701	0.369260562713644	3
0.016685733721309	0.271725401516414	3
-0.067063097655749	0.246225263593293	7
-0.095958965267573	0.22050959237569	3
0.117284266618933	0.658846728646791	3
0.025825279963834	0.374253976614665	3
-0.079297511457805	0.196537228773581	3
0.056801155682005	0.271803158192411	3
0.098440658092989	0.447387357095017	3
-0.12085805105647	0.191850465365326	3
0.109223064812787	0.529251876762505	3
-0.034601698733529	0.395759073804954	3
0.036374309462149	0.506533531376602	3
0.089730739822868	0.39305853633122	3
-0.116665699681259	0.103476995519755	3
-0.053437464127999	0.103456755441209	7
0.011732252097595	0.18296452603514	7
0.033753103137093	0.219999663434947	7
-0.089822808535448	0.15606582816674	7
-0.030336969286129	0.126037205246425	5
-0.064837312340382	0.136591660990145	5
0.051182310102865	0.374671017519561	5
-0.066438506278284	0.336145031505905	5
0.100799572197145	1.00668113098407	5
-0.037741138869832	0.384304803932969	7
-0.095191505341359	0.186405249773982	7
-0.005763131754949	0.430968633102399	15
-0.111315199245949	0.142846791839683	15
-0.047347071703391	0.263735855790931	15
0.016571802609887	0.27158688695124	7
-0.103437908428605	0.172019504230527	15
-0.084618857640247	0.18581292410146	15
0.088542437130976	0.782405793438434	15
-0.068294808712755	0.409507629348268	15
-0.096243212985024	0.249032604796549	15
-0.07624129967743	0.324221486011868	15
-0.076646253706363	0.283748095107359	15
0.034717965556998	0.496144609482295	15
-0.109916532305301	0.160370916364175	15
-0.101436087115775	0.291159250887189	15
-0.087713490468934	0.137259742043744	15
0.049303334831584	0.254124405089913	15
0.030126030852649	0.388716145216734	15
-0.103211572167201	0.17232637307253	9
0.013110524677615	0.332650959585658	15
-0.05312494999253	0.186477261103898	15
0.056366953439051	0.271352673850655	21
-0.092868439916172	0.399764725100234	21
0.003171469916737	0.622134230658061	21
0.112113985283642	0.911893360473175	21
-0.020768690262232	0.246466626491365	21
-0.0827710371581	0.0797801074183664	7
-0.068626049196888	0.266816389394175	3
-0.122464111708557	0.220221849907507	3
-0.013172991658043	0.146438288652276	3
-0.113724098772188	0.230898855353362	3
-0.085383300496937	0.279297852279195	3
0.015576550563053	0.526943458384299	3
-0.119097457165676	0.145865238804141	3
0.059730127606462	0.544433302397518	3
-0.00989152765805101	0.37387783931812	3
-0.074243392850575	0.154783944081379	3
0.05989019883295	0.414287981282321	3
-0.012365512411093	0.406164117051407	7
0.033603894897844	0.316482265990712	3
-0.071505609039418	0.18513345849569	3
-0.020087665157863	0.247391730739367	3
-0.054539983736665	0.274868314917403	3
-0.103519124554829	0.171898712971757	3
-0.054652708745574	0.30369167281293	3
-0.00857705184590499	0.37652886410331	3
-0.083515285178275	0.209930850489112	3
-0.111653561210995	0.142471456248425	3
-0.123392278703548	0.0791112190149933	7
-0.004510063232469	0.225507795027544	7
0.033387999048703	0.219694693457117	5
0.054728773921579	0.701677127350755	5
-0.106052934741883	0.336754503995388	7
-0.054086477128755	0.453403182110706	7
-0.049783656519887	0.469786139040395	7
-0.00548557114397	0.52123087904011	7
-0.023842168979319	0.401320838830244	7
-0.001677457094417	0.445319212828063	15
-0.035353596997471	0.217101314015606	15
-0.071047033138418	0.185650525001155	15
-0.101522923899891	0.0984913685572455	15
-0.053437464127999	0.103456755441209	15
0.00297092105228602	0.240966255534154	15
-0.113639015750549	0.123988649392364	15
-0.111971882630242	0.157762006162656	7
0.084975238608699	0.576050543115993	15
0.039334955107624	0.434486455674395	15
-0.013463991213748	0.439640844283016	15
-0.088821733545669	0.284443706877593	15
-0.029062552361687	0.449256246800649	15
-0.109564293731941	0.265421317417914	15
-0.057026124194842	0.295374035257365	15
0.025435054722934	0.655577322193638	15
0.079649522785436	0.349002611605345	15
-0.070849738823729	0.212031449912914	15
-0.087188824392589	0.137773240706865	15
-0.077776075443803	0.357047186157186	21
0.00412920633338698	0.475484823754185	21
-0.071001188767086	0.185713946036837	21
0.042798419749939	0.345414059963291	21
-0.026338775951229	0.623328213310595	21
-0.069061572208236	0.529725379293127	21
-0.088185686481625	0.434158839742757	21
0.1243081051085	1.40847175575162	21
-0.045447366704297	0.468232424665632	21
0.06647896703054	0.981027139677885	21
-0.105892841741852	0.301168218049607	21
0.075422786658737	0.333490778054191	21
0.00281951279305198	0.240736212896902	21
0.011778086245984	0.183022787233715	3
0.055873539209183	0.270825423168384	3
0.086254762181299	0.579072076142533	3
-0.034805517332676	0.395368091861249	3
0.080589353198316	0.70035875764283	3
-0.082298605442712	0.304492278934135	3
-0.07811693554881	0.243471065880126	3
-0.076383485273358	0.30434357920215	3
-0.107062163242325	0.273383729326527	3
-0.027413469724108	0.388748642218858	3
0.094188066850124	0.420100402968128	3
-0.09239595328898	0.172246245176466	3
0.010475785368812	0.256881601439237	3
0.038333540954674	0.425345462546641	7
-0.042462219400062	0.240980797699285	7
0.107118100300284	0.504354892138116	3
-0.105098098172946	0.185266138609848	3
0.093764735900014	0.419270379457191	3
0.114201974406232	0.60131302781867	3
-0.080056666948702	0.170970289113576	3
0.08889291171064	0.391811611017294	3
0.119790152453669	0.695023747760598	3
-0.110731038500375	0.201588591037377	3
-0.100890598979712	0.0989647859869651	5
-0.101391580480328	0.208648238428215	5
-0.067420064458592	0.417757085678666	7
0.011123913976546	0.724243043137184	7
0.057626078687092	0.524678304294354	7
0.123037775972303	0.742966887276757	7
-0.035081400584851	0.256475011709006	7
-0.122170024701494	0.127613938685195	15
-0.080804480703615	0.118724716061329	15
-0.123431866816229	0.079084180561219	7
0.070216811369686	0.615679351798551	15
0.116013839103056	0.605135997923877	15
-0.063008672371649	0.325502126287503	15
-0.112731334318861	0.232862442612636	15
-0.079092213993876	0.350965298122138	15
-0.040130927662883	0.46478581129643	15
-0.016166647289733	0.506479023579364	15
0.046751953118622	0.643291762064002	15
-0.063548468190637	0.302143551852343	15
-0.002154426956748	0.444386372612982	15
-0.021552586067568	0.372113553784863	15
0.092717664724423	0.407563160903988	15
0.049837023647231	0.372532700733614	15
-0.093664434122229	0.170704149546114	9
0.041284895468381	0.438382354708683	9
0.09296311684302	0.408009048484915	15
0.080119666281825	0.349568081136585	21
-0.110481378213498	0.416165365326721	21
-0.101469720272805	0.291085938260344	21
0.115392395127715	0.978089589542682	21
-0.091188792062368	0.154550850587633	21
-0.056285706537038	0.347456124275981	21
-0.035533749082295	0.481953526412351	21
-0.080986936769598	0.118588851044695	7
-0.028494997428054	0.419048285142743	3
-0.017649239559016	0.298546668117284	3
0.045919221897007	0.640801154320629	3
0.021777902641575	0.36041832922939	3
-0.078316523017406	0.316375010611339	3
0.034469963093523	0.569062687551908	3
-0.103049338617637	0.172545080922834	3
-0.023957679594529	0.283448580251877	7
-0.102033790424189	0.235374651661994	7
0.046559128060286	0.359069916971635	3
0.110114835180637	0.551691319474823	3
-0.046940409689169	0.326461501156769	12
0.113449570410772	0.579213886202537	3
-0.063272090700206	0.17067175782525	3
-0.074610195954242	0.154419756741784	7
0.022953122298913	0.201231042602625	7
-0.01343933707001	0.146270648856057	5
-0.041570423175788	0.45707008130303	7
-0.041503604506955	0.483662355871971	7
0.066967093562642	0.847518609807718	7
-0.091757187602785	0.21150973726022	7
0.091838068861789	0.635876010762665	7
-0.030068830118505	0.37848227171148	15
0.022718290229215	0.201100423981864	7
-0.057268058277644	0.239805511255265	15
-0.052852206875388	0.25079047642451	15
0.00725279939478002	0.382131564631959	15
-0.033254012166371	0.367209355171013	15
-0.067724655686865	0.31194158683037	15
0.116139406906359	1.05131428943851	15
0.050386565384083	0.255211769245568	15
0.066901883656995	0.303133693450136	15
0.011982396364129	0.18318608793781	9
0.046344499532502	0.463094251404606	15
0.052998184680504	0.506788624493332	9
-0.015620772363793	0.206834115128192	15
0.067904662361813	0.45405528582862	21
0.101979140575838	0.742776404816006	21
0.030287064278727	0.763573200580451	21
0.021675703391717	0.859170353174004	21
-0.118591333491556	0.342366304905931	21
-0.042835436696163	0.24043909939974	21
-0.117978329379597	0.147248411917801	21
0.023252772268189	0.201539383267111	21
0.051611906831843	0.592002032143771	3
-0.018366829200336	0.423382775875888	3
-0.015602759744172	0.35245055706004	3
-0.101494055688896	0.249973971250897	3
0.076803844480479	0.506193865901398	3
0.103631696247245	0.48763472530621	3
-0.101332067020371	0.140032268927159	3
0.018109446366577	0.273404702164746	3
-0.07618283332829	0.267750878496314	3
0.00879502410692101	0.384946212651201	3
0.054918362305853	0.5110466473737	3
-0.026396033413214	0.357661916279956	3
-0.116017802369885	0.202518033562829	3
-0.030722168968916	0.125792362340233	3
0.079762880347858	0.349159475884153	5
-0.074238552000136	0.369228386042528	7
-0.054794592498879	0.399612583030405	7
-0.060976331112277	0.260078933846823	7
-0.110872883115618	0.174060069042877	7
-0.00302476002162699	0.447424358206255	7
-0.024116900173597	0.191626083210401	7
0.067265583940188	0.303576859544616	7
0.00302127004494401	0.241014435237204	15
0.113243041587277	0.588980395355907	15
-0.06662092332538	0.27046182455762	15
0.011381128186325	0.567705569412177	15
0.049398323393324	0.671463975417051	15
0.054849411532989	0.5109997796152	15
-0.085933569289788	0.293569557419899	15
0.004737488364573	0.527730970599358	15
0.056106660590533	0.521254291969227	15
-0.068019338541139	0.267956821505337	15
-0.107355734932651	0.209845311168954	15
-0.100324042499085	0.0993636038635462	15
-0.06415555483554	0.198401609095543	15
-0.053068634979535	0.186535430851479	15
-0.023422741134596	0.284287782648842	15
-0.076117066345313	0.22457983141401	15
0.051928387876956	0.497044708705598	15
0.093460239346173	0.418813749199124	15
0.029877699797193	0.692975518791933	21
-0.111468463649	0.212973030131435	21
-0.024190834436556	0.366714828343959	21
0.050341556680715	0.486248718144038	21
0.075756032836268	0.972988532997953	21
-0.050452937935601	0.49770183641187	21
-0.066327850704201	0.508723133119612	21
-0.087034878325297	0.459153022413434	21
-0.083885332597384	0.0792630041957088	3
-0.013563942903514	0.146182064666656	3
-0.105542399272488	0.199150361338472	3
0.097963498608476	0.436321424450302	3
-0.019953612949725	0.33921229598787	3
-0.056244082767893	0.27201143486189	3
-0.00726288649735199	0.379055285284897	3
0.10075252644472	0.721240562119104	3
-0.000885737952806998	0.349540398422473	3
0.07599453852674	0.504530557018122	3
-0.072036220409424	0.257378250909155	3
-0.11780185586856	0.17487208007911	3
0.044497884259192	0.451983099674767	3
-0.033557549262963	0.33439605470949	3
-0.059938276296562	0.261777487686337	3
-0.099750582147947	0.196145218584278	3
0.017231364323844	0.537280991797052	3
-0.022487553369539	0.329480828699152	3
0.083911311295977	0.364738121651424	3
0.032345066152992	0.218699147147006	3
-0.119030252956625	0.15984612262142	7
0.075688479531298	0.333863278595378	5
0.037241041583821	0.32931953672209	5
0.069173925522695	0.45652153867366	5
-0.111298030418307	0.142891218258283	5
-0.071015404698598	0.280758833859828	5
-0.123163693113245	0.176481003619549	7
0.094503771111195	0.651472424849891	7
0.015000859520576	0.465335422517835	7
0.03099651072626	0.553283993170475	7
-0.062288009521099	0.304599962378026	7
0.105447591836746	0.789588687738299	7
-0.112254160373527	0.172054447273209	15
-0.103792264688484	0.171539908760762	15
0.015975507694865	0.411462305295505	15
0.045905000474911	0.556316452518865	15
-0.111818549951977	0.22477351179658	15
0.02886132792532	0.535248018822533	15
-0.067119821498187	0.291643618157157	15
-0.099288384283786	0.257022041268345	15
-0.114929441708082	0.228473772498194	15
-0.092359203756022	0.210588998175605	15
0.076691010733974	0.335039597093619	15
-0.103775373563889	0.171520383210549	15
0.00521749960031698	0.63381648793677	21
-0.045407604879315	0.464949899031519	21
-0.083993261317315	0.24718452463538	21
-0.082535956645097	0.356163223326264	21
0.025728573174949	0.662073195531002	21
0.076725221379391	0.81616916756489	21
-0.099858212523994	0.30939810103364	21
-0.070655729047765	0.359828903425353	21
-0.116380658696202	0.326904083816948	21
-0.084963168921843	0.42074662118584	7
0.111731113967025	0.076032888564632	7
0.046091114162594	0.358492863411209	3
0.017469088975693	0.272657380506844	3
0.090219541058185	0.393768974372966	3
-0.032528796920167	0.302048647374076	3
-0.115052495361398	0.191827774785827	3
0.117458212343704	0.659139547831984	3
0.023919573020156	0.288236414700346	3
0.108754527107723	0.82755923945029	3
-0.017073628508342	0.426284146645889	3
-0.083731930166561	0.336308886601234	3
0.00173098716065501	0.413803478934231	3
0.027098904602743	0.459820462087017	7
0.105400101723173	0.501242954382908	7
-0.088982914082646	0.198514898722834	7
-0.118951292260533	0.146054417483941	3
0.046879282819736	0.46398834904246	3
-0.073159525110738	0.25538554872201	3
-0.051785500199463	0.252442873653119	3
-0.107789279933131	0.209064255475302	3
0.00916204469177301	0.550764982570723	3
0.016803893595804	0.475489411230833	12
-0.071368243232054	0.211301436866135	3
-0.012374061720413	0.263406302607751	3
-0.103124840333025	0.155706593761415	7
-0.042363866162921	0.203602998029519	7
-0.080797543482425	0.170137716845272	5
0.010005173547419	0.256332287268038	5
0.081365575287106	0.541858097805295	5
0.046251004075779	0.557058195447131	7
-0.115964417889246	0.202633796557882	7
-0.013004437340818	0.362590027343183	7
-0.046137058581127	0.26568157258657	7
0.102425656303047	0.475150663664285	7
0.00575749593772801	0.433373442177092	15
-0.029086036892469	0.270411287007734	15
0.00395995999777599	0.364142828071867	15
0.024310515104391	0.440703644536866	15
0.110222757027875	0.541491434842907	15
0.08019509003778	0.539339471814141	15
0.00948513330032102	0.447235442068394	15
0.072349777275482	0.479770461932175	15
0.071639599391021	0.611762670058535	15
0.063503687558829	0.437318330092478	15
0.031782312692521	0.555416727171499	15
-0.043538920663834	0.306877852154171	15
-0.086423091704264	0.242862369954147	15
-0.124108365212405	0.163032619792791	15
0.11159807295758	0.554697995899821	15
0.06488169518878	0.439854559872428	9
0.00385588771901002	0.241854589247887	15
0.055073877956178	0.818086913979969	21
0.00109982794100499	0.457341246095467	21
0.038641605005985	0.764681833231011	21
-0.094786560350924	0.353397006809443	21
-0.122779525380231	0.275842844584925	21
-0.08622153532185	0.327453014149373	21
-0.02603251949712	0.570475927573158	21
-0.078196789657607	0.406389690382334	21
0.019694976972742	0.797280283286172	21
-0.109974006667512	0.331449143196865	21
0.075161787158809	0.333139304385061	7
-0.071301329020381	0.235709830152674	3
0.072503359043794	0.31987823171002	3
-0.096642727599874	0.18444331689242	3
0.10288756325636	0.475781489040383	3
0.03958768274245	0.332650674730398	3
-0.116947316826723	0.162756595359584	3
-0.100968158867278	0.223567413559315	3
-0.022478042300249	0.370312362384885	3
-0.114703246986742	0.216977843526299	3
0.037582782624672	0.583864749153984	7
-0.021199351878249	0.245894624635468	3
0.106911048569405	0.803380380811458	3
-0.082963146834562	0.21073097988899	3
0.077544205332627	0.507635567546852	3
0.038380044780872	0.511216799304785	3
-0.085895489633229	0.18415922620888	3
0.023433794629749	0.287656264110307	3
-0.101118211879272	0.140248807796679	7
0.038357992983099	0.330985339887413	5
-0.10201403984156	0.119988405706041	5
0.090531148116623	0.394187991170295	5
-0.077591794631117	0.198893409338754	7
0.092691108848692	0.638232626669596	7
0.00237800007067401	0.361348750524017	7
-0.10636815252283	0.224712170731626	7
-0.082630867858971	0.21120063810549	7
-0.00120756200439301	0.349017178436446	15
-0.101391580480328	0.208648238428215	15
-0.099821155770197	0.211205222866608	15
0.04747874821536	0.472841521894296	15
-0.038608206967563	0.382286649204883	15
0.006004695383519	0.42811529751871	15
0.076803844480479	0.506193865901398	15
-0.00829585478711101	0.32511433411725	15
-0.070762332512371	0.236603625546309	172
-0.069786457980665	0.238096057629982	15
-0.022454094252418	0.32955272238477	15
-0.092083860146082	0.245138944820628	15
0.025659252174567	0.456616021906713	15
-0.085942024801593	0.293510257232015	15
-0.118114321644133	0.174398181229638	15
-0.011290127202833	0.365883970459024	15
-0.066270935473092	0.293307604428039	15
-0.102963377067811	0.310855619626385	21
-0.114880716645161	0.294482940252698	21
-0.116326276933647	0.288878674103934	21
0.026076530163078	0.863408798083564	21
-0.072971406559645	0.492164794098266	21
-0.093758253880002	0.301504419288645	21
-0.103188434081091	0.31233886490938	21
-0.100243117986357	0.368396725672981	21
-0.01772252960278	0.581581567405119	21
-0.113880905770873	0.325668838276059	21
-0.091166979889197	0.154581485343681	7
0.025888441388469	0.374343192968974	7
-0.013360025483928	0.209172926082187	7
-0.066706566640484	0.270302414141568	3
-0.099348678418966	0.196764616803291	3
-0.124094063291738	0.195244733493315	3
-0.085352401403286	0.244802445259662	12
0.100023230877879	0.710219915164409	3
-0.119518845720936	0.172245047722444	3
-0.117605287897225	0.147698670450008	3
-0.006807063145155	0.277101325760741	3
0.099720380355219	0.709437801405853	3
-0.065355269192523	0.359476134389232	3
-0.032664486818025	0.30173830877873	7
-0.11406575826595	0.123558529771411	3
-0.101200158080046	0.208950231793353	3
0.082069299850088	0.552166407238366	3
0.06448779565463	0.57103981711208	3
-0.009371691583168	0.3747912114589	3
-0.116549932799619	0.189488386285915	12
-0.096964916293414	0.183980764478606	3
-0.112633855256191	0.141331991580958	7
-0.071419207484532	0.185220663636012	5
-0.04825378483831	0.22819424982162	5
-0.119692912189263	0.17195221865142	5
0.078226620666529	0.517734939971062	5
-0.029827042581822	0.346242553484624	7
-0.086334755855266	0.183580773510801	7
-0.077173678410264	0.222993655871435	7
0.059517061209124	0.413619180831353	7
0.063543375226289	0.676403348357143	7
0.018662046413082	0.423102611200057	7
-0.101891247682376	0.221952815864415	15
-0.039147515639232	0.319313558875895	15
-0.061886338281075	0.282673086603546	15
-0.064026849871337	0.301092495001452	15
-0.110239773396568	0.160017666653655	172
-0.106970758933981	0.210288468404958	15
0.088074139152293	0.600801996322262	15
-0.122011982560681	0.178261517380488	15
-0.051125319471896	0.338705147319073	15
0.080926514505167	0.549477864577213	15
0.054139819492423	0.50941077372387	15
-0.106302730291442	0.197958730104633	15
0.05159347472408	0.488827629646663	15
0.053745652263045	0.50097737120112	15
0.044738676983662	0.459848246492482	15
-0.120300193647197	0.19275493861613	15
-0.038216971758842	0.555742707558789	21
-0.030108414208064	0.723731070106408	21
-0.041371262553652	0.59143156229921	21
0.072872828013198	1.0489058743191	21
-0.096607436497002	0.425002040688238	21
-0.017824220227342	0.384594842133787	21
0.115047415642847	1.0030238347746	21
0.059674961740128	0.867997031586014	21
-0.113297803378709	0.298790650747539	21
0.049368486166329	1.03749927719191	21
-0.048749399457864	0.644312397559249	21
0.050539273532839	0.486456970520219	7
0.011369440316147	0.182671102528871	7
0.112302183298159	0.566488079072618	3
0.113881002420533	0.59041581049675	3
-0.116085677216198	0.235426129410404	3
-0.12305207957486	0.0793398988018407	3
0.062208215604095	0.287730549584082	3
-0.122169243111977	0.200801236898839	12
0.040199107130426	0.333475989100144	3
0.00369903796767701	0.305044854620295	3
0.102101510139646	0.724973657861766	3
-0.02541132907534	0.431094728725612	3
-0.096096639109693	0.321339851693525	3
-0.106671420773237	0.274297515569861	3
-0.093641426387087	0.330079873103175	3
-0.117839646619438	0.187381276233082	3
-0.119165887185906	0.237746425106803	3
0.029158196572791	0.387105044461802	3
-0.086461656158756	0.138450016753172	3
-0.111906605491648	0.142166597894357	3
0.109485828773401	0.540156512213686	3
-0.012287002635515	0.447632629618868	3
0.074365872998346	0.492594521402291	3
-0.093262868892866	0.209158186101903	3
0.015611498856424	0.410740686442323	3
-0.069504834235396	0.213855925803907	3
-0.020631412325487	0.337933588823921	3
0.112434512784285	0.587195756458008	3
-0.00629843671121	0.277839812648055	5
0.065216594043857	0.440686908381875	5
0.020662121054499	0.358518619120703	5
-0.090818455207829	0.154966308595885	7
0.094390061371426	0.420346280678203	5
0.095237263480282	0.421721942679463	7
-0.094923411667034	0.353098494419522	7
0.028459052230345	0.745690503024693	7
-0.105198915367444	0.185111766792433	7
-0.081299238997825	0.32497718437584	15
-0.091356857142205	0.246480860720966	15
0.074074791852073	0.641810560879396	15
-0.002583619707101	0.399344310538628	15
-0.032751544994746	0.368259870391154	15
-0.037532037465759	0.384835727092488	15
0.079969015227182	0.530096020196973	15
0.123194903560356	0.772701183869849	15
0.021318680524563	0.498101196294367	15
-0.115337649243654	0.215749569874651	172
0.046776511258935	0.558547097115492	15
0.100576001201292	0.461482165148895	15
0.016685733721309	0.271725401516414	172
-0.01961611044187	0.295596206380172	15
-0.104694802320778	0.185847094755995	15
0.023014267598185	0.508261753672327	15
-0.063170509743179	0.17079931782059	15
-0.065819019373343	0.378427576883598	15
-0.097171253026252	0.24731642898287	15
0.019412797024263	0.549085751724275	15
-0.087645877524079	0.289772964503018	15
-0.089584076645895	0.218006166791429	15
0.105799871117922	0.772070288993521	15
0.049162227686338	0.371382707497275	15
-0.005411174976619	0.388126588866155	15
-0.058892940477099	0.551462758439126	21
0.071981551329012	1.17433389353999	21
0.029425162802676	0.996028362342383	21
0.060122374403999	1.16693206131425	21
-0.044176120600754	0.636870332808017	21
0.06729110464752	1.28136090288479	21
-0.030466467168713	0.409931531592844	21
-0.03420128645179	0.333131861409825	21
0.083091651526023	0.562927027772632	21
-0.092845203577996	0.346965972527879	21
-0.008719569019393	0.551275920995852	21
-0.026063119467946	0.530104781474396	21
0.00632360625932899	0.486397277941282	21
-0.113633372730404	0.265048022516076	21
-0.075640382959892	0.400155978453541	21
0.109594204438119	0.529938001567429	7
-0.035871866502434	0.17390470461304	7
0.075160165780039	0.810281060660817	3
-0.025001576315447	0.190765543152678	3
-0.100956413914073	0.0989098588228081	3
-0.055542606095221	0.273197755984501	3
-0.064047713997787	0.137371570045172	3
-0.00511450406130301	0.279336657551082	3
-0.068694461673053	0.390020254792731	3
0.056571424358625	0.400189773660372	3
0.033302815350732	0.408628994279098	3
0.023277320310697	0.287466673971852	3
-0.112349326067508	0.171925236578239	3
-0.064463840950434	0.225100728853088	3
-0.069504834235396	0.213855925803907	3
-0.098239075146836	0.259211107303018	3
0.01891262906831	0.486319024203355	3
-0.117595098128881	0.161882015341085	3
0.058660153519751	0.403620586833318	3
-0.055337380618638	0.398138918093735	3
-0.027316237071827	0.315955204400567	3
0.075287850464325	0.494337865401375	5
0.075011339231375	0.493851182055053	5
0.063978943658709	0.429887876886012	5
-0.072163628959135	0.18433681419219	5
0.112534147393926	0.566952148349079	5
-0.000917410291249005	0.291815923554678	5
-0.089510149517276	0.156388067325977	5
0.00244404503454398	0.361430999813154	5
-0.069416242435921	0.305060024823275	5
-0.082661614137743	0.232570260106719	5
0.054780635940873	0.614607583085299	7
-0.087614275760113	0.337625274122696	7
-0.111968258337764	0.186362377799801	7
-0.055420927429053	0.34933627645018	7
0.072754469754392	0.749865062870385	7
0.042307341088884	0.344692080552274	7
0.124970688800305	0.778082920498802	15
-0.045317476903236	0.329631110773085	15
-0.055295242485138	0.302424244324688	172
-0.071011937767412	0.211788594698294	172
-0.00600265953161699	0.334829939885406	15
-0.06403928169029	0.301125910836959	15
-0.118868526917065	0.218417847794985	15
-0.108355629761985	0.208081634196649	15
0.054979686512057	0.608099214505405	15
-0.110170880139223	0.275303834119835	21
0.00417368078983799	0.766813079254543	21
-0.041015797652369	0.539304077731107	21
-0.097977458305245	0.410855328036293	21
0.073560872516103	0.632605788440666	21
0.058291185938314	0.86912483346037	21
-0.062198276041222	0.561766058572847	21
-0.097576325992386	0.430496611572209	21
0.017482591657044	0.272673921589617	7
0.015523962450972	0.410569270215761	3
-0.0721223480048	0.257226860942312	3
-0.087469245933144	0.137473013606918	3
-0.081071714724647	0.16982454964582	3
0.094587677186154	0.677234817790242	3
-0.10149683767191	0.208447292915552	3
-0.088022971881145	0.255548306223183	3
0.011784354928202	0.452418456913087	3
0.038794265118525	0.593867367080055	3
0.119833583870227	0.674898072459717	3
-0.112556907214226	0.185443667889156	3
0.111148403708264	0.564096176924285	3
0.113633978678985	0.599941571895557	3
0.060457812385221	0.538580455385896	3
0.00516098182237101	0.528885471887488	3
0.030106318247938	0.544777813815023	3
-0.02325700064635	0.328071418736494	3
-0.111129945392194	0.158866516992898	3
0.082705168336128	0.56213414713914	3
0.065833079179474	0.441787289863601	5
0.104636950984737	0.49976386017708	5
0.016472183527557	0.271461883958253	5
0.096391703910599	0.433781290489808	5
0.090960561521572	0.394751541652597	5
-0.094934994980014	0.206484607813098	5
-0.089312568842115	0.198081581653551	5
0.049539618520888	0.372015048604053	5
-0.109365809014394	0.161081310820932	5
0.05723975868983	0.401348484996956	5
0.026395636380499	0.522791362873516	7
-0.107577308660476	0.235396365839338	7
-0.110522702755184	0.227234988297422	7
0.114838555041328	0.602651641578996	15
-0.077591794631117	0.198893409338754	15
-0.085785869495034	0.244017343117058	15
-0.00953608925132199	0.323121419256659	15
0.00195451412455699	0.414191138507486	15
0.077803766078232	0.668075131743513	15
0.122969829806561	0.742797051898946	172
-0.041266266451799	0.242664267318631	172
0.087859233525008	0.600284356702321	172
0.038338854186427	0.33096895050837	172
-0.079309038406047	0.258761104900632	15
-0.013795746363435	0.402947775409929	15
-0.111980371613062	0.172391754751756	15
0.121313604351908	0.728352557499865	15
-0.094977492362305	0.222131691262986	15
0.118334051019071	0.651302719115927	15
-0.038769637874002	0.320078353842327	15
-0.031923717763809	0.303091324882357	15
-0.026047114943573	0.35834823911798	15
-0.0619291472288	0.6050289550928	21
-0.053085043916881	0.52729937226542	21
0.017997707495127	0.484008513346684	21
0.119719692513208	0.694813304057147	21
-0.090093702998293	0.328784462291996	21
-0.08626797974701	0.483524561372495	21
-0.05456714984267	0.573524003981385	21
-0.072655899807915	0.463534783290831	21
0.061661848100506	0.902223995004077	21
-0.116868427593654	0.361631837057846	21
0.085809678749161	0.586683233793143	21
-0.082831373525816	0.268497902339073	21
-0.101490655716065	0.12046859285365	21
-0.057560379935855	0.317775981443938	7
-0.062961216261399	0.171015689806178	3
0.024244433360083	0.511244561562554	3
0.020590454417837	0.433303363996482	3
-0.104930143534341	0.185487473766027	3
0.063024931433856	0.428204171122903	3
-0.077510910700385	0.199003413603059	3
0.06819618140354	0.454759159540241	3
-0.046491193322846	0.297303105070291	3
-0.00129827625047399	0.348826807577123	3
0.075834661613331	0.654588674813505	3
-0.042310596487839	0.309187723859307	3
0.076802141871517	0.665166752936774	3
0.00278118795279902	0.362070303066835	3
-0.106280823211839	0.211711557329776	3
-0.072727660453759	0.277446622551251	3
-0.02272172791697	0.329079956048216	3
-0.092191488199339	0.210829210757618	3
0.113297720487312	0.599221194306802	3
0.012128405444761	0.458898796134063	3
0.043272591705391	0.626443773821934	3
-0.00465788420865501	0.225375611207525	5
0.075320238449163	0.333358488968303	5
0.056503532477437	0.522211063473191	5
-0.023913687606093	0.191814334729002	5
-0.00976874374852901	0.458779076851781	5
-0.087822876090128	0.255835941391101	5
0.00854526837046399	0.439573949982254	5
-0.077432704671868	0.199102369424345	5
-0.083596206222269	0.282955408866135	5
0.035037220512623	0.570539142770065	5
-0.048280355120901	0.319894390925629	7
0.064621669237968	0.686961162025917	7
0.046311625916397	0.358846519118864	7
0.111609946254442	0.565082868310036	7
0.069223578990543	0.456554637928445	15
-0.070726337832282	0.281313647168169	15
-0.032896846385837	0.367952117378487	15
-0.079812055681893	0.257871956850084	15
0.092177133540707	0.627853008261555	15
0.05815954292442	0.63853774227245	15
0.016671362841661	0.271673946258079	15
-0.036383928929138	0.356291516842004	15
-0.031122466900782	0.343686368648318	15
0.100210925548195	0.710729293680187	15
-0.035747756941532	0.216727498995955	15
0.110811948360716	0.553031140618781	21
-0.043190857931165	0.623797802981544	21
0.018794522327707	0.662711245735221	21
-0.120037846854425	0.277292470237189	21
-0.102722156764299	0.380193130962352	21
-0.05611780450388	0.486429951918769	21
-0.087816206950107	0.33717526309866	21
-0.083787156901918	0.079304190723737	3
-0.037437432198113	0.322581291984883	3
0.057004016656814	0.272007533690406	3
-0.091556251220447	0.246056053647744	3
0.026306845977843	0.458099845093562	3
0.017053520063054	0.413432266521578	3
0.096459953407731	0.433846706774419	3
-0.031923717763809	0.303091324882357	3
-0.00534126441962299	0.224666632306118	3
-0.061767647842156	0.331563170287694	3
0.092695492317373	0.638168604481004	3
0.040542773052661	0.436846638473558	3
-0.10141087623934	0.208571233630118	3
-0.019528623640268	0.339967202757687	3
-0.077310060352029	0.302356320104492	3
0.022183795332599	0.200617308671667	5
-0.022554462896126	0.329375302675665	5
0.00910324069556301	0.319660563144864	5
-0.049742733026547	0.155237666549093	5
0.084338962784881	0.365276847053956	5
-0.111058169441734	0.173781322387746	5
-0.124790237363445	0.149482499185726	5
0.099568051055787	0.449410750693635	5
-0.111640357110242	0.212629530212257	5
0.053117807581157	0.595668303297443	5
-0.117169329074696	0.200493947111851	5
0.092118163297519	0.636775822509293	5
0.052517167956222	0.498335126890404	7
-0.091957432490241	0.21119175852507	7
-0.036160597771864	0.173654170767407	15
0.094170449092503	0.420008853328507	15
0.022634371410726	0.286629639378214	15
-0.102596844260281	0.173140059280048	15
-0.119847059752172	0.171734671966226	172
0.071423789483575	0.478048737604555	172
0.108264058549324	0.807527526132861	172
-0.089149309849528	0.253391483723795	172
-0.083400013670445	0.267385893392298	172
0.100449963734696	0.729267613106791	15
0.120874004707915	0.707709598385678	15
-0.099180795504999	0.197034218545584	15
0.012688778175544	0.398788900056742	15
0.058823237338813	0.647692123446621	15
0.071006537684474	0.477203241742591	15
-0.082606710754428	0.268973990215023	15
-0.113752314213937	0.123882176694594	15
-0.116569430024965	0.268396137966472	21
-0.110284294812382	0.240166940123958	21
-0.100752169805296	0.237788900304214	21
-0.100591034000762	0.238051716435528	21
0.00544128072217198	0.634439330357487	21
0.022520082744195	0.702345746337169	21
-0.094646162668874	0.367791661127178	21
0.015201860140926	0.754656046953744	21
-0.031537397495171	0.407389159287291	21
-0.052066861558702	0.252019365919445	21
-0.053715167783896	0.103290619278252	7
-0.063266945010101	0.226801857689894	3
0.040679655157167	0.437215305384925	3
-0.033849939842464	0.333900852129952	3
-0.124559344989241	0.149788866931322	12
-0.093889077381567	0.170420291399852	3
0.042004475645844	0.53316464469766	3
-0.090450481874706	0.232838650350664	3
-0.116334081321733	0.201958208661192	3
-0.08265921330078	0.26887293133448	3
-0.122242285613505	0.177927658049884	3
0.00943024257110903	0.386440638887812	3
0.077219946348739	0.515687859445032	3
0.038369615501422	0.425509458248466	3
-0.075797676799228	0.247404721066378	3
-0.118724413996097	0.146331544259603	3
-0.092162351245302	0.244974591264344	3
-0.05268461045926	0.335330751185483	3
-0.100752210696974	0.099049853286427	5
-0.062016550720473	0.171955396107895	5
-0.105703024592739	0.184362811191862	5
-0.074660067042707	0.154374156387729	5
-0.064690429993946	0.224767474682109	5
0.110825426619848	0.563368361007895	5
-0.036088698443487	0.291256785368021	5
0.009966779735536	0.387413723797373	5
-0.118442552515391	0.173896348830283	5
0.050829263438548	0.48732518571918	5
0.07616508678237	0.504868055860412	7
-0.00870178873615601	0.324511610853024	7
0.04465157148647	0.546423253793442	7
-0.056571925678893	0.240796197905364	15
0.104314333346259	0.488933672532007	15
-0.071171515985005	0.258867926491696	172
-0.105064587130542	0.185275507442338	172
-0.023199807566192	0.368742375949501	172
0.076567953208787	0.505723606551681	172
0.124982145940212	0.778093994382504	172
-0.05547621930161	0.273252130094276	15
-0.082565212444297	0.26895953147274	15
0.075929199614681	0.50438979241654	15
-0.05650818138197	0.240901911982908	15
0.091541236047296	0.405776306710114	15
-0.121293750449196	0.191077845055666	15
-0.096036374048183	0.22036678348941	15
0.011114001661362	0.257605014576376	15
-0.02103056249595	0.595693607653534	21
-0.023981665388506	0.367170603698128	21
-0.040587910758379	0.428292754787112	21
-0.113155484653667	0.243800660618978	21
-0.096187298990735	0.308619317056091	21
-0.123147648715333	0.300507558368055	21
-0.111728793196054	0.158081800774847	3
0.017078086580855	0.345759255185852	3
0.016842372103037	0.271927215767598	3
0.049419510205202	0.25424945133072	3
-0.050950870525202	0.339046280020368	3
0.041958316997655	0.237164213009988	3
0.014446675310559	0.529470566546069	3
0.00671483595025502	0.375217618768812	3
-0.107280368103559	0.209979014663644	3
0.045905000474911	0.556316452518865	3
-0.090658042216556	0.196114516089069	3
0.071877824988808	0.319130246223493	3
0.06331578443262	0.428749328627521	3
-0.04203037487015	0.340493337516759	3
0.059671504723145	0.650265836697204	3
-0.117753383234554	0.187475414248311	3
0.026775499156499	0.375759314179461	3
0.067300928196224	0.444330537531048	12
0.107189621740568	0.514983724051667	5
0.046010951147745	0.462458255458452	12
0.098817923221181	0.448158839219842	5
0.041386184400507	0.438550019106103	5
0.080402353410944	0.349961950166693	5
-0.00211366947115799	0.29010003222041	5
-0.00521442489238599	0.336238371284501	5
0.077625020002	0.516546122861368	5
-0.085288150031118	0.18493868403824	7
0.082106712185636	0.55224221808645	7
0.00355394460886899	0.3047359484101	7
0.00369502034757302	0.305016702456643	7
0.031615422784641	0.482649094630529	7
-0.100843100185799	0.251312376039304	7
-0.123541171684312	0.163853968911259	15
0.038655503960125	0.425961926276596	15
-0.047783674865472	0.320848539694333	15
-0.04102463674078	0.342549331547633	15
0.00936381567036099	0.386281935194348	15
0.013565374753444	0.333392526399912	15
0.109204978580547	0.539567524741271	172
0.023865113961415	0.446462471181265	15
-0.052670470558024	0.25108742019492	15
0.116339674044282	0.636587494323709	15
0.114335812725863	0.601593586391362	15
0.017044088763991	0.345721172917785	15
0.085382718173917	0.739423833513089	15
-0.085711019819574	0.244161188104721	15
-0.095846480403942	0.185539366884125	15
0.080053469690676	1.18005487183948	21
-0.124552542670469	0.302793832112189	21
-0.052593187722172	0.547124774569596	21
-0.015063012696919	0.669606257371184	21
-0.066053081565241	0.439994370867726	21
-0.027756799241963	0.588280274771025	21
-0.094426542152494	0.312975883056427	21
0.035942743107638	0.748058110032019	21
-0.029962509667048	0.477206389899956	21
0.114804518674678	0.966871230335377	21
-0.107087314029683	0.31088836525153	21
-0.112339797126102	0.303176604960669	21
-0.047115040850868	0.529036155057188	21
0.024066474561516	0.934853557812831	21
0.060594409204682	0.285784564955882	21
-0.000109315905787999	0.164841428016307	3
-0.013427702498785	0.403831753011256	3
0.013740451434201	0.333665387448144	3
-0.055454919326541	0.213978572110119	12
0.080304654305028	0.530859400617877	12
-0.106724128594537	0.237102271115299	12
-0.079848738016432	0.195769054462824	3
-0.094632327413978	0.169455041297839	3
-0.092845130843769	0.171693036455567	3
-0.072908147640175	0.183421485291087	3
0.046273874248678	0.557303480651655	3
-0.008610482815573	0.324682550083472	3
0.058881746687521	0.640721076860872	3
0.008868178769455	0.31942457853702	3
-0.090055485419788	0.197004607695287	12
0.00316852262443301	0.304160248579754	5
-0.077060234433431	0.199592958479198	5
0.040846766125051	0.437543941955088	5
0.019614689952331	0.425004305222898	5
-0.028959756612725	0.313008942881027	5
-0.087790976460657	0.220973054410209	5
-0.013623644923736	0.261795869475058	5
-0.088891808201883	0.198663293922965	5
-0.00734657546975401	0.276443355810779	7
-0.097243696323785	0.247169704055706	7
-0.03051456595963	0.441317849161911	7
0.097003125047262	0.692408765458623	7
-0.028187984523292	0.314412409469407	7
-0.035081400584851	0.256475011709006	7
0.00979025587036098	0.500756005291033	7
-0.026904013263313	0.356647394803898	15
-0.049060162159407	0.318305737172838	15
-0.040667001944986	0.343264832149424	15
-0.041584048420865	0.310505416044963	15
-0.07410235619368	0.271556252922194	15
-0.07181159983327	0.25776782816362	172
0.013792771349003	0.333754170071561	172
-0.00894702707497999	0.418679641416293	172
-0.041704566991414	0.310233741083413	172
-0.1096094211262	0.160712525653966	172
-0.104426029510274	0.186243165369672	172
-0.07581510439515	0.247361706878549	172
-0.05766774497019	0.239113146356195	15
0.117380852178502	0.638978148835165	15
0.095609474047119	0.422263386064852	15
0.088691465240937	0.610846567424941	15
-0.124935125083076	0.193746180496045	15
-0.122301339148157	0.17783079721744	15
0.101478249166136	0.741034010076976	15
-0.00429622954287501	0.439359953050933	15
-0.022108539031509	0.370983819532925	15
0.121529923560517	0.73851401000444	15
0.060198784232793	0.414803014496689	15
-0.025603642396869	0.35917209115618	21
0.060299802704998	0.545939773383634	21
0.062911048369406	0.666993230378902	21
-0.110462762748401	0.227407267044804	21
-0.087687320801928	0.466562729632178	21
-0.106759072984131	0.37959210250109	21
-0.105584091852864	0.348224145078469	21
0.102474382057183	1.0299777212882	21
-0.042542926774414	0.583861193070922	21
-0.101853773767719	0.157244439220621	21
-0.031285362864991	0.304171604831627	3
-0.103045668303206	0.138185268753722	3
-0.087757104910859	0.221042553073421	3
-0.083788954880737	0.209517458660185	3
-0.062878251315139	0.227331080589503	3
0.013894580237639	0.333815522200418	3
-0.118432075558874	0.146701583071447	12
-0.048624608009118	0.227689867650643	12
-0.021628265065687	0.376557511507566	12
-0.00703822359165299	0.379479266103336	3
-0.112608565273214	0.185340622956908	3
-0.084859934682264	0.245620856529214	3
0.00929636420505298	0.386189433359446	3
0.01725826325424	0.420171314311326	3
0.114437035172571	0.601840277204014	3
-0.042012513539738	0.241625768567583	3
-0.072717253606758	0.277467354713489	3
-0.08873208245519	0.235762492535023	3
0.00563290380800902	0.47923033840779	12
0.067062817389916	0.303340746898918	12
0.067504063355918	0.303820491191314	12
0.057134390627426	0.27207749889056	12
-0.114435931757803	0.123172204191555	5
0.056503532477437	0.522211063473191	5
-0.027597633085549	0.23216590261349	5
0.034129936741928	0.317214751105345	5
0.010049917842324	0.256364057063728	5
0.065379958202587	0.440979524813381	5
0.046776511258935	0.558547097115492	5
0.01282241068022	0.399061616209028	5
0.115124052386916	0.623643604586784	5
-0.072829432831659	0.294668507283033	7
-0.106729224143137	0.237070972170685	7
0.119867980600996	0.705018763022755	7
0.006492007611554	0.481264875267515	7
-0.019697061927599	0.380795395296917	7
0.09335885507223	0.648559126526558	15
-0.073619011559282	0.15536480898172	15
0.00909841738292999	0.319759252762224	15
-0.059289406425368	0.236760432798193	15
-0.110635260246644	0.18839044128505	15
-0.035954113330434	0.291467145558946	172
0.091326684346601	0.626114952634012	172
-0.096395438954649	0.219755316620833	172
-0.073946211684293	0.274989228895154	172
0.032210475423845	0.556532604754462	15
-0.086823243681862	0.222527379063991	15
0.087296821915119	0.590249797462025	15
-0.027919858760108	0.314899287911122	15
-0.095602159908438	0.3993882028241	21
-0.073910386434339	0.312902125549668	21
-0.063442698496957	0.346437207697205	21
-0.10042047193257	0.344463773807509	21
0.052493773974593	0.789217490830863	21
-0.089567986193347	0.330109486075954	21
-0.066433747188477	0.476206806310736	21
-0.041378330934204	0.591411934716	21
-0.108998086909295	0.345613830054743	21
0.019512957120198	0.899737714427149	21
0.000592365301296027	0.781310449797296	21
-0.013924728383727	0.208638044510019	3
0.040342825803195	0.436560945285861	3
-0.107340274209604	0.196282588084686	3
-0.056076711246377	0.272286977928329	3
-0.110504658673142	0.174580243286817	3
0.044438358832402	0.347736042405463	3
0.101912014293212	0.463677157318982	12
0.112198846064508	0.586645012633574	12
0.068991495352302	0.456128708271506	12
0.111056251651516	0.563886226045828	12
0.090683422462941	0.632953286224086	3
0.077231046205158	0.666507803164441	3
0.00280700494508102	0.416003726356059	3
0.110856418540598	0.553234347530758	3
0.077210167005613	0.506826123735916	3
-0.080443809311056	0.236175725259499	3
0.117836979116579	0.660290994475672	3
-0.117475584660494	0.187985469397988	3
-0.075703228178461	0.153276891214077	12
-0.079530540412979	0.17154169318089	12
-0.062920558016817	0.138267862265573	5
0.046675003557205	0.471068085138506	5
-0.00875062240174501	0.324464812196337	5
-0.035553445972341	0.174211840638275	5
-0.00171334240405699	0.348129756528363	5
0.030836618900021	0.474249675092591	5
-0.018627201023053	0.341618912793803	5
-0.047420444654403	0.350559853445418	7
-0.064276737303213	0.25070254085313	7
0.024298145007148	0.447388487357264	7
-0.000182060431909992	0.454387533481767	7
-0.032361225104287	0.302338081060281	15
0.016996829425813	0.345654674814457	172
-0.097536975167024	0.232372464121863	172
-0.050337412409129	0.286244608786768	172
0.036161456105189	0.499421126969604	172
-0.077199499668223	0.24504545469586	172
-0.036730704939497	0.323872983208425	172
0.074485580672479	0.643005628051105	172
0.056603055574576	0.626880726232072	15
-0.065571893653459	0.316454458561208	15
-0.040554147066757	0.279194962784589	15
-0.098678539021516	0.197738902906017	15
0.00919568346297001	0.385989901018323	15
-0.117909256647117	0.187272380895244	15
-0.033066087996273	0.301044836332978	15
-0.086237317205979	0.277481498474017	15
-0.020800945300287	0.740267844676432	21
-0.11071023740504	0.307684822050655	21
0.09555284469382	1.14759433059186	21
-0.016977511777945	0.540682198000749	21
-0.111186104584425	0.285577813600898	21
-0.1169539052243	0.307612196823799	21
-0.064066310984495	0.537242091852937	21
0.073233069587294	1.06391279929063	21
-0.09742982709909	0.404892994135709	21
0.043908785937168	1.04120625976559	21
-0.084087074566532	0.452704935317438	21
-0.061033990541081	0.52231475624874	21
-0.088156799718281	0.199711791789003	3
-0.124100788512676	0.174983971405279	3
-0.071724875339102	0.184871655374147	12
0.02979015741996	0.537507375436202	12
-0.018152614639975	0.423888256136876	12
-0.111049053053392	0.158959961196951	12
0.001582535921199	0.413402773380741	3
0.093115508877096	0.639206880063831	3
0.03235391232992	0.556942493694378	3
-0.054837580569556	0.327138412464122	3
0.040090292309134	0.521917347390283	3
-0.082032478336376	0.253784910040145	3
0.003627689707564	0.42332625322773	3
-0.089733596927575	0.19746844845079	3
-0.04721860601442	0.296003222028242	3
0.118244524114164	0.681105121838038	12
0.096151802541017	0.673132221857746	3
-0.076258118857717	0.267600026158249	3
0.079492841050997	0.348793741113185	12
-0.080604924830661	0.170337368261079	5
-0.073084214528141	0.232878480880082	5
0.120351368347863	0.716031694887538	5
-0.107412166795777	0.20968414583131	5
0.04173471182243	0.532546627316023	7
0.00789834525178701	0.438140253182592	7
0.011412795792125	0.457167019042455	7
-0.080950835355492	0.255754808279007	15
-0.082308537968483	0.211701744370792	172
0.037365223275875	0.41613957003044	172
0.032632165140183	0.400437505213028	172
-0.071777663198803	0.257791048602812	172
-0.111119638082	0.187615939058496	172
0.038436871632775	0.517877319423694	15
0.056437540252713	0.529252565507895	15
-0.022119630221962	0.371041874345116	15
-0.065555928621574	0.294666848495292	15
0.018762165387522	0.348440911179062	15
0.021795527527138	0.360430052422961	15
-0.105772517461937	0.404324249242578	21
0.090603607336216	0.990133846092469	21
-0.100298285312505	0.359667158244899	21
-0.043904672609132	0.522862264445323	21
-0.104152215089343	0.354450403817124	21
-0.043287855109848	0.599871378153226	21
0.071966997650865	1.03211327479997	21
-0.119724158631431	0.278154503967864	21
-0.113011547897542	0.363836266398911	21
-0.025379986699695	0.66314069276762	21
-0.059108211868816	0.566227350747659	21
-0.019195489407929	0.747334031255955	21
0.089848994064283	0.393246097880523	7
0.111731113967025	0.076032888564632	3
0.032866518129377	0.219221400280915	3
-0.10133878544395	0.208727499385679	3
0.094357323887478	0.659754037414696	3
0.106500764316951	0.503279628965338	3
-0.071300384224515	0.235746947210817	3
-0.094197963069485	0.207639262514773	12
-0.022219915265758	0.3299537619168	12
0.013123351718972	0.399525555268406	12
-0.077563034916637	0.244425092513449	3
0.088074139152293	0.600801996322262	3
0.071534091212088	0.619387148315231	3
-0.104661258431062	0.185902059329118	3
0.098799732051618	0.697860999780755	3
0.057435767808742	0.524174497391706	12
-0.016626867795141	0.391964252294297	3
-0.091078295314813	0.247002385060552	3
-0.0401846195326	0.279767314993734	3
-0.050562636702727	0.367942596858612	3
0.00768940111855598	0.437750185890692	3
-0.066962316930644	0.246395009259534	12
-0.022119630221962	0.371041874345116	3
-0.041194313740919	0.242743153337632	12
-0.027109546836425	0.232759097582355	5
-0.103484945826601	0.171940318198979	5
-0.00721050374887999	0.276616545424143	5
-0.02829101834381	0.271537110299748	5
-0.057647133773163	0.269545089175879	5
-0.111466312889132	0.187144069497594	5
0.068610109419258	0.455514576138949	5
0.033855359955314	0.316844127391607	7
-0.033772107045648	0.333978651056558	7
-0.019760877615296	0.380637159051828	7
0.099525362817438	0.699907874317633	7
-0.071849205278872	0.299984402360242	7
-0.048422553576108	0.348363280456615	7
0.089620943352002	0.613241856027896	15
-0.095050488308956	0.186578661083401	15
-0.084111132747925	0.209008200271558	172
-0.034876924235604	0.293199437511357	172
-0.016904836933282	0.349936160856063	172
-0.00220764471389601	0.444332570604285	172
0.122824902951284	0.742385649996775	172
0.074504202226545	0.492868526448876	172
0.109534733167563	0.540226472113926	172
-0.024294075968457	0.326258155967447	172
-0.052257759527544	0.251700161184876	172
-0.046594346805724	0.297133716639957	15
-0.045167398508258	0.330062872531095	15
0.062203052950201	0.665017859185648	15
0.088376398654511	0.765283103510036	15
-0.070639220191277	0.212301702651058	15
-0.034634854012945	0.332355329543683	15
0.113767822982648	0.600284187469636	15
-0.049003027334468	0.318530778370602	15
-0.124062165829124	0.344270037169237	21
-0.077266706437104	0.546876032246936	21
0.010135406620717	0.897221019304519	21
-0.051153228760152	0.489281427159326	21
-0.064478037755962	0.38514393521117	21
-0.099036310380087	0.352625082013576	21
-0.0139262474496	0.637195875533583	21
0.047329622724906	0.360299429571477	3
-0.042306956055409	0.20367246289876	3
-0.030865643156923	0.125692583795998	3
0.038939633784807	0.519144850338957	3
-0.077993642576388	0.28113820895934	3
-0.090251095531114	0.155612573880819	3
-0.013722827308261	0.208831983313187	3
0.055148668594368	0.269983663850495	3
-0.100686365264306	0.0991129622070755	3
0.054432711582685	0.388283569997218	57
0.040679655157167	0.437215305384925	57
-0.051167739356731	0.284855533594388	57
0.01441876643666	0.524039685087907	3
0.073294387528752	0.631854028063829	3
-0.060206277822823	0.261318455892636	3
0.033234142294741	0.40148218320567	3
-0.028444052336646	0.386451373887502	3
0.00312457482267498	0.42220085661011	3
-0.112752044214035	0.21062187693189	12
-0.091647740787755	0.245952738952792	12
-0.112014176332507	0.199436199545446	12
0.042797196020461	0.535095653523542	3
0.040375707822055	0.436605795572123	3
0.113062663789488	0.598675178572734	12
0.105303428816727	0.490629497751341	5
0.083701012695513	0.555738954291284	5
-0.09783969810151	0.199057877850262	5
0.091448186766195	0.395294892519827	5
-0.052642654416716	0.186987533874204	5
0.10116981453297	0.462561594105113	5
0.00281420641688301	0.362089560682806	7
-0.047839872860119	0.320557294000669	7
-0.057045706842014	0.270610762406637	15
-0.015043609252404	0.395462861814002	15
0.112944570312681	0.578156340028294	15
-0.045867166965433	0.298421193886751	15
-0.054764747431664	0.214749291471803	172
0.067632478729752	0.453684116366582	172
-0.118800064175483	0.160163955943098	172
0.094762056536464	0.420950474910883	172
0.103479733133124	0.476951428396414	172
-0.04800473947403	0.373936526930324	15
0.076264060770024	0.655790344965246	15
-0.089505821736982	0.267966980746205	15
-0.07181159983327	0.25776782816362	15
-0.062170651108487	0.282161716208708	15
-0.110780870708886	0.214202433920514	15
-0.106597460877732	0.197393809542234	15
-0.111812072734222	0.199770099201285	15
-0.045739152364821	0.328920276748756	15
0.015335072998335	0.410165455949444	15
0.000176022727535974	0.975335430228969	21
0.017234491499346	0.726232862222886	21
0.048038621468767	0.943599507359579	21
-0.121250891496207	0.345339100091887	21
0.069432497356489	1.19045574098681	21
0.120176624102311	1.12994413087371	21
-0.038502017199125	0.55826287453991	21
-0.115393636266213	0.322756879138506	21
-0.029659751393469	0.682675690415387	21
-0.077279837695149	0.443018783072681	21
-0.060202043411259	0.525318360408621	21
-0.075498941782527	0.492374515133713	21
-0.101568067021572	0.341206663077903	21
0.072670495836408	0.480572795367011	21
-0.120474868038073	0.144123188821938	21
-0.083839256970243	0.0792763149111722	3
-0.090567230935667	0.196246109146552	3
0.023689029181008	0.287904945794777	3
-0.055609036581221	0.273089068539647	3
-0.037613020980752	0.353766378009966	3
-0.090992138323212	0.154807574530486	3
-0.000750409820687997	0.453042374542048	57
-0.043688994611922	0.2021544623821	12
-0.065936204470437	0.315764705382791	12
-0.00308698009645	0.39826884992634	3
-0.037833661003771	0.321783071801929	3
0.069396829825245	0.598381848457632	3
-0.095392983797788	0.221467495716309	3
-0.018055934243692	0.384166882172735	12
-0.061522786392425	0.283307850103878	3
0.123033811432492	0.752736115026103	3
-0.019361538827587	0.340301153687767	3
-0.089229039642438	0.268527853913856	3
0.099456683332926	0.717488791577089	3
0.047994129803155	0.473875592372506	3
-0.118703595878528	0.160342524491228	12
0.057250232930061	0.272235530294745	12
0.052004963669135	0.375876929686295	5
-0.110256032308558	0.159984510611312	5
-0.061244308911399	0.259629237104425	5
-0.110198966173563	0.215261048619253	5
0.021352370736813	0.434916640102842	5
-0.07676014817445	0.223640106520511	5
0.078762646826311	0.527491690742398	7
-0.02276681559069	0.369699501018755	7
0.025011773836533	0.455063685299226	7
0.038513906877653	0.518106377999874	15
-0.020267156139575	0.338619330095561	172
-0.00100333491721699	0.40257505088962	172
0.036300732203539	0.499763541788785	172
-0.09630999574145	0.184883957234737	172
-0.11825695224846	0.18666079935946	172
-0.014572260195345	0.309185142301509	172
0.013354242073313	0.333096928242373	172
0.063840503190323	0.569458176762405	15
-0.075472494413478	0.269063811443484	15
0.095915555777384	0.663821841928194	15
-0.029542773939472	0.346807380994562	15
0.095320295402968	0.670914453327937	15
-0.059670276788769	0.262219981385066	15
-0.00504843351265	0.388869446912686	15
0.055437419086413	0.512267281965367	15
-0.018961417534851	0.340940893884298	15
0.111999475595575	0.576109759420574	15
0.109955516272685	0.540970319513538	15
0.09891243956073	1.19339544924345	21
-0.092317271430432	0.386120085127887	21
-0.067225351289019	0.473566919629389	21
-0.00495929459979799	0.737720360146924	21
-0.075497289944292	0.433417934530455	21
0.006170750001739	0.783835858038493	21
-0.10447816668139	0.330870266419405	21
-0.059912562519161	0.42682248253644	21
-0.124048170319323	0.320638785678133	21
0.00205444728874599	0.709105622191357	21
-0.096283294858792	0.436933376698149	21
0.111858698487145	0.0760513170465834	3
-0.063170509743179	0.17079931782059	3
-0.091090372921444	0.15468948224219	3
-0.116506378813784	0.103612918651465	3
0.072344920372316	0.319681948355015	3
-0.101891704220021	0.120077648826712	12
0.042251674971366	0.447513244843981	57
-0.00116074163777	0.349123557579314	57
-0.045916082575343	0.353761637528338	3
-0.050090671788722	0.286637206257939	3
0.01364659991266	0.333541924876041	12
-0.065116015679637	0.24938857596644	12
-0.124699336967319	0.149605384715184	12
-0.089873998983906	0.197256955038587	12
0.003387106305548	0.363144667138372	3
0.108398939745123	0.527673649955156	3
0.10027468360474	0.460987858841446	3
0.081799098509178	0.542855890218509	5
-0.029005058398145	0.270503866989844	5
0.011138537742299	0.389553231538556	5
-0.041342666853496	0.242550411323364	5
-0.071791406083265	0.184782700121245	5
-0.101928623560047	0.157157096605531	5
-0.066437449816675	0.314703561339479	15
-0.010858066877731	0.366606103704011	15
0.120004840719817	0.695588703844498	15
0.102289766712231	0.464358130021545	172
0.029982404998663	0.472572574397531	172
0.040294691844365	0.522358122339564	172
0.089439723208678	0.603996305707159	172
-0.00506113312644199	0.43251650323054	172
0.12135725343375	0.718775643826221	172
-0.071676224462716	0.210864427872074	172
-0.104163729693376	0.171028968786379	172
-0.042260269243605	0.276352664663771	172
0.019216237072509	0.349147402512514	172
0.042931010194627	0.542128443076163	15
-0.013629307267934	0.40334292583198	15
-0.071200194220151	0.235891995446304	15
0.09385706936829	0.649779457172163	15
-0.052259688350418	0.282912881608755	15
0.012956042795398	0.399327903181757	15
-0.119934233410259	0.171602981358426	15
0.114783194517183	0.632614454092606	15
-0.043227359930449	0.307436004410712	15
-0.086191734845963	0.183783196853308	15
-0.059634437904752	0.507793676053984	21
-0.121759038152449	0.259986631338367	21
-0.055444722990127	0.397933110795371	21
0.014465697910396	0.700922360275949	21
-0.070713785032063	0.51892655758017	21
-0.096942429128454	0.423804889747676	21
-0.047460654073689	0.553568381664623	21
-0.069376442133232	0.4611327165851	21
-0.077299561789147	0.530576840089357	21
0.049101249606403	0.253908774406943	3
-0.030767388037748	0.125735451301979	3
-0.087623436224337	0.221259833854609	3
0.115791056730653	0.61498689801347	3
0.004521581171886	0.306235708778096	3
0.102115728154869	0.474316352554978	3
-0.070425022183336	0.281839755265431	57
-0.088941082791504	0.19861103249282	57
-0.076988660058107	0.283098708615299	57
0.029908396509823	0.472377803155796	57
0.034225446393013	0.410482427787416	57
0.093074742432908	0.647826219462069	12
-0.036215986809088	0.329230802467652	12
0.120719217428734	0.697374417117032	12
-0.09341323278822	0.257392140806053	12
-0.022617205575137	0.370031308747212	12
0.041356972415002	0.531512800362788	12
-0.080598280657582	0.256442611786732	3
-0.019035934629462	0.296550622415601	3
-0.094058247702785	0.256087996453779	3
0.080748808455999	0.692651337730729	3
-0.016599455573115	0.39206758709085	3
-0.076740333723954	0.303580440784083	12
0.024098852266109	0.510912194157178	12
-0.051742353169259	0.283794137593471	12
-0.027694614833748	0.232030592530381	3
-0.010748101235788	0.321074953522004	5
0.024585451995907	0.371986751741677	5
0.00835268851065901	0.318606270829094	5
0.083796388421269	0.364549202836084	5
0.084750028179365	0.57552991870548	5
-0.102302213211218	0.156710352989194	5
0.049760824362157	0.372402790973481	5
-0.098677803306986	0.197797180984759	5
-0.078428642738446	0.242925974643294	15
-0.086263170910424	0.183691537002657	15
0.056728069056432	0.52271913341327	15
-0.045486734388167	0.266648391778486	7
-0.106687767376014	0.22412926301523	15
0.124602393749706	0.776881775514121	15
0.108262226620256	0.844189246424216	15
0.073674366895031	0.491164463037223	15
-0.09202271301364	0.172685906760182	172
-0.120459054078846	0.144154471157369	172
-0.043313965348777	0.307297408614783	172
-0.090520306261426	0.232726026500847	172
-0.000636175258382998	0.408638351757553	172
-0.00986506100060799	0.322614582726188	15
0.013557592773265	0.400462918365579	15
-0.078311875273127	0.300145115037168	172
-0.04955710703432	0.317252056179546	15
0.055489136873273	0.5124009454402	15
-0.033544512226463	0.366571821904319	15
0.097428322146127	0.68538038938671	15
0.106599757620211	0.503438300740263	15
-0.112384355569366	0.19880501340222	15
0.045787918472673	0.35798963662544	15
0.123743814552856	0.764559353340967	15
0.120648776290118	0.69722424943542	15
0.121711622966532	0.719786562529308	15
-0.071897970390572	0.184640007706826	15
-0.123027660736383	0.342415487568654	21
-0.06266312208637	0.456360164097897	21
-0.064874768794745	0.503210221487878	21
0.038810230360386	0.924561098458276	21
-0.023781543360427	0.643902277038691	21
0.100262465466408	0.947951247249369	21
-0.076317036923007	0.378467989271497	21
-0.071592190821166	0.185024644087952	3
0.023252772268189	0.201539383267111	3
-0.112041917201168	0.142030066688195	3
0.00946606287051399	0.320317564287881	3
-0.124208206277723	0.162882885665461	3
-0.00535887831321399	0.388279858172599	57
0.114169352160383	0.601248594951712	57
0.080506495912694	0.531319042516856	57
0.003926882447222	0.36406382420723	57
-0.12225556036461	0.127530076616418	57
0.124194223715792	0.75600070620893	57
-0.052397980980711	0.282653553571765	57
-0.012502498100755	0.363575829392968	12
-0.094668523541269	0.269292886018864	3
-0.036863038280095	0.289973815700094	12
0.039578538498382	0.520656684344215	12
0.00805719082866502	0.38375468536571	12
-0.042431331911165	0.308928630557705	3
-0.046146418324762	0.328029001987744	12
-0.116549932799619	0.189488386285915	12
0.090219541058185	0.393768974372966	5
-0.080742860746784	0.256182898904861	5
-0.052167274967538	0.251813705146486	5
0.060392183325651	0.41508812950712	5
-0.101175498525941	0.140198090226722	12
0.057155929974123	0.531044823359179	5
-0.089221737232979	0.198212506741824	5
-0.036643231646093	0.254116392865132	5
0.056944230703975	0.400840225226856	5
-0.047946084668923	0.29467208988343	15
-0.00986506100060799	0.322614582726188	15
0.079269069148373	0.519916222001548	15
-0.054414553538436	0.328013696073089	15
-0.030385427299107	0.377739871481497	15
-0.00841511717659699	0.462101595081688	15
-0.040367792728225	0.243864675221799	172
0.048621658641805	0.475233310032309	172
0.024799624292591	0.454641715496466	172
-0.072242840414064	0.234254042089875	172
0.050392620949355	0.486273210260467	172
-0.114360684850693	0.229620267850775	172
-0.113093896668299	0.184604823432515	172
0.052635372526758	0.498566067313949	172
0.018211213327227	0.42218451418683	172
-0.000791898339511987	0.349770726232	15
0.065298299229326	0.440841684099531	15
-0.014545752517154	0.359442368006547	15
0.055657509249216	0.520174611523668	172
-0.027332590459292	0.355771648601607	15
0.08124045006445	0.55018349035452	15
-0.029367843282846	0.379986699120608	15
0.033269495489398	0.316022405643009	15
-0.041293149909779	0.278023642601857	15
-0.091302355819541	0.246584828305964	15
0.0656049701281	1.30129210505073	21
-0.021691049968716	0.629031440592554	21
0.00799522074537201	0.875082241751618	21
-0.08621237765635	0.372765814636782	21
0.00721598882307001	0.650351080925671	21
0.083341657751617	1.11077130451479	21
-0.107737431832698	0.358780632500215	21
0.104850706871231	0.48987956454393	3
0.012278280610165	0.183366325946534	3
0.114002868757633	0.6008009568983	3
0.061805282428879	0.287303082023447	3
-0.000999258015288995	0.291660241765986	57
0.070673380018155	0.467929488575287	57
-0.052432153136118	0.307934920684539	57
-0.09760985625703	0.1830121968309	57
0.013891456750929	0.401013515578067	57
-0.070017101676483	0.28261915950583	57
-0.112003053595901	0.18631603052935	12
-0.00327197662612699	0.339440168600122	3
0.05239420393962	0.49815608466383	3
0.121369471762401	0.708935767844229	12
-0.031789392545875	0.303324337290736	12
-0.082957423569272	0.210768271943442	12
0.043191313634555	0.449385924195034	3
0.026682365936778	0.523494067586099	3
0.038369615501422	0.425509458248466	3
-0.067517882219792	0.268853201316393	3
-0.102451391812326	0.156529012060287	12
-0.102840082187374	0.172819548879288	12
0.00899539000134197	0.385565942195579	5
-0.074966281773528	0.248665323057688	5
0.069754145888421	0.466267357104196	5
-0.072987161582046	0.255698631122332	5
0.038369615501422	0.425509458248466	5
-0.077432704671868	0.199102369424345	5
-0.025243802678914	0.190513467317769	15
0.070771432570123	0.468242073063324	15
0.065265241497267	0.572834214598591	15
0.10952783824199	0.540181565297538	15
-0.118794805212738	0.160216824220929	15
-0.02654519227896	0.317251803706993	15
0.00869337240903201	0.385025482255038	172
0.057816620349508	0.525104708644186	172
0.067830645887423	0.594514026160858	172
0.016524444134961	0.4748736978804	172
0.112235754376661	0.576636069106656	172
-0.048548999505773	0.227773333973899	15
-0.090729636180327	0.232353352626004	15
-0.111227872508118	0.20075703082163	15
0.08146440443876	0.542125805411914	15
0.106880938095102	0.514348853319293	15
-0.045918658379335	0.298313570432457	15
0.020278658144892	0.432603396523909	15
-0.123808891537002	0.163454559699895	15
-0.002505368111649	0.399399782919157	15
-0.04669640551375	0.264805591940803	15
-0.022219915265758	0.3299537619168	15
-0.079000894366907	0.531615843549412	21
-0.07604832720676	0.49238356932912	21
-0.116469549226813	0.38293272273259	21
-0.049232908128296	0.495416560318328	21
-0.016453503462033	0.656551412052622	21
-0.044036167443164	0.528877878057482	21
-0.049575033761136	0.539863640177182	21
0.022457849729462	0.91820163787378	21
0.012361640985279	0.459362841076427	3
-0.119701565291122	0.0556740386124211	3
0.10599994752088	0.502366431029197	3
-0.116347027254894	0.103745245312449	12
0.116442953840407	0.626667402972561	3
-0.049764792816793	0.155213733655198	57
-0.01298780804618	0.36253234999407	57
0.040005972295517	0.43587203246492	57
-0.102870684696746	0.172696843897516	57
0.063251790376884	0.42858923503407	57
-0.00425119876383201	0.39045038533124	12
-0.118806443440872	0.173338072235282	3
-0.01786768829152	0.424540076718208	3
0.016026287508432	0.41155560944754	12
-0.114913809893334	0.216587884463012	12
0.045542310854579	0.4615222453123	12
0.094706165554874	0.660724602124861	12
0.069551347373598	0.606502645594714	3
0.035439431290413	0.497867495555876	12
0.046436164655693	0.470584512878949	12
0.119716452634575	0.694830108809053	12
0.021577404800363	0.435379485989603	12
0.00237800007067401	0.361348750524017	12
0.046311625916397	0.358846519118864	12
-0.07157204074432	0.185048349604006	5
0.034715305496792	0.317975431891569	5
-0.07114138541635	0.211618868403142	5
-0.075751227819038	0.305604675288228	5
0.050662954448017	0.373774882199992	5
0.024297026168374	0.511427760844517	5
0.103994933480163	0.477816063326305	5
-0.102016009536058	0.173902708625337	5
0.042511021871305	0.345021683039683	15
0.0000473998031190193	0.293113691617316	15
0.109534733167563	0.540226472113926	15
0.122156157903837	0.730329701323783	15
-0.048863359804182	0.292933361418053	15
0.036761842861193	0.415021134264188	15
0.00977378548920499	0.447940753157221	15
-0.111170529657738	0.200822153621542	15
0.080402353410944	0.349961950166693	172
-0.098007611066719	0.198805055982958	172
-0.065720292443065	0.248423801424899	172
0.109759487931609	0.540628679044464	172
0.097151000818978	0.435061942592724	15
0.113315203385934	0.578933579919955	15
-0.008265960573657	0.377140969990816	15
-0.089411894120113	0.197916862006279	15
0.101097739071451	0.462418093231515	15
-0.00542182524811899	0.436723732353818	15
-0.026470759180209	0.357532265005838	15
-0.026689756693788	0.357079019807477	15
-0.058752538510968	0.23760743843407	15
-0.038367495049444	0.555402879338536	21
-0.085406761097839	0.456689971546313	21
-0.042414521807121	0.564667034525745	21
-0.026732921984144	0.625700720849533	21
-0.102834839859028	0.339377178180407	21
-0.104935446151589	0.397682603441794	21
-0.120392794986786	0.319767017314073	21
-0.02151264189184	0.593980060457237	21
-0.030970717497827	0.657302745222742	21
0.00498252736233501	0.887692919423403	21
-0.103936135714019	0.385308926771429	21
-0.00593495477481801	0.817766442490137	21
0.067587551325941	0.303959942868258	3
-0.01432878907094	0.208230130686428	3
-0.00792392897019301	0.275568552047649	12
-0.101076279650728	0.140298763378427	57
-0.00908024667193599	0.323911528432937	57
0.092625567754994	0.637933997502567	57
-0.107876118765192	0.195394412905523	57
-0.02778579673075	0.315135046011662	57
-0.056143993284364	0.272175788001157	57
0.013758215227015	0.400786401903375	12
0.059599382779366	0.536653925678446	12
0.020792688828005	0.496540528159294	12
0.077544205332627	0.507635567546852	12
-0.049195812013282	0.34274081528302	3
-0.09559639109313	0.221126593056985	12
0.083607520093743	0.564310918838322	12
-0.050111858579831	0.286634725579412	12
-0.090621604816573	0.155213645112955	5
-0.111686963627095	0.142414976150723	5
0.119578841604863	0.694333227566237	12
-0.099854161885752	0.211165035687629	5
0.073040674408021	0.481284576665933	15
0.10753097058063	0.525730889110294	15
-0.042846826700871	0.308193086960582	15
0.057868961770388	0.525183081612992	15
-0.061024341600771	0.284201722741906	15
0.116377846188546	0.646688087228085	172
0.105662530837936	0.491256070813364	172
0.00698312984842597	0.37573523216438	172
-0.042846826700871	0.308193086960582	172
0.00872655462470501	0.385072012534501	172
-0.072437296568444	0.27802341441154	172
0.111877000143616	0.555183057429356	172
0.060571899262324	0.415448317138529	172
-0.06277110750574	0.200061162404725	15
0.020453185427332	0.358115308276156	15
-0.05165515409423	0.283973101341235	15
-0.098711511367028	0.197750123481347	15
-0.095665368894887	0.185805211637551	15
-0.011013470660151	0.366414173779641	15
-0.074321483671825	0.29168413592871	15
0.038267956596917	0.425317379933759	15
0.00906180731144002	0.385738804785398	15
0.04933702541317	0.484117450103464	15
-0.041618276335842	0.310414747043358	15
-0.050839858638947	0.285405098685187	15
-0.029151115663398	0.270268518300485	15
-0.049692637520249	0.581155738159817	21
0.000867295796256995	0.786490961716791	21
0.00298069004461499	0.717189718431383	21
-0.049304848521988	0.650308586138441	21
-0.046419659385026	0.5603524986252	21
-0.089113857002051	0.439522194993404	21
0.012083017685419	1.04651134024064	21
-0.109607965028716	0.392617304122715	21
-0.069650686564795	0.213663678953169	3
-0.083452390173881	0.0794637199099083	12
-0.052531106641799	0.10395114154207	12
-0.00940249006692501	0.323394137661052	12
-0.040649317272263	0.279028799068061	12
-0.086664115125588	0.138265042524802	57
-0.086581429324155	0.138327725989257	57
-0.052248559511526	0.251728730009496	57
-0.117261507041222	0.18833721206012	57
-0.12441938254428	0.149969769417451	12
-0.046397121459639	0.38164238879714	12
-0.068659307684206	0.26678696399313	12
0.019599195379421	0.493780177519533	12
0.089729858242836	0.777923772410355	12
0.042227123026108	0.533747281456133	12
-0.054560046523476	0.327707339494039	12
-0.033094157885234	0.399353327599711	3
0.069437496575937	0.606163268259012	3
0.098994474337754	0.707247018205266	3
0.055172669480218	0.518942597663087	3
-0.08302988990118	0.268155962918358	12
-0.032485079013012	0.33642117028211	12
0.071406034739137	0.611145110672452	12
-0.019406572819791	0.248255895500791	5
-0.020147721082199	0.247316333819612	5
-0.056282207855049	0.212887111019137	5
-0.077580163801361	0.244384964590494	5
0.00391989013396898	0.305357757706045	5
-0.041936108121422	0.241728559081574	5
0.025518019595223	0.456316538023783	5
-0.088247533996052	0.199589675072028	5
-0.119632040361612	0.145208802683568	5
0.070636943372677	0.467929197671682	172
-0.051422812048843	0.252956576743969	172
-0.03550995773808	0.216941131869935	172
-0.049789107824292	0.316995403403188	15
-0.06209604888219	0.282279977832723	15
0.00477528780410702	0.47714061256185	15
-0.057412938827748	0.239602469029077	172
-0.086208911030356	0.243255534500739	172
0.093469909988157	0.639886722598391	15
0.017847489938307	0.421423301046942	15
-0.11980693830089	0.205224346700789	15
-0.018501629092594	0.297393135107487	15
0.012428982969047	0.459561719125338	15
0.00885545004757998	0.445765951158702	15
0.103657332754688	0.765794580031711	15
0.00257843362697602	0.361653000597826	15
0.101916465924974	0.463780066101581	15
0.017660950529397	0.346771117534331	15
-0.049376070445759	0.701337345867821	21
-0.045674760678584	0.562917683910386	21
0.045224780456647	1.14494172698612	21
-0.120655693377835	0.340282670154595	21
-0.09809981200558	0.410414502120597	21
-0.035798012726718	0.291726173827929	21
0.008577452480589	0.318943022340701	12
0.011953600093143	0.397326538827172	12
0.050359279499008	0.373383838157007	57
-0.104941414422185	0.169934077880452	57
-0.031587304203781	0.303640483633557	57
-0.005541259615718	0.335623498290464	57
-0.052296057512452	0.282852490944109	57
0.072014167116446	0.6206672839789	57
-0.106673912489551	0.224174903275396	57
-0.088479800880055	0.302604467861318	12
-0.062673975012087	0.281246374773132	12
0.088887107147963	0.593759795022174	12
-0.020069034289148	0.294857592507555	12
-0.00864633507887699	0.376260067593329	12
0.059880497413699	0.53738783881883	12
-0.067464893869115	0.268915081945181	3
0.110577369597523	0.552667010987156	12
0.11178159565394	0.555067002238466	12
0.097978776522964	0.43625456575735	5
-0.098979866646933	0.197333847514468	5
-0.093813099280282	0.170518302738147	5
-0.110903372961626	0.159156895227769	5
-0.063250101758309	0.226815607471803	5
-0.083779315321543	0.24755088195032	12
-0.105938276122858	0.184007479384088	12
0.05860783024947	0.411930416468242	172
-0.035164708929795	0.256314445084082	172
-0.093588532282751	0.170799083321955	172
-0.124100788512676	0.174983971405279	15
-0.107939870149771	0.234659397843048	15
-0.062433176249075	0.304291493508574	15
0.061805403676181	0.549428441803935	15
-0.04858109084539	0.319278097160533	15
-0.114632932782809	0.217099250648329	172
0.119315250301919	0.673877726932336	172
-0.00436977304237701	0.390028949372648	172
0.046580173172029	0.463518962318962	172
-0.1236750314351	0.163655475498498	172
0.086203425943601	0.578934323899413	172
0.110393769250934	0.552258017976973	172
-0.079475186307191	0.196297072600577	15
-0.040929647159059	0.315848674938827	15
0.00614357378307301	0.374216225626908	15
-0.057331617001834	0.239725743855487	15
-0.123672143171055	0.175672369217121	15
-0.00480519638567001	0.389409618223562	15
0.00826716052051402	0.438982167470374	15
-0.110746087576061	0.226862996501378	15
0.065966179931655	0.582240776164309	15
0.115054941646329	0.613380249339387	15
-0.034629387854067	0.785948165308801	21
-0.085095720833741	0.532518720311202	21
0.00940601396926399	0.992431080913204	21
-0.086590813537279	0.51738644449155	21
-0.082986571783095	0.53916165396487	21
0.088452886977368	1.29448440398376	21
0.031932554706664	0.841934448386232	21
-0.091471332960961	0.406357686683257	21
-0.048008916401341	0.529122862327335	21
0.119814643516727	1.18869796855863	21
0.00282915363016401	0.803020783320128	21
-0.031180640482169	0.765413871902702	21
-0.121193240081833	0.35675314366517	21
-0.044430142586996	0.20129226225715	21
-0.090777859488079	0.155042859225048	12
-0.023341508344542	0.284411746378925	12
0.052972843043064	0.59557917720052	12
-0.081847437069676	0.117892543916478	12
0.086832869961045	0.378843285219993	57
-0.101446901415465	0.139916980100958	57
-0.062240564581432	0.282027281576291	57
-0.102532677726639	0.173231430285394	57
-0.08656765860125	0.242604390349394	57
0.00145177223610499	0.606659018605307	12
0.022753930820926	0.437757767495388	12
0.063069975669877	0.560050486840019	12
0.119786992235297	0.694990652323172	12
-0.079195981861621	0.278743470868107	12
0.049613598878339	0.484698330533949	12
-0.017492796220568	0.343536985128255	12
-0.111844077188675	0.172666552755685	12
0.118113453707379	0.660952702048477	12
0.078233380389588	0.669219310095171	12
-0.106858977946939	0.210695292848014	3
-0.029901570697612	0.346114023156366	3
0.055789194014585	0.617436566248747	3
0.021428448945755	0.497980655552106	3
-0.121773251305078	0.190287682343171	12
-0.011601984849491	0.365312708051043	12
-0.00581535449951301	0.335190374944223	5
-0.034034598692354	0.257920041899205	5
-0.049820759884145	0.226021744644787	5
0.073502550227245	0.482134204014909	5
-0.093585765133824	0.170771245624532	5
0.044218772508106	0.347455176911482	5
-0.11695545211683	0.103230091860889	172
0.060446052363021	0.644964936343312	15
-0.101608696469121	0.222449444955692	15
-0.013404140410333	0.31098840852699	15
0.018833913564971	0.48617146089504	172
-0.07048537157716	0.323705081408521	172
0.055138253403685	0.615622781373037	172
-0.024768637728473	0.365473282075491	172
0.029416939952991	0.471194953825528	172
-0.086845546598543	0.222487448048041	172
-0.056544400242746	0.271471048805346	172
0.029150003663277	0.38705630977121	172
0.013045657928209	0.332593791430892	172
0.086560438353778	0.378413161859779	15
-0.102677504648526	0.156239699381974	15
0.019804269453136	0.425370762100414	15
-0.00218719436264001	0.289953017143163	15
0.087175825870016	0.589905751197156	15
-0.087220300677018	0.272562799471359	15
-0.057978215899336	0.362660457620848	15
-0.086594326410588	0.258293682839595	15
-0.093897462656122	0.208169561131504	15
-0.051429512155201	0.284377565631598	15
-0.111044594586197	0.479937624039504	21
0.066404477295647	1.66128222232384	21
-0.02337957231561	0.899854232465653	21
0.00271299088809701	0.969770056910186	21
-0.071191012499147	0.322106877457736	21
-0.037376062005084	0.476621893192977	21
-0.113906589326841	0.274961382189206	21
-0.00700726004090199	0.71730464075558	21
0.015800531519911	0.411106051065152	21
-0.120051049717625	0.0555267392668019	12
0.033717222328355	0.409474906524634	57
0.064205840207381	0.43026495284758	57
-0.048264873868369	0.262238951831451	57
-0.057557823958961	0.239395010145359	12
-0.020578589186573	0.24674332701323	12
-0.063461847468852	0.27978717228854	12
0.092782319354902	0.407710494583778	12
-0.053296876940212	0.381149047781905	12
0.033486626059648	0.409015338547918	3
-0.096925155335443	0.184038438121269	3
0.009849710136486	0.558050504664467	12
-0.084817115778059	0.280480456517567	12
0.037082108525504	0.582501294787123	12
0.121306928537766	0.708747091465907	5
0.057453786347588	0.524324414224058	5
-0.123227831775994	0.176318300401638	5
-0.046878663308304	0.264522995595616	5
0.068096183415576	0.454541984352245	5
-0.111822079939389	0.142284060310852	5
-0.036117381508954	0.173695629976342	15
-0.046325573152114	0.265390519906369	15
-0.103809407587046	0.171518388099862	15
0.106735866077683	0.514084090319088	15
0.023371350188821	0.50915830099079	172
0.039587437855196	0.520730312861388	172
-0.073135460947169	0.314565347273593	172
0.031791070395074	0.555382008495204	172
-0.079680286335524	0.294195869903977	172
-0.041574335860395	0.371463664397454	172
0.010634615778594	0.449910767982165	172
0.111271095169681	0.55405614149622	172
0.114080174929619	0.590752102646301	172
-0.074868530429631	0.154163069275397	172
-0.013965718866048	0.208591600569029	15
-0.111365728807522	0.142812822992694	15
0.053318268058981	0.386354559741399	15
0.119833583870227	0.674898072459717	15
-0.062905026366231	0.199953560992421	15
0.006385075703701	0.968943156470174	21
-0.017228896857887	1.07048743831714	21
0.11235026754581	1.32856974685727	21
-0.082887033059587	0.232193931016387	21
-0.120808538651157	0.308896278082403	21
0.037126125064932	0.747474468839809	21
0.00836599559092399	0.654353981763211	21
0.039392432006198	0.767478409548191	21
-0.067179091159292	0.690116582067829	21
-0.074536201105704	0.270793190204935	21
-0.105887112503973	0.198614777445882	21
0.014101312922227	0.334246429134004	12
0.00061180768163599	0.165337932896455	12
-0.083787156901918	0.079304190723737	12
-0.071845275593445	0.257698504769343	57
0.039110831486381	0.426879876286251	12
-0.011506675962558	0.449435004898089	12
-0.062831807368199	0.368995097345934	12
-0.00413291698873799	0.225877588403101	3
-0.014440811548876	0.309433772338351	12
0.033891254354717	0.316815981695239	12
0.012270903557856	0.570509888234541	12
-0.094614587064843	0.283418019559918	5
-0.016314006377128	0.467978935188533	5
-0.057623370831631	0.34075018069827	5
0.00942645763837102	0.447112655276973	5
0.039760687336748	0.332918510987256	5
-0.071831869314538	0.184694077858837	5
0.01366648072155	0.406704560499252	5
-0.120051049717625	0.0555267392668019	5
-0.025981713020338	0.358325039433284	15
0.018764512967193	0.423294876482735	172
-0.090096561167846	0.312811460911642	172
-0.00405684699651301	0.483309598060436	172
0.00292794886491998	0.46717128159127	172
-0.040087116713801	0.433599596650349	172
0.061083907169836	0.547790925372944	172
0.101838141059754	0.742137146274826	172
0.074089015504094	0.491958894567672	172
-0.058300034920924	0.238294555793199	172
0.025762036587485	0.374129377076461	172
0.065651309505742	0.441443420960156	172
0.028918688482176	0.302427714878896	15
0.076424810051263	0.334813385564109	15
-0.097515834385686	0.317668103271055	15
0.072114175424745	0.770219689912547	15
0.123453397077374	0.763740846267342	15
0.033458649873877	0.401643620607226	15
-0.077113004811354	0.245203200940125	15
-0.041389378279404	0.613025073896061	21
-0.088218403790248	0.515840824405828	21
0.017579102725645	1.05176638309917	21
-0.091664374704966	0.278347608719102	21
-0.120579143296104	0.192308050124582	21
-0.059709475590054	0.446829918622902	21
-0.060324019098332	0.357173449817706	21
-0.096221145619197	0.376199556571692	21
-0.083512822724378	0.441531005776378	21
0.116497966224876	0.666616516954337	21
-0.12309200689834	0.079296975255135	12
-0.066895418039041	0.246474016775791	12
0.011552753048673	0.182792915579419	12
-0.062380771073391	0.200596297187099	57
0.013727777818481	0.333678138364236	57
-0.014407495353848	0.208133323966587	12
-0.063865375073796	0.225960498633712	12
-0.043396176665136	0.392749058005953	12
0.115390286127697	0.614143932986776	12
-0.081168018267091	0.169709845755186	12
-0.041449451316669	0.341679573793355	12
-0.109867520796854	0.160488213509431	12
0.00519204087823	0.307174911036013	12
0.051556904199404	0.488806431935111	12
0.011891357458804	0.511763029903055	12
-0.094113775993467	0.170133483715599	3
0.045939516968737	0.358245611675294	3
-0.054034959021789	0.185410532519242	12
-0.005234366449339	0.388390596985592	12
0.060498661465849	0.659899871833	5
0.00962414913415199	0.320471375210677	5
0.11348181006401	0.609671344880188	5
-0.111944905451489	0.199562509517079	5
-0.081755652668427	0.212521100736698	5
0.051492968023351	0.496132538127387	5
-0.06421433540825	0.137237598927522	172
0.00946606287051399	0.320317564287881	172
-0.035987289058328	0.291430192207171	15
-0.103649738869097	0.155039849563927	15
-0.095966425917424	0.22049613130391	172
0.12444812483932	0.766654044169954	172
0.105160107593177	0.788650376844862	172
0.11936500494323	0.703599742318602	172
0.046365930385219	0.358815873765153	15
-0.086383149028726	0.138496775638697	15
-0.110984281380777	0.159060297428887	15
0.026147727509425	0.515735372416389	15
-0.000380021368183991	0.503346722584469	15
-0.00998564354661299	0.499146969952453	15
0.084422347453994	0.566167343424703	15
-0.076898814234999	0.223425612085319	15
-0.074560384268329	0.154456151837449	15
0.123577762178537	0.764017444073842	15
0.063058762283244	1.30662171447326	21
-0.051120654561959	0.664716684012274	21
0.020593675740416	0.738831866825293	21
-0.026939885563455	0.697400696556171	21
-0.083090222678879	0.487804418638619	21
-0.087461863787949	0.4238599110143	21
-0.10988171242408	0.382416100004347	21
-0.105852792532506	0.465331643833099	21
-0.10098116668109	0.452882476567	21
-0.029540155605867	0.269752144979121	12
-0.056798045018429	0.240481932155329	12
0.070911518554641	0.468507136649898	12
-0.013926882048154	0.310285354191804	12
0.11007044477651	0.551510377962579	57
-0.020029347930162	0.339014226862638	57
-0.060105522078669	0.261502658412703	57
0.069348929520446	0.606049806830691	57
-0.041722469763875	0.310255382762598	12
-0.123329621974002	0.207680720867899	12
0.05077850531023	0.487188789725498	12
-0.11162741392417	0.212686466777079	12
0.060514372724747	0.5464600510447	12
0.00689853035177002	0.487801814692784	12
-0.124509924861883	0.162437958631165	12
-0.044081058364994	0.361825139669168	12
0.021106262052487	0.559633240538206	3
-0.037825231573869	0.353330490684238	3
-0.071205763029779	0.301344515172842	12
-0.0545744911295	0.215089211116239	5
-0.0545744911295	0.215089211116239	5
-0.058481870045519	0.338923127756712	5
-0.063865375073796	0.225960498633712	5
0.059014859903353	0.412548974373721	5
0.020867224326265	0.433876604366783	5
-0.11070643002236	0.143559268975176	5
-0.076541139519339	0.26707285052483	5
-0.067656472262122	0.26861168905026	5
0.023260952143904	0.445106049386254	5
-0.063563766568717	0.199153675187557	5
0.015473275940008	0.410456309760013	15
-0.079778305381588	0.277544508006754	172
-0.052332159646745	0.282738300321943	172
0.041621687140775	0.43898056305772	172
-0.12470960026763	0.162148956927485	172
-0.094027042265607	0.223702822997381	172
-0.018193546572315	0.342363643609995	172
-0.091924940853147	0.211240934104696	15
-0.012641457426643	0.263075175162326	15
-0.111335097387354	0.173364401925502	15
-0.11933979444338	0.145578133181413	172
0.081431475136736	0.542080716722315	172
-0.023859157800254	0.32699055648076	15
-0.048355705844331	0.319771217077298	15
-0.063177274100655	0.280312952993658	15
-0.113647648902259	0.183701660582716	15
0.081932619807992	0.543126393958868	15
-0.014065183144876	0.402379205494084	15
0.041621687140775	0.43898056305772	15
-0.103627989654428	0.25877085892469	15
-0.121393998746556	0.349068492480122	21
0.007280701186554	0.99071739577537	21
-0.108313806607628	0.463004946291885	21
0.101593743640985	1.56741530058069	21
0.015282207689827	0.52631889681401	21
-0.121493008921602	0.262484365115274	21
-0.093375224683234	0.330769090879405	21
0.030964213980188	0.696801189975927	21
-0.115228764511894	0.281870791788112	21
-0.00901064403201199	0.946854499457393	21
-0.114966610949867	0.420432422515037	21
-0.097457342571772	0.469816634992248	21
-0.025539269714944	0.359381795028039	21
-0.013181603597973	0.146439356159907	21
-0.100277925823243	0.0993972726036244	12
0.080495031234173	0.540013815484105	57
0.071885807262995	0.479013690488109	57
0.082916617507276	0.562627975977726	57
-0.053083741832112	0.250420289079089	57
0.08794474438186	0.380294924287662	57
-0.043303783381197	0.202574378616637	12
-0.098377291636297	0.198086118219836	12
0.037587486490851	0.583934519341032	12
-0.028865105449587	0.41818361120755	12
-0.063095133572372	0.347223990604583	12
0.116690597241259	0.647440771683008	12
-0.00604616521757601	0.334780178793587	12
-0.105281682610957	0.213406999962016	12
-0.023457714538677	0.327770507647363	5
-0.109997272949221	0.16029188834202	12
-0.051531705778392	0.28421572651658	5
-0.101868615485085	0.157192604673331	3
-0.104849931005989	0.200245148091503	12
-0.117888861562072	0.174739744526502	12
0.00949770006094702	0.386552358287008	5
-0.071643718791254	0.279551250522364	5
0.041216500336144	0.438250716339594	5
0.114907145919441	0.602864917913811	5
-0.076389492346291	0.224140136894089	5
-0.04208447560251	0.241510173368098	5
0.033740008390859	0.219991267832969	5
0.075212686907941	0.644907352435787	15
-0.031418454456661	0.375525375768799	15
0.042967564263523	0.345707242447219	172
-0.029142890967047	0.380436010341375	172
0.120648776290118	0.69722424943542	172
-0.08634869565067	0.292665050059324	172
-0.022761669886651	0.36973731908292	172
-0.10193291922738	0.139386820618538	15
-0.047015918814747	0.326333192754025	15
-0.000999258015288995	0.291660241765986	15
-0.086983976426343	0.222275632725936	15
0.028918688482176	0.302427714878896	15
-0.013264773614291	0.362025275673965	15
0.097449428874013	0.685444009451599	109
0.063330614486059	0.675781545008537	109
-0.059108705263388	0.314623137043234	15
-0.020642352333652	0.452186508695196	15
0.124413034662998	0.786300303937453	15
0.035564492129789	0.413008339808675	15
-0.011601984849491	0.365312708051043	15
-0.079672109600918	0.601288036685602	21
0.056981702331588	1.41338675373532	21
-0.094080331884269	0.518385247336362	21
-0.028368867200797	0.884021815337359	21
0.00288135303076198	0.946560230917324	21
0.039710683444299	1.15234242790875	21
0.00814323489562102	0.712762164302467	21
-0.017707162377381	0.678966956776021	21
-0.080558809377864	0.54071311685247	21
-0.026271309554164	0.233775510596529	21
-0.1204922942537	0.0553313199790403	12
-0.051694680440763	0.252584573789515	57
-0.03530823050814	0.174402192540506	57
-0.07625266467562	0.224406303142284	57
0.103254888302487	0.476590790572102	57
0.077053097807753	0.335583618065305	12
-0.067504435441486	0.268815038593587	12
-0.110737092767429	0.174215501860893	12
-0.063028404074818	0.280578563086778	12
-0.056653719800093	0.346535194208905	5
0.120803802787595	0.707485503190457	5
-0.068520774248295	0.267043072292125	5
0.045690815433088	0.548643510295625	5
-0.123816615887441	0.175435069710274	5
0.097428322146127	0.68538038938671	5
-0.105006816558368	0.19995853319276	3
0.076919168087329	0.515044623780438	3
-0.110934733078898	0.173956241295599	3
-0.110912357774765	0.187985778444849	3
0.092831180550568	0.638561383244651	12
0.124966684307822	0.758123300394221	12
0.011953600093143	0.397326538827172	12
-0.100804266625585	0.209619410065334	5
-0.080170489372655	0.257227097548088	5
0.040477032605966	0.436823260323331	5
-0.041999252870784	0.309741908856976	5
-0.118709257150677	0.160267518881078	5
-0.112329767022568	0.141693343583896	12
0.047981095310271	0.47391719151908	5
-0.092941602370885	0.225461500092574	5
-0.08245537159162	0.23283871933133	5
0.096710256221666	0.434322456377745	5
-0.104089867157926	0.186730192064742	5
0.053911318204041	0.387435574557415	5
-0.048910067574017	0.155964504853306	5
-0.100324042499085	0.0993636038635462	5
-0.101529575954616	0.120418316135001	172
-0.079315887622289	0.171770456980195	172
0.019215253800961	0.424213667533285	172
-0.024260655625172	0.326332750979295	15
0.021629009712778	0.435503655181401	172
0.00192552731171403	0.46477577097778	172
0.098094368847516	0.678204971007605	172
0.108065507487835	0.526654000539851	15
0.045277617852303	0.35713842624962	15
0.028736628141808	0.386377786537446	15
-0.080271417282081	0.170733252649788	15
-0.027421376520135	0.232341302304447	15
-0.077657446532643	0.198806731049913	15
0.074734711815256	0.493329125579491	15
0.012911469549284	0.460734758328345	15
-0.094171636367283	0.223477650659691	109
0.043827401038082	0.54390184000356	15
0.023689526552482	0.509744515177331	15
0.091038154838984	0.625404341946213	15
-0.024539658376552	0.282574479973966	15
-0.084912935738888	0.245517723683841	15
0.024055387567218	0.446925747502013	15
-0.122016360052627	0.288450344915981	21
0.00474442546175902	0.685948196551076	21
0.01083751869135	0.833555357649901	21
-0.070374585516198	0.565337376165825	21
-0.087244861153316	0.487551168523625	21
-0.05378571434472	0.305361840576897	21
0.094882094925043	0.421042680549199	21
0.033387999048703	0.219694693457117	12
0.00297092105228602	0.240966255534154	12
0.102354957049773	0.475042850358879	57
-0.042990542793498	0.202939458202026	57
0.048696876988238	0.253449082906168	57
0.00384759639700299	0.305267458446006	57
0.092066910671447	0.406649017350222	57
-0.066190332608088	0.247653596593657	12
-0.098745533965351	0.244227197375947	12
0.025970053864514	0.374493978247018	5
-0.059388337343509	0.290897057790979	5
0.023606015181575	0.445956946539944	5
0.083286588161221	0.554839037252597	5
0.054987682802048	0.511314327434258	5
0.112857223999606	0.567622331259061	5
-0.032462303502653	0.302147523095541	5
-0.076019848808976	0.305113136500915	5
-0.06370559143594	0.301793303022561	5
-0.047249438585216	0.263931205782402	5
-0.088800800151639	0.19880506334338	3
0.03975040237251	0.42799926427314	3
-0.00229484459002799	0.399939465433408	12
-0.04669640551375	0.264805591940803	12
0.020475595225241	0.551843958907507	12
-0.011567850377869	0.449358021171516	5
-0.085593900937567	0.184569206915623	12
-0.107783349494008	0.209096163166332	5
-0.00226504191288199	0.28987519392525	5
0.106795178969402	0.524277368428536	5
0.042511021871305	0.345021683039683	5
-0.019071858105837	0.248652082220545	172
-0.111726006873357	0.186736515084487	172
0.102650818550533	0.475562968495217	172
0.068188423902227	0.595425123542309	172
-0.107703605365918	0.195687790192173	172
-0.081206603462532	0.23497238158206	172
0.068801031663834	0.455865536467037	15
-0.10043602449969	0.0992862005450015	15
-0.00241174263808999	0.289627075585557	15
-0.000694616260802	0.29212743523649	15
-0.027130137252119	0.232728342936394	15
-0.060272861095372	0.261127651195733	15
-0.017232683298007	0.349318783369661	15
-0.0794509213836	0.31381336521598	15
-0.068235870856422	0.331960135084039	15
-0.118516666900272	0.16060263041985	15
-0.118462048734233	0.173814041169015	15
-0.114131432239702	0.457291269151773	21
-0.115026296360182	0.436111459738368	21
0.055225252670044	1.34546406098346	21
-0.11789833550319	0.251060429911183	21
-0.036602709405423	0.513117588525201	21
-0.067313929176833	0.374586809277336	21
-0.101280229479649	0.365166998390924	21
0.00397013547352798	0.67383450030061	21
0.08122484027985	1.05292115760925	21
-0.102391948247431	0.156544082672551	21
-0.083498492456905	0.0794584624384524	12
-0.002336256629769	0.289705137210805	57
-0.119207948550097	0.159621198149954	57
0.041936513947369	0.237156045885125	57
-0.12093960181624	0.128974749283058	57
-0.044487695028971	0.201209840436519	12
-0.056210445677837	0.272065147994875	5
0.096475165889222	0.433960561490111	5
0.018016676468257	0.347301335029758	5
-0.106858977946939	0.210695292848014	5
-0.038345345077363	0.287394228303971	5
-0.119258968493714	0.145679124641893	5
-0.023940565564578	0.283505301602875	5
0.054580981885441	0.38851494144996	5
0.028505026035049	0.38596447657859	3
-0.050942115594729	0.285245262704903	3
0.0360258350838	0.413843176744996	12
0.00109982794100499	0.457341246095467	12
-0.109724929703132	0.241322635318566	12
0.111016778918569	0.54308816622719	5
-0.027463547407525	0.232232227142606	5
0.076373783203032	0.334715172852154	5
0.050343889940883	0.255170282075542	5
-0.062593381803783	0.171389383066842	172
-0.091840710662586	0.289441132726264	172
0.042124752488976	0.237333402423809	15
0.083540862564697	0.364241979306024	15
-0.035152484377263	0.256351132525545	15
-0.00497488248333	0.22505743191662	15
0.107579840266169	0.515697424590952	15
-0.053832311135017	0.329201162162459	109
-0.120242852731282	0.224708482374351	15
-0.023504020489336	0.284153230377467	15
-0.068052099929873	0.267852035096453	15
-0.070741322561648	0.185971995619956	15
-0.090812963025034	0.369558773069068	21
-0.082529671505139	0.44708677448434	21
-0.012956604596046	0.742975985123017	21
-0.039348404314395	0.8436019552912	21
0.01904476582029	1.21273704690962	21
-0.00709676134366799	0.847246445960281	21
-0.006954821638542	0.556707926688262	21
0.118824073208055	0.682567615464546	21
-0.056386746584323	0.440017215555264	21
-0.106061228584313	0.289498447643531	21
-0.061148486487673	0.632841363085605	21
-0.025810736950561	0.497362857852565	21
-0.101661430959395	0.0983847769881268	21
0.055917348597665	0.270889660273394	21
-0.084776412666119	0.185585463571594	57
-0.083302222362547	0.0795304020147335	57
-0.091889458592434	0.153791749345667	57
0.00931007194597899	0.255460697330929	57
-0.055082906789429	0.214451768201474	57
0.060450179068673	0.645020725092138	57
0.038863710341269	0.331720774295457	12
-0.094899993007058	0.237124249983143	12
0.083192918970335	0.563328183141882	12
0.041936513947369	0.237156045885125	12
-0.117022572003691	0.176023297545063	5
0.094865028366	0.421160163003219	5
-0.053663285345941	0.21615027183062	5
-0.027480000466423	0.232294673219552	5
-0.062330710381261	0.304577336191495	5
0.077105096894634	0.506741597219581	5
-0.093329198012755	0.209076866074973	12
0.084104890543247	0.735473773110639	12
-0.096527805474686	0.248552181870356	12
-0.077113004811354	0.245203200940125	12
0.111921190781492	0.555335814307416	5
-0.102968290908008	0.172645478108246	5
-0.013563942903514	0.146182064666656	172
-0.047207131014203	0.26397653139244	172
0.09958710457196	0.70906601294078	172
0.011640520231154	0.505198786944234	172
0.10169288542878	0.741936457921047	172
0.017392695685419	0.482657616017762	172
0.105808614588965	0.491478513539996	172
-0.089921493792912	0.15594836678785	172
0.047413090665438	0.360498614850912	172
-0.036117381508954	0.173695629976342	15
0.00332574605560099	0.304480876506518	15
0.04174825810956	0.236969650883708	109
0.025164604289681	0.373108109660671	15
0.030430049935655	0.55170829352175	15
-0.062310453990775	0.281885618612425	15
0.08908545677121	0.392044091299504	15
-0.02088896761558	0.246331751756698	15
-0.021259627798239	0.245822341092601	15
-0.014491399193187	0.309316781954311	15
-0.111501497858089	0.142638102478114	15
0.066249908342829	0.582913997178612	15
-0.083703852394248	0.397483622931383	21
-0.099632539165937	0.546911192615047	21
-0.04461766490968	0.632394572873698	21
-0.036559637684115	0.999594080586109	21
-0.033978058263854	0.46194626563342	21
-0.093055421019703	0.258104794427315	21
0.124994396139408	0.788030357369656	21
0.063144217702722	0.560251976548488	21
-0.084363959735729	0.364887525810223	21
0.111731113967025	0.076032888564632	12
-0.048844341295971	0.156059359437565	21
-0.08799989157641	0.136979577919263	57
-0.048800265891149	0.156064447195605	12
-0.055826956313327	0.213496719141953	12
0.114755053940939	0.612687639891829	5
-0.101630238836054	0.157503190897622	5
-0.053642194318643	0.35325769581464	5
0.108750928252565	0.52830575344085	3
-0.070930814931443	0.211913853812136	3
-0.063614229342494	0.199066228021739	3
-0.061713146495567	0.258836996084007	12
-0.106772082908207	0.249783484771948	12
-0.062288009521099	0.304599962378026	12
0.00900519055039301	0.498729391226997	12
0.110224006655624	0.561938336892353	12
0.013172066565783	0.514977511869108	12
-0.044297755188224	0.361375788101689	12
-0.101347862364389	0.140003671699523	12
0.033231712372447	0.219544931153254	172
-0.083741015505869	0.0793365080292949	172
0.049312941192169	0.476506031557491	172
0.079706243883473	0.349091159470018	172
0.046835354453031	0.359662410867924	172
-0.074388896977004	0.291558887217558	172
0.027571225626771	0.531911126902783	172
-0.017616729923765	0.385089767914821	172
-0.00171334240405699	0.348129756528363	172
0.113278995028422	0.578810486911792	15
-0.12277242132994	0.0795213094723885	15
-0.044315291556103	0.20142515714374	15
-0.053062857025092	0.103671316118869	109
-0.032490547216478	0.373125767158917	15
-0.090342994117876	0.295636233610622	15
0.053609677778525	0.386939666328166	15
-0.10207782040049	0.156979012816088	15
-0.02708432253672	0.624334790606367	21
0.061188645055881	0.41633373007955	21
-0.00159128955457299	0.290824841827688	21
-0.048402625942995	0.227999962936109	21
-0.013830267924659	0.145997444516298	57
-0.048366626015814	0.156438177980253	57
0.022561815148301	0.200933310070549	57
0.038577557767606	0.331308050097427	57
-0.02778579673075	0.315135046011662	57
-0.064737515274761	0.224672534958284	57
0.113431559629271	0.599552791983381	5
0.104331072962008	0.488927923326413	5
-0.121883440109619	0.12794525906026	5
0.056611731066413	0.627017529925407	5
0.109668366661852	0.540492240693314	12
0.1235103093197	0.763872325669095	12
0.039773077620268	0.43529078083968	3
0.054729249277472	0.388737926115099	3
-0.124441903427026	0.162537840301382	12
0.09867182158723	0.447892900340017	12
-0.08792567571858	0.200028512904797	12
0.118021646389262	0.650538188067212	12
0.00135256201630202	0.463368038284085	12
0.108379734613339	0.527589629671363	5
-0.112764946195465	0.185107579117847	5
-0.124943296699221	0.161802248189449	5
0.060280070088648	0.414906072396005	5
-0.051654179726857	0.252617931256931	5
0.0000492375055259897	0.164855062130115	5
-0.013306152444951	0.14635874538675	172
0.059808788346072	0.414142902631756	172
0.065814768718942	0.441788334043372	172
0.048834789623067	0.482997102002613	172
0.058816847009277	0.640385026966164	172
-0.063225974298233	0.325000578836424	172
-0.104988464464831	0.200031726179619	172
-0.111933198311928	0.186374829779417	15
-0.09985166437772	0.195970873370719	15
-0.035394189343431	0.174355722878504	15
-0.00734657546975401	0.276443355810779	109
-0.08616782001263	0.277643136205581	109
0.111301845820622	0.908750009280816	15
-0.121095122811087	0.202829109663083	15
0.06633124488296	0.442693034333243	15
-0.105938276122858	0.184007479384088	15
-0.025404511720237	0.19035042005573	15
-0.097630420226477	0.510044700562476	21
-0.063948082485808	0.717179286927603	21
0.042538893023513	1.30824847156145	21
-0.106887767361196	0.454245994076349	21
0.076656720286967	1.29276541470419	21
0.027522891896894	0.813012027928037	21
-0.053512572110279	0.305841664493215	21
-0.057113006270455	0.483132143218836	21
-0.085409684275602	0.405035495839153	21
-0.068123409895988	0.533543143670927	21
-0.121339103950813	0.405779258160748	21
-0.07637924323013	0.534403475100441	21
-0.116433763755554	0.103658447696758	21
-0.060239892594043	0.261215414967861	57
0.104249698166855	0.488809359371023	57
-0.071774080432996	0.210661003223796	57
-0.07750359157446	0.198985505684713	57
0.039846919195418	0.332988644448851	12
0.017582634386151	0.272813407402227	12
0.00274815292352099	0.362020852266355	57
0.03894000541815	0.525341330423321	12
0.002946805706178	0.416253029936033	57
0.037717909003306	0.590853101636169	12
-0.040554147066757	0.279194962784589	12
-0.042364829861367	0.365564653749482	5
-0.082866161669889	0.21090752215797	5
0.01933670765116	0.487333104622793	5
0.099079052363882	0.698509925477965	5
-0.09425911209086	0.169939044217924	12
-0.00507201230755	0.336352571753471	3
-0.00498010696274201	0.336557207174672	3
0.092546831677638	0.637871062378837	12
-0.026377159903886	0.317540598241865	12
-0.081032732137849	0.235237745840547	12
0.119539305789524	0.684483085999283	5
0.112944570312681	0.578156340028294	5
-0.005133337840416	0.224887581466599	5
-0.053280320017918	0.103550825173407	5
-0.013480230881292	0.209035673934719	172
-0.057539269917455	0.294415424755085	5
0.061941718430902	0.549678086800225	5
-0.100648423269096	0.140735546057894	172
-0.119097457165676	0.145865238804141	172
0.083760723253282	0.564417890707598	172
0.013761884441637	0.462643407272518	172
0.064990768135181	0.572228789081977	172
0.054451301495551	0.510136787067191	172
0.094914511631016	0.4212162400994	15
-0.081169373145072	0.118448462603625	15
0.068903917325544	0.597202271062271	15
-0.00624687505706101	0.277914646976296	15
-0.027651735268931	0.315365734588311	15
-0.071171515985005	0.258867926491696	15
-0.038492819200389	0.320626540582116	15
0.076771145392729	0.506093674727629	15
-0.041396342913417	0.939935956198056	21
-0.091070053149455	0.493835553382196	21
-0.106931220015375	0.580215283364928	21
-0.100504692354905	0.591007202743441	21
-0.050656760395843	0.813498561182613	21
0.043378791395623	1.27753121126463	21
-0.019910972335844	0.380340632262803	21
-0.120272341918176	0.320131717625776	21
-0.100346001118272	0.308166400018414	21
0.074974787692112	1.20257670027409	21
-0.046320939271352	0.636621500123752	21
-0.082291007948622	0.404657819814408	21
-0.031937152483388	0.562480034349148	21
-0.11183366665571	0.389502774434499	21
-0.080120548496564	0.468996052653893	21
0.011415286793937	0.182728802877286	21
0.00136890799425399	0.3594335952262	21
0.104980017507595	0.49007645938983	21
0.042855773246468	0.237964709903383	21
-0.116665699681259	0.103476995519755	21
-0.100732508614432	0.099071152759402	12
-0.01432878907094	0.208230130686428	57
0.066884098912595	0.443578673834558	57
-0.105635840951127	0.184428801208216	12
0.022376515150476	0.361395327392577	12
0.034285482464145	0.317425571442306	12
-0.014044700850216	0.208502492396669	57
-0.024479843632825	0.399879637433902	57
-0.113335626605571	0.184177046653798	57
-0.010845487176748	0.456044323906581	12
-0.087084372290201	0.257390114220035	12
-0.111270271896992	0.21333641445155	5
-0.041158823906634	0.342247282134815	5
-0.032427742769994	0.302210027028081	5
-0.123243582271449	0.176353414616618	5
-0.088541435077793	0.302458854684772	5
-0.110183243706568	0.1750269350976	12
-0.056383734812099	0.296549722333497	3
0.033003027773806	0.401088961484704	3
-0.033202935278124	0.335109988548526	3
0.081431475136736	0.542080716722315	12
-0.025699536391924	0.430402726872234	12
-0.106846454967483	0.210720506460518	12
-0.119483077745662	0.172302813442015	12
-0.067260752513562	0.269327926897409	12
0.028975585505238	0.386719346532124	12
0.034166343350014	0.317241414761445	12
-0.111049053053392	0.158959961196951	12
0.050210563357407	0.373146383440816	12
-0.111011218533121	0.173861896154339	5
0.022692689652606	0.201051761305512	5
-0.080465370037762	0.11897014902462	5
0.056571424358625	0.400189773660372	5
-0.075258829424501	0.269453324132133	5
0.045571008258204	0.555488706349944	5
0.121991985727332	0.720377239022345	172
0.036952982933177	0.582180640886597	172
-0.122630036935731	0.209010869194457	5
0.078863603680169	0.527771072594516	172
-0.102370625657437	0.173433315565776	172
-0.026291935831377	0.233542811249682	172
-0.113852348275251	0.123775004000746	15
0.056888225848184	0.271894046932804	15
0.028119105543174	0.301360111918099	15
0.089144952604336	0.392177920931506	15
-0.107430990478723	0.209698522808316	15
-0.066013299332569	0.315409364815708	109
0.099466618945104	0.708470181412499	15
0.118496456850763	0.661567950788512	15
-0.071088170485672	0.185583260340702	15
0.046745587682255	0.4637770442906	15
-0.029301107367939	0.861715328468657	21
0.057924513655336	2.00073437317519	21
-0.097771295393156	0.488885610556269	21
-0.012910492120319	0.610578284046966	21
0.075552062048509	0.789570015343409	21
0.049161505287457	0.764538555652245	21
-0.020701377125911	0.663412466278795	21
0.012630438550123	0.901418596303614	21
-0.090035803590054	0.436184533776428	21
0.083523963571164	1.19836704041833	21
0.084510181645435	0.365328185159207	21
0.076056670057634	0.334348182380539	21
-0.069226442154325	0.308635260027808	21
-0.014006753542409	0.208531484543637	12
-0.026480034136051	0.357417861135656	57
0.079333019398832	0.528825807734903	57
-0.040337113708599	0.432889394220206	57
0.095200046888816	0.661984833481019	57
-0.093971210566512	0.284851722111034	12
-0.093912125632975	0.256387235769521	12
0.083037108397646	0.54520204722182	5
0.10749817872876	0.515568459107022	3
-0.026759617768616	0.356947166350397	12
0.026821674097109	0.523788099761706	12
-0.02342427334287	0.327848579741515	12
-0.014802681014087	0.35375030052359	12
0.05801523305356	0.533141289162299	12
0.071328507011846	0.610858639292965	12
0.09527693560527	0.662220508995403	5
-0.073509938951258	0.155484976359711	5
0.022705428175462	0.201084978892791	5
0.038577557767606	0.331308050097427	5
-0.077563034916637	0.244425092513449	172
0.080375508340441	0.699713410696374	172
-0.048279106764011	0.348681176624341	5
0.124738462660488	0.767453691394738	5
0.074550197764283	0.492921263741476	5
0.038338854186427	0.33096895050837	172
0.05399238536634	0.387408804125866	172
-0.043375748665734	0.20248601286416	15
-0.074610195954242	0.154419756741784	15
-0.044658729501493	0.331113634249847	109
-0.076754932660222	0.266666259491994	15
-0.052439023861616	0.251445990054117	15
0.00637871378428601	0.374643083576401	15
-0.016295225389917	1.10115491278757	21
-0.020334254240956	0.952642473951628	21
-0.043400297722933	0.593372899181906	21
-0.091531152054454	0.427172551390608	21
-0.01574833867064	0.903172242020016	21
-0.09469428850218	0.424077782365161	21
-0.01638076050598	0.62411655515642	21
-0.09421879824079	0.463927353160266	21
-0.050453488342841	0.627279796434832	21
-0.095771410219155	0.536900321143699	12
-0.057992506776236	0.238746263172392	21
-0.122152593270089	0.0799134002655203	21
-0.120584054562245	0.0552773639675743	21
-0.10177942970228	0.157331833646738	21
0.055395828315457	0.270289507274471	21
-0.087796995100258	0.137183764041802	57
-0.088163818659568	0.220373849566592	12
-0.118890967012388	0.160054754864225	12
-0.12240814697731	0.12735906488168	57
-0.040788459755588	0.278794808151152	57
0.065607867905345	0.581321537542626	57
-0.113370812722971	0.184158692984759	57
-0.027332590459292	0.355771648601607	57
-0.053143344198423	0.381550310043229	12
-0.061404021473619	0.306387735656379	5
0.07482074647761	0.786996662056647	5
0.057263294953016	0.523882840282339	5
-0.053036200906075	0.358330367704244	5
-0.031398479912995	0.443103109080114	5
0.098185660476461	0.696208591532562	5
0.056608370142548	0.627064636463276	5
0.119645936109718	0.694649530550235	12
-0.008880021456702	0.418792161278674	3
0.116339674044282	0.636587494323709	3
-0.045677127938959	0.298740113675362	3
0.078367536690389	0.677723412766173	12
-0.064774281181282	0.296131047165991	12
-0.083511939178296	0.231128758277333	12
-0.057268058277644	0.239805511255265	12
0.075057228772787	0.493876758066248	12
-0.028087275951499	0.314572946341043	12
-0.026759617768616	0.356947166350397	5
0.124370276540718	0.766415413067402	5
0.025301373731599	0.449385136586575	172
0.0828988680397	0.553831808975936	172
-0.050216956871912	0.316144301167402	5
0.048846177427045	0.475456243156066	5
0.096205372650266	0.664565214165573	5
0.117003359559843	0.648143439635587	172
0.082797553075952	0.553784497928686	172
-0.013117839364658	0.262437459322086	15
-0.086825211892131	0.138115765719482	109
0.107490815692612	0.504974550426232	109
-0.034330584736811	0.257490549315957	15
-0.000747069361100999	0.349804402374249	15
0.12016422682587	0.705447335990622	109
-0.063317389102202	0.280054748447943	109
-0.029617243380653	0.346660551940504	109
-0.025105776426468	0.360195210110716	15
0.07158972930436	0.619584459151718	109
-0.046160715606519	0.328107683232027	109
-0.071396089076748	0.258481190373236	15
-0.112054917518612	0.186234601213062	15
-0.077497791490693	0.222502041120716	15
-0.067689158473384	0.268502005355158	15
-0.046341295447454	0.928853301747287	21
-0.115625529422886	0.465985811307957	21
-0.041491277032701	0.713784737420957	21
-0.098574816202423	0.51592516719997	21
-0.039303189058343	0.602404109747043	21
-0.101356935432079	0.378400550012851	21
0.013055891024323	0.399434779431059	21
-0.013830267924659	0.145997444516298	12
0.050276554129795	0.486100537489884	12
-0.037268737178323	0.289250578783039	12
-0.092660868019218	0.210099523207387	12
0.05745786821736	0.401663394782371	12
0.079567721897854	0.529341002695115	57
0.040294691844365	0.522358122339564	12
0.043345232150333	0.543074785135176	12
0.045131997621668	0.547516143814898	5
-0.048644730837308	0.319221460513662	5
-0.059254276651701	0.314333056674981	5
-0.005630141583613	0.431259807766202	5
0.070885941082884	0.617711490788701	3
0.000359677878547016	0.351697364347718	3
-0.013282255590054	0.311279129155473	3
0.106727939735206	0.503689072809739	12
0.012287416802064	0.398021654544937	12
0.072294932017988	0.319638901524048	5
-0.029929524304568	0.269169511740476	5
-0.046143664952145	0.26563807890158	5
-0.110463819314711	0.174516048871782	5
-0.109800586274699	0.203103887953695	5
-0.000606925580569989	0.350066724289428	172
0.011652571527489	0.396774643134551	172
0.115537713385374	0.624530102838401	172
-0.091924940853147	0.211240934104696	5
0.031615422784641	0.482649094630529	172
-0.086188751058413	0.223534813190213	172
-0.097772984588657	0.199151383453419	172
0.046821027003205	0.359613701757605	5
-0.004510063232469	0.225507795027544	5
-0.112020099354832	0.157679054132394	5
0.021696393618305	0.360266150907121	15
0.081846558569002	0.53391212819691	15
-0.088899907765488	0.198662697748038	15
-0.041491022855879	0.242352566678847	15
-0.089305466518225	0.198018949553193	15
-0.087697170064735	0.221057314851112	109
-0.115354000622089	0.227606185460736	109
-0.049286215317775	0.317981300821405	109
0.115312188167652	0.624072080330923	15
-0.014349905637953	0.925743390009175	21
-0.090599500703429	0.598097714022271	21
-0.122650479045764	0.240334326926602	21
-0.042041541720073	0.625790871326176	21
-0.076873335283004	0.459294444442354	21
-0.095282461062496	0.402325330129253	21
-0.118590485943346	0.430193890971859	12
-0.111305294393226	0.173431590186294	12
0.061644568858116	0.287098701276135	12
-0.05312314682485	0.103637553625753	12
-0.101677681771588	0.222332377337828	57
-0.085178642769602	0.279690499759303	57
-0.121358557733208	0.0549234777072483	57
0.011936574546437	0.183136132676485	57
0.00879694453939101	0.319323790948197	5
-0.052267658528265	0.360277724177368	5
0.071416540122055	0.469323894315228	5
-0.07181159983327	0.25776782816362	5
0.02161483817931	0.360100472689389	5
-0.095425459336429	0.221393675098177	5
-0.055001445139214	0.350329787338452	5
0.00829174602167998	0.384215677447751	5
0.019302283884691	0.424396058907568	12
-0.079742783392689	0.258000549736654	12
-0.096397029963143	0.234457335207764	12
0.086996829558923	0.598103940604163	12
-0.055208721555083	0.273735304033618	12
-0.105490136434118	0.199246035495682	5
-0.025544240197255	0.359358218957377	5
0.02343342619654	0.445556531993637	12
0.01984002296914	0.425436413200471	5
-0.00843861212203201	0.376794162320142	5
0.01416632708432	0.334314996118438	5
0.083269252225816	0.363852988018118	5
-0.048844341295971	0.156059359437565	5
0.104687904823142	0.489600448178469	5
-0.105865673290251	0.238794996385611	172
-0.033042120498946	0.367639940033419	172
-0.07680229371406	0.30344491925972	172
-0.080818014797694	0.256047032511344	172
0.102337125495365	0.743720307630924	5
-0.061291260244399	0.329153832664961	5
-0.017232683298007	0.349318783369661	5
-0.076617580441672	0.200163883437229	172
0.070168513952679	0.467097228331892	15
0.086847269805703	0.589204568659971	15
0.086502210764499	0.378274145002999	15
-0.071352749081871	0.185310237828435	15
0.051193092158183	0.488073247075871	15
0.037016457073245	0.508051606458154	15
-0.023758848883693	0.327243293563661	109
0.046745587682255	0.4637770442906	109
-0.068864256296057	0.34778499560836	15
-0.032932061247427	1.04917065935325	21
-0.077027082435593	0.71386467288138	21
-0.108842528016493	0.451501825712365	21
-0.105281204311986	0.506073778959181	21
-0.052290441102013	0.707689490914148	21
-0.041013145735296	0.488673683855297	21
-0.049294670103666	0.543925162220841	21
-0.03708105219918	0.712681454035934	21
-0.054539364965413	0.537192117374542	21
0.00820184366360799	0.956901055895836	21
-0.049734883569213	0.630345363477857	21
-0.102354945250196	0.390551958754721	21
-0.086086186762015	0.521072462642262	12
-0.014259737139541	0.30969074376688	12
-0.013048384933157	0.146527490479051	57
-0.086422213484714	0.22317046519168	12
-0.09450876525	0.222945934414946	12
0.11647079362409	0.65676952063225	12
0.083900256466275	0.573505481038554	5
0.073351496191612	0.490465759907249	5
0.077759047687213	0.516849951387063	5
-0.052055180602538	0.283191827095347	5
-0.011740326105408	0.365045057346243	5
-0.016482539815144	0.392306969716454	5
-0.072743810037802	0.256097285773036	5
-0.045243090216945	0.299456340179988	5
0.07294946552693	0.630789841840153	5
0.005565470947208	0.427457905755898	5
-0.01298780804618	0.36253234999407	5
0.00591886031939998	0.428223516649225	12
0.046545762742081	0.463537088380015	12
0.098371229839949	0.447400275854103	12
-0.093813099280282	0.170518302738147	12
-0.084067714439729	0.209099659149633	5
-0.10503093042873	0.185352826855522	5
-0.040971142150689	0.278537451312777	12
-0.051808304477628	0.283709932116038	5
-0.058900334179761	0.263376275122234	5
0.00560536675853601	0.373199912385017	5
0.049419510205202	0.25424945133072	5
0.06770690487551	0.304066397575413	5
-0.019131539712664	0.24859393194057	5
-0.110757697581011	0.159350773073637	5
0.091260574391194	0.625790849547141	5
0.028687780627717	0.469579299758162	5
-0.112198591697188	0.15745710703302	172
-0.045814843067417	0.266183767779218	5
-0.099985241856314	0.195776320781402	5
-0.087368099903658	0.272292555140075	5
0.067966174344006	0.594826413470253	5
-0.038803446160383	0.320042117931523	5
-0.064020707742877	0.198541899629002	5
-0.122493889964826	0.127254783442945	5
-0.019633962396052	0.295581187695726	15
-0.018754826565715	0.382701145760635	15
0.118676956540814	0.682284251650728	109
-0.069652329954841	0.28331159324292	109
-0.075676722450445	0.247599231894635	15
-0.02278865129087	0.32896454200844	15
0.023804469739392	0.288102550703858	15
-0.116038291850623	0.428133556667008	21
-0.107977900626293	0.413960983114042	21
0.055671514532302	1.12166595056558	21
0.043174204681079	0.94976848218232	21
-0.015411273677518	0.6276555309532	21
0.061821210357933	0.909337689088373	21
0.021955611021401	1.56216757190188	21
0.048891564532275	1.22579659177609	21
-0.110309745756451	0.459504184341349	21
-0.111857867181639	0.481856520089656	21
0.00754579989121901	1.07689297454625	12
-0.013306152444951	0.14635874538675	21
-0.08727200934932	0.137686716454116	21
0.053834653331526	0.387315544387943	57
-0.124389756239276	0.174507483411472	12
-0.092993805309642	0.171521509316966	57
-0.069618531097277	0.23831535120946	57
0.013356936810386	0.400088711265149	12
0.070985080828552	0.744289711818485	12
-0.086631826964089	0.242421661025047	12
-0.00568074380867401	0.335355171269782	12
0.030841899458605	0.623525207075866	5
-0.022914571581084	0.47440651819458	5
-0.071811332872873	0.184766858269584	5
-0.054704077667989	0.421123946886536	5
0.04103606620996	0.698814051188531	5
-0.070014651253928	0.345029865333772	5
0.08328035856443	0.563505921488254	5
-0.113909044423749	0.123722068700649	5
0.091946268104274	0.406492233939568	5
-0.00102224411287299	0.349368451735312	5
0.047667178788863	0.473264959853167	5
0.048212075037511	0.474022941869708	5
-0.062385057500645	0.281770771690978	172
-0.071592190821166	0.185024644087952	172
-0.111822079939389	0.142284060310852	5
-0.028960958649657	0.517195208001579	5
-0.049210975240374	0.318109837639384	5
0.090364711453801	0.805076039225038	5
0.053776506767005	0.508589012612009	5
-0.086181916508519	0.183738790914429	15
-0.053914660078088	0.356455631847273	15
0.100238155558776	0.450414959526454	109
0.043560175148905	0.450131727076178	109
-0.037200449051669	0.28940584079766	109
-0.00443070203290699	0.337541727566677	109
0.011970322701227	0.511949904107412	109
0.022291167685449	0.562561834684556	109
-0.107232024663061	0.272963377540056	109
0.035583791514628	0.498191747512438	109
0.083269252225816	0.363852988018118	15
-0.120061136395801	0.458804452100862	21
-0.045319924146913	0.734373905594575	21
0.011398103905213	0.962160012472351	21
-0.077696273535935	0.575114319764163	21
0.023743504241005	0.984973245596733	21
-0.077199499668223	0.24504545469586	12
0.03491731304929	0.411803325122092	12
0.062635024711142	0.427544705196684	12
-0.120217517276932	0.055444175672436	21
-0.083741015505869	0.0793365080292949	21
0.073628245657615	0.491075494314204	5
-0.118151944867696	0.16109753102431	12
0.076164098457509	0.334428802958902	57
-0.067119821498187	0.291643618157157	5
-0.107565068779646	0.195914181088248	5
-0.11780185586856	0.17487208007911	5
-0.00999895213208801	0.322310336266296	5
-0.039270960110436	0.319087722371413	5
0.030271047428186	0.473202597012153	5
-0.093629745215384	0.25694145593996	5
-0.092629359317819	0.258916796007689	5
0.00202436333809403	0.414371571279648	5
0.121443365198136	0.709188253497991	12
0.05316999834565	0.386059889855273	12
-0.011070463267546	0.320508225441221	12
-0.093463116813808	0.20886341892398	12
0.112702697339291	0.58780654518427	5
-0.082313736936604	0.211710859681618	5
0.065833079179474	0.441787289863601	5
0.055870671249498	0.520531488335748	5
-0.055041296658606	0.27404317066746	5
0.111379180096321	0.564594413754588	5
-0.087188824392589	0.137773240706865	5
-0.091065863534917	0.246997332504003	5
-0.045971811235781	0.298014254230435	5
-0.040971142150689	0.278537451312777	172
0.025178580541276	0.449242713519941	5
0.020254879760314	0.426241600674825	5
-0.00530647151755401	0.388404990427556	5
0.088835793575333	0.611186253263203	5
-0.111433551237706	0.142728448921976	5
-0.086422213484714	0.22317046519168	5
-0.06253318113559	0.200406261121924	5
0.071827603574453	0.319047351958613	5
-0.063496450901264	0.19922535591243	109
-0.00675446447210701	0.277256889909557	109
-0.09594785387783	0.185412980447459	109
-0.111129945392194	0.158866516992898	109
-0.003657101615613	0.397004540403474	15
0.00753777177368598	0.489486303414449	109
0.043224321208825	0.449509496160958	109
0.120874004707915	0.707709598385678	109
-0.045503601748524	0.299052653759184	109
0.00728456460886701	0.376279824231998	15
0.004151546366646	0.305612549947295	15
-0.106697279536617	0.544104101035261	21
-0.083933153125817	0.611651977011071	21
-0.030069657661209	0.95388167063737	21
0.034154915740032	0.867263916556779	21
-0.006110102341506	0.647578248642194	21
-0.070103916400002	0.474708400523749	21
0.02710213819561	1.19740427307517	21
0.023422305138584	0.201674913627838	12
0.089886464444141	0.393262658304444	12
0.055917348597665	0.270889660273394	5
-0.004467644181255	0.225513551048152	5
-0.035639583681814	0.174127095419855	12
0.022585484344907	0.361674774229781	12
-0.061383111299387	0.283571297951792	12
-0.049638738384949	0.317257920249798	12
-0.076025845454504	0.224691618801441	12
0.064059390253498	0.569952588234894	5
-0.11152308589212	0.200268490840413	5
0.121798275248071	0.709962283862815	5
0.11429151909616	0.580878454084806	5
0.032126461297161	0.399499131506011	5
-0.03574992442997	0.255487880650467	5
-0.061827821478704	0.305553016049156	5
0.013022621788582	0.399430676105982	5
0.012354486089664	0.398163644306615	5
-0.103403945425885	0.172030559682325	5
-0.124328462545254	0.150093090979981	5
0.00214224312206401	0.360918011062959	5
0.114975689227978	0.602944277348697	5
-0.056745386911112	0.271135897864974	12
0.089204319270795	0.392291453051121	5
-0.082174171868587	0.211918891456657	5
0.00214224312206401	0.360918011062959	5
0.02081553118602	0.433789520797048	5
-0.080916116652629	0.169999644746182	5
-0.024710221752454	0.191003051847568	32
0.08821087750568	0.390671669220764	32
0.047210092346033	0.472219162541687	5
-0.062240564581432	0.282027281576291	5
0.104930912084237	0.489985656329746	5
0.118675767158724	0.672347129419152	5
-0.029831603782823	0.346248588250852	5
-0.07770153996435	0.244191830366905	5
0.114452409518096	0.611995439719911	5
-0.013926882048154	0.310285354191804	5
0.111274770034607	0.554008265374232	5
-0.00502432849638801	0.224999111691326	5
0.01157340580235	0.390160623565791	15
-0.111291869362813	0.15866258466181	109
-0.03263608796076	0.372801745208087	109
-0.121093102894416	0.179702784396954	109
0.120367242816788	0.696421356554965	109
0.00631083934668503	0.374530859862834	109
0.06604137228935	0.442196651145975	15
-0.121969251359224	0.127850388745211	109
-0.068310788499413	0.828465136126201	21
-0.041568599737968	0.896964391638288	21
-0.08340753920653	0.58692529337194	21
0.05686418992499	0.856854765610439	21
0.016738415975111	0.594732194980402	21
-0.075128755355641	0.345730252894181	21
0.027445627413081	0.864745308014511	21
-0.041600557445821	0.820224722880847	21
0.028082512997499	1.32349323404757	21
-0.062273557339291	0.563679293276516	21
0.111858698487145	0.0760513170465834	12
0.00340191234350301	0.304579416677568	5
-0.081156472419163	0.118458360031002	5
-0.089666478351237	0.156228983520699	12
-0.066190034526571	0.247614119150008	5
-0.101289108933692	0.120654855002621	12
0.104996799020348	0.49014343076415	5
-0.07610187015648	0.304923233442295	5
-0.08397188343358	0.209207822678143	5
0.042798419749939	0.345414059963291	5
-0.00959208412533599	0.323033924790726	5
-0.035482115397128	0.292240495484636	5
-0.02835610769304	0.314102629179824	5
-0.081943528653001	0.212249738932319	5
0.012087464396874	0.331023150025249	5
-0.07157204074432	0.185048349604006	5
0.028489756343031	0.301861914581431	5
0.042223229101857	0.344589724820754	5
-0.091675107891421	0.154033337916216	12
-0.042079627966972	0.276725076748618	12
-0.119193678777191	0.145758642511571	12
-0.083717145669225	0.266768914730262	5
-0.091088516758	0.231725976575563	5
-0.115976873031271	0.202591974180909	5
-0.11099375019483	0.143234501506139	5
0.102727975550138	0.475710339339372	5
0.08889291171064	0.391811611017294	5
-0.063069170545778	0.170888729313985	5
-0.030291719372336	0.12604212424373	32
0.083243720667472	0.563460373159102	5
-0.008614833849653	0.274600348977835	5
-0.090426915997588	0.1964571390735	5
-0.057928928669248	0.238848734668734	5
-0.00491529486269801	0.22507475212676	5
0.088744659473354	0.774743146402647	5
-0.016319358310958	0.392715936818172	5
0.071008413788581	0.468607342885302	5
0.033035978879727	0.219379646755372	5
-0.115739208870073	0.104230599308605	5
-0.111974199434767	0.142101445479098	5
-0.06415010889941	0.137272289138299	15
0.013439205880993	0.521245614295634	109
-0.040103669922155	0.404690578829686	109
-0.014747163595653	0.436744316256698	109
0.090468547898893	0.623913344877674	109
0.060886898888414	0.539497509614165	109
0.00281240579318198	0.240785044867852	109
0.103957535398986	0.488229755788677	109
-0.035429755809019	0.292322888404544	15
0.071927986378159	0.319193279335412	15
0.00512723115427	0.426562263672958	15
0.013734733771776	1.06290360825735	21
-0.109383169206757	0.498876363577554	21
-0.100591293098226	0.625548286736525	21
-0.077728333045278	0.761826882372506	21
0.116335322728434	1.70045743145191	21
0.019006053374408	0.348867958777729	21
-0.123788040330554	0.195785202493607	21
-0.112043810221446	0.279445728657675	21
-0.056558819077468	0.506397764291415	21
-0.00223698658584301	0.540352856945212	21
-0.057499693980268	0.701294740183465	21
0.00236107583397699	0.663363332398463	21
0.084281721783687	0.365213886223119	21
0.03418928680013	0.317274787142764	21
-0.084496232064961	0.246306946723266	21
0.06734298571514	0.303654274467797	5
0.00738556568811999	0.376464818181989	12
-0.122912237243467	0.0794325890432734	12
0.072622824540531	0.480435492048619	5
-0.06339425603447	0.19934917993527	5
0.053586467936666	0.50816973172432	12
0.018890390121114	0.541449181591621	5
-0.053710605644834	0.305466649852472	5
-0.111065236239191	0.15895804499477	5
-0.117038717835167	0.162622973065745	5
-0.091793141384623	0.245684355217217	5
0.108086339124635	0.83455131292541	5
0.021487453863328	0.359936136883765	5
0.021638002730974	0.285270887057996	5
0.044303665979004	0.347565020552789	5
-0.00781599875865399	0.426157471523638	5
0.05453789214834	0.510331996118058	5
-0.068578504228622	0.285249550943867	5
-0.036863038280095	0.289973815700094	5
-0.036213143475472	0.254753719803648	5
0.07992805876054	0.53868362095226	5
-0.034403772582854	0.332807099933111	5
0.093058162350707	0.408146213597764	5
-0.076529966063891	0.223988373080632	5
-0.113909044423749	0.123722068700649	5
-0.031107355851929	0.1255320478051	5
0.022862391600108	0.201177830057688	5
-0.053219972643393	0.103577238966402	5
-0.118512826579418	0.146605043196472	5
0.038558195302181	0.331276258612317	5
0.012509485537671	0.331673146313788	5
-0.077223726237874	0.22287618805143	5
0.013784852406254	0.522377574110541	5
0.101695737779301	0.46340187681587	5
-0.10028266714768	0.121532922035246	5
-0.023985452344877	0.191703971849761	5
-0.112955466678859	0.124680420098962	5
-0.00792356895145499	0.548955119378578	109
0.017067434175345	0.413554248375784	109
-0.089656865652529	0.267663934745643	109
-0.118943401096113	0.515553369521878	21
-0.106947227413471	0.236592905671635	21
-0.078147870267216	0.300463476161416	21
0.069278365372833	1.01956087427263	21
0.01026795663334	0.559261090149095	21
0.012549490509337	0.183599620530495	12
-0.00507383376299	0.224926892718509	12
-0.04720662203317	0.229568877029465	12
0.086363767667443	0.378173360534933	5
-0.040816919262143	0.243274044962783	5
-0.10599803692211	0.212189606176372	5
-0.055667639489819	0.242004039107178	5
-0.00733123514893699	0.276415080796027	5
0.012688341253819	0.332016902708866	5
-0.091304599588135	0.154454386582815	5
0.097082495563914	0.434922205062053	5
-0.024539658376552	0.282574479973966	5
-0.111530786194251	0.225336671532758	5
-0.100632625706203	0.209892218792521	5
0.03593742095672	0.498940824523556	5
-0.04683631603064	0.264574730385042	5
-0.03500676878352	0.21763051735905	5
-0.040415207074151	0.279404434054894	5
-0.100388486146597	0.210288323912733	5
0.029993636880712	0.395464587426131	5
0.010273068050182	0.256622146663429	5
-0.070964563316578	0.236267419117284	5
-0.075795798367493	0.225022515219009	5
-0.090777859488079	0.155042859225048	5
-0.00433182292388001	0.337563302275834	5
0.051695148005765	0.489078655813125	5
-0.085966873046824	0.18408271817534	5
-0.00557548682530801	0.431267397192136	5
0.04158178311713	0.236800513343659	5
-0.013821756202131	0.145997792992884	5
0.033557496838356	0.219833998218885	5
-0.081703819972977	0.118023895082466	5
-0.014489753481333	0.208068944034902	5
-0.023188654702078	0.192445940864161	5
-0.094594088528124	0.222802574846622	109
-0.081244617654138	0.271588461574531	109
-0.01962187159917	0.247982737035858	109
-0.00611819283859599	0.386738305120242	15
-0.032840460390697	1.10169801237107	21
-0.070833580122187	0.212030576715542	21
-0.08489118621381	0.280310706001687	21
-0.119367371830441	0.321367767641892	21
-0.044775257265327	0.444300858771629	21
-0.068604140219797	0.446811381496359	21
0.053681023905151	0.387026218498171	12
0.083384372087608	0.36402073142337	5
0.02901650392799	0.302541105954249	5
0.110900237187291	0.553303787725074	12
-0.103272478284933	0.155497529977062	5
0.071885520863096	0.318975779889838	5
-0.121969251359224	0.127850388745211	5
-0.123431866816229	0.079084180561219	5
0.042003131508008	0.344244015879373	12
-0.00754974936064001	0.426847973255615	12
0.070450251010407	0.616540794093239	5
0.106646336647428	0.503513079165597	5
-0.012354930217769	0.263457270075291	5
0.054054301426272	0.38763279904741	5
0.042451552364627	0.447929977749939	5
0.00331696434642398	0.304355846672211	5
0.104410842359836	0.489022456351989	5
0.067732200767791	0.453867924324977	5
0.011004575617216	0.450622598048703	5
0.00782503297690901	0.490189595062539	5
-0.054726363050356	0.214895110934909	5
-0.122780267552987	0.126936001217437	12
0.110456013214267	0.56254308439659	5
-0.013695101814479	0.310659932921437	5
-0.054974912817012	0.274115730833738	5
-0.0401498056498	0.374676423317348	5
-0.099844656236421	0.269398446219711	5
0.041955970889891	0.439621794034085	5
0.085251586285927	0.576754435421473	5
0.080361519442598	0.539726312044485	5
-0.018519374457346	0.297356555428304	5
0.078360638286056	0.517967817179786	5
-0.043047556091971	0.202881531123262	5
-0.122872713494582	0.079446760937946	5
0.03302296662444	0.21935342180585	5
0.000271593875032006	0.165112387034384	5
0.043322616287768	0.346203867214782	5
-0.118857610196095	0.173237113653753	5
-0.089938540881206	0.155934576352048	5
0.057541989290009	0.401842057284089	5
-0.010229436297308	0.498296439778123	5
0.086449521136847	0.588209288125829	5
0.03364018624227	0.316542163769587	5
0.063361902976739	0.428755310211181	5
-0.101885219109547	0.0982053921710403	5
-0.014530948921653	0.20801664871874	5
-0.042363866162921	0.203602998029519	5
-0.018627201023053	0.341618912793803	5
-0.00999235490304701	0.458171045251419	109
0.087573579663217	0.599579549666258	109
-0.101854695344306	0.157234277547938	15
-0.005351715178635	0.43185063893857	15
-0.051272685054964	0.253199593032922	15
-0.05800723714293	0.598292509360353	21
-0.078602966212765	0.628951586000563	21
-0.093946167172016	0.544988497981345	21
-0.087130507568517	0.489606669227901	21
-0.063811023964271	0.428483864992059	21
0.124535056370697	0.786481360035629	21
-0.005074759999871	0.765300806423905	21
-0.061564966280188	0.501072441829506	21
-0.091511483644638	0.338068683117446	21
-0.120604072678255	0.317653860360062	21
0.011270939612932	0.257773153455089	12
-0.080999770265135	0.118573837534952	12
0.055917348597665	0.270889660273394	12
0.023083274622229	0.201394637722052	5
0.041393490192007	0.236605132816548	12
0.017416843355802	0.346329994742577	12
-0.00879970128982399	0.324388576165302	12
0.108078637211652	0.516608562611312	5
0.00984833600294799	0.256133887360932	5
-0.055371716155668	0.214063405184022	5
0.00258069775807901	0.361681698590552	5
-0.017921374988205	0.298280651690885	5
0.015075694783554	0.335672176253396	5
-0.124657966067931	0.1496450086083	5
-0.00318053479821101	0.339581289953398	5
0.012475314320309	0.331590226637695	5
-0.093262868892866	0.209158186101903	12
0.046662300631649	0.471080184936398	5
0.122164368964098	0.730779424482696	5
-0.051670015133742	0.283965020412473	5
-0.095960997722256	0.23523127884375	5
0.022079018702324	0.436423755996453	5
-0.06987259930062	0.282895194630059	5
0.12348543050049	0.773581812103366	5
0.00557226509660702	0.373157555558601	5
0.094609600144517	0.420673490581307	5
-0.089957058326701	0.197116260081495	5
-0.110504658673142	0.174580243286817	5
-0.007401320454517	0.378800701052283	5
0.061641648053908	0.287044813998477	5
-0.063940647265851	0.137401131458638	5
-0.074918547688465	0.154104398016911	32
-0.118061004032375	0.161208255909461	5
0.120300701369895	0.706174735098465	5
-0.070331226814674	0.21274203565198	5
-0.102913663734954	0.188424847143738	5
0.072116800966252	0.47948409549196	5
-0.00539082399895799	0.22460886115255	5
0.075898156358878	0.334149472489087	5
0.071877824988808	0.319130246223493	5
0.097003418695337	0.684249689648681	109
-0.081518815393238	0.234461552555776	109
-0.023357353320387	0.327926156190587	109
0.044455940496952	0.34775221289567	109
-0.070120196306315	0.655753336789414	21
-0.10142040926982	0.303223317664862	21
-0.064728630323115	0.428680096953171	21
0.071984981830481	0.894758986117942	21
0.113070343040687	1.40432080863785	21
-0.021836098374076	0.371589822814858	5
-0.079447360402782	0.258477203178152	5
-0.080962516732282	0.255777441867004	5
0.105528032564198	0.501493758087209	5
0.071928408521239	0.470267783454388	5
-0.106216502072357	0.198092039679067	5
0.04288844310116	0.448851488356959	5
-0.077688478530849	0.198694900069487	5
0.070960088792447	0.468579192581531	5
0.065733062236862	0.441624251626398	5
0.073828453519985	0.482723332439243	5
-0.118551716547649	0.186206547066877	5
-0.100321071728297	0.224709156310016	5
-0.041117889642774	0.242862206287655	5
0.098817923221181	0.448158839219842	5
-0.0971060259261	0.183783644219437	5
-0.103583063448068	0.171827685250695	5
0.075860258843577	0.504263230990871	5
-0.04867786534905	0.156204689922363	5
-0.070331226814674	0.21274203565198	32
0.099194417721793	0.448799061326416	5
-0.02872901826511	0.270947033545608	5
0.006036317311227	0.485662103819214	5
-0.051946573815533	0.283450365482173	5
0.084160599811968	0.565498658202449	5
0.105900801748106	0.502186868032889	5
-0.049032796497531	0.155893838068982	5
-0.091304599588135	0.154454386582815	5
0.046160003899519	0.358599120853716	5
0.01021795593103	0.256580493690421	5
-0.090796225035613	0.154985665886872	5
0.079379134631287	0.348576549604048	5
-0.113191592034642	0.170683026193936	5
0.066399143569601	0.583336902949088	5
-0.084779761740929	0.245815712057739	5
0.031459581683795	0.625509988699025	109
0.116317188553087	0.62628903475602	109
0.013213508989843	0.88743631285868	21
-0.045400018443565	0.755392736300118	21
-0.117667252053118	0.336209563470017	21
-0.031766904951218	0.570269579362072	21
-0.09299332206585	0.484451000742677	21
-0.030760662810883	0.818312676280237	21
-0.086038405483209	0.183987711320574	12
0.055483627672982	0.270331293241235	5
-0.003781606452162	0.338627582770179	5
-0.118578242359292	0.146517965874714	5
-0.017903736945094	0.298313420733104	5
-0.072755411938462	0.183606427328906	5
0.090648850523741	0.394332252434675	5
-0.013568330760438	0.444455254645507	12
0.099527934831735	0.45958692782955	5
0.060327801925901	0.415035457306704	5
-0.092593252847279	0.210226687036543	5
0.076869192194562	0.506262658874609	5
0.106145555712814	0.502651572844307	5
0.070432552276063	0.608767582605154	5
0.017949911509676	0.421605907255852	5
0.032954521510095	0.400972102651924	5
-0.089964693346539	0.197134114405083	5
-0.116619401266364	0.189380495567703	5
-0.067064304568239	0.291763415624544	5
-0.096240061575947	0.234709644002804	5
0.00704941612006799	0.375858211180424	5
-0.045906020784347	0.266040818749374	5
0.103319758050805	0.476668863681009	5
0.025743683181811	0.374110375387142	5
0.00109778999933902	0.358930455621839	5
-0.118337542039945	0.1865637108651	5
-0.119939864606482	0.144819657712802	5
0.105808614588965	0.491478513539996	5
0.00261030156457798	0.240479535350354	5
-0.013057169636604	0.146502214395153	5
-0.111170600765788	0.173615839217617	32
-0.053394634724008	0.186166560497451	5
0.064492723339168	0.570924335266323	5
-0.069685367373889	0.238250648737979	5
-0.041571120853319	0.277571367575669	5
0.012554661657692	0.398509136549435	5
-0.116303701058288	0.103778292825302	5
-0.035482115397128	0.292240495484636	5
-0.035958146478151	0.173845828245728	5
0.109097124435879	0.528850923852917	5
0.068538229582297	0.713950076153673	5
0.063910415625775	0.569635076648968	5
0.069461951181075	0.716652755208071	5
-0.019872443756433	0.247664612487767	5
-0.121948732906513	0.348581129655656	21
-0.00650608522917801	1.07083391927564	21
-0.048910428808689	0.765918715791076	21
0.071978252336485	0.908700588212159	21
-0.106512622647813	0.299567295830877	21
-0.110848137755815	0.262506053333815	21
-0.039546300241083	0.435001139413688	21
-0.069433666304535	0.444193758177045	21
-0.084524595097041	0.472277159279149	21
-0.116940782969308	0.10321072322433	12
-0.088198055040034	0.199651412674385	12
-0.119609755478887	0.055711754297703	12
-0.048633891613079	0.156222447383519	12
-0.072402650923676	0.184050182985488	12
0.110178769277715	0.561916675114934	5
-0.12309200689834	0.079296975255135	5
0.032636780033839	0.400376771262422	5
-0.076621511086373	0.223850826212902	5
0.037042617869853	0.415585355936267	5
-0.066792381901515	0.313958814111786	12
0.00140193829909102	0.359529514992278	5
-0.096255430236847	0.220007433502779	5
0.096999144091443	0.434826536853042	5
-0.056199017773435	0.213006267015802	5
-0.03104998487038	0.30456336967634	5
-0.111844077188675	0.172666552755685	5
0.021795527527138	0.360430052422961	5
-0.055303147772428	0.214167577991878	5
-0.060708355252519	0.260512323602091	5
0.054498854504276	0.613975772360066	5
-0.070010312333193	0.282652077321594	5
-0.095734945610837	0.220887513734512	5
0.103698924017498	0.477356930902186	5
-0.00910990032029099	0.273784124121833	5
0.038021753115136	0.51040862860303	5
-0.01574886016683	0.393951941916112	5
-0.025758389466353	0.358943783698177	5
0.021854020966953	0.435966694365239	5
-0.102393994820699	0.221048473159206	5
0.00348846130844799	0.363330831746281	5
-0.07052671655366	0.236969272068658	5
0.09342874437844	0.408656744982587	5
0.062047509250931	0.287526062338133	5
-0.048279084976677	0.156522133043066	32
0.09211413403677	0.636733393770945	32
0.067914390287683	0.454239141873253	5
0.043271919189271	0.346123380617785	5
0.072844286425745	0.48933450609279	5
-0.116176268916558	0.202261024069979	5
0.00427529053283998	0.424725728949692	5
-0.064463840950434	0.225100728853088	5
-0.12305207957486	0.0793398988018407	5
-0.116622303357451	0.103502664592681	5
-0.071067297208074	0.185645437588597	5
-0.006382464043035	0.277752269827484	5
0.035978324270229	0.572834228825233	5
0.1225925662286	0.731908865657717	5
0.04768421630736	0.465641421130427	5
0.014342107814899	0.463979696994589	5
-0.071373424523719	0.28007340363097	5
0.052619479112601	0.498644573710168	109
0.080372296202873	1.2961718569832	21
-0.058146241965006	0.695441572281173	21
0.081332409672094	1.42036257263649	21
-0.081492524596508	0.487565477301574	21
-0.04396982794934	0.419496503960722	21
0.08139158107624	0.847661013729414	21
0.038241055495564	0.510881889012163	21
-0.048709759193848	0.347657674304081	21
-0.120814908427617	0.273545585563968	21
-0.107993233878944	0.317053717588366	21
0.070826843370092	0.31773494900487	21
0.023110723555985	0.201385381126741	21
-0.053062857025092	0.103671316118869	12
0.000752383621481001	0.165434281431213	5
-0.048630501837615	0.227633625653984	5
-0.102619479696892	0.119396280974737	5
-0.02036311772307	0.247032510316935	5
0.053834653331526	0.387315544387943	5
-0.121663978566356	0.128189914467903	5
-0.063057413877482	0.199754289144747	5
-0.052541960109574	0.187108922554471	5
-0.012793984936839	0.262890155760175	5
0.096915614171236	0.434679563305598	5
0.047109597687148	0.359993774749003	5
-0.038163436872685	0.321243600371388	5
-0.086420373933443	0.138481442914366	5
-0.0812867382271	0.169572944877254	5
0.055307913931791	0.270161998428532	5
0.063298139225616	0.428706608656164	5
-0.071368243232054	0.211301436866135	5
-0.041432120800892	0.277799915837131	5
0.032218091105304	0.399690315524209	5
-0.121358710897489	0.128517855215019	32
-0.085292617908703	0.184962490325179	5
0.058980998078761	0.412630367234513	5
0.070217125080708	0.467187475000407	5
0.032866518129377	0.219221400280915	5
0.067181943351638	0.303477898773597	5
0.021562709865786	0.285088516740717	5
-0.064527952486826	0.225010130903051	5
-0.102532677726639	0.173231430285394	5
-0.092766414094084	0.171809129624201	5
-0.087308290349781	0.137641108061313	5
-0.102245989053899	0.139066669707641	5
-0.101368804238194	0.120574583459816	5
0.000412059847162027	0.165199481956634	5
-0.035121860261674	0.217498092801329	5
-0.123671826788926	0.0789219603669186	5
-0.024475494844322	0.282663236304598	5
0.067450527673568	0.453348520484519	5
0.047917258365397	0.466065977062186	5
-0.114122543476376	0.123502717833061	109
-0.051876418433716	0.252292498140993	5
-0.013935031296846	1.0093105333445	21
-0.086387559579295	0.617637167551353	21
0.063203343922991	1.47258128381409	21
0.078471905165491	1.53307025805994	21
0.068330373783142	1.53639547479271	21
-0.045673610380104	0.464172556060335	21
0.118755112364628	1.14935984361498	21
-0.116987265793237	0.313077373754199	21
-0.016455054026423	0.58591553483089	21
-0.086350886830772	0.45128470235683	21
-0.121678102146639	0.335594749756033	21
-0.110470184504727	0.348467815733256	21
-0.047525375756003	0.595235988584494	21
-0.081773431712937	0.518305238754864	21
-0.053598882264868	0.662724658678536	21
-0.060652910738681	0.555354982966061	21
-0.056942983667897	0.240265319934694	12
-0.081063495498369	0.213504492639537	5
0.057047502619063	0.272052853630311	12
-0.062669418547004	0.281235500933259	5
0.024556778295253	0.447994046057192	12
0.003757264427521	0.363781768505997	5
0.063007360394067	0.428213550557916	5
0.116528499152198	0.636953820126806	5
-0.066089554437516	0.247828893207407	5
0.082603517226219	0.561911718200808	5
-0.106475098709293	0.197676691459695	5
-0.03776693215038	0.321992223359881	5
0.00818984119121902	0.38388432033232	5
-0.026619872418362	0.357201526204096	5
0.062815441084865	0.427702169334262	5
0.112842664512723	0.577949776589993	5
-0.104997289944097	0.185415066504618	32
-0.00125260005127301	0.34896082714571	5
-0.02385933461071	0.283623047060676	5
-0.051131328384956	0.2848781960622	5
-0.064690429993946	0.224767474682109	5
0.067790225659774	0.304186280669022	5
0.089360020811385	0.392515931825565	5
0.055454503863916	0.512284877613513	5
0.090745892347664	0.394475478356625	5
0.007453081452932	0.317198533152817	5
-0.072174695653921	0.257133328318137	5
0.01984002296914	0.425436413200471	5
-0.100131261326093	0.210715783860121	5
0.113645348410778	0.589913685650235	5
0.00355673385473199	0.363419893773717	5
-0.086755477332484	0.222640581135406	5
0.02339261967526	0.287585083042959	5
0.060619512603149	0.415491262583368	5
0.107633242049156	0.526089926525219	5
-0.040601612111872	0.279123985022057	5
0.080508716376373	0.531079319612062	109
0.036209222052525	0.41413748079436	5
0.028827608343608	0.386527584059422	5
0.034035713783853	0.992178535829822	21
-0.117550486834487	0.330069375081599	21
-0.062428923867941	0.560837159686631	21
0.02490409438605	0.94323186391596	21
-0.118452019082698	0.347550115519674	21
-0.022930336358739	0.73062710614585	21
-0.082650163733045	0.481194409075011	21
-0.086351208498364	0.440666014728394	21
-0.078633015832995	0.521253926346337	21
-0.031719970754512	0.710855518672097	21
-0.088647521354026	0.404391752955603	21
0.000208801396042013	0.775635993151419	21
-0.037667506760988	0.792747790776375	21
-0.117114816607191	0.103097862145718	12
-0.013954872776446	0.145909786830306	5
-0.07684139711276	0.266346883504986	5
-0.067131319797747	0.291637640363383	5
-0.076386439425754	0.200446502467897	12
-0.019131539712664	0.24859393194057	12
0.00284950381627602	0.362194042699984	12
-0.054307234761767	0.275110944782504	5
0.12106091704079	0.717878847006025	5
-0.074322610903994	0.27118009678234	5
-0.00679161481578	0.385313418590467	12
0.032996046829352	0.558571930287025	5
-0.124174207907358	0.162917099516286	5
-0.112014176332507	0.199436199545446	5
0.067464086213925	0.444607525007975	5
-0.012153115930537	0.406616913597173	5
-0.112435812721748	0.198657098638506	5
-0.039562542627931	0.434866703130523	5
-0.044044237396921	0.201717176072782	5
-0.023098089189268	0.284718468506215	5
0.040458106315857	0.522697287763228	5
0.013356936810386	0.400088711265149	5
-0.077591794631117	0.198893409338754	5
-0.069504834235396	0.213855925803907	5
0.111929955380104	0.575866833351034	5
0.018476476843372	0.485324264463947	5
-0.072524916293279	0.295231711468014	5
0.074412163173687	0.501107538589745	5
-0.093364020578381	0.171076835997802	5
0.026214615382276	0.374862157036714	5
-0.123999672556607	0.150496388526278	5
0.079835251315768	0.52985328058214	5
-0.106142565253137	0.211936667676947	5
-0.064527952486826	0.225010130903051	5
-0.027071174301165	0.232816447979914	5
0.010301951363113	0.387980242259641	5
0.092043999252789	0.636578343630171	5
-0.036223284416267	0.291041518948946	5
-0.034791819765438	0.256834742774468	5
-0.088709889937284	0.19894021167235	5
-0.031890450352344	0.303151860710255	5
0.073305598120024	0.490389551275051	5
0.10787377527833	0.526316149021513	109
0.072670495836408	0.480572795367011	109
-0.030511525783562	0.305397384400966	5
-0.050464143820937	0.655373577012988	21
-0.033827678178828	0.835022355934381	21
-0.002494348634662	0.898186622841462	21
-0.098453108295473	0.442987603834703	21
-0.090853281749484	0.481971316014185	21
-0.048545094940274	0.500961708344097	21
-0.063123191471996	0.581960896182391	21
-0.095027227808797	0.467857692305495	21
-0.11840163298544	0.186430673091593	21
-0.09674386176894	0.262264011387363	21
0.111731113967025	0.076032888564632	12
0.094035713867532	0.419845880366788	12
0.098817923221181	0.448158839219842	5
0.05114229234381	0.48794442646894	5
-0.062972172060053	0.199885559504346	5
0.017739344782585	0.272992266483964	12
-0.041266266451799	0.242664267318631	12
0.114384863362558	0.591479081864927	5
0.032901667467098	0.485514200581851	5
-0.00689069358104699	0.277044943800416	12
-0.110709370634964	0.159395358432126	12
-0.059767151735371	0.336102639930819	5
-0.07676014817445	0.223640106520511	5
-0.055098692945884	0.373132107025073	5
0.025852628622996	0.527311058711284	5
-0.086423091704264	0.242862369954147	5
0.00563160042398803	0.479175602021694	5
0.11550056071087	0.624400022516562	5
0.117975206545949	0.660626837813325	5
-0.102375757233798	0.234704967696491	5
-0.107783349494008	0.209096163166332	5
-0.043261291476955	0.202644126382392	5
-0.041635184259828	0.242128185990963	32
-0.091148368268775	0.154632973854297	5
0.090679790280368	0.63286897418988	5
-0.067676184443422	0.268557799932282	5
0.038644318552698	0.331413254163614	5
0.046325238445408	0.358822838501804	5
-0.09646994885167	0.219638416706717	5
-0.00521442489238599	0.336238371284501	5
-0.072399341026018	0.256740821299883	5
0.032497377979142	0.557345855308842	5
-0.093897462656122	0.208169561131504	5
0.044295944632441	0.451533444752794	5
-0.02611694506391	0.358229613799592	5
0.013808908490351	0.333801082781903	5
-0.076946135372797	0.223332954181449	5
-0.072002290894636	0.257407970633301	5
-0.011572509209399	0.407895523910321	5
0.047579339732564	0.473066892047544	5
-0.029160443709522	0.312643636282458	5
0.086357768332556	0.579215030642931	109
0.10854358509778	0.527959786064581	109
-0.057930118636551	0.316990789250176	109
-0.062170651108487	0.282161716208708	5
0.024838008191783	0.372511702620799	5
0.107774396005651	0.526358594594682	5
0.114755053940939	0.612687639891829	5
0.020150395509139	1.07416070029131	21
0.032636402090081	1.01771276735519	21
0.028239820515984	0.882750267100604	21
-0.029484301120479	0.860673402184762	21
-0.020777105694725	0.723209843295976	21
-0.071309711006158	0.498191836454924	21
-0.122332746948272	0.406213294363862	21
-0.124863469551018	0.366693072015657	21
0.060890337654605	1.38210716197447	21
-0.028865105449587	0.41818361120755	21
-0.08135178986417	0.118303657999166	12
0.015629643512913	0.403878352381924	12
-0.01108629228155	0.264961935446004	5
0.101318260459713	0.462805545411693	12
-0.090375831950241	0.232979868503483	5
0.035895374703448	0.572795144737984	5
0.111471197858829	0.564773960116828	5
-0.075462818221411	0.289356019629838	5
0.007844804118327	0.437933308756675	5
-0.090891372953055	0.280015620156802	5
-0.033785482475522	0.36598740588657	5
-0.023795045762697	0.283726769757557	5
-0.034842347537988	0.29322198972966	5
0.041029741185783	0.530734508117962	5
0.034831612706867	0.569968903964654	5
-0.097171253026252	0.24731642898287	5
-0.111336382510255	0.213219802979494	5
-0.085711019819574	0.244161188104721	5
-0.013655791903712	0.261587477770355	5
0.077053097807753	0.335583618065305	5
0.079436030325161	0.348695312798844	5
0.028762538271335	0.302219494838116	5
0.108160362793455	0.516779026853175	5
-0.024150420719106	0.283151895651512	5
0.084073409507988	0.565241312226619	5
0.08715856690294	0.589918513656386	5
-0.029540155605867	0.269752144979121	5
0.016472183527557	0.271461883958253	5
-0.083145149615464	0.210488575205289	5
-0.103873387350281	0.171434687734664	5
0.08829189859998	0.601325390388385	5
0.086933786397886	0.589400247909354	5
-0.001115951111158	0.349149721411053	5
-0.099114045111125	0.19712101388553	5
-0.118493760933157	0.173798506488282	5
0.03493010486488	0.318237439426239	5
-0.066660386219937	0.246870447005885	5
0.076266677483986	0.505034747045453	5
-0.063191009559234	0.302867153615952	5
0.069388457627918	0.613558967039979	5
-0.117393617995514	0.147955232593033	5
0.017759015432727	0.41475187980279	5
0.0000855555480759884	0.410271028768067	5
0.030126714894229	0.47289089287215	5
-0.098912451746241	0.197437808000632	5
-0.072989521184287	0.294269234979721	5
0.045649871487786	0.357762373202449	109
-0.087238775214842	0.648466484954571	21
-0.070064014050494	0.756110667014615	21
-0.121621435357383	0.479731701155248	21
-0.11279311771852	0.434195756734826	21
-0.059495474137237	0.544152920981477	21
-0.102652361473952	0.31161145346951	21
-0.032483605771586	0.530229120324918	21
-0.017724599176437	0.757264459564319	21
-0.068860306408535	0.465396892814027	21
0.018048963960587	0.92737577954971	21
-0.031136646309782	0.692209834976461	21
0.111525050252763	0.075983014787952	21
0.051906485582949	0.489374946380448	77
0.042125635187172	0.439937008457109	5
-0.035958146478151	0.173845828245728	5
0.013367958960178	0.333077793012092	12
-0.099247592356233	0.196908822403083	5
0.094999778452306	0.421388172689255	5
-0.080835188411309	0.170050926250177	5
-0.100441355703893	0.210213170129896	12
-0.018760765719481	0.341382589742345	5
0.003757264427521	0.363781768505997	5
0.004414873408423	0.425057304875437	5
-0.105198915367444	0.185111766792433	5
-0.082539335580506	0.211358126833352	5
0.006277713173787	0.374471559947453	5
0.082747065231366	0.553695113139128	5
-0.052298327639262	0.251664459000585	5
-0.111119638082	0.187615939058496	5
-0.04013741472487	0.279808405314817	5
0.046262245357738	0.55722670442933	5
0.006042567287813	0.374039020767299	5
-0.082262074372271	0.233199164298091	5
-0.089221737232979	0.198212506741824	5
-0.098443158282173	0.198154092330895	32
-0.056210445677837	0.272065147994875	32
-0.000838698998435	0.349671077895889	32
0.054779926974295	0.510778226810429	5
0.111506165743749	0.55448206086468	5
-0.087090598624264	0.222081878144663	5
-0.118286259686547	0.160925656262838	5
-0.12387467732284	0.163373764413423	5
-0.072209460747559	0.234307964287612	5
-0.024435613195407	0.19132246252264	5
-0.050716505118515	0.285631235141495	32
-0.023190087914173	0.328263701800878	5
0.039374647186576	0.520220058052056	5
-0.007453431993411	0.378698802195897	5
-0.050090671788722	0.286637206257939	5
0.02294394391077	0.43815229482039	5
-0.001436533107427	0.401723166910693	5
-0.035291504690384	0.292549485023456	5
0.033663291115454	0.31653340450018	5
-0.080916116652629	0.169999644746182	5
0.037460751875861	0.329664529572606	5
-0.11898196565617	0.159940128334429	5
-0.122713324058386	0.127008147813514	5
0.040646736460055	0.437104251520897	109
0.111034670416012	0.553322614159935	5
0.108096902361254	0.516663124427165	5
-0.053965168411166	0.185505917477671	109
-0.05115997524586	0.95987981149516	21
-0.042942236740189	0.786044773558334	21
-0.124878627634098	0.420433013814862	21
-0.1157763509887	0.343703700968492	21
-0.010232205834002	0.704270209886727	21
-0.110892050138593	0.386705620950839	21
-0.09773830179492	0.260254468688325	21
0.099643663250702	0.449505350751883	5
0.023117155310659	0.438473684766451	5
-0.091924940853147	0.211240934104696	5
-0.034636311029984	0.218065613449683	5
0.108128516792496	0.526953394001628	12
0.02235569134877	0.436985195623991	5
-0.046941680329727	0.296481793301609	5
0.0108365154302	0.388907128164992	5
-0.048500229525426	0.319498390250987	5
0.022320954185185	0.436857806901	5
-0.110649089839661	0.201671947632782	5
0.123259765896429	0.74359025128346	5
0.00768138794228401	0.489840703051094	5
-0.057384862054565	0.294722463686863	5
-0.051167739356731	0.284855533594388	5
0.063647138545817	0.561416731027371	5
-0.095751951159061	0.220862954347418	5
0.034594882242092	0.411195442261809	5
0.114286128382661	0.611613992758798	5
-0.08333332087112	0.210171519448674	5
-0.101275187258283	0.25044515937634	5
-0.111011218533121	0.173861896154339	5
0.076317257142163	0.334692688406251	5
0.088059903686392	0.380448135517679	5
-0.100594119463148	0.0991705005786008	5
-0.014852848611292	0.207687456170337	32
-0.042160857375131	0.241412769329203	5
0.110553295820784	0.542246220012247	32
0.10988355277933	0.551188865903032	5
-0.095961692964022	0.220465847413415	5
0.034010852392874	0.31704679220437	5
0.043760137699058	0.450581453748936	5
-0.116764802794871	0.163007792541078	5
-0.076299794065214	0.224333454702058	109
-0.082726711699395	0.211111544560062	5
-0.094711920718551	0.169365602203714	5
-0.088421894008371	0.254813805150453	5
-0.089403498232998	0.19794411417132	109
0.087606989079104	1.65002604699937	21
-0.07416434027821	0.563895514969962	21
-0.00336418400219701	0.872541319232034	21
0.017539169895091	1.05169559858267	21
-0.044018467991317	0.651740165700114	21
-0.059259557945054	0.580568302431594	21
-0.03587614072023	0.644422636358246	21
-0.100398680993935	0.432470174516796	21
-0.00324016464935201	0.844635456284495	21
-0.022955906102061	0.328674199355255	21
-0.099549613092176	0.196466344068943	21
0.00271147457058002	0.240660709374437	21
-0.105501400178698	0.184658731333341	77
0.033557496838356	0.219833998218885	5
0.054952892622918	0.511229480121282	5
-0.104392348632445	0.186227987392138	5
-0.026396033413214	0.357661916279956	12
-0.067230800210384	0.245936556320775	5
0.048044751335601	0.473887035997149	5
-0.119667878116531	0.205472374378092	5
0.000654781034874985	0.411506202355891	5
-0.00194642216252799	0.450107951619175	5
-0.119293296246883	0.172596236961687	5
-0.110889952785329	0.22658454391415	5
-0.051372522858338	0.253060595081365	5
-0.057714311438545	0.344167743072596	5
-0.042051079925943	0.309610627596625	5
-0.104520182911672	0.200719122751382	5
-0.046507439345878	0.297275936908566	5
0.081521567386888	0.703092328885965	5
-0.014017647648317	0.310133032068932	5
0.072136495505468	0.319442664820242	5
-0.013977833742934	0.261300076460203	5
-0.037691118811463	0.353560969711967	5
0.014182429611171	0.334369740029291	5
0.079336175699703	0.348574557334172	5
0.035802908425764	0.498642471261213	5
-0.033425671114104	0.219402732544585	5
0.053686418801639	0.387067615182724	32
-0.095602593445761	0.221068706286967	5
-0.00150669109752899	0.401574276793176	5
-0.016028874527666	0.393315962106285	5
-0.095095250207248	0.22197159873405	5
0.08424781958064	0.565738780357266	5
-0.046276851014498	0.265469622159905	5
-0.104163729693376	0.171028968786379	5
-0.082683927373058	0.211165366301774	5
-0.055300091765689	0.302382774150469	5
0.067627713066411	0.593930783343935	5
0.064989943932906	0.440254753377989	5
-0.102240281691006	0.15674309606749	5
-0.111000610492344	0.159034930791976	5
-0.022454094252418	0.32955272238477	109
0.107492057741038	0.525811021768782	109
-0.037471641758458	0.288833826588752	5
-0.013193184089749	0.404261327995987	5
-0.073285611521978	0.726565475017635	21
-0.071584726556059	0.656987080162533	21
0.035603496121396	1.23562404974906	21
-0.085849032231933	0.583041140895083	21
0.023310552636449	0.770208193018089	21
0.028521402635757	0.879360519078551	21
0.016891161385697	0.917565219805171	21
0.089378134481612	1.31818627109495	21
0.018681102360687	0.968063037281925	21
-0.105426683804211	0.439877401060401	21
-0.000109315905787999	0.164841428016307	21
0.011461120985085	0.182768865377644	77
-0.028221342582601	0.314316147091237	5
0.076475776011729	0.334891517952547	5
-0.040371119704415	0.279482128777395	5
-0.09904662335533	0.197237539003432	12
0.109696212367876	0.550763380543111	5
-0.00968297867251799	0.322905704065576	5
-0.037972261153239	0.321548174837095	5
0.103051012005446	0.75490884242071	5
-0.111984576017826	0.212032387573713	5
0.060943448332984	0.547479123165584	5
0.079469166941744	0.529087444331814	5
-0.111245533309297	0.200658743412959	5
0.035328501271542	0.571328249084367	5
-0.098007611066719	0.198805055982958	5
0.060510619269989	0.546450968014104	5
-0.119451539886514	0.205885347705396	5
-0.083810300790428	0.266619928524364	5
-0.089865953273962	0.197266028241449	5
0.104086806697983	0.488510479417237	5
-0.00120756200439301	0.349017178436446	5
-0.063807007493351	0.251270596601696	5
-0.012812671876361	0.262864199984506	5
-0.051835405396897	0.252370413152868	5
-0.00504843351265	0.388869446912686	5
-0.117125559541227	0.175877651678017	5
0.121019442159331	0.736575351049466	5
-0.02726546100232	0.232553408440122	5
-0.01428767676156	0.20827609408742	5
-0.054391701930563	0.185017184622204	32
-0.027441799689275	0.232359238268364	32
-0.082887033059587	0.232193931016387	5
0.013559375434201	0.462230392445179	5
0.110481181243571	0.552341431415204	5
0.112961438124232	0.598450814516427	5
0.02142363709929	0.359801501573803	5
0.045411386907024	0.548098908988135	5
-0.066828076212392	0.246618116026222	5
-0.071535993257488	0.235378455831604	5
-0.040816919262143	0.243274044962783	5
0.017352583089665	0.346262169448545	5
-0.112816900695656	0.185040440433832	5
0.081931108361326	0.551858185724891	5
0.016929177923701	0.413295053050494	5
0.018954340903637	0.423591938466634	5
0.021324453389143	0.359646657345271	5
0.038977303754153	0.426473178118396	5
0.046044035231465	0.462547966830665	5
0.058441315893497	0.403227631394277	109
-0.00981616583790301	0.322681025904697	5
-0.072382498127001	0.75145305687887	21
0.00772154994601199	1.22911021630846	21
-0.080574286230212	0.725523674733461	21
-0.029874127342803	0.771756543049275	21
-0.00832847628359401	0.682696656154936	21
-0.061660804076389	0.483342777464462	21
-0.012578979133128	0.783110781510067	21
0.086709466013602	1.13418659982282	21
-0.030621526751976	0.652648491450728	21
-0.088975240189411	0.440008739871935	21
-0.041002644087445	0.372775586027627	21
-0.013306152444951	0.14635874538675	77
-0.064026415419524	0.1373998314715	5
-0.019657296971513	0.247931891783011	5
-0.073975989610391	0.155036966434753	5
-0.070964563316578	0.236267419117284	5
0.113377144626812	0.589301875232051	5
-0.089131003409788	0.198336816456554	5
-0.077680977636854	0.222216261804971	5
0.024363174783815	0.511575538148978	5
-0.012709551922948	0.446579865525485	5
-0.020873016858593	0.412603386259106	5
-0.090720902832209	0.247653605261851	5
-0.038440436357054	0.320732287650735	5
-0.060574368048508	0.260722889279969	5
-0.030111329129161	0.345656092723213	5
0.059655963624861	0.544336344045954	5
0.00776423722175401	0.437908159558763	5
0.08814765417653	0.600987131366015	5
0.023830708177061	0.446444269645919	5
-0.124240414408527	0.174755347255328	32
0.113160444311468	0.598811231146849	5
-0.119395907242658	0.172430436637116	5
0.005543292758042	0.432868435258977	5
0.00512723115427	0.426562263672958	5
-0.098744598910334	0.197658058723282	5
0.017417345589337	0.41411599285216	5
-0.061244308911399	0.259629237104425	5
-0.0674105634761	0.291084876793309	5
-0.062393767831405	0.281692987034672	5
-0.078273512001026	0.197966229923269	32
-0.113101202824452	0.197571696644251	5
-0.117869185997341	0.161484563872814	5
0.016528632564377	0.412511056803907	5
-0.105703024592739	0.184362811191862	5
0.115285172853442	0.633949913568017	5
0.111828003888595	0.575570208217981	5
-0.092693385711853	0.210065712877865	5
-0.118760496079357	0.185835103458485	5
0.086985567096649	0.589526901743044	5
-0.047280069611688	0.229469258265912	5
0.096847286027034	0.434580926684675	5
0.017205710419676	0.413807025703725	5
0.046846231273245	0.464029625663683	5
0.01984002296914	0.425436413200471	5
-0.027014146787557	0.316427214438862	5
-0.089494525400833	0.197800135948962	5
-0.047910571101861	0.294730503883252	5
-0.042947721794066	0.338559943204426	5
-0.124100788512676	0.174983971405279	5
-0.04141119977391	0.310797918830879	5
0.028038997278398	0.461819498172501	5
0.038655503960125	0.425961926276596	5
-0.00294124276229599	1.06909982952513	21
-0.121294186209689	0.476252273285772	21
-0.007366535840554	1.15625985500846	21
0.022343932456776	0.701750886315	21
-0.071770846672165	0.496547619187029	21
0.005715500125753	0.644742081628337	21
-0.098463722037791	0.477019184256928	21
-0.101127056083266	0.120765870536963	12
-0.080973983888474	0.118594225415526	12
0.00931007194597899	0.255460697330929	77
-0.101147721376514	0.236941013651969	5
0.033557496838356	0.219833998218885	5
0.033727028913391	0.219963291363813	5
-0.053133393687562	0.250358971322533	5
0.114639453786539	0.60227283674962	5
0.01299544968791	0.332476682973155	5
0.026528621882517	0.458473423759978	5
0.102425656303047	0.475150663664285	5
-0.108579877508729	0.243624451162725	5
-0.057916393062654	0.340142795322498	5
-0.038855787202234	0.319931178584463	5
-0.029767243420992	0.269415444401099	5
0.066910933688276	0.443580040628663	5
0.039161974482134	0.426926428099896	5
0.081698513979806	0.542630333848595	5
0.00153632911062701	0.359788178688107	5
-0.019198932418199	0.296253713309831	5
-0.119258968493714	0.145679124641893	5
-0.045573479303139	0.29882751091043	5
0.037444447862572	0.509032224030487	5
0.043894090327096	0.450830810428516	32
-0.031551488897478	0.342817671291656	32
0.062575559527145	0.558856617945753	32
-0.083515285178275	0.209930850489112	5
-0.116911936489016	0.103272607750501	32
0.080603013748961	0.350253474553722	32
-0.040291795704515	0.243948790638595	5
0.123567929421078	0.76374900361388	5
0.016860649766843	0.475455553972262	5
0.075791267484434	0.504024391520774	5
-0.106078014019359	0.198316272661089	5
0.122000149827834	0.720530684538251	5
0.040041504155262	0.435901267108681	5
0.022217345112256	0.436707708803169	5
0.084160599811968	0.565498658202449	5
-0.063379887231009	0.170578536432979	5
0.062328319379334	0.287898744893962	5
0.070409078314941	0.317148038087846	5
0.061884380827737	0.287386750971163	5
-0.032762164863428	0.335930008241474	5
-0.045525459129308	0.329340305089505	5
0.033806745959252	0.573356652569164	5
0.117560583433871	0.659589234743793	5
-0.093892740676221	0.170379117639663	5
-0.046659574068843	0.911102900015974	21
0.062513049317902	1.03856680336976	21
-0.116726324260296	0.369360792265508	21
-0.083871595029671	0.46225060563764	21
0.018971072052923	1.09287781672059	21
-0.019664345506448	0.891040694243417	21
-0.110791241336716	0.143452206190619	21
0.022887854775155	0.201245180067905	12
0.076780304185748	0.334898861034641	77
0.064562448799892	0.571155605356205	77
-0.027597633085549	0.23216590261349	12
-0.082748638138734	0.232429865849114	5
0.04317035905005	0.345966745982854	5
0.067830645887423	0.594514026160858	5
0.065419001091223	0.573272821163642	5
0.030965384897582	0.547005519030612	5
0.113380106467944	0.579009036792677	5
-0.075893697528801	0.268289214823797	5
0.040225726932102	0.522222875205131	5
-0.09229595764768	0.244743642445871	5
0.048122737644733	0.65420075825629	5
0.032267388137075	0.484055346492855	5
0.081428801586261	0.550689765097253	32
0.076120898526628	0.655397705478393	32
-0.070347927361839	0.303119716737824	5
0.026306845977843	0.458099845093562	5
0.10875911253795	0.517821978416451	5
-0.05406687892341	0.215678564858753	32
-0.115348035559053	0.215744600771646	32
0.06168112474101	0.425698371548187	5
-0.026819382590739	0.356686763198101	5
0.122532980760305	0.731660136384856	5
0.1233237507964	0.753611697426414	32
-0.122404509975922	0.165478336921565	32
-0.054696074362558	0.214874571219081	32
-0.057540178543855	0.239403255792768	32
-0.093128944851181	0.209378397910801	5
-0.040232064648009	0.279701539052804	5
-0.101275187258283	0.25044515937634	5
0.027786289011773	0.532530877920521	5
0.118113453707379	0.660952702048477	5
-0.062972172060053	0.199885559504346	5
-0.00668653626229901	0.277344289081917	5
-0.066291119473741	0.247470917899289	5
-0.098208516683302	0.198508497687368	5
-0.060942781216797	0.260117443955052	5
0.02786535591118	0.300980843068419	5
-0.032495542249329	0.302110372682781	5
0.105909659293548	0.80016076075126	5
-0.029153004367791	0.41744612004736	5
0.042663203989083	0.345258459113854	5
-0.020631412325487	0.337933588823921	5
-0.029395227790315	0.312214823099352	5
-0.106494523647104	0.211344057408591	5
-0.081992169352254	0.212157045610395	5
0.081731810356691	0.703727554359698	5
-0.024728793994528	1.20771100189476	21
0.095415220751619	1.95688177175021	21
0.045841892625427	1.2028018734657	21
-0.085448685532046	0.523847371828131	21
0.00643980082637702	0.789093283933937	21
0.054547385633773	1.09546190395497	21
0.046685236156135	1.0607516534773	21
-0.000655535014247005	0.349925365250033	21
-0.048445471834043	0.15637064884533	12
0.084473325591891	0.566254426024301	12
-0.013954872776446	0.145909786830306	5
-0.021836098374076	0.371589822814858	5
-0.00241402848487299	0.289656059255652	5
0.011786193192362	0.397040319224818	5
-0.061597442822027	0.28319038244011	5
0.059796547478901	0.544735525491215	5
-0.104361090619798	0.17068015127232	5
0.101246211850267	0.462682700087582	5
0.121548993568875	0.689185365975646	5
0.01322330585982	0.39984143179799	5
0.110230181229083	0.541630182090853	5
-0.073385941455457	0.29358492433455	5
-0.019296692203588	0.421145187546319	5
-0.080808357276535	0.291759059381131	5
-0.040788695489804	0.373264979398876	5
-0.113159390795982	0.197484055994008	32
0.027963032286081	0.301144225298836	32
-0.088982914082646	0.198514898722834	32
-0.062249456649613	0.281972987572035	5
-0.101329729984529	0.120607870486608	32
-0.095230187484156	0.168675231127669	32
0.010501609695342	0.502526503341681	32
0.121731782132112	0.709930296687872	5
0.04322209220478	0.536068841820545	5
-0.015725894701106	0.352200923609948	32
0.03491731304929	0.411803325122092	32
-0.00175987803748401	0.348052637719646	5
0.046380417851798	0.358945001466794	5
0.037188920705563	0.423215513425592	5
-0.050120546750412	0.340839520516157	5
-0.029248134673907	0.270194180175045	5
-0.00475281697937799	0.337022704116069	5
-0.104325117802036	0.186383692497643	5
-0.051513336363021	0.252841590480429	5
0.082433434861566	0.552983839285443	5
-0.112182048222251	0.157484423541119	5
-0.032122502667215	0.337070155165499	5
0.036809399301429	0.415173284103843	5
-0.023691895583147	0.327355605406986	5
0.072347784537932	0.479946461459619	5
0.010967777447968	0.509327538809251	5
0.079959866402066	0.697900736584762	5
-0.118351371406677	0.146792641892138	5
0.081332604480281	0.541678465562256	5
0.096710256221666	0.434322456377745	5
-0.079209915339391	0.278697221274837	5
-0.102532677726639	0.173231430285394	109
0.00537020237991598	0.372745476087255	5
-0.103549172753399	0.171818707545881	5
-0.052904189640125	0.869178551393378	21
-0.090213161922076	0.579577700387538	21
0.00682040919578297	1.12498968363341	21
-0.110511303401362	0.503076764474082	21
-0.054937734179364	0.668092489291881	21
0.00492311854909799	0.910406634772653	21
-0.03191043629231	0.707107537715892	21
-0.021599530395656	0.75938899181481	21
-0.014428544243644	0.831751501455031	21
0.032766047920184	0.485234828540129	21
0.00842934088936398	0.318689363695177	12
0.015675103264443	0.472894622098784	5
-0.120767379657471	0.192008659955729	5
-0.085890234491843	0.18418530661918	5
0.033054921903349	0.485830345505741	5
0.039717614688672	0.520886451113387	5
-0.122301339148157	0.17783079721744	5
-0.055565128662411	0.349032073816455	5
-0.092694696962925	0.21001146747557	5
-0.058583775204207	0.36101952583138	5
0.079595029965837	0.841568846417473	5
-0.0205437556367	0.338104091263575	5
-0.110323081960835	0.227657667408182	5
0.054814539359269	0.510937898924285	5
0.00799747167225901	0.541907150432321	32
-0.024347858018341	0.395312950913001	5
0.067260056534412	0.593032205465753	5
-0.036741376597841	0.355573096894257	5
0.018900656009473	0.486337836435609	5
0.00721826170472201	0.376144631262585	5
0.044361082950407	0.54572780911836	5
-0.030535284452667	0.409760343370825	5
0.08129065827764	0.550355142456215	5
-0.004865816758157	0.225154546570844	32
0.014136342631008	0.523318599388152	32
-0.119193678777191	0.145758642511571	32
0.117248802793229	0.668584128226129	5
0.114384863362558	0.591479081864927	32
0.096511068088807	0.682904707611721	32
-0.083000960695346	0.210662095532482	32
-0.121349014815462	0.191019446236619	5
-0.111564847892101	0.173040343427824	5
-0.04825378483831	0.22819424982162	5
0.099175305803334	0.716639574376191	5
0.044371074680753	0.347659530701323	5
-0.023926260023509	0.32684527916047	5
-0.027168225407361	0.232699728239743	5
0.10116981453297	0.462561594105113	5
-0.099988305588817	0.239187422183592	5
-0.055085902482301	0.302801490341647	5
-0.045802460055606	0.328835499075658	5
-0.052244925609729	0.282920259881209	5
0.079938512572138	0.530041142101851	5
-0.074388896977004	0.291558887217558	5
0.110131714442771	0.541376422275639	5
0.116151084052998	0.63612058357743	5
0.122888882660256	0.752283106204258	5
0.00377211692857898	0.423639101365655	5
-0.097474757232157	0.599533926771476	21
-0.053647326394941	0.858292267396159	21
-0.103954967938204	0.362944441450731	21
-0.076236993374004	0.511852377033546	21
0.03904104447575	0.982524967004818	21
-0.102388354282564	0.44586057164252	21
-0.047709029347737	0.630661260714852	21
-0.100808717828626	0.491961517092325	21
-0.090094817511716	0.155775604792906	21
-0.076086734920074	0.324509789816723	21
0.1113975270033	0.0759646004195066	21
0.010939867167476	0.182303766741129	12
-0.120309025478005	0.0554121511236294	12
0.072820323302259	0.320240429522109	5
0.1205191034106	0.706642343793515	5
-0.118442552515391	0.173896348830283	5
0.107207920960982	0.514986621872984	5
0.042511021871305	0.345021683039683	5
0.089839081028841	0.613730028120598	5
0.121925899888932	0.720351772586272	5
-0.005260432864055	0.432078163514625	5
-0.052148746070733	0.308440642411066	5
-0.103147612285522	0.17239372405567	5
0.120575078912909	0.696989757321775	5
-0.00444237914183801	0.390124316616461	5
0.051492968023351	0.496132538127387	5
-0.060942781216797	0.260117443955052	5
-0.112054917518612	0.186234601213062	5
-0.044767322127113	0.304460683977989	5
-0.009995276908945	0.373616165850561	5
0.118603569092415	0.682067601083923	5
-0.0230562752652	0.328502493175871	5
-0.059034355949168	0.291630178640645	5
-0.016889953331986	0.391458011365899	5
-0.110531132753319	0.159638702450738	5
-0.053288091715564	0.306332282543757	5
-0.071085457074061	0.259017192014377	32
-0.103888257567656	0.187036838789542	32
0.115940667381184	0.625533177821825	5
-0.097313076162534	0.247031261882904	32
0.014860928676818	0.409045987550354	32
0.070826843370092	0.31773494900487	32
0.083598291035478	0.364305710676352	32
-0.028624217471904	0.313636840616497	5
0.093913610267476	0.658529658429796	5
0.00725062601690402	0.488761121168601	5
-0.078270650425729	0.280593936701656	5
-0.123602313606465	0.175776425601864	5
0.088040824761426	0.609188481242307	5
0.096231228365376	0.682095167913342	5
-0.07091454658037	0.211932865965704	5
0.046821027003205	0.359613701757605	5
0.076786779734799	0.335222133465994	5
-0.113089996952532	0.14076437359703	5
-0.12146417137253	0.128394494734446	5
-0.085966873046824	0.18408271817534	5
0.00563468696536501	0.479214430886362	5
-0.027148222259907	0.316175337106981	5
0.094999778452306	0.421388172689255	5
-0.09095359289429	0.231945864295853	5
0.069784411617695	0.607166305807592	5
0.03723046322133	0.50854511809613	5
0.002952437627331	0.303904405743829	5
0.032114361732136	0.483768278539007	5
-0.031655068042767	0.303552351128871	5
-0.122900785982198	0.188300846701783	109
-0.113483394957914	0.56432698466872	21
0.07027557924254	1.75993386942578	21
0.078808589615232	1.68009395658175	21
-0.040553795334379	0.899754534523605	21
0.042382172768995	1.39752763693505	21
-0.00601169235152799	0.896670063772991	21
-0.02531585644778	0.663403501707177	21
-0.01321858344552	0.741839933981691	21
0.00728709094032998	0.879101670392541	21
-0.083987395970129	0.448832617396138	21
0.089061934084235	1.54689058264578	21
-0.08207775032783	0.212042380572383	21
-0.076403378128439	0.2463851267585	21
-0.105299741464897	0.184951987315848	12
0.062836103779309	0.674302547360608	12
0.079333019398832	0.528825807734903	5
-0.011862867566499	0.407266426522487	5
0.097288192355174	0.667096709008615	5
0.00617670364313699	0.374288027798207	5
0.119006203805667	0.702566468941414	5
0.046897701998127	0.565689945968954	5
-0.070562376948974	0.302680109977297	5
0.034035507793281	0.567781917010531	5
-0.105141255869512	0.199685397809005	5
-0.09187177643736	0.24553186168698	5
-0.051694680440763	0.252584573789515	5
0.060725158103074	0.546949320381272	5
-0.015627825149668	0.394089749725323	5
0.117483691314109	0.669145374450697	5
0.070121346409315	0.607962795472596	5
-0.055908871737296	0.324872441564669	5
0.068711301933092	0.604342885767046	5
0.090627353222291	0.615624271818208	5
-0.116255256913212	0.20211540533896	5
-0.101837249890599	0.235730321643352	5
-0.041636028789531	0.310401469426795	5
-0.038769637874002	0.320078353842327	32
-0.082574560272164	0.232704182661234	32
-0.119985450490539	0.171512863056553	32
-0.009270153068549	0.323521038018198	32
-0.100671681255381	0.237926870462561	32
-0.090585060189456	0.232597778866018	32
0.017973700510743	0.484116404626318	32
-0.020578589186573	0.24674332701323	32
0.042269520713422	0.237465254720059	5
-0.092664968049895	0.24401289592927	5
0.114773300167235	0.60257395340985	5
-0.034849509613283	0.331926223353607	5
0.07748209241719	0.659018801890173	5
-0.092359203756022	0.210588998175605	5
-0.107679138534767	0.222278834284817	5
0.016616038976353	0.412696409549888	5
-0.117122486079025	0.188561220891595	5
-0.015259098356426	0.352924933897076	5
-0.11889357909418	0.173211879815587	5
-0.116981874794454	0.200778267289401	5
0.035425662242404	0.412756401394998	5
0.016881088110594	0.345361858505044	5
-0.066363821172636	0.270897272623008	5
-0.059677486893556	0.290365779090099	5
0.075896505036387	0.50425253825758	5
-0.111777973804996	0.186665699731166	5
-0.095178562694438	0.221829536648956	5
0.041522173099732	0.532017740498772	5
-0.028956133313637	0.270614671831611	5
-0.039357173780086	0.318946512763683	5
-0.095972729638655	0.692436846813066	21
-0.061476238087303	0.723194903400239	21
-0.115261482395526	0.444582086368684	21
-0.081115578418269	0.60548469563066	21
-0.056918886629653	0.605179148665982	21
-0.078775664622077	0.487152950460225	21
-0.062590130514515	0.557839998483361	21
-0.106726622897754	0.426157699377742	21
-0.053666062846672	0.662303948234177	21
0.028550258843494	0.979086306190097	21
-0.053219972643393	0.103577238966402	12
-0.11338212312747	0.124255637952751	5
-0.01428767676156	0.20827609408742	12
0.002718241160167	0.303423557043843	5
-0.088214827439543	0.220298800853322	5
-0.097739243809943	0.199209549423731	5
0.048157482729536	0.481427417656785	5
-0.081069966217725	0.213429634373049	5
-0.077107242806653	0.265973866911938	5
-0.070726337832282	0.281313647168169	5
0.00151242472916702	0.413296033942084	5
0.121423185009437	0.719002818857833	5
-0.097625885440393	0.23216817714276	5
-0.012520831515466	0.405702714005174	5
-0.103623968144234	0.245694768515913	5
0.124039000505466	0.755629292131904	5
0.00734160721099703	0.436874278842874	5
-0.050788559891063	0.285453315374691	32
-0.079459677660299	0.258502325708265	5
-0.082210816189145	0.233314534275769	32
-0.018894330732512	0.34114099407221	32
-0.118377641494559	0.160791524641388	32
0.120860169261769	0.697612270989514	5
-0.015985768047312	0.393307898692472	5
0.102361095471767	0.47497763757891	5
0.080907815654324	0.532074903776816	5
0.072901420465294	0.48101040265187	5
0.069677131437079	0.599001591425266	5
-0.029167062311305	0.270307968326798	5
-0.000171885987802989	0.292817047195222	5
0.027038189082049	0.376160037058429	5
0.03676493605214	0.41513254756182	5
-0.078465487060692	0.22097471298762	5
-0.067036499396583	0.269725134444842	5
0.057143193682784	0.523623410645157	5
0.028968220263795	0.386784611843012	5
0.016671333118533	0.345099460720681	5
0.117560583433871	0.659589234743793	5
0.116151084052998	0.63612058357743	5
-0.065653020036641	0.248533797203907	5
-0.080972186156816	0.576653683237359	21
-0.092556239772351	0.45418923951424	21
-0.032649249724283	0.79042102175556	21
-0.047983591574255	0.690564348439063	21
-0.100944953282913	0.47869802584258	21
-0.057784806246131	0.31729660265145	21
0.038710953486727	0.331502596546141	21
-0.082229638052176	0.322756752699861	12
0.023571874744816	0.445842639343123	5
-0.112141546970818	0.186101864347224	5
0.010634615778594	0.449910767982165	5
0.012220857806917	0.397891175348657	5
0.046679464471897	0.463788025796628	5
-0.084097583012393	0.281949343448743	5
0.084443562417418	0.583169007032576	5
0.058089027390888	0.533299872232053	5
-0.062950503981346	0.389099892254729	5
-0.100945567569076	0.264519708814372	5
-0.085994751676179	0.243646135392138	5
-0.085108733565085	0.279811309548378	5
-0.049829292133755	0.341442200971959	5
0.057470783672678	0.629367945356526	5
-0.119154805205332	0.172805414575615	5
-0.075174638100453	0.289898701615122	5
-0.015743179594951	0.434390970463933	5
-0.046957905600176	0.326370896473502	5
0.124915348825874	0.777856847417672	5
0.048762630694616	0.570536492886976	32
-0.0965987925768	0.248419023260902	32
-0.038638598906572	0.408299491357861	32
0.00406402392080602	0.305438550130732	32
-0.090546941947797	0.155223442378357	32
-0.103147612285522	0.17239372405567	32
-0.119116509268754	0.159759085398301	32
-0.055341560374478	0.273520498927855	32
0.032411869280264	0.484349504704329	5
-0.041660202591914	0.277343742122556	5
-0.095926451181217	0.220527208103705	5
-0.112418473774648	0.18566570058626	5
0.023503853107611	0.509451637593286	5
-0.033347366940356	0.334846012916002	5
-0.040890256233973	0.342818787045703	5
-0.053860710857417	0.305237313755029	5
-0.087890773878089	0.220821939766891	5
-0.070785015143889	0.212109829696314	5
-0.005638536440458	0.278705580288083	5
0.073335426904734	0.639742206504363	5
-0.004599671902623	0.389734740602549	5
0.020382313948646	0.432683763677674	5
0.019262555310287	0.548587661799955	5
-0.092995021226318	0.209595307316189	5
0.00171133457547601	0.464231937479496	5
-0.08333332087112	0.210171519448674	5
0.027602380424247	0.460872687672792	5
-0.087348115342423	0.221697398252619	5
-0.042086776689999	0.340347636465788	5
-0.123386787814197	0.218308979598224	5
-0.035104621597597	0.390274750747435	5
-0.12387467732284	0.163373764413423	5
0.00803775345655	0.438341446290213	5
-0.105992655941354	0.251413527268805	5
-0.119194367472125	0.185123881258292	5
-0.030045985451644	0.345832359844876	5
0.018050389303796	0.347347253895753	5
-0.07460823835602	0.889365302949322	21
-0.048604629048568	1.15199085183192	21
-0.111135530242562	0.560997490170227	21
0.099958803764938	2.03664637010856	21
-0.062102249371459	0.723209740348892	21
-0.091255817289221	0.544391392781431	21
-0.058917933634664	0.59442860363386	21
-0.032847342761127	0.737914446719537	21
-0.105422222734922	0.437182522172781	21
-0.020274856324341	0.803363243820409	21
0.061425548879788	0.77237452032934	21
0.010689696005467	0.18208702368104	21
0.027578517898922	0.384247084249025	21
0.052794946658114	0.587624011717446	12
-0.053002455283053	0.103691001666309	12
-0.083102800479859	0.210507961758665	5
-0.030302653983794	0.268600848285425	5
-0.101619021932579	0.249749170358233	5
-0.111844739079799	0.172591653003467	5
-0.121444590372045	0.128432134377561	12
-0.090695456692936	0.247597812508516	5
0.119895380053157	0.685356364295572	5
-0.07583066082734	0.268393407181133	5
0.049104417976081	0.584901222879161	5
0.075057286997903	0.493950867494557	5
-0.077035183562742	0.223196473729971	5
0.099590018859315	0.72661920970441	5
0.082131984109227	0.54334239622605	5
-0.014172744670066	0.438138490390519	5
-0.1142927263177	0.229762422391628	5
-0.067603534708687	0.268681069096974	5
-0.039529514750917	0.31863720759644	5
-0.00962687732225101	0.41711747522916	5
0.047213816018098	0.566381354725637	5
-0.095201469090108	0.221763994921988	5
-0.077338013175902	0.244815576356769	5
-0.062245138372509	0.282024609696334	32
0.058450453729781	0.639506359834222	32
-0.07791121023331	0.221852732654122	32
0.104168276085406	0.48867010489664	32
-0.048026743233406	0.228491131119892	32
0.065911991719824	0.574404028724734	32
0.091999226114199	0.644885031414521	32
0.029046596718792	0.470412288749003	32
0.107019102398692	0.504145431854903	32
0.00921355609749402	0.446602164720376	32
-0.082661614137743	0.232570260106719	32
0.025627762594803	0.450124763272567	32
0.102953006605594	0.476102662252208	32
0.038563617861447	0.425832451200291	5
-0.05358224595279	0.305736461083626	5
0.117474293228721	0.628774487543306	5
0.089470778347039	0.612587703890262	5
-0.055895570173545	0.213398023713722	5
-0.100771117350534	0.209657640271691	5
0.086577947371686	0.378474674378454	5
-0.116811904941221	0.201131595717125	5
-0.050441679260725	0.315618973281558	5
-0.089214223876417	0.198176901378467	5
0.084647849512083	0.566665957012668	5
0.020152425953356	0.42599957841049	21
-0.040232064648009	0.279701539052804	21
-0.106349918193466	0.211591512544454	5
0.118580020837815	0.661875590954319	5
-0.054080038647511	0.30480851751991	5
-0.086704857593368	0.291888155126091	5
-0.00218930505098899	0.289993942403355	5
-0.081372933645245	0.586399238330357	21
-0.030772959825943	0.715140658477537	21
0.088024697791538	1.31006352490972	21
-0.028716592944469	0.919879846900218	21
-0.00321913209184799	0.997670228507295	21
0.020248600036927	1.07820999449186	21
-0.011038829200451	0.883322042798322	21
-0.098575069449907	0.491439377549077	21
-0.033579551785058	0.659920744330861	21
0.045206638798936	1.15375733825898	21
0.037380180248775	1.18276892383164	21
0.068569036683146	0.455439931176698	21
-0.014003759131932	0.208513694839996	21
-0.083689030322635	0.079325043575847	21
0.034582737319247	0.495904861883955	5
-0.076438516320669	0.224118692186612	5
0.099151220346545	0.707832754261797	12
0.00208132388235399	0.414338038933115	5
0.023450656526383	0.509350455884088	5
-0.011688720391155	0.365147877231039	5
-0.051203883502204	0.284778455189049	5
-0.041563028681252	0.242253169432136	5
0.017450771128	0.34638543620445	5
-0.00420483554348999	0.439702773254138	5
0.111911075049468	0.884026091075777	5
0.00907202912509403	0.498853690422296	5
0.081322471733314	0.710602464959289	5
-0.057748669889028	0.294070680256485	5
-0.05335759619075	0.306191342294991	5
-0.115207075949424	0.215972551827745	32
-0.102627910453025	0.247729114436565	32
-0.027400196521532	0.388840556744196	32
-0.013480230881292	0.209035673934719	32
-0.00697450246027601	0.27695643414247	32
-0.10118924959841	0.236968790835896	32
-0.021985739903742	0.33034973530249	32
-0.10267006430107	0.220533350482557	32
-0.021170974626279	0.336868994337402	32
0.016298576401508	0.344464826556728	5
0.055212311992798	0.615987534622541	5
-0.123597418863206	0.175796621979578	32
-0.110793455988162	0.239129527280257	5
0.06938272920312	0.465531136339666	5
0.043861100296947	0.450783159834962	5
0.070916673238012	0.468379317329234	5
0.10019298629285	0.460778754733597	5
-0.077137410776981	0.199494958827604	5
-0.015136543396439	0.353298102663951	5
-0.057464697127797	0.294584704055181	5
-0.089543752443783	0.197746836036043	5
-0.065988785023172	0.247996788448805	5
0.035333805430553	0.412580756813509	5
0.021767358936142	0.435787443057929	5
0.115234985491006	0.633710257310092	5
0.029003670413789	0.535631846885924	5
-0.026587669908328	0.423637297981282	5
0.032169943284294	0.399616588168245	5
-0.121120407010457	0.12874182892386	5
-0.070866154282951	0.211980382917014	21
0.00811737762359499	0.438673048071018	5
0.069851704018174	0.607356564854725	5
0.110437800785412	0.552367880496829	5
-0.062389540431844	0.281756519268955	5
-0.106598700505803	0.741460061074029	21
-0.071755432503862	0.9076339759418	21
-0.080866371276647	0.587296295729692	21
-0.079822716872306	0.627605914823205	21
-0.101937310703043	0.416675759610119	21
0.058904619419676	1.06834484863125	21
-0.069565652979113	0.504513498580284	21
0.112498493059041	1.3797811503223	21
-0.087144480214963	0.633300501786043	21
-0.109419375050022	0.408461616698349	21
0.081763471292893	1.55313528510462	21
-0.099928377264672	0.435766945549395	21
-0.000765473403577993	1.00551375875742	21
-0.080058341712692	0.348457074283509	21
0.072470970848604	0.896600063612539	21
-0.077190761790007	0.528993621297302	21
-0.073964470774225	0.271821823964416	21
0.049695006475728	0.254461103025562	12
-0.119883836612987	0.20503731754469	12
-0.093429337116279	0.208917116115381	12
-0.00728275889011001	0.42737603878411	5
-0.11842090484596	0.219344054465333	5
0.025611989076317	0.4500849865312	12
-0.111338824330482	0.173394804966465	12
0.00477348876213202	0.42582738758589	5
-0.088860172558536	0.269249923674996	5
0.00782609220227298	0.317805224900593	5
-0.057320278100921	0.294857290102037	5
0.065958963509534	0.69859590630783	5
-0.111265498691688	0.142857837432737	5
-0.121906643176528	0.190047217864431	5
-0.075610839896891	0.268821432848677	5
0.041878839333862	0.615802450679982	5
-0.035958146478151	0.173845828245728	32
0.066496085415496	0.302632800771126	32
-0.110119365018517	0.21539940380187	32
0.010901340793801	0.257371251446893	32
-0.044529213124728	0.201173413051526	32
-0.096395438954649	0.219755316620833	32
-0.070368314956877	0.28198605595593	32
-0.00660245392582101	0.277457625154805	5
-0.053200874011772	0.358133012027869	5
-0.016017520919774	0.35162559602899	5
0.05405957352267	0.38768362951098	5
-0.097169445959453	0.247302090341341	5
0.075332942491992	0.49435101958742	5
-0.052389166610754	0.251519508227602	5
0.028503260038815	0.534352719928542	5
-0.112453253054668	0.185610329697813	5
0.028926506644419	0.386691313934397	5
0.035254580700832	0.571146691227366	5
-0.093386154986781	0.271980517088794	5
-0.056979219152173	0.270730241006268	5
0.116639358564933	0.627045208509482	5
-0.051704839803164	0.361559208075241	5
0.090199636825077	0.787817995175488	5
0.086207397366704	0.377929114476064	5
-0.014460011751246	0.437451096869489	5
0.034322639507448	0.568615151761214	5
0.055264284625268	0.511920563293521	5
-0.016870577295398	0.299847805610904	5
-0.085043450768771	0.61612687654373	21
-0.067312951870834	0.475752412693526	21
-0.033435619770353	0.557412997485137	21
-0.061350917634007	0.463514951737171	21
-0.078339746977217	0.586744017001375	21
-0.096852148459449	0.565363517070246	21
-0.098067744160429	0.561792163258049	21
-0.111665056926656	0.389992238006219	21
-0.087430627945107	0.49769002790863	21
-0.087133546541937	0.513466495301381	21
-0.041994917613779	0.695604196223121	21
0.013219486023825	1.06308750798083	21
0.123194990683805	1.28145779471484	21
-0.087467746133603	0.465565469641345	21
0.105233258913594	0.770643966139426	21
0.00271147457058002	0.240660709374437	21
-0.102845715750899	0.273188266206676	12
0.033375003193727	0.21966775457228	12
0.06405030693237	0.569942878825297	5
0.029431374525171	0.387578345858407	12
-0.062554951700448	0.304141411065195	5
-0.114418996154259	0.217494582862654	5
-0.11113737640609	0.187640333815536	5
0.055654082834528	0.718501258766129	5
-0.033978436939691	0.42827369530942	5
0.111628839978358	0.575273731247742	5
0.073208997352426	0.751239783446481	5
0.101652695441474	0.723695243872047	5
-0.095574961868881	0.185928668344912	5
-0.057063156734446	0.341927564113993	5
0.031612725301415	0.548530694375585	5
-0.051135418105523	0.3628330687276	32
-0.046862578837192	0.326573749906946	32
-0.013997895612767	0.402536223079766	5
0.071402615520254	0.318510504966326	32
0.06462742302714	0.571410848634821	32
-0.080962516732282	0.255777441867004	5
-0.11780185586856	0.17487208007911	5
-0.114124612890966	0.218044209949792	5
-0.06897098763444	0.347537408718914	5
-0.080582770190208	0.170378430063992	5
0.065506409049777	0.441199806486199	5
-0.083163762924792	0.231711564318745	5
0.022004598552246	0.360794667324735	5
-0.058966716457786	0.263258578730936	5
-0.105098098172946	0.185266138609848	5
0.057936733372368	0.525294401862934	5
-0.050665443385642	0.28572558052335	5
-0.08343959266253	0.26734041844223	5
0.122806632385612	0.732458245596383	5
0.00747538067499898	0.437280768992347	21
-0.101413552367216	0.157756886052848	21
0.072255911526061	0.479748949756954	5
-0.038467965231806	1.00426442943868	21
-0.123923947046806	0.438493075868219	21
0.03236584145571	1.39920288475128	21
0.005494404214408	0.851738478083497	21
-0.100587414632752	0.414635723484961	21
-0.121871293434404	0.445078423141937	21
-0.021194511916117	0.837475418850032	21
-0.1082080852487	0.426307733674976	21
0.019242078740012	1.07213635681296	21
-0.12148897393692	0.401627471739225	21
-0.023274267976604	0.402584902487364	21
-0.064673300274035	0.224793535718285	21
0.028235883487202	0.301499945167738	21
0.081932619807992	0.543126393958868	5
-0.051880809321144	0.28356507356586	5
0.034133550857486	0.41029487199852	12
0.029557238514492	0.471597078124932	12
-0.11927421626779	0.184971383340144	12
-0.028154641518534	0.314482767652774	12
-0.040510203917174	0.279257888514329	12
-0.102827682365242	0.233843226109725	5
0.120327915545258	0.686416748072895	5
-0.07881653834526	0.315275463935929	5
0.00541715777622398	0.4786711487006	5
-0.015245216413277	0.435589626684223	5
-0.016237714723125	0.468189840116421	5
-0.031543284249151	0.407345478668348	5
-0.121382474230348	0.202292123817766	5
0.023313950994677	0.514750714722953	5
-0.044645592520908	0.331028539126998	5
0.100475419543979	0.738104419070554	5
-0.003802584849424	0.391337861702376	5
0.117975206545949	0.660626837813325	5
0.020152425953356	0.42599957841049	5
-0.105950167637174	0.263924174430665	32
0.022009292732927	0.505652926334187	5
0.084647849512083	0.566665957012668	5
-0.070946406573204	0.280876009137739	5
-0.10053412956568	0.140836770922861	32
0.096778833426786	0.434461829041524	32
-0.075745194814889	0.225154636891258	32
0.057558495614868	0.524458443454456	5
0.024141678958433	0.573987745760862	32
0.063123325017354	0.567624752240463	5
0.058103014559727	0.631015653365452	5
-0.068367178303693	0.310550971903763	5
-0.061378247636581	0.283552913956293	5
0.01868857346993	0.485833776815819	5
-0.077406341202992	0.222634168013963	5
-0.088717363821438	0.219468870309017	5
0.050466163683871	0.588776526728699	5
0.116531023586483	0.64687014971809	5
-0.045763846537134	0.298571098164531	5
0.00606329011852302	0.428514121475099	5
-0.105905532203182	0.198572830936866	5
-0.034420219698329	0.332780479996438	5
0.050019519805837	0.580753244007846	5
-0.066762184086479	0.292338263385548	5
-0.123383129301925	0.176140111424549	5
0.050895599008492	0.590040285437326	5
0.034582737319247	0.495904861883955	21
0.011772838490021	0.452317722168524	21
-0.084421216964741	0.246443061520494	5
-0.010711568811033	0.414715481677887	5
0.086121082390282	0.587455150787076	5
-0.103792264688484	0.171539908760762	5
-0.05700348683126	0.693398618283887	21
-0.055357729356886	0.747815617813108	21
0.019751729514406	0.948045189874579	21
-0.023202749746138	0.615945462803448	21
-0.097805753361133	0.420712311392988	21
-0.109792627167794	0.4679557509943	21
-0.038553225335346	0.970825844817964	21
0.066079177809275	1.34492712651165	21
-0.121126541425367	0.395104326057702	21
-0.118832599228607	0.427282375819634	21
-0.037256535920583	0.828124510898009	21
-0.026121933257908	0.786884762178067	21
-0.05137209359944	0.701006626951205	21
-0.093426229583973	0.408571338392155	21
-0.091596255736314	0.278496815409863	21
-0.026925828923536	0.489929807885336	21
-0.050539198621721	0.395079101719859	12
0.074273682414307	0.492399762534653	12
-0.094387841804231	0.269896894710586	12
0.074780630961285	0.794313597791457	12
0.018938610293244	0.423670954328821	12
-0.062380319369929	0.281736737584931	5
-0.011303668054431	0.408379562039546	12
0.093762348388012	0.640817888527625	5
0.019681327008468	0.614829672351652	5
-0.00639877743631201	0.429513969566959	5
-0.065308561459301	0.272722639962558	5
-0.124515951286836	0.194494952808848	5
0.061952355873958	0.656681335097888	5
-0.110148849239659	0.240456956346961	5
-0.089765134946653	0.156119448312965	32
-0.121572802301006	0.190617323132249	32
-0.063037062818997	0.280541920028625	32
0.090472104054559	0.394083487536923	32
0.111056057308779	0.563637232024646	5
0.058733276622888	0.534819912136147	5
0.115258488124261	0.593212039579839	5
-0.100816834383792	0.223849661994243	5
-0.072271066300316	0.316480649728255	5
0.111829419702073	0.55515141354621	5
-0.118886110368258	0.160086099090183	5
-0.096452313808767	0.234319223628599	5
-0.057479820926554	0.26979780406057	5
0.044863790787587	0.546939269971373	5
0.029534111167562	0.543263705245564	5
-0.047910571101861	0.294730503883252	5
-0.054202386672778	0.304314460171391	5
0.103515998163456	0.765436447986524	5
0.097237028824635	0.684848240141629	5
-0.117686364830934	0.161754638309787	5
-0.01850334467571	0.49991377559092	5
0.08751185671228	0.770829271653407	5
-0.019361538827587	0.340301153687767	21
0.084924297088015	0.567260425544371	21
-0.121694524887822	0.190417638887372	5
0.10599994752088	0.502366431029197	5
-0.104163868965257	0.647570373117608	21
-0.057820459300791	0.865714460030843	21
-0.115627701072775	0.49176994947753	21
-0.096120918430911	0.577683460121051	21
-0.100568206883922	0.535455115823844	21
-0.0660892451327	0.651301665721518	21
-0.044070685511594	0.62927221028039	21
0.034816130803545	1.04251830070894	21
-0.023529117801924	0.680383372996155	21
-0.089819587809065	0.424727909803309	21
-0.00573335868482999	0.891635247039964	21
-0.066257280103938	0.247553862067647	12
0.053673156428405	0.508355750607692	12
0.014848381277019	0.335343104613232	12
-0.03052982925776	0.268245526173142	12
-0.00535887831321399	0.388279858172599	12
-0.035075754293713	0.25643367686256	12
0.086948472979193	0.378999690366075	5
0.025083024229526	0.372979634062914	5
-0.090778380407357	0.294659792853149	5
-0.023262749822099	0.402660170872954	5
-0.096956764387078	0.247730575112536	5
0.121795379073069	0.699978762477425	5
-0.095559026571362	0.235919477416269	5
-0.013959977738765	0.397646909615346	5
0.075977765475962	0.654997161031464	5
-0.070570370258018	0.281580381997306	5
-0.09045084839923	0.280973968821992	5
0.088704758928057	0.791257896475792	5
0.090264955938287	0.614786896923847	5
-0.120522839927594	0.203900115547479	5
0.086479863411994	0.579567499380818	5
0.000264157044564006	0.505084983057268	5
-0.100354065629005	0.195202238912084	5
-0.081573302497342	0.212781882690032	32
0.115350254102871	0.624172447292458	32
-0.088717363821438	0.219468870309017	32
0.015749741753011	0.411018668099762	32
0.042016756340843	0.447028257704305	5
-0.110912357774765	0.187985778444849	5
-0.053991582837909	0.32887562776463	5
-0.011100170907578	0.366254040719675	5
-0.063329100990105	0.17063256849897	5
-0.013556642271516	0.261871289919581	5
-0.112955466678859	0.124680420098962	5
0.049548234871318	0.254341438833181	5
0.067450527673568	0.453348520484519	5
-0.03034654290237	0.377852611147802	5
0.036872164972829	0.50769055566316	5
-0.084421216964741	0.246443061520494	5
-0.002154426956748	0.444386372612982	5
-0.110303495724505	0.202288689873488	5
-0.00137368460648599	0.495506426693271	5
-0.072660161750791	0.277567783242756	5
-0.040180213938549	0.404550497625879	5
0.074826596899007	0.49340746904209	5
0.050435349330229	0.373506636865521	5
-0.046833238980865	0.230038541618377	5
-0.02272584283016	0.285270146734445	5
0.109345418638601	0.539867227591191	5
0.073797196091389	0.633127444110159	5
0.040879648637689	0.437565941047534	21
-0.073073357885567	0.25554548193004	21
-0.078204952556629	0.280722942139844	21
-0.12376913643735	0.206816837295855	21
0.00156787441124301	0.463692252605277	21
-0.070358801864056	0.237205439121655	21
0.013938598513486	0.462905401953686	5
-0.051272685054964	0.253199593032922	5
-0.101851484382075	0.235650385609395	5
-0.038688616570849	0.777529961591977	21
-0.083144793040005	0.509239414317736	21
0.05122481862674	1.17363701098269	21
-0.00912974748714701	0.323781280811994	21
-0.090835909764854	0.154978275803305	12
-0.063671931092447	0.137691157598634	12
0.051652090152467	0.496348412668537	12
-0.096330021380271	0.234576894485716	12
-0.007942029532398	0.420899320148707	5
-0.091733278106417	0.15397426603462	5
-0.08153851743168	0.169274308254824	5
-0.004697435539813	0.620136951883463	5
0.036326478508535	0.573901300363059	5
0.123327622706802	0.743779988665791	5
-0.081415443794359	0.234571792749948	5
-0.008974418631087	0.375692868171367	5
0.004670199452528	0.306452002483707	5
0.00279969923569601	0.303670177801505	32
0.078161126667842	0.517708095557121	32
-0.089030678698097	0.218950614430761	5
-0.096693580056747	0.184364044465988	5
-0.12439452787616	0.234367222068128	5
-0.110241924440706	0.240176018853811	32
0.084755405736448	0.737272480029232	32
-0.105034705316028	0.227182643252664	32
0.103479733133124	0.476951428396414	5
0.08069622843288	0.540479464263028	5
0.087359908498897	0.379540342766644	5
-0.000109315905787999	0.164841428016307	5
0.094271469507343	0.65951785435789	5
0.085251586285927	0.576754435421473	5
-0.021327841394557	0.372615855319182	5
-0.06991760852558	0.304031604076639	5
-0.026326296080228	0.357817641879903	5
0.097856686054687	0.897424041191028	5
0.071859025498023	0.762045987572588	5
-0.00477315908134099	0.528177330981109	5
0.068333484061689	0.595787037581558	5
-0.093991720413429	0.284689167810001	5
-0.037749707375491	0.384320736039886	5
-0.020157099210707	0.414389903418177	5
0.021034049631437	0.359164908791811	5
-0.063589348816911	0.170353400354096	5
0.079674013840004	0.520635509254755	5
-0.062081553484526	0.258205234764657	5
-0.113425760618628	0.124199388666156	5
0.011619601719882	0.182900353819704	5
-0.00497488248333	0.22505743191662	5
-0.01432878907094	0.208230130686428	21
0.00395592348510798	0.573782001495765	21
-0.053584883421307	0.380414851694924	21
-0.076098971975411	0.361528461082552	21
-0.121683337589732	0.128157624328527	21
0.022044116879295	0.436335653621594	5
-0.072343961383091	0.234092435391324	5
-0.062878251315139	0.227331080589503	5
0.075977765475962	0.654997161031464	5
-0.083618028788396	0.684302187395923	21
-0.087236803818983	0.761480160018752	21
-0.020652425705248	1.17344934623037	21
-0.088397733105614	0.724229501294873	21
-0.025302972056901	1.01777545925985	21
-0.081337550697688	0.437217595930844	21
0.098674612217455	1.22800882960816	21
-0.065177041314646	0.559456918142085	21
-0.102560279995621	0.521042690371794	21
0.08772413858708	0.771491532029442	21
-0.071434899091051	0.235522911365623	21
0.055801931508377	0.270745387226271	21
0.033362122501699	0.219622059119822	12
0.075979028832625	0.495635924083697	12
0.067784588279941	0.303996455221452	12
0.01157376756849	0.182851203303435	12
0.00506236827448098	0.426425342167783	12
0.012186697938186	0.183340850708768	5
-0.054224459676622	0.30451988923804	5
0.090050306522852	0.614280550465803	5
-0.102443599512249	0.138843513929277	5
0.075739671231691	0.333940579964917	5
0.080607403785569	0.531522352354375	5
0.022593790108484	0.286579490552798	5
-0.063631206761791	0.199073109131794	5
0.00365805738515101	0.363563187785091	5
-0.028180237380889	0.387089775441484	5
0.109302897109797	0.539738945904912	5
0.046219313154273	0.557083687578703	5
-0.07031506576587	0.212758927748544	5
0.036598570209485	0.506978749660125	5
0.066494521766436	0.442988525273808	5
-0.089362109004104	0.198008009020095	5
-0.064003292475572	0.198600326445638	5
-0.107551697713861	0.248135101464015	32
-0.102904145413658	0.172740303720022	32
-0.061244308911399	0.259629237104425	32
-0.011343903410152	0.449691978066304	32
0.117500456266038	0.669348394861337	32
-0.111000610492344	0.159034930791976	5
0.064060407779019	0.430022338012941	5
-0.048533216248004	0.156311618892982	5
-0.072316414122798	0.184155981127545	21
-0.088868226621386	0.26929242771534	5
-0.101915617224844	0.262391868703004	5
0.122969829806561	0.742797051898946	5
-0.110919593056956	0.159145783914502	5
-0.070593577372057	0.236832668742888	5
-0.115686156587844	0.20311537567134	5
-0.086903434186635	0.138006543599642	5
-0.02876881244767	0.230631830679745	5
0.011529146313966	0.257994368463647	5
-0.062378476892804	0.138639945821053	21
-0.080601678569096	0.29226051817089	21
-0.040242304482539	0.344112048337254	21
-0.058565383440761	0.315734949510547	21
-0.050205767310753	0.254761046292467	21
-0.105098098172946	0.185266138609848	5
0.025170570903962	0.37294817984696	5
0.013419214969612	0.33318036256643	5
-0.117071266015373	0.103136757987609	5
-0.122813752346822	0.397602105221191	21
-0.116804445270002	0.3604546821257	21
-0.084357496682835	0.449749696796891	21
-0.080021650522615	0.541182512601586	21
-0.117333556214637	0.354010022263601	21
0.024089513770169	1.15199745382786	21
0.000957656007742003	0.986969275306686	21
-0.072286655144304	0.658815501058657	21
0.00490159725427097	0.371818535627112	21
-0.023504020489336	0.284153230377467	12
-0.093889077381567	0.170420291399852	5
-0.124809450242002	0.161997785475213	5
-0.026481280745354	0.428429388749664	12
-0.112116915229667	0.21179656575324	5
-0.020728605779883	0.413151655402173	5
-0.019760877615296	0.380637159051828	5
0.099084520598134	0.707647299272289	5
0.061779813329169	0.556913295427279	5
-0.044942789677724	0.35992604902773	5
0.010998577838859	0.450702794264017	5
0.123095003304527	0.733265086884875	5
-0.074961117214852	0.290389059322275	5
-0.046303525096778	0.356767988537976	5
-0.052646105822539	0.307539728588357	5
-0.107349538491035	0.209852809111397	5
-0.012723039951447	0.405374385459699	5
0.063935854470731	0.562053369068528	5
0.029036557852639	0.541852723017921	5
0.010770102219115	0.388904557797186	5
0.08597830190459	0.578439041534001	32
-0.002801945928702	0.398862171160482	32
0.025058189265873	0.4490306269763	32
-0.09724716564821	0.183583193937152	32
0.055605249380138	0.520108431668093	32
0.059751100028012	0.65045031069213	32
-0.012135512990671	0.263731783042147	5
-0.11217772480437	0.141869289217999	5
-0.00704265289793099	0.276850763604786	5
-0.117027743672468	0.103168823954466	5
0.025535718361185	0.37375269268971	5
-0.081934075870412	0.23378356168155	5
-0.00581535449951301	0.335190374944223	5
-0.068072123771964	0.267865004452982	5
-0.026689756693788	0.357079019807477	5
0.045991672256391	0.549546986273525	5
-0.003278857291524	0.441884635307578	5
0.057175579151938	0.401112785281539	5
-0.063411455355021	0.199347934490715	5
-0.013695101814479	0.310659932921437	5
-0.118870590461717	0.146142273626839	5
-0.0881581126575	0.220370514594454	21
0.00879694453939101	0.319323790948197	21
-0.04725370494	0.295878398949045	21
0.067901787698804	0.586945410911903	21
-0.072224709526627	0.278438693148736	21
0.083294634449443	0.563548752484339	21
0.082258080403474	0.552512614918348	21
0.114633567635584	0.622397474309349	21
-0.045161379089889	0.330118891334335	5
-0.078874332172911	0.197139973256273	5
-0.060428557251151	0.748215399843272	21
-0.018380317040243	0.998723678415759	21
-0.1110973921525	0.306623775577594	21
0.094885051981693	1.3231867322182	21
-0.116238891925847	0.363810896476798	21
-0.123065480717565	0.33666215161143	21
-0.105053593855257	0.405540710912183	21
-0.055585065161712	0.72454203398289	21
0.029153905420455	0.612494208096988	21
-0.102968290908008	0.172645478108246	21
0.11151478124449	0.594489811631602	12
-0.004865816758157	0.225154546570844	12
-0.119444166664379	0.0557677808362201	12
-0.112071848540253	0.186123898476161	5
-0.020179532788118	0.338790561031687	5
-0.112054917518612	0.186234601213062	5
0.0217311304014	0.504954740023444	5
0.1192633022298	0.673772946958164	5
-0.088625052888617	0.219612608307079	5
0.101441053641302	0.723138051064441	5
-0.033955473656948	0.333648660386394	5
-0.022975725913399	0.369293803618992	5
0.082157055248903	0.552375909475198	5
-0.085850184169061	0.243901208238773	5
-0.084270847202206	0.246667674379313	5
0.058944687784776	0.535253365652135	5
-0.086518014803727	0.292181053087251	5
-0.054983106495655	0.326832262515767	5
0.055316122391603	0.512008524683395	32
-0.105984940248016	0.212185081001896	32
0.088509909191058	0.601761008234462	5
-0.031188241114223	0.343529634992294	5
-0.102532073606405	0.220801047941212	5
-0.040299606027504	0.243909171610661	5
-0.11618874728085	0.202223322166502	5
-0.119021746965312	0.159847067020203	5
0.054503115683542	0.510218224498378	5
0.015888004635215	0.411290303424131	5
0.043992970582149	0.450746193736959	5
-0.117686364830934	0.161754638309787	5
0.041821757295287	0.439388825884964	5
0.062426962003361	0.558537475934838	5
-0.041594723607413	0.341389354241848	5
0.118317856053175	0.681332294167263	5
-0.124608533787817	0.149723366427098	21
-0.119431767216892	0.172384598801104	21
0.089478422527085	0.392702878297043	21
0.046396083850413	0.557462246544696	21
0.014814611205418	0.470835577314427	21
0.07851972100008	0.670034470760905	21
0.018954340903637	0.423591938466634	21
0.080440742507534	0.531124052288446	21
-0.104358738921855	0.186351452284825	21
-0.075408143863881	0.610751752376199	21
-0.104164966457244	0.519574658008124	21
-0.117530681095153	0.372247577073861	21
-0.111821858246199	0.361110079077316	21
-0.042670548643271	0.602315400385034	21
-0.098040922413614	0.427176683049055	21
0.093122159465051	1.46709645969215	21
-0.028875028054331	0.270739385980408	21
0.061886838661714	0.287309622813505	21
-0.049032796497531	0.155893838068982	21
0.083796388421269	0.364549202836084	12
0.017839998028237	0.346896020843085	12
0.039573400618564	0.520500589087225	12
0.024885867134652	0.448625073377837	5
0.00639523997571501	0.434783430160193	5
0.098444133159738	0.447517894704989	5
0.029261194984188	0.470879958064809	12
-0.050608589423026	0.339812693607275	5
-0.082091427293955	0.233432388688881	5
-0.071983821725447	0.25746448157995	5
0.051892373382882	0.497044325925914	5
0.020116574256051	0.425979652563744	5
-0.00670026483952499	0.471517392615231	5
0.121299724278107	0.698726265578701	5
0.119349679502224	0.673964769187218	5
-0.00372746690711501	0.440704670367468	5
-0.09917468589553	0.243367612472603	5
0.122395699918808	0.750891872228413	32
0.046412060545367	0.463278628374218	32
0.050916681007463	0.487491168281834	32
0.124686704500731	0.757385633779962	32
0.016971608730509	0.475811026736226	32
-0.118048405696496	0.187041073543689	5
0.072306240753691	0.470945890673671	5
0.038949777497544	0.331825196915554	5
-0.101973217899661	0.120026579708403	5
0.016144267130344	0.271024363591161	5
0.00369502034757302	0.305016702456643	5
0.073319094182842	0.481806696553753	5
-0.050854799548731	0.285384578775656	5
-0.02272172791697	0.329079956048216	5
-0.03456468524322	0.332512258067036	5
-0.061894217264097	0.305402173335479	5
-0.070720375645349	0.212168005971182	5
-0.027987257110454	0.314753389347867	5
-0.082447899834462	0.21150869296773	21
0.026630732629108	0.375548280417992	5
0.05027009406345	0.25506715150536	21
0.022004598552246	0.360794667324735	21
-0.034188042037247	0.257721546140554	21
0.11746868247676	0.649339462600947	21
-0.058544316230455	0.237892350353305	21
0.115491152681608	0.614354785271653	21
0.059521593853853	0.536600145801054	21
-0.11703571416474	0.188636460867601	21
-0.035684945682695	0.291872877743507	21
0.04954891323904	0.484499216154841	21
-0.112046413382641	0.172367794739436	21
0.115764534710029	0.6251400502372	21
-0.062089621805545	0.777281438808912	21
-0.00706029249457099	0.598767373499602	21
-0.034862321997549	0.515140974264161	21
0.00308525058655301	0.362608411150925	21
0.027416106957057	0.300318670506177	12
0.118674372044649	0.682213641380638	12
0.06774858792184	0.30413639341962	12
0.00711199870183799	0.436424856945196	12
-0.028053921357465	0.314658429447827	5
-0.02004123473613	0.33904566717979	5
0.086520136542565	0.378406958992029	5
0.067046245894486	0.584894716949843	5
-0.053686682900096	0.329488479584829	5
0.124841843127174	0.807199038028222	5
-0.102532073606405	0.220801047941212	5
0.048678849583829	0.475321734487336	5
-0.085496913345363	0.244543921371537	5
-0.117524953438842	0.175283946669641	5
0.033003027773806	0.401088961484704	5
-0.076801487366925	0.245736153860846	5
-0.040957470673314	0.342688160034944	5
-0.030643021818594	0.413722922219483	5
-0.080459583783059	0.256704033733779	5
0.00389378778448002	0.363953471639446	5
-0.069915686868671	0.304030244752763	5
0.116809378285055	0.66741187559798	32
-0.115262517156386	0.203847073109246	32
-0.091647740787755	0.245952738952792	32
-0.072369887959117	0.278151933804125	32
-0.080170489372655	0.257227097548088	32
-0.091666547333494	0.230706130626914	32
0.043626184473688	0.45032464966155	32
0.041569575210148	0.532015496673109	32
-0.084426699655066	0.246417108970461	5
-0.014672552518828	0.30904951304662	5
-0.013883781860464	0.208670703969673	5
0.00708411265664799	0.375888891528636	5
0.101016718658068	0.462257974411411	5
0.00961939847731602	0.320541796361938	5
-0.10890243724828	0.217522895071647	21
0.068468840203324	0.596116029819678	21
0.033003027773806	0.401088961484704	21
0.10727136021196	0.515143485656075	21
0.112939942400116	0.577924792542599	21
-0.118391230544484	0.173981620474864	21
-0.081597886782057	0.16921056459398	21
-0.063783492912903	0.198878958266264	21
-0.112261827375732	0.141773460261129	21
-0.020095484602319	0.247213702318564	21
-0.034708685568538	0.257002494931039	21
-0.098657431656522	0.258372128295474	21
-0.030760390432471	0.409200045519346	21
0.121085145434566	0.69818066632457	21
0.039070013260916	0.426789092419113	21
-0.029944386443304	1.11379547401717	21
-0.115892926578359	0.519406069322603	21
-0.09045196375572	0.338238809055199	21
0.045591907347777	1.0597079481467	21
-0.101610114424661	0.39315592081198	21
-0.124288189828133	0.359004662981213	21
0.026025484921345	1.03544258195249	21
-0.019717152027367	0.247867758214323	21
0.116020495764767	0.65559465495965	12
-0.05268825189466	0.103871798085957	12
-0.102031736398345	0.139299141506533	12
0.055863967411101	0.52072345208123	12
-0.04627247590869	0.352963935435226	12
-0.066396717406672	0.2708560803871	5
0.011010594061595	0.503727252693701	5
-0.032159095138777	0.302691038185827	5
-0.040577765225268	0.373729951218438	5
0.119934391293252	0.695388056177431	5
0.092472667735241	0.63765609590678	5
-0.110274750961967	0.174902673327963	5
-0.032202839826673	0.341376058205193	5
0.061801342193652	0.549428744955402	5
-0.070346391084504	0.303148944308982	5
0.02066111996946	0.433331345335017	5
-0.098845688732383	0.197543534990215	5
0.040796499595326	0.530210242717127	5
-0.01461362881988	0.354204839730135	32
0.057229299563311	0.523830663127243	32
-0.085946482327918	0.259522505793577	32
-0.097135797218458	0.200097461845565	32
0.004996921131044	0.4773214146726	32
-0.029248134673907	0.270194180175045	5
-0.089658373867446	0.234215627269692	5
-0.080025908492727	0.257483744887608	5
-0.029227858467293	0.312533542895545	5
-0.065250265820194	0.249180853368969	5
0.104704609728113	0.489605376192594	5
-0.109538215737717	0.175922851707569	21
0.00983187460490498	0.387156764900756	21
-0.00831105063118601	0.275058899740373	21
-0.035434805813158	0.217124519021886	21
-0.063935780340066	0.1986801204068	21
-0.030545949962857	0.305382034634236	21
0.047276112365414	0.360331837159022	21
0.092332508280052	0.637327679897676	21
-0.083611676599145	0.266976064350121	21
-0.012727660030427	0.363129793198786	21
0.111227236854279	0.553976201855037	21
-0.100045473785008	0.225117596769764	21
-0.112691749815635	0.596708097117277	21
-0.045819828305422	0.654979601766928	21
-0.046694223779569	0.598573371659916	21
-0.039962530152083	0.753987261914543	21
0.057528069283072	0.401694177480223	21
-0.05298663305568	0.407797010068365	21
0.111731113967025	0.076032888564632	21
-0.05312314682485	0.103637553625753	12
0.022692689652606	0.201051761305512	12
-0.00471773734671699	0.225308675397367	12
-0.101206768781577	0.0987381865500341	12
-0.035068216174528	0.331537176724941	12
-0.003406691829106	0.392119848274962	12
0.056235905957452	0.27121692922313	12
0.015247473333558	0.410007104871326	5
-0.00438972778295699	0.390198645328542	5
0.078563265522339	0.527173699892221	5
0.042104516249008	0.616431705089173	5
0.109211283623496	0.539499714925736	5
-0.100287246286967	0.195314836766469	5
0.00347009506358698	0.304669742322753	5
-0.00521442489238599	0.336238371284501	5
0.077925836837392	0.517215250477557	5
0.044160164919823	0.545173725732725	32
-0.082818293330307	0.268566272069795	32
0.027788331510336	0.532444000192847	32
0.016666963780732	0.412757215258327	5
-0.048178247071265	0.156603732147391	5
-0.117071266015373	0.103136757987609	5
0.050250516912614	0.58823733150103	5
-0.103653021914911	0.187375732927586	5
-0.098074338618965	0.19870595688284	5
0.034129936741928	0.317214751105345	21
-0.049348155607093	0.287935517425614	21
-0.000895875173047012	0.452683422032237	5
0.006882137996849	0.375569109621625	21
-0.089956729595548	0.233584135772287	21
-0.026174090966027	0.233867400471615	21
0.071193942078783	0.31824187123416	21
0.084480145894012	0.365350527299592	21
0.05088475435873	0.374203751708323	21
0.097091782231625	0.684477091625017	21
0.042141870078467	0.623100552159143	21
0.050151074921713	0.6739421414689	21
-0.079019699305323	0.298607671026606	21
0.004066086756561	0.424145897715181	21
0.07710999941393	1.74766893986519	21
-0.099360833343248	0.61035868269288	21
-0.088632486532229	0.674869844971725	21
-0.109900687798271	0.430898285677111	21
-0.09238502397305	0.549649407155026	21
-0.068140710601	0.645459205239196	21
-0.00447699900625501	0.620989676919872	21
0.03197417470839	0.483476462648442	12
-0.080660460147989	0.118808183471211	12
0.022321540837925	0.2862276450246	12
-0.12333184332	0.0791415613438096	12
-0.00487616738727001	0.225131528614599	12
-0.102242291991934	0.173606284735804	12
0.00939703642390799	0.386376965922756	12
-0.118339794935904	0.174054612555717	12
0.015611498856424	0.410740686442323	5
0.119860635429807	0.695214383328317	5
-0.124094063291738	0.195244733493315	5
-0.079376738906479	0.297808079134982	5
0.119860635429807	0.695214383328317	5
-0.111388745881318	0.213098561512695	5
-0.107577308660476	0.235396365839338	5
0.073426585006125	0.640039210073376	5
-0.079002280428777	0.333348754908516	5
-0.0000541608419049877	0.351031183004885	5
-0.118382208589693	0.160781412261266	32
-0.00511546226547199	0.388771027905818	5
-0.112778642004467	0.234981414765454	32
-0.019905405989759	0.380339814373104	5
0.061801342193652	0.549428744955402	5
-0.092460672100121	0.210364831419009	5
-0.020354749274607	0.33843823481717	21
-0.019049849281604	0.382168810492324	21
0.013021468555955	0.460624801344067	21
0.018767217775454	0.485993448516997	21
0.01103879298058	0.389327339989685	21
-0.05164486439961	0.25264778101411	21
0.111056251651516	0.563886226045828	21
0.062296567158488	0.55029536429619	21
0.111701925547083	0.565252346650523	21
-0.121663978566356	0.128189914467903	21
-0.096038240676929	0.185290100488093	21
0.050341556680715	0.486248718144038	21
-0.077727947787068	0.222144848422432	21
0.101695737779301	0.46340187681587	21
-0.092961225652571	0.209654565778114	21
-0.050562979512248	0.285850786886628	21
-0.098533102645603	0.244592830701696	21
-0.118493760933157	0.173798506488282	21
-0.009562513289367	0.374502274738286	21
0.063542666055474	0.429134619128545	21
-0.111045242100719	0.213743578663155	21
-0.037958055163052	1.13261916181538	21
-0.059505174182779	0.844540451708733	21
-0.060853000189227	0.960606974433922	21
-0.043441525583718	0.845567100020503	21
-0.085922315908134	0.559133076077347	21
-0.094943784489716	0.464957517675068	21
-0.030480446715086	0.125945833582448	21
-0.098650216533191	0.258370731255614	12
0.086363767667443	0.378173360534933	12
-0.0864926932706	0.242721385901922	12
-0.116549932799619	0.189488386285915	12
0.072116800966252	0.47948409549196	12
0.00512723115427	0.426562263672958	12
0.069716069978687	0.73998723804757	5
-0.025464433639203	0.35950527959569	5
-0.110770933886097	0.262687483867191	5
-0.087231049203886	0.272490746123049	5
-0.07866267694212	0.299401969698713	5
0.000593378025850022	0.411279653400019	5
-0.078973313245835	0.351206020787722	5
-0.105344000309231	0.213288744010903	5
-0.093055421019703	0.258104794427315	5
0.081377012445738	0.855563183504149	5
-0.042282672194716	0.451305003059074	5
0.056752034086707	0.627466342002107	5
0.104331072962008	0.488927923326413	5
0.010113322931685	0.618338913567919	5
-0.103420801002446	0.172045280887578	5
0.063053346957939	0.567433918258905	5
-0.059765402368864	0.358449669223328	5
0.049811880528912	0.672834052604459	5
0.018185844758083	0.484631099967274	5
-0.10149683767191	0.208447292915552	5
0.062167537832686	0.287715406569604	5
-0.120094301369436	0.204699246884538	5
-0.045997295705475	0.265888805375411	5
-0.008242710930361	0.275155801066006	5
0.069797038953784	0.466367350987161	5
-0.095891803385018	0.220603723812248	5
-0.00636118257725099	0.386153565210084	5
-0.059702346213051	0.336228713384975	5
0.075323131977299	0.50310608278478	5
-0.00495633254701	0.432612930356766	5
0.100077550377271	0.710428720695852	5
-0.056143211480314	0.272110749731602	5
0.03948144095671	0.42754360089127	21
0.113094969775693	0.57827275793582	21
-0.101615980672925	0.208273560303312	21
0.114419714138158	0.611935238569361	21
-0.00938983998147	0.374897780685149	21
0.069164620676149	0.456439148984902	21
-0.100904433709426	0.140461749922347	21
0.047510769255057	0.360644243472972	21
-0.110780870708886	0.214202433920514	21
-0.015241834775757	0.435598030329285	21
0.052967542380485	0.703009419536432	21
0.042989408724949	0.449044403675828	21
-0.035460391127249	0.255917775656863	21
-0.058177146723396	0.293270393266495	21
0.07932049372226	0.688545787399123	21
0.054901096647026	0.511133592767591	21
0.077783280341383	0.812371001662328	21
-0.024124039511002	0.471149863587672	21
-0.109000281156826	0.574367004925104	21
-0.096149156293488	0.567776024182633	21
-0.106337032273583	0.391188795765842	21
-0.075113197423381	0.569563114576592	21
-0.08212972421529	0.599068667484761	21
-0.080439509367073	0.118981261652951	21
-0.046459458870392	0.265158071954212	12
0.002286517982658	0.240163732313848	12
-0.042828840263406	0.308112469886032	12
-0.038077442872141	0.321414229076701	5
0.123758864447672	0.754850524180768	5
0.09290125002361	0.638698972232612	5
-0.049141681739494	0.318257971820842	5
0.011791024363249	0.457993997998513	5
0.047067231762397	0.559235109413725	5
0.024852920271638	0.582018197704725	5
-0.023981665388506	0.367170603698128	5
-0.102186710912902	0.221380677899619	5
-0.037536039961084	0.384809800864456	5
-0.033956360095653	0.365757607163608	5
0.03828724762403	0.425258311483774	5
0.046639724130718	0.649800552286792	5
-0.059891718111534	0.358208893090883	5
0.03176406659652	0.482941393357255	5
0.089340356340095	0.793396410175435	5
-0.097298503660977	0.26115725584302	5
0.048525721223943	0.662228920499016	5
0.007895443685974	0.490372099919489	5
0.037173531388353	0.661505359322532	5
0.105044544237414	0.49009643150426	5
-0.024021843058955	0.28337701401998	5
-0.092727175224937	0.210019425395605	5
0.1192633022298	0.673772946958164	5
0.00317978764513999	0.241195696835514	5
-0.080056666948702	0.170970289113576	5
-0.12240814697731	0.12735906488168	5
0.043255116388471	0.346125343851138	5
0.015436455982599	0.410385644351017	5
-0.071866947405308	0.27913454510707	5
-0.025683722371117	0.359100950730989	5
-0.00856635909895801	0.419532802513763	5
0.060863708801064	0.415955758255435	21
-0.078111608045961	0.1981990991166	21
-0.011376890141553	0.365734775068891	21
0.03141345421046	0.475565069131938	21
0.089401929454729	0.603817654486847	21
0.087140983008546	0.598486324339135	21
-0.106613660787091	0.197458164012402	21
-0.057992506776236	0.238746263172392	21
0.022114181700321	0.436427974998839	21
0.084636749854059	0.365494667843943	21
0.027904477361755	0.301059081921999	21
-0.018130138202704	0.297971048484076	21
-0.032092592921866	0.302778611055689	21
-0.112730265937766	0.185179726064752	21
-0.094113775993467	0.170133483715599	21
0.03193881724681	0.39919616264918	21
-0.029923259132639	0.378780396706363	21
-0.023323901005143	0.328019721253915	21
-0.095611681668406	0.651939127806837	21
-0.047382556722749	1.08374413731513	21
-0.068403589666766	0.632798480160141	21
-0.069498337349738	0.56024217707717	21
0.051803890164128	1.21986832786107	21
-0.031973852134633	0.916820048511681	21
-0.082013973459279	0.610795977105179	21
-0.096850952438242	0.575449058445659	21
0.083531164280863	0.717190510555967	21
-0.00689069358104699	0.277044943800416	21
-0.048489447505988	0.156364829467298	21
-0.031205580742405	0.125463268287087	21
-0.097456677079661	0.246757768415677	21
0.00332160538867898	0.304460626142601	21
-0.095237715461331	0.268079634270743	12
-0.00613091707795299	0.277912101567506	12
0.123037775972303	0.742966887276757	5
-0.03034654290237	0.377852611147802	5
0.038139001675113	0.591879058258798	5
-0.093128944851181	0.209378397910801	5
0.093463547753125	0.848494072434206	5
0.000452118537605017	0.455837891259711	5
-0.075825323079274	0.344049287213818	5
-0.057980623913524	0.339991948930907	5
-0.00364252758819	0.489506813211456	5
0.065760631228488	0.588968404376523	5
0.03709110157689	0.508252935972767	32
-0.106416143335202	0.250533378994951	32
-0.084991640207837	0.185338640170868	5
-0.02369204606352	0.327283060257805	5
-0.03132442281529	0.407899600651613	5
0.105801130731061	0.501750216669549	5
0.100091614577738	0.728173738843118	5
0.033035978879727	0.219379646755372	5
0.076843752694775	0.335337108394667	5
-0.049632624360808	0.317183886718404	5
-0.028536276544168	0.34868826768149	5
-0.105198915367444	0.185111766792433	21
-0.011428660256255	0.449707812676349	21
0.113517320672332	0.609672701415985	21
0.007754945536947	0.317661208017096	21
-0.00683857426133999	0.277130772766689	21
-0.041672719477635	0.341232696440247	21
-0.031336967241043	0.343254031600298	21
-0.112903505697036	0.184896335701392	21
-0.049035506914943	0.288445850068994	21
-0.026540530038733	0.357381409540174	21
0.12474745768377	0.777348269697229	21
0.036588380206243	0.50704574371447	21
-0.075560331158899	0.577124307227896	21
-0.064901304971739	0.560599380936087	21
-0.075808081361355	0.581957155769488	21
-0.083636536592841	0.495725543947441	21
-0.036286369085113	0.779755886893876	21
0.014167535444847	1.28576394869905	21
-0.1103516505785	0.5691803120843	21
-0.053002455283053	0.103691001666309	21
-0.119959348578592	0.055564402041551	21
-0.086180612796424	0.138685792993716	5
-0.083498492456905	0.0794584624384524	12
-0.093529484491945	0.208751459499627	5
-0.119206219306496	0.172733765305428	5
-0.052662723253469	0.382659941949153	5
0.03175975800666	0.482983387071807	5
-0.013476444682913	0.480160007150253	5
-0.089728052606592	0.234093082752527	5
-0.04272360262077	0.275657187551508	5
-0.105939506068031	0.198537767844033	5
-0.078110402682409	0.280873344405925	5
-0.020632840045384	0.378701586825663	5
-0.062874800941704	0.347759011882367	5
-0.106250378506649	0.198038871811227	5
-0.083270154081299	0.231454579030362	32
-0.023691923560362	0.401677345964339	5
-0.030426041918197	0.377717837842686	5
0.081014158729909	0.701509437194001	5
-0.09682163120557	0.23368398657311	5
0.018789352814806	0.429202472890855	5
-0.101114407830765	0.209102364085532	5
0.084652892407386	0.728850954447272	5
-0.023457835611093	0.327716455416066	5
0.107062784969098	0.514679833799681	5
-0.064005059589928	0.137417525738583	5
0.037300177106229	0.508670927523695	5
-0.01851364405545	0.422849417067831	21
-0.00599136977995199	0.478329935222999	21
-0.105933865085296	0.251473368648901	21
-0.062978976365775	0.303294962184346	21
-0.052208731631023	0.283014147762608	21
0.120441279450328	0.696484635810047	21
-0.063783492912903	0.198878958266264	21
0.063910415625775	0.569635076648968	21
-0.035118531800526	0.174567452328872	21
-0.014733195269723	0.207796890261076	21
0.034344859792145	0.31749372196484	21
-0.051795052933956	0.25238952200935	21
-0.091991231819162	0.211152837619761	21
-0.088338366156884	0.199460704721634	21
0.109179877318234	0.847422540941891	21
0.076848728366144	0.785979615418585	21
-0.113959952551577	0.220510777689857	21
0.077690543499566	0.516714223417859	21
0.024470538458014	0.447804765837526	21
-0.115485407443792	0.215507578352298	21
0.00839181559777602	0.491499712476459	21
-0.017434560657586	0.425548614974203	21
0.00908900989857098	0.975571299742732	21
0.090008672221956	1.02552681292315	21
0.040813227984085	0.985843795133371	21
-0.056410296787916	0.485450644693287	21
-0.123803609704415	0.384603321282617	21
-0.087378970204806	0.72392545411906	21
-0.063546513174787	0.199168775749972	21
0.061879731342606	0.549537487551947	5
-0.080986936769598	0.118588851044695	12
-0.018159999507703	0.342439505834914	5
-0.093069802605958	0.171411825079645	5
-0.072279057238417	0.256891568310629	5
-0.123908707785516	0.163318526943077	5
0.014072897222906	0.523124794955819	5
-0.058486380626159	0.315916776721477	5
-0.124492207724741	0.234311080109378	5
0.11518852759495	0.613661089251285	5
0.035149804144367	0.412186818421636	5
-0.124199726783895	0.224999552807868	5
0.110878702486065	0.880436852404111	5
-0.089101692244688	0.283850780613419	5
0.020870927535534	0.358849889167537	5
-0.123591808581762	0.196149673579257	5
-0.096783926437479	0.184242577783996	5
-0.111414416996446	0.187224888548047	5
0.071578860315388	0.619470818940408	5
0.033233375655972	0.315952812653577	5
-0.030533426825506	0.12588149118287	5
-0.10358591153695	0.187453934094257	5
0.090106013481105	0.623021153549936	21
0.068101895071415	0.595076171393887	21
0.022875061411513	0.201220537124369	21
-0.101206768781577	0.0987381865500341	21
-0.090465351526415	0.155380543390522	21
0.029484858794199	0.303068621902784	21
-0.053288091715564	0.306332282543757	21
0.028596045493497	0.38612091171027	21
0.087072052695083	0.589731441853635	21
0.063496178126149	0.683629620867123	21
-0.12153803488557	0.232647141116507	21
-0.09512355432373	0.236720069388683	21
-0.048400104464567	0.227987941511126	21
-0.024004875290482	0.283390343415034	21
-0.000147921749789004	0.350826666585524	21
0.023161683521176	0.287286918688713	21
0.079806220902432	0.349201337949217	21
-0.1036438242173	0.490572498265834	21
-0.11627293850214	0.489846299202131	21
0.033068563515926	1.07694284523216	21
-0.104741696294925	0.379221517052918	21
-0.013749577223089	0.878828418906531	21
-0.102149539936576	0.498439835747158	21
-0.120309025478005	0.0554121511236294	21
0.111525050252763	0.075983014787952	12
-0.120400617847959	0.055374544630505	12
-0.011924708024974	0.489105186983918	5
-0.101299094488716	0.0986564586583456	12
-0.097571338925636	0.199443557967617	5
-0.102153037593604	0.156888345944418	5
-0.010500318419537	0.497717444888902	5
0.02804330566817	0.526750012908341	5
0.028413908164373	0.38579405766041	12
-0.057957857838333	0.293658266084579	5
0.020105499671856	0.556854313315825	5
0.073929305376073	0.64143059659581	5
-0.040876412342531	0.278665925446122	5
-0.005959642793225	0.278243982669542	5
0.10356718795229	0.487540552764046	5
-0.075679979166202	0.268690584834277	5
0.067031641484255	0.834111365169053	5
0.061970037387077	0.788065192284537	5
0.109748069941382	0.849344310836986	5
-0.124836120970666	0.223681329397747	5
-0.119405105440224	0.145492972244748	5
-0.001292156448719	0.40201274628575	5
-0.00842816457794501	0.324989910087825	5
-0.05634418045938	0.271839147665777	5
-0.038440436357054	0.320732287650735	5
-0.118901462068038	0.146111291727619	5
0.076736021377388	0.335195909571127	5
0.094629307722555	0.660488739904374	5
-0.092292904672142	0.210673196570661	5
0.027172941108339	0.459930805494159	21
-0.041410621340394	0.242430352005012	21
0.022392389669289	0.200756469740093	21
0.049866403507049	0.25470345109749	21
-0.081690956226623	0.118037477268078	21
-0.029898685419573	0.126258549015528	21
-0.063329100990105	0.17063256849897	21
-0.11893391809181	0.160019895477374	21
-0.104729997078038	0.200410682804041	21
-0.025998331944503	0.234082796568764	21
0.100872913775436	0.462042926501187	21
-0.063912743719707	0.225853416709231	21
0.083968646014576	0.364801773401017	21
-0.097556434753719	0.516057418702137	21
0.10963581157055	1.58559287590681	21
0.012030488367193	1.1063332323941	21
-0.046993622098464	0.870057410720163	21
-0.11665264242664	0.575945819167036	21
-0.091410745234668	0.663914725150095	21
0.087932749797632	0.60046089674607	21
-0.104728419025555	0.185811356408684	21
-0.09843361100157	0.365428576886151	21
0.068470182786278	0.71370934106289	21
0.069416354858812	0.606216326526745	21
0.032954521510095	0.400972102651924	21
-0.01343933707001	0.146270648856057	21
0.030901876439388	0.480950872057965	5
-0.000490211746307007	0.164553753833306	12
-0.110899631013171	0.214001881756266	5
-0.038406703170851	0.320774491530408	5
-0.083894754525273	0.333310594504379	5
0.059306940920295	0.536122438125216	5
-0.100685724153562	0.224037250076209	5
-0.106586593364746	0.274490538613249	5
-0.074367314003364	0.350536562449072	5
-0.069545854901012	0.346167133622112	5
0.069637924824331	0.457330532839763	5
-0.077278999674655	0.199273692387416	5
0.07328116271247	0.639635856219857	5
0.07822525456644	0.677343080391549	5
0.071534091212088	0.619387148315231	5
-0.093128440186934	0.257952313919866	5
0.050109166792365	0.680454487357387	5
0.00584052772040899	0.373648966442523	5
-0.09904662335533	0.197237539003432	5
-0.04286409509533	0.308125198313774	5
0.098222325908228	0.447126462709898	5
-0.100640235593431	0.0991461450879672	5
-0.063735509211882	0.13757070094081	5
0.033699866050064	0.316633495200455	5
-0.014456644193287	0.437471558220702	21
0.063831056401189	0.677252466965419	21
0.113282857037076	0.609112397345543	21
-0.096614428068567	0.219389771356132	21
-0.101252924763019	0.0987017195324975	21
0.042501177983507	0.237659143785839	21
0.04174825810956	0.236969650883708	21
0.103550914974118	0.477111810967335	21
0.108015239293371	0.516524017207035	21
0.013481753642858	0.462042835664992	21
-0.056210597637381	0.347610555289359	21
-0.069193851543079	0.265787410554236	21
0.037795676830581	0.424406132724322	21
-0.018066431537206	0.298067233155973	21
-0.085447447650742	0.279093843583175	21
-0.07946556015046	0.616563692846135	21
-0.036132690483966	0.714371904533695	21
-0.076420656560875	0.463084763309706	21
-0.120332522876224	0.404033906528063	21
0.107426577557666	0.504807576312451	5
0.110856418540598	0.553234347530758	5
-0.000630674987723012	0.16443973504604	12
0.023227089591777	0.201506783869701	12
-0.01499506800869	0.308504598581371	12
-0.041245885064	0.278081338724366	5
-0.092921152047411	0.17157943340844	5
0.022263488393475	0.286139267247417	12
0.028216567088091	0.301466844458251	12
0.013991798864268	0.401233070576134	12
0.015298169786913	0.410114181992958	12
0.00221055099714301	0.360996385794027	12
0.058505995809597	0.403367820818981	12
0.000869223969577004	0.411961355375047	5
-0.088124246286846	0.220444046076812	5
0.00288255140895999	0.362261462791351	5
-0.022472718860008	0.370320439514398	5
-0.023792271100006	0.327185161413333	5
-0.00634456288499599	0.429638287789483	5
0.046646381702051	0.463736249077545	5
-0.00968297867251799	0.322905704065576	5
-0.019198932418199	0.296253713309831	5
-0.103049338617637	0.172545080922834	5
-0.045641973897448	0.298810670981676	5
0.09814637696563	0.447002187463196	5
-0.119518845720936	0.172245047722444	5
-0.023457229126483	0.284053986393974	5
-0.077672725715534	0.198775988898873	5
-0.03106209938391	0.12555454829183	166
0.061483891044645	0.286882387097815	5
-0.047997550731018	0.294578356236984	5
0.113180117419229	0.568239015746905	5
-0.072249837726376	0.184239884499015	5
0.056198601150842	0.399522823526501	5
-0.111129945392194	0.158866516992898	21
-0.124276243472306	0.162778817923926	21
0.083331099482379	0.563664622809214	21
-0.118703595878528	0.160342524491228	21
-0.070396034299439	0.212656345404288	21
0.075846990596914	0.33406191889533	21
0.062409553136037	0.287928536900197	21
0.00244497331433002	0.24036017236271	21
-0.063698771635117	0.198983832429652	21
-0.112271778694323	0.125339005097727	21
-0.034907751657174	0.217753831103999	21
0.004521581171886	0.306235708778096	21
0.074872181629394	0.493379560593781	21
0.00783172591973702	0.317748890347667	21
-0.103342595436788	0.284341933594131	21
-0.058313581383323	0.567033735210532	21
-0.027721116631878	0.770691571420137	21
-0.061810683305347	0.395372655931846	21
0.100489581769525	0.711395037307179	21
0.060151816647501	0.545587247025788	5
0.099321097210147	0.708112575782472	5
0.070137351965737	0.45808007293567	12
0.00411055048891601	0.525949844550651	5
0.044133700661449	0.347302533661429	5
0.04317035905005	0.345966745982854	12
0.044565362194604	0.55287907158908	5
-0.090298652657099	0.266350921157123	5
-0.028471187030095	0.38640862853035	5
0.118480521083995	1.0787868088692	5
0.030126714894229	0.47289089287215	5
-0.111745192554704	0.158064549618989	5
-0.076107163583539	0.324546513527339	5
-0.047494558673438	0.321373578133971	5
-0.00160976966586701	0.450939386280326	5
-0.116616014420308	0.257963866498661	5
-0.00143496955386799	0.495361359492855	5
-0.064392650176849	0.198053144311387	5
-0.106078014019359	0.198316272661089	5
0.075702241066888	0.646234113834931	5
-0.012857605907429	0.405105047320132	5
-0.035531134966559	0.255829702385404	5
0.067020301931099	0.701726150703685	5
-0.013166126131983	0.262406748736585	5
-0.051018702486449	0.338872028916042	5
-0.11086129059707	0.238991947594931	21
-0.119278621020593	0.217660177135669	21
0.046762849147501	0.471293880811612	21
-0.013735688943037	0.310570310090482	21
0.088914286101981	0.391667958207272	21
-0.071238879368198	0.211463970245539	21
0.054336203470405	0.60641721264363	21
-0.041414646133988	0.242461259041088	21
-0.107551406369419	0.181525093305642	21
-0.110984281380777	0.159060297428887	21
-0.00382193283208099	0.391313143807197	21
0.115048203997924	0.623273515845765	21
0.013072667207359	0.33255735696336	21
-0.087484491533741	0.467408405881381	21
-0.092030057108657	0.558410560406678	21
-0.112502752814793	0.418133734567495	21
-0.040125053752769	0.872262060510102	21
-0.033896793892811	0.74956181134297	21
-0.020596062118007	0.825861295446719	21
0.026936486492289	0.810409633756401	21
-0.111900301334169	0.260081759536335	21
0.111731113967025	0.076032888564632	21
-0.026410556989463	0.317446691470048	5
-0.1204922942537	0.0553313199790403	12
-0.120051049717625	0.0555267392668019	5
0.119542432530421	0.684372643827657	5
0.059722609608291	0.544554766204458	5
0.071827603574453	0.319047351958613	12
-0.048426708803424	0.477303166345118	5
0.111563952651604	0.575028598975949	5
-0.095026315756314	0.282533432029269	5
-0.012899059261869	0.31190535776844	12
-0.059558551769732	0.336557572499751	12
0.00258069775807901	0.361681698590552	12
-0.076962610492207	0.266240805247336	5
-0.08304299192209	0.268093148399725	5
-0.082967102311977	0.318111834950838	5
-0.116295811248262	0.202004978155966	5
0.108601138702901	0.538293625940656	5
-0.020518332052117	0.246829679028796	5
-0.030435207069149	0.125967159655084	166
-0.00512339849127999	0.224840565854805	5
-0.00076829940710399	0.292029212960503	5
0.033660743922996	0.493486588955379	5
-0.120043178216991	0.129932108228146	5
0.076475776011729	0.334891517952547	5
0.0774879770302	0.516215401650313	5
-0.039111972980711	0.439990613780958	21
-0.045815559918413	0.437833794573059	21
0.035100586163006	0.412094575768145	21
0.110341436937155	0.551998277411316	21
-0.051342284616744	0.284544903667396	21
-0.036223284416267	0.291041518948946	21
0.04174825810956	0.236969650883708	21
-0.014489753481333	0.208068944034902	21
0.033424937474291	0.316232827487998	21
0.092990750577681	0.830376367915575	21
0.015938846049733	0.411364945828837	21
-0.102661092998098	0.173032813107256	21
0.094780065435824	0.421050238795461	21
0.11882635472655	1.20899941328602	21
0.000163508515260979	0.900762832928051	21
0.038467238236207	1.04229576716875	21
-0.013474238612447	0.743725926841077	21
-0.066725861720505	0.709356387625276	21
-0.0588026573837	0.755622591230456	21
-0.051039751833181	0.727063974250733	21
-0.100422043882755	0.346449015364315	21
-0.091479275607656	0.154252266583688	5
0.032514489885585	0.218878276237753	5
-0.102738183594057	0.206366463621868	12
-0.00449492023755099	0.390022336509619	5
0.026664203561226	0.452101937273195	5
0.058229697222297	0.638671243581358	5
0.089772179955855	0.392790084189357	5
0.09484226092487	0.661039865306041	5
-0.069775677317953	0.304297799261824	5
-0.055831867456423	0.444994198184049	5
-0.022175404405107	0.587728484087155	5
0.082320227620181	0.713658786089672	5
-0.016766422189818	0.350189131508363	5
-0.110984281380777	0.159060297428887	5
-0.08830223508207	0.220152511746596	5
0.016722668000694	0.714203030924289	5
-0.071921757351996	0.317210934504248	5
0.00584389681818298	0.540928138995834	5
-0.076316769187154	0.24650990599994	5
0.112395516787754	0.566694580815257	5
-0.00660245392582101	0.277457625154805	5
0.012253562402349	0.183331683636749	5
-0.029853495122011	0.126321959628399	5
-0.053002455283053	0.103691001666309	5
0.1062188235126	0.51305969713202	5
0.031861208667445	0.555619751488326	5
-0.095051321232289	0.311378201833618	21
0.044388102048887	0.716317355803107	21
-0.096914539921018	0.184030915714816	21
0.043426214278535	0.44983681881551	21
-0.122812161812547	0.0794954379442032	21
-0.013563942903514	0.146182064666656	21
0.04317035905005	0.345966745982854	21
0.038930246228305	0.331802224243574	21
0.058287448876781	0.403044737542355	21
-0.056981491662322	0.368519735025834	21
0.024522781542752	0.447876280729317	21
0.077824563795617	0.516982561340529	21
0.058773361952633	0.857851317384907	21
0.074902082102143	1.87804270885647	21
-0.024739939798869	0.879195225939796	21
-0.114004198975618	0.23033182163151	21
-0.01610389037798	0.433480715476428	21
0.044286030374038	0.347523378483818	5
0.085339117554562	0.568085684395513	5
0.056048605664102	0.270962906248291	5
-0.022232452927732	0.409573125470385	5
-0.07058845056343	0.281555554693954	5
-0.080634942757189	0.118850082826445	12
-0.074295769290753	0.331712630052814	5
-0.033434466381786	0.463466830466939	5
0.033448370799351	0.31624689638316	5
-0.023792462402563	0.327057381957813	5
0.043558186411889	0.450134471047794	5
-0.075334059457913	0.269279856266148	5
-0.086369965659776	0.258739349123065	5
0.058623787265934	0.748945461927295	5
0.086300764314779	0.9349063781895	5
-0.072089524987281	0.278683840253226	5
0.088362537144431	0.601504972054463	5
0.015098767607433	0.639896995270889	5
-0.091733484186529	0.324487747935679	5
0.086933786397886	0.589400247909354	5
-0.1211124633226	0.191388179747346	5
-0.00927317769094099	0.46001575535673	5
-0.00475281697937799	0.337022704116069	5
0.061512855583694	0.548750322590423	5
-0.00493583614197901	0.33670654503615	5
0.00123300328458198	0.165685443566418	5
-0.053340555204864	0.10351079472674	5
-0.013306152444951	0.14635874538675	5
-0.061806949130446	0.282773766045138	5
-0.070570370258018	0.281580381997306	21
-0.052386201292069	0.409434162254718	21
-0.054421324980303	0.425400712752709	21
-0.089299312159638	0.268400229036732	21
0.08203278252098	0.712775080304114	21
0.042396438240893	0.440153225861509	21
-0.023632598147924	0.283962886111286	21
0.095810977688135	0.422573240810449	21
0.022366267422076	0.20078604715366	21
-0.064192983882885	0.137260229385924	21
-0.100936755716514	0.0989190218339075	21
0.020208624361583	0.35771000834108	21
-0.062716891048214	0.326104453735109	21
-0.085207866878811	0.245057817138962	21
0.02026345643238	0.489446029411599	21
-0.062161360145571	0.200849836444419	21
0.102946668462336	0.476042138767265	21
-0.001859819290361	0.494246067937454	21
-0.044923351536555	0.941316216287008	21
-0.111621993727807	0.438707823345781	21
-0.115957315029784	0.472487684580364	21
-0.123955612601723	0.431069610524784	21
-0.020763667921087	0.337603699063822	21
0.111858698487145	0.0760513170465834	21
-0.123591808581762	0.196149673579257	21
-0.120750269560072	0.0552181208721092	21
-0.119609755478887	0.055711754297703	21
-0.035805385924068	0.216668587849505	5
-0.119609755478887	0.055711754297703	5
-0.08552244744311	0.184641466063577	12
-0.081852517763119	0.212368998805126	12
0.080741180367586	0.531792112174041	5
-0.084860783834486	0.313725048299016	5
-0.079913133189545	0.41447525496227	5
-0.101824590549347	0.249274793892361	5
-0.096356561193943	0.308192691235485	5
-0.013886851584144	0.310311175082493	5
-0.01490606396513	0.395726162260819	5
0.00491307518109502	0.426115685395702	5
-0.058983087092182	0.3378371463472	5
0.056930387647894	0.844423238592875	5
0.00407231338477498	0.305596389852565	5
-0.02741695138519	0.315778116216634	5
-0.092453473887942	0.320379940072547	5
0.038278099942383	0.751660687737389	5
-0.047950894169124	0.502639468307575	5
-0.096834868558203	0.184156262559652	5
-0.022786164008413	0.403588273758044	5
-0.00513447473821499	0.388725534556647	5
0.047528987208431	0.472972916444113	5
-0.105702309984072	0.21268605132185	5
-0.062745246072686	0.171194851273311	5
0.05362029243078	0.604506308743789	5
0.099297580490851	0.459137807632258	5
-0.062380771073391	0.200596297187099	5
-0.051929263376145	0.308860374875227	5
0.112857223999606	0.567622331259061	21
0.022321540837925	0.2862276450246	21
-0.080608947608471	0.118850790090169	21
-0.064880496127016	0.136640793306908	21
-0.07502703413024	0.154001796835524	21
-0.019871216877219	0.414974377459676	21
-0.052867706619361	0.186732679687186	21
-0.019717152027367	0.247867758214323	21
0.045718957014201	0.357884425173939	21
-0.059088908262791	0.40594359248148	21
-0.013116864583746	0.524464267902956	21
0.059588653703968	0.536639191563572	21
-0.0947483938046	0.283145291050876	21
0.092472057452833	0.407289470650606	21
0.084495520295477	0.36547785980101	21
-0.073595007367297	0.716833157375419	21
-0.124228402684019	0.46070308660848	21
-0.07867594915119	0.934554452677075	21
-0.023690926582815	0.401590594155584	21
-0.024628655953457	0.325651361684928	21
0.010988067845961	0.780905822939759	21
0.049608122876907	0.372093564408711	21
-0.110876229399491	0.143328890748896	21
0.113750748684355	0.579745326582813	5
-0.1013261658636	0.222933874395955	5
0.022223122031964	0.286079464590288	5
-0.04436268312182	0.361045649233678	5
-0.030722168968916	0.125792362340233	5
0.012211762769	0.453332716998831	5
0.052255934555358	0.497851656012882	5
-0.058137410168728	0.238521088123554	5
0.08948365829362	0.612718580488847	5
0.066259931702284	0.582943848569916	5
-0.033519921688821	0.463205669876688	5
0.124782476459985	0.787363141054752	5
0.046372079766571	0.550366577276233	5
0.093507667267357	0.648942094696216	5
-0.091523146944764	0.211863755768007	5
-0.098369067182684	0.258966426351764	4
-0.084844055093034	0.349878165998896	5
-0.084625254793835	0.331297307201152	5
-0.040816377842254	0.431655449795513	5
0.083849997350461	0.887204647953138	5
-0.013525102471604	0.479927253096389	5
0.117984717331421	0.670511251368265	5
0.111933768778347	0.565726382861106	5
0.073047008667448	0.631099378124675	5
-0.063601934461265	0.279508038853597	5
-0.105991787770235	0.198447195681919	5
-0.119164250340268	0.159695207847789	5
-0.063108377378325	0.138132528513476	5
-0.00000941848275501367	0.164911071457873	166
-0.06421433540825	0.137237598927522	166
0.110040573365677	0.541239720469302	166
-0.104646329892137	0.266774176522088	5
0.057038788156298	0.523396770355169	5
-0.105246667654167	0.199603814555337	5
-0.072034024207895	0.378000126137908	21
-0.075652109626721	0.380306186649519	21
-0.033312536958518	0.398841387260777	21
-0.075209382892409	0.248367171655419	21
0.054416613925198	0.509985861281236	21
0.033362122501699	0.219622059119822	21
0.104881784463796	0.500190619751126	21
0.012700193181195	0.331940919864192	21
0.045040589593136	0.460459671993728	21
0.010070912326302	0.501383836353067	21
0.034361581695642	0.41066056709924	21
-0.100846737577214	0.121000255178286	21
0.042950653245468	0.345659635787979	21
-0.027281094550178	0.388954019064954	21
-0.061207777404172	0.400087437079731	21
0.079635804793743	0.529512020046278	21
0.023582982407893	0.509680263374436	21
0.105395980857584	0.780114660679308	21
-0.093755617505257	0.707393388785277	21
0.063116901100319	1.80007846278091	21
-0.034010116427143	0.218767865998625	21
0.097021544767657	0.675534818053825	21
-0.035064249969575	0.217569805219848	5
-0.085512674907811	0.184655472002021	5
-0.034495986328378	0.21817597160253	5
0.049217367405833	0.254024375799015	5
0.067384790595435	0.303723734402503	5
-0.086191734845963	0.183783196853308	5
-0.109703630224124	0.265111459112358	5
0.014196068495813	0.334177046753542	5
-0.020555382508579	0.625458617733146	5
-0.042125111168726	0.478177853406151	5
-0.071019829759233	0.380770217326197	5
0.02047419885876	0.679187886619496	5
-0.00587819863220701	0.569220065725993	5
0.030037493102852	0.544560420414682	5
-0.11830753439553	0.207968417567891	5
-0.081856986614715	0.323633682482445	5
-0.034790064927692	0.484076148173215	5
-0.066105781778347	0.400136311538016	5
0.080676132361215	0.692379503623556	5
0.050688735657146	0.582383860019364	5
0.096822458308865	0.692334533737542	5
-0.073075139960429	0.276760717992987	4
-0.10712930078438	0.210207946714986	5
-0.018697247781577	0.382883526382084	5
0.063333391710969	0.568104576736519	5
0.083986248682805	0.564966653842923	5
0.062064429662096	0.557558527198553	5
-0.075755375296476	0.268550381132157	5
-0.093742778338278	0.271240376384523	5
-0.10440725161278	0.257063236493665	5
-0.081012391471785	0.169893320246771	5
-0.086622749918832	0.138300709518471	5
-0.119255536367106	0.159565119628966	166
-0.035115323819301	0.454766272572203	166
-0.112327613288205	0.25697285925627	5
0.053085848670895	0.499564763725439	21
-0.120613698835765	0.244975868181692	21
0.099217965496344	0.708000572497536	21
0.115421701056921	0.951157195681435	21
0.021606681276769	0.560980577149115	21
-0.033958024836898	0.258003009313197	21
0.017298136501462	0.272305988653369	21
0.045567383345214	0.357628614401974	21
0.042459443817206	0.344903935581205	21
-0.019035934629462	0.296550622415601	21
0.123391426099797	0.753774489725979	21
0.033264602944627	0.486351603497137	21
-0.024193607666548	0.400560961080198	21
0.077205388366596	0.817813370036536	21
0.061387432915852	0.655162737691714	21
0.0738381665765	0.776232794295604	21
-0.000571200521310988	0.595564609263291	21
-0.00893563145434601	0.418749767184131	21
-0.119206219306496	0.172733765305428	21
0.020404688299698	0.495849424228461	21
-0.123916119528198	0.150621641465281	21
-0.068642710958515	0.793814588790169	21
-0.040438218549485	0.490531364719108	21
0.092532396601118	0.407388946443607	5
0.100658801190179	0.711985812046531	5
0.097219381510248	0.435181322154968	5
0.039877550167708	0.521413229720606	5
-0.117039899996498	0.255101976311124	5
-0.107644787317693	0.209327310741398	5
-0.058589792829639	0.237849182722145	5
0.089381646392035	0.392509225891019	5
0.068153844386792	0.304578752064684	5
0.113225891705599	0.933953418637205	5
-0.049808014609173	0.448516155910816	5
-0.00267179577893401	0.539035545110691	5
-0.082510271667815	0.304027841043568	5
0.063337613692408	0.568178465356109	5
0.077973036046822	0.975571176384449	5
-0.122243284099832	0.26061679142189	5
-0.030849420147686	0.376782611155896	5
-0.1179285667041	0.231609317631643	5
0.031861208667445	0.555619751488326	5
-0.026911591612445	0.459353164509004	5
-0.017660786160218	0.464510258984663	5
0.00870753188804702	0.549362729205315	5
0.083748975306719	0.717828336218645	5
-0.102783817405944	0.27333941002825	5
-0.074839942530588	0.327444055325218	5
-0.117486948327866	0.243434322471972	5
-0.114229796714227	0.252739965075066	5
0.023581113709767	0.572472971920558	5
0.001029922544936	0.506973827909324	5
-0.040790611899282	0.459316551029361	4
0.034780372133148	0.411502482652086	5
0.083483994778854	0.563877348319205	5
-0.085289255489371	0.294964790216758	5
-0.00955557457136999	0.459313681351442	5
-0.014058601129158	0.310005098298152	5
-0.088709889937284	0.19894021167235	5
0.106636044354677	0.811629223154247	5
0.00221221169311397	0.465474465283478	5
0.005169426497385	0.528920779084092	5
0.110461977189047	0.542078040057629	166
-0.032718628103734	0.39990474776052	166
-0.039390343133443	0.439236475732346	166
-0.1096642093253	0.25351425676897	5
-0.079950531856203	0.257596050649862	21
-0.00553087984397899	0.387949204558398	21
0.021490680314719	0.435213402179513	21
0.020463328469569	0.48991334263459	21
-0.032663118627089	0.30180570729503	21
-0.104829233588295	0.185656383252306	21
-0.075893017180162	0.288451200435496	21
0.110686514724711	0.852246531263857	21
-0.122053659775807	0.210128649441092	21
-0.079680286335524	0.294195869903977	21
-0.00873488901303299	0.41913409918642	21
0.086086343951516	0.587335828258003	21
0.032531640853778	0.628756665358482	21
0.037872352674821	0.509986708639434	21
-0.065077302673906	0.317546102074735	21
-0.044221997270852	0.361450635017649	21
-0.058120688086818	0.293095242878825	21
0.00138808387186701	1.30384181195792	21
-0.08439108197985	0.70093107656074	21
-0.046650573032079	0.842502049426109	21
-0.068912925969153	0.732536371810427	21
0.029318958005973	1.2324393611171	21
-0.09048759726722	0.57836133366694	21
0.048636257155264	1.4488435679354	21
0.095482498783479	0.662644325509298	21
-0.041270837637378	0.242614295593763	5
-0.052441323353568	0.187204140478901	5
0.110389740395616	0.552210538416742	5
-0.07643805995066	0.246348645067504	5
-0.015256199705486	0.395016222779729	5
0.080888968208376	0.549388999041226	5
0.082972960159599	0.554187977909085	5
-0.038908017562362	0.319797117938599	5
-0.070795745997004	0.236548524723859	5
-0.102326121733701	0.248287965908407	5
-0.092526939932505	0.210316648723432	5
0.116972244787067	0.658105417920412	5
0.084873338061274	0.567155889321179	5
-0.047091120611215	0.326184598192578	5
-0.041594723607413	0.341389354241848	5
0.109699719534575	0.550720259723156	5
-0.106130244531978	0.198220119120754	5
-0.034704998600538	0.332189653634767	5
-0.093361819087905	0.208977540349366	5
-0.083412635488906	0.267277228006662	5
-0.093461987884374	0.208793455786355	5
-0.000933254957050988	0.402730110732577	5
-0.026779389922878	0.316816101896269	4
-0.111227285343804	0.158736907057724	4
0.022964420117541	0.28706419358441	5
-0.078697927617108	0.197372585279033	5
-0.12327345323369	0.164243719491372	5
0.00979231322463697	0.256077154342739	5
-0.043944886050259	0.201862957617785	5
0.039737567588138	0.435340477669927	5
0.084611872588974	0.575164175827214	21
-0.103350693736813	0.187784289658931	21
-0.118674469301199	0.146395884247462	21
0.012314817490715	0.331396150318816	21
0.044286030374038	0.347523378483818	21
-0.040693116252948	0.278980617414071	21
0.034822549196427	0.411506697098821	21
-0.111033124468743	0.158921855765467	21
-0.024004875290482	0.283390343415034	4
0.100269790277628	0.460960428845487	4
-0.034892192823314	0.217717559600682	21
0.00857206356540702	0.31898050985648	21
0.061009606188646	0.416196709952405	21
0.029115929884957	0.386932346067594	21
0.100346493677671	0.461121694834683	21
-0.002267170029817	0.347115132842309	21
0.11833846165647	0.661497303384535	21
-0.112418473774648	0.18566570058626	21
-0.03516329603081	0.217434843549993	21
-0.094910142374153	0.450971791671701	21
-0.079660608528694	0.702885767021428	21
-0.093725218045533	0.431036449551434	21
-0.087230394268153	0.137734093869164	5
-0.074551436044314	0.154471501207992	5
0.090863793257673	0.814903783563115	5
-0.120527185973563	0.255177983254867	5
-0.046941546090363	0.481738442393451	5
0.124942583344092	0.797576564366028	5
-0.092487064971048	0.33545456852084	5
-0.11412492697571	0.263894268360275	5
-0.055622898013889	0.509727833148227	5
-0.015050460476333	0.395409229939926	5
0.111039863460764	0.553603243649996	5
0.020677555703013	0.623478444025006	5
0.00659461675071299	0.591992861994014	5
-0.04807638162905	0.453629137205597	5
-0.0000810656835540102	0.546586703538737	5
-0.097525578481662	0.232370447263063	5
-0.047374322995316	0.325584451212484	5
0.054857672509491	0.823699214171383	5
-0.100897470549492	0.380026912236032	5
0.111462046235296	0.574846110089817	5
-0.030956047317515	0.510960643150745	5
-0.00909397251282101	0.592043398204867	5
0.03385231616472	0.644900090504003	5
-0.074244078121202	0.404225324054609	4
0.095380693188109	0.863711854489275	4
0.038455632256178	0.517920165556079	4
-0.025686700391721	0.189999447176797	4
-0.05265447605246	0.18697071977345	5
-0.026231100146971	0.424467974882278	5
0.013515600763245	0.333326933795865	5
0.080916561204463	0.350599299036644	5
0.069426729084582	0.606239975617667	5
0.031619641978456	0.48262726985291	5
-0.112117485084727	0.157571724218684	5
0.00268229370043799	0.516814746740403	5
0.090964815224125	0.815246274612417	166
-0.017599146464791	0.543040537143024	166
0.082157055248903	0.552375909475198	5
-0.010657491879286	0.497230341748949	5
0.014725599617581	0.711609436127607	5
0.113848439351653	0.590295471471147	5
-0.047575970496445	0.429336006562669	5
0.081535987019676	0.7112683079098	5
-0.03500676878352	0.21763051735905	21
0.020888840656428	0.358913493529764	21
0.016842372103037	0.271927215767598	21
0.115350254102871	0.624172447292458	4
-0.105799713103506	0.22576094401201	21
-0.038850339176644	0.407801231301059	21
-0.113269012371726	0.124363151943965	21
0.081815393243537	0.712023634561158	21
-0.090576820340547	0.295076513615493	21
0.095163242009177	0.854544795707239	21
0.054880018346224	0.716048592794594	21
-0.100947304811927	0.223553168540639	21
-0.099481582688672	0.666719590237409	21
-0.091815782583545	0.608003435523681	21
-0.080118137942202	0.654465811653642	21
-0.083208753306395	0.370589646306936	21
0.032853440111235	0.219204633414395	5
-0.121883440109619	0.12794525906026	5
0.107516296891239	0.51549821470406	5
0.099343379188607	0.449052230057396	5
-0.101455961488353	0.305293442417196	21
-0.023618949185813	0.771585212042208	5
-0.085433418961004	0.294654143173372	5
-0.012115220800899	0.809529111123846	5
-0.068626049196888	0.266816389394175	5
0.056021759542056	0.739808832412449	21
-0.07312953793527	0.507680944812286	21
-0.055166382168981	0.214348639180325	5
-0.028940000893353	0.270635227789294	5
-0.000778504930666002	0.733487300278856	5
0.034250387630084	0.64009193160142	5
0.094125302378459	0.641678234316401	5
-0.105422156005997	0.265085517572347	5
0.021940781506014	0.360681943289988	5
-0.09356325332677	0.208706972325075	5
-0.111230455920064	0.14296356139966	5
0.045344214448386	0.547997472082161	5
-0.075838607271932	0.325126349262532	5
0.00104323606956502	0.610251423807854	5
-0.1165931853703	0.10353353909416	5
0.00915819956998498	0.319708688249205	5
0.009230960508888	0.852258038328209	5
-0.01873191579845	0.651301546954235	5
-0.108745599630202	0.327028890864454	166
0.080941948471467	1.06460888281731	5
-0.122735930988763	0.257578808475088	5
-0.077591794631117	0.198893409338754	166
-0.02470552805105	0.432859280036654	5
-0.00220764471389601	0.444332570604285	21
0.015380857451786	0.70414690161425	21
0.012287416802064	0.398021654544937	21
-0.047506795996169	0.229169639968212	21
0.056888225848184	0.271894046932804	21
0.096778833426786	0.434461829041524	21
-0.104390029129349	0.170720122733256	21
-0.063170509743179	0.17079931782059	21
0.066639482742755	0.443241193386466	4
0.052113316549713	0.593347821113792	21
-0.002724128333493	0.399017879234738	21
-0.045616100664757	0.383499259028862	155
-0.055118255071326	0.473326390782366	155
0.084161388112282	0.574098388975725	21
0.108626352740127	1.1942777142744	21
0.116505045539045	1.04431559525183	21
0.090316328764763	0.393889745962036	21
-0.089667140554684	0.403163053906195	21
-0.081400143959854	0.375731953757478	21
0.010061106974436	0.256382013528356	21
0.080132815674883	0.349656692406254	21
-0.072211307909987	0.210074589773147	21
0.082066140694077	0.543388057144611	21
-0.103908108473815	0.612379768678626	21
-0.084688337453985	0.641597288795191	21
-0.073774244770547	0.32984769554786	21
0.011369440316147	0.182671102528871	21
0.072578757972527	0.480400737292316	5
0.023137271011623	0.287167931736767	5
-0.123693711506655	0.206977064316544	21
0.053070089889938	0.703272015649047	44
-0.10307314492142	0.430474269235358	5
-0.046368106361683	0.26531830267593	5
-0.082058135296336	0.448740624859735	5
-0.122330710138069	0.320045207448232	5
-0.075212879460528	0.519804426623945	5
-0.054229358531882	0.304442666960577	5
-0.10207782040049	0.156979012816088	5
-0.009008263673973	0.587907717499732	21
0.031981616945155	0.924165024509739	5
0.110466396941974	0.860903893115547	5
-0.099371180202602	0.256879941816256	5
-0.041363381104525	0.371948001277117	5
-0.113112247724961	0.124523464722318	5
-0.04735554451159	0.229379166185022	5
0.027319000044474	0.300219372322233	5
0.044006472741998	0.628444382805259	5
-0.102566675405976	0.273824211695026	5
-0.00500025809372101	0.48573778337218	5
-0.089884707066207	0.344827482486036	5
-0.040960542001314	0.427354467312779	5
0.02580664927652	0.456965505876253	5
0.00197530826112902	0.354173088047477	5
0.066576090864796	0.443110268117773	5
-0.063419955767464	0.137848630073566	5
0.117670468918254	0.679544693916959	5
0.097219504039175	1.1698958600485	166
0.016310867039681	0.534871236982676	5
0.070725615505639	0.750437689496554	5
-0.102306417681241	0.173527710977446	5
-0.119047567982935	0.145936374955767	5
-0.055429809706117	0.375860977686386	21
-0.12477546462841	0.16203288972674	21
-0.092853596969969	0.243683409104429	155
0.067185326040951	0.585258596480706	155
0.017073999289336	0.715475987167584	21
0.057047038619246	0.857641046257985	21
0.00496791328332602	0.533479958267443	21
0.108461766880065	0.835658147070381	21
-0.124514068424265	0.214016840909869	21
-0.086576568476784	0.38678849396886	21
-0.076527505780607	0.30403075350852	21
0.0706751567048	0.317488752026868	21
0.041914765182769	0.237129030408447	21
-0.104262153080559	0.170892277028053	21
0.00265122163077403	0.30344141018051	21
-0.047350521709191	0.689214423692773	21
-0.120708530660202	0.483457999998527	21
-0.106643568903554	0.299244187412773	21
-0.048112666383599	0.156667486315661	21
0.085338587992049	0.576919394966081	44
0.027350946233504	0.801679994401993	44
-0.107551866194718	0.307724504045545	44
0.073304386583339	1.07044258786645	44
0.096876517019691	0.876960293722859	5
-0.10747050458985	0.272444906595303	5
0.032038890508646	0.711823922238581	21
-0.071671748967698	0.469333378527473	21
0.088649731090487	0.974642143297408	21
-0.02836531265826	0.522960625883672	21
-0.02470552805105	0.432859280036654	5
-0.061906814945652	0.305418101323785	5
-0.062048253986696	0.258177144656368	5
-0.088227024927776	0.3172393113316	5
0.091300364879232	0.816373686192497	5
-0.05730227716566	0.393000215364785	4
-0.123442127263944	0.175967066495776	5
0.062246912850408	0.287788046309879	5
-0.104963665538911	0.185462724673623	5
-0.007401320454517	0.378800701052283	5
0.028801947905236	0.30225433064273	5
-0.012421868106344	0.263361737729334	5
0.016174809567589	0.773090101752667	166
-0.036317322412237	0.51059491884539	166
-0.094882542898016	0.32679637647099	166
0.108680923832436	1.22573900728506	166
-0.067076286486547	0.375242675231059	5
-0.024628922851355	0.325505441728951	21
0.042150703402896	0.447322312323635	21
-0.123876261886917	0.175311246493361	21
-0.086191734845963	0.183783196853308	21
0.073689288579986	0.48248419057784	21
-0.08712238615536	0.222060507758057	155
0.043802553470355	0.544295009689878	4
0.010676857259056	0.672336030791682	21
-0.00359152054016099	0.576467988105565	21
-0.10944673035809	0.253977956238038	21
-0.071529752210335	0.360700752135663	21
-0.056498782235771	0.346969502853983	21
0.092316924239463	0.407063548457691	21
-0.03527833233345	0.217314156309959	21
0.011559124585449	0.45187587315304	21
-0.016991470330355	0.508607299741708	21
-0.088064455046619	0.255504642305952	21
-0.016174224147957	0.433325525015307	21
0.009893053681438	0.256188586878438	21
0.089044168876068	0.611757768991618	21
-0.057628616873594	1.13255433845218	21
-0.027112218855671	1.20659630959917	21
0.117376431667811	2.46939164706002	21
-0.083087622156641	0.337963300449607	21
0.095134027211281	0.421533077249768	5
0.052093248514365	0.883252297985537	5
-0.040069687994684	0.37481924488422	21
-0.027765268995216	0.457034006274808	5
-0.00154870194065501	0.592400101037652	21
-0.040323587874693	0.279557737687902	5
-0.113746823225577	0.242564136799563	5
0.051105737618763	0.487892072622267	5
0.062785600302784	0.559402170925669	5
0.023573585710026	0.572434253074955	5
-0.093123709572882	0.303008735458534	5
-0.118192985202502	0.186803575001871	5
0.073058430841091	0.63126034397501	5
-0.049486968973872	0.342137691546746	5
0.098658468960212	0.94982202848983	5
-0.105668572807929	0.226024710829708	5
-0.035228238176292	0.362995649944517	5
0.00620981794688602	0.374329196406967	5
0.047836425146936	0.568173879220581	5
0.082232802441495	0.705165944702632	5
0.054174671122069	0.50951588776341	5
-0.081664429277057	0.212655094924846	5
0.025617237826644	0.373867849603911	5
-0.071676224462716	0.210864427872074	5
0.026528621882517	0.458473423759978	5
-0.088579007657494	0.219700056769129	5
0.102052550786053	0.474473824216395	5
-0.051665210684896	0.252425294327508	5
0.065687531887294	0.581488463661648	5
-0.024121133956903	0.366876133184332	5
0.03219747540525	0.483843778949497	5
-0.106072989327143	0.2383573998007	5
0.024720125434398	0.512431950609252	5
-0.10656362916862	0.211221765118107	5
0.105622288349724	0.762371766753005	166
0.039571324938418	0.681670022913037	166
0.056250155945485	0.513945378532751	166
-0.048431041289998	0.452620706003722	5
-0.050966535903011	0.393750128827386	5
-0.071362399023578	0.258537686895667	5
0.123453397077374	0.763740846267342	5
0.080894725016737	0.693074064651253	5
-0.093697940030337	0.256819912578578	5
-0.118578242359292	0.146517965874714	21
0.01405882138551	0.401392725179435	21
0.105464109330831	0.501394234555903	21
-0.049424846098208	0.317685614251814	4
0.048395659773297	0.474771426962095	155
-0.115739753952633	0.203021108570108	4
-0.123830824165741	0.206713839113181	4
0.101192192320143	0.740017024617858	21
-0.026980762780519	0.316521217089279	21
0.019476432637741	0.424723111404656	21
0.07866419745592	0.527392215728719	21
-0.054546447602241	0.327739365635812	21
0.021167653548079	0.559807474846245	21
0.055748875110325	0.512874471787158	21
-0.046011180098102	0.231041898332422	21
-0.064446783161392	0.225119367817744	21
-0.092559466357012	0.210266485151549	21
0.095662183073199	0.432542212367766	21
-0.06709655826318	0.246167853071647	21
-0.076371431379895	0.779375610838973	21
-0.033966051044117	0.494236628973093	21
0.106291159037404	0.50292634394576	44
-0.079335670703726	0.314125206561145	44
0.016490150931779	0.713368372892012	21
0.116473066042665	0.964066095267259	21
-0.105646127958632	0.212755486192421	5
-0.031137083077268	0.473895433141073	21
-0.119744408418079	0.171891930289967	5
-0.076527505780607	0.30403075350852	5
-0.070418946029008	0.302987327184019	5
-0.024838586164686	0.399068396125537	5
0.083161654500441	0.55456822356272	5
0.00998767088042501	0.44842178219735	5
-0.122886929106989	0.219351227021665	5
0.071136876539174	0.610571285965927	5
0.091701545282515	0.800960464281467	5
-0.108763947751846	0.245522524686042	5
0.030597685813641	0.389523169015392	5
0.047633165131049	0.360804487655874	5
-0.111517844615902	0.14263969837068	5
0.049124073663629	0.476220276789156	5
-0.071349377183267	0.321646466440064	166
-0.043863984334607	0.362234242430887	166
0.098605325817279	0.933421442188953	5
-0.090011937555362	0.233592044386218	5
0.072159323719788	0.621050274716515	5
-0.061459095441686	0.354435371744649	5
-0.00900245122537899	0.418601473558108	5
-0.012589241538298	0.363391634290994	21
-0.104762051750735	0.185761148447949	21
-0.055041296658606	0.27404317066746	21
-0.065686825502182	0.248451259154833	21
-0.089883150955595	0.217481051963592	155
-0.096273813400257	0.234628026825936	155
-0.076621511086373	0.223850826212902	155
0.110010722295126	0.840959544357379	21
-0.093156219405851	0.243107030791474	21
0.018493561534216	0.546580424362708	21
0.010932565408484	0.503618554919964	21
0.023530121404916	0.509512266176814	21
0.00368892557306	0.36357527239577	21
-0.059412598665885	0.31401477425327	21
-0.026315451951243	0.391213632272744	21
-0.065183314771636	0.249229717296656	21
-0.076049915946019	0.888396982492222	21
-0.045391399293605	0.963068153324505	21
0.111525050252763	0.075983014787952	44
-0.123671826788926	0.0789219603669186	44
-0.123048489356653	0.208227107310944	44
-0.040382071267192	0.432822729320849	5
0.020101710060552	0.495080574138092	5
0.045403941055107	0.639415414901394	21
0.00353059165251102	0.618368164735648	5
-0.091983848846633	0.274829458075523	5
-0.110510921762188	0.201933555131001	5
-0.041359228769327	0.310906148933641	5
-0.032986215791473	0.335515047061251	5
-0.110428575014518	0.23987658568914	5
-0.038918074631759	0.407655523355824	5
-0.038312303874559	0.382967768207821	5
0.055172669480218	0.518942597663087	5
-0.067727839959928	0.333194675044529	5
0.032142381387966	0.556449310330021	5
-0.023065566915566	0.441479723207396	5
0.115440745608139	0.951211637293657	5
0.025006023938706	0.448927526943214	5
-0.025340212758621	0.397924936447894	5
-0.037852952757636	0.321834315071197	5
-0.035121860261674	0.217498092801329	5
-0.000621085887548001	0.292192862608655	5
-0.000917410291249005	0.291815923554678	5
-0.041845921640777	0.277104808003117	5
0.00239904446676498	0.420340965277667	5
-0.041670428894943	0.310346147225344	5
0.02719085729736	0.672588162555202	166
-0.027695668731621	0.491804357075561	166
0.116326096237542	0.990659055346183	166
0.064334466660141	0.570583379597304	5
0.100382628775601	0.720215991509396	5
0.112515587309876	0.895270764663577	21
-0.094232840455157	0.207607358011281	21
-0.093864875671339	0.208203431873957	155
0.095508596213953	0.662662294177709	155
0.00620981794688602	0.374329196406967	155
0.00284334614475901	0.472232929337327	155
-0.031526428314135	0.438712702193702	4
-0.047134087307251	0.407483842636682	21
-0.088720557476866	0.269572053055469	21
-0.106585370847491	0.237364372201255	21
-0.094903674967115	0.29874580789376	21
0.113487323177363	0.925935445740028	21
-0.025698490497347	0.397079947553943	21
-0.121950391046703	0.127863463741659	21
-0.038115594308321	0.352693523373728	21
0.063088883670084	0.428355806883899	21
-0.115168308906634	0.625156877819718	21
0.030272802471659	0.396015631355852	44
-0.00531398639595401	0.659214254128979	21
0.025507362580317	0.449952086111152	21
0.026539187822306	0.523132865247839	44
-0.112083424144236	0.199305214221943	44
-0.060499020505052	0.502007444813318	44
-0.071399657366544	0.48059445708036	44
-0.062536885585426	0.514247416749928	44
-0.119533678009695	0.15916911847205	21
-0.066035640919856	0.442910079029097	5
-0.090815373251309	0.280195037976065	5
-0.052123519195271	0.360597385103153	5
-0.098100155079635	0.245489307478028	5
0.05796838168742	0.630799261159153	5
-0.005642108522909	0.520853406136581	5
-0.046609467332404	0.381130087788871	5
-0.105777953806384	0.212569523043725	5
-0.043203759339355	0.239862307673263	5
0.032680448196816	0.400525115354375	5
-0.035454132254074	0.255937791372887	5
0.021650268844201	0.360170947409707	5
0.1105481847051	0.562762376237015	5
0.026830532748712	0.734216098130534	5
-0.052167779669159	0.336454195542176	166
-0.040509691379792	0.373774448054123	5
-0.086064332539949	0.243510501252256	4
0.013190001650569	0.399768330514951	21
0.078429502255523	0.526869532183743	21
-0.029071423188303	0.417680663159712	4
0.00847570782915502	0.439443272197986	4
0.019889743413886	0.494554681470141	155
0.049821162992174	0.573138930201575	155
0.086511239245805	0.75121909015295	155
0.045154354708089	0.547607212887186	21
-0.02447800415623	0.433279343881437	21
0.072490269700911	0.756695140816217	21
-0.056020820875765	0.370956351005458	21
0.051956423142256	0.692962430666171	21
-0.085292380684328	0.312537734170061	21
-0.059488895213	0.33669556829495	21
0.01306186432955	0.332624590176717	4
-0.057621423166483	0.239297469193025	21
-0.045158841484124	0.359403292656694	4
0.020247008061292	0.495458397725102	21
0.048525963187216	0.569868122164965	21
0.00625048626966102	0.486217338977235	21
-0.034708334077006	0.770027998302909	21
-0.060844738344533	0.397857555853807	21
-0.098409457073234	0.198188671749432	21
0.062932310120701	0.288491678626811	44
-0.060604444625767	0.377917018728902	21
-0.045103322018918	0.408838577642557	44
-0.039170489833276	0.406839240607568	21
-0.00256765246663501	0.636453810155319	5
-0.00425152915698701	0.621721601221839	5
0.10052261513214	0.729460596620653	5
-0.052205649310819	0.36041492876003	5
0.066894944488944	0.833551403172794	5
0.116333950000424	1.03486202186681	5
-0.03610513447704	0.35685837565796	5
-0.034816356816372	0.363904211037816	5
-0.091762158947389	0.306214611298836	5
-0.102333193156221	0.248319056176392	4
-0.028963047892806	0.484166807675083	4
-0.028365241454015	0.451186833389774	4
0.026485961477988	0.375329762988449	4
-0.035712671688072	0.174061574719517	5
-0.024359478609408	0.191377068904769	5
-0.064065021353958	0.169838112816598	5
0.089907928257029	0.393308961204521	5
0.033603567724464	0.631900188780301	5
-0.107162527112317	0.308735407933187	5
-0.0739172821795	0.31285551185927	166
0.119719692513208	0.694813304057147	5
-0.105787791867436	0.276322203880179	5
-0.042097665059506	0.340356159067354	5
0.05013046441164	0.372917971620807	4
-0.09471605458211	0.169316334914824	4
-0.078257912046102	0.197998955642796	21
0.063144217702722	0.560251976548488	155
-0.119717669419784	0.258900367639885	4
0.095813258338242	0.672332650291687	21
-0.086642227494419	0.323847235150319	4
-0.111433813837794	0.249568871462894	21
-0.100131261326093	0.210715783860121	21
-0.038626481824483	0.496062288072017	21
-0.088619077563597	0.199068699964165	4
0.051898675694588	0.592731108225396	4
-0.057609093520417	0.294308185595541	21
-0.1059059335353	0.276047494173586	21
-0.071469200216384	0.235487382701667	21
-0.06526116727465	0.878450414558767	21
-0.017729989454534	0.502123883430669	21
-0.043365054145795	0.474509293608155	21
-0.119431767216892	0.172384598801104	44
-0.01394653360287	0.145885052309323	44
-0.120476072129063	0.0553091755358252	44
0.050231946806814	0.768193758561472	44
0.087788303979053	0.380113057107668	44
0.010602984572707	0.388609511720068	44
-0.051698026455112	0.361570574649608	44
0.027123167995243	0.588280159443652	44
-0.084028125504913	0.282100339832707	5
-0.021200534254978	0.446086711517507	5
0.050902968926702	0.487236626133137	5
-0.090322888973518	0.281240656060947	5
0.04244914035777	0.697131445160807	5
-0.078257923647623	0.33516406011249	5
0.110377902450933	0.851257763771727	5
0.093644281590998	0.824191038124969	5
-0.026649391287446	0.423509488933879	4
0.045928459499033	0.556396290666127	4
0.036374273619704	0.658898243338877	4
-0.019509731125512	0.415869295334261	4
0.09306965578802	0.830695519148209	4
0.00463362695076403	0.476750652812245	4
-0.119258968493714	0.145679124641893	5
-0.082635488382951	0.211247697242494	5
0.033209613589766	0.315916098253544	5
0.00116222015724798	0.41259389632954	5
-0.111747618649099	0.172801363977608	5
-0.041715834499805	0.242036436294105	5
0.122888882660256	0.752283106204258	5
-0.085566496875631	0.244419609755387	5
-0.066089554437516	0.247828893207407	5
-0.061395118216813	0.375920001602315	5
-0.115920045207859	0.25767336392425	5
-0.077855469124011	0.336124505495727	5
0.010361449405317	0.502200128787727	166
0.021293412772423	0.565848404966761	166
-0.00992281927687999	0.458307538843226	166
-0.025747124753897	0.392433301203291	5
-0.053912027003506	0.329047869662999	5
-0.065619525801855	0.248592375447587	4
-0.066022274682504	0.247933644385702	155
0.083336994817899	0.554972169866014	4
0.103261997006278	0.755611047979228	155
-0.027285886855657	0.458314271158761	21
-0.066724544338341	0.314075787657361	21
-0.044903392207477	0.38516232230713	21
-0.081803964298192	0.212454241472936	4
0.016150603577434	0.411769008594611	4
-0.046235918692584	0.32794398724285	4
0.014112927130674	0.334239415087708	4
-0.062228362238266	0.200781768417434	4
0.058947983559897	0.535312277860211	21
-0.064358321595017	0.344263625036152	21
-0.00696950876449601	0.333087393348536	21
-0.088930671337409	0.870793104150672	21
-0.098061947982131	0.784229301880513	21
0.114169352160383	0.601248594951712	44
-0.056282207855049	0.212887111019137	44
-0.082592954987699	0.211283728207279	44
-0.095785684893486	0.294225045063359	21
-0.089155144391488	0.235067026703572	5
-0.089708602543858	0.345278714430558	5
-0.036813818138805	0.450128372526691	5
-0.118530050882967	0.239064646822441	5
-0.065869401895149	0.381363221026235	5
-0.105128600321758	0.226976693088567	5
-0.064151278621751	0.322997005121727	5
-0.100012202793179	0.210855632864183	5
-0.087407169709657	0.321970619238	4
-0.00914776060842001	0.41828072805151	4
0.086774874228005	0.378734543945504	5
0.069841375518124	0.607302810430492	5
0.022909274663512	0.438029767291581	5
0.080888968208376	0.549388999041226	5
0.019552906712243	0.608713300059051	5
0.030899373296772	0.617704274097948	5
-0.094732699683964	0.222575191865227	5
-0.076663865698928	0.323224818149964	5
0.061436382577681	0.425284210369657	4
0.017055856167103	0.272183659205613	4
0.109468349443781	0.550187840757765	4
0.048533887953384	0.475041214614673	155
-0.076899466131675	0.266388927051245	155
-0.096385495470986	0.23445743529287	155
-0.052077122486645	0.384111242339425	155
-0.075617600309229	0.325671168760706	155
-0.038394466685314	0.382782439932328	4
0.040740629349759	0.612479999736145	4
-0.111196619045513	0.173574363259301	21
-0.068771369355824	0.327533279288414	21
0.036995812192132	0.7411783670997	21
-0.118330048282933	0.230782028828181	21
-0.111372901029814	0.158552296754873	4
0.013394414342721	0.515617187501097	21
-0.117255774124816	0.188323197432681	21
-0.014065183144876	0.402379205494084	21
0.06819618140354	0.454759159540241	21
-0.087191317531207	0.751560890410547	21
-0.058964369958997	0.385431978360048	21
-0.034655198862194	0.689131925052495	21
0.089634177655542	0.392937815290359	44
-0.012923893187935	0.146598923059047	44
-0.075133861406047	0.329716868067876	44
-0.023551444128528	0.284064788257179	44
-0.029761613094122	0.3463739948392	44
-0.100640235593431	0.0991461450879672	44
0.076934473569616	0.506152591209674	44
-0.049531708971	0.394090714987653	21
0.037864533815087	0.424534966490406	21
-0.114088126782407	0.241818107331167	5
0.088636628437454	0.791031723452422	5
-0.052562427439963	0.35959523511126	5
0.070332218606203	0.756629359043861	5
-0.038998545365089	0.41142759117905	5
-0.033036169225811	0.434752908431546	4
-0.106158767320471	0.238197674186741	5
0.063192786157125	0.675365574786239	5
-0.013131477459493	0.445413333408226	5
-0.080228004408688	0.347998673404984	4
-0.023437431048005	0.504031993100447	4
0.113946079639581	0.590502502469824	4
0.114455137535353	0.611817219394363	4
0.059744321277622	0.414021666324595	5
0.066022880772553	0.442103025023844	5
-0.00618544744480601	0.334531561152588	5
-0.013836215553228	0.310426582398499	5
0.021487453863328	0.359936136883765	5
-0.042581521549397	0.365129651920657	5
-0.008890791737349	0.324241160017129	5
-0.041041565262314	0.242971464409947	5
-0.103652638357892	0.271381177925086	5
-0.111881469697963	0.199665377691273	166
0.073963453351602	0.783755564684462	166
-0.00774611616603901	0.378037639199232	166
-0.064213449231247	0.365601316214316	5
0.032996046829352	0.558571930287025	5
0.108337577223053	0.844373557855495	5
-0.113746823225577	0.242564136799563	5
0.074361719192939	0.78546199733339	5
0.041082290147613	0.438002960411398	4
0.012187557912848	0.397777972323854	4
-0.005201327268784	0.388572905295042	155
0.033772436393519	0.487355058114606	155
0.098143181105956	0.68729859898535	155
0.06878551547298	0.729551563591336	155
0.021532227314565	0.504416926335751	155
0.088563993739487	0.782590988265101	4
0.095084614604429	0.862627290770546	21
-0.111395147140738	0.225568947404822	21
-0.118091569039712	0.242153752647442	21
0.030917862703866	0.397260447543853	21
0.115298206864723	0.634029955927636	21
0.083644082895531	0.564366632000198	21
-0.017245398224646	0.465504488107072	21
-0.038171371986371	0.352618814226855	21
-0.046087469678661	0.357301135044436	21
0.043210873383065	0.626307445241908	21
-0.076631274999747	0.394571157857475	21
-0.019636153104861	0.671237560677732	21
-0.098275980564899	0.198388182826542	44
-0.053183324304656	0.103590170953903	44
-0.015055101300539	0.207467800392348	44
0.11013210297055	0.561773781591695	44
0.118886923020335	0.682526928904613	44
-0.010543601867918	0.497589942639284	21
-0.120793846832706	0.234284878596019	21
-0.031418582243343	0.303779376000598	21
-0.059612528988222	0.358866343339131	21
-0.052988039912355	0.358623582768785	5
-0.065624005165565	0.361983155818924	5
-0.084106890313642	0.281916663043805	5
0.02864977991002	0.60504782350738	5
0.097386015835231	0.904083387136962	5
0.00519704824971901	0.426683898556182	5
-0.038227348071871	0.442457020250381	5
-0.036250450382528	0.387738618452443	4
0.012888878190353	0.514312063248448	5
0.054476469791772	0.599264240259042	5
-0.104762051750735	0.185761148447949	5
0.09765108818332	0.68603962107828	5
0.109953568065749	0.849918332423327	5
0.044250682302201	0.79727325362727	4
-0.02322279374365	0.509112713542559	4
-0.042790731121938	0.449971713598248	4
-0.051577715665795	0.385283906699624	4
0.00642351632049298	0.591379908906813	4
0.095713383468699	0.654080300027808	5
-0.012500540518937	0.447113698934697	5
-0.00921457746652601	0.418127725007525	5
0.030225436833743	0.388922156405605	5
-0.086033693152449	0.183953255808046	5
-0.077753354598195	0.281570026527235	5
-0.117874706573888	0.242631471526768	5
0.034875209945248	0.502776509000745	166
-0.053912027003506	0.329047869662999	166
-0.012949315575462	0.311843480591183	166
-0.11877763229035	0.218645236353416	5
-0.106053553514337	0.225285233871348	5
0.101263140540219	0.740569615610351	5
-0.077312202269723	0.222787085287643	4
0.00986612783795598	0.38725007055342	4
-0.097099689299344	0.218506762106807	4
-0.114846875672141	0.216702002258325	155
-0.063102896503672	0.280455147057625	155
0.057367682901719	0.524124535869721	155
-0.067064304568239	0.291763415624544	155
-0.111892500583866	0.22461830465198	155
0.094797160342213	0.652192448429971	155
-0.106951083760327	0.223655514538289	155
0.029771811645378	0.472083808139915	155
-0.064010681859634	0.345101281870703	4
-0.063509885806905	0.324402240181021	4
-0.083505531032836	0.267194693344304	4
0.05560482665501	0.711466782568305	21
-0.024363297700506	0.43361299796935	21
-0.018527165179765	0.341795329979849	21
0.059954644513805	0.414391930152939	21
0.119090632805895	0.67332812067155	21
0.036070220641284	0.413870235285041	21
-0.076910855592644	0.266256363171424	21
-0.035658803779297	0.453363811484125	21
-0.069299179933144	0.265580560468259	21
0.01829837297493	0.422352677719188	44
-0.025479693611189	0.430897075979606	44
-0.070169210491491	0.212963438725638	44
-0.021775566373901	0.481934533339233	44
-0.101114497492525	0.0987834634297449	44
0.08144784790854	0.878351328377587	21
0.090219541058185	0.393768974372966	21
-0.020299554498492	0.41411977094831	21
-0.110513587548842	0.23969596658248	5
-0.00994093566512399	0.416472817545926	5
0.040080938360918	0.521871373880591	5
-0.023865641314556	0.507207353745468	5
-0.00373067766452201	0.669297001791513	5
-0.041384490401944	0.457546003747406	5
-0.065836658433532	0.381527301846845	5
-0.00257765382104599	0.443457780475223	5
0.037743687429975	0.509686785015115	5
-0.027789515252493	0.424732411225727	5
0.020489192226147	0.551900150723466	5
0.086452774311957	0.742574163091446	4
0.060487995927641	0.659897453481504	4
0.013703501106136	0.406786291427562	5
0.019199977688826	0.42414130065875	5
0.029803606561585	0.388215070020525	5
-0.050178012898505	0.286518737413605	5
0.021075811020907	0.434303258212742	5
0.00654598998739198	0.374963600662259	5
-0.084421216964741	0.246443061520494	5
-0.103935214948508	0.258114771190485	5
0.012061498435783	0.452976543159394	5
0.088654255890352	0.602063912865276	5
0.01981106321204	0.555941353642013	5
-0.047185752539875	0.379735091541825	5
-0.123961065796186	0.175195443531876	5
0.039239240632075	0.519863239993525	4
-0.010992012588218	0.450649370479518	4
0.08072991117928	0.700732170338451	4
-0.073027860419178	0.294295049283498	155
0.118788436567268	0.662556126454628	155
-0.033902761665007	0.333786440027745	155
-0.117302086689427	0.200240978841979	4
-0.026400965167249	0.357673956556549	21
-0.116666376656092	0.201386968171767	21
0.00782817083985599	0.490124887543379	21
-0.021830744184513	0.371625533186236	21
-0.115513160910217	0.386466895559259	44
-0.063018275530326	0.35058756129064	44
-0.088066163327225	0.199826925175131	44
0.042429683657729	0.623964090608135	44
0.017352583089665	0.346262169448545	44
-0.123112836619204	0.0792843262906554	44
0.011619601719882	0.182900353819704	44
-0.060041072114928	0.289681046684662	21
-0.12247113246247	0.238876583278402	21
0.05460483064658	0.809839855797427	5
0.058951532954306	0.535271952225632	5
-0.122451349837742	0.177618560566531	5
-0.049783326537163	0.316985605352366	5
0.116860287921041	1.04584107703683	5
0.10198995469029	1.01200323271757	5
0.00653441048757902	0.537997011453794	5
0.102546500508853	0.753406696805814	4
-0.062581202741488	0.326419057679139	5
-0.046369793748498	0.43251553239527	5
-0.123701280623384	0.245845108723936	5
0.11666599323062	1.00979888833683	5
-0.039269373081778	0.410726838700018	4
0.099400273540933	0.708179006308214	4
-0.049506569822091	0.370446558339015	4
0.028596045493497	0.38612091171027	5
-0.066593058155793	0.247007749294978	5
-0.120555350565682	0.192372187968372	5
-0.032832013282978	0.301507476381356	5
-0.020730157184047	0.33772156320214	5
-0.118407148627106	0.186446303588249	5
-0.074316888636844	0.291711464906323	5
-0.00907865909303501	0.37553333344006	5
-0.114696132000332	0.216975729637694	5
0.067811561133812	0.711702627171194	5
0.07681570953196	0.656815382126188	5
-0.04607572428876	0.297988341671418	5
0.082322342758129	0.6969520809017	5
-0.057038563515346	0.414840619450496	5
0.016477440554879	0.593953382960761	5
0.014577641230467	0.637931331236761	5
-0.037097711868686	0.38971269192933	4
-0.047849763286215	0.349627172620775	4
-0.00956093404522601	0.45929285112864	4
0.019687517796047	0.555590474458328	155
-0.034205606656032	0.333201663001261	155
0.04881040438507	0.475558099769597	4
0.018637559368886	0.546963704799999	4
-0.072875556135872	0.33508851398828	4
-0.004070406379312	0.483340461756735	4
0.058263677952107	0.740686875300089	4
0.03099651072626	0.553283993170475	21
0.030539059747681	0.545837146313351	4
-0.00321260007075699	0.442026958287607	4
-0.002513329607954	0.399491424708962	21
-0.051059515030394	0.338825344748388	21
-0.111639471970386	0.186877326845501	21
-0.00957020764901401	0.703001990912441	21
-0.02444152579472	0.282656901656267	44
0.023862063449671	0.288177528262924	44
-0.077299197944698	0.199266349761171	44
-0.033097584637758	0.40351748233255	21
-0.066583597168688	0.37650770858438	21
0.010897126783904	0.560964648197013	21
-0.028154641518534	0.314482767652774	21
0.040370717208005	0.522567972713748	21
0.11128724979414	0.872716127910485	5
-0.062637157077893	0.372726350153099	5
-0.062849511541891	0.389290908774849	5
-0.050978246531603	0.390529274616885	4
0.073820213222665	0.768507556883006	4
-0.052079247252073	0.308546759388603	4
-0.04198477845796	0.2768862861249	5
0.057837593685446	0.402333804785636	5
-0.075237738592018	0.225884524865505	5
0.022712702616696	0.36167266933118	5
-0.091372648423609	0.231205886628508	5
-0.076711878651164	0.283630168950612	5
0.028191450846963	0.46851310008392	5
0.091186322431799	0.625706043917392	5
-0.090091797856014	0.23346272045336	5
-0.082238967901166	0.340121967341381	5
-0.044896783616688	0.413359491434983	5
-0.032257165317685	0.405600438912043	5
0.00719171392691398	0.436642674357909	5
-0.059986822590142	0.403532492828682	5
0.061931373992662	0.781084419951915	5
-0.099449141427872	0.196618372648304	4
0.118935091712338	0.672893014119002	4
-0.00936750513876899	0.544749206412019	4
-0.089245901483175	0.283550390265209	155
0.038633906692745	0.666053578820172	155
-0.041767877611432	0.39662114387883	4
-0.050417164658044	0.39542115146881	4
0.079021420014305	0.671364417371348	21
-0.085670415684402	0.293960666289534	21
-0.075975118618787	0.268112032223381	4
-0.020062640717426	0.491083050755239	21
0.078429175929782	0.518236422819272	21
0.015385707901026	0.410291380962813	21
-0.071373122285131	0.185278481624041	44
0.00839742611836197	0.756805745883523	44
0.106130600791845	0.809809482677127	44
-0.110833652240776	0.21412594671439	44
-0.074818572945553	0.154212823072198	44
0.057253296178709	0.628854008861257	44
-0.019941587437588	0.419543014022979	44
0.035513133784684	0.504388601474022	21
-0.121150395281995	0.233514673517439	21
0.041710304377908	0.62175525919712	21
-0.00944186284861601	0.374798506247125	5
-0.111153196181337	0.272977069279894	5
-0.108291227811277	0.303690647903567	5
-0.09430554188581	0.328336816174018	5
0.08274163131871	0.731023036700671	5
-0.119260400050404	0.237497226666242	5
-0.029965450155641	0.411090998632519	5
0.036011987971651	0.499134961051633	5
-0.059804276290594	0.262000786909419	5
-0.084208677404168	0.3152589100196	4
0.072651733293025	0.749447511528188	4
-0.00581535449951301	0.335190374944223	5
-0.101897748207132	0.221920683369757	5
-0.124748613663169	0.149534681109208	5
0.089151256801883	0.603345507812116	5
0.025606126059706	0.656129031704558	5
-0.042082449114734	0.366184046476306	5
0.124982145940212	0.778093994382504	5
0.072182371247656	0.62098516975428	5
0.053838618606203	0.705816755773325	5
0.069048998067895	0.597548774942743	5
0.077209050744263	0.832410134141627	5
-0.059409776592402	0.359294500939867	5
-0.060574674045135	0.260705732272441	4
0.052380541610746	0.376324692384637	4
-0.09787342715835	0.199008843746654	4
-0.030255845416132	0.34538882225298	4
0.123577762178537	0.764017444073842	4
0.070752029527902	0.617280717061081	155
0.040714723909187	0.605812946392439	155
-0.084166978485862	0.281792782548122	155
-0.0947483938046	0.283145291050876	155
-0.052576609491267	0.307661923272937	155
-0.014254913538172	0.478149556484047	155
0.036160217160848	0.506015192747571	155
0.03552935037328	0.578179315433278	4
0.034336616672583	0.640188184269527	4
0.022377757903979	0.500565118438664	4
-0.117434928899239	0.221267984401044	21
0.084887710201232	0.737918136431962	21
0.054672626539482	1.33734759899963	21
-0.097842692312764	0.418871712537997	21
-0.038104437785255	0.352758933934146	44
0.010262890656836	0.256626260829818	44
0.038816022707932	0.331565776942605	44
0.118108720135428	0.650783342533086	44
-0.116295191812991	0.246086769112109	21
-0.114682919182225	0.26257444271339	21
0.037300177106229	0.508670927523695	21
-0.065820786305508	0.248223221690921	21
-0.011076100894333	0.496115826559107	21
-0.070679270340618	0.362895325985649	21
-0.062027649085304	0.417605919349085	5
-0.041278811513424	0.541864617491846	5
0.043860236556054	0.621048027122757	5
-0.111475625068962	0.272187871275786	5
-0.058442843649214	0.410748564507827	5
-0.054295166898123	0.37871858047692	5
-0.098300581903867	0.259111720765493	5
-0.045691954113385	0.383315026233017	5
-0.045048218242383	0.469439126674696	4
0.061696772226254	0.780084051723494	4
0.084019308078042	0.903380423148237	4
-0.011167116918098	0.620916042947085	4
-0.087605053167468	0.353442811874946	4
0.05127517432938	0.791123860751222	4
-0.105351631385633	0.199464937179028	5
-0.098745234462648	0.197687866403628	5
0.011998069594957	0.452878463015949	5
-0.045503601748524	0.299052653759184	5
-0.069715619767618	0.213566297011031	5
-0.091369055880117	0.246468152970693	5
0.122601780057878	0.731909016043805	5
-0.10125061397152	0.223084792003373	166
0.036225351595692	0.506065311236646	5
-0.102558928491168	0.247859609844698	5
-0.09094502550268	0.247242056888368	5
-0.116325264711055	0.246018892519009	5
-0.095593197173407	0.337113402673106	5
0.012320432058346	0.620390261102513	5
0.102045435489295	0.751793014803331	5
0.124080789898183	0.794909730571648	4
0.058947983559897	0.535312277860211	4
0.026753865259173	0.52367188443635	4
-0.072348485531626	0.278140704418349	4
-0.00795806493915099	0.548923454293587	4
0.017917778204511	0.544989480862391	155
-0.111661722706427	0.200043792226123	155
-0.035093371557834	0.394683612375084	155
0.074361719192939	0.78546199733339	4
0.046699946193589	0.649968828171861	4
0.028574185989467	0.598688675836859	4
-0.046776513134615	0.351933176695302	4
-0.114416569657381	0.241109594577192	4
0.045838109529541	0.556178152723132	4
0.045701474994918	0.54883682926135	4
-0.065991857174409	0.293843194810655	4
-0.076939926610848	0.245499030582929	21
-0.039859493071494	0.375346886155535	21
-0.096814375186727	0.548060926656621	21
-0.012256791868967	0.647295072375216	21
0.111858698487145	0.0760513170465834	21
-0.094654920693678	0.187161873184848	44
0.090063735368892	0.393544100178773	44
-0.063317471312874	0.137971928538585	44
-0.101047153356018	0.120873656420841	44
-0.113907941905018	0.183304095484925	21
-0.116143879015072	0.237373814030281	21
0.06485348677354	0.687730552349662	21
-0.085134752394328	0.330185513833931	5
-0.04470732074378	0.526622469435398	5
-0.116012463652842	0.289696620506101	5
-0.017957039659643	0.537702563282325	5
-0.051574373889369	0.436701489215491	5
0.051959786817197	0.78733739080726	5
-0.098393119285444	0.327321154069476	5
-0.09896063138071	0.299447897630519	5
0.098727575087972	0.933807550905809	4
0.017761542165299	0.483596350200822	5
0.113343835028071	0.95211353355097	5
-0.101332533391782	0.222864754503813	5
0.023005493046109	0.576576727161204	5
0.068149670809752	0.720335082344503	5
-0.047062421463934	0.351335587577103	5
0.038291960213483	0.51749082732337	5
-0.12432742180672	0.244408889078746	5
-0.097164532957926	0.303819588326853	5
-0.089648847544759	0.249574867758026	4
0.028862828843841	0.535142337935445	4
-0.00263082462459899	0.443373017590702	4
-0.019345599859108	0.455430654601292	155
-0.039138299725288	0.407076146616761	155
-0.121752951910129	0.221684582396667	155
0.09133068985296	0.634700302639657	4
-0.08911620650281	0.301123188079911	4
-0.00990713648027999	0.499358381025815	4
0.010641602390962	0.615071467099998	4
-0.021659087360982	0.410988949842056	4
0.049160627208981	0.664133205543083	4
0.122872887379147	0.761985488744442	4
0.0582300052643	0.53364776644589	4
-0.00990713648027999	0.499358381025815	4
-0.095547991621098	0.235975786708429	21
-0.072735925101105	0.335434276915863	21
0.073435123629596	0.914571813208642	21
-0.09506296778577	0.222006373806873	21
-0.064592146884609	0.224898237306924	21
-0.081597886782057	0.16921056459398	44
-0.034537195224012	0.218182880161756	44
-0.081508474603829	0.11818225334972	44
-0.063062623939804	0.170896997406916	21
0.062149169814077	0.917150598267214	21
-0.11299022959388	0.140899822361004	21
-0.051240681983719	0.441068534351196	21
0.016763994065083	0.775499596498389	5
0.003655902740413	0.363583030954152	5
0.102814780172077	0.736125026134779	5
-0.124845064653177	0.241379907283367	5
0.00239538018612101	0.668075477379579	5
-0.052935017903189	0.306989884441222	5
-0.053125592985821	0.358311565139418	5
-0.082884375393453	0.268443121480044	5
-0.045719740435526	0.562971250522049	4
0.008631193160414	0.660167586589522	4
0.025420802950141	0.655441384098987	4
-0.040064512178195	0.46504382744025	4
-0.019649581441179	0.496547470466562	4
0.098172766695308	0.906977309832405	5
-0.05944174498811	0.380743954981453	5
-0.038270262133624	0.470234993657904	5
-0.039775367126828	0.492569611913445	5
-0.068757162450497	0.367741694344573	5
-0.02661081060652	0.42792980028307	5
0.074765675276114	0.635624103970565	5
-0.085994751676179	0.243646135392138	5
0.067301135128604	0.303564969605704	5
-0.074977049860103	0.154046592211253	5
-0.101611790975123	0.249710895529775	4
-0.086902802194614	0.385741654627602	4
-0.088206680601274	0.199621812353744	5
0.105905497604627	1.16512979438333	5
-0.086397296357281	0.340891930000569	4
-0.097974061741936	0.330611558704905	4
0.027402649887233	0.661893463544592	4
-0.035535919387508	0.389327946185669	4
-0.098342099043698	0.198211166472949	155
0.018598738315884	0.485548773123549	155
-0.087662193428238	0.321334825000994	155
-0.071419207484532	0.185220663636012	4
0.032398853818829	0.484362312650755	4
-0.098028783911383	0.2314483840614	4
0.102313107684445	0.734717176727778	4
-0.061644224617938	0.328371713666707	21
-0.020904809769721	0.524476679471379	21
-0.021074231408603	0.451022362241641	21
-0.104167160859035	0.438848065548181	21
0.026942204747079	1.42687711386598	21
0.049780757658983	0.254620750392089	44
-0.025063671746807	0.324818385821741	44
-0.077625274930298	0.317969351703584	44
0.022232268793064	0.568661267716312	44
0.022887854775155	0.201245180067905	44
0.042334782084892	0.237489935742543	44
-0.122812161812547	0.0794954379442032	21
-0.048931873793663	0.155909162556123	21
-0.112041917201168	0.142030066688195	21
0.050283108792945	0.373244799747004	5
0.00974055311988698	0.766834907595213	5
-0.029584695775726	0.416305496852276	5
-0.110185261397086	0.215274485067603	5
-0.040460084506239	0.31246628755757	5
-0.062035078576207	0.282349890382498	5
-0.061582703713828	0.328530081532834	5
-0.065702102334563	0.36180348167734	4
0.063447621378294	0.916160076614595	4
0.095550974273297	0.880577871741622	4
-0.019541059277344	0.38103122910939	4
-0.091447650349771	0.246310387080188	4
0.033736424938435	0.638560946819265	5
0.121398082050943	1.15268279129622	5
-0.07178430733927	0.396713948501119	5
-0.088520399506433	0.33284443871407	5
-0.076615106541765	0.342082778867599	5
-0.117853209440081	0.174787445119336	5
-0.00539082399895799	0.22460886115255	5
-0.090330660638466	0.281169103168535	4
-0.063847909475639	0.425170121531382	4
0.041600827126172	0.700741821920365	4
0.067744671645924	0.843692249423059	4
0.00439622684834601	0.364819980438537	4
-0.106037218255916	0.324487206149571	4
0.121214831832972	1.19535844419816	4
0.087570790985117	0.977226796827675	4
-0.080889840862635	0.291666744061876	155
-0.035798012726718	0.291726173827929	155
-0.103273958246745	0.155522189549431	4
0.01892480422277	0.348739776247197	4
0.053609677778525	0.386939666328166	4
0.068328020755956	0.454958598586895	4
0.073733472891108	0.482545483250917	4
-0.095286946872996	0.221635958272402	4
-0.081456075298892	0.271188398842867	4
-0.074501532142465	0.154530763723472	4
-0.045808446398132	0.328802496417893	4
-0.067771226698911	0.413938736877543	4
-0.087198083084274	0.369900192641867	4
-0.117916780381713	0.161435720927838	21
-0.123961065796186	0.175195443531876	21
-0.06555227419352	0.248683184319395	21
-0.012927636423216	0.446062970925734	21
-0.077202294087641	0.199347178990392	44
-0.013707428286935	0.403194197796778	44
-0.111241261439902	0.187486973139477	21
0.112312907705834	0.912607827028299	21
-0.024005477176583	0.540715249142856	21
-0.037359745673624	0.444792616417367	21
-0.012064262737859	0.406828873946191	5
-0.023027126360785	0.650608961979693	5
0.052307761193587	0.890245736003533	5
0.083438351268184	0.725195386077364	5
-0.082628982355303	0.339142410714967	5
-0.070864087452922	0.436928706954824	4
-0.082077830314412	0.304990189669208	4
-0.102279449919942	0.326094158207106	4
-0.114912166601707	0.322616382062709	4
-0.066535193670192	0.420389583702429	4
0.092871169502967	1.06831316972107	4
0.015816248241002	0.647552625906014	5
-0.091027598956193	0.279736444693058	5
0.010639272640896	0.502646151047832	5
0.035037220512623	0.570539142770065	5
0.061446597242023	0.54862496385975	5
-0.072220907131677	0.339641084854065	5
-0.109241934069694	0.229717875239252	5
0.066752391203263	0.584184911968698	5
-0.013013622527375	0.26259798150787	5
-0.111906605491648	0.142166597894357	5
-0.101785288854195	0.157317671136245	5
0.035295093429463	0.497536522331723	4
-0.07364818015906	0.38865275949808	4
0.060157174523508	0.88958705431466	4
-0.047730809970104	0.479453096784356	4
0.051515574066366	0.684793186395517	4
0.014688094558345	0.706446420245534	4
0.057230105814802	0.744177577764809	4
-0.075124713251725	0.310171132814453	4
0.076435840589284	0.821989763102529	4
-0.09001806640644	0.281873401509773	4
-0.087918879478174	0.255777355937278	155
-0.085542354374228	0.32918120831636	155
0.00399302057679202	0.364190845681287	155
0.107127636039495	0.822324591371798	4
0.113918075896908	0.610731176336465	4
-0.08011462357165	0.38195483484768	4
-0.034853335402336	0.455582922102234	4
-0.057918862806436	0.412394667742747	4
-0.097194939685079	0.290937183138884	21
0.012569442636738	0.519060130873866	21
-0.11251228046467	0.280335850993902	21
-0.100234148474756	0.238707135574122	21
-0.048039670571077	0.262625637813077	44
0.088124087486148	0.60058972546313	44
0.064413023264277	0.7967149037133	44
-0.055276720694938	0.469822464003258	21
0.118312841756137	0.671440941640013	21
-0.01880945680525	0.296913161736055	21
0.018135868158251	0.734650466030656	21
-0.00778672875262901	0.554154878167382	21
-0.048308829838903	0.376916186956973	5
-0.085603789503411	0.342941344903692	5
0.117621306241481	1.06644755619157	21
0.042511087847862	0.802715871411425	5
0.097921112678311	0.938565690757929	4
0.119046543190386	1.21833103847757	4
-0.053584927785963	0.431049845109874	4
0.036471275907745	0.893228699991987	4
-0.047859166128182	0.294837148869776	5
0.043760137699058	0.450581453748936	5
0.123101575263618	0.752878411863552	5
-0.03104998487038	0.30456336967634	5
-0.017180340484133	0.39082856958886	5
-0.031192575845961	0.343549447494171	5
-0.019953612949725	0.33921229598787	5
0.038701759809457	0.426107986600143	5
-0.102269188832999	0.207089019222092	5
-0.094175414422344	0.270345914061233	5
-0.019209931100183	0.455832911108776	5
-0.012554313168013	0.526031329822551	5
-0.110781356501632	0.174186499448164	5
-0.054996363259361	0.326765251648224	5
0.051408543158278	0.964558884246193	4
0.092563072618715	1.05165747077174	4
0.090191871959955	0.787882135522841	4
-0.019922140892256	0.454034668037977	4
0.070517408140238	0.616709199511121	155
-0.023065566915566	0.441479723207396	155
0.108474540533419	0.844951274767337	155
0.120569823026493	0.716567309321506	155
0.050472099612022	0.674742389023904	4
0.032647268087345	0.635167731372202	4
-0.033163410793427	0.399187989400384	21
0.084099501391344	0.735469087467597	21
-0.112738132143498	0.22291482375545	21
-0.070356429905853	0.363665950330336	21
0.0988964856677	0.448261252164668	5
-0.019717152027367	0.247867758214323	5
-0.062667453237289	0.20026073585987	5
-0.014972433463498	0.207542956829167	5
-0.10043602449969	0.0992862005450015	4
0.079819432371245	0.349207063125284	4
-0.090523456863375	0.15530798741903	4
-0.028940000893353	0.270635227789294	4
-0.079020584639507	0.196944177364907	4
0.053763059990275	0.387178945057494	4
-0.00424326810418399	0.337875767109035	4
0.061272988087074	0.424919775487163	5
-0.087313669868645	0.137631077322806	5
0.076945277520219	0.335431316776269	5
-0.10091967406452	0.140453560090291	4
0.032879711290047	0.219219473108185	4
0.078966068948569	0.348037694070537	155
-0.063411455355021	0.199347934490715	155
-0.052911831760455	0.186710508116131	155
-0.063650623856389	0.137709542521141	4
-0.014221177476991	0.145707308421582	21
-0.06339425603447	0.19934917993527	21
-0.063859814452621	0.137533823108434	21
0.011869717798488	0.183086815707582	21
-0.110838622092309	0.159251086823173	21
-0.070017442167495	0.186822156988876	21
-0.118473915942576	0.261941355067693	21
-0.012799516418717	0.146649458529459	21
0.110485617991175	0.552472678880002	44
-0.120129798769156	0.129828327101442	44
0.02286569985593	0.286893740360533	44
-0.119258968493714	0.145679124641893	44
-0.062593381803783	0.171389383066842	44
0.094322855177645	0.420285564095308	21
0.073137403508567	0.320560774213146	21
-0.062643942811934	0.17133433208729	21
-0.00502432849638801	0.224999111691326	5
-0.074342968235716	0.154682687824833	5
-0.100121763133793	0.121672368362937	4
-0.036031030427322	0.173740708937688	5
-0.00545016104155099	0.22452599169173	5
-0.030435207069149	0.125967159655084	5
-0.118042525549229	0.10227973532662	5
-0.117274150415948	0.102962055767668	5
-0.053280320017918	0.103550825173407	5
0.022718290229215	0.201100423981864	4
-0.086420373933443	0.138481442914366	4
0.033010069471376	0.219308770261086	155
-0.035234901789488	0.174493199568674	155
-0.08133894125422	0.118317976716943	155
0.042479421604029	0.237660784128121	155
0.033401110113071	0.219703187147731	155
-0.117477102437778	0.102784292412059	4
-0.048866301480821	0.156039149314289	4
0.042081304345544	0.23727882723682	4
-0.024913454553851	0.190814975783999	21
-0.119867731459247	0.0555964671395384	21
-0.119959348578592	0.055564402041551	21
-0.119609755478887	0.055711754297703	21
-0.087308290349781	0.137641108061313	21
-0.10306641058446	0.172515152541483	21
-0.01343933707001	0.146270648856057	21
0.08847047116938	0.610292885928933	44
-0.108574439830117	0.177183672113186	44
-0.118885897238898	0.146144563624631	21
-0.000830821340560006	0.164268448200321	21
-0.075797676799228	0.247404721066378	21
-0.06548527743285	0.24880399412245	21
-0.119083151799731	0.172896180199899	21
-0.064039453365007	0.278678169318058	21
0.111694997808318	0.585432843849207	21
-0.09356325332677	0.208706972325075	21
-0.117540657955183	0.175240449879133	4
0.081965551187436	0.543144580810085	4
-0.032024772390119	0.302923944968012	4
-0.015826570208447	0.393801589645913	4
-0.096723512346563	0.184244744142149	4
0.112256856949393	0.566426677449663	5
-0.074660067042707	0.154374156387729	5
-0.043631714468898	0.202227625038554	5
-0.005658083668204	0.224305158896236	5
-0.077380162297058	0.199140737640144	5
-0.119162957848992	0.145754840912677	5
0.017335380633728	0.346156334791305	5
0.098606939344447	0.437106679885241	5
0.041726511685981	0.236933584450648	5
-0.081156472419163	0.118458360031002	5
0.00968537981814899	0.320574914490161	4
-0.040001553985432	0.280055237632383	4
0.00865402918533997	0.319019687751537	4
-0.06555227419352	0.248683184319395	4
-0.029621242054091	0.26963906812508	4
0.027163003887618	0.299995696442109	155
0.08322789782489	0.363789008070193	155
0.076475776011729	0.334891517952547	155
-0.064171575090972	0.137272017162513	21
0.009241175045549	0.319980149933216	21
0.060863708801064	0.415955758255435	21
-0.00854269561212701	0.376582686326104	21
0.00983686684830798	0.256094954649977	21
-0.013013622527375	0.26259798150787	21
-0.03416666300705	0.218601045757677	21
-0.122432361778948	0.0797399802951723	21
0.042414478974767	0.237548266998909	21
0.022953122298913	0.201231042602625	21
-0.02363613156605	0.192031455440899	4
0.090590063535175	0.394271055364864	4
0.067301135128604	0.303564969605704	5
0.012028205953021	0.183218369213456	5
-0.048279084976677	0.156522133043066	5
0.012140888421149	0.183299451348509	5
-0.030238713725668	0.12609218340535	5
-0.120051049717625	0.0555267392668019	4
-0.013297713362971	0.146331512721132	4
0.066614976137306	0.302770953612741	4
-0.081182154525826	0.118429029719701	4
-0.036276585643819	0.173538842554093	4
0.023239869124297	0.201532344724668	4
0.049866403507049	0.25470345109749	21
-0.101773319684766	0.0983096066193626	21
-0.035394189343431	0.174355722878504	21
0.075054720840266	0.332962585723093	21
0.111525050252763	0.075983014787952	21
0.111858698487145	0.0760513170465834	21
0.1113975270033	0.0759646004195066	21
0.111858698487145	0.0760513170465834	5
0.1113975270033	0.0759646004195066	4
0.111525050252763	0.075983014787952	155
0.111731113967025	0.076032888564632	4
0.111525050252763	0.075983014787952	21
-0.002233340377648	0.449350697167297	21
0.111731113967025	0.076032888564632	44
0.111731113967025	0.076032888564632	44
0.111731113967025	0.076032888564632	21
-0.030283906623266	0.1260200520097	21
-0.087433114903629	0.137537557930002	21
-0.120400617847959	0.055374544630505	21
-0.062853241341061	0.171117873757795	21
-0.01343933707001	0.146270648856057	21
-0.074768675032468	0.15425346257735	21
-0.083013503217428	0.0796847627732679	21
-0.120051049717625	0.0555267392668019	21
-0.120400617847959	0.055374544630505	5
0.1113975270033	0.0759646004195066	5
-0.029710015612344	0.12640543655087	4
-0.014345781256652	0.145621220792988	4
-0.052845368101677	0.103785078945911	4
-0.083157861361578	0.0796111976341544	155
0.067670858199247	0.304019019883295	21
-0.00059027714271101	0.164467881198167	21
-0.116230964112373	0.103830227977547	21
0.083674987195393	0.572935204786866	21
-0.05312314682485	0.103637553625753	21
-0.081431922868607	0.234607137668067	21
0.112376464787304	0.894770174084844	21
0.107840678430736	0.824717162403872	21
-0.058769735027727	0.338304545106471	21
0.06746826417113	0.303803116069226	21
0.089360020811385	0.392515931825565	21
0.087104892859704	0.379223145098326	21
-0.086423091704264	0.242862369954147	21
-0.084346088661643	0.246563351700273	21
-0.100761840051824	0.304855139767698	21
-0.052968141792822	0.18664699979408	21
-0.004565691204727	0.337326884842195	5
-0.034208672693401	0.218539276147903	5
-0.058073811856287	0.238632603383109	5
0.053461464044644	0.38669186886985	5
0.033414336429746	0.219692638556476	4
-0.05365169008538	0.185884145033339	4
-0.089979140056464	0.155898719333553	4
-0.08132597331382	0.118322624603874	4
-0.122311998053876	0.177829128469416	4
0.079649522785436	0.349002611605345	4
-0.122812161812547	0.0794954379442032	21
-0.100594119463148	0.0991705005786008	21
0.078439330488111	0.347226496483604	21
-0.036117381508954	0.173695629976342	21
-0.105542399272488	0.199150361338472	21
0.106363893839148	0.513344760835599	21
-0.018905363517029	0.382466571787023	21
0.035444339987938	0.497850727238078	21
0.071719392893129	0.31893412429791	21
-0.090662144445832	0.155149349137742	21
0.084884346631098	0.745831033751088	21
0.071877824988808	0.319130246223493	21
-0.021632459984253	0.517770779567156	21
0.10772497802299	0.515983236384233	21
-0.01408801321424	0.145813280534647	21
0.032149339937249	0.218500970449366	21
-0.064315130885821	0.471629241172554	21
0.116410838917836	1.07831288622655	21
-0.046538944692602	0.432239794279044	21
0.007862374075504	0.600974549729135	21
-0.106124447027469	0.334564957599419	21
-0.11801942797763	0.27294513512648	21
0.123800409496757	0.764770756351412	21
-0.069534067638021	0.34607921588799	21
-0.075134777659014	0.431851638922658	21
-0.00172300551256899	0.494625887224208	21
-0.039932966028587	0.375187771609039	21
-0.018364145753607	0.462654111760614	21
-0.11161087994375	0.335840248658663	21
-0.00492517095558101	0.700257454022092	5
-0.08197305002944	0.374117512645282	5
-0.000284542432042012	0.35063967399712	5
-0.070257720735179	0.324199113527952	5
0.01473962130077	0.518752958728734	5
-0.097025786465732	0.247570235528711	5
-0.117909256647117	0.187272380895244	5
-0.063171994461506	0.138057667794936	4
-0.118703769235944	0.173502182640324	4
-0.05337512414597	0.216515000427626	4
-0.123628032346674	0.187030166297678	4
0.027669694215025	0.384429872663708	4
-0.085737254723833	0.184368937290431	4
-0.112054917518612	0.186234601213062	4
0.00240100570563701	0.240215801616899	155
-0.037492362265453	0.172297883230188	155
-0.036044535404792	0.173737960960421	155
0.094103144161019	0.419938025759067	21
-0.029102131543586	0.270407107732731	21
-0.100686365264306	0.0991129622070755	4
0.000201747418279996	0.293299773696869	21
0.123701744594231	0.754517408580784	21
-0.079968194532967	0.293595152508121	21
-0.098361683677896	0.258949103320627	21
0.044863790787587	0.546939269971373	21
-0.00706489395262	0.332913832043692	21
-0.109341387796843	0.268047265002689	21
-0.00338742915594401	0.576884533973311	21
-0.060680878687647	0.401444541675783	21
-0.01897575580152	0.727733753343198	21
0.065886738037989	0.301806297532053	21
0.00115965083062503	0.560319515400444	21
0.036728346070314	0.746029163978781	21
-0.045513376542779	0.329408979633037	21
0.010704161453266	0.560553880351852	21
-0.070913251986872	0.259294668893092	21
-0.101913934594256	0.249175477406645	21
-0.102690492985772	0.273505066610384	21
-0.053132224963539	0.330620947067403	21
0.091685452054913	0.626986476199456	21
0.116885341376629	0.657897766119381	21
-0.070715690600031	0.28131748033984	21
-0.095040120725575	0.268484958220557	21
0.00946667816473101	0.49414529426097	5
0.11792381340664	0.660489504277041	5
-0.076851731390585	0.223499308129941	5
-0.046556524495562	0.265031652132603	5
-0.069753044098195	0.238126658014551	5
0.117335516424647	0.659035117616892	5
-0.10092592469704	0.120933764773546	4
-0.000975748109872998	0.349432152352158	4
0.00474613202327601	0.306545654063731	4
0.00441021971592398	0.425019592829243	4
0.078999806546921	0.528099623468149	4
0.032492397575683	0.400179073560555	155
0.042543348147684	0.344949009004685	155
-0.113482278944564	0.124152342304006	21
-0.111010812256917	0.143209385223942	21
0.069710597118133	0.466055128792696	21
-0.043367755264426	0.36342764563451	21
0.092262826517122	0.628266458651829	21
0.081466132939031	0.5420119522181	21
0.059380900792448	0.53626437098124	21
-0.111957691762326	0.142128694091957	21
0.057298702400696	1.29021021547198	21
-0.063731454519359	0.387057907834245	21
0.041419112043046	0.43864509146368	21
-0.117433453554302	0.102822553607858	21
0.023057454558558	0.201380734973288	21
-0.005499688623512	0.224489628509508	21
-0.02811286462407	0.27180504196701	21
-0.042313920054244	0.241188424555025	21
0.050435349330229	0.373506636865521	21
0.016628810395132	0.271663615175125	21
0.021487453863328	0.359936136883765	21
0.023318166880536	0.287460518629374	21
-0.035958146478151	0.173845828245728	21
-0.101610845824514	0.120364229045558	21
0.071769581005835	0.318986787108261	21
-0.114179413052903	0.123440516506269	21
0.089537430368926	0.392765556133595	21
-0.090876221229184	0.154921177905647	21
-0.034946898897349	0.174711336595231	21
-0.030722168968916	0.125792362340233	5
-0.100956413914073	0.0989098588228081	5
0.011461120985085	0.182768865377644	5
-0.123292038818529	0.0791809283939442	5
-0.053280320017918	0.103550825173407	5
-0.035712671688072	0.174061574719517	5
-0.063317471312874	0.137971928538585	5
0.041393490192007	0.236605132816548	5
-0.013448112190941	0.146236516316137	4
0.042457719738352	0.237642631007617	4
0.022548760908322	0.200946228647553	4
-0.024435613195407	0.19132246252264	4
0.055845718718964	0.270758729185422	4
0.022900771699219	0.201252044532928	4
0.041625542236803	0.236793272883165	4
-0.00000941848275501367	0.164911071457873	4
-0.123431866816229	0.079084180561219	4
-0.083111646782144	0.0796421959823403	155
-0.083400332795737	0.0795014145139789	155
0.022366267422076	0.20078604715366	4
-0.083498492456905	0.0794584624384524	21
-0.030578690270503	0.125883709534914	21
-0.080634942757189	0.118850082826445	21
0.012028205953021	0.183218369213456	21
-0.053497756973181	0.103424070088793	21
-0.088978411084517	0.583711460811528	21
-0.014866611676662	0.555906508557128	21
-0.033374654777504	0.366960586392614	21
-0.038941907726643	0.319775206902004	21
-0.081364519170884	0.118279718017971	21
0.033401110113071	0.219703187147731	21
-0.106274329529407	0.211708695976101	21
0.088522241813949	0.391218190969417	21
-0.063693180972489	0.137662180492515	21
0.026630732629108	0.375548280417992	21
0.03364018624227	0.316542163769587	21
0.075846990596914	0.33406191889533	21
0.079875900146379	0.349232990893231	21
-0.10176000849448	0.139589205924983	21
-0.07413458471925	0.154889768158192	21
-0.024594924060708	0.191160580571201	21
-0.063589348816911	0.170353400354096	21
0.049982760775284	0.254827305720239	21
0.012074003447326	0.183232166014271	5
0.023252772268189	0.201539383267111	5
-0.013181603597973	0.146439356159907	4
-0.012790640474212	0.146687089414981	4
-0.063150846257122	0.138094332509588	4
-0.049010785517006	0.155907916239709	4
-0.014079592233352	0.145805614242198	4
-0.000630674987723012	0.16443973504604	4
-0.013688663529766	0.146077269754332	155
-0.000349775322776996	0.16465867970391	155
0.049866403507049	0.25470345109749	21
0.011256809790941	0.182597357676459	21
0.022561815148301	0.200933310070549	21
-0.030336969286129	0.126037205246425	21
-0.083741015505869	0.0793365080292949	21
-0.00000941848275501367	0.164911071457873	21
-0.081569879588484	0.499324584639855	21
0.080996174256213	0.54109187807477	21
0.04423613257162	0.347452872208944	21
0.084380963363434	0.365309723131462	21
0.037478994400151	0.329618758995484	21
-0.041338369064462	0.242560164377373	21
-0.066950734419259	0.269866031201368	21
-0.074868530429631	0.154163069275397	21
-0.058218699609582	0.238412048465949	21
-0.087625831816365	0.286878982950186	21
-0.056363256407799	0.241105253475807	21
-0.035419209865816	0.330691467291527	21
-0.103049338617637	0.172545080922834	21
0.081098523054283	0.541200767247899	21
0.104930912084237	0.489985656329746	21
0.016785453587074	0.271857593042725	4
0.06240780895678	0.287941046376194	5
-0.035277885901934	0.174443892574745	5
-0.120309025478005	0.0554121511236294	4
0.05088475435873	0.374203751708323	5
0.041437244401609	0.236616009369831	4
-0.100684985926087	0.121192838563356	4
-0.112686296449453	0.14124796979684	4
0.05842876865001	0.403215120275665	4
0.034321832813974	0.317427801950355	4
-0.063735509211882	0.13757070094081	4
0.049664457667053	0.254506337134849	4
0.022392389669289	0.200756469740093	4
0.087104892859704	0.379223145098326	4
-0.064090139950721	0.137282071611265	155
-0.080464908934868	0.170476172245652	155
-0.025404511720237	0.19035042005573	21
0.083211565151575	0.363738948551393	21
0.010799848683808	0.257245618522477	21
-0.11406575826595	0.123558529771411	21
0.061442969420458	0.286870413184532	21
-0.074759988242156	0.15425622576186	21
-0.063646197617784	0.170283618024487	21
0.022281009905587	0.286127926470164	21
0.000271593875032006	0.165112387034384	21
-0.024841799219752	0.190927789807908	21
0.028918688482176	0.302427714878896	21
-0.101812399659177	0.120178065987256	21
-0.080439509367073	0.118981261652951	21
-0.10332637303674	0.726092328851819	21
-0.088553434761753	0.624619167458406	21
0.070825974038961	1.64223631228135	21
-0.119958985640446	0.494581107103197	21
-0.091023583309974	0.583875129633553	21
-0.021582101925752	0.759464656147124	21
-0.0635585389924	0.45069239732127	21
0.042394624786208	0.951727077360197	21
-0.088497776302898	0.536316597685723	21
-0.09642107822856	0.528359033627144	21
-0.099773608146421	0.381958668928539	21
-0.025298902043426	0.634703860973142	21
0.092492727028668	1.05885318021291	21
-0.051754434004256	0.388545162438684	21
-0.083968780647466	0.546068780416149	21
-0.120520986461874	0.352134854066971	21
0.077726266111589	0.516717094055586	4
0.050654517323547	0.48694852611176	5
-0.095484653997257	0.186045713886181	4
-0.028364370942662	0.419420892560395	4
0.093951192114803	1.56354258635098	4
0.048846914079453	0.875492485334133	4
-0.119640376955378	0.225910093242696	4
-0.083424254804784	0.21005477396666	4
-0.12345286643317	0.176027007398562	4
-0.097525578481662	0.232370447263063	4
-0.096742281872893	0.248142505844439	4
0.092493053272709	0.820482334194129	4
-0.069904041923254	0.383727949476021	155
0.057892934527364	0.841574223488038	155
-0.035522559374316	0.645869685231353	21
-0.030725110025136	0.543313038755817	21
-0.101747122459502	0.329574354537361	21
-0.080663685608371	0.326468932755562	21
-0.053045250948074	0.485925874941469	21
-0.101121574476942	0.387196423148026	4
-0.059726473849768	0.449722047575796	21
0.00943024257110903	0.386440638887812	21
-0.029682548604395	0.346509978086589	21
0.061224459163662	0.548040861496981	21
-0.056640335955035	0.391267506975318	21
0.115064024239245	0.949855314664693	21
0.037371776737295	0.589841398748535	21
-0.031750404519308	0.47588944951689	21
-0.105153969359694	0.485611974901628	21
-0.025033548570213	0.503557646510748	21
-0.031404918507132	0.407617137161739	21
0.017988225623252	0.665337772047557	21
-0.064027887769631	0.225699105527199	21
-0.012779566040834	0.405272288172455	21
0.038873923324189	0.60057520329036	21
-0.071897725324336	0.257619558102976	21
-0.049221270039411	0.15572302205813	21
-0.002080234738881	0.400392874135887	21
0.082914997944908	0.363292053545305	21
-0.00512339849127999	0.224840565854805	21
0.033329248853295	0.316113107819891	21
0.054729249277472	0.388737926115099	21
0.049608122876907	0.372093564408711	21
-0.040821144676479	0.243242658615763	21
-0.081755652668427	0.212521100736698	21
-0.053340555204864	0.10351079472674	4
-0.049076664109974	0.155831368673026	4
0.04747874821536	0.472841521894296	4
0.040175716319807	0.436194175645658	4
0.00391989013396898	0.305357757706045	4
-0.082967308147573	0.0797022101796373	4
0.032840477189331	0.219169457954447	4
-0.101114497492525	0.0987834634297449	4
-0.116868449136859	0.10330842243639	4
-0.071705281631967	0.184853145427369	155
0.072486923586833	0.480211466629483	155
-0.10252839880189	0.156410724962246	4
-0.103300579284864	0.137908849580039	4
-0.048473491461137	0.227846709758817	21
0.061253428245145	0.416533430326187	21
-0.00476703820795299	0.225271619463334	21
0.023549084763987	0.287790362017836	21
-0.083452390173881	0.0794637199099083	21
-0.048445471834043	0.15637064884533	21
0.067629227283368	0.303999767392504	21
0.00916987072772102	0.319886507770886	21
0.032697091636602	0.21905324769989	21
-0.068672985869094	0.757645617387313	21
0.02500139820322	0.372837324477653	21
0.00294885460399003	0.570671790050021	21
0.113902572113927	2.07488778931099	21
-0.121212410654517	0.233369678815269	21
-0.110612301103721	0.25147551368211	21
-0.091363214029639	0.393541041473199	21
0.050097890705257	0.780296749087605	21
0.00832114100814901	0.491366020680688	21
0.011695734084054	0.568782390412132	21
-0.025053540167202	0.398594912035194	21
-0.070128909971301	0.324512140631265	21
-0.05536611622952	0.325885073370623	21
0.02731374898198	0.460287062294485	21
-0.022622440144876	0.370008403900357	21
-0.00572167790196099	0.387532840355875	4
-0.057720573997422	0.239132371537475	4
0.057084938847511	0.401047120336102	4
0.107883136459066	0.526619890681891	4
0.00173671436782202	0.360089651171531	4
0.028835211128001	0.386498898852795	4
-0.058218699609582	0.238412048465949	4
0.109757659101653	0.530160916485001	4
-0.07571125423124	0.247554426133601	4
-0.077728238088049	0.198693630552838	4
-0.093663398131766	0.208544592213712	4
-0.11170332708783	0.172827431950361	4
-0.098744598910334	0.197658058723282	4
0.106355187085677	0.503035744466775	4
0.047138639010732	0.360099342286768	4
-0.019501979492628	0.248135131807047	155
-0.051835405396897	0.252370413152868	21
0.104263303544855	0.488713328908122	21
-0.085737254723833	0.184368937290431	4
0.050732820776073	0.373973473107249	21
0.00994915584880501	0.256267708841673	21
-0.024539658376552	0.282574479973966	21
-0.05838141611812	0.238168738757149	21
-0.043014501404384	0.582128960530018	21
-0.06721530229759	0.396908637072343	21
0.014299534156907	0.700195542917282	21
-0.113787789464487	0.540318939946244	21
-0.110376609997595	0.533018598385993	21
-0.114927298940637	0.511997326099599	21
0.014611990780885	1.29884429754674	21
-0.077410262132784	0.65665267881915	21
0.00985241752170102	1.05719412576123	21
-0.024470754387413	0.859622927894314	21
-0.124843515696431	0.329574088757962	21
-0.095419981848047	0.449082300213197	21
-0.08688874537878	0.514478718756973	21
-0.050279196003924	0.650306339373458	21
0.091167579386197	1.36478750046685	21
-0.11289897573502	0.378161255551352	21
-0.058177512437437	0.587354692292106	21
-0.11659906895406	0.356556512592485	21
0.012737679910737	0.626988469226155	4
0.025236157887283	0.984416242461603	4
0.115208005565361	0.977324609184273	4
0.016255546013341	0.71746728622255	4
-0.084314902943925	0.348921487121546	4
-0.06626994642416	0.418303119214194	4
-0.019170073244755	0.572652706029704	4
-0.120050569326672	0.333375931424284	4
-0.052518721734495	0.454790222168855	4
-0.122452916519421	0.287248458881651	4
0.022997478318128	0.820778756064062	4
0.012554869406649	0.87621785748271	4
-0.107166299658346	0.351043154871901	4
0.011074343109856	0.673135814223883	4
-0.124969377497669	0.277109849906397	4
-0.014780146898683	0.634087356768269	4
-0.066531333418799	0.395879676205963	4
-0.054077019648175	0.379260345908939	4
-0.007226707716849	0.516328290554166	155
0.001856040849047	0.464461773359464	155
0.097225265326128	0.903184574395338	155
-0.019680428265009	0.532370706700996	155
-0.0888338246804	0.287129729271638	155
0.079473214728574	0.848525154869177	155
-0.087781725951228	0.435650202732317	155
0.08745344683284	0.939357931362043	155
-0.07227915382619	0.426961034662029	21
0.06256823625888	0.912539571888821	21
0.00500894233812399	0.686963803893558	21
-0.035062106510921	0.544682452152418	21
-0.04134543692435	0.430143235479116	21
0.064041115953497	0.937944316552468	21
-0.034383847778827	0.396340681780489	21
-0.026387829667698	0.423848392165724	21
-0.04034062054575	0.523413256438817	21
-0.108512702281406	0.315597366152107	21
-0.045700979704018	0.513552331445646	21
-0.091558524797181	0.514992177417849	21
0.00209104566928298	0.666939551348685	21
-0.046551185380253	0.601867291101968	21
-0.06422064183621	0.717519230634216	21
-0.088008253400814	0.48609615935779	21
-0.074604483238348	0.555716895938281	21
0.069687695025381	1.39718219553952	21
-0.101257157050061	0.464116377306743	21
-0.051069416058269	0.642352266137507	21
-0.046790716536434	0.708655070336884	21
-0.100526078760633	0.423515762513268	21
0.022211375640559	1.00271570596839	21
-0.01924327979257	0.638283677951832	4
-0.06486784598264	0.529275772717204	4
-0.031599785047875	0.533039809164223	4
-0.06637978519364	0.376998446508503	4
-0.118463246431937	0.271815836990268	4
-0.094345468723735	0.370814815829383	4
-0.003164844991635	0.675866440985519	4
0.092412107942078	1.05875151019563	4
0.016582661710614	0.784086333265272	4
-0.082075653799561	0.407656545996039	4
-0.021919424753166	0.588648198180105	4
-0.107267770076698	0.329346766749288	4
0.00956161947290901	0.761438441110716	4
-0.118984403459998	0.28006991252184	4
0.000520461636010994	0.60382761503806	4
-0.095258277107628	0.352157722774815	4
-0.026876428531389	0.625140574440147	4
-0.109260685838186	0.301144345211688	4
-0.048490755073392	0.400411444208857	155
-0.086210868309345	0.310553119853421	155
-0.105538837732096	0.31513957896192	155
-0.004543093444517	0.625086127686673	155
-0.111277315941444	0.338513965315409	21
-0.056175277720641	0.46388951412242	21
0.021662826052683	0.632112198072686	21
-0.072915654313882	0.464976047949186	21
0.053976790440909	0.605326205528196	21
0.00137697415368898	0.457933719630095	21
-0.06547790490591	0.338115468969569	21
-0.071205763029779	0.301344515172842	21
-0.117418714954723	0.23269839996754	21
-0.00684912186531	0.608344165724502	21
-0.022475793108981	0.549663769650136	21
-0.086794890027064	0.368629597172442	21
-0.122671223200715	0.411048476541909	21
-0.049618059555297	0.542564853210229	21
0.018096103775543	0.838688770614185	21
0.027031493886364	0.660790080077451	21
0.086497145399881	1.11949841328962	21
-0.121070530200677	0.272927121569065	21
-0.081781178418984	0.358255504764738	21
-0.086836243636393	0.339748601743078	21
0.011558649208888	0.617994514941851	21
0.036880932129767	0.666406784821677	21
0.052299232971934	0.794851155576769	21
0.051776185960559	0.780218083249243	21
-0.119514942518265	0.257556404324498	21
-0.108949905320256	0.255054237189563	4
0.058668223078459	0.640109665225188	4
-0.107981060789771	0.271199206706196	4
0.060418666820901	0.659709299769076	4
-0.107962331439448	0.195240137177754	4
-0.110175043311411	0.160096471502697	4
-0.097882372544984	0.259950186003111	4
-0.066482358432744	0.2706999534542	4
0.051333937008397	0.374868389238005	4
0.119180236520036	0.6835798794385	4
-0.047582337092793	0.295341543730358	4
-0.083419594474811	0.334506688857098	4
0.01607456579962	0.65870684705918	4
-0.098767670211916	0.271727321979521	4
-0.106302566586335	0.224848003547407	4
-0.064324326694222	0.365200653269078	4
0.036263667366295	0.652412177033788	4
-0.03090372505748	0.34412606416198	4
0.063769528542347	0.429511435508128	155
0.109975323789537	0.551392540506719	155
0.078196804268768	0.51765954801035	155
-0.054647581772839	0.303702338295411	155
0.064846355907227	0.571904595711411	21
0.103840212678049	0.748163181451679	21
0.09493246615487	0.421284369649975	21
0.100423096575891	0.461262562178123	21
-0.109682263247135	0.228864807485201	21
-0.084845859798733	0.330941188592294	21
-0.012991980468128	0.404796551520044	21
-0.068494521737953	0.288901041210814	21
-0.118059019498385	0.147157236184942	21
-0.090523456863375	0.15530798741903	21
0.038996656534595	0.331867220071674	21
-0.116347027254894	0.103745245312449	21
0.038186119996904	0.330734368965813	4
-0.079997718678247	0.171027785905494	4
-0.030480446715086	0.125945833582448	4
-0.101048685707685	0.0988537894902282	4
0.061603686540912	0.287074726793904	4
-0.074868530429631	0.154163069275397	4
0.033192527417935	0.219492737027817	4
0.000652517597437008	0.165365564762852	4
-0.013830267924659	0.145997444516298	21
-0.080999770265135	0.118573837534952	4
-0.026953634035572	0.232958664236888	21
0.05559891376906	0.27052212256377	21
-0.119867731459247	0.0555964671395384	21
-0.122812161812547	0.0794954379442032	49
0.011936574546437	0.183136132676485	4
-0.013385812018059	0.262109088402031	4
0.004670199452528	0.306452002483707	4
-0.071113545012505	0.185551637220712	4
-0.053281741744579	0.186302256560786	4
-0.053437464127999	0.103456755441209	4
-0.083354164605916	0.0795256811066448	155
-0.035755762578796	0.174031779113059	155
-0.01432878907094	0.208230130686428	155
-0.063505318076478	0.137819522957562	155
-0.027324112244975	0.232500258268836	21
0.015147561203158	0.269683125935403	21
-0.014650682340976	0.20790084655308	21
0.072028129899257	0.319257924146706	21
0.06026333552554	0.414940527255724	21
-0.113043795100382	0.124494489301942	21
-0.100926729805709	0.120977024573239	21
-0.029951756825937	0.126267046592483	21
0.011210963308023	0.182548741178366	21
-0.08591567965278	0.328219551405532	4
0.011067581310395	0.616418166822962	4
-0.10126186696352	0.157938161686117	4
-0.023869906242026	0.191847265530437	155
0.067587551325941	0.303959942868258	155
0.093333601234728	0.40852917314873	155
-0.015013745149843	0.20751232541571	155
0.034961582234238	0.411804718500762	155
-0.065859591467136	0.315888996553039	4
-0.000250217772790995	0.498069683817966	4
0.00317863252541301	0.523337120552617	4
0.0334395241976	0.408889426238538	21
0.04550778261557	0.461393871127343	21
-0.035669607675728	0.174078441108465	21
0.00654598998739198	0.374963600662259	21
-0.001740025522075	0.290652405451009	21
-0.014435129378049	0.260671465040132	4
-0.10037452885767	0.499680278503817	4
-0.086045184657734	0.484490005322494	4
-0.086210832856119	0.549742998744777	4
-0.066157856077587	0.564853880089922	4
-0.00295111998376099	0.676679826503414	4
-0.035608236442193	0.255711586754097	4
0.003100960056309	0.30414028230812	4
-0.031510616836803	0.375343439279177	4
0.00563424527108603	0.307612869138014	155
0.016890097471185	0.481371237971263	155
0.032703972908864	0.702809069919406	155
0.016602088533818	0.412613730839921	155
-0.048628481247494	0.588088110455914	4
0.053766907545497	0.920829508507411	4
-0.000924726795457992	0.594384377866305	4
0.043310659095461	0.536236857991792	21
-0.009228256288944	0.912034385414562	21
-0.119236860452279	0.306641650266502	21
-0.063859814452621	0.137533823108434	21
0.048181105709967	0.569065211913657	21
-0.083193695790864	0.210394382961379	21
-0.074054473056538	0.312578807027366	4
-0.101414635726078	0.469456459748564	4
-0.111457518752132	0.272246495865989	4
-0.042237338832091	0.241305473807361	4
0.082858162581322	0.898690768028017	4
-0.101168768393797	0.120743090612233	4
-0.049199259791901	0.155742421445354	155
-0.091148368268775	0.154632973854297	155
0.050028608660401	0.485513453961877	155
-0.101305739047164	0.20878922946743	155
0.098890744252554	0.4482146332496	155
-0.010007926438209	0.416336317634911	4
-0.093401738398626	0.271947133033101	4
-0.116885760258271	0.25545659483531	21
-0.089979140056464	0.155898719333553	21
-0.024078622686095	0.612717370733855	21
0.119754130125244	0.685023244812626	21
0.016728450562592	0.271773164843613	21
-0.030336969286129	0.126037205246425	21
-0.095626143252345	0.235818477966052	21
0.084025896499347	0.364844188132238	49
-0.080738448684954	0.170194767783208	4
-0.038535369215672	0.717060563647863	4
0.026882406363185	0.666008266994814	4
-0.075640859114907	0.47799967689117	4
0.063395237986427	0.915864051043135	4
-0.082818031528561	0.210968548640056	4
-0.000309568262786997	0.164650987016955	4
-0.036522360781195	0.173306716176721	155
-0.116911936489016	0.103272607750501	155
0.104846287867416	0.500117435823471	155
-0.041451767738748	0.607066382758945	4
0.051826983247526	0.786850046397012	4
-0.101741409769164	0.290428581020832	21
-0.062912317910047	0.303426628138696	21
-0.065810227168519	0.612408498469962	21
-0.047663115399327	0.714156593761702	21
-0.034380673477464	0.218355557208732	21
-0.036276585643819	0.173538842554093	21
0.046831485793228	0.558631071337518	21
0.01867750863113	0.423088365068754	4
-0.109740711729642	0.37637843479724	4
-0.00433435311342101	0.888615450657798	4
-0.02930597180651	0.687135938182611	4
0.092708325676966	1.09681330623276	4
0.110535351221767	0.851925629653397	4
0.074916568250274	0.955472749419232	4
-0.124737991418304	0.346001033108981	4
-0.054727370007289	0.30351801059712	4
-0.068152997706068	0.311017261137856	4
0.025659252174567	0.456616021906713	4
0.025177332598658	0.519694057099196	4
-0.092651138514645	0.488786591233586	4
-0.11113014287659	0.326237372872807	4
0.021641635554802	0.758418073138852	21
-0.068231818191201	0.372230491134114	21
0.026504803218247	0.964140678799696	21
0.013357300037681	0.461713942078001	21
0.052831786936229	0.602215938356347	21
0.017212522381559	0.272377780018534	21
0.03881750176031	0.765306958523032	21
-0.00683803592059801	0.471149490292287	21
-0.110612026918633	0.159541653902526	21
-0.015602662288267	0.46977607805879	4
-0.048604342787075	0.480009244683664	4
0.058783564796257	0.851500768937981	4
0.123109871237351	1.36230161412312	4
-0.12210818993362	0.35770536157295	4
-0.023652237635471	0.737265325558548	4
-0.00828107821765001	0.751366427875573	4
-0.121949633867303	0.327335041031328	4
-0.026373074648364	0.529219431708424	4
-0.069751066008953	0.405319124746395	21
-0.036501711640476	0.506292711695657	4
0.043778732584098	0.896564895588097	4
-0.085417224080163	0.407323796260382	21
-0.076409909998792	0.427946593855462	4
-0.030038373408216	0.658132637436288	21
0.00995268325487297	0.767699834648288	21
-0.113858998479354	0.343209365028204	21
0.072814533904685	0.911953061145522	4
0.082168524573709	1.07127092968196	21
0.02550568164741	0.784045876731766	21
0.019498427682168	0.801250891135075	21
-0.106691284188513	0.334862835879555	4
-0.085958605428482	0.344518291714211	4
0.039646265178445	0.596173732038214	4
0.073426585006125	0.640039210073376	4
-0.03288083975671	0.559401214712251	4
0.043213864848739	0.706110907520636	4
-0.028126671183672	0.735948105345353	4
-0.031565720725379	0.665202417947354	4
-0.078351247432819	0.334941853930637	4
-0.048505445280339	0.622179700040419	4
0.0155343224932	0.898485602781183	4
-0.089842408785295	0.386737660200201	4
0.038953303213897	0.909495318338198	21
-0.114450125153801	0.293805219334155	21
-0.095305257530619	0.295266986963927	21
-0.124760817540936	0.303616051900929	21
0.056073745507553	0.618273807997915	21
0.102862684819575	1.03992862997208	4
-0.122958811787007	0.227644188422787	21
0.068136132058067	0.858738934266591	21
-0.081747061932119	0.341369760063433	21
-0.00978108791313401	0.774538933048719	21
0.021166403519441	0.619394138118913	21
0.00876291036716498	0.655699333258449	21
-0.113119284836959	0.380023152452166	21
-0.071319104010898	0.514715433588206	4
-0.041687226959295	0.537121879423652	4
-0.00197529510549899	0.586261934750362	4
-0.11914426662789	0.279673870061732	4
0.022304965451854	0.822818943622858	4
-0.033521681476779	0.49559216628453	4
0.088405669217054	0.782074095081661	4
-0.057899874448793	0.521985099898853	4
-0.030397457611138	0.508931955048825	21
0.00955900869280901	0.663426225402724	21
-0.05730208659517	0.434314180928817	21
0.071000370662872	0.751778699194018	4
0.117624511450602	1.10081593548239	21
-0.103527856651553	0.346115915825144	21
0.072465320203858	0.910594916561319	21
0.027704564636927	0.813400562988092	21
-0.046833563769295	0.457238026963314	21
0.024924201629942	0.791964133922321	21
-0.064228869414638	0.469164923484704	21
0.116291512537868	1.03460554297799	4
0.085769666676332	1.43203166578601	4
-0.097058143585578	0.394412824030176	4
-0.088589667028369	0.332642505297238	4
0.044196211314054	1.04287392281474	4
0.054765198644191	0.607545434054093	4
-0.081639869017964	0.324146739244595	4
-0.098509940157429	0.198020109447494	4
0.112129756690814	0.586413970190493	21
0.059595552608025	0.536749654755404	21
0.058873914479475	0.640602187986824	21
-0.026400965167249	0.357673956556549	21
-0.122296318722672	0.278852638703014	21
0.094677253007819	1.06841509782968	21
0.072434138377317	0.764015666151279	21
-0.099503478783416	0.298109847608928	21
-0.048084185672381	0.320148794523438	21
0.105481621181964	0.501355445859896	21
-0.057187387307482	0.608465366374097	4
0.052299431085522	0.801243955267293	21
-0.034749641000876	0.364033606101166	21
-0.096372343114304	0.263026263030115	21
0.017294542160012	0.420181949628937	4
-0.020300644473022	0.41390204498986	4
-0.00905014242482199	0.632707477690568	4
0.092716227863359	1.06008521996028	4
0.122467099314798	0.741373371900791	4
-0.055669964687688	0.325329509054769	4
0.00261375363984201	0.361774120214165	4
-0.00762600821603299	0.378371555513627	4
-0.023341508344542	0.284411746378925	4
-0.085818728345585	0.184272697255868	21
-0.082818031528561	0.210968548640056	21
-0.043071738438854	0.307769215319011	21
-0.013438156923473	0.403766221662421	21
-0.103607135596075	0.232332958751651	4
-0.117150928225584	0.3606735854652	21
-0.05155102655382	0.440082837990159	21
-0.021308622372112	0.660951348142633	21
-0.104937173526536	0.374394000691588	21
0.089355849030873	1.0072147074528	21
0.069568682043752	0.73223007204937	21
-0.109513041331736	0.353128284768562	4
0.123764617938139	0.774479850363538	21
0.00992052319659098	0.320943790927883	21
-0.07568618072987	0.268671337424544	21
0.027772363462525	0.680043711838724	21
0.02194071211382	0.436133322451159	21
0.022666980602415	0.361835661105546	21
-0.110984281380777	0.159060297428887	4
0.00415894243161002	0.984281505202858	4
-0.045391893829426	0.753311095517581	4
-0.08219965041245	0.389395343440273	4
-0.048201038289515	0.623226641410331	4
0.029827781731962	0.833065135881823	4
0.056944230703975	0.400840225226856	4
-0.015509988705173	0.429834977796125	21
-0.118785872743347	0.316456463426001	21
-0.037164681887364	0.504238912325421	21
-0.04389670145799	0.472958187972762	21
0.040951829933629	0.530593725594696	21
-0.060273087632197	0.261242602410426	21
-0.081690956226623	0.118037477268078	21
0.010005173547419	0.256332287268038	21
-0.026326296080228	0.357817641879903	21
0.062328319379334	0.287898744893962	21
-0.024294273416605	0.326185741562124	21
0.108863078936899	0.548898283719663	4
-0.052333579812463	0.482213645932561	4
-0.123400417928231	0.363379102770038	4
-0.109885365666853	0.424179874526263	4
0.015564967346811	0.894198024483779	4
0.028664508748575	0.302050124503944	4
-0.019777134680031	0.24779177019126	4
-0.12240814697731	0.12735906488168	4
-0.046465482977271	0.265164319427876	21
0.066494521766436	0.442988525273808	21
-0.019992482376166	0.247513230118288	21
0.037435504772393	0.590073128466905	21
0.033546863490514	0.717309153109436	21
-0.118132309316146	0.219895229190254	21
-0.087009889140107	0.291156068697104	21
-0.120643253066219	0.325362803067105	4
-0.000730671964438989	0.164363021881793	21
-0.030389933326848	0.125945599105109	21
0.075241894655667	0.494303762026225	21
-0.101232869036145	0.140140252050093	4
-0.07960663372468	0.564810509213968	4
0.088185475221787	1.31075456107471	4
-0.028390893080782	0.770220078203854	4
0.060474598873325	1.09826534281851	4
0.08435466421171	0.912112927958552	4
0.086421550873856	0.37823030970082	4
-0.043574518648514	0.202290328173642	4
-0.107827639026462	0.271611944220049	4
-0.100483783629078	0.12136490360533	4
-0.112054917518612	0.186234601213062	21
-0.014215397316412	0.260979692245622	21
-0.0921961796944	0.259794276111637	21
0.033179696045842	0.219438100390218	21
-0.074868530429631	0.154163069275397	4
0.048088469557192	0.3614984881037	21
-0.118285913602432	0.146882411674333	21
0.04534242609213	0.46093576789653	4
-0.03940494111319	0.797904876894291	4
0.06809704433742	1.27490359569515	4
0.063294102044183	0.92854931613098	4
-0.123602313606465	0.175776425601864	4
0.060425987126102	0.415181641803492	4
0.017369204941376	0.272564255611264	4
-0.081364519170884	0.118279718017971	4
0.087006080716494	0.379046577352619	21
-0.100761165790782	0.223864398719405	21
-0.00567607312316101	0.335433123978959	21
-0.003801511234722	0.39669922632794	21
0.058609725978916	0.632535402577123	21
-0.098811977239595	0.197596818860868	21
-0.086403942813308	0.473345230948221	21
0.032313764800378	0.707240444401046	21
0.023864715663996	0.644818873677176	21
0.024069943515337	0.707878388891599	21
0.059463265403593	0.649642494753404	21
-0.089506528595254	0.300176208024372	21
0.088439386640307	0.601528960550292	21
-0.080056666948702	0.170970289113576	4
-0.078371705670697	0.221116551818914	4
-0.103113504496528	0.172443813677065	21
-0.047442277131708	0.799802273296331	4
-0.082641443925836	0.457855794054685	4
-0.023562868500334	0.724738365048791	4
-0.063933602855776	0.323471679707274	4
0.018606965657807	0.66750769228219	4
-0.05823932427911	0.497855432035323	4
0.026760418968115	0.459009699230065	4
0.103502594094813	0.48739422190771	4
0.08322789782489	0.363789008070193	4
0.10956035337498	0.550442530966203	21
0.058662853826101	0.534645181807549	21
0.046260252936009	0.470193542911544	21
0.046511242796722	0.463297875645586	21
-0.106144654697493	0.324128725575533	21
0.072512985788744	0.764264003963658	21
-0.088279382376083	0.49260669366145	21
0.046037419074389	0.740865944578173	21
0.055717759422676	1.10699146642009	4
-0.083933989102602	0.209263064184239	21
-0.01432878907094	0.208230130686428	21
-0.0975891839057	0.287508528097663	4
-0.080701142072075	0.170247805853173	21
-0.074153687797042	0.369392999926965	21
-0.055135717652128	0.627398814914586	4
-0.091167154381974	0.457657024378256	4
-0.067912498877551	0.619376132545218	4
0.005352312087612	0.916255468018159	4
-0.006906247366471	0.725749832782787	4
-0.03023779145007	0.683120622562181	4
0.105165110251857	1.016462997662	21
0.032873923737405	0.703373022096578	21
-0.04367249950668	0.447482144737254	21
-0.01996305581642	0.639318692115826	21
-0.059858341201867	0.468267061968296	21
-0.110900284114202	0.273561442297245	21
-0.070369813591324	0.403553686129288	21
-0.072930327986154	0.4599764703696	21
-0.122799705334278	0.324683679237558	21
0.049030321051129	0.864661104622441	21
-0.09795351324103	0.366898072310377	21
-0.059545821430885	0.513533110666663	21
-0.062862777540704	0.490983214305518	21
0.00585523944267902	0.741869312269268	4
-0.049832888341624	0.580604079855188	4
-0.109172508477883	0.321975933665821	4
0.004416437900568	0.772044653740849	21
-0.077221940412676	0.458098582730758	4
-0.015038848244497	0.700846559484195	21
0.059249230846786	0.975435899827785	21
-0.022583432782214	0.479730012934598	4
-0.05017861036347	0.683406117111663	4
-0.082303876001083	0.461125968783223	4
-0.046695937407107	0.583611657388573	4
-0.099570421096748	0.392365185068578	4
-0.101274160462335	0.328831294923937	21
-0.076479715214288	0.39496531488389	21
-0.057608618211099	0.459362568403459	21
-0.00912754560701601	0.545336330951403	21
0.00397970740583298	0.629496717395284	21
-0.049060162159407	0.318305737172838	21
-0.121678729649537	0.3221487946407	21
-0.043147063009936	0.528814440550754	4
-0.087166610124945	0.435845707774385	4
-0.027016967973671	0.559593928244981	21
-0.031475810926855	0.622156342875542	4
-0.07310624250055	0.372100464006058	21
-0.00747705048542599	0.865918053982641	21
-0.0202368250629	0.827724276092248	21
0.038914666053494	0.919891958581804	4
-0.013896491758836	0.522017989201545	4
-0.065343213026208	0.38270033069878	4
-0.107735304459819	0.367699988825611	4
-0.021449776949887	0.686042916430743	4
-0.016051950651378	0.692995136643748	4
0.120626991489399	1.25164712213884	21
-0.04569777293161	0.516908587118997	21
-0.087234798503569	0.382440160542921	21
-0.03919486419371	0.497896322322696	21
-0.113908244002758	0.274942911589489	21
0.022585391620166	0.824049003205189	21
-0.091817864251193	0.292276544193257	21
0.075842399842994	0.959556829986651	21
-0.077059446556669	0.393366502169091	21
-0.08747234331599	0.396338174135937	21
0.040953302456616	0.613101314713008	21
0.043877955070049	0.808193092060123	4
-0.054805656787812	0.496762346096526	4
-0.097693639798613	0.317182323175401	4
-0.020944000731622	0.562658967529147	4
-0.030507317038153	0.600960317100505	4
0.068855897415593	0.991857870358665	4
0.063410093415251	0.909401521971512	21
-0.06599990992268	0.581148289712653	4
-0.10675276349899	0.407249922515159	4
-0.091429104912248	0.393380853385212	4
-0.048735810183243	0.399767560177008	4
-0.08402293679768	0.28207466970096	4
-0.117039899996498	0.255101976311124	4
-0.086924273238927	0.412152096241839	4
0.044394149392931	0.803843821538721	4
-0.111520745041087	0.384486784919978	4
0.075454524895349	1.29124175785779	4
-0.064280942882407	0.486277276190924	4
-0.073587900984532	0.489871068110589	4
0.030778359537843	0.883416667257618	21
0.072266591547697	1.04647321437157	21
0.101661512167424	1.00239908258373	21
0.020248837090019	0.789284322529717	21
-0.00182445996206701	0.536554915254845	21
-0.095197507555633	0.295592190948409	21
-0.04776959964105	0.479332456214513	21
-0.11247768722052	0.340551902447375	4
-0.068206487362145	0.470200626009227	4
0.000945806992528997	0.818973166718142	4
0.00360794728844699	0.681582309765206	21
-0.00838008082684399	0.711833795592393	21
-0.111217005336689	0.314291965855851	21
-0.00815365715670099	0.631379851441735	21
-0.107036267163542	0.371687532445363	21
-0.054996322848213	0.376944327652051	4
-0.035163113454817	0.421039972964376	4
0.108304939449411	0.835361795426502	4
-0.020495155268314	0.660511474628861	4
-0.02376489398474	0.697317015015364	4
0.082612203457112	1.08023282886577	21
0.029478698064929	0.893394108485745	21
-0.021559609386445	0.593778994079815	21
0.00546221450671702	0.822842590829421	21
-0.066169653836976	0.493493835404767	21
0.059460616825464	0.994423179617628	21
-0.106635694088103	0.33502228968504	21
0.042470295329216	0.802640542280954	21
-0.064902689782212	0.611665633364111	21
-0.010604671496541	0.53642073475032	4
-0.032871628055133	0.465045713058839	4
0.037607862140339	1.10271682637712	4
-0.067283549887332	0.534738629729219	4
-0.121984221298497	0.32727597353703	4
-0.044848838116124	0.587965339244303	4
0.000704365717833999	0.817814844461335	4
-0.043655706373469	0.502414516668793	21
0.016543540857285	0.713616300008917	21
-0.097041916082298	0.356349704048861	21
-0.071240057300757	0.415858151735482	21
-0.044735148355449	0.495618216086254	21
-0.064827962341909	0.425274885624858	21
0.108226259227441	1.19212834221777	21
0.038121857467675	0.905808537706192	21
-0.086377262288287	0.404213567852166	21
0.116782534129042	1.09722070249697	4
-0.101094093241261	0.387355021079349	4
-0.122857285989187	0.294636428542283	21
-0.076375422574575	0.448324528489792	21
0.031576006868759	0.966058222569194	21
-0.073636565335083	0.501544611355031	4
-0.029178076331032	0.820320041890693	4
-0.065420347748342	0.628313444664976	4
-0.114513425011652	0.323757395641764	4
-0.080815340829451	0.363369172509819	4
-0.105428358085701	0.340373602275034	4
-0.042013949303558	0.424637415922997	21
0.109036147544313	0.846921762318672	21
0.00246251305179801	0.56424896724341	21
-0.036628301811531	0.632059579869971	21
-0.037803669335312	0.588249645233387	21
-0.049029051492795	0.606205359022623	21
-0.076330226111015	0.461206649850207	21
-0.017013882847481	0.695943225733393	21
-0.020520444104213	0.693345353630032	21
-0.111067944839012	0.363665330998794	21
-0.057899198037665	0.570799305072243	4
0.00824778288747702	0.602199396825672	4
0.039732480201297	0.521075161568559	4
-0.124469853316462	0.271443640605262	4
-0.07339316877329	0.353040806710766	4
-0.07360810507294	0.293130122204074	4
-0.124030939273453	0.175091880392587	21
-0.12314562158229	0.309915034618691	21
-0.039899018149414	0.643074769768102	21
-0.098855079582453	0.271576000724756	21
-0.015559172091559	0.797157088542462	4
-0.059641315345834	0.468964436633869	4
-0.119040713776608	0.289298902368943	4
-0.027612330267828	0.525329533128609	4
-0.10610857826846	0.336578820093481	4
-0.076900990301149	0.456894360718846	4
0.056405940918399	1.05013639521802	4
-0.096407502446128	0.308066137217237	21
0.119026773027176	1.03684011562221	21
0.033001199428992	0.558711059885011	21
0.0603355693586	0.754328472715089	21
-0.032023819669445	0.43743962185125	21
-0.05967869724128	0.492827154108922	21
-0.106145057089944	0.348253523050688	4
-0.122055595934907	0.241700512717336	4
-0.080823749719284	0.395990206595388	21
-0.079467927753841	0.59856020150832	4
0.115586890859637	1.46848932826486	4
-0.072138496498787	0.495213453665902	4
-0.100319840254279	0.389891869857481	4
-0.11229528439476	0.280782459308586	4
-0.112337211453788	0.407742940267492	4
0.082316148376525	0.713584434148261	4
-0.01972610081636	0.454494658878448	4
0.057255009188264	0.723650333501212	21
-0.011502715362123	0.449518147446138	21
-0.018955762189902	0.573223740468499	21
-0.056716414547432	0.580612794572607	21
-0.059670560711184	0.490005937710237	21
-0.069324240947296	0.52230710885303	21
0.012598832800224	0.828849561931051	21
-0.086446451755264	0.501728587981916	21
0.024400581289507	1.02989762584087	4
-0.081535065711542	0.290300393964965	4
-0.080112105649797	0.293290266362547	4
-0.058589792829639	0.237849182722145	21
-0.113719198460018	0.305478899235379	21
-0.074525259724571	0.36562719761754	21
-0.106300727893718	0.382834810923662	4
0.034679257080161	0.885104478293634	4
-0.008233763190413	0.635570532660192	4
0.082168524573709	1.07127092968196	4
-0.07205715327288	0.507393633292529	4
-0.050508612496818	0.391551971915619	4
0.01346391405085	0.515794471012724	21
-0.068552180320023	0.348549476645714	21
0.058592493662154	0.755684656009842	21
-0.06631928178325	0.357177330430735	21
-0.124273622703759	0.234861383257813	21
-0.022662791880221	0.553061615425529	21
-0.013584002479589	0.747017930785323	21
0.068613152801333	0.853920321132044	21
-0.074219873093039	0.406991896717506	21
0.047220008287924	0.851145807590702	21
-0.111795176599343	0.248831849682381	21
-0.037168387440657	0.566303254296409	21
-0.0637907856202	0.55073712468521	4
-0.101100650480264	0.30621028953982	4
-0.005737648966013	0.520601981919205	4
-0.108546377410663	0.294306511353176	21
-0.088588262598151	0.36360277911282	21
0.036154720554618	0.743794085468088	21
0.025488423370979	0.90910507636374	4
-0.057678495657077	0.5871671167725	4
-0.123555391595515	0.335092023065363	4
-0.097508064335926	0.456437827921325	4
-0.063629508274265	0.387367842389993	4
-0.02844810174328	0.582148439983433	21
0.075605931273424	1.20020818988774	21
0.016250293579125	0.817074444752852	21
-0.117320961166427	0.286195716537813	21
-0.045746656548794	0.622413540629666	21
0.060061648073488	1.07415294952303	21
-0.059515994700432	0.577284354128785	21
0.021206413597033	0.75672786117634	4
-0.027141213578007	0.590501605102548	4
-0.062636743162864	0.477338299055153	4
0.057132171441699	1.0428139984999	21
-0.08683985022913	0.400585078491997	21
-0.07506728913584	0.364183060935696	21
0.017060997518518	0.99506462458882	4
-0.108749609214157	0.291823078947372	4
0.082839827421868	0.906123791219069	4
-0.088782922424648	0.365330343019147	4
0.062249465420775	1.4439056414942	4
-0.083969768633807	0.547681300994883	4
-0.105829914898756	0.347479408168633	4
-0.122935721738509	0.301113069718139	4
-0.070211117779729	0.504560262347487	21
0.017453847509807	0.796874033382551	21
0.021200165867958	0.822709636638642	21
-0.092468215716691	0.350303145853904	21
-0.102204634297144	0.326237939804626	21
-0.045357817151929	0.544807303570046	21
-0.084790376207829	0.392160207286892	21
-0.058969752532028	0.55113416420688	4
-0.072684345708198	0.478641171335256	4
-0.057327986619978	0.57579509535667	21
-0.095077844646339	0.352715912065107	21
-0.063655618292452	0.366971569421333	4
-0.090219302967497	0.295865861814597	4
-0.087714426381324	0.337437405058585	4
-0.047554369315085	0.644703561754985	4
-0.108519177022123	0.458154850877497	4
-0.05710590680102	0.483174712089373	4
-0.050601079318849	0.683645614571272	4
-0.033605275513911	0.843078469885643	4
-0.101807717180644	0.435347565935816	4
-0.104068611165524	0.43165705901745	4
-0.08309782687747	0.499677107541027	21
-0.1237431233306	0.345406393960218	21
0.042207080128512	1.07632891100513	21
-0.124861342397471	0.346838332175092	21
-0.124611296374754	0.330317887721775	21
-0.039792248382042	0.434358188346311	21
-0.103333819508289	0.344724517983872	21
-0.112957416010893	0.337279468816774	4
-0.044121706752691	0.653725103265405	4
0.023961127166969	0.88829119503425	4
-0.093298452734923	0.474691450226667	4
-0.082951419898353	0.458716605172857	21
-0.112969920941777	0.330106070467037	21
-0.023617557757511	0.610611179837887	21
-0.00514283789405801	0.779685778429244	21
0.028285152357327	0.739516558146216	21
0.053121840914014	1.01182959800009	4
-0.105165370806146	0.185144115471342	4
-0.041371217429353	0.3418067538472	4
-0.019477584669512	0.381262930716965	4
-0.083557883173576	0.266963302688567	4
0.032966656673927	0.564889611912324	4
-0.105519802673546	0.454193470977247	4
-0.005944628792452	0.606982300251585	4
-0.105864731123289	0.44140903091327	4
-0.006684187430162	0.934930407083496	21
-0.122886544027984	0.337322159871273	21
-0.105043779988589	0.458884591445229	4
-0.025827213109952	0.598824386694549	21
-0.015638781640329	0.352382332857786	21
-0.040707609769862	0.486037885824066	21
-0.100699013947032	0.251596425499702	21
0.105770731910559	0.799697445910006	21
-0.099295595574273	0.257036818795609	21
-0.014448245641154	0.887357391111186	4
-0.115484452025158	0.373739904384464	4
-0.023319907247517	0.876230639915048	21
-0.077475088308377	0.494154994530093	4
-0.00383278210273999	0.70454689699022	21
-0.11081082097311	0.377499684840549	21
-0.071131475204685	0.48883862920135	4
-0.054361730412131	0.328051753644214	4
-0.100857048243778	0.194414218530869	4
-0.085801074729	0.259796115843269	4
-0.057244917482219	0.321957183446444	4
-0.007500976135834	0.841987183763847	4
-0.041770535038307	0.664164226547206	4
-0.089456607461742	0.297572975971125	4
-0.077724168906386	0.497011524563541	4
-0.051417394722212	0.689022028763563	4
-0.051073363369609	0.640028933742361	4
-0.01510054037526	0.883970415830072	4
-0.05914781806321	0.53436188809159	21
-0.116951746791946	0.331905821148044	21
0.018723422392432	0.731936229234236	21
-0.024190834436556	0.366714828343959	21
-0.072208446507908	0.257068702690498	21
0.043433758665455	0.543419298671989	21
-0.052259288410048	0.508385074737934	21
0.038677700070043	0.753105860125863	21
-0.12071353515984	0.244732473025249	4
-0.108276796375329	0.279742457845072	4
-0.091880825715718	0.46422852656094	4
0.035946822054836	1.06587691441855	21
0.00726078318870899	0.792618908931787	21
0.070218388016118	0.718510031182192	21
-0.036083714517764	0.637384252051353	4
0.044138365194025	0.635541099841911	4
0.071621258345969	0.746357507740574	4
0.100106505711495	0.719325429880188	4
-0.059115266101799	0.429132166851287	4
-0.122106763697314	0.241591657295263	4
-0.108378611817619	0.441377160335242	4
-0.091419911708194	0.454810416220565	4
0.102688183561223	1.46342392774094	21
-0.073529672070854	0.524490433090861	21
0.011454436258464	0.996018363631651	21
0.067411227183334	1.08656949293137	21
-0.047783802640358	0.43230397001266	21
0.11333398499382	1.37059786953128	21
-0.036347965289636	0.617066038500566	21
-0.001996175062802	0.766090446922155	21
-0.059158153824533	0.491860446695262	4
-0.062281168475614	0.454624735093833	4
-0.025996312698639	0.772436950032794	4
0.019787926016777	0.741083375555584	21
0.051135021876199	0.891259602669332	21
-0.072519783981627	0.464001143989058	21
-0.003942610230348	0.704071511127135	21
0.014905436662801	0.89548213669421	4
-0.030941033360835	0.674115240926232	4
0.030836558258578	0.690648235432038	4
-0.045088824098794	0.766319953997336	4
-0.077754627133005	0.556284570780571	4
0.056229898053392	1.27401717145361	4
-0.072413628957831	0.604507891213085	4
-0.038975465136513	0.695993822645628	4
0.02630561668929	0.913012377135543	21
-0.119525855578192	0.247441328336488	21
-0.052909222909049	0.432976201537069	21
0.068853275866068	0.722517554302356	21
0.044548156474161	0.636827824750125	21
-0.07282454803695	0.411145724994319	21
-0.014508745064304	0.732624844755071	21
-0.009900630343808	0.767126284632364	4
0.00531246599957602	0.858363873471177	4
-0.068227028987108	0.623930160725567	4
-0.079473707316171	0.529640486887531	4
-0.022190120284894	0.707312713872369	21
0.120606562494444	1.26762898234204	21
0.075387631132091	1.20479072774821	21
0.022514824175115	0.629241660186031	21
-0.08119548674764	0.497093193201748	4
0.022099695523636	0.562347395970623	4
-0.093967810357545	0.381125348180169	4
-0.049267396851212	0.798563663689521	4
-0.070413671169295	0.565169354828306	4
-0.052195132099774	0.716980992053954	4
-0.051834137167873	0.685130572036408	4
0.048752838208642	0.941206811379523	4
0.028201679077011	0.96830504290839	4
0.043108488895048	1.0226041942601	4
-0.035498445239959	0.725172945226888	4
-0.119554487725345	0.315670669959387	4
-0.061249871432657	0.550520399824114	21
-0.116101955115269	0.352027778477216	21
0.045200913254178	0.908495376886805	21
-0.032385002785013	0.495072497583174	21
-0.035618212333879	0.481738444942428	21
-0.078110772833993	0.370831020023879	21
0.015218326339982	0.640276265482749	21
-0.071045632734738	0.436386491303065	21
-0.036343445701984	0.514040457197304	4
-0.058387347505112	0.581907960196743	4
0.022301061738718	0.766194114073061	21
-0.084276334401602	0.462787259090618	21
-0.013429481344178	0.845715344648689	21
0.018697927141483	1.06200021561091	21
0.102831949088195	1.29981704523579	21
-0.067976179769297	0.579578474698455	4
-0.032237214660394	0.594522286652619	4
-0.118078678045471	0.174450235968106	4
0.101424945626892	0.977143303891824	4
-0.028852207464647	0.576915526643099	4
-0.091681062061212	0.519462485591791	4
-0.117013966956236	0.390517663227239	4
-0.090430129856355	0.519827898238393	4
-0.012024243086189	0.750515793423144	21
0.077896734195896	1.21231101138141	21
-0.019338994729845	0.779166399414757	21
-0.02421938099219	0.43398022621729	21
-0.098317160431955	0.28586620888382	21
-0.094937599720225	0.380081546583695	21
0.010398299379998	1.0366231377356	21
-0.050905696272192	0.28526006347216	4
-0.086444360902644	0.413693274570576	4
-0.025223344289138	0.846759065823875	4
-0.00647320722035499	0.822071370534809	4
-0.106275972111429	0.41884395061505	4
-0.012357412102125	0.925192625179357	4
0.072101989252404	0.902212242791544	21
-0.081759028261861	0.505013615486635	4
-0.064057571253786	0.365979899301956	4
-0.115053869009844	0.216306828211939	4
0.110049987336014	0.859288590094132	4
0.00725062601690402	0.488761121168601	4
0.00814567242386899	1.01362761759206	4
-0.010628171850593	0.879448326167617	4
-0.00254446867654201	0.904412738424629	4
0.01171976478109	0.99748568498745	4
-0.051397197751943	0.571843279014813	21
-0.039465498928019	0.572332226985171	21
-0.075339287888111	0.326292410137099	21
-0.042482816935284	0.530972143507754	21
-0.120523368201179	0.319304636670015	21
-0.00673274357574399	0.869782081026559	21
0.091611369311777	0.626813804749806	21
-0.030091635191524	0.699787848191626	4
-0.064424227510879	0.560232594605071	4
-0.05776028384716	0.594379745399762	21
0.085147192444259	1.35346578037484	21
-0.057427592242689	0.521030050817307	21
-0.090437967761449	0.398674976592552	21
0.022219597622478	0.912613210549172	21
-0.00590542569092301	0.652622475062502	21
-0.052604251255287	0.461131281779313	4
-0.124063059150347	0.291161643542622	4
-0.005780442845568	0.734310089317336	4
-0.105673840969637	0.464765437792827	4
0.118281142668702	1.05177198696617	4
0.032543873561038	0.783280458985237	4
0.05506775188806	1.17929849145116	21
0.123613350547443	1.35727590386882	21
0.053624715984719	0.90187638438169	21
-0.034399023858027	0.650492675389704	21
0.089685538534489	1.01664230026993	21
-0.054861371674107	0.490491579469711	21
-0.076612438602939	0.457828535285582	21
0.030604851421147	0.764485493889257	21
-0.101371525950655	0.42045823781467	21
0.102482154228288	1.43240318288648	21
-0.037238638867797	0.47323016264196	4
-0.085488623504802	0.43469933533656	21
-0.068986768470265	0.551170406630012	21
-0.037204872805291	0.473292448284656	21
-0.024223956424164	0.762674147643362	4
-0.071511765450541	0.451495666997907	4
0.00938719536409499	0.605936337719148	4
0.01621861620596	0.821384829687305	4
-0.012317825057118	0.487899721156777	4
-0.055192006953153	0.492535612267078	21
-0.09740383776513	0.379173806220927	21
-0.093306810723488	0.412675967937352	21
0.097271190272325	1.36265865204415	4
-0.026256535599586	0.357964209781557	21
-0.051237575620698	0.465371320198988	21
-0.025684020580771	0.462610640228101	21
-0.091674660962468	0.392616625362767	21
-0.022258705896685	0.370759851593309	21
-0.113521067574302	0.337245330710935	21
-0.050898441914608	0.609462236534774	21
0.033639317048938	0.927381453465396	21
-0.103121115711679	0.461044608945278	4
-0.08160880808747	0.461576997945253	4
-0.066881796097012	0.519330252192299	4
-0.102248978912671	0.372161476126465	4
-0.123004076598926	0.3023947121995	4
0.03422460035631	0.877849181473495	4
-0.11780907281215	0.263544414152624	4
-0.084159877981684	0.485596526191399	4
-0.081749037227337	0.463110173509249	4
-0.09730771062532	0.468995204954533	4
-0.013610983763138	0.518362178531749	4
-0.038584909318261	0.492290012475993	21
0.062063040252709	0.916807346999663	21
0.084018231410454	0.93299106409115	21
-0.110444923307456	0.413697740782858	21
-0.042990996145231	0.624639810977914	21
-0.000473306264790002	0.768727136106902	4
0.07783113458331	1.00293584255085	21
0.022066154925351	1.03432603683018	21
-0.00896139574757901	0.592488031429031	4
-0.016930039845605	0.62955344463705	21
0.010588910738532	0.671961028656312	21
0.010250412270385	0.613731793988271	21
0.116998140693483	1.08976560235387	21
-0.00910469934130301	0.712715178864964	21
-0.071721337410705	0.499011958915916	4
0.019356069137648	1.03912569589006	4
-0.110080557059755	0.319461262049522	4
-0.106832601772217	0.322254232105137	4
-0.0879192888837	0.367826821785174	4
-0.027538523639698	0.644277908476429	4
-0.110820481493825	0.319245670566088	4
0.110650578982096	1.23586388210329	4
-0.107509748645932	0.387115368281083	4
-0.005211500675711	0.694839668664724	4
-0.073575156282018	0.475471363174661	21
-0.098475684216646	0.367216550632176	21
0.119202812516989	1.14282028084308	21
-0.099463963174902	0.374628037623326	4
-0.111267349580634	0.335137434602361	21
-0.094311750538017	0.425482799986531	21
-0.086164116530852	0.48397682189449	21
0.061675205994821	1.01685651722804	21
-0.10636480868248	0.286580640272767	21
-0.07665488585138	0.411099581126822	21
0.013808868176348	0.698485014445642	21
-0.051842628204474	0.410810800779473	21
0.027491935629351	0.736635325639576	21
-0.031790589475194	0.50085383189312	21
-0.02709866605255	0.676789769357959	4
-0.099350915131857	0.423924772666762	4
-0.044649411240596	0.495870841057458	4
-0.080681067055792	0.396381038613838	4
-0.11218909573689	0.313544018999543	4
-0.02531585644778	0.663403501707177	4
-0.00888939146697601	0.676548257905179	4
-0.113844944876011	0.295345021995825	4
-0.058940813617526	0.512925604040076	4
-0.047854117937025	0.454304149927652	4
0.092505025859382	1.08882015751107	21
0.000463960540096009	0.642467001630028	21
-0.07866883523503	0.46496914760488	21
0.040943488226028	0.785034083435285	21
-0.00598699443019199	0.696074460352256	21
-0.12397335613287	0.326754637871013	21
-0.089967470590462	0.43451530879466	21
-0.054723512840201	0.373978850377711	21
-0.035904664794562	0.515485815313858	21
-0.036867062022947	0.608373108877237	21
0.015604941538404	0.872351136178937	21
-0.12182778222144	0.305793147570249	21
0.088691413093799	0.997386057340592	21
-0.118776419047123	0.300779023361976	21
0.065602834774243	0.697493331817194	21
-0.069699686588692	0.460037861649875	4
-0.058841354456238	0.385720990261674	4
-0.05234310417741	0.505007537465255	4
-0.065496102675388	0.531462439214152	4
-0.01303315817129	0.648594601767748	4
-0.05913339966359	0.591183030420586	4
-0.080381762952766	0.505907569790692	4
-0.071166464323718	0.501054318840201	4
-0.107527608496693	0.296953084372548	21
-0.071429002539465	0.589664511437752	21
-0.013459854590832	0.67974731762471	4
-0.039981933263432	0.524588491018247	4
-0.101871814865225	0.352962486789557	21
-0.116829699478834	0.275904371400826	4
-0.000311910380705993	0.550906458157141	21
0.014035199025483	0.708727055516944	21
-0.0000461225862659898	0.597150602807983	21
-0.059335965208406	0.528498760474565	21
-0.097314754222801	0.247037426807919	4
-0.106307231143424	0.263142283233411	4
-0.013830794348378	0.607277902970668	4
-0.029289476205482	0.6644406451635	4
0.04738124896409	1.16136874845126	4
0.023801138318663	0.833717315037171	4
0.039796180769911	0.780541348049897	4
0.119397781774251	1.16088059988978	4
0.083463812534493	1.31466207969735	4
0.081845183074931	1.21441477505207	4
0.059565440190897	1.13777572749168	21
-0.049315199628598	0.618803493890565	21
0.021145009838222	0.692186038071526	21
-0.02860662797689	0.581561206691051	21
0.07741286248688	0.80346392031737	4
0.093857417061068	0.850081605110575	4
-0.099889834360965	0.323279549036368	4
-0.044867568187695	0.360051313747452	4
-0.012605632817938	0.797423921360754	4
0.018654286510526	0.841323340933444	21
-0.070435404320922	0.491363358930123	21
0.026342360024812	0.721317083111454	21
-0.00862379515834699	0.625253777320076	21
0.049392784113522	0.758821959161208	21
-0.091302865321279	0.231343588811667	4
0.070804991565664	1.15653028580512	4
-0.085180704017897	0.43369383655096	4
0.00708452918848601	0.649848857178971	4
-0.10447513554472	0.341386339855664	4
-0.094332760895031	0.444170646698872	4
0.089573848257406	1.30694088817129	4
-0.104630314224614	0.390069442220272	4
0.119905433448272	1.18903591575391	21
-0.109750256886563	0.36963698774059	4
0.013548778572861	0.841989174439662	4
-0.024624833844949	0.538716267430103	4
-0.11153443424732	0.212842923290202	4
0.037084807565173	0.747261957966733	21
0.06082377166209	0.885317862814276	4
-0.068611972558897	0.55481346892882	21
-0.030465187144212	0.629519414181778	21
-0.106604176510484	0.322898247702873	21
0.045492950819385	0.90974720308917	21
-0.040804389915513	0.61551497905301	21
-0.08951910100049	0.330263975461472	4
-0.081654574790069	0.305917292982352	4
-0.116657947425613	0.348779455090142	4
0.042846113533165	1.08379775731755	4
-0.012193219258688	0.759636978232092	4
0.042914906226728	1.02646738592323	4
-0.104092777196697	0.354611059909156	21
-0.000337701480267988	0.644498131933061	21
-0.069489981748786	0.408850474262811	4
0.03752921200706	0.583575093310798	21
-0.041796006562521	0.563940991477423	21
-0.103767330787257	0.367261079925701	21
-0.039290433350844	0.627262907468418	4
-0.118825172537858	0.331017888536528	4
-0.106073777979054	0.356452885168269	4
-0.020968451839311	0.687869505878908	21
-0.028212966739666	0.714081894767489	21
-0.011955790580824	0.689211914131425	21
-0.042815857567119	0.533226740578321	21
0.013129092590419	0.848415419239591	21
0.103060040741414	1.27265614564818	4
-0.012415503806229	0.607981008119398	4
-0.105974172587769	0.251437248152145	4
-0.106938967348313	0.351949159650274	4
0.00544489944101301	0.909367263959303	4
-0.098124597791234	0.341843136042439	4
-0.122999310579861	0.324048114857424	4
-0.00474406911324399	0.568123895890773	4
-0.043069471636798	0.552929405664871	4
-0.00811774347109401	0.648424271285125	21
-0.043460330459191	0.554715489603809	4
-0.118505679465698	0.271725113576155	21
-0.050648535237327	0.577470895278734	21
-0.029035866797189	0.749652992852363	21
-0.088849014340688	0.377677339262325	4
-0.064550462357094	0.447600946560016	21
-0.039539501809586	0.466600109280589	21
-0.0199811075006	0.676416616679153	4
0.014272997915591	0.755773537773556	4
-0.00455681923889101	0.573472621173734	4
0.05088476245529	0.682893457773663	4
-0.094031223358977	0.270646728955741	4
0.11485403456651	0.948831913411833	4
-0.074770880150196	0.448752124787774	4
-0.115679139961838	0.311303428771716	4
-0.103645217920142	0.393552034913094	4
-0.023023926280734	0.676098615407944	21
-0.094902742144025	0.40160955483894	21
0.063344177327785	0.921980206300213	21
-0.075491989159396	0.403118231664892	4
-0.065792664139825	0.40380337758833	21
-0.092520692820943	0.304410723760202	21
0.044016231437499	0.808613568109329	21
-0.059033191658913	0.4951415236902	21
0.018658842724243	0.672821905744341	21
-0.034520916716587	0.488818375548124	21
-0.023805421202728	0.578223500623689	21
-0.091394667770078	0.40667633807764	21
0.058019417218157	0.63822680309373	21
-0.035195747126104	0.482969641135636	21
-0.122730060288823	0.259404602139762	21
-0.042743243805628	0.505420578595879	21
-0.120713108568494	0.310713734690813	21
-0.031424779797667	0.600833338552992	4
-0.086637103629036	0.29204215026063	4
0.00946658531602501	0.708258762605169	4
-0.108861906267168	0.346038597024954	4
-0.026040059643126	0.534254001094873	4
0.070662122664731	0.882659058037197	4
-0.049537365512552	0.58457647411165	4
0.099650034486579	0.945450234392162	4
-0.031834718101132	0.500728527042194	4
0.00909260843707599	0.711719103848696	21
-0.016767887876757	0.655269191815874	4
-0.00611435711021999	0.651973986751387	4
-0.032634578560421	0.465709882200089	21
-0.018628669394809	0.503667307990061	21
-0.110569496243048	0.263130985437268	21
-0.11399654727233	0.274737775572551	21
-0.121906560982283	0.270766450152459	21
0.085870878040401	0.962771721880126	21
-0.012658705452867	0.64571669025408	21
-0.075265673606038	0.452199400431161	21
-0.052871287640187	0.546040267073868	21
-0.107357971746814	0.350649630714984	21
0.013311914888091	0.686690138519241	21
-0.00288923851703701	0.538370465185743	21
0.044479940697217	0.735146647111953	21
0.045539066683445	0.826519042863599	21
-0.038939100681812	0.528204959120925	21
-0.099218464534314	0.397059448153304	21
-0.036319931370599	0.540528768048412	21
-0.02732190750238	0.522316671748481	4
0.015448409539731	0.585343387689499	4
-0.040148514561911	0.433404889129187	4
-0.029221865068013	0.41729618057036	4
-0.037255407814993	0.562609452402514	4
-0.096102221227111	0.399566189728789	4
-0.059542446640173	0.527732468373114	4
0.044054056944535	1.03234559195684	4
-0.108870157665999	0.324825287052378	4
-0.062848375179613	0.452887031916143	4
-0.073882034631945	0.422124092862698	21
-0.104698466428811	0.379344410356872	21
-0.017493276027155	0.679803564261775	21
-0.101908161035816	0.315774147642751	4
0.00515458970188398	0.582478679315299	21
-0.113688845360049	0.25396007963151	21
-0.0368749651387	0.481707685984302	21
-0.098600007268715	0.3244444211298	21
0.084046893497813	0.918414729788509	21
-0.00162793925506799	0.68608985519294	21
0.045641504092221	0.838758532443436	21
0.068140550948355	0.879058921353001	21
-0.066972932532221	0.490695627215008	21
0.011932761666916	0.686524948799769	21
-0.113246757570449	0.288851905241325	21
0.036617067312896	0.659827316449971	21
-0.090727843659373	0.324704882533872	21
0.065610940536844	0.944747453279218	21
-0.066379621600433	0.380091403772975	21
-0.037438125889589	0.589542979237003	21
-0.106696783098631	0.365484018825464	21
-0.01713081984407	0.621269504803927	21
-0.072781478913248	0.45789804421026	4
-0.069322902545308	0.444491894546024	4
-0.034229098739236	0.520854470421145	4
-0.012400210190725	0.774038435204725	4
0.037367318689219	0.835464108693071	21
-0.114412329173578	0.217522174925151	21
-0.036864577738072	0.446134152438351	21
-0.093248821581122	0.318357554914917	21
-0.090277865137673	0.38541785181811	21
0.113203352490159	0.969176873425592	21
-0.079195430300314	0.400828484504302	21
-0.119696286884895	0.268709343652767	21
-0.116195833858735	0.325866877315692	21
-0.119302710189327	0.269681448844561	21
0.011970322701227	0.511949904107412	4
0.01317633900528	0.515064563210867	4
0.030166789325109	0.609435738399726	4
-0.039018245335243	0.603611203357513	4
-0.037252720342021	0.503983935490824	4
-0.019328909108859	0.601605790893867	4
-0.061435456960528	0.501549717226023	4
0.00865143455583001	0.714757707163736	4
-0.079889832996758	0.441956707640438	4
-0.078571708798364	0.478867894945722	21
0.108812582648333	1.14708859813287	4
-0.070968980972039	0.380886584392236	21
0.000392939285926985	0.598505948404206	21
-0.100686082075949	0.356580529802312	21
-0.024495336840424	0.720485997071205	21
-0.11179060364177	0.322420239401975	21
0.11841265620871	1.10478385041675	21
-0.081318768588422	0.392019517927754	21
-0.096869889619678	0.382848975102793	21
-0.026398634827525	0.658877548149609	21
0.043851665592419	0.830914544560642	21
-0.049515710546359	0.615339236201826	4
-0.00764869876872501	0.637643332297366	4
-0.061841814080675	0.482734335400078	4
-0.09974250034899	0.427988998966228	4
-0.123302684067628	0.3427203625277	4
0.035740299073203	0.956531652941695	4
-0.070283557329615	0.455448028786197	4
-0.104217548670869	0.342135064667858	21
-0.048491951844926	0.426932890198772	21
-0.045939582550488	0.46338083422704	21
0.022306359521525	0.817895050890511	21
-0.049631563279424	0.54268662242016	21
-0.119204515276222	0.315237387638646	21
-0.039812446523966	0.62239671612444	21
0.00428868888601602	0.771538879724514	21
-0.078465412959133	0.369875395953909	21
-0.120337715012358	0.319948879924696	21
-0.022807563386776	0.621103556074414	21
0.017878900751695	0.784916513378762	21
-0.082041347955479	0.43487054684752	21
0.014289521946204	0.760601007794376	21
-0.108431667446172	0.356554438187036	21
0.062802213590728	1.04584061473825	21
-0.088026117690056	0.349838002396248	21
-0.115552093926845	0.39730905051723	4
0.103075899238887	1.04886615090007	4
0.065710394226762	0.690203247333319	4
0.090751928314945	0.789577752402874	4
-0.051927272636716	0.410585686433841	4
-0.104221112422968	0.294028211502164	4
0.00739190168929499	0.489070590026298	4
-0.069143792192229	0.513124799861415	4
-0.000983086547623996	0.774388019627412	21
-0.059588399533409	0.510722091200812	21
-0.116569920055785	0.348988118072239	21
-0.122623407653153	0.295318946998345	21
-0.020901023163548	0.599936567591329	21
-0.077762321126662	0.336363101766512	21
0.010176583239527	0.665577756301302	21
0.098913841093659	1.23626094142694	21
-0.102330884577086	0.349690995688066	21
-0.064136708507662	0.551706713006647	21
-0.043007400807863	0.582172468760022	21
-0.102013661210319	0.393503706887284	21
0.00473859050789199	0.879280524831698	21
-0.118774157372425	0.338949774948937	21
-0.098616411461623	0.443871631211054	4
-0.075296502984586	0.381199314405556	4
0.056537678183614	0.522246599526654	4
-0.019541059277344	0.38103122910939	4
0.036139185531614	0.658280631690063	4
-0.073810733248189	0.351985796902841	4
0.026182573665133	0.858901711083096	4
0.051987673316541	1.26693432035804	4
0.028084537844262	1.15085152458085	4
-0.04922264001305	0.704307074454143	4
-0.060278210616427	0.584007044394486	4
0.010313312267119	1.05357043632809	4
0.060175833813566	1.16718337223697	4
-0.063507286623	0.637283921737209	4
-0.079110560457947	0.40110011938202	21
0.00355433788946902	0.903405306637336	21
-0.026085360659508	0.46143729996954	21
-0.026069896182783	0.429424021374172	21
-0.036449798048456	0.510174800862991	21
-0.020851221734356	0.59632103470561	21
-0.117441624002278	0.344752846590526	21
0.077315357615402	1.32401061613779	21
0.012624322833921	1.05625051607485	21
-0.083553779291177	0.546142585542157	21
0.00756968141227099	0.705795848496324	21
-0.120508825466118	0.333362921640143	4
-0.019923510516914	0.491491674608014	4
0.064916114668444	0.572098164091618	4
0.040820406669865	0.691905463661529	4
0.10515278407058	1.10625058921684	4
0.076982930271453	1.30580746884955	4
0.082916738919516	1.40273667863734	4
0.069500883384302	1.2235709301325	4
-0.090855069548593	0.497794917420786	4
-0.122948774346621	0.316793145126349	4
-0.105310707868267	0.443524884636801	4
-0.017666381612129	0.743540652700722	4
-0.068692249654375	0.540863401906492	21
-0.098499584969679	0.272350805615742	21
0.022224919807931	0.568642341516892	21
0.112200229260572	1.31264919166626	21
0.091888688036567	1.10020973097676	21
-0.095296303841634	0.440597395506578	21
-0.122560157194727	0.345250223284237	21
-0.045599023615851	0.58791757949014	21
0.035382800103681	0.950087470851278	21
-0.051792350804721	0.58963378485038	21
-0.108221970905256	0.391252733961689	21
-0.096813386916063	0.424264683661233	21
-0.076824325755098	0.410564557627762	4
0.00399302057679202	0.364190845681287	4
-0.117074122607461	0.175956773641537	4
-0.107894255554056	0.195359845245126	4
-0.08542730648711	0.244662222445284	4
0.099865642233648	0.709849078691978	4
0.055097587857563	1.12327239152194	4
-0.047074826058652	0.764922085364054	4
-0.103306062710534	0.518914487970131	4
-0.073575322959038	0.501776942181727	4
-0.096850955229349	0.319387126147708	4
-0.05376329006526	0.791858392827082	4
0.038876036517349	0.981812983260403	4
0.094239575155353	1.41968565638599	4
0.10740664721634	0.804923071064245	21
-0.106889521864628	0.411839743414811	21
-0.068914913691083	0.526173442306959	21
-0.03114052589738	0.3761644292788	21
-0.035102446931705	0.394529174226953	21
-0.037066899515591	0.416358154906664	21
-0.072908675359192	0.315098596764804	21
0.048007735882716	0.741253089441333	21
-0.067638675815346	0.414334447394973	21
-0.105918645384428	0.263991066248314	21
-0.075688180407033	0.600776149271091	21
0.070359516866972	1.14835771083557	21
-0.021412245923497	0.707035723560082	21
-0.068773957484749	0.538445688427076	21
0.039176354998542	0.766165114113144	21
-0.08543972635013	0.359384832783269	4
-0.00136853947028401	0.2911647284974	4
-0.00185175582753699	0.347885319913743	4
-0.104426029510274	0.186243165369672	4
-0.043532263594134	0.39241975027642	4
-0.093665357146058	0.301697841329567	4
-0.068798134952629	0.653320661939516	4
-0.078217940205101	0.464335085817218	4
-0.123398457021369	0.255998197480707	4
0.062833709184323	0.900447868723712	4
-0.114632581508231	0.420529128276006	4
0.060534493330243	1.55652833340448	4
-0.108475655864785	0.504017816128051	4
-0.087122866759905	0.468737804761654	4
-0.122609508315783	0.333773910665263	4
-0.123451978669633	0.281081771499092	4
-0.091679289763469	0.455704719392515	21
-0.066092573830068	0.553528153074328	21
-0.0781615720377	0.300509164138961	21
-0.032143014610965	0.337033484291926	21
-0.049688023361519	0.393724546622146	21
-0.098746448156062	0.364472274912945	21
-0.044636622239665	0.588759464799965	21
-0.04195243073658	0.340654724275803	21
-0.090012681957096	0.506703777329675	21
0.117804993293577	1.11915840263765	21
-0.109122076860719	0.420123347837279	21
-0.095705132121722	0.362445181067512	4
-0.090952396927549	0.154826960000556	4
-0.097660026018316	0.182970988344015	4
-0.054873891635015	0.274308747364177	4
-0.027852507186776	0.314980367349986	4
-0.12470096988051	0.243554173596451	4
-0.067397891654473	0.720379651879325	4
-0.05931355569206	0.754480908175801	21
-0.065357137001885	0.635101345818283	4
0.003583977249565	0.806487461478503	4
-0.027692326739784	0.69728853280687	4
-0.107159316621002	0.396499614952065	21
-0.00794884629589701	0.425752216948048	21
0.00175816980962901	0.514283563190453	21
0.088038128137038	0.609055623726609	21
-0.12180986098971	0.221555549221385	21
0.083541499016147	1.21127639955139	21
-0.077819014872983	0.198587609487527	21
-0.0000132640075269919	0.845083780685006	21
-0.020022133570027	0.934500606644002	21
-0.034419058011781	0.716032593164254	21
0.015162075994353	0.703367919447933	21
-0.101514384106744	0.463084529372779	21
-0.121698102187037	0.369572636563349	21
-0.017293591519377	0.785766481035456	4
0.112107602416495	0.875507633427487	4
-0.101705995896712	0.235942348458153	4
0.016859816376851	0.833146379696895	4
0.063555884270652	1.19128113118065	4
0.00782585094187699	0.909511778276769	4
0.086681791097949	1.27201936874313	4
-0.123733118381609	0.34003458551711	4
0.118268910923124	1.77998347231347	4
-0.015299335394705	0.864670729735814	4
0.054098827209361	1.29353285873869	21
-0.117996692779836	0.414139139638137	21
-0.03559291382766	0.772717511028847	4
-0.054297286731289	0.58806219039107	4
-0.047683673817154	0.479600854328167	21
-0.069981453147363	0.364689643358452	21
0.01402119705268	0.58106566815803	21
-0.00312859081481201	0.532909997942368	21
-0.055362715037636	0.548659987074859	21
-0.096727821155953	0.451003537167965	21
-0.00703540449009901	0.819603055965816	21
-0.077663559869798	0.564307527651424	21
-0.10906419278289	0.373400070722748	21
-0.036812878593796	0.659030089185933	21
0.044543332283197	1.08906251232026	21
-0.11618607230813	0.298827236435189	4
-0.120963758386565	0.263785637399823	4
-0.038643022571954	0.469187089321905	4
0.045550767581526	0.826564705857287	4
-0.085889362568809	0.388867255106079	4
0.01280972472303	0.802052824410117	4
0.039173202755397	1.16383729645154	4
-0.053859412270909	0.597115466938256	4
-0.019287811494435	0.792569750710136	4
-0.014059345715624	0.892448038006905	4
-0.067757491067755	0.56232308517242	4
-0.030382959469601	0.626408017644099	21
-0.05845175755971	0.568826878392442	21
-0.068045860973872	0.500033707561489	4
-0.027387610122792	0.717774567001318	4
0.094222964597546	1.28736400781883	4
-0.122390387799001	0.312225342672685	21
-0.07041433782695	0.50380045608271	4
-0.013989661467846	0.708848763455104	21
-0.020461510434587	0.690127654353883	21
0.047600703400871	1.05517523747975	21
-0.103182312083031	0.422000390545914	21
-0.114081418088977	0.393029960449937	21
0.036431283539249	0.831655528386565	21
0.025957954966284	0.96147959688031	21
-0.112753563159508	0.277749100421572	21
0.044302446759384	1.1482677496273	4
-0.079351749532084	0.367453456754187	4
-0.04511910743562	0.439816038803919	4
-0.122523599822632	0.295581215638525	4
-0.090157056071599	0.425307000408355	4
-0.090153377805902	0.465086195638506	4
-0.042910446755312	0.719802075706326	4
-0.081051548546633	0.572520780953432	4
-0.00228194197154599	0.881553386591485	4
0.068716848761376	1.11678771348057	21
-0.087380882189543	0.4370760165648	21
0.039131700685094	1.0546627091133	21
0.003106836084528	0.84389971206965	4
-0.124135268342834	0.304029712680132	21
-0.119048378662261	0.399180504246024	21
-0.056449331153068	0.579370143683076	21
-0.053777934206835	0.454305424657788	21
0.109878856252624	1.23196087427234	21
-0.03339081541065	0.720896693810114	21
-0.124102222766933	0.297715680467329	21
-0.000921327526111987	0.799009471569477	21
-0.088169500365708	0.510668975976762	21
-0.092888103075334	0.375124688091928	21
-0.10657061443818	0.262565852835869	21
-0.117066399571591	0.32478857732801	21
-0.122396187781125	0.240881484746413	21
-0.060731688535031	0.525928579155677	21
0.028554267542432	1.0102009615582	21
-0.097888058712939	0.436525202140583	21
-0.089012615550765	0.514064389374415	21
0.118972731603424	1.65414597607379	21
0.0126540710822	0.684355316789047	4
0.085639019218161	1.50197054701888	4
-0.101444021514126	0.438115357918185	4
-0.084479064392588	0.543858220811117	4
0.015717712485856	1.00774679938653	21
-0.094976210162629	0.466502924603594	21
-0.010575511124993	0.702844359746792	21
-0.088726548640098	0.49804269375502	21
-0.00396811223948601	0.939518587074092	21
0.024714640511849	1.06436128552112	21
-0.088065557932979	0.555728495220985	21
-0.122282002983464	0.347421335877149	21
-0.096597251939142	0.415637925459279	21
-0.104786198975158	0.441012278778115	21
-0.049211881381222	0.568242027310598	21
-0.08827444245155	0.501524527391402	4
-0.039509223264246	0.620694752993765	4
-0.098240521276884	0.417473347643492	4
0.022492359760969	0.918358370027395	4
-0.099005501076521	0.518109419136354	4
-0.120809334635079	0.302065080853781	21
-0.0856470108202	0.476220467146036	21
-0.097275727839389	0.44200124592052	21
-0.065326283679833	0.482566564201972	21
0.077739041255548	1.00245364792642	21
0.036995128325857	1.01655708725584	21
0.020807870400141	0.900985360204085	21
0.00277429223701797	0.838731357189986	21
-0.080437647761907	0.425527168630746	21
-0.052180316496838	0.508676239049365	21
-0.09511817930799	0.366411587155397	21
0.037514719885481	0.66861815112313	21
-0.051982332654271	0.620640083101786	21
-0.12224203655029	0.339439209365632	21
0.018324523168222	0.830597293633852	21
-0.066724812353124	0.61839298932715	21
-0.040747547585253	0.489566850460144	21
-0.016849491337715	0.923166074724916	4
-0.055866344740358	0.470863138285223	4
0.021602151238937	0.76336185536572	4
-0.039062487467351	0.622512528332158	4
-0.00923237971635499	0.93332660303369	4
-0.060449210024537	0.607123425766784	4
-0.052332608080382	0.530031914069681	21
-0.118421838568062	0.353490350594975	21
-0.084702021799754	0.421502833093452	21
-0.07334530117498	0.529258869068962	21
-0.074472534165199	0.472228441973179	21
-0.071536994539122	0.499696222259782	21
-0.106618234083885	0.354739824376798	21
0.081522813423898	1.21807602700957	21
-0.01320686985881	0.63975017279695	21
-0.044429852591532	0.595348043731439	21
-0.114356020272146	0.325927508956109	21
-0.106627420960267	0.406360458415087	21
-0.057832940737532	0.623123325940572	21
0.103185494850339	1.32226010254295	21
-0.079625891006514	0.420001125732319	21
0.00121976930313	0.610799527122137	21
-0.112995086705172	0.402705874031703	21
-0.053258100308165	0.547379962581287	21
0.035548837700456	0.88882426491042	4
-0.045933618689009	0.562176470111631	4
-0.116360741542107	0.388854465130382	4
-0.081399095561609	0.569435208101105	4
-0.041474445705121	0.768481785427898	4
-0.117415590922451	0.372632865100837	21
0.044574038685208	1.14569791075723	21
-0.124617597928124	0.387070354801968	21
-0.112240948115353	0.349915662557385	21
0.048607805375179	1.14447696250887	21
-0.033117464432463	0.698830529839803	21
-0.041144654250452	0.542320403929286	21
-0.018154005345066	0.646238694887038	21
-0.010017960719269	0.736646026309414	21
0.032700282184234	0.918065245484708	21
-0.124592625276984	0.337127371105703	21
-0.028131038398305	0.813665115083447	21
-0.116995331200312	0.374111718196966	21
0.044072989048686	1.09087413724374	21
-0.065560229378752	0.553410371291003	21
-0.107886491073599	0.42879506949398	21
0.053857470838732	0.909025866865329	21
-0.054266178208438	0.560691632968546	21
-0.015968140575275	0.751246243950794	21
-0.109014476833339	0.401094017495713	21
-0.034429315693415	0.672059933320475	4
-0.090895090481667	0.310875341472922	4
0.083604178768511	0.733896400931357	4
0.078870053351641	0.679180133878095	4
-0.068495052829582	0.464007950333671	4
-0.017084479876794	0.907661420745604	4
-0.114724378820187	0.408152949038045	4
-0.099851277381902	0.543692320917522	4
-0.034345254074701	0.711013710143906	4
-0.079117519080801	0.650313333473954	4
-0.056099696593525	0.689340876804846	21
-0.105429364965726	0.49305079565518	21
-0.103481263712313	0.488870750208826	21
-0.03912313846038	0.772963247913361	21
0.100212335443451	1.51119140240241	21
-0.124920708436679	0.309327415959839	21
-0.117828172552686	0.36545556267036	21
-0.027690960363162	0.909616442464595	21
-0.087914244266246	0.475452979835741	21
-0.007265673365973	0.906481473559295	21
-0.083507142747931	0.44158224298196	21
0.108068566585721	1.22253395455185	21
0.05318466727313	0.798196221759234	21
0.062442473251654	1.02632165498843	4
-0.0405141347036	0.519499808345183	4
-0.018785480846113	0.535179544234016	4
-0.122193283619619	0.363813831365727	4
-0.014064196972262	0.966338815144614	4
-0.040030601550554	0.778072713400932	4
-0.058781263995181	0.604758900709738	4
-0.083392522469447	0.550269950779389	4
0.034434214837561	1.18914739521196	4
0.121553929079648	1.2647411884916	21
-0.117390433935479	0.355113624044277	21
-0.037773313901253	0.654901366734268	21
-0.039268565919981	0.663382409870943	21
0.085550533004326	1.36178483387033	21
0.046755616949048	1.16736400648463	21
-0.115029857883174	0.354117715677489	21
0.071571817703998	1.16003563821416	21
-0.040601336292432	0.594258085186533	21
-0.049137179354424	0.619512723247928	4
0.015198584041578	1.03110305042273	4
-0.008104937908679	0.811069690834789	4
0.124495436510563	1.33738686836443	4
-0.082461736840462	0.433378892876517	4
-0.040170901028635	0.722587793259316	4
-0.025844196133726	0.730730875302507	4
-0.02886670242267	0.812593290271022	4
0.039867761689225	1.04071947998956	4
0.022243915697281	1.01406197904277	4
-0.097166928156573	0.43185139593977	21
-0.00873468543977099	0.829278064782838	21
0.059413198610045	1.16291499680731	21
0.042516711956753	1.07280681945339	21
-0.124260104918524	0.325856814122556	21
-0.120442164499987	0.404769142195441	21
-0.07350216939195	0.614475276153561	21
-0.079102698903042	0.61200552263237	21
-0.066464734020578	0.379857562823631	21
-0.000291978508413004	0.691226793503722	21
-0.039651893132936	0.43849448411428	21
-0.099334921656438	0.394816678553787	21
0.039704034081677	0.768640517496694	21
-0.104467718194968	0.42235394972741	4
-0.012764874076399	0.865382397141246	4
-0.070488658185787	0.697783828413395	4
-0.079847005539741	0.534245100891384	4
0.045448515760615	1.11267708257851	4
-0.035666689171463	0.707599445270238	4
-0.0155837656677	0.860300031469732	4
-0.118694795329421	0.299357089101491	21
0.03424075983008	1.07950069788941	21
-0.104999726028287	0.42663998929005	21
-0.109763554218288	0.451676739552529	21
-0.064406450408371	0.631246215368644	21
-0.116467688818811	0.384097658639494	21
-0.00353422951514301	0.70557881585287	21
0.05716506380667	1.20116378832878	21
0.000830746310216013	0.845616645360236	21
-0.033133025206447	0.61577185268442	21
-0.00990713648027999	0.499358381025815	21
-0.03167997611494	0.689869673245638	21
0.058180068793156	0.747381341148787	21
-0.01279774232215	0.845926490935129	4
-0.106009792538599	0.424133442403563	4
0.011476112205697	0.992640489038413	4
-0.040932275177609	0.74900607276855	4
0.105179888412144	1.34753048950686	4
0.034394016011686	1.15652973921053	4
-0.118499712502981	0.404086527650617	4
0.08297469349315	1.2388439738699	21
-0.046417820074343	0.670490151276062	21
0.101507315436188	1.72050414920938	21
-0.054105605433206	0.662732613570877	21
-0.013983903437611	0.769962024052612	21
-0.029876530748019	0.836218581477785	21
-0.011809500560475	0.751356155536462	21
-0.025300369107739	0.687344490590221	21
-0.048433394444933	0.712283596298331	21
-0.119059914166522	0.406666545160683	21
-0.124953502180385	0.24295603059847	21
-0.097739009875525	0.402142892289876	21
0.059732894184567	0.989699921154225	21
0.021342442872089	0.62558923063387	21
0.058229570983564	1.44263465985706	4
-0.010924440763191	0.973628846758659	4
-0.063579976585622	0.570399655134519	4
0.067891400159393	1.09491944515657	4
-0.120016853975832	0.342397384670389	4
-0.023747990654737	0.669710995295488	4
-0.013848375665992	0.739050908934238	4
-0.091444535570771	0.437494303732945	4
-0.076784545822535	0.540909163777765	4
-0.010826001171969	0.859291912078096	21
0.101552673048132	1.40113542604154	21
0.00879219045232299	0.80357182289489	21
-0.038681795642813	0.685890415647256	21
-0.108758354775892	0.335018745751819	21
0.01710303697393	0.959689416810271	21
-0.000459391921619007	0.801028867288665	21
0.025368136718176	0.855433663098718	21
-0.117832964361475	0.356937849347045	21
-0.04958763710138	0.539713578426788	21
0.013420964015427	0.573892578286482	21
0.051121286216912	1.10899507465983	21
-0.043460330459191	0.554715489603809	21
0.110646809422011	1.48782311123641	21
-0.050093020789597	0.419074687845532	21
-0.103013072224108	0.421207944309516	4
-0.117484775421165	0.347318638688818	4
-0.083600633706084	0.465262322477013	4
-0.00843833947036501	0.86094559295223	4
0.045888912989557	0.917061281630962	4
-0.122988576914394	0.412171103557011	4
-0.121998538938296	0.334542948168528	4
-0.00400859750023899	0.745605515750136	21
-0.062352935611005	0.528339607323275	21
-0.12078522075012	0.368754920065345	21
-0.051439281976567	0.781932661729525	21
-0.013939204885666	0.856351604768954	21
-0.097644254956494	0.483055596597782	21
0.049611724811918	1.15455946928428	21
-0.037030728447298	0.617499353327454	21
-0.038998164316766	0.520904922200286	21
-0.08915299523281	0.480005891341086	21
0.064421222457442	1.08253140875213	21
-0.121050171510847	0.400670810491097	21
-0.077097746132845	0.393220894149508	21
-0.062739218973592	0.348053177272222	21
0.086241455809138	1.12527406804656	21
-0.119202603839163	0.21780023811677	21
-0.010389159031742	0.886855713424757	4
-0.111289117121836	0.306071649745546	4
0.024265812181978	0.714043392132264	4
-0.119611992603848	0.342305494137713	4
-0.07951588811238	0.433315597802239	4
-0.108573052624721	0.453811349275296	4
0.036271455309112	0.846517410314623	21
0.040122054910548	1.14281958290528	4
-0.070214634783039	0.578479640290336	21
-0.029167999501017	0.687709589746482	21
-0.070406197403844	0.558146859634112	21
-0.006715963974228	0.645431088298293	21
-0.047984492193353	0.551346483506787	21
0.012244792207094	0.840165058514995	21
-0.048268407145993	0.699075314527668	21
-0.032273253277648	0.835928989402654	21
0.034407711809936	0.883830277858328	21
0.064110619156324	0.809264512644181	21
0.019935772849433	1.07284820184132	21
0.059303536964748	0.969435119559531	4
-0.085591579716366	0.278809511141009	4
-0.113193595671966	0.255074371723283	4
-0.013169446094738	0.480824274003075	4
-0.106132123316339	0.441675304220927	4
-0.030054296959165	0.759411159202021	4
-0.042268121641098	0.820423168589068	4
0.00253989673621702	0.934507127452695	21
-0.090287876676167	0.554933239404867	4
-0.037189044379488	0.738834858951512	21
-0.081214527607575	0.545365002916105	21
-0.123784236602356	0.298518740591281	21
-0.0901089963245	0.50788381081953	21
-0.059142649399773	0.473576201944827	21
0.102954701889222	1.04016237156757	21
-0.050618966023594	0.44289268537303	21
-0.099774306819359	0.436411194167108	21
-0.077351504512802	0.457607755351705	21
-0.016237577137653	0.590715850541117	21
-0.044354892732288	0.613492397706917	21
-0.063165163487953	0.602368537176766	21
-0.046937620804066	0.729515820224767	21
-0.026308968929476	0.731370654269335	21
-0.095077977665624	0.411068009713133	21
0.084694472630607	1.23003164087327	21
-0.031558950023191	0.729428631293832	21
-0.042420035848996	0.800444014494964	4
-0.094226287923031	0.506946730241937	4
-0.057991201763429	0.366177530808343	4
-0.034874837589688	0.395193079146422	4
0.070642958960778	0.7505566711907	4
-0.079071292227243	0.597348953804985	4
-0.068719614101306	0.62541167197723	21
0.091751611149452	1.74483259916559	21
-0.056584960827332	0.650829189400641	21
0.099288926466055	1.74711522725838	21
-0.065151131772071	0.51548231773149	21
-0.039652735050457	0.772271371397435	21
0.055725772102565	0.941297094425212	21
0.043268833204794	0.817258988738652	21
0.025676885719381	0.865816534755202	21
-0.1157740763874	0.385499765430028	21
-0.066642213867732	0.637084459300429	21
-0.115397203383578	0.386878597090254	21
0.012079486670581	0.942593596500914	21
0.020966756028902	0.954344076333041	21
-0.078122104886796	0.56982519528016	21
0.06881701717391	0.744065226738912	4
0.03092590760088	0.553116141559828	4
-0.010629470410212	0.93780977783349	4
-0.06523747245789	0.665152922664406	21
0.078078946731792	1.80390487992313	21
0.04951953365146	1.26969012339295	21
-0.103163847139052	0.369038431301982	21
-0.06173225482132	0.668296994603528	21
0.00319371066479401	0.718029061449477	21
-0.114455273140217	0.349468550676074	21
-0.10221955913332	0.301166981113398	21
0.052728933630329	1.38467429640174	21
0.048395874529967	1.30918234808006	21
-0.095135242383316	0.485765739385731	21
-0.00755825136520599	0.726765043311247	21
0.108332624418951	1.12881931037499	4
0.010363695687376	0.25669203400632	4
0.034127092889747	1.15860035888315	4
0.00758970835786699	0.904389776025649	4
-0.042293343748067	0.531649765413677	21
-0.046310501229149	0.891321694884753	21
-0.063155784154147	0.853395293248532	21
-0.090224957212489	0.598470602368688	21
-0.06480134929864	0.627451351482536	21
-0.096418148156267	0.499306398934541	4
-0.05337133058827	0.403257756456479	21
0.097158996611828	0.684692755553143	21
-0.085414587279353	0.529472635012124	21
0.070629973153472	0.735489835193111	21
-0.115623296765761	0.311474627894421	21
-0.024114464414145	0.741632928988259	21
-0.113508501552027	0.438725921915852	21
-0.075293867664215	0.66903909435437	21
-0.066522832905363	0.746046288368375	21
0.00310525387810401	1.17939563114433	21
0.00308322423762902	0.992142491818164	21
-0.121589683371318	0.337181196570471	21
-0.100704471997154	0.533381537605359	21
-0.030155361476028	0.888228974241977	4
-0.061589137647878	0.549094114695859	4
-0.102085031362224	0.28724470810881	21
-0.122141793187368	0.38394715652161	21
0.037968710396859	1.50891364311541	21
-0.051048976263551	0.804104748326791	4
-0.036056796424247	0.806005783672359	21
0.090609380551302	1.20175177619415	21
0.090377821151405	1.43224064066137	21
-0.040862952863556	0.749371775978643	21
-0.075305636870006	0.549010302484571	21
-0.124505939716221	0.194523157048224	21
0.07205363004416	0.628451650988893	21
-0.051414098582612	0.389433911899735	21
-0.104161666379721	0.342312173259618	21
-0.084662173702621	0.519669982729754	21
-0.085999328432876	0.666135121631858	21
-0.094290648243989	0.558427303507856	21
-0.093419966719608	0.570935166528163	21
-0.119119363850494	0.447332989276662	21
-0.095275683418378	0.527786249173751	21
0.099367859686665	1.25943588065526	21
-0.011455466358752	0.654470499179749	21
-0.106353266072107	0.263042817414337	21
-0.014167789095902	0.208384385538462	4
-0.06281981202125	0.200075423942019	4
-0.067866176886775	0.468724443670845	4
-0.059700435631709	0.69754480819371	4
-0.115480562073715	0.453765650621609	21
0.081489087633625	1.81291201478368	4
0.013932668632845	0.852196164001307	21
0.054096589411615	1.08281928960964	21
-0.094299881319404	0.434958344119567	21
-0.065571893653459	0.316454458561208	21
-0.025915140798936	0.787907182464845	21
-0.020263865662037	0.379569715111472	21
-0.095961692964022	0.220465847413415	21
-0.112183014868897	0.21167190253665	21
-0.098911990613503	0.271423424602642	21
-0.003832615511146	0.627544381507315	21
-0.033895468039319	0.218902240230196	21
0.00788004075474502	0.541763195702089	21
-0.112308124277844	0.456928903615569	21
-0.001829402054039	0.855271556708872	21
0.081063851782575	0.541288521542436	21
-0.00719294087018599	0.968665331573301	4
-0.097528358813106	0.494601817527483	21
-0.0863799295563	0.650037151944178	21
0.030214103556356	1.04040938031817	21
0.00589032685009699	0.96638415024984	21
-0.081411389865202	0.525925404091915	21
-0.028279423023598	0.647784059055412	21
-0.027765268995216	0.457034006274808	21
-0.123337387921821	0.284750570701664	21
0.124535285680182	0.776744217038268	21
-0.091698190423291	0.339779772496546	21
-0.117330093630437	0.494528213154129	21
-0.093951860985799	0.566673116164032	21
-0.073601055051702	0.528229528047023	21
0.086898343592211	0.959805299723121	21
-0.091596201713478	0.594344569151995	4
0.024363174783815	0.511575538148978	4
-0.082028054725365	0.168697224533753	4
0.022807994244682	0.286851072183917	21
0.117750173579357	0.660072428667343	21
-0.092536841351779	0.273747533775389	21
-0.069184020246531	0.574332556587208	21
-0.00734420881474401	1.17725081133189	21
0.106364249775357	1.89617786943291	21
-0.090410801908842	0.658939805366696	21
-0.099739691626517	0.650384699204672	21
-0.080771625150843	0.380056877722534	21
-0.048017046078316	0.610391673803574	21
-0.091101057140513	0.461463874442416	21
-0.033625828235052	0.334324111474438	21
0.067591379290203	0.453612542422854	21
-0.095630948931768	0.294594011268958	21
-0.083860957412287	0.333413616426773	21
-0.041808702585236	0.486176960544899	21
-0.104986945101429	0.488728395404608	21
0.094812446074066	1.16512365604668	21
-0.077428490133036	0.408676699443185	21
-0.100008587310972	0.418396246706019	21
-0.078877250506601	0.606695495511487	21
-0.077058464120321	0.319211861550325	21
-0.037308416356037	0.767473290319232	4
-0.062701479643107	0.171267691381771	4
0.03793014417367	0.424652026232743	21
0.021127323148398	0.434447917558687	21
0.045343205836282	0.639218656172116	21
-0.042135985539362	0.855067698456511	4
-0.078038074060415	0.753871582791689	21
-0.042296109677719	0.900491107206704	21
-0.068262907825057	0.556244908305455	21
-0.025494105870599	0.430916946089295	21
-0.044312456474368	0.735250541953238	21
0.055212311992798	0.615987534622541	21
-0.044820866235879	0.389206273688235	21
0.061978838679254	0.67169351384447	21
0.020903618413358	1.19257465158409	21
0.050533158423495	1.03835020600802	21
0.026754190112148	1.17254920691097	21
-0.12137773870954	0.29022108784354	21
-0.074509504309134	0.439152468911835	21
-0.113420811710059	0.423875333903018	21
-0.012956746685879	0.801955259598168	4
0.057217238147598	0.744007407826861	4
0.10583685772502	0.50209787261235	4
0.089848994064283	0.393246097880523	4
0.06491860771661	0.954911547587428	21
-0.055216083773963	0.422766866396377	21
-0.111979094263932	0.497445558234152	21
-0.123218613182417	0.427296554383486	4
-0.001397999859065	0.95409335774078	21
0.051296393839193	1.10986978383677	21
-0.097068632929773	0.54432216287201	4
-0.022940740662747	0.968794985335476	21
-0.080909167454932	0.578608983383003	21
-0.091431435181912	0.482046791010352	4
0.089130142047438	0.999280566095572	21
0.010748907994757	1.0688087194325	21
-0.092223780307449	0.333748527332167	21
0.00180469439859499	0.7944692633399	21
0.025816826175685	1.18892835001151	21
-0.070400465512268	0.707437036409352	21
-0.086829801763191	0.481394193462626	21
-0.00597983544426001	0.919645779973817	21
0.030367113644842	0.763748089069925	21
0.050928725579411	1.05079979042884	21
-0.100337357940134	0.482596326050365	21
-0.121749913540899	0.128092427478793	4
-0.063801283960788	0.226029092210965	21
-0.036139587924557	0.476285563199865	21
-0.090354907963875	0.506831534355257	4
-0.1002145516785	0.417678547671527	21
-0.11852213481544	0.331968925984657	21
-0.12295100590859	0.45239601777857	21
0.00732416913058498	0.747928073523243	4
0.031780526585506	1.15362142754288	21
-0.019467321381344	0.886406953710288	21
-0.0909692680685	0.394759842047494	21
0.066964709592118	0.826782950284845	21
-0.027400280518463	0.695473427781971	21
0.051258173888793	0.374778170871572	21
-0.031397559301728	0.886437269112666	21
-0.083261656433315	0.686253183200166	21
-0.07018692910421	0.782699753925835	21
-0.101145546661736	0.549907483424598	21
-0.112916959551883	0.502125198660834	21
0.035991912927234	1.16199901895613	21
0.048478740365286	1.00688890076493	21
0.036117576549102	0.41399777675581	21
0.058358182949561	0.403151637418385	21
-0.078008732830807	0.353587783952723	21
-0.015667177292417	0.785944449786262	21
-0.101765708103557	0.531027814882947	21
-0.09179681075986	0.567345338944139	21
0.064129888426719	1.87379777560685	21
-0.02415410601473	0.992319769628708	21
-0.045755806152284	0.662473079464731	21
-0.044485505705778	0.445133679320862	21
0.057266760615309	0.744259514293548	21
-0.014290539055088	0.309610075908353	21
0.091117954432974	0.799238664097575	21
0.04057682821009	0.605475906259006	21
0.058808010224296	0.403845555743358	21
0.122382954256434	0.731393932158134	21
0.059681754365293	0.650199488799643	21
0.024003407363745	0.446782185910581	21
-0.10424549866863	0.423175734753706	21
0.077916663860646	1.00332228930638	21
0.105084195352739	1.12951081682331	21
0.066062355576812	1.22665820847339	4
0.042512371330788	0.796891490336398	4
0.035656310508271	0.413177118064378	4
-0.014440811548876	0.309433772338351	21
-0.010445032478562	0.372696616718792	21
-0.102876090900222	0.324364411812736	21
0.022370954966464	1.29265445002348	21
0.051303058715871	1.49908999362347	21
0.02704167548537	0.975371121472916	21
-0.085631707188547	0.681043646069774	21
-0.07772126200804	0.736407454607378	21
-0.115243225327261	0.443450344969405	4
-0.073424774412586	0.527033471435642	4
-0.114458861931018	0.423642971022841	21
0.024147730864414	0.640034380457973	21
-0.027651735268931	0.315365734588311	21
-0.075891731324835	0.675260193881753	21
-0.031435662997599	0.810023624707397	21
-0.057379168613153	0.479275902956873	21
-0.109670302334973	0.352577933003503	21
0.01213052761243	1.16471730094871	4
-0.073416608656223	0.313975173662438	4
0.11939230988617	0.684079952306531	4
-0.085144411222617	0.185152773100355	4
0.049125884682923	0.483431383176619	21
-0.094358675238219	0.58431058724819	21
-0.110090368722317	0.397230871323726	21
-0.12252182485154	0.481992124976554	21
-0.087494816834304	0.553641194170931	21
-0.00178793040403499	0.968328187412226	4
-0.101927137282979	0.428255739027625	4
-0.062746895571485	0.638912587894712	4
0.00780458854986699	1.06789487820494	21
0.065601826849839	0.800684849245781	21
-0.017463671274314	0.430008375673946	21
-0.055905192758443	0.417880226026858	21
0.064559121375744	0.686905547900821	21
-0.06693888539604	0.355654214691568	21
0.061716447966746	0.889365989848733	21
-0.124247781921453	0.309825203288373	21
-0.096977786364008	0.493671646758658	21
-0.118771999355917	0.347841830998504	21
0.108374707926674	1.51355123479522	21
-0.013784582808805	0.896756473652309	21
-0.054511512183148	0.475298438999802	4
-0.120816180982255	0.244534551966519	4
-0.122380908194378	0.278621935802065	4
-0.077859327554778	0.640679806454491	21
-0.01809792619764	1.13255525026961	21
-0.098719745906054	0.594869143562059	21
-0.039101670607246	0.900420310512641	21
0.090763588918611	1.68645864908154	21
-0.063359749770369	0.785139740247463	21
-0.083086652719513	0.63026487791159	4
-0.024333066545979	1.00282181269937	4
-0.039675944781078	0.574782762603457	21
0.119558098931533	1.11854741106693	21
-0.119069563568884	0.279860004817746	21
0.000146550676747015	0.897440369260603	21
-0.010740027567255	0.781196816511285	21
-0.00547573931711701	0.763587784205222	21
-0.112052313083047	0.396056686775945	21
0.055296592485312	1.25951957424252	21
-0.120450487046667	0.415980537910443	21
-0.120945011041583	0.374579981827056	21
-0.072418266164808	0.661344021465223	21
-0.017024818788328	0.935972923520977	21
-0.025563732360483	0.658999826798623	21
-0.098937434392894	0.644319667494469	4
-0.025569526653111	0.430699996040335	4
0.00907547326972802	0.599707354315322	21
0.076049856977248	1.40812965765923	21
0.00587990398908	1.29414499818403	21
-0.048333898333986	0.722480017501172	21
-0.00766715380505401	0.93902982520899	4
-0.098615963151102	0.519873247060364	4
0.034108017324496	1.18328505239104	4
-0.023191402095105	0.513405795191587	21
0.023569452581028	1.06678640779282	21
-0.020947517924608	0.78409017711894	21
-0.04934409685082	0.650117547079824	21
-0.0819810061907	0.557975780272789	21
-0.115954915501224	0.319511593169855	21
-0.083416934817361	0.415975196099012	21
-0.069026739850301	0.464897325882334	21
-0.095961337879409	0.552171491467091	21
-0.114940854108412	0.453577696210909	21
-0.110495725193718	0.318154665696654	21
0.024845569695974	1.35024590174675	4
-0.056229387068732	0.640966919771067	4
0.044661128094067	0.723609695709741	4
-0.052509501082301	0.383080280452317	21
-0.119347961755437	0.353091242915911	21
-0.073349666807608	0.633100549225598	21
-0.026261482721675	0.920454344865437	21
-0.103526707436769	0.469525866854197	21
0.00477328940829103	1.01109062577514	21
0.063094546446711	1.49888409293705	21
-0.043061243446149	0.822905440699008	21
0.030932901552267	0.771231132395051	21
0.00902886252868501	0.656600853080184	21
-0.123441092767369	0.255928906322326	21
-0.04809971377852	0.401425651583776	21
-0.12086059248043	0.282676520641429	21
-0.056517352413844	0.546958358148224	21
-0.116149648361903	0.38398211265895	21
0.066918272060067	1.31463684773174	21
-0.104397174352686	0.479444336594889	21
-0.059010678430137	0.642854055699764	21
0.036044200520403	1.02466046033266	21
-0.083968084746351	0.463756469469162	21
-0.086528011753378	0.458948961994676	21
-0.113721641024012	0.512974461906965	4
-0.080894378314808	0.235467434170091	4
0.028678430876692	0.463125750959759	21
-0.124543733897384	0.372646220013097	21
-0.115198101173512	0.461566273632966	21
-0.051667913942973	0.790775320463683	21
-0.123855838686214	0.393546377266649	21
-0.116474589415644	0.433638261649213	21
-0.110204518882524	0.438151272995755	21
-0.110755353226423	0.413845420944723	4
-0.117916239571698	0.397549437470961	4
-0.086377587867881	0.519838511900997	4
-0.001150408332524	0.543570408231972	21
-0.088889610372363	0.284298743106817	21
-0.121246660841265	0.281646940047526	21
-0.066612112557219	0.585469382844586	21
0.050802034779487	1.06523818669456	21
-0.083861386126446	0.464283456109609	21
0.115600285562515	1.78078261578487	4
-0.124008532362846	0.163177852965928	4
-0.010237404188808	0.73924542886466	21
-0.0974777543369	0.468235891130151	21
-0.00956428598433801	1.31967621216509	21
-0.081046379816514	0.664667304353731	21
-0.000454431189825993	1.10932808386503	21
0.00813681439661301	1.0543335158131	21
-0.066223287088027	0.415301923475326	4
0.043185065040432	1.31236594334062	4
-0.02835610769304	0.314102629179824	4
-0.088293040541775	0.27044220423911	21
-0.086763654425822	0.291695196153272	21
0.073541682064418	0.775226936143495	21
-0.035449306982566	0.482160619763319	21
-0.063977530446737	0.718706801565497	21
-0.037449450167639	0.710939662550955	21
0.00516017491498499	1.06207722055332	21
-0.115137742345912	0.60562066372187	4
0.04140473653724	1.01385532495308	4
0.110917617095255	0.563588216725559	4
-0.000770142209411989	0.292006016635533	4
-0.072927568100756	0.183388104991658	4
-0.014663302770942	0.309000603696791	4
0.094783189067277	0.660916284447161	21
-0.021589273392395	0.862651898378329	21
-0.09966000501582	0.421302830740511	21
-0.044066989437212	0.837432259356256	21
-0.083650750130647	0.625997465831523	21
-0.099071169413705	0.553619525753408	21
-0.021699315371897	0.729358375358319	4
-0.096524581708067	0.279151355334207	4
-0.016098972228643	0.929373624058752	4
0.102183607694601	1.70469927477575	4
-0.115885286366361	0.202770046990215	4
-0.105439267776513	0.239629323380769	4
0.013715114936294	0.462517490056097	4
0.089355284021055	1.19522202407803	21
-0.052207587086763	0.251800757063688	21
-0.063755013152756	0.728767121430335	21
-0.06858413934834	0.616195633471922	21
-0.05132678810977	0.4650422790694	21
0.048255387799139	0.938928520832114	21
-0.053179666327738	0.502277612128268	21
-0.071332921805455	0.488086215774894	21
0.038632364195027	0.75291890778956	21
0.00384197421222299	0.423803941826203	4
0.015638846817561	0.652178630907836	21
-0.124532968974409	0.330476465444162	21
-0.120447969851717	0.333571909472595	21
0.057525430473393	1.45911252278783	21
-0.110625126263567	0.459315197784079	21
-0.111901032962844	0.575805296919861	21
-0.088601798233537	0.751483670016731	21
-0.085266577832475	0.668849295341618	21
0.028600934363353	1.50044270183323	21
0.051640003979562	1.39302482932757	4
0.094624655336193	1.49365690518076	4
-0.083254202398538	0.576047539023827	4
-0.004609296217361	0.620403223387996	4
-0.093318035164354	0.272132629335531	21
0.032980731773412	0.784981278502779	21
-0.031390590756037	0.502046214772893	21
-0.086462027592886	0.425013562682134	21
-0.033137962346495	0.69853735947	21
-0.046901122067959	0.854294332144275	21
-0.003583519026122	1.15536433127063	21
-0.081432024375421	0.592832473393897	21
-0.039165559564721	0.527406310095466	21
-0.078177939314298	0.403742718122376	21
-0.113405390602086	0.466148688754733	21
-0.110733621937668	0.578312765270798	4
0.00534622795046402	0.427038945128014	4
0.12079297089003	0.697588898063634	4
-0.091723380294779	0.211551591409659	4
0.010987829090368	0.785393335309021	21
-0.005911990959832	1.12610084057314	21
-0.0916107405158	0.513317691367999	21
-0.116020262826849	0.615007085864704	21
0.07733036815536	1.32419661674542	4
-0.116474349744281	0.397883651271054	4
-0.075045477524192	0.624723108005503	4
-0.123299884985432	0.246797715242404	4
-0.07237862049666	0.4125055057131	4
0.108775019201167	1.21843919956475	21
0.010864610937498	0.776022014742604	21
-0.091993756196732	0.305633511455128	21
-0.032091496424209	0.991385450529593	21
0.040185515010522	1.53328265483499	21
-0.088922758363572	0.629223860809251	21
0.062048378102127	1.4745593006585	21
-0.028179933164139	0.773940714167531	21
-0.028389427759541	0.314061944928336	4
-0.035678917805845	0.423897106724247	21
-0.042172594682625	0.510395410904528	21
-0.121060476057598	0.511577222798311	21
0.054418797888049	1.80253347875487	21
-0.103066334684779	0.601507071763726	21
-0.112603855959598	0.509335669940593	21
-0.088430627534184	0.595009461486806	21
0.113403450344057	1.42029067986099	4
-0.024093898111834	0.866867000906029	4
-0.008265960573657	0.377140969990816	4
0.088375831959545	0.988560774436165	4
-0.020963548051783	0.37325737639732	4
0.088936449328903	0.602853531064888	4
-0.056155410444391	0.370651027364009	21
-0.0217800027596	0.555964565268968	21
0.082176490874754	0.713220962387131	21
-0.065141849656156	0.533064113415871	21
0.030238331750167	1.10816622407998	21
-0.021320919944902	0.985561102724605	21
-0.091978578390042	0.584585806832247	21
-0.10674804539401	0.484867173575214	21
-0.074631861543774	0.59822604510707	21
-0.00626637986783499	1.02012727550941	21
-0.114252168217753	0.439378905903435	21
0.037807738679667	1.07638581572926	21
-0.121659225278899	0.323538322767873	4
-0.047527270039581	0.378858760874131	4
-0.044239430426425	0.728379644177812	21
-0.073944122004314	0.826398097597686	21
-0.116206272504362	0.613052033207067	21
-0.038811637521219	0.970690706883257	21
-0.087798974716255	0.703791227627584	21
-0.095870877807028	0.647658553342226	21
0.095920666255692	1.32947293976627	4
-0.029335081852482	0.760111841480228	4
0.105836928088517	1.90683209548076	4
-0.032431341800784	0.597015064552258	4
-0.073191169096354	0.459244201610395	4
0.039510541788989	0.681462694717228	4
-0.022143081478584	0.756783032209512	21
0.00542111990101302	0.994694254839004	21
-0.118223863591795	0.219711293883344	21
-0.103696759063904	0.495578503080844	21
-0.085193903571914	0.593828373038481	21
-0.043833986799765	0.779222678368972	21
0.064413704398672	1.14120487425802	21
-0.115947144465049	0.594628596328233	4
-0.036153823176413	0.451994138989057	4
-0.057949888644107	0.680300615334709	21
-0.044026483169182	1.03795848902452	21
-0.106765724357726	0.582126168362322	21
-0.097692067627232	0.65824196611883	21
-0.113683833662045	0.534914334396683	21
-0.115827620502498	0.480451067886303	21
-0.033396006080333	0.822671531428132	21
-0.10748196408598	0.464934596090795	4
-0.097084181673932	0.423292782319177	4
-0.029998008963074	0.510066270074979	4
0.03169570720849	0.626208403008635	4
0.072859295617239	0.939702266662532	4
0.091621565750872	1.5200765448506	21
0.011506267714139	0.970220413933689	21
-0.023847071946889	0.84937618178281	21
0.023325255217833	1.07664688598385	21
-0.016722544118196	0.754030749334686	21
0.113641340875707	1.68653141787652	21
-0.120454923338149	0.340929982135626	21
0.046570073120509	0.73632921072473	4
0.123604666905367	2.41160766903696	21
-0.116368107175185	0.547759834119528	21
-0.073966702208735	0.780010536942997	21
-0.078914432349469	0.719857657946099	21
0.037508952059263	1.32023046960079	21
0.047284411612361	1.29398932002683	4
-0.087122703412321	0.478462256966894	4
0.095519698101534	1.30758897664026	21
-0.076036655493693	0.381917213694197	4
0.113916879540835	0.918403669585817	4
-0.02901226397375	0.665608929062406	4
-0.104971824291279	0.40265029902069	21
-0.108990559544763	0.388367471590591	21
-0.00965663697312899	0.868434032113393	21
-0.118537659178176	0.407562729182248	21
-0.080378475558605	0.397315955041901	21
-0.042183234107449	0.723308208249901	21
-0.068275080188429	0.588942747033005	21
-0.09635717508826	0.467734464315367	21
-0.115363379492038	0.405675215971678	21
-0.071680700168279	0.644648633518915	21
-0.118371210134275	0.384186503751798	21
-0.054331841805528	0.753422198627182	21
-0.07712142463553	0.472649268192556	21
-0.028523986355886	0.489303435506697	4
-0.078334285840289	0.419308426211085	21
-0.116526312306321	0.323154268134199	21
-0.068211277648017	0.836916521712189	21
-0.026999819740132	1.02512655539218	21
-0.076857975965384	0.698704057740476	21
-0.033738969372337	0.963348448694424	21
-0.119904006054439	0.41254613960869	21
0.081350238702769	1.51419866282362	21
-0.102427242691549	0.494816152805818	4
0.069434438904488	0.849800710590429	4
0.00497710121175998	0.91078450642734	21
0.10952123853334	1.25302178287367	21
-0.114914247727251	0.431683509480399	21
0.054177449474509	1.02799879064128	21
0.049337641870236	0.955228089849956	21
0.00451392390412703	1.07423163230458	21
0.010037063225249	0.984667459369021	21
-0.060881142957891	0.6247875969364	21
-0.075207565314217	0.613632599557048	21
-0.019405859011434	0.792049266669589	21
0.048342466970016	1.40145352026298	21
0.079847482657191	0.85746789951216	21
-0.075640382959892	0.400155978453541	4
0.080085804334029	1.57573601173019	21
-0.092048584825439	0.553958215408431	21
-0.077441164061142	0.736987102796528	21
-0.081811265550731	0.323749960665616	21
-0.065954818690186	0.496864801450196	21
-0.076572693915797	0.570899135124547	21
0.075041978240579	0.942210016137598	21
-0.079693122628328	0.525137463608678	21
-0.097597760405027	0.521638142503729	21
0.01508803753334	1.04909025204107	21
-0.083398349837318	0.498391828590164	21
-0.00248872692475599	0.938552450003945	21
-0.110768179154213	0.37281118313129	4
-0.103945659743401	0.591262324902007	21
-0.083031030062898	0.720223072419246	21
-0.066427701482	0.702076046865899	21
-0.025011716897411	0.959801163419681	21
-0.113314192542018	0.602551211354602	21
-0.114474164838937	0.45680810984481	21
0.12004677625016	1.09426118245717	21
0.002737916343585	0.716145052743206	21
-0.109047677556998	0.335973802266922	4
-0.111772103448748	0.361364945196136	21
-0.071782929653264	0.609404631376424	21
-0.067911476051674	0.648396964322275	21
-0.095325338771111	0.325631392486788	21
0.097947375928976	1.23093958136237	21
-0.00778466951231899	0.949785035780691	21
-0.001302761571083	1.10652335816021	21
-0.12261634485889	0.446178477065149	21
-0.08275666862433	0.482572107928309	21
0.015519521433359	1.08027615276679	21
-0.081700532240109	0.535779797186266	21
-0.116702548213896	0.391717028581641	21
-0.074283434029876	0.482829795731305	21
-0.024772781664341	0.796354641736572	21
-0.044111800831721	0.683329428599578	21
-0.120648661205587	0.530411321649261	21
-0.090434941318314	0.599799335253475	21
-0.107490802519804	0.510968747368739	21
-0.08211559645246	0.632522544594784	21
-0.098589075661689	0.545914379731464	21
0.026074063187	1.21586588132187	21
-0.09813204426961	0.410298345437999	21
-0.123178793486517	0.425633140321159	21
-0.077793838502081	0.615063091264609	21
-0.08678658851711	0.53048114654591	21
0.053035042034497	1.36933658219273	21
-0.086207319649226	0.483750166755187	21
0.101080810055815	2.17879331518265	21
-0.11928574703852	0.518020489460696	21
-0.013245239336069	1.07229910881642	21
-0.088873240025396	0.536214173820727	21
-0.07775470132966	0.648800567250624	21
-0.0561866557317	0.707348518028089	21
-0.092614522564098	0.480471831685555	21
-0.109630307483596	0.384826170210751	21
-0.039910080666152	0.809025153419208	21
-0.096380228533612	0.56421733351707	21
-0.114648730631312	0.35537072752607	21
-0.104614776537779	0.438312769569442	21
0.043933305662244	1.21367990443167	21
-0.042089110366087	0.802263420699149	21
-0.121665336695052	0.376916810299535	21
-0.00887624386450001	0.895003066596433	21
-0.123295486365684	0.413437038811252	21
-0.021992864219834	0.616434977403937	21
-0.068935046794627	0.496830750537344	21
-0.070551477573411	0.761786338777543	21
-0.086944819627786	0.55934008920166	21
-0.109415739319528	0.388236577927815	21
-0.08916747946991	0.426907234242787	21
-0.097625855169676	0.454464152941032	21
-0.030661080916226	0.866575248173241	21
-0.079975112975507	0.596043225019801	21
-0.101202062616304	0.460862131778447	21
-0.052217963344177	0.826455873868296	21
-0.088087587025137	0.578188355340606	21
-0.115767805344366	0.455432641899284	21
0.06486501309307	0.954653793896378	21
-0.045441932492546	0.642975125768999	21
-0.065369060442636	0.583911599448306	21
-0.088610460155711	0.480392241002358	21
0.018448434868263	0.792003944180334	21
-0.050750503388597	0.901351902167546	21
-0.04523663814779	0.329948346763034	21
-0.086765485011123	0.355769732493386	21
-0.068619301956119	0.512876684886717	21
-0.028722413972218	0.81332915680259	21
-0.111687967725994	0.457422470985837	21
0.03383536919292	1.03714743729999	21
-0.117936695067125	0.242478299917015	21
-0.04825378483831	0.22819424982162	21
-0.011924708024974	0.489105186983918	21
-0.061498901641393	0.536500530362277	21
-0.124672969089044	0.31141036443586	21
0.011603495216576	0.68048743541052	21
-0.063856639773913	0.366492507161937	21
-0.061527559143473	0.283314485309032	21
-0.028020581788611	0.3147184158601	21
-0.090729636180327	0.232353352626004	21
-0.115629195463403	0.215236714914151	21
0.086220960974577	0.964441136278704	21
-0.110027780109408	0.412117848790244	21
-0.119379424202071	0.390731291242142	21
-0.088579579848655	0.507412286386089	21
-0.111844106951352	0.367707504089558	21
0.105665999211765	1.16373489397443	21
-0.015684225882577	0.755807434151716	21
0.016501345315976	1.08275746953509	21
-0.037248585642429	0.385486190025	21
0.061360995415082	0.286782837854927	21
-0.008352300839783	0.376972819042467	21
0.022114181700321	0.436427974998839	21
-0.072421763491719	0.298754689861689	21
-0.035302897498909	0.454343183868597	21
-0.060759969945637	0.377543523453782	21
-0.05714697779947	0.628421042426769	21
-0.010712253887568	0.409693138521015	21
0.0219759573356	0.436117504055924	21
-0.000675931042294992	0.685285164635317	21
-0.064905626932063	0.516425733536395	21
-0.096689516713839	0.494912912788806	21
-0.103633599608057	0.482822318726245	21
-0.08101668750193	0.58781530671007	21
-0.091988819690347	0.413334755769355	21
0.022957427076091	0.362246688950742	21
0.049023874215207	0.483385241354356	21
-0.037020203249314	0.354982223188646	21
0.024193208400606	0.77888593290611	21
0.068599796633475	1.44658115114852	21
0.032221672204968	0.717971730218145	21
0.039820904561254	0.609723474368783	21
0.097786537236499	0.913869558428285	21
0.047731186213027	0.360975347329617	21
-0.118377641494559	0.160791524641388	21
0.075961877398095	0.504482032313425	21
-0.09425346921921	0.300315054189631	21
0.098248393219334	1.23233768603864	21
-0.00779537608858399	0.90382179416959	21
0.056450719081173	1.36217522336592	21
-0.077288013495408	0.594857804935368	21
0.117133187592578	1.47177306966184	21
-0.106852267839988	0.332539814608019	21
-0.096747217894531	0.485553685110082	21
-0.04266466570299	0.583498067805918	21
0.078966941726612	0.527942123744798	21
0.055758115872529	0.27071112337022	21
0.042124752488976	0.237333402423809	21
-0.052207587086763	0.251800757063688	21
0.084862393548909	0.375782919692293	21
-0.110589802648615	0.239515902979196	21
-0.081071714724647	0.16982454964582	21
0.017290791335242	0.884689525266405	21
-0.113829396943201	0.351565256669426	21
-0.016753008714142	0.892113977628734	21
0.11524773382924	0.633926229309741	21
0.111255332635281	0.543488333827004	21
-0.051255027011513	0.284704242791919	21
0.043444131321108	0.7253686566954	21
0.042045749069553	0.789285459812218	21
-0.114533476085856	0.384345740109087	21
0.037444311919615	1.11458996662877	21
-0.058603431903567	0.653593672914924	21
0.00408637082550301	0.757611968265504	21
-0.116617236134338	0.306928166754399	21
0.00259273523423798	0.415574376885981	21
0.080502712518151	0.350133591999617	21
-0.09257332734103	0.319936788091517	21
-0.089583451344732	0.316536552756883	21
-0.088735523279442	0.347942673083059	21
0.00747034708222599	0.437228883968348	21
-0.100479273307421	0.307824325547029	21
-0.078924022867727	0.197065616104519	21
0.052471683483245	0.594233485294947	4
0.012418648254062	0.459589254946464	21
-0.039654464281983	0.571592206348427	21
-0.031764522991051	0.748431199721272	21
-0.122423156217857	0.374183781365865	21
-0.101829782152944	0.491826058703322	21
0.020620773521919	1.10310297808697	21
-0.098130664304125	0.426856321067499	21
-0.0825654810825	0.460153524834246	21
-0.016041535327589	0.586981435139776	21
-0.054150748825063	0.426149320070076	21
-0.078982396103942	0.24192988859069	21
-0.00836615635591201	0.41999470664025	21
-0.109549480759557	0.265464412717813	21
0.073421096501531	0.774751293594119	21
-0.096252426901022	0.27978323844595	21
0.037526739518931	0.423892376042815	21
-0.110731762172164	0.347598369047635	21
-0.123258669896873	0.405780940062571	21
0.042043453301684	0.702210817014892	21
-0.101888059029217	0.235650214217642	4
-0.034497581666463	0.456553526348482	21
-0.102756333935916	0.380118845484746	21
0.00758133058756899	0.964194283085299	21
-0.089236193079743	0.494298626625063	21
-0.09278576464356	0.549172683649644	21
-0.121681376230186	0.413174403165041	21
-0.117763914736582	0.403081054466457	21
-0.118294146388273	0.356740885929486	21
0.017306450962777	0.476634205322547	4
0.021490680314719	0.435213402179513	21
-0.046919019062068	0.351646116707336	21
0.004144704448517	0.305692885234044	21
-0.117435914590599	0.284113430029309	21
0.093192325139597	1.06200645603898	21
-0.112889729917115	0.364257283880947	21
0.097922589699291	1.19572845101917	21
-0.093261658409244	0.209155669364957	21
0.096171032538565	0.673292473454949	21
0.05582291119148	0.624801086213993	21
0.03355757110264	1.14351565343642	21
0.052365352444621	1.36063237399559	21
-0.07548580767803	0.541703759722419	21
-0.086604276245095	0.547636043237864	21
0.037393295897282	0.959887373558397	21
0.022056122439267	1.09954009241678	4
-0.093661443241431	0.170693948312468	4
-0.000261513207346992	0.454162827981153	21
0.075057228772787	0.493876758066248	21
-0.069283220781399	0.346813246915166	21
-0.11656392719956	0.27656959910307	21
0.072375505197969	0.937528367108134	21
-0.033500508841319	0.46324679167427	21
0.027053263422499	0.666555988777534	21
-0.106522149928215	0.519722741492725	21
-0.048885880330933	0.88394943939486	21
0.124178002343562	0.775664120792319	21
-0.088473857340699	0.285155032642627	4
-0.00718344781456001	0.516427782979792	4
-0.015579521790828	0.553590597290708	21
-0.082437394941512	0.433530950476996	21
-0.107602862339916	0.421404061175311	21
-0.124429158147128	0.392267773524027	21
-0.034638266933009	0.48458044998489	21
-0.050856147457267	0.728007911400368	4
-0.119167483759767	0.416752467349951	4
0.064042832966196	0.429961336179531	4
0.064700132470121	0.439707697540582	4
-0.012354778870449	0.406210420422505	21
-0.078428829081595	0.334742533298464	21
0.047906416140733	0.473640326681197	21
0.011744207455	0.618594950194542	21
-0.096453883690964	0.385779870735364	21
0.023690119389887	0.711867849052076	21
0.021102805900952	1.27452206508863	21
-0.012803912688961	0.775663029791607	21
-0.071203405482715	0.45745262983965	21
-0.00989298279142201	0.584997443156495	21
-0.00728365163695099	0.643391949318779	21
-0.092104022990387	0.438688800490727	21
0.019162706702691	0.607652736356719	21
-0.079991853963735	0.414217528715119	21
-0.094411025435937	0.16975865753844	4
-0.00175987803748401	0.348052637719646	21
-0.040381196526078	0.436455238608969	21
0.101332123774083	0.749589116338369	21
-0.101166697968977	0.264044108708671	21
-0.101391580480328	0.208648238428215	21
-0.03019518893657	0.723456426012968	21
-0.118815507218092	0.346359638192847	21
-0.036363843638005	0.536788919544551	4
0.041302440024987	0.874656456822719	4
-0.056643202008502	0.503282269843059	4
-0.106654708133583	0.344960953885489	4
0.025961702335669	1.00089800802104	21
-0.035334057022979	0.843283816980903	21
0.025617642070238	1.15845532628802	21
-0.08643889858513	0.572527188294368	21
-0.098196802329382	0.485715417587776	21
-0.067089081276095	0.451557962535007	21
-0.077820158693186	0.483671637066485	4
0.089599598895124	0.985343621588518	4
-0.099963081953713	0.225327431088495	4
-0.029277802010531	0.579244403300328	4
-0.007384437221164	0.814509986072279	4
0.029070784523376	0.819489994574215	21
0.011859612537696	0.736734796654793	21
-0.056952710363326	0.619592034989628	21
0.010321333644324	0.67585356948882	21
-0.041757004677757	0.95657147169324	21
0.011929889383653	1.51488925647363	21
0.000638085470130001	0.971852788210949	21
0.00462333314902802	0.84365391774868	4
-0.023950421419388	0.748243350053209	4
-0.063198966483772	0.525196948833579	4
0.058163919476688	1.11976150110169	4
-0.00697968918567901	0.790987964131578	21
-0.090916753615824	0.538376944540787	21
-0.123104283450216	0.337821898059469	21
-0.00255317700763599	1.0105010067898	21
-0.069494248561931	0.558134190527975	21
0.09536995865487	1.52728651988636	21
-0.113366781274518	0.310212447178524	4
-0.042295525812288	0.680926759759107	4
-0.111698396933891	0.344605015809404	21
-0.119985490337228	0.321043317374742	21
-0.106538446398228	0.333437201965161	21
-0.116581263868698	0.295785551663518	21
-0.090163228521114	0.512897385072058	21
-0.119495182081316	0.355699438711221	21
0.092933125647267	1.60593009640739	4
-0.054997376339098	0.669924659755585	21
-0.086858642650626	0.538639773917213	4
0.097936007726029	1.2240276331515	4
-0.080677241427043	0.380296195637151	4
-0.069274392363671	0.427353619546604	21
-0.104217085092968	0.539942418556293	4
0.077456675639955	1.79840814025847	4
-0.012389072884736	1.09178956305144	4
-0.020429652786574	0.998100003173601	4
0.004070755362027	1.07145931547908	21
-0.056725864064568	0.729169678343287	21
-0.090422921857772	0.548146209791585	21
-0.03964217038564	0.839628440452138	21
-0.051999880699836	0.704871343100767	21
0.044148598786061	1.15168526908635	21
0.00790813025845799	0.940231872622147	21
-0.11229218576992	0.49355516569273	21
-0.119352029572435	0.476589248449447	21
-0.07164839787189	0.657026192249974	4
-0.089959099834072	0.526890259861448	4
-0.04055075631074	0.718288210054416	4
0.026005433863284	1.04309048823891	4
-0.017376604149317	0.851022747823317	4
-0.051238146719756	0.717014432639783	4
-0.00581889235806399	1.06242699706782	21
-0.044841486282732	0.74660518154428	21
-0.030037381918244	0.776396474205281	21
-0.107772641207841	0.413307767302268	21
-0.089379058394093	0.778990394202157	4
-0.018214319186199	0.97057143480876	21
0.101855404291585	1.24484775139991	21
-0.123575961664517	0.264771027006622	21
-0.005613533435539	0.612615405264931	21
-0.06877759824236	0.48428503663609	21
0.121808008430389	1.24086084247483	4
0.059433877484654	1.50535507430278	21
-0.082526258186566	0.752516312322567	21
-0.08828355704934	0.551798592175358	4
-0.10361979114776	0.543907865890108	4
0.025429276344034	0.985371898705077	4
-0.058512750511011	0.536629934132883	4
0.010075363941473	1.03471371594174	21
-0.109877509943543	0.428528245714269	21
-0.115954465468125	0.574990115015023	21
-0.11311380777045	0.541935318119924	4
-0.035580114399996	0.907779990512208	4
0.085619493402338	1.72013495834106	4
0.064392308447994	1.6443838173332	4
0.00191521416565898	0.712932623280822	21
-0.091221422446112	0.368387275780797	4
-0.056093759518929	0.864196425810158	21
-0.042507345803432	0.868369069856894	21
-0.081977714693547	0.373956076999682	21
-0.098880475360969	0.503125394830666	21
-0.100236302293581	0.512549944446748	21
-0.1176955766794	0.465774475866594	4
-0.058722002781545	0.834596584451344	4
-0.00400636847812699	0.890324802038417	21
0.062244951595185	1.10742178195956	4
-0.076549125027596	0.921964690386101	21
-0.121920806023834	0.503536177922323	4
0.029586471770368	1.62862094580724	4
-0.084391353306062	0.624670468545398	4
-0.103910438868646	0.478990375465194	21
-0.109481741071777	0.368956498566587	21
-0.104149768412605	0.42988415830263	4
-0.044474012927159	0.760172215424147	21
0.020378825806653	1.20955755730535	21
-0.113281581878304	0.439684208961572	21
-0.052430013334629	0.6727454518756	4
-0.119274255537701	0.41164919026859	4
-0.064690189611625	0.702750007782119	4
-0.046644238499605	0.84064772857941	21
0.036000933430558	1.20655853030999	21
-0.075048535005119	0.778752766032354	4
-0.037419056855774	0.892613478497822	4
-0.000180687881703001	0.888528726646721	21
-0.010356010811881	0.63184711422684	21
-0.120695095486283	0.254788451558329	4
-0.10656751093555	0.323006640428048	4
-0.029493390902504	0.776364250962701	21
-0.068573909369744	0.626081616340672	21
0.00191563148461799	0.744522183111801	21
-0.103602707747049	0.515069770749342	4
0.047678818470932	1.45307121455689	4
-0.067005082426328	0.61203657009353	4
-0.057810047566966	0.80567031103871	4
-0.078419033863932	0.608874535392999	4
-0.036589712557723	0.506017860993276	4
-0.039766430993394	0.616574919792656	4
0.014695905627005	0.935594719239971	21
-0.096988910721158	0.518529011994511	21
-0.119368298411265	0.344548582429145	21
-0.123722632115781	0.468402951704057	4
-0.054529933631141	0.777188281369774	4
-0.09761245224581	0.421402583540172	4
-0.115074932428258	0.53532207629094	4
-0.111351272881542	0.476449590951876	4
-0.059724274790491	0.591018095679504	4
-0.04159332176369	0.751211003728174	21
-0.077964233105202	0.591520523277505	21
-0.067902230456783	0.677544257765944	4
-0.088510804633819	0.587999632818005	4
0.091997752970206	1.67209004626312	4
-0.119441664502837	0.399231297427498	4
0.070790856252834	1.35422646974592	4
-0.064261094303568	0.821563519487356	4
-0.082242672700091	0.72039950836899	4
-0.123016154324906	0.441777003891001	4
-0.082820058002265	0.603476324951944	4
-0.088699396091017	0.624465165616669	4
-0.102846676553695	0.515740796211074	4
-0.087967696825969	0.592083392988075	4
-0.064220710571253	0.670124830303677	4
-0.119356231716622	0.405514404253109	4
0.061645667762428	1.24311264412064	4
-0.037166904688391	0.793133081971859	21
-0.032325892345745	0.792106510512048	21
0.070396956553912	1.14294334817338	4
-0.045050773175277	0.717167322177594	4
-0.09756691122163	0.489680700024528	4
-0.122930392117252	0.461000463837356	4
-0.109171469344098	0.432589856840535	4
0.020332517262042	1.37317940954028	4
-0.114490568958566	0.465762925055758	4
0.048567597734028	1.59541056700438	4
0.019125168311849	1.19799299904543	4
-0.021868363011983	0.949067026826157	21
-0.109356638127781	0.565455752395443	4
0.055940399954106	1.10806073552843	4
0.022095663860356	1.25273154120476	4
-0.014991844915067	0.869322630525098	4
-0.10166245181846	0.327773555146828	4
-0.115510826608441	0.503881633151104	4
-0.100635209298781	0.606089569797969	4
-0.118427723213291	0.434476231621731	4
-0.071647900098126	0.665314871101555	4
-0.0367872261513	0.87730962189375	4
0.012373219824527	0.951539946403848	4
0.033332788035841	1.24041690066039	4
-0.098425738360734	0.503894435357571	4
-0.00096940753966801	1.03527863042728	4
-0.071215930134905	0.648615880397101	21
-0.115043739831863	0.48099978521435	21
-0.110108460889533	0.472521087629398	4
-0.012238898277078	1.24381322639665	4
-0.052555444836452	0.55253799155197	4
0.040502018124679	0.783332619336954	4
0.05286983078778	1.36419112663092	4
0.045409953793371	1.4076194098372	4
-0.074375888021408	0.627979054948847	21
-0.068847139317996	0.783116049632757	21
-0.099102782868696	0.440518661703873	4
0.00224558551353998	1.23657520249165	4
-0.099275149085493	0.571230231308438	4
-0.052530817445921	0.861603318748765	4
-0.053322691474274	0.798724724467574	4
-0.00100020506339199	1.18350343092638	4
-0.073224867930764	1.04069212628759	4
-0.024920614978777	0.715390499802438	4
-0.09138369661977	0.437709152565425	4
0.101875689006779	1.32797590207208	4
-0.000579100362969987	0.738444191679032	4
-0.027938586901064	0.642515255617098	4
0.046650489231601	1.21200484249429	4
-0.067192470937999	0.914249897410378	4
-0.0043755596741	1.2219703325672	4
0.012345505085071	1.39402538060104	4
-0.08755748236635	0.504181061505489	4
-0.123158774568114	0.495247059893722	4
-0.058268282731529	0.659317607622273	4
0.013211873721393	1.08082981880315	4
0.09941891063971	1.18095577290503	4
-0.033011688528034	0.739760311874831	4
-0.124767431955297	0.43384161545006	4
-0.066017331817471	0.82205899598113	4
-0.1208044329438	0.525234229306707	4
-0.050089087893948	0.855992118494552	4
-0.098815652122385	0.566689747891418	4
-0.116166387972935	0.434990999935426	4
-0.00601957998322	0.984094237854135	4
-0.111731581141782	0.351566276130954	4
0.018676899370856	0.731787903177794	4
-0.037899155490791	0.725028143368474	4
-0.109849830854587	0.466523610438744	4
0.025837007402015	1.15271894236853	4
-0.027990096031949	1.16213371673465	4
-0.099570021660729	0.537675991878546	4
-0.118222924482774	0.44296413667167	4
-0.105945039185253	0.48559627635189	4
-0.095657609668278	0.712688756678908	4
-0.116105449744812	0.344176517777008	4
-0.036335299025508	1.00114689799524	4
-0.083646290842158	0.661384494071421	4
-0.013476228655739	0.568884888375404	4
-0.10581425330875	0.225761425441683	4
0.039237317238624	0.993195774815744	4
-0.090529245669428	0.533830357232873	4
-0.050756004690486	0.796030055367367	4
-0.067063757615913	0.623232725558415	4
-0.030743756139206	0.800265212337007	4
-0.107006251504397	0.516501604689232	4
0.044275308065474	1.21150145068542	4
0.00254970374701202	1.28094272605005	4
0.00196494233901701	1.01143761453318	4
-0.00603054035794801	0.761232577083589	4
0.081733900501085	1.10215691832329	4
-0.113347995288445	0.254740871390672	4
0.046753051539322	0.926577927369818	4
-0.059218033294116	0.973497991653411	4
0.011563758336264	1.13984180581262	4
-0.124281802122055	0.437107485156688	4
-0.117892924579391	0.460748980080908	4
0.00830678806282098	1.19486012685114	4
-0.030759250710734	1.10200071940553	4
0.077082571251261	0.817472372672889	4
-0.104774413197806	0.306118438020953	4
-0.08511092571778	0.420219764210281	4
0.03486513674683	0.733333789960549	4
0.090821091765662	1.35069672103699	4
-0.039161413973287	0.977383008483012	4
0.092165461613325	1.46653709118052	4
-0.090645664606473	0.505591332949112	4
-0.089194665113365	0.591140056603028	4
-0.067129815572145	0.665101441323818	4
-0.028043957029208	0.695752130916707	4
-0.121769952465388	0.365215973929054	4
-0.073933165691361	0.739548729419672	4
-0.0229583068614	0.86786608106771	4
-0.100158010602321	0.392182431272146	4
0.106630892489735	0.811540670624858	4
-0.040722050109371	0.863010309710464	4
-0.084162881759734	0.647056088305391	4
-0.108909085205069	0.575675141991541	4
-0.063978886678407	0.663457633759757	4
-0.08872349260874	0.560202767185218	4
-0.106421863608476	0.554039969669017	4
-0.042453283814111	0.626900238872608	4
-0.024718855382377	0.669103052969961	4
0.011123913976546	0.724243043137184	4
-0.060466144419095	0.585632977185558	4
-0.119923776262822	0.21637677494696	4
-0.0996268385026	0.403400327636173	4
-0.001786364456943	0.908485535873144	4
-0.116131480247831	0.549915551068843	4
-0.019516353103937	1.0600969607059	4
-0.123390823437491	0.236799113867101	4
-0.03660674290402	1.13790897314569	4
-0.014764535835194	0.964795243563769	4
-0.099409691643312	0.666306281357517	4
-0.014420217533404	0.736549848054791	4
-0.121012072703848	0.273057861684071	4
-0.04480218539788	0.413582139577588	4
-0.080686076398526	0.538390354291379	4
-0.122191195521757	0.394102408090883	4
-0.07815578003062	0.677811215195112	4
0.087309913496175	0.744987191383145	4
-0.070985171463296	0.922106673161483	4
-0.105314943178823	0.511937915358178	4
0.076293974859237	1.28503634630099	4
-0.044040664424248	0.924014494688922	4
-0.088916710559751	0.541045804099669	4
0.029615265258881	1.13668537081479	4
-0.027005750628046	0.620611569752444	4
-0.117762906614599	0.556447366126441	4
-0.068776004448501	0.713128241610117	4
-0.07679587489006	0.688638584518946	4
-0.076446261662437	0.67975752035616	4
-0.059058465104972	0.76979239838233	4
0.089451525062328	1.3185850338644	4
-0.056899650554721	0.483827142875311	4
-0.078543559255142	0.451285367828903	4
-0.05289885644481	0.585246432185453	4
-0.118916866352338	0.360335648749726	4
0.010709873350195	0.9951257859883	4
-0.035631211557137	1.04850944517489	4
-0.082495691048212	0.724807641123809	4
-0.059399015709842	0.932705724979627	4
-0.101172542665837	0.657758069938577	4
-0.072385383891294	0.809451489122403	4
-0.00207437646119399	1.09620865633569	4
-0.087690472860778	0.565161066064124	4
0.027461055514832	1.01302968715808	4
-0.012682924438866	0.77280100730098	4
-0.077871688615967	0.479327119575182	4
-0.091875270330159	0.527736245255564	4
-0.102558071219895	0.586695530785525	4
-0.087874888428864	0.625906231891697	4
-0.06886084758219	0.801514436357903	4
-0.040870801091323	1.06323431709624	4
-0.059146533935199	0.892166340989841	4
-0.059698267536222	0.762864637313845	4
-0.098092054510566	0.609129666718414	4
-0.110992375318415	0.50403873891388	4
0.042672417197393	1.31657595345134	4
-0.060720021265214	0.953942176637846	4
-0.105437551161885	0.358277124048054	4
-0.100049292917029	0.358481946944761	4
-0.053585299657597	0.609062197199123	4
-0.092938372688026	0.754137639120829	4
-0.098096913442795	0.684573990604521	4
-0.085784650442354	0.635860429857674	4
-0.057471926408213	0.789346688321029	4
-0.113239333515069	0.496527828239363	4
0.021802214739115	1.24148866108391	4
-0.100836483192646	0.577604814820061	4
-0.099889012537643	0.615238326402447	4
-0.113764675474876	0.459962652337509	4
-0.011774057514081	1.11452353711591	4
-0.095490385770617	0.663603484752674	4
-0.066683127267288	0.703885508035288	4
-0.122727184359567	0.471902451166608	4
-0.084937680173509	0.557039921769968	4
-0.026212567973587	0.931513390165987	4
-0.069875202987662	0.713322364955471	4
-0.04700974593965	0.814716650808289	4
-0.067092286609637	0.66333405792477	4
-0.00892951446255799	0.929269593631263	4
-0.074104938646497	0.651140240548434	4
-0.113967676845635	0.455818184587111	4
-0.122297274096732	0.352733152717078	4
-0.080471367032589	0.65986059656729	4
-0.073215545940595	0.734235082966485	4
-0.104212528087298	0.515903732871919	4
0.063725390753849	1.56971755129698	4
0.023087093943247	1.09499235862713	4
-0.061419528985032	0.549897989676856	4
-0.013162753465479	1.01911158861561	4
-0.054743087413621	0.604130736927653	4
-0.09693364175994	0.618472903721384	4
-0.090064845314958	0.519958108865449	4
-0.111684402012614	0.422476577039579	4
0.063792888560167	1.41529614884165	4
-0.018557703876994	1.03119655076634	4
0.00497476305573402	1.27280992063189	4
0.096355983451997	2.03355536965545	4
-0.082895378074518	0.656259944004951	4
-0.07053499466355	0.70378418116641	4
-0.094038231753407	0.547686841436732	4
-0.119484540491909	0.424534453549651	4
0.020847177035897	1.20469122434474	4
-0.110595677754306	0.452093113071196	4
0.036265641130189	1.16386957518287	4
-0.012311686199196	1.07632694858865	4
0.07208044360751	1.70692610860749	4
-0.113932791230586	0.45818879710045	4
-0.05111608512135	0.766127550591994	4
-0.088627703252248	0.545259381614869	4
0.010571020942803	0.891652296477867	4
0.090173117691423	1.90501485736774	4
0.065274420585984	1.82174531986927	4
-0.047198624809232	0.768328199239813	4
-0.0251424386278	1.08198070358113	4
-0.015460151815966	0.974160547408147	4
-0.104856147647937	0.537804436152877	4
-0.013123817039617	1.03695354348385	4
-0.120289683730013	0.408892724656338	4
-0.022952608866797	0.949613085097562	4
-0.105626248928066	0.634060968476476	4
-0.005816548534928	1.0849716748778	4
-0.118688009833087	0.448287017848523	4
-0.082307298234974	0.673841017659004	4
-0.04519678092049	1.0895919780923	4
-0.086070724982962	0.705763978867389	4
-0.010296051534297	1.26805342699952	4
-0.093148737492916	0.46483851675221	4
-0.10906704807492	0.312043022422782	4
0.04175115667317	1.12467989080998	4
0.00763619455185499	0.938625842520348	4
-0.013395855790963	0.638995604399257	4
0.116239905860903	1.04312779363942	4
-0.043467259791725	0.853227795729436	4
-0.092797150692588	0.485180153185307	4
0.054392688925606	1.20136810452093	4
-0.029140794298916	0.749124570746292	4
-0.081623347527143	0.930375450745638	4
-0.12381403837146	0.46338837771943	4
0.111877815494586	1.31111730626884	4
-0.114417384810331	0.561889082993178	4
-0.117130218849424	0.527747001660132	4
-0.016586837148405	1.04327609879842	4
-0.057683839883283	0.777712147881062	4
0.025997407843388	1.32170684629487	4
-0.106809369779268	0.697666747234986	4
-0.087440172323616	0.661853164079979	4
-0.113457114022417	0.582959270015729	4
-0.106409030222017	0.639258069565564	4
-0.118633688149558	0.34696901464439	4
-0.017458914377408	1.10311954052953	4
-0.080262996529559	0.549491565572127	4
-0.013159059367111	0.960198822513297	4
-0.046939292765332	0.837063116723279	4
-0.114276638218372	0.252662008487057	4
0.104603087138786	0.777869911031589	4
0.00724852949701799	1.00518165460167	4
-0.101834879283824	0.410241189885274	4
-0.076896564299768	0.67401079134093	4
0.085148458013398	0.730220894481655	4
0.013314896384093	1.45599142570751	4
-0.121364484816102	0.324451841528794	4
-0.109919470378877	0.390118212596285	4
-0.035855525598934	0.419318105855545	4
-0.086678683371551	0.560665666322648	4
0.043780433190901	0.544254178455062	4
-0.097958318716154	0.245782313423097	4
0.021195980449112	0.434453315883242	4
-0.080460259538697	0.677360071339522	4
-0.067949759948409	0.673794819362565	4
-0.088195277002494	0.474363641430799	4
-0.025036156426932	0.7344205813183	4
-0.047432741832248	0.59563841280922	4
-0.034308179867793	0.67534047869461	4
0.098848576205683	1.200236312681	4
-0.035786103590774	1.16684109351131	4
0.029611791566369	1.54562195139814	4
-0.10468721026666	0.479311383351995	4
-0.104119062411417	0.499031291235918	4
0.016089250875542	1.18798063192087	4
-0.105217622305235	0.401653042448003	4
-0.017707275800614	0.615404144584116	4
-0.088749009060329	0.419510181784617	4
-0.091003115978355	0.478334992558591	4
-0.08452826208468	0.511278448213511	4
-0.099164054577261	0.462952969998404	4
-0.112090649368717	0.323444039124049	4
0.000168168385471013	1.20483403077674	4
-0.11692096319036	0.510437407504877	4
-0.070526559530296	0.797635582758057	4
-0.029674792965731	0.47804452994811	4
0.003084066204186	0.616974927017877	4
-0.100764357810035	0.356354974511086	4
0.020110574719454	0.747224794848144	4
-0.101469856423821	0.475151430409809	4
-0.058685748478002	0.52806587047208	4
-0.013372815107298	0.680146026111706	4
-0.10602643279057	0.711845240057114	4
-0.090052726885046	0.540048853695187	4
-0.101391947747877	0.469171349921592	4
-0.067574811371293	0.354053239959693	4
0.028199509169755	0.744743945366685	4
0.102575320906036	1.07813182093675	4
-0.093760926202112	0.417519251369214	4
-0.067416758998656	0.435841113521997	4
-0.065862912652649	0.315917970124491	4
-0.113240046166103	0.23183356642436	4
0.090182558799328	1.01131745062826	4
-0.118829289557493	0.346265675879285	4
-0.014467817451601	0.600990648936147	4
-0.043184655469405	0.47855882140157	4
0.106860055568035	0.81219499827844	4
-0.015103597606492	0.808913114048363	4
0.030934386562285	0.909677450461936	4
0.113398872360838	0.969986745329414	4
-0.103499909474558	0.441486876349139	4
-0.034348388453589	0.733119467781669	4
0.037250789309245	1.06885999650066	4
-0.02228523252841	0.682177453044476	4
-0.083907353641655	0.48468010340603	4
-0.123022160502173	0.385276102721388	4
-0.054439910699676	0.513481829616465	4
0.013547024343018	0.91813040953892	4
-0.017249585836795	0.827472628335499	4
-0.045734676625501	0.673597686138355	4
-0.101187906812579	0.445693316463134	4
-0.119508566993633	0.434188882161559	4
0.00752780784326701	0.9605228138437	4
-0.039144202480648	0.700488303971132	4
0.052841657551618	1.34312217132038	4
-0.069979941428956	0.597982311465589	4
-0.06490736011878	0.466979687944435	4
0.045280661992714	1.19081577110613	4
-0.108304054669683	0.489899836164299	4
-0.122592361124842	0.30210651583856	4
-0.102949261913206	0.559451551342796	4
-0.091278539748954	0.567417444848277	4
0.04146650386904	1.25058863603788	4
-0.034634839465472	0.775298274252097	4
-0.117591282452987	0.474165915569002	4
-0.056147911386212	0.669392945444867	4
-0.084845326983748	0.564004477303201	4
-0.113998404697375	0.359032304708601	4
-0.09808053717063	0.739006712971781	4
-0.050866510736101	0.893367042802948	4
0.070125453357608	1.61640128460184	4
-0.120971968539949	0.422610267802538	4
-0.086654586405266	0.577605567946098	4
-0.07559027629095	0.648769094261916	4
-0.063284783417886	0.608218734940773	4
0.037495148869751	1.19112706719644	4
-0.054950295348963	0.663786934672808	4
-0.122552354995666	0.484875235800758	4
-0.108887835297911	0.422377873574525	4
-0.059889719545155	0.312990355907086	4
-0.056726920491522	0.666705986831027	4
-0.106000280586637	0.358416927562818	4
0.045289178033634	0.842962392409226	4
-0.099671305998357	0.373961005764522	4
-0.07114138541635	0.211618868403142	4
-0.118618178281366	0.574363027149114	4
0.034734421923764	0.808486505727747	4
-0.043243175667531	0.632603047871341	4
0.094570757140182	0.852569602152766	4
0.00350011879209899	1.16532490530328	4
-0.11964682753312	0.533160587235525	4
0.028711102414449	1.51979523535641	4
-0.088054224567386	0.443279688129201	4
-0.069438481215055	0.771185719362116	4
-0.120612883274263	0.506475921157316	4
-0.07588832841542	0.695126903672184	4
-0.011287015327002	1.43898769215593	4
-0.105330415078144	0.590142424632073	4
-0.060116833166123	0.698267484574646	4
-0.070449299590404	0.722327440313658	4
-0.116990855694425	0.385227965119327	4
-0.101892949093488	0.613434536816035	4
-0.006676046924985	1.23818962927989	4
-0.035939865165688	0.869343110299175	4
-0.050486569195908	0.903136919597236	4
-0.078639718579043	0.602579657970576	4
-0.086186825574106	0.872094594271964	4
-0.054154661208719	0.926477122747747	4
-0.037724435548221	1.11039049737738	4
