x	y	clickSelects
0.110741291212149	0.0397553524568051	21
0.11106265674376	0.0396671757223606	21
0.11106265674376	0.0396671757223606	21
0.110741291212149	0.0397553524568051	21
0.101868030657596	0.74204605334028	21
0.118042724760969	0.305455189548757	21
-0.115341258277241	1.14434296717149	21
0.078813366328961	0.281823528051321	21
-0.00934235784989501	0.494335492764267	21
0.087954585990596	0.189441685730883	21
0.070267615136082	0.209973319867776	21
0.070013768899825	0.190552005813974	21
0.115695144649635	0.164211578776906	21
-0.083293633630737	0.513863080967303	21
0.09198979232361	0.224597522077757	21
-0.105416531959403	0.672893984197678	21
0.020454361341421	0.372299428150899	21
0.115593770986635	0.190361585126575	21
0.082939282699887	0.213129228177352	21
-0.082899089856125	0.611714031475684	21
0.017634470344466	0.231768587251637	21
0.102950044375347	0.172277741601994	21
0.055527559362349	0.286374652571333	21
0.043138942392338	0.324802480950937	21
0.040059261532636	0.198002789959829	21
0.107307300070093	0.0992480824684191	21
0.00204054010958901	0.329345884019013	21
-0.023362418994086	0.348476868425185	21
-0.050597697386102	0.200136624431954	21
-0.021848947526976	0.134213470671699	21
-0.080315124726085	0.189596993255749	21
-0.08618382583991	0.246216079904398	21
0.010698280238831	0.162109170898922	21
-0.086342135333983	0.24634374920067	21
0.110617046663885	0.0397781881823515	54
0.066654848067526	0.0946113815907912	54
0.077287962253669	0.0706637074876884	54
0.103100085012933	0.112176063409813	54
0.067149732159226	0.0943343972146475	21
-0.080157715643049	0.189518424818333	21
0.000442640637278002	0.147994203311502	21
0.114414603427099	0.0844172707734256	21
0.061259237705752	0.129720442940023	21
-0.02218908576236	0.134407792765905	20
0.115374126011431	0.0838105155869475	30
-0.08659176112135	0.246584127201005	7
0.083722721703782	0.211968803643328	8
-0.065550339576589	0.366034472592618	8
0.106086231715721	0.16092948544725	18
0.112596837398763	0.174921581070202	18
0.076906675776854	0.0708228861667735	18
-0.050076100830081	0.199769964396802	8
-0.022091243109116	0.134354832803417	8
0.067404020697677	0.0942067543932056	8
0.063594693445878	0.113556644367664	8
0.077366459194204	0.0706266937852931	8
-0.079941092824388	0.189365351737144	2
0.115134307407614	0.0839673653379408	2
-0.04877720501741	0.19865232655796	2
0.11106265674376	0.0396671757223606	2
0.11106265674376	0.0396671757223606	2
0.111508274088942	0.0395242008307689	2
0.066872174901971	0.0944992699355236	8
0.077209369194292	0.0706913846673543	8
0.077747764576079	0.0704621510143207	8
0.077287962253669	0.0706637074876884	8
-0.051056826050713	0.114043873194428	8
-0.028438974871196	0.20640213222022	8
-0.052011923493779	0.114426137674261	8
0.110741291212149	0.0397553524568051	8
-0.080275869226183	0.189581502774135	46
0.103185161279122	0.112078878363364	46
-0.058205048148279	0.247438526576831	46
-0.059623430918878	0.2487050417029	46
0.111508274088942	0.0395242008307689	46
-0.051408627280488	0.114196567167764	11
0.110617046663885	0.0397781881823515	11
-0.051207197913351	0.114082475276051	29
-0.051760517099524	0.114337551940054	29
0.076906675776854	0.0708228861667735	29
-0.045107669443609	0.497855549693845	21
0.077498063298308	0.321275630264484	21
0.025901158482699	0.606989833216599	21
0.097869399393517	0.402127081736503	21
0.117698716218088	0.347184303776566	21
0.123781177860617	0.319123361337796	21
0.101887063855678	0.113161528331231	21
0.079826696106847	0.476778957610729	21
-0.10912380437808	0.731490210888337	21
0.018499711443051	0.693237633243929	21
0.060912356652704	0.415950926265264	21
0.113956668988294	0.317103381409666	21
-0.060746417065786	0.928914969821815	21
0.083358106146073	0.343045235151958	21
-0.104131351844247	0.996282128717158	21
0.09899675573483	0.422634399875311	21
0.011803840784761	0.352990790574518	21
-0.013935831062212	0.609352636793836	21
0.066886661447432	0.578300704292059	21
0.006450589830193	0.637460401272833	21
0.065341376277559	0.42050569905173	21
0.116661599917134	0.276305227359199	21
0.040236537572227	0.465451754425064	21
0.119566018206262	0.322702597130603	21
0.10217596331286	0.319652342713189	21
0.040900317073423	0.197075510963414	21
-0.080374313460103	0.189661122443498	21
-0.022333557581422	0.134487452099993	21
0.094401740670411	0.147599689096242	21
-0.016722926903305	0.521331175879087	21
0.090577176594467	0.169141908521395	21
0.027001651388642	0.247778414953593	21
-0.086229479575169	0.246262004082091	21
0.030108512835474	0.179659492624757	21
-0.079724445103633	0.189200395630237	21
0.107476971473715	0.0991137080610555	21
0.067139930181552	0.16215273270425	54
0.06756131083982	0.0941065076698602	47
0.115274234977532	0.0838733809435757	21
-0.122844460016353	0.2427719181186	21
0.077209369194292	0.0706913846673543	21
0.011242409473374	0.161677993889743	21
0.061963241971637	0.129241558244917	21
0.110938359837002	0.039690044647997	21
0.110938359837002	0.039690044647997	21
0.078207616923484	0.0702394472739714	21
-0.051760517099524	0.114337551940054	30
0.110419856553328	0.0398333964039841	20
-0.038325432067509	0.250983537863336	30
0.102653310886286	0.112547258869769	16
0.11106265674376	0.0396671757223606	16
0.011718556559596	0.161304296958796	16
-0.0516598593167	0.114296718545794	7
0.077209369194292	0.0706913846673543	7
-0.04993536714852	0.199651491268449	7
0.078207616923484	0.0702394472739714	8
0.03495087932775	0.434012628972757	18
-0.050293121864399	0.563478954923863	18
-0.096582737979696	0.881201403472314	18
-0.065003097218668	0.780428147064273	18
0.067864386627284	0.161401929584265	18
0.06319578626341	0.113750756585994	18
-0.052112495471293	0.114466940015057	18
0.114994353452086	0.0840566873298067	8
0.000155505412384988	0.148152220863438	8
0.066812137005991	0.0945275789839454	8
-0.113975771269498	0.289671882443403	2
0.044108599882978	0.205982921497941	2
0.076828210067455	0.0708505061620851	2
-0.051760517099524	0.114337551940054	2
0.07797136228438	0.0703563818212956	8
0.052731104679449	0.271888022551544	8
0.085628148480812	0.200985320545026	8
-0.022097659948924	0.389148768908803	8
-0.105045971154876	0.328561698139012	8
0.066654848067526	0.0946113815907912	8
0.022998498844828	0.169869491036389	8
0.077669140239254	0.0704991966259504	8
0.108219124424695	0.0985356602341664	46
0.077287962253669	0.0706637074876884	46
0.066654848067526	0.0946113815907912	46
0.103780360489009	0.111580460009274	46
0.077511603905797	0.0705389114741086	46
0.122694052121788	0.142511420794153	46
-0.025167967102145	0.257448006935277	46
0.111186925303284	0.0396232165072587	11
0.064638235399883	0.140267622068899	29
0.0661005258926	0.139011904456486	29
0.062687524965693	1.03900815532315	21
0.022297440326437	0.696579353586788	21
0.025167752142346	0.821021788219553	21
0.072458384345633	0.645928788252032	21
0.019963894862954	0.523274683724492	21
0.099873042709165	0.318519460686407	21
0.116391642058566	0.356887304136893	21
0.033327626240726	0.599188746994472	21
-0.071869276681773	1.4458683222988	21
0.046649324366079	0.60332323972593	21
-0.02007983322959	0.830500309995357	21
0.00372977792415499	0.898945376603234	21
0.098457853380646	0.479976172730787	21
0.019326630605694	0.668208562479596	21
0.079719682902302	0.567465818891142	21
0.080995824037875	0.522276359951513	21
0.097730011614714	0.249753880275278	21
0.077090505915195	0.499579106084698	21
0.067922909914482	0.355746706089941	21
0.067488884721971	0.437225945647315	21
0.112035781655438	0.237312606027832	21
-0.034696294655118	0.723107150950656	21
0.068281999243804	0.376964483480085	21
-0.098614634591953	0.364372016852634	21
0.021956673163481	0.170785358972378	21
-0.026874150648675	0.204911511069435	21
0.049929838482218	0.222510853852166	21
0.00158012840701499	0.217556400413242	21
0.108575291170882	0.150509733052842	21
-0.023740257518908	0.303517619444079	21
0.062958054715081	0.113966028652262	21
0.000289662224854992	0.218944075420523	21
0.0000484954925500103	0.219200133686954	21
-0.052112495471293	0.114466940015057	21
0.10229167284661	0.112845708404804	21
-0.022529356851335	0.134553538307109	21
0.110617046663885	0.0397781881823515	21
0.063480240795939	0.113611726181479	47
-0.116072846101021	0.403933182414513	21
0.09591963874471	0.137255189124566	21
-0.028476576594008	0.206406522529855	21
-0.051408627280488	0.114196567167764	21
0.077669140239254	0.0704991966259504	21
-0.113127100560458	0.288773202032888	30
-0.010774302707331	0.211153647921776	30
0.110865507306074	0.0397113788160752	30
-0.050955997008493	0.114002992802927	30
-0.104549712486599	0.469915857522135	30
0.086353090015635	0.310140382426614	30
0.099010555383887	0.240966779561106	30
0.020785556192976	0.242165128869175	30
0.104078399777728	0.170783279837254	30
0.11628693401039	0.163404822009698	30
-0.081567530831145	0.366288711223622	30
-0.072817042731325	0.48065680625446	7
-0.080216847495123	0.189563353167821	7
0.104699502353097	0.28015626037863	18
0.029979424169983	0.179682516622953	18
0.00157918552207201	0.217580994646537	18
0.067778604258213	0.0939842075375844	18
0.010698280238831	0.162109170898922	8
-0.027539990129219	0.205573954473445	8
0.077209369194292	0.0706913846673543	2
-0.0516598593167	0.114296718545794	2
0.077590419964501	0.0705269291433486	2
-0.082904570138826	0.54706427176344	8
0.06910493658607	0.1710299997164	8
0.067464110052573	0.0941758280759728	8
0.110865507306074	0.0397113788160752	8
-0.050498461950376	0.200038644577732	46
0.063974550327791	0.113279573615383	46
0.115473867814773	0.0837397579827644	46
-0.010752383651525	0.211069800297153	46
-0.082758753402239	0.329187789000794	46
-0.082546379798536	0.512481192407148	46
-0.058939866318849	0.41050615043796	46
-0.023811310428105	0.255934591067754	46
0.040373459581996	0.197669244378114	11
-0.081181477038761	0.190104822937494	29
-0.079941092824388	0.189365351737144	29
0.118883356539189	1.32929300699756	21
0.088933812726068	1.16637591817209	21
0.089939959961118	0.805980737261171	21
-0.011742463012765	1.21532005313827	21
0.088390887347812	0.678876185622032	21
0.085622945949438	0.452870639639584	21
0.028470096969533	0.680953223799295	21
0.057022136681586	0.769085512916941	21
0.020295555047841	0.915362798650424	21
0.091091101819367	0.474377054269682	21
-0.050185188261046	1.05318095282803	21
-0.018890342924985	1.01712130950243	21
-0.00338223467927501	0.805172794934635	21
-0.040988257580846	0.895907240955896	21
0.004578980822429	0.833669997067546	21
-0.073716255450556	1.17745199846765	21
0.027167456750701	0.45036718165229	21
-0.062311406773059	1.02017821099012	21
0.102104565809254	0.416674742531864	21
0.08486079625344	0.482765082062525	21
0.044003702214938	0.671198735471168	21
-0.017213310915913	0.839239778164781	21
-0.063994971886703	0.887077459682372	21
-0.008425508208808	0.539339582094253	21
0.098822168730462	0.125353992901829	21
0.069814055921707	0.180622302573338	21
-0.086071166451734	0.246103746203283	21
0.041214670734635	0.196688386204833	21
-0.022864815744907	0.134713366556739	21
-0.028828573846031	0.206694515375118	21
-0.00406407177097201	0.26754474875753	21
0.047037334620073	0.214496089598718	21
0.035281121113994	0.273783511943312	21
0.066654848067526	0.0946113815907912	21
-0.027722357681943	0.205760981955521	30
0.070786518509531	0.209244804336437	30
0.068791063863157	0.171366733038707	16
0.115514094351487	0.0837165305806647	16
-0.052011923493779	0.114426137674261	7
-0.05186123248638	0.114344294945834	7
-0.114479437265017	0.401717631040237	7
0.123496580859861	0.184533888066121	8
0.069297926106511	0.344908581699154	18
0.02176899474331	0.170951354094902	18
0.065202925148598	0.139797090780993	18
-0.119546025252126	0.609322536002463	18
0.102738688390849	0.112479172528088	8
-0.06219744147575	0.290496190091859	8
-0.122587081353577	0.242574156802219	8
0.115753912302567	0.0835564385822814	8
-0.021993449480125	0.134278402059596	8
0.097772289823886	0.126281569918896	2
0.000370749258384012	0.218894774807635	2
0.11138395317179	0.0395681269987556	2
0.11106265674376	0.0396671757223606	8
0.0152453992271	0.370913826570873	8
-0.099595705206557	0.794317584989941	8
-0.094477760723634	0.438400339183632	8
0.107282200451277	0.0992352390750748	8
-0.032886776752465	0.297307964428367	8
-0.022286977451465	0.134437949441247	46
-0.081781246622271	0.366578978456769	46
-0.049589067352457	0.490452630933687	46
-0.04024821512763	0.337700920513494	11
0.063860515934769	0.113377323003526	11
-0.085617605787978	0.245662397913654	29
0.011197090069513	0.161738029914892	29
-0.022575890878387	0.134611873496179	29
0.097908073987663	0.803105605244567	21
0.122123281448436	0.653421480744201	21
0.090773706814968	0.517520413426057	21
0.088563883546829	0.659252543842947	21
0.036428601722632	0.978224640030063	21
0.05471360748422	0.63521935789716	21
0.042789424305684	0.555403901135619	21
0.075940006802496	0.394996481947854	21
0.042502337877224	0.533097510559551	21
0.00946363965205699	0.488405487916449	21
0.089369084073501	0.270369916505017	21
-0.054658020284123	1.1881882524321	21
0.035882166328267	0.730861459699688	21
0.044277686806099	0.675826891035923	21
0.003645680839819	0.615163926038997	21
0.022261420735407	0.526039853660178	21
-0.08847940997776	1.05137308938862	21
0.01209486369742	0.776056370629827	21
0.053494486552096	0.270596250447354	21
-0.016172246442815	0.310332676265421	21
-0.075800290592269	0.674584430344194	21
0.118700751442357	0.208412060402803	21
0.092539398211591	0.365425758588089	21
0.070187783790093	0.210098946582334	21
-0.00260277170108098	0.322089122977513	21
0.049109248984772	0.223628622817492	21
-0.096650694222052	0.402234598562369	21
0.021372568328348	0.171287135494086	21
-0.084654636652654	0.289396545333199	21
-0.058350548305557	0.24756319655217	21
0.103418956664243	0.111900444898453	21
-0.122720620210223	0.242680985048687	21
-0.049877676704523	0.199599255757215	47
0.06768148630112	0.0940477132535558	21
0.116093333289124	0.0833196897353597	21
0.115713562889498	0.0835762750014481	21
-0.059123291830723	0.248291590930997	21
0.011038382013341	0.161853088739805	21
0.009793972110345	0.225523317269312	21
-0.105205388205475	0.328704654876625	30
0.022081385100746	0.170699802805938	30
-0.051760517099524	0.114337551940054	30
0.06718672482947	0.0943239763792054	20
0.000489407091162991	0.147944882664664	30
0.016881242654013	0.232686846195487	30
-0.05130788380924	0.114155707724385	7
0.111186925303284	0.0396232165072587	7
0.117802028218444	0.125753600776023	7
-0.078449758895325	0.469448710322841	18
-0.035603600065882	0.467389043638067	18
0.09547036618138	0.204708227995335	18
0.070625471710831	0.1997652189528	18
-0.028476576594008	0.206406522529855	18
-0.013512717694615	0.26242738251452	18
0.067080770864864	0.162188634103751	18
0.076143777741989	0.0711164075589007	18
0.067089527774118	0.0943819801836264	18
0.115753912302567	0.0835564385822814	18
-0.122977964865057	0.242878747706938	8
-0.08659176112135	0.246584127201005	8
0.116473117360764	0.083053968852418	8
0.067246759682515	0.0942982306112401	2
0.110419856553328	0.0398333964039841	2
0.110865507306074	0.0397113788160752	2
-0.021946757622245	0.134275185027705	2
0.077590419964501	0.0705269291433486	8
0.022808570159967	0.313329667716844	8
0.067511459096468	0.172755963831137	8
-0.0516598593167	0.114296718545794	8
-0.027929967456041	0.205967024760164	46
0.036168365895754	0.188536891350891	46
0.037842368809016	0.281316214087322	46
-0.099777785230719	0.366007371151942	46
0.098057525775915	0.126002680864748	46
0.02210231074764	0.170685484068617	11
-0.086433455756814	0.246441115696819	11
0.077287962253669	0.0706637074876884	11
0.123400569178362	1.28526784124538	21
-0.002659776273851	2.03226402251574	21
0.093164175069144	1.02686645885985	21
0.087009227133017	0.943874493836327	21
-0.00305306370104003	1.60783145667733	21
0.083641216506538	0.562710777835133	21
0.094636662101587	0.616319469694525	21
0.073314804562201	0.812263376778033	21
0.048599116176523	0.877607559513809	21
0.102156575397623	0.594206243667853	21
0.043550273490746	0.70859451194559	21
0.082254856608171	0.786842565857493	21
0.087536782213683	0.789708167099358	21
0.043846877736011	1.1083185993665	21
-0.00739403166743102	1.00207001570888	21
-0.031967961574576	0.921941150382027	21
0.037629088544707	0.634447151793909	21
-0.088273893886059	1.02254163939456	21
0.070891113467133	0.712133458706261	21
0.104317009936974	0.355286688348101	21
0.120785411798377	0.337165123257264	21
0.118915669427642	0.328308237281167	21
0.114219430951753	0.333964791338439	21
0.052153457490428	0.453601456976889	21
0.027524163160082	0.449419403292663	21
0.005707927436026	0.42998104499728	21
0.091923907842042	0.231709571109215	21
0.078296575678827	0.290226637967876	21
0.078542932535402	0.393688197534495	21
-0.070366712183205	0.998799220926879	21
-0.096218068075368	0.70403636746163	21
0.08690490609231	0.190877179146154	21
0.044502537340703	0.312288117523866	21
0.037122374122026	0.293761958322978	21
-0.00228016500835199	0.373806465674253	21
0.103559737207526	0.178438359085341	21
0.044578707758268	0.205476917561368	21
0.122759690195634	0.142411940412287	21
-0.070435641456802	0.442756674006737	21
-0.067925598866685	0.404466206340904	21
0.064993099098019	0.139980696512696	21
-0.080374313460103	0.189661122443498	21
-0.027395788140204	0.205469101447324	54
-0.016558296863751	0.353993847283043	21
0.112703619302298	0.138391168361326	21
0.108036723149564	0.0986858332756658	30
0.077160525593363	0.329051959064526	30
-0.117008693966379	0.642436884372982	30
0.066746034498648	0.278359237093472	30
-0.036431428662701	0.380276224653191	16
0.04828813327685	0.224694253301428	16
-0.024226713261724	0.256423591962266	16
0.110295664471298	0.0398561976774745	7
-0.03804914789122	0.25062396714948	7
0.063993392379971	0.113276482234153	7
0.002426537577293	0.274903939616603	7
0.098507541878774	0.192915410220943	7
-0.028782819430379	0.468297368162201	18
-0.110851711600788	0.438930156109163	18
0.011265128253768	0.161662180062301	8
0.115853638977783	0.0834869347023627	8
-0.05130788380924	0.114155707724385	8
0.067404020697677	0.0942067543932056	8
-0.053999871018238	0.452268242976195	8
0.088820675368876	0.257863015535184	8
0.035959472229507	0.440707838331207	8
0.027798858813665	0.328354764987215	8
-0.03943863513215	0.336512714513818	8
0.115326387535877	0.164730521523779	8
-0.065407773293761	0.330959072683065	8
-0.104964464550516	0.328489243449985	8
0.064117026820609	0.113202284867335	8
0.076749648212665	0.0708623006217085	8
0.1158938950494	0.0834578236407481	46
0.010222188948344	0.162483362670592	46
0.091185273541384	0.168414019996674	46
-0.035264310428309	0.423561410770436	46
0.117003658597141	0.126606302926738	46
-0.06312657338541	0.291513248668429	46
-0.097391648967918	0.403311851318614	11
-0.0000381306960159922	0.14829839657631	11
0.067306906576961	0.0942595441750744	11
-0.011555158455564	0.211933481136974	29
0.102377246428444	0.112774415177942	29
0.065536112039917	0.139522345531696	29
0.122829415003256	1.28353028956222	21
0.115481088426156	0.913766256656867	21
0.036718143654433	1.22695088685151	21
0.02627432439475	0.896744435814524	21
0.107886992888398	0.371811003667165	21
0.00597553251241501	0.579445859841091	21
0.114475375698	0.340784940068449	21
-0.013515653585537	1.1609757160008	21
-0.013480358842606	1.16491639769397	21
0.037952953945894	0.771747171127398	21
0.107739224139294	0.516730925119841	21
-0.00950128944802903	0.868529940086636	21
0.076213048096766	0.560286324132897	21
-0.061015019845734	1.28832405681752	21
-0.111969499033543	0.578152138766872	21
-0.051383916564548	1.17354648263807	21
0.049071068554723	0.633433552623747	21
0.057914876252598	0.326415507575684	21
-0.027088048965087	0.50345729911709	21
0.059153243656388	0.340949904826052	21
-0.036028790533445	0.425086245897364	21
0.091428955198032	0.225571376156918	21
-0.010626544797815	0.412608771017218	21
-0.083193886001497	0.644157736495061	21
0.083020530205645	0.229018479534713	21
-0.073169894282138	0.513928961608649	21
0.116847430562242	0.12676557018623	21
0.025293754888533	0.250041363784381	21
-0.105366871570071	0.47138358742484	21
-0.122997700541494	0.367424202012688	21
0.03584577183838	0.188837241814494	21
-0.023936403627342	0.303798638773007	21
-0.08203763248094	0.366952711123228	54
-0.05168841742942	0.334001549596524	54
-0.100525946043238	0.366947926706935	54
-0.024373941067463	0.256526946810373	54
0.00244659304410999	0.274870226851364	54
-0.013132525583653	0.261959673123577	21
0.026679644905336	0.248291441048397	21
0.000411227589051988	0.218848116751925	30
-0.014921833849948	0.30860347019959	30
-0.086954040075034	0.246881561749256	30
0.092749706410059	0.149348107523364	30
-0.038795180131341	0.647254350995844	30
0.079110822462785	0.243424678644123	30
0.104362790364825	0.206599302390316	30
0.031482533334108	0.343598252105558	30
0.036506474460518	0.283492516740409	16
0.100190965165703	0.190480352992876	16
-0.091889756870547	0.579704741064578	16
-0.109699986957737	0.611279071919091	7
0.066363818253436	0.151225574338381	7
-0.080894134735853	0.474641611789288	7
-0.065721737545896	0.331373181755131	7
-0.03321292105691	0.297703788429184	7
0.099621808031005	0.191341035485079	7
0.027691097680715	0.32855253626087	7
-0.020907983291579	0.554919409891794	7
-0.093156844168637	0.794041298631506	18
-0.012270996832012	0.415838376720078	18
-0.00039836755690098	0.464479632052181	18
0.018559380931713	0.294591207479951	18
-0.096786349374093	0.402444348050264	18
-0.025228149925098	0.257412795998622	7
0.099226844154252	0.12498978523617	8
0.061975799371008	0.129233448667756	92
0.035708965071925	0.189005333642041	92
0.116133712327783	0.0832943640496605	2
0.077209369194292	0.0706913846673543	2
-0.080157715643049	0.189518424818333	2
0.11106265674376	0.0396671757223606	8
-0.022044616803678	0.134313553575837	8
0.06887618146537	0.27441869709397	8
-0.013131305999417	0.305929859171137	8
0.094551260228729	0.220252100570572	8
0.090729202375911	0.168966270838095	8
0.123306870108939	0.141747118611965	8
-0.050175540982743	0.199822159757637	8
0.065391119237329	0.139631660991285	8
0.063347430239236	0.11371260792063	8
-0.052112495471293	0.114466940015057	46
-0.079941092824388	0.189365351737144	46
-0.011034948829614	0.211472636281748	46
-0.083091907592448	0.287819465335491	46
0.039735285067797	0.198345245739415	46
-0.030169416788505	0.341506603915062	46
0.03970604405824	0.300389139304886	46
0.111182678872909	0.214634961733755	46
0.053145033661141	0.261091558069942	46
-0.114322459547561	0.401516178288696	11
-0.027760228622241	0.205798917976398	11
0.11475453421551	0.0842102531397179	11
-0.050357648275789	0.199966007087567	29
0.026105563648972	0.249017041941975	29
0.068315148829175	0.472830465373106	21
0.111985069860477	0.76925930576194	21
0.109173865981096	0.566264434813573	21
-0.02460480339497	1.57135647608209	21
0.052787998069741	0.51857662565608	21
0.118794262203519	0.449268263084692	21
0.106778630185266	0.314095425151517	21
0.092238256914071	0.394038138894702	21
-0.069568527646685	1.36374888204363	21
0.112326797324435	0.305448467584636	21
-0.017636113240591	0.396642692104038	21
0.072382384789876	0.389495811288929	21
0.114340375780137	0.512676238308942	21
0.043725540790489	1.24106646203017	21
0.008980599140477	1.65877720546709	21
0.068274837958212	1.10652184046335	21
0.097614243257537	0.706163818344296	21
0.056263032239444	0.528970547505682	21
0.080388959521241	0.775499553858257	21
0.053636435210378	0.449218944993648	21
0.057575398166875	0.410015245001252	21
-0.013108822468665	0.815040513312856	21
0.049708324717475	0.561198660034409	21
0.048799166270561	0.536730516186672	21
0.066808286312495	0.677003056252751	21
0.034964616924693	0.913385883284429	21
0.092661638619755	0.370336584520974	21
0.122682521186113	0.280651203780921	21
0.078019128489797	0.320036250196153	21
0.050993862655904	0.391242206467461	21
0.111990243065356	0.343214182441209	21
0.051698521025861	0.61881247800723	21
-0.041628947455935	0.938930153505612	21
0.043337587781122	0.397687910217211	21
0.034617601251633	0.358164675316921	21
0.099352572926695	0.240268292573143	54
0.037528990886	0.362101962218141	54
-0.04045422682457	0.4609226234136	21
0.03282906248649	0.265399718223493	21
0.114171748704419	0.166330761572363	21
0.088698133194433	0.188387495804488	21
-0.013959316321012	0.307203419813538	30
0.037834279663267	0.281359443493961	30
-0.090915272129136	0.577406522940494	30
0.058877317945868	0.315649519710303	30
-0.111710115597928	0.53798324967842	30
0.118304962195106	0.180407717225193	30
0.091710729508014	0.232084617945863	30
0.091479316686109	0.239283855771362	30
-0.045609335681112	0.376722735853978	30
0.115568161749029	0.224895888088673	30
-0.070266345131208	0.647899962366088	30
0.04147300162382	0.48747819378415	30
0.096692398326979	0.258140542420932	16
-0.030818917263578	0.431513709303717	16
-0.013456806496082	0.262374507064586	7
-0.024893020924882	0.474828671591027	18
0.042565780105841	0.316079313867252	18
0.081324582228936	0.262063567920827	18
0.069509094130531	0.211051900841833	18
0.00131151619870401	0.3305271232545	7
0.109693452668914	0.149192367131229	7
0.06549313739895	0.139540042049212	7
0.06889183844749	0.171270293857863	8
0.064261685252138	0.140559947244486	92
0.086759103377123	0.191079576585842	92
0.00345481285337901	0.273490035318251	92
-0.024226713261724	0.256423591962266	8
-0.108670701456749	0.608636497170679	2
-0.082232597177227	0.328522978633289	2
0.063461747475134	0.113635101043314	2
0.107854340112267	0.0988317300014447	8
-0.040820141611706	0.338526924818598	8
-0.001324129363308	0.512399652410021	8
-0.073515557059997	0.576831168396849	8
0.100365652180511	0.232124534869061	8
-0.022931680795459	0.302425468774291	8
0.02224814510725	0.170545491719755	8
0.047989578637061	0.225092110176256	8
0.029746422870049	0.17999511301714	46
-0.011077060461499	0.211513029561762	46
-0.054715911179631	0.371112007513125	46
-0.061672711340619	0.289856583285172	46
0.093334044791609	0.148743398507162	46
0.068742904678347	0.181896170486158	46
0.026431361593108	0.33088496208928	46
0.094659794560636	0.213188396105888	11
0.066354999528568	0.162896307066472	46
-0.051103958339797	0.333209943515784	11
0.051764898217457	0.263292478235618	11
0.094231861940103	0.147767928715026	11
-0.082967186450455	0.329425608468766	11
0.103030430199411	0.172180822445993	29
0.11399163694746	0.136974759536002	29
-0.036604069713362	0.426064805520937	29
0.053296734638233	0.270955044454409	29
0.122356062373431	0.325548725493894	21
-0.014053144976	0.819120582783267	21
-0.020232361232832	0.869605309912984	21
0.014185359816067	0.753918704237957	21
0.111418445066499	0.531184999054883	21
0.064695329153867	0.443296206008971	21
0.091066060939712	0.313938870703817	21
0.020368540524767	0.923293221555609	21
-0.068670793476668	0.405721234304354	21
0.070165436702484	0.319845107142927	21
0.087910930307473	0.578637358551107	21
0.113249344169479	0.37100085904211	21
0.076044570776949	1.02223159363704	21
0.098584394223993	0.297981612344271	21
0.060789249165413	0.416368918839084	21
-0.012461501575138	0.523831218017836	21
0.053196982386541	0.377135367329896	21
0.090547348330849	0.387191494212193	21
0.098434419563805	0.530632821327157	21
0.07330249351519	0.37338767669616	21
0.114644602677924	0.226744652801607	21
-0.099315946742975	1.24306605880968	21
0.079702012451783	0.365450713144217	21
0.10419942137527	0.364313504850008	21
-0.022363209590704	0.857782825488983	21
0.014359555979396	0.838374365893131	21
0.120208961275088	0.248064894367404	21
0.117326090472999	0.259352079070628	21
0.00163693050838901	0.472226947417724	21
-0.00182665320495401	0.467961335253876	21
-0.081765534645726	0.7345451711365	21
0.029550869446542	0.407008532517763	54
-0.016654443973661	0.55702106193441	54
-0.023947531768579	0.392643104683743	54
0.042267881232911	0.31654507970536	54
0.018615903679573	0.364444607079907	21
-0.033983548690316	0.50472373847205	21
-0.091115473673052	0.611704131082319	21
-0.060853747932784	0.445856755310726	21
-0.092945274044813	0.547094388419885	21
-0.011233421841774	0.360665892474087	21
0.08010209160951	0.257027455647048	21
-0.121105674185965	0.572065982557755	30
0.011128779226082	0.398643639535897	30
0.117942348938595	0.180980053644754	30
-0.093391773470351	0.474651303756603	30
0.030191184248627	0.256642432121841	30
0.049934310744979	0.358095270726266	30
0.014998939109827	0.565179102440054	30
-0.12382996988996	0.904721874743683	30
-0.112733440208564	0.540257489850319	30
0.098863290352136	0.125324129548118	7
0.111186925303284	0.0396232165072587	7
0.096022054946659	0.137147633388364	7
-0.05130788380924	0.114155707724385	7
0.115514094351487	0.0837165305806647	7
0.064971536985814	0.139992606998261	7
-0.027565462018901	0.205637034999288	7
-0.00618544097743001	0.762610965201372	18
0.080320149572342	0.425962652154085	18
-0.053998592152172	0.627773172497867	18
0.025801232198956	0.249434063136318	18
-0.03823644606353	0.383190680750864	7
-0.04590535791912	0.293666212209163	7
0.068132460575879	0.161155760246022	7
-0.095597068171643	0.440146088374558	8
0.010630302153423	0.162181165434051	92
-0.023701314001966	0.255804387741029	92
-0.104222977817561	0.508967702755409	92
0.068835601696892	0.17133049661302	92
0.067464110052573	0.0941758280759728	2
0.02224814510725	0.170545491719755	2
0.106968060342999	0.0995028980376292	2
0.115993688804862	0.0833929609815537	2
0.107124989623778	0.0993802922691628	8
-0.122676486865662	0.367039759978586	8
0.046162902708633	0.215623039977895	8
-0.054613990200392	0.557028513456705	8
0.091391287056705	0.159569756050423	8
-0.045487130543992	0.293149725995641	8
0.095282733741566	0.137868940326722	8
-0.065026176990635	0.330462060439666	8
-0.122997700541494	0.367424202012688	46
-0.023389224071641	0.302923404631316	46
0.00859158095674201	0.226841136932659	46
-0.038644598774082	0.251315638018518	46
0.069027125587687	0.25728265029416	46
-0.082133955307834	0.328427036751017	46
0.116934285405044	0.162484916708754	46
0.111923706087894	0.175880654298073	46
0.122402113903321	0.142876713031528	46
0.01278558989662	0.289821313582808	11
0.124291315143836	0.140469450866842	11
0.113752426591474	0.137241235434269	46
-0.096650694222052	0.402234598562369	11
-0.096007022023957	0.401305009611823	11
0.09644671354351	0.136729661253992	11
0.068697504901843	0.192168990954408	29
0.022170207333325	0.240488950012066	29
-0.06465622457928	0.329980170851586	29
0.115221941450443	0.895623285086485	21
0.00278605076729299	0.812495308467035	21
0.106106382252202	0.377728924444762	21
0.094483913258369	0.621103578792282	21
0.027736889987799	0.532223556287255	21
-0.029962013930494	1.09766936466976	21
-0.054162701058323	0.452540633634704	21
0.120765587447363	0.242270552739876	21
-0.032409010862958	1.49841410511406	21
0.083548277274276	0.876562951013977	21
-0.117091608272409	1.04162399179317	21
0.094071939615496	0.288625934448467	21
0.06207796990501	0.397830214568258	21
-0.04734305266844	0.869413151667275	21
0.097465728357381	0.806022529629365	21
0.093055320326431	0.290985028459335	21
0.025637557735041	0.762358517597273	21
0.10752445581002	0.342886163770597	21
0.05408270872469	0.432338414640154	21
0.046062183572032	0.546611932479581	21
-0.088764518804043	0.79949773410585	21
0.00447253158890901	0.726524630575341	21
0.119841115725256	0.206250269728852	21
0.038473793421217	0.496577483990062	21
0.076756987782122	0.308455043228799	21
0.053037460841115	0.368822493187016	21
0.023802780350467	0.506047327231994	21
0.048298508428948	0.352480533151817	21
-0.023087200990128	0.583426627655069	21
-0.065820586471018	0.711036331568718	21
-0.020011741228218	0.636346005882962	54
-0.028431603428947	0.506807375360919	54
0.077742370605638	0.291475308086791	21
0.05382669347437	0.270003452781438	21
0.039653075376341	0.30047367470865	21
-0.080785791800092	0.439019107958298	21
-0.081425964437365	0.733378077475657	21
-0.081996982715581	0.640931228246146	21
0.013172167089652	0.350442847436181	21
0.116805406503462	0.188356376076871	21
0.109150625032833	0.186358454551846	21
0.103954088449049	0.213456020285169	30
0.076960032950269	0.293070159246855	30
0.047573914391692	0.335155174860915	30
0.016465751649198	0.368685620571196	30
-0.00350471072278102	0.458713761787816	30
0.101008917303967	0.182212278693612	30
-0.019115858514204	0.724053384789569	30
0.122655346662633	0.233537208403116	30
-0.073112426726447	0.927004954990035	30
-0.027444429347088	0.504348042874316	30
0.010302099809247	0.486124064258346	30
-0.083170856453553	0.738954460053346	7
0.008254306970499	0.491630216410011	7
-0.113089601171979	0.288833281039867	7
0.106785686880605	0.0996352026838169	7
0.000395911321406012	0.147989483806065	7
0.122496745693267	0.191276909728186	7
-0.079842810698226	0.189306253830455	7
-0.010716133174432	0.211161839692302	7
0.041279453972452	0.601431259970098	18
0.00392662478704101	0.728778288489431	18
0.068700612792253	0.221719173815771	18
0.099092163793592	0.285489495805693	18
-0.107636118019268	0.879703641951874	18
0.113029822901494	0.174270341511902	18
0.051326433743365	0.364003570468105	18
0.019850734698402	0.305608905497495	7
0.016915716413345	0.297222307288961	8
-0.00441789736786202	0.26802147926722	7
-0.082805732703336	0.287491324786412	92
0.033420693239246	0.276547620251864	92
-0.022710032352139	0.347409070703709	92
0.086759103377123	0.191079576585842	92
0.044934889449514	0.205030893417029	8
0.096965610991666	0.136187382472204	2
0.030801338712221	0.178970657084265	2
-0.010833506523452	0.211275303653512	2
-0.122676486865662	0.367039759978586	2
-0.049877676704523	0.199599255757215	2
0.021726988845641	0.171000412109928	8
-0.032404332988388	0.296619884669846	8
-0.017465511794258	0.396332554049583	8
0.068377571728965	0.212579357889368	8
-0.069905169262257	0.441831296683198	8
-0.10115552245516	0.614249439730315	8
0.047080916710112	0.214507007057331	8
-0.080706381867565	0.438868223905482	8
0.000652702055498	0.218566828304842	8
0.043453213650767	0.206821933229914	46
0.092660419610065	0.158101307830032	46
-0.084048737434985	0.288771946004031	46
-0.039934435479484	0.252578278988563	46
0.039930824544069	0.299993618801743	46
-0.065508481422068	0.331108787615935	46
0.052324002825355	0.2414309008623	46
0.009378051797333	0.344407878553767	46
-0.021151972284212	0.443062171612344	46
-0.101337731927286	0.541590269112253	11
-0.023936403627342	0.303798638773007	46
0.103057507497925	0.112212543116119	46
0.002884875945799	0.274290866189841	46
-0.116016276243387	0.403791516282026	11
0.024837476133275	0.250636874381373	11
-0.050752007700716	0.33262932057823	11
-0.093731795448926	0.437161883554397	11
-0.01439814939369	0.307864292858276	11
-0.08203763248094	0.366952711123228	11
0.115778796593847	0.164110631024642	29
0.00847445554305101	0.281693013893141	29
-0.00459082796134802	0.268247945232053	29
0.084175753079792	1.37021037062065	21
-0.119110086658292	1.74011776577991	21
0.051752527006129	1.13278429127922	21
0.077729134545326	0.856627626859729	21
0.078027968119803	0.994311205903695	21
0.099139490204892	0.397861368321056	21
-0.025795689585029	0.925196796213258	21
0.101949214230583	0.483193944469727	21
-0.119697924726341	0.996656245552049	21
0.097174013429375	0.307037187918403	21
0.00467928037710699	0.572539907781681	21
0.058967289529591	0.332803197575236	21
0.123550969951582	0.462776086384548	21
0.051245057624587	0.479621224021783	21
0.098171430960774	0.491658782141089	21
0.012161293069415	0.796056543255228	21
0.071682069017601	0.457807265183637	21
0.088985465055052	0.412419187701284	21
0.090700476075363	0.489969487754999	21
0.08202174247997	0.47817221983906	21
0.122092903425724	0.432410204669547	21
0.083256008522638	0.543473097849776	21
-0.052596947271755	0.958395700651607	21
-0.024246283678534	1.07206614394439	21
0.077218410839748	0.409941759183066	21
0.00121181051153901	0.811235977991814	21
0.009688764607519	0.445105055389479	21
0.068293639153791	0.307993545766761	21
0.093101919383085	0.222770675998098	21
0.082018269056179	0.238460856427895	21
0.034582394067262	0.347814705710726	21
-0.083378823293509	0.708166493324928	54
0.119112083179377	0.153343539733596	21
-0.043410151247536	0.421277647185952	21
-0.060024026965563	0.444228534274234	21
-0.015348979992653	0.309209440842344	21
0.043583208996418	0.324080940584856	21
-0.092560289537065	0.581274326078183	21
0.017137531702037	0.409015078468812	21
0.082478883119205	0.221980545740678	21
-0.092366174760946	0.580867037656304	30
-0.065942738529465	0.487114401673021	30
0.019811730962696	0.305727142901155	30
-0.067815133932331	0.611472210085232	30
0.073133603191733	0.400540000858658	30
0.043838359105005	0.206346707411872	8
0.075003767154359	0.440835840447837	18
0.066246392658799	0.16299588478376	8
-0.02469171744827	0.474365619458951	18
0.048586690479026	0.224303024353047	8
0.068764657858727	0.192096663198373	7
-0.029349720843058	0.340066045541273	7
0.06938581786908	0.18114224142356	7
-0.032673582348832	0.297017289920053	92
0.029341089922572	0.180344389127333	92
0.067656165648312	0.161620440876212	92
0.070322053532547	0.179972618969749	92
0.040687724023093	0.197309169604579	2
0.062679736186913	0.128711059188858	2
-0.0998329255094	0.366097771560211	8
0.098477991705306	0.193053755737135	8
0.080467126004099	0.248789946098828	8
-0.047499516657405	0.457881537825794	8
0.124171020795564	0.18337764341665	8
-0.121511373431783	0.472270012610235	8
0.035708965071925	0.189005333642041	46
-0.039876557679556	0.337178111220777	46
0.112132363490962	0.139063405693286	46
0.00895922461863899	0.226475862761746	46
-0.080998698348436	0.474813303289835	46
-0.121730941347163	0.472625958420193	46
0.00741118372990099	0.334342496940257	46
0.036370950942665	0.188321899871474	11
0.068831687257746	0.192016148142839	29
0.088833421098358	0.179914446863769	29
0.104152871475669	1.02319001688575	21
0.124322692237495	0.614714969347262	21
0.053212234232449	1.15510845546863	21
0.08274548555893	0.735416774491729	21
0.110813947193109	0.608504942152238	21
0.004216024896501	1.00985151974479	21
0.085240686980833	0.612812214852117	21
0.09154193250685	0.565449563170214	21
0.08190114919641	0.518591258448683	21
0.106272394426566	0.420424460339921	21
-0.115746627270199	1.61176614213514	21
-0.113335343924034	1.47751601057243	21
0.043089519843643	0.634572921636901	21
-0.00059976846861598	0.66932500178726	21
-0.039121509802325	1.12783328367065	21
0.033026729671318	0.890654151962713	21
-0.020066695815146	0.946707020849914	21
0.116780857122075	0.382091010566896	21
-0.019440178031828	1.0393944819476	21
0.036137406550549	0.543522519657505	21
0.000477930072067007	0.845367210552238	21
0.074511461878459	0.418289682599674	21
-0.039338245799758	0.633766274198125	21
0.088830275970726	0.250949061232093	21
0.100527914582157	0.231868252151563	21
0.092624342038954	0.341128898088758	21
0.070284515414486	0.327347404345031	21
0.053814620250632	0.260054458017008	21
0.044194098978924	0.205946786031089	21
0.078644776176001	0.267216031316642	21
0.108734067052873	0.187010078962665	21
-0.092688217216538	0.473555859458092	21
0.068843901920299	0.211944892354763	21
-0.081980798214432	0.366850539580961	21
0.065159746706177	0.139840043884462	54
0.10890638872418	0.186741333043339	21
-0.058265882329939	0.490715508730555	21
0.00705627957449101	0.283633752809472	21
0.006169927758819	0.441356437510557	21
0.093160949775111	0.222635660939313	21
0.078055691370422	0.29825192114298	21
0.082110615772099	0.22254474201848	21
0.029948988377951	0.17981287160032	21
0.031384210502774	0.254921885379317	30
-0.049314356125205	0.199151995015818	30
0.025307492699649	0.591525554110502	30
0.059432386851852	0.43497376205936	30
0.068397131982812	0.323809718915839	30
0.030719385311905	0.460784565291514	30
-0.043843178550419	0.563804492593194	30
0.086981969472634	0.268346751514158	30
-0.024680375572379	0.393893234735112	30
-0.058559607459159	0.247787454402326	7
0.067725488568896	0.16149067587058	7
0.069214383060176	0.239407293307014	7
-0.000134919146311974	0.148342283021271	7
0.069895079659951	0.210491003268536	8
-0.098361806078508	0.642076690110361	8
0.028919037876164	0.258353326736736	7
0.122467793406117	0.142788934593426	8
-0.045596070859923	0.293280577902326	7
0.040586029844283	0.19743548011956	8
0.022414937723803	0.170382171274534	92
-0.037920217432854	0.250509662204592	92
-0.122724995893763	0.367076590373229	2
0.077287962253669	0.0706637074876884	2
-0.022091243109116	0.134354832803417	2
-0.051760517099524	0.114337551940054	2
0.022435757116197	0.170385380231934	8
-0.058559607459159	0.247787454402326	8
0.039691811922103	0.387276802640798	8
0.067779310826826	0.317139762411819	8
0.114235764654831	0.23277111757773	8
0.120658940754189	0.171154609676833	8
0.102659416379021	0.172669345235132	8
0.102260692088084	0.112840646078793	8
0.065514598685805	0.139536529429146	8
0.063860515934769	0.113377323003526	8
-0.086999732958113	0.24691407661681	46
0.063594693445878	0.113556644367664	46
-0.049595963173436	0.19940314615466	46
-0.104763544229712	0.328264253978482	46
0.009145322536186	0.280623047519771	46
0.044835240434774	0.205177888612749	46
0.119259715916866	0.178840008046492	46
0.043583208996418	0.324080940584856	46
-0.112301918612659	0.578818363891227	46
-0.074379308687243	0.483501029677174	46
-0.049749028885425	0.414235143478762	46
-0.080374313460103	0.189661122443498	11
0.087616416413681	1.67513858119477	21
0.118053868950491	0.66087258313597	21
0.034726800059095	1.42629482006162	21
0.030886279387526	0.983119155131048	21
0.076699345310262	0.625912603750766	21
0.124132596159858	0.383656260903451	21
0.06057384357993	0.726656211636023	21
0.035141139389787	0.854953964509997	21
0.076859513780459	0.594763203915531	21
0.089284610777862	0.605220223707607	21
-0.049806369404697	1.51166949459119	21
0.076356954471958	0.637020153464515	21
0.033727971564713	0.739276824834569	21
-0.028374657224343	1.08821764866527	21
0.060602567149283	0.646687582331308	21
0.120112753269898	0.281863798879234	21
-0.105608139038497	1.25251740798551	21
0.103484834040186	0.454576328005703	21
0.014248402682583	0.83893872830018	21
0.035645003893776	0.366220574553634	21
0.09139979206155	0.307081019413002	21
-0.070035576353927	0.617363610883146	21
0.00773056468387801	0.437718072160866	21
0.09327032768516	0.222490527698594	21
0.105926110427729	0.161132335832673	21
0.06912370240193	0.160090864344873	21
0.122355012757513	0.114134489202966	21
0.06905483323077	0.18152707786401	54
-0.095671482134139	0.44024776696572	54
0.088646188059715	0.271889339099476	54
-0.08352809471513	0.288290637168323	54
-0.01179905163358	0.212167229288823	21
-0.062965286086959	0.29134185109294	21
0.108959013162445	0.186667399165017	21
-0.044784730720182	0.375432745802082	21
-0.111341002929174	0.57664909053918	21
0.005209682493589	0.338130186925385	21
0.070277807275996	0.303774121630512	21
0.069015569864551	0.181573721025002	30
0.122402113903321	0.142876713031528	30
-0.045963974041854	0.293732583528528	30
0.061586473640251	0.129470522778004	30
0.107489628608857	0.0991126283555716	63
0.000572368946193003	0.218690639132691	30
0.068502816487827	0.368972048955423	30
0.117551392383532	0.278382309473722	30
0.118911933893485	0.280905888354257	30
0.078936774846658	0.266647709994225	30
-0.051408627280488	0.114196567167764	7
-0.090690061045141	0.610606543379673	7
0.091172398059203	0.159812969870926	7
0.077669140239254	0.0704991966259504	7
-0.086795742461947	0.246753835191953	7
0.048182489312063	0.343367758544206	8
0.105720258486589	0.266966127868638	8
0.034922441208262	0.424368152585038	8
0.00548555027824901	0.529426440428775	8
0.022170207333325	0.240488950012066	7
-0.016021664036811	0.3101397923873	92
0.01837463586522	0.23080768859358	92
0.117333111175417	0.126230964791933	92
0.077669140239254	0.0704991966259504	2
0.062877527393493	0.128555647558065	8
-0.123111493371038	0.242966235418229	8
0.064826483304247	0.140114977779492	8
0.014840560529897	0.5178830653885	8
0.026418487477427	0.5175310451339	8
0.101148964133843	0.182015655333662	8
0.00182378881686801	0.329684720743829	8
-0.086229479575169	0.246262004082091	46
-0.011639675613723	0.212026696207488	46
0.050182004180462	0.233568747218713	46
0.068630228238076	0.192233139092161	46
0.00376057057833201	0.273073849140472	46
-0.116351923259506	0.506209529452319	46
0.059532226888224	0.340179036474701	46
0.098683024281032	0.192735209843569	46
0.029151827459749	0.180445545870431	11
0.000923457190470989	0.14766120173444	11
-0.033144734059519	0.297600372004416	29
0.092484634331614	0.158312764645085	29
0.122239591715141	0.617018448014451	21
0.108338494235146	0.686263423660582	21
0.089124917145776	0.45540101589333	21
-0.050517803954476	0.940872386913448	21
-0.073716255450556	1.17745199846765	21
0.023167285090701	0.775344369226608	21
0.068992636267203	0.470468338659818	21
0.0848139781649	0.469638790315587	21
0.026748289471394	0.665712717992967	21
0.016460709122448	0.759295983645361	21
0.043080524670936	0.576269766322271	21
0.122795702099796	0.285881562161101	21
0.00957579577173701	0.685167568975482	21
0.123271776417626	0.206804552475229	21
0.03577791710197	0.441380074030783	21
0.114065919051657	0.227860752351061	21
0.038304059846173	0.302797699369558	21
-0.022232863311161	0.389416956388386	21
0.054534742853682	0.268861344468832	21
0.054102460129529	0.279387487260895	21
0.016384608085963	0.298022552404005	21
-0.060939931435498	0.554886745941679	54
-0.00793848041624301	0.314817880879324	54
0.036532297886557	0.188160473347938	54
-0.00468938785274398	0.268383175079511	21
-0.105964292123649	0.472554330356394	21
0.030490315101354	0.256197096113634	21
0.109171275457247	0.149822786598884	21
-0.064479341921933	0.484335396392637	21
0.11206166710802	0.207505146984532	21
-0.068894621587106	0.406091698404167	30
-0.039093367480434	0.251808898731318	30
0.098743182203335	0.125428254444563	30
-0.0140959246075	0.263100134060256	30
0.067711751613843	0.172494819059337	30
-0.122676486865662	0.367039759978586	30
0.093704546825699	0.148349050867667	30
-0.033514877088049	0.298064172538442	30
-0.091255875783509	0.644763905707485	30
0.103170201742484	0.214823788973093	30
-0.020182811231209	0.552977323763792	30
-0.022161627988356	0.389201441682265	30
0.109918509717969	0.148923485008852	7
0.115473867814773	0.0837397579827644	7
-0.039285973832552	0.336303157947714	7
-0.118226783139111	0.509537830272033	8
-0.092336765772681	0.58075784329401	8
0.068085051736594	0.212972303682508	8
-0.042901941093955	0.420400772013921	8
0.08612319392319	0.283978850075161	8
0.118137003576487	0.15461097478132	8
-0.017713123834667	0.355848652118761	8
-0.044784730720182	0.375432745802082	7
0.110440961856653	0.148265549698831	7
0.068195580941868	0.17201935057946	8
-0.061632178651893	0.289821626129042	8
0.046009896477578	0.215786149447245	8
0.106785686880605	0.0996352026838169	92
-0.024275730493717	0.256474400220418	92
-0.096494909722703	0.401966443602405	92
0.122198046884891	0.11428623391595	92
0.088905941441071	0.179809914002954	92
0.090713010775141	0.160309827339913	92
-0.021993449480125	0.134278402059596	2
-0.049736806651049	0.199508323962674	2
0.011310471140483	0.161646579802237	2
-0.024067901800202	0.256239513441752	8
0.029268021047369	0.180407345254299	8
0.096558315712225	0.258383274673747	8
0.00241666886754699	0.470266004454064	8
-0.053998592152172	0.627773172497867	8
-0.011314967733739	0.485536449899837	8
0.087867393416409	0.181115652720758	8
-0.00664704389279802	0.41835535970492	8
0.070187783790093	0.210098946582334	8
-0.115175292331297	0.402792747498135	8
0.102983282645643	0.11225783260001	8
0.064869865505982	0.140043160047469	8
0.066001561562331	0.151553800098176	46
0.113114763660997	0.13796901599882	46
-0.122228902047531	0.366447377730001	46
-0.013345234144961	0.262224257221754	46
0.025655182979088	0.320520217645616	46
-0.00142159013295601	0.420420852845742	46
0.023727412636988	0.376690639096869	46
-0.00437184605033403	0.4134352389011	46
-0.105745116925158	0.673767923143922	46
-0.120073085617673	0.610435106517762	46
0.025960961416612	0.331609623426514	46
0.067874573454482	0.161414818580212	29
0.01293216697996	0.289595628130783	29
0.026636108541015	1.10184167010186	21
0.021747440504017	1.10034878718075	21
-0.092052631091177	1.80876161749856	21
0.106473203188044	0.463397125140163	21
0.103383770480222	0.366905853947292	21
0.118688018921782	0.393287417307969	21
0.077982524377541	0.615902328471749	21
0.109160708715028	0.451958168514093	21
0.071503095342222	0.62234315958151	21
0.00819263889452701	0.915435091607506	21
0.068956973200185	0.552326432918784	21
0.079923942744991	0.552450688639661	21
0.036563625652399	0.670064793323361	21
0.05456029406411	0.430939002706468	21
0.038909539367898	0.694760725938939	21
0.098394846649866	0.451239903102325	21
-0.016868121686997	0.781149612895646	21
0.047256752692451	0.440250440908126	21
0.106712500813717	0.270173140315583	21
0.040925828466246	0.374580360161735	21
0.117839390582732	0.232485951310625	21
0.047818801564085	0.334676697577992	21
-0.039943040462548	0.337292023951395	21
-0.014921833849948	0.30860347019959	21
-0.062036092394816	0.290300284031921	21
0.036648825408668	0.18803513315472	54
-0.086795742461947	0.246753835191953	21
0.000652702055498	0.218566828304842	21
0.021000329245733	0.241910707909664	21
-0.053324319199986	0.450928806627242	21
0.016197028303881	0.23352077796361	21
-0.077366318577154	0.648209166793554	21
-0.016075984500378	0.446717105076384	21
0.077388187128305	0.284670173162074	21
-0.011597404294437	0.211988788923198	30
-0.03166167864396	0.343766767026692	30
0.047890375547957	0.213461728363107	30
-0.121805249872355	0.241867231317101	30
-0.027747724693768	0.205805878314065	30
-0.00505974274423199	0.268839161391179	30
0.117744332381591	0.125819698151443	30
-0.121740292645735	0.706254842009755	30
-0.124759226253311	1.18013868595454	30
0.005028563381903	0.476113853118628	30
0.000894249291973986	0.461112051098409	30
-0.00394874918322002	0.26743050941156	7
0.090745948929042	0.168961112677042	7
-0.00963200317013602	0.495077269141469	8
0.103160064425829	0.264852276261254	8
0.088533315820785	0.180295735535154	7
-0.013624791072348	0.262488575093572	7
0.026460150099345	0.248583295500743	8
-0.083612855725513	0.288412511381304	8
-0.099888148852525	0.366165591348851	92
-0.081980798214432	0.366850539580961	8
-0.013715043881206	0.262649334408888	8
-0.0567612454073	0.406618199639095	92
0.026409890534926	0.248573331922774	8
0.11228496580065	0.138900314779718	8
-0.021462158069	0.133981374578208	108
0.115374126011431	0.0838105155869475	8
-0.083368643388302	0.288137723960055	8
0.115068241539554	0.248331612528806	8
0.107517333148711	0.233010837055331	8
0.067621342606246	0.0940843966352096	8
0.063347430239236	0.11371260792063	46
0.044251267383753	0.205888740839828	46
0.057330747956049	0.309998580823241	46
-0.029988063146631	0.386778952837447	46
0.006470887932572	0.396298407551196	46
-0.091825187579969	0.508897950672212	46
0.013257667467258	0.350284407878478	46
0.067837868862817	0.172391462340567	46
0.109735895568118	0.223027782272411	46
-0.102365908886284	0.543807676654346	46
0.114994353452086	0.0840566873298067	11
-0.082137528292914	0.367032018778463	29
0.122724863974657	0.113764796472065	29
0.112536876330807	0.487541448847765	21
-0.094703307917263	0.924599666906754	21
-0.00251548694511899	0.965481833535801	21
-0.00611858746724497	0.910035630995311	21
-0.010123228051448	0.871603108314664	21
0.017573680433881	0.713511387204398	21
0.09019014058304	0.505505028129217	21
0.098924079098952	0.476899782864166	21
-0.018367791731838	1.07159907116622	21
0.120780526467238	0.257379567836092	21
0.045301718244709	0.728129942235448	21
0.069321387277279	0.572976296341974	21
0.111201519126937	0.401393791042208	21
0.11889902984195	0.346637023562543	21
-0.081973655803257	1.21671368767955	21
0.04737191545393	0.613001261372699	21
-0.00419587441199099	0.878428313016319	21
-0.041382423816124	0.863627525712884	21
-0.019124031835352	0.6665707748555	21
0.047088213739398	0.336217846448248	21
-0.045380986379295	0.376398680303688	21
0.093515930416298	0.321891720617447	21
0.117255093451444	0.238661262884742	21
-0.061223919380625	0.583841656212418	21
-0.084218445899858	0.549973391130784	21
-0.00686924454445698	0.41878406619779	21
0.078044829566652	0.298259340355289	21
-0.00912890350739598	0.316498076131799	21
-0.021415458528306	0.133918139150206	21
0.097124463749658	0.136030819959228	54
0.043667099118566	0.20657749691802	21
-0.025742911386127	0.258027140472771	21
-0.09174352864243	0.544537449776779	21
-0.091226154997485	0.507662211862072	21
-0.082987507619081	0.513424276204152	21
0.070455142881942	0.319182229820921	21
-0.0147562210943	0.350837358670838	21
0.010789002823596	0.162066058462592	30
-0.045081419813332	0.375890327723864	30
-0.013436009063848	0.52657329589705	30
0.036526887242217	0.533761631639773	30
-0.00725918880975601	0.522936403641851	30
-0.083862196268275	0.645921544978357	30
0.069040150651557	0.282152968749834	30
0.110923025519616	0.177350399817467	7
0.068357439847156	0.249625660877264	7
-0.00338110033782102	0.375845759445144	7
-0.040654959340302	0.46143970969164	7
0.112303796481858	0.13886862588485	7
0.069589015954772	0.210935887683486	7
0.086759103377123	0.191079576585842	7
0.014593772967197	0.518623177214434	7
-0.101725354114664	0.54248185886815	7
-0.080953018696019	0.402621320341095	7
-0.035649200630109	0.726580196168209	8
0.026477513726876	0.248519254854771	7
-0.02448393950519	0.304427501604184	7
0.026325324873299	0.248737666566853	7
0.116885407534773	0.16255451070168	7
0.039597193788912	0.377496978604632	7
0.069655404648668	0.210848597705462	7
0.102820080166379	0.172455291267932	7
-0.011278630995327	0.211697685022725	7
-0.055465972656807	0.484743028809733	8
-0.00808635285374598	0.370029104369547	8
0.121076247791791	0.115373773198996	8
0.09200388789307	0.158846739867054	92
-0.08390922948216	0.549283312464587	2
-0.081412010358612	0.32735311410093	2
0.062719704969682	0.128674676604713	2
-0.021704448369369	0.134133840380632	2
-0.079783682732456	0.189267657676448	8
-0.05186123248638	0.114344294945834	2
-0.080216847495123	0.189563353167821	2
0.061136454472265	0.385074672339541	8
0.040844881139547	0.197119107154163	8
0.101338738345741	0.181729429053018	8
0.06718672482947	0.0943239763792054	8
0.07698504518675	0.070785908309144	8
-0.123101861474633	0.242958388895163	46
-0.103677732791769	0.326863390107713	46
0.016995706469394	0.297092320008157	46
-0.096201941905033	0.40158493403929	46
-0.090534482139867	0.610285745949764	46
-0.053594726546568	0.55448675619795	46
-0.055610721422972	0.372500864874459	46
0.078946367394053	0.367498302868688	46
0.024009912479363	0.311225408165783	46
-0.086387788919509	0.246404983872412	11
0.077130680170143	0.0707032722249486	29
0.06768148630112	0.0940477132535558	29
0.098901746913162	1.1500552620041	21
0.037416025385536	1.16684663227774	21
0.092922515052411	0.297404538939354	21
0.073672896111165	0.556265604946464	21
0.038213478100578	0.6986244836997	21
0.124017666855176	0.39494818445033	21
0.109868163015746	0.41901623842032	21
0.088245189955144	0.521168001559276	21
-0.096476167254871	1.5332721755336	21
0.090493468799318	0.554096169168163	21
-0.032022239893964	1.08523074155953	21
-0.066543819580912	0.713388959963878	21
0.050126778763756	0.662749158492472	21
0.118077597552743	0.362121152919865	21
0.020214586232567	0.81368550194305	21
-0.030698021385637	1.15929154077887	21
0.11884107877136	0.368467218935958	21
-0.00661782283125201	1.02932897177652	21
0.075179861446219	0.354888614021563	21
0.124792129476856	0.15946660495551	21
-0.083368643388302	0.288137723960055	21
0.087229356771633	0.428224735438895	21
0.117217754705597	0.126378613959122	21
0.039930824544069	0.299993618801743	21
0.099217135846056	0.191957479176767	21
0.110222312396209	0.184711419183619	21
0.067898888321054	0.0939121237315696	21
0.066403909970628	0.151193077110022	21
0.09586191312487	0.137278795915991	21
0.051261174029184	0.243001757728096	21
-0.029722067608847	0.34077998764695	21
-0.02096445548129	0.480428084849195	21
-0.049013600676658	0.560310310050316	21
0.0000586775736340084	0.148235683550258	30
-0.113623824296133	0.289359675440868	30
0.093390919150211	0.148687227969344	63
-0.080492360585561	0.189703678604158	30
0.109695122968819	0.149158023790213	30
-0.050932298597173	0.792938974815233	30
-0.076149745425193	0.644993117131073	30
-0.00267209977143301	0.456877056737154	30
0.020795257219338	0.423390360974095	63
0.111508274088942	0.0395242008307689	7
0.000489407091162991	0.147944882664664	7
0.09845646784712	0.28693913832254	7
0.015937309919774	0.503828312986148	8
-0.097798251873575	0.853795660072374	8
0.036282691335609	0.188422983915534	7
-0.018273129558819	0.39782395922856	7
0.00773812658532699	0.333739089166515	7
0.064449969407648	0.140416007800066	7
0.122299049221199	0.114191492787381	7
-0.113623824296133	0.289359675440868	7
0.01022073029645	0.225111753388348	8
-0.023433637242253	0.303141931956259	8
0.039375498369118	0.198675620366217	8
0.107307300070093	0.0992480824684191	7
-0.023493650308108	0.255556773055359	8
-0.00437672730715299	0.267980629953232	92
0.06696694404889	0.150667189891706	2
-0.05130788380924	0.114155707724385	2
-0.010674119420208	0.211124837866105	8
0.064971536985814	0.139992606998261	8
-0.000275394597670009	0.219487465282309	8
0.007803114984411	0.282597501666804	8
-0.00681619976669901	0.634901943871977	8
0.087694493040182	0.328372446828976	8
-0.049728282723128	0.490775094575546	8
0.06784465281155	0.213254925485548	8
-0.03945586521904	0.252173485825989	8
0.11561390321007	0.0836504200965177	8
0.021896787227482	0.240837597658388	8
-0.057890162662089	0.408711054153876	8
-0.04993536714852	0.199651491268449	8
-0.028464162277704	0.206423910146317	46
0.095707744803209	0.137462355181682	46
-0.049838224359718	0.490960733474999	46
0.092427061448569	0.230822916958475	46
0.06760470075503	0.250952632105583	46
-0.023108012989967	0.391082107683365	46
-0.100828185831505	0.577540110521846	46
0.107562928243836	0.26823117979671	46
0.000683043325648003	0.147831479835287	29
-0.084091238306827	0.28887008804013	29
-0.045437120529224	0.293086292477246	29
0.063242684114777	1.52794174179075	21
0.012433161113677	1.01439780987245	21
0.07941596354984	0.599322612917088	21
0.021527900743117	0.85770549005346	21
0.051387266248762	0.676066438927304	21
-0.099361116836736	1.65835280722416	21
0.049908751624225	0.782008003888483	21
-0.066028903560496	1.22148744997702	21
-0.104442424143686	1.43481463266209	21
-0.00414267687671499	0.998686344689276	21
0.119681515956027	0.416419153795836	21
0.099333343085774	0.497693346902801	21
0.059905055384094	0.698743695118308	21
0.117066093069286	0.279651192400695	21
0.094754475420029	0.478707970562706	21
0.019770519224892	0.70417147778303	21
-0.00297700227473402	1.05186921293914	21
0.074521971417398	0.574282222354275	21
0.05572230104587	0.685045830325849	21
0.111250184887993	0.398035456242526	21
0.080924401888941	0.362097243902186	21
0.057900832702512	0.368985214327099	21
0.081879322414579	0.238698005069432	21
0.100868841222968	0.182405434895615	21
0.099700452393194	0.416072013613893	21
0.092050344947683	0.418340830859259	21
0.071026152138673	0.538862068035289	21
0.022224130694535	0.480068890963472	21
0.050357734887634	0.357134291739561	21
-0.045600450580087	0.453995700763868	21
0.00721257803254	0.438318649691926	21
-0.080246472795501	0.437866428120682	21
0.077915265327684	0.268570749559857	21
0.03630805047311	0.272126098009359	21
-0.033269545283742	0.503056944969374	21
-0.045542180523449	0.376533529147852	21
-0.023295671203496	0.348395553760376	21
-0.122720620210223	0.242680985048687	21
-0.11342540110013	0.400126770943136	21
-0.013345234144961	0.262224257221754	21
-0.080216847495123	0.189563353167821	133
0.065961305235301	0.151578388793977	133
-0.083814803219671	0.288620591120824	21
0.063603983705067	0.113547393716226	54
0.048987868319813	0.235172693848737	54
0.00367350541195899	0.273172846388409	21
0.112942647719573	0.138164234186275	21
-0.018299766496546	0.397985074340714	21
-0.024238095636319	0.549633136920901	21
0.093120280991704	0.148963695027647	21
0.067524311203472	0.0941313907174703	63
0.061441516083244	0.129600990290456	30
-0.09541967962867	0.98779261794905	30
-0.091250474348072	0.61208802427575	30
0.045203683527733	0.330561972164775	30
0.069000718727399	0.306519700019295	63
-0.09329863387763	0.474679368991113	63
0.043453213650767	0.206821933229914	7
0.077669140239254	0.0704991966259504	7
0.11273146231667	0.17472059718331	7
0.022831821050621	0.170023507115091	7
0.049585334526696	0.234379982688512	7
0.123438478596184	0.14157403981294	7
0.11989430388032	0.228129807198102	7
0.00779023352656899	0.534051612776228	7
0.00367061293555401	0.479609765132148	7
-0.117854252016585	0.508922910509368	7
-0.005136530315413	0.629239375433594	8
0.005345292865538	0.529831336970678	8
0.000155505412384988	0.148152220863438	7
-0.122463298464792	0.242471644868516	7
-0.083419712155394	0.368706435709731	7
-0.049173592644257	0.199001150294539	8
-0.116426923149678	0.547097784041577	8
0.107724697890926	0.158824076336789	8
0.089357234810312	0.179220847868284	8
0.099510755688692	0.124717434668888	8
0.065514598685805	0.139536529429146	8
-0.082183246808149	0.328485629121857	8
-0.0000381306960159922	0.14829839657631	7
0.067306906576961	0.0942595441750744	8
-0.022673798441114	0.134647807833755	2
-0.05070511344484	0.113868586011911	8
0.030311006791737	0.179472359282581	8
-0.021946757622245	0.134275185027705	2
0.000586215491743008	0.147897284378335	2
0.086427546632423	0.337677348969803	8
0.100527914582157	0.231868252151563	8
0.062327772764235	0.128977999072392	8
-0.083453332792916	0.288231355384299	8
0.062497471831264	0.128849706845528	8
-0.080255826349414	0.18948306423374	8
-0.080531750478295	0.189739709538567	8
-0.079941092824388	0.189365351737144	27
0.06716781480613	0.150473120838955	46
0.103259505332821	0.112040521053002	46
-0.099620569162635	0.365812129610574	46
0.036637779304029	0.283287832631683	46
0.098542582681099	0.25434012699172	46
-0.122977964865057	0.242878747706938	11
-0.051056826050713	0.114043873194428	11
0.09366115181186	0.148395071249391	9
0.102738688390849	0.112479172528088	29
0.097171793958356	1.39623485191092	21
0.099611077746475	0.404566663319671	21
0.041060742984795	0.964292415346777	21
0.028375106220312	0.810741228096433	21
0.073218139556217	0.587031098841291	21
0.06799177872894	0.648328810134804	21
0.020995200467432	0.864156208040788	21
0.099575855721913	0.451689660677049	21
0.098845400841033	0.509071253675012	21
0.07480191515732	0.600347193178389	21
0.108397338109803	0.447774714591613	21
0.10209211189083	0.29709800775087	21
0.069526674657765	0.191100445184141	21
0.124698846382709	0.332946333871753	21
-0.106379459383326	0.758690149238304	21
0.091960011214795	0.224689762045608	21
-0.020197294749824	0.552987743060506	21
-0.107654823204846	0.643079711982099	21
-0.104609345860352	0.705354741675565	21
0.098947351421728	0.192351265832626	21
0.012865397019464	0.289709860717613	21
-0.117510352923566	0.643558771137401	21
0.040261832130543	0.299363560816252	21
0.097369286332241	0.194655252907418	21
-0.113636406192394	0.289363974427113	21
0.063594693445878	0.113556644367664	133
-0.121542193238721	0.36551217686445	133
0.098578452322989	0.125550731309389	21
0.00311732283532501	0.327562699398223	21
0.066654848067526	0.0946113815907912	30
-0.022333557581422	0.134487452099993	30
-0.022478032238977	0.134552377386226	63
-0.051056826050713	0.114043873194428	63
0.093047054432646	0.222870680273811	30
-0.00846863039516399	0.682441669071118	30
-0.033106907839857	0.502605566682221	30
-0.119349854878672	0.608811201536609	63
-0.000573057302201974	0.554026710652946	7
-0.00481188433094598	0.462015136857947	7
-0.044788676631414	0.738618268001028	8
-0.010354761386245	0.359065326010285	8
0.124860498324648	0.198894693672803	8
0.046118026646007	0.215708054029875	7
0.043724313556657	0.206511039068333	7
0.064804870287343	0.140133303772381	7
0.11455440858254	0.0843233140535723	8
-0.00763714910317498	0.314247219269325	8
0.062948859097775	0.113970369069785	8
-0.000134919146311974	0.148342283021271	8
-0.039774942588268	0.252458272464419	7
0.011718556559596	0.161304296958796	7
0.102579325320866	0.11260540767574	2
-0.050216861220768	0.199875123159404	2
-0.051408627280488	0.114196567167764	2
-0.052112495471293	0.114466940015057	2
-0.05070511344484	0.113868586011911	2
0.062679736186913	0.128711059188858	8
0.00426297118362501	0.509182359935631	8
-0.074040010934369	0.776576800973469	8
-0.00309920899758398	0.549368182211856	8
-0.034904612538821	0.422382161193363	8
0.077590419964501	0.0705269291433486	27
-0.02218908576236	0.134407792765905	27
0.102929615142282	0.112274270057295	46
0.087062994209589	0.198896516507005	46
0.078644776176001	0.267216031316642	46
-0.050117641374031	0.199786871364937	11
-0.080983572403392	0.365439557775414	11
-0.065272117000552	0.652399916519958	11
0.026777080671987	0.391991657407861	11
0.043567715943557	0.206686617088804	11
0.029948988377951	0.17981287160032	11
0.110865507306074	0.0397113788160752	11
0.074345906482092	0.858854397736962	21
0.106228360229185	0.467373189365759	21
0.037132795678146	0.861500509697121	21
0.064242842749423	0.908258999289762	21
-0.10110353880769	2.00396926939183	21
0.069233871386268	0.666297749858153	21
0.120642402980588	0.519310999960189	21
0.077775858420696	0.743159318338568	21
0.099128352518251	0.503414391893834	21
0.057526260145059	0.681015395605188	21
0.08996843403002	0.413973552093835	21
0.085468818517794	0.453380711227637	21
0.054380722325942	0.786422481132542	21
0.036323042254365	0.938934082661574	21
0.096167445446683	0.344381138883136	21
0.092333571885531	0.483206876500097	21
0.047905072372044	0.798284952020022	21
-0.053583383752478	1.4517702609768	21
-0.014052454498567	0.780530841617692	21
0.043030152537662	0.389006969468628	21
0.059861663835378	0.347911041447156	21
0.068861879474832	0.500100845645671	21
0.077974655700783	0.25320048722884	21
0.111211410283297	0.214636494382623	21
-0.060649232640555	0.554150284609237	21
-0.00604239338856	0.366387916716538	21
0.030488547679114	0.256225815565417	21
-0.031064769870182	0.342890941043242	21
-0.038977020034866	0.251658025429792	133
0.102493876463659	0.112682937700276	21
0.066246392658799	0.16299588478376	21
-0.058597648192645	0.491344857193815	21
0.122567870224131	0.113919919590719	21
0.100229930421768	0.288343273265145	30
-0.102886484918092	0.506503903360953	30
-0.11862371749178	0.823569788220839	30
0.086498763661479	0.386600934436412	7
-0.00230405129762601	0.740675716086468	7
0.03772237167646	0.463817318326429	7
0.074233326678855	0.377662967191158	7
-0.00155365574643401	0.320414671392119	8
0.062765874515505	0.128621390220165	7
-0.113780694716707	0.289453681606457	7
-0.051746651113529	0.334085212268624	7
0.063338227030819	0.113726725452198	7
0.094401740670411	0.147599689096242	8
-0.082000895661917	0.404085191027296	2
-0.021946757622245	0.134275185027705	2
0.077287962253669	0.0706637074876884	2
-0.122463298464792	0.242471644868516	8
0.063594693445878	0.113556644367664	8
0.089745125790712	0.323216418663268	8
0.116264377556817	0.245674280412288	8
0.121701483966831	0.192627072004681	8
-0.00447541350043601	0.268110650416896	8
0.077287962253669	0.0706637074876884	46
-0.079901828647139	0.189315386906608	46
0.103131800223208	0.112111689137049	46
-0.063692620125007	0.292074787231307	46
-0.050760935792832	0.493042924872365	46
0.014706567108331	0.360044617733032	46
0.110874073101457	0.183658411204641	46
0.067640428565768	0.203617971562729	46
-0.000032747439439984	0.219286189150991	11
-0.086229479575169	0.246262004082091	11
0.064886430346098	0.112639126529211	29
0.01058494668197	0.162220283724955	9
-0.02243143272404	0.134532208149857	29
0.12098868820738	1.35314970448243	21
0.099113813200142	1.33991800826542	21
0.060626982311763	1.00172636392201	21
0.104634528034026	0.586744809758729	21
0.041309361342978	0.941505762738478	21
0.099052689112068	0.469553792880637	21
0.051155229483375	0.671814442347389	21
-0.018843954563343	1.15858439986427	21
0.049571213203396	0.79289010893687	21
0.075012216215078	0.63088374993249	21
-0.072009626841478	1.5095814400036	21
0.109800434651595	0.447716526003817	21
-0.048770337832378	1.28383131103033	21
0.017803924317749	0.844946393970118	21
0.004408584793551	0.634241572780186	21
-0.117872824883673	0.644366412884599	21
0.069867994823736	0.210521916372546	21
-0.00823546565339101	0.315248580303311	21
0.048759732729141	0.652290385274676	21
0.080271715624695	0.233552411746832	21
0.054999901764339	0.277814807654858	21
-0.045609335681112	0.376722735853978	21
0.035916506589935	0.188799339696225	21
0.000155505412384988	0.148152220863438	133
0.000299070608598989	0.148080019848136	133
0.066752211641873	0.0945422760073786	133
-0.083612855725513	0.288412511381304	21
0.065181309871941	0.139823905904776	21
-0.040095627271152	0.337501672504194	21
0.062315229087023	0.128983751372794	21
0.098702066688594	0.125470389319951	21
0.05032170648253	0.233329840041632	21
0.042200590847697	0.306468440381684	21
0.003615856042014	0.326716925037084	21
0.010063499613321	0.1625877616705	30
0.022599041749515	0.239931301835311	30
-0.080374313460103	0.189661122443498	63
0.067090069299091	0.162191800395903	30
0.000155505412384988	0.148152220863438	30
0.061594874208489	0.3761094803893	30
0.115753912302567	0.0835564385822814	7
-0.08690836050508	0.246822447052633	7
-0.022333557581422	0.134487452099993	23
0.01654934174599	0.356451104946701	7
-0.080216847495123	0.189563353167821	7
0.113228011513344	0.137825319355342	7
-0.044214597375147	0.632607501997279	7
-0.121425626019011	1.03813113738934	7
0.099508539153311	0.124693379967518	8
0.082181369095533	0.222467619071082	8
-0.121900613873978	0.472879283695797	8
0.049928557963438	0.222445776423595	7
0.065719875455174	0.151786671585733	7
0.030556282223395	0.179236276714058	7
0.026325324873299	0.248737666566853	7
-0.083336127109457	0.288032748550587	7
0.102132264774736	0.112976848034583	8
-0.046014121865868	0.293811034251393	8
-0.00383393598183202	0.267261330139881	8
0.040641392892151	0.197367525951257	2
-0.051914856199834	0.114354350621344	2
0.077209369194292	0.0706913846673543	8
0.068928484324873	0.330470088183776	8
0.052731104679449	0.271888022551544	8
0.017477562747667	0.231955894849404	8
0.09702410072925	0.136140547883293	8
-0.035363251187189	0.423785869618282	46
-0.072677920783063	0.480394359754381	46
-0.068565724294158	0.584129928308995	46
0.053934771939014	0.28911139996051	46
-0.00845947032477501	0.31558553990897	46
0.099185843896387	0.125018133685344	11
-0.082721304354245	0.367785856895168	11
-0.004360508348208	0.267918021048533	29
0.115473867814773	0.0837397579827644	9
0.067398205123229	0.161896958905498	9
0.108023916932448	0.0986975574396042	9
0.087020346761963	0.796128716453664	21
0.123386236678234	0.632411428363953	21
-0.00911693917504702	1.58788031764036	21
0.105187824271146	0.600369625875324	21
0.078818542292456	0.644085711335305	21
0.08299037996576	0.702642790326517	21
0.111116267847396	0.522018571438581	21
0.078921135062966	0.679235577477763	21
-0.035167672315231	1.23960570464935	21
-0.02702851333501	1.17056983361963	21
0.081525156030951	0.416470362898911	21
0.048313748483131	0.674282664254073	21
0.084637579518975	0.498980979029619	21
-0.098396325086534	1.01142302402092	21
-0.01405482473916	0.528196994744467	21
0.017055517051283	0.35536624682398	21
-0.03927282082451	0.633618002548047	21
-0.00237107201432701	0.422553011953841	21
-0.092688211758776	0.435306481087983	21
0.123235073969889	0.167224439842924	21
-0.094188140000681	0.476212266976081	21
-0.039050097808186	0.251758676900308	133
-0.100211544743309	0.366486522892915	133
-0.079783682732456	0.189267657676448	54
0.123080709167478	0.142032361029319	21
-0.014111469607488	0.30741606098247	21
0.029891750187826	0.257065144864836	21
-0.046004047110228	0.454767640193497	21
0.012723198083297	0.351287424105485	21
0.066202778682612	0.151375375307324	30
0.068577988499935	0.171607131024125	30
-0.051318115136756	0.333508127426265	30
0.063594693445878	0.113556644367664	63
-0.080807433691713	0.189916062210404	63
0.070304279371492	0.402020944909709	30
0.068783663663533	0.330790527099458	30
0.03004079881539	0.346378963338091	30
-0.025194506086875	0.475475507006632	63
0.000491446949486996	0.218751280932838	7
0.104561406098611	0.206196179169638	7
0.062561886198241	0.128786767697525	7
-0.012066810604147	0.451801697293444	7
0.043567715943557	0.206686617088804	7
0.07827312634353	0.0701854149556601	7
0.06877060083609	0.330751425032292	8
0.080328509346781	0.350914035369552	7
-0.00915062261374899	0.541374492876462	7
0.038192893669994	0.292001699625157	8
0.091624310425779	0.167855561062123	7
-0.021881464559971	0.300963789716414	7
0.00345481285337901	0.273490035318251	7
0.043766298278982	0.20643945112689	7
0.035708965071925	0.189005333642041	7
0.064804870287343	0.140133303772381	7
0.103259505332821	0.112040521053002	7
0.016240066432925	0.233418321543912	8
-0.096630481538669	0.402243847330106	8
0.098578452322989	0.125550731309389	2
-0.04983601086467	0.19959079123509	8
0.031464136371244	0.412906009896149	8
0.039031625472452	0.301555574082201	8
0.124051210926637	0.140806345305347	8
0.031279845575267	0.178511388812589	8
-0.045178351653657	0.292720911342589	8
-0.06701522786874	0.368290712037977	8
-0.049554487015148	0.19933961049586	8
-0.083209161024621	0.287970544526383	46
0.035658414737197	0.376299060180049	46
0.044724766951279	0.321836757966716	46
0.09121611111665	0.232943215070845	46
-0.081178177262257	0.509621215045202	46
-0.057368209343467	0.488888369248779	46
0.035599144190171	0.18910965013288	11
0.00644562514965399	0.336031552614789	11
0.009512714159951	0.344168431104395	29
-0.08602551253064	0.246073138570297	11
-0.079193034873928	0.18880771123207	29
0.029875555542763	0.179845515970918	9
0.06549313739895	0.139540042049212	9
-0.058914191009875	0.24811573821906	9
-0.028646377954339	0.206563113587951	9
-0.105044178248678	0.328481081723542	9
0.10439263442949	1.06737217238305	21
0.105796490582669	0.610034474069713	21
-0.00276896345842098	1.61804287513563	21
0.12245672234195	0.572136695570531	21
-0.00738649841739603	1.38125195491637	21
0.00207795020051099	1.38516111954718	21
0.045041527446732	0.78807341622077	21
0.087406452359938	0.478982787592125	21
0.09661184696694	0.553401765924475	21
0.043063585822608	0.758377057657652	21
0.033824749305742	0.760618932679655	21
0.082601730841393	0.654678870503327	21
0.101903631231578	0.449444851665598	21
0.087305162514879	0.58963356469398	21
0.02884941225086	0.729956859657006	21
0.025914006140986	0.537941945847082	21
0.069118095866509	0.290152276071863	21
0.00681382451210699	0.33539859041037	21
0.071895337239325	0.390839241001502	21
0.087253756185084	0.517779708995645	21
0.078169602163723	0.490682747064395	21
-0.117592288674022	0.732334539958256	21
-0.057450787463401	0.619914524802187	21
-0.014051490489205	0.404892990935505	21
0.00926415195494601	0.446147677106268	21
0.04212255361048	0.306533450725098	21
-0.028845726450777	0.427649125427651	21
0.00226386876728299	0.216813358346647	21
0.107697735633365	0.0989401771107459	21
0.036168365895754	0.188536891350891	21
0.063347430239236	0.11371260792063	54
0.062158108997492	0.129099313284352	54
-0.082151684117993	0.367095775255373	21
-0.065452282531902	0.331026297543003	21
-0.109710729799822	0.437293283572468	21
0.052300227516297	0.252102612226715	21
0.026088366087707	0.249069507259239	21
-0.00543012137509402	0.269281049591114	21
0.106938581485099	0.196130262401494	21
-0.021559952029171	0.134039665076176	63
0.011514518025477	0.16147925539476	63
0.063594693445878	0.113556644367664	63
0.022269017631351	0.170539627623677	63
-0.054341640133496	0.628627340598348	30
0.034358788573127	0.35848169273584	30
-0.089794762529051	0.738874852881688	30
-0.067575939491294	0.581579364112376	30
-0.100168393799501	0.575890520694801	30
0.079698391190474	0.250227348332583	30
0.021931585929311	0.30218412000886	7
-0.017623942167478	0.355725113877123	7
0.036408364241419	0.283653699844456	7
-0.101071939390173	0.614067461212487	7
-0.081083607553079	0.365606808282064	8
0.00299739229360299	0.512818914281118	8
-0.041183317201928	0.531195914359449	8
0.080192256985119	0.351279311800772	7
0.058599528456985	0.399541376853282	7
-0.085300951902334	0.245329243010323	7
0.108011226355835	0.0987004483926664	7
0.066483966298568	0.151097831921735	7
0.064116756883027	0.140662286121133	8
-0.112932511158741	0.28864569103365	7
-0.080157715643049	0.189518424818333	8
-0.058559607459159	0.247787454402326	8
0.01049419980735	0.162250629827356	2
0.078050209638925	0.0703285960960095	2
0.11106265674376	0.0396671757223606	8
0.098657159766274	0.247922300781562	8
0.076784501381447	0.329878013523691	8
0.00786943874159499	0.333505035836013	8
-0.021760517764958	0.300746212134414	8
-0.100313269738861	0.366695474162008	8
0.108023916932448	0.0986975574396042	8
0.065557677608321	0.139497515661822	46
0.116400345650578	0.127211762672535	46
0.117101888360029	0.126502605622536	46
0.039892374656243	0.198168373700759	46
0.05552620612427	0.295678806317067	46
-0.00361374091481398	0.376284713361719	46
-0.058647399467849	0.410018533712528	46
-0.096007022023957	0.401305009611823	11
0.016253808147317	0.233452108716573	29
-0.113089601171979	0.288833281039867	11
0.0679254120159	0.172279237952822	9
0.096388652511833	0.136775865132963	9
0.110897538342058	0.724742495101123	21
0.113380455859375	0.865699200973798	21
0.100404193523859	0.533558714552691	21
-0.041324760018494	1.25809637049468	21
0.098642229982613	0.487874949582181	21
0.106482426972339	0.429501012679435	21
0.115989456925544	0.408182179518011	21
0.093820357234169	0.631409644530615	21
0.036752579608438	0.883289929289821	21
0.103289212014681	0.469558431938555	21
0.031498870303174	0.769640135647691	21
0.02746639871614	0.818494545996123	21
-0.042536031404222	1.17535940407497	21
0.01367277245891	0.447322574070621	21
-0.093441688803895	0.795021715214806	21
0.095471401031136	0.211851826134884	21
0.019822256722302	0.47613799357561	21
0.11841225693195	0.208952758118171	21
-0.035462200552807	0.423995732009369	21
-0.104424964122195	0.705223380920048	21
0.098904367457314	0.125286711058239	21
0.010478912164186	0.224791093358235	21
-0.09477608909278	0.438882990288748	21
-0.028828573846031	0.206694515375118	21
-0.055013733071856	0.3715955747091	133
-0.00928357016270298	0.316765621460595	133
0.08468933501834	0.210511838215752	133
0.10732002308602	0.0992423074798941	54
-0.057133318982811	0.407288904570368	54
0.122299049221199	0.114191492787381	54
0.068046195432234	0.259042323904074	21
-0.015311893240417	0.407376103657495	21
0.007803114984411	0.282597501666804	21
-0.010264009736767	0.411861201547766	21
0.101656672760106	0.223634894714326	21
0.079222225128237	0.258611123353068	21
-0.039136665661476	0.251840985686786	21
-0.104523079395911	0.327979548123795	21
0.068675123880244	0.221785671969764	30
-0.028973259916903	0.206822872009292	63
0.016009259152469	0.46444128908538	30
0.039799770479264	0.310847310849116	7
-0.088580768530113	0.637809382323518	7
-0.082499908989307	0.642337387054962	7
0.11603694616117	0.189616331165658	7
-0.010112036287	0.210549671555554	7
-0.058247174927023	0.247429271281714	7
-0.083846556494936	0.548706686767254	7
0.01674765094525	0.356037320831947	7
-0.117985132859669	0.907172912920985	8
0.117127320901523	0.211336816617016	8
-0.093479416299011	0.858289454635145	8
0.016674138428415	0.512381876413813	7
0.076946294712554	0.336612667933025	7
0.069526674657765	0.191100445184141	8
-0.066555880207472	0.549701394461306	8
-0.113780694716707	0.289453681606457	7
0.099106582469624	0.125100046524753	7
0.068681600868818	0.240289598861384	7
0.107137663029976	0.0993778168552897	7
-0.015428683580237	0.309335534135228	7
-0.046643369760671	0.294557966849721	7
-0.097480983808485	0.403041742472609	8
-0.082201585420532	0.404553728938331	8
-0.050955997008493	0.114002992802927	2
-0.049496842769671	0.199311811124143	8
0.000395911321406012	0.147989483806065	8
0.09519161507978	0.273881690770888	8
0.099865330802798	0.239331174914458	8
0.023441327717739	0.312259428567962	8
-0.045487130543992	0.293149725995641	8
0.00854135103668499	0.226921023855401	8
0.062133007925535	0.12911317257562	8
0.071195086236715	0.189014969815566	8
0.063285510783557	0.128219229515723	8
0.067825194369145	0.172418726420437	46
0.041196915885126	0.308339602167767	46
-0.016994463730677	0.485377034199424	46
0.068661630312691	0.249210177900808	46
0.052309732620864	0.241470072782323	11
-0.122380586155202	0.57485399477799	11
0.036329715666637	0.188375409886179	9
0.092856388324832	0.157878682707757	9
0.100827812174098	0.539715236933007	21
-0.096095162265687	1.73672163790088	21
0.060411479068365	0.544220180865232	21
0.011435265896344	0.576621768282669	21
-0.024239538460885	0.70502944143694	21
-0.092731149201363	1.0241974683769	21
0.073052826538729	0.563458522754793	21
0.124075675966924	0.291343786706659	21
0.008088709535747	0.886365194194874	21
0.014470494424968	0.752524116145708	21
-0.089535139881749	0.922953912641073	21
-0.01183908243454	0.731480662810624	21
0.066542518141636	0.506058379871339	21
0.117435693643779	0.278649587467927	21
-0.075743610520111	0.964919070065459	21
-0.108840167548433	0.983502986104647	21
0.034653260826524	0.405032319439602	21
0.096982039825081	0.257536810061014	21
-0.03408497848027	0.647698634734035	21
-0.12248045705419	0.575123077440858	21
0.069735342659393	0.210737337548819	21
0.00690382674009801	0.335220870949337	21
0.112930378001702	0.174425583604458	21
-0.081547255421477	0.510419068563115	133
-0.082469204133538	0.477645930753101	133
-0.081459122097336	0.475729819209775	133
0.088757585327545	0.180008932024826	54
-0.03024416742463	0.341635044255755	21
0.049733469247647	0.234179718463638	21
-0.094179219031781	0.437911879300379	21
-0.00801405789162302	0.314927262179227	21
0.103546772597824	0.171485850495325	21
0.00308319240188301	0.273998333825082	21
0.117686509056381	0.125880001803777	30
-0.091914586871855	0.544813695823993	30
0.00330193242023699	0.273686419686487	30
0.036966429946724	0.187667091459373	63
0.035525793618401	0.356251166837416	63
0.05329442018072	0.39394772259199	30
0.122679911918874	0.16806805289705	7
0.115048301112995	0.165129660707918	7
-0.096747687173507	0.402428533303078	7
0.04830780056307	0.236050796120429	7
-0.022235731413024	0.134419762727605	7
-0.058935380093823	0.248131560652942	7
-0.082555497560395	0.512445990478354	7
-0.012682993807769	0.488943713210177	8
-0.04229531587549	0.41917214464296	8
-0.071309164397509	0.444323968639659	7
0.038930255823681	0.29077946988018	7
-0.065103065851294	0.516353969902214	7
-0.046809062836081	0.528333848847312	7
-0.097156547565086	0.402947198547023	7
-0.081297074075755	0.365919655666607	7
-0.034381227624885	0.299170300724488	7
-0.046910902547136	0.294835863693741	7
0.098784253464077	0.125377993538843	8
-0.065026176990635	0.330462060439666	8
-0.067474471301877	0.368974731720215	8
-0.003406654948094	0.266666760386345	8
0.041223277952686	0.196707972958642	8
-0.012043161052749	0.21236385335664	2
-0.050117641374031	0.199786871364937	2
-0.051207197913351	0.114082475276051	8
-0.022333557581422	0.134487452099993	8
0.067838690448163	0.0939563331089012	8
0.114542769665282	0.191995880641102	8
-0.030476631700277	0.430985877504908	8
0.00345376982499501	0.389740792063952	8
-0.121547372075815	0.472127454018322	8
-0.081372833086908	0.439977876678641	8
-0.122108356952357	0.366302641167352	8
0.102653310886286	0.112547258869769	8
-0.113428777143597	0.289140846524725	8
0.102812776312544	0.112407023934731	46
-0.024018970136697	0.256182351297276	46
-0.012975461999078	0.261783565270689	46
0.01293216697996	0.289595628130783	46
0.116565417030827	0.163012163483874	46
0.019811730962696	0.305727142901155	11
0.047518579533492	0.213951827209243	11
-0.082646228934398	0.28731045533454	29
0.063851138491933	0.113381586910251	29
0.022123294330002	0.170656982987083	9
-0.039093367480434	0.251808898731318	9
0.098942338164015	0.125216279072511	9
0.066686005225766	0.150908284829358	9
0.054669634365852	1.71590785299495	21
0.042176249521069	0.962188149934628	21
-0.052613937496322	0.718887389609982	21
-0.03758888675705	0.604229745859755	21
0.087248231198333	0.288407055166848	21
0.117951110466252	0.305724990229263	21
0.052964477144459	0.271506518905909	21
0.015254063060053	0.413235321023118	21
-0.022604934590325	1.6064902873784	21
0.061308955396881	0.699976603203963	21
0.103668080312053	0.572871832057405	21
0.090163546156049	0.316162704276279	21
-0.05626015620751	0.846465152266456	21
-0.124704713378848	1.14608091566803	21
-0.061531504825985	0.447039327603123	21
0.00758864005464699	0.717360906922598	21
0.098504492161436	0.376103890963227	21
-0.067349470944677	0.551623313195033	21
-0.115794724675375	0.850918001247188	21
0.060328986263836	0.371253593022679	21
-0.00944132519562002	0.619755231950147	21
-0.017992280360752	0.731970119492159	21
0.032961429312244	0.26519782059174	21
0.11043385330168	0.216066369366029	21
-0.002023740948005	0.421713497633136	21
-0.00595880567964502	0.451301546538057	21
0.104321328964544	0.212805589734245	21
-0.01924194000882	0.399639287107724	133
-0.122111621761326	0.5743488509645	133
0.116575242873767	0.127054944399492	133
-0.06878829706037	0.370733023491664	133
-0.055013733071856	0.3715955747091	133
0.094715575146569	0.147253301567235	54
-0.028087032871128	0.206107362871535	21
0.066564945894354	0.151043317821617	21
0.0469279172127	0.214707974430858	21
-0.039339642190857	0.252037929825215	21
0.036490067155658	0.188207947062531	21
0.093277041694274	0.148792416587806	21
-0.062642605172663	0.290961902890044	30
0.065937129642597	0.163267938025463	30
-0.081498207974473	0.327534139381284	30
0.063214596413086	0.113805847152787	30
0.06180613746093	0.129346757132938	63
-0.099943455451521	0.366211130576325	30
-0.046382186133262	0.294249413587448	30
0.053323026037001	0.250538700606267	63
-0.116129499083419	0.404045596112651	7
-0.066228410017957	0.367104031311672	7
0.067524311203472	0.0941313907174703	23
0.067718630129187	0.0939883894592594	23
0.009853204746164	0.225529601536113	7
0.110938359837002	0.039690044647997	8
0.06768148630112	0.0940477132535558	8
0.121193905606856	0.170345963525051	8
0.115573460582915	0.0836604234688562	7
-0.00890764267474398	0.316244818850754	7
-0.023811310428105	0.255934591067754	7
0.068634152160261	0.171526831047428	7
-0.012043161052749	0.21236385335664	7
-0.113454156075754	0.289197208331101	7
-0.104763544229712	0.328264253978482	7
0.000539474908271997	0.147917281057297	7
0.063603983705067	0.113547393716226	8
0.064261685252138	0.140559947244486	8
-0.011353639452117	0.211742475658703	8
0.010335502629222	0.162384974291138	7
-0.122072392834882	0.242142849128352	8
-0.079842810698226	0.189306253830455	8
-0.022864815744907	0.134713366556739	8
0.067838690448163	0.0939563331089012	8
-0.046116567916284	0.293916867066751	8
0.021914657694353	0.170845714175316	8
0.070849309006233	0.199458065906496	8
-0.00513558107127898	0.268828924947829	8
0.022081385100746	0.170699802805938	8
-0.087249452192089	0.247061076159727	46
-0.049877676704523	0.199599255757215	46
0.114654546088943	0.0842710565027523	8
0.030439658390837	0.179316750151107	8
0.062120643043447	0.129102654713198	46
0.101365845636182	0.113571684419393	11
-0.0000848892720060057	0.148307880928239	11
-0.122587081353577	0.242574156802219	9
0.107307300070093	0.0992480824684191	9
0.00140431793749499	0.147290951461517	9
0.00981404228329299	0.162759454731065	9
0.121671264296992	0.114791036815628	9
0.037040979045554	1.23765777032213	21
-0.013194203270074	1.28154290996857	21
0.075318913857676	0.533102454484792	21
0.108706336542158	0.415732979694701	21
-0.00370273475995803	0.862106446337659	21
0.075014826764067	0.505436256309049	21
0.120898974085856	0.298894640099228	21
0.00100070018239901	1.21738321565903	21
-0.031297447172794	0.975459758482241	21
0.108142039226414	0.5810187820033	21
0.010185495883192	0.973087707985674	21
0.00670076644195999	1.15672792273884	21
0.080459714212853	0.481846067355665	21
0.085342460511593	0.444376203831291	21
0.083017840326394	0.496922124274973	21
0.092358723392986	0.534384944896652	21
0.039540724905734	0.734818140224447	21
0.024461395782514	0.838510593731055	21
0.116203170950286	0.327927594471855	21
0.116121161997831	0.344157202111792	21
0.070912144663586	0.489330613853841	21
0.080228076598988	0.370292411276628	21
-0.009594608074186	0.620339889728276	21
0.098841524306157	0.23494050928087	133
0.028604887317454	0.338225895318401	133
0.00998676024985701	0.444519494736076	133
-0.029524397721956	0.54857780132033	133
-0.013921502128149	0.562691428944087	133
-0.068820967796143	0.405961162647383	54
-0.108804537659042	0.60912940272279	21
0.115229321751927	0.164884662785016	21
0.089305481292646	0.256928337375605	21
-0.120281067384956	0.470055625727224	21
0.022808570159967	0.313329667716844	30
0.071128730985529	0.189103030677048	30
0.053739058593337	0.280026139324619	30
-0.00373487158672398	0.26714754165729	30
-0.036577213613188	0.38052668223995	30
-0.029160985673682	0.469267406293591	30
0.07053799943788	0.18987855143272	30
0.068099058835915	0.284053927978665	7
0.118975163766603	0.230113041584323	63
0.062497471831264	0.128849706845528	7
0.11475453421551	0.0842102531397179	23
0.011310471140483	0.161646579802237	7
-0.104361959950208	0.327787163592429	7
-0.014845933396942	0.530277863981645	7
-0.019301090173416	0.43904657818539	7
0.067943341768739	0.24146021094724	7
0.070182839021874	0.219589638037017	7
0.110887883998744	0.147729680210278	7
-0.071243325859143	0.444238072868106	7
0.005480200142259	0.337653207105113	7
-0.051572330830382	0.333779618228741	8
0.112303796481858	0.13886862588485	7
0.104369121397241	0.170378660146932	7
-0.081238903723071	0.403108738603844	7
-0.116284712191148	0.506106083691224	8
-0.022235731413024	0.134419762727605	2
0.066872174901971	0.0944992699355236	2
-0.01179905163358	0.212167229288823	8
0.063471116970056	0.113640626783262	8
-0.121874099398567	0.472751967715352	8
-0.023661709889845	0.509876354060191	8
-0.00357771773260102	0.376262227441663	8
0.096544742358275	0.203122993481395	8
-0.05094783653203	0.332997399333723	8
0.039268885003985	0.27890883677865	8
0.09376134756708	0.148294363141245	8
0.022481729344641	0.240099853542448	8
0.115713562889498	0.0835762750014481	27
-0.113806105925065	0.289526498281087	27
-0.00363598977818602	0.266994844802598	46
0.097647065400665	0.201371178737627	8
-0.066337127482381	0.367185636244384	8
-0.01143451814395	0.360836243162683	46
0.00976481448076799	0.401615802346119	11
0.053700166858326	0.270277706541658	11
0.080870192631976	0.24044761118169	46
0.099956285893995	0.190839187325633	11
-0.053384054224474	0.553923355520591	11
-0.095890107112065	0.401142144935837	9
0.03281533164963	0.265422775731285	9
0.033716621212869	0.276014548222727	9
0.00278353736883999	0.328137352736919	9
0.069947076887594	0.190635480761801	9
-0.12196785055186	0.473022659753625	9
0.104223067383312	0.588632938212737	21
0.077791234213336	0.994755021973025	21
-0.025644576402823	1.00820921093752	21
-0.03274117448508	0.765062565121232	21
0.078923595250741	0.361073552587734	21
0.016278329177294	0.411012884309499	21
-0.065410261956743	1.87685347988056	21
0.118069320365104	0.636251739086745	21
0.108209521187939	0.300730262990593	21
0.122570208127361	0.379605944873593	21
0.109018371797279	0.328004879250823	21
0.122691825607067	0.57392439518561	21
0.044843678793435	0.907371108417449	21
0.096388332601998	0.338496900018077	21
-0.046665794720386	1.09442198323783	21
0.05363561023568	0.486955355001739	21
0.10815601400505	0.421134988591778	21
0.089388547271941	0.549950705852373	21
0.123146167782116	0.261728440859964	21
-0.053364387633445	0.888574886579343	21
0.086794123472981	0.296087643894714	21
0.024481697704334	0.425399266004039	133
-0.065837835473693	0.6828556942914	133
0.078721518254005	0.318409837657552	133
0.115401445681907	0.247568119953666	133
0.101853869024622	0.223247198038975	133
0.011457692221622	0.452677096890129	133
0.076524375127958	0.316255417480952	133
0.090310863887021	0.254971592510415	133
0.092794479686901	0.223275159882427	133
0.101979322752178	0.180829874463004	54
0.097180778136532	0.202105891616712	54
0.041196915885126	0.308339602167767	54
-0.02057078937762	0.516965385985553	54
0.103336419268148	0.171779022751779	21
-0.05224421810044	0.622803912744409	21
-0.113245118786588	0.541303315685389	21
-0.065891100524814	0.331484003967802	30
0.117119215532051	0.126463327427427	30
-0.111969499033543	0.578152138766872	63
-0.016016507573593	0.408724197672744	7
0.111297330934717	0.208851136994174	7
-0.011077060461499	0.211513029561762	7
-0.050955997008493	0.114002992802927	7
-0.069723426592157	0.616662845276369	7
-0.024439964412114	0.511985344906041	7
-0.039093367480434	0.251808898731318	7
0.00121686518901401	0.217973200841502	8
-0.082778285068314	0.367903026173065	7
0.011259310213368	0.398415366449784	7
0.115098420423407	0.19117101923931	7
0.060443797344376	0.329571493924534	7
-0.122932414347818	0.367318046151688	7
0.094213221981176	0.156215786473328	7
-0.109557793837378	0.437076811628699	7
-0.022973715306796	0.302507634507405	7
0.00264239015818499	0.328359874235122	7
0.046774916566906	0.214903097266047	7
0.009644469173136	0.225764909855716	7
0.116523441623818	0.163048479226519	7
0.037037971496159	0.271001873223266	8
0.022481729344641	0.240099853542448	8
0.095495278081348	0.137667123888828	8
0.06534793836587	0.139683302062533	2
0.062315229087023	0.128983751372794	2
-0.027735101052393	0.205793300863032	8
0.102664668437588	0.112492988535895	8
0.019545562127997	0.362514478527522	8
-0.093622005338328	0.512366097731762	8
0.123149472058511	0.167356120177762	8
-0.074978663699871	0.611223485937534	8
0.048514441466803	0.410944991848872	8
0.097617578391915	0.256253297379008	8
-0.00347961193056401	0.266763964540767	8
-0.081724230176521	0.366522563322871	8
-0.104644534666324	0.328065522792502	46
0.102132264774736	0.112976848034583	46
0.018108548042272	0.295331232429329	46
-0.112607407273329	0.539897554404257	11
0.099620138694096	0.233532963878664	11
-0.093313061684527	0.547834383654964	11
0.088833421098358	0.179914446863769	11
0.118697624268411	0.179791298086895	46
0.098648358464375	0.241639450068736	46
0.042574158220602	0.316050511358019	46
-0.025742911386127	0.258027140472771	11
0.029518988736459	0.257578420534042	11
0.046403049566539	0.215364430315195	29
-0.080629328398317	0.402095800549839	9
0.062246259678182	0.128984212508053	9
0.036457538484301	0.283586487260843	9
0.113486737734454	0.13754321507126	9
0.102514095703044	0.172859877775651	9
0.050598541986628	0.24394492067714	9
0.059390423856757	1.15918824781384	21
-0.054877487468072	1.70628570704404	21
0.082063406045897	0.923985855056632	21
-0.033216356800191	0.644918835623628	21
0.067090486379953	1.04931858068237	21
-0.045840352371081	2.15569070029834	21
0.059200474923409	0.679228961945403	21
0.101428275002747	0.677559633524411	21
0.068623348118925	0.506546701973694	21
0.015899347604757	0.86920951507435	21
0.043703051924635	0.713642558488564	21
-0.052611893820974	1.25069836071193	21
0.120800108071845	0.362919037673862	21
0.094750632623654	0.47866576298281	21
0.043899157499511	0.631131921663883	21
0.016402818842406	0.830828671158607	21
0.037119091858458	0.629485371258621	21
0.030820452289833	0.470237967271053	21
-0.060847384090834	0.807884480538114	21
0.088687303420563	0.264992500478241	133
-0.055613232055143	0.587203461985515	133
-0.056734045411587	0.590190945364812	133
-0.097928949518302	0.708668558807675	133
0.079690208829324	0.2502344759247	133
-0.100430931114496	0.612543797397963	133
0.011523913010419	0.397827774969394	133
-0.114399464302936	0.75997525402227	133
0.051406797136196	0.242783424381017	54
-0.046124179332914	0.500089375770162	21
0.09797890425196	0.193757559439201	21
0.020092023318444	0.305273812734652	21
0.101098878505567	0.182078956363307	54
0.000949434911510005	0.381430732068397	21
-0.034697804398728	0.422360805640282	21
0.053151199591575	0.281037059433112	21
-0.037836255981202	0.428399236895935	21
-0.029722067608847	0.34077998764695	21
0.118932935615214	0.153586685709333	21
-0.044115759410574	0.374298044621703	30
0.00759914840753101	0.33400319046554	30
-0.023280328789114	0.30293961529788	30
0.115180431408157	0.164940599243441	63
0.015655510817824	0.358196053787302	30
0.115715270073059	0.246897469008639	7
0.101133432648524	0.23684762805056	7
-0.01231943409734	0.21258488836318	7
-0.05085522540367	0.113929791311759	7
-0.02218908576236	0.134407792765905	7
0.079830739056244	0.272295508042395	7
-0.080059352563962	0.18944886748509	7
0.02224814510725	0.170545491719755	7
0.022423907800672	0.659207703604532	7
-0.083335442579973	0.612923187124069	7
-0.100956334608644	0.577790486837301	7
0.022637488497637	0.239894844394432	7
0.022599041749515	0.239931301835311	7
-0.096280252485372	0.40166432277516	7
0.012616299592202	0.450012579192635	7
-0.109326574032691	0.572273669853783	7
0.0346993850562	0.274480734804286	7
0.084773323615347	0.210380490890794	7
-0.011602859062938	0.361310192299331	7
0.064326826725287	0.140468488246258	7
-0.028973259916903	0.206822872009292	8
-0.093750049638007	0.475456132121652	7
-0.094104523945206	0.437736530283673	7
-0.039412497805608	0.252118449166412	8
-0.049877676704523	0.199599255757215	2
0.067246759682515	0.0942982306112401	8
0.010947707408281	0.161941372487397	8
0.064126245577082	0.113165915307209	8
-0.113089601171979	0.288833281039867	8
0.065014713195615	0.139958146048769	8
-0.00501064103930399	0.414866129481617	8
-0.013314356381741	0.490508975153721	8
0.104587481193442	0.280430977209481	8
-0.121547372075815	0.472127454018322	8
-0.00898339855633201	0.316355744397083	8
0.096128999708473	0.137047618756153	8
0.065745834719192	0.139327471399549	46
-0.105407836299659	0.32893969990609	46
-0.013355650166883	0.262223698888708	46
0.036855097337377	0.187816516738587	46
-0.031586597916181	0.343647401332765	11
-0.071032009875344	0.443822531277269	11
0.11709521511452	0.187882869668375	11
0.089260561895299	0.170743883712052	11
0.067998992588078	0.250349820466323	11
0.069118746384609	0.314251824479095	46
0.018573452663931	0.294514447005002	11
-0.081681746459277	0.366355702915989	11
0.098983466180866	0.125198702370773	9
-0.116431276709134	0.506380327832905	9
0.024051122789704	0.323363350190165	9
0.106296191093879	0.757130944195241	21
0.101911220767065	0.730416233050134	21
0.083790663574	0.764161539128304	21
0.098254259382403	0.529862495380606	21
0.028262715376349	0.762977097559655	21
0.06538521521438	0.532992619537926	21
0.120287466763868	0.525221223860488	21
0.04155737928421	0.800069815726429	21
0.098088544231341	0.611217680931906	21
0.051429248776706	0.803148496557756	21
0.096618404328065	0.495206723282401	21
0.115538325542782	0.435151633191734	21
0.12431630881879	0.384058999082674	21
0.113022039585276	0.401925717218815	21
0.000380687152181008	0.841989757810223	21
0.066597479801589	0.63356474538283	21
0.013166490858292	0.918690569383299	21
0.064300933130469	0.508618612236697	21
-0.098106030895225	1.2800416566795	21
0.105787181457608	0.470890007330665	21
-0.120324202884806	0.963882223315593	21
0.076750623439743	0.33011408981366	21
-0.00761350591092902	0.455239946027508	21
0.00762609195078501	0.534586043045809	21
0.027386325178568	0.379687225902915	21
-0.011498528219689	0.450531528081636	133
0.060297336843166	0.395041817391933	133
0.00317003994971701	0.273904341808418	133
0.068477873638233	0.192427398849554	133
-0.065396166781312	0.330923787503878	133
-0.105815673321284	0.472297165642267	133
0.036948684735875	0.271144843075561	21
-0.081838391075472	0.366615327605489	21
-0.061995438760652	0.290260658095558	21
0.055139915281839	0.287076466650378	54
-0.049146279124578	0.413161449526537	54
0.122594183425859	0.168210856894025	21
0.119432286234237	0.152904405823236	21
-0.083687515017235	0.288427892936935	21
0.123160848438862	0.141925093293208	30
-0.002512802194229	0.37425849556673	30
0.089409999034766	0.170558271724224	30
0.063347430239236	0.11371260792063	30
-0.011034948829614	0.211472636281748	30
0.063851138491933	0.113381586910251	30
0.009703424976364	0.225663327013514	30
0.00959884007740799	0.561420802948111	30
0.086410742612511	0.296888695196832	7
0.068915722553754	0.160322294706039	7
-0.052009181732868	0.523438287279636	7
-0.034993286639322	0.572375024377869	7
-0.09618739688437	0.803529667941355	7
0.077019891263828	0.300288853005462	7
-0.037567661108969	0.563414232728929	7
-0.092054709531923	0.509357740177617	7
-0.072080723874006	0.47922652594904	7
-0.054194960813745	0.370214456459577	7
0.046795910188112	0.214840170672615	7
0.00279830058449401	0.27441048504348	7
0.066483966298568	0.151097831921735	7
0.095411575675019	0.146459287506169	7
0.022623353360334	0.170219607401702	7
-0.084016817610531	0.288820215775506	7
-0.122997700541494	0.367424202012688	7
0.093009690930965	0.157700297096203	7
-0.081837382932434	0.44084056532454	7
-0.062156749267177	0.290444336554659	7
0.114894447424672	0.0841209444567602	2
0.068351202332611	0.160880726536792	8
0.011265128253768	0.161662180062301	8
-0.020420089931746	0.637608758491897	8
-0.100835668630912	0.907992009783032	8
0.031976423003957	0.342614714169425	8
0.013171497825842	0.289247977582366	8
-0.11481737577295	0.402144380011485	8
0.08612736700062	0.200243813165442	8
-0.113818638134297	0.289520671342831	46
0.064449969407648	0.140416007800066	46
0.069113274070865	0.181466221210164	11
0.070625471710831	0.1997652189528	11
0.107440425431483	0.195314035718185	11
-0.104689604491905	0.671018582211464	11
0.079047072707292	0.296116845100018	46
-0.016013113294572	0.352980732738755	11
0.108734067052873	0.187010078962665	11
-0.049595963173436	0.19940314615466	11
0.063347430239236	0.11371260792063	29
-0.003891279016355	0.267352841422731	9
-0.080410028081263	0.401744535419422	9
0.110996488302465	1.0190257483345	21
0.112594993729693	0.570577345881156	21
0.043545752365543	0.779129008231743	21
0.10985585617082	0.565625370854449	21
0.03683962319358	0.541028840207253	21
0.050642373799016	0.764303526166591	21
-0.018286451805486	0.763887683906341	21
-0.083757307954089	1.08958222305587	21
0.032365996548173	0.801707354316275	21
0.124089514498482	0.311392154549246	21
0.100363809854207	0.28251366874547	21
0.066946938839143	0.286250246856215	21
0.007100579790734	0.824929399562007	21
0.007919678168397	0.583911582046608	21
-0.07489553493531	0.5176350704984	21
-0.015208968203865	0.309028668808699	21
0.014747019611793	0.402648724092304	21
0.103874901870441	0.20734829862893	21
0.032217057583539	0.266287577036851	133
-0.11583283935647	0.505235724765924	133
0.103259505332821	0.112040521053002	133
0.104793067606788	0.162514217532325	133
0.040586029844283	0.19743548011956	133
-0.016052299946319	0.483120659949842	54
0.062667206211233	0.128714738453903	21
-0.022384918186568	0.134431806823967	21
0.067789166209756	0.203436899616219	21
0.065579295535546	0.139461562587237	21
-0.024324806361545	0.256508966749802	21
0.101661326660138	0.217353798127228	21
0.091207559469682	0.232953958845722	21
0.022969186735046	0.23945453479275	21
-0.036285648159047	0.380016644560166	30
0.063984094229248	0.113295491069645	30
0.096863332822233	0.136256312385886	63
-0.044524076610558	0.658527557801479	30
-0.021366342520268	0.674436121316894	63
-0.085783358557572	0.682781063845367	7
-0.041133800600145	0.598544836979765	7
0.039203454976074	0.301261834591199	7
0.00324428913320701	0.327348211393751	7
0.115514094351487	0.0837165305806647	7
-0.018470339919749	0.398287545836485	7
0.062672854736504	0.520542558885219	7
0.05870148591595	0.466325974546212	7
0.122041097508647	0.114434397902892	7
0.005299949536233	0.33798284080065	7
-0.092662338563265	0.615374391768491	7
-0.079772230357631	0.400650581466294	7
0.022644235534006	0.170201942958957	7
0.00192193504722599	0.275569479254962	7
-0.086954040075034	0.246881561749256	7
-0.057620469001652	0.246776371543644	7
0.098863290352136	0.125324129548118	8
0.068216569808663	0.182489314809511	7
-0.02243143272404	0.134532208149857	8
0.106603331488829	0.099764184520356	8
0.052295212149735	0.241447196768489	8
0.087235254665806	0.288429041439162	8
0.091456924256184	0.1594939750504	8
-0.051559259247109	0.114223469848975	46
0.063727616277926	0.113470545102492	46
0.010335502629222	0.162384974291138	46
0.009145842261952	0.280716633133727	11
-0.092194670418707	0.509640993729055	11
-0.021509776403318	0.30040773928153	11
0.068485862175514	0.299512410229484	11
0.065724267802969	0.139357023638252	11
0.00310390842852801	0.27399400309739	11
0.09548551120367	0.394975842551133	11
-0.058726293331861	0.247939672360579	11
-0.08317570316357	0.329655423050768	9
-0.122977964865057	0.242878747706938	9
-0.080531750478295	0.189739709538567	9
0.102078939963948	1.42737178651511	21
-0.014709483880101	1.75181670468412	21
0.062193405103201	0.899829466507583	21
0.057147350091722	0.826306717880097	21
-0.099702826640544	1.73438223626669	21
0.042755368223284	0.923293797710195	21
0.121483223036859	0.417225352012415	21
0.079407024842214	0.697249846109167	21
0.107476120351168	0.509527429991788	21
0.017582097495845	0.540814842478433	21
0.091749996170636	0.535149418348261	21
-0.052781411241299	1.51419550578874	21
0.017730408317769	0.704768993324618	21
0.11695276131355	0.405516572765895	21
0.00330978048068201	0.778744903999896	21
0.080476492929181	0.47443321075107	21
-0.08000421447612	1.11216521743063	21
-0.104120176962601	0.669455513557632	21
0.116614893043226	0.126995509948447	21
0.108040208117087	0.188033042772689	21
-0.07051547878007	0.442848422829507	21
-0.039876557679556	0.337178111220777	21
0.014797147343913	0.286668850957207	21
-0.015033905868224	0.406871046322534	133
-0.050117641374031	0.199786871364937	54
0.114994353452086	0.0840566873298067	21
0.116233423832646	0.0832257285933966	21
0.067198986629931	0.162049281666281	21
-0.117709204386324	0.604909410153001	21
0.094813766371967	0.205742962840575	21
-0.023150029897208	0.302734239067344	30
-0.034424549206853	0.29925213229376	30
0.122410892980285	0.114071620274137	30
-0.113114716437925	0.288822339646016	30
0.07809351740373	0.275766281936572	30
0.000230288194790013	0.655460300857122	30
0.059247104371291	0.332217261829164	7
-0.010335101353571	0.496777522614903	7
-0.035093538859504	0.423274940119577	7
0.038390025493496	0.302651032173538	7
-0.03006508917072	0.386826149160413	7
0.08539754538324	0.201312405383996	7
0.00376057057833201	0.273073849140472	7
-0.049215099367101	0.199088179955189	7
0.067464110052573	0.0941758280759728	7
0.080537631154201	0.241041396356599	7
0.069507006673351	0.201254258690807	7
0.081876899902016	0.222911087378038	7
0.060478019211619	0.38681227344399	7
0.042283367829542	0.52605728839218	7
0.040600628684945	0.498690261515046	7
-0.014298971025319	0.759192447959259	7
-0.01281838186473	0.261598152460654	7
-0.000949525448757982	0.432259853874421	7
-0.083493380226879	0.330021380608645	96
-0.022962690308133	0.134792380143383	7
0.069366756610917	0.181137440140277	7
0.052046797187357	0.230903985658037	7
0.06845013527308	0.160817760922027	7
-0.059123291830723	0.248291590930997	7
0.093177256527483	0.148910369327946	7
-0.065284183968157	0.33065208861579	8
0.065880807298209	0.151656556456733	8
-0.027395788140204	0.205469101447324	8
-0.059102105562351	0.248283866197002	8
0.073393674865209	0.386661370748062	8
0.05360903736413	0.260344718721044	8
-0.092090948848866	0.472440266701382	8
-0.08064991164873	0.18981823898626	8
0.11106265674376	0.0396671757223606	46
0.077366459194204	0.0706266937852931	46
-0.083251456839221	0.288014817032554	46
0.00705627957449101	0.283633752809472	11
-0.086138185291258	0.246144287310473	11
-0.051559259247109	0.114223469848975	9
-0.05828662171151	0.247289243803226	9
0.061996073045438	0.129206703770816	9
0.010335502629222	0.162384974291138	9
0.087309440906591	0.871607273490987	21
0.071844381416972	0.802535140892583	21
0.06613573849152	0.803695576563827	21
0.068791558863301	0.704369207506901	21
0.075055831441353	0.717022003037893	21
-0.00188430446339	1.05899379497764	21
0.017137420196683	0.707257213384925	21
-0.019557362874908	1.2067309677115	21
0.04462904346205	0.723228772262965	21
-0.024260164945619	1.14481999954127	21
0.111632308088437	0.213851442014881	21
0.038440798725557	0.280315974623542	21
0.040262305965866	0.197763886266208	21
0.066698579667016	0.366168606585436	21
0.072470026260957	0.494573104271421	21
0.05650849684961	0.553204495444565	21
-0.075767429811182	1.14371308768416	21
0.039738703826406	0.289377223409373	21
-0.041919784547372	0.558626007449182	21
-0.054695838139288	0.557311305914779	21
0.066960855578856	0.251992705796524	21
-0.058262271808907	0.409347981985161	21
0.105633191549313	0.161498690796193	21
0.069151267635372	0.221061090503574	133
0.040059261532636	0.198002789959829	133
0.001210605341433	0.1474564468985	133
0.067886087236177	0.193123716152834	133
0.062404071095612	0.128890864681717	133
-0.011278630995327	0.211697685022725	133
-0.079783682732456	0.189267657676448	54
-0.105165470487472	0.328705320616135	54
-0.08668313451841	0.246612654586921	54
-0.024959977372036	0.257225337991744	54
-0.048876073981131	0.198782014333212	21
0.021914657694353	0.170845714175316	21
-0.105527700133382	0.329105035929965	54
0.102248845678685	0.112869548535551	54
-0.00268268342153599	0.322202775554009	21
0.121321353687783	0.170080461091665	21
0.099316921650172	0.19180158165263	21
0.011106415890617	0.161807118362011	21
0.110865507306074	0.0397113788160752	30
0.08705908223305	0.342126861678508	30
0.01095682101904	0.453804855741332	7
0.113533166163146	0.173526087911532	7
0.078644776176001	0.267216031316642	7
0.069458157795297	0.28946020049553	7
0.069614758754533	0.220396255101846	7
0.020807875009288	0.303827699677229	7
0.069878424669911	0.200755833883889	7
0.112809517106655	0.138320019120557	7
0.030427654115447	0.179329486022748	8
-0.023847951444019	0.392433341790825	7
0.066242909974146	0.151336845168344	7
0.073077701572832	0.387500103777305	7
0.091922628466921	0.305837057477745	7
0.070061560802799	0.365029306929242	7
-0.009519172490486	0.575682668329638	7
0.072273712043517	0.39648475703133	7
0.08200723588765	0.340097460779462	7
0.113619829902165	0.137403746058579	96
0.09607729211548	0.137099558223851	96
-0.09973092219453	0.365942112531135	7
0.022144335974121	0.170613349803054	7
0.115053604241026	0.0839628422030283	8
-0.080216847495123	0.189563353167821	7
0.110741291212149	0.0397553524568051	8
-0.051408627280488	0.114196567167764	8
-0.021946757622245	0.134275185027705	8
0.015668883889297	0.465326849753821	8
-0.077506776295848	0.74038161593157	8
-0.112541158101587	0.539764204276766	8
0.064826483304247	0.140114977779492	8
-0.084091238306827	0.28887008804013	8
-0.080216847495123	0.189563353167821	46
0.116093333289124	0.0833196897353597	46
0.02913832228523	0.180510929832556	11
-0.07323458059238	0.481376043177937	11
-0.024858267288027	0.394115664721715	11
-0.05900649084422	0.41057038426144	11
0.090374229740966	0.169418949981278	11
0.055982519434193	0.276030328116315	11
0.046337062899128	0.215443454627987	11
0.077209369194292	0.0706913846673543	9
-0.086795742461947	0.246753835191953	9
0.021935636454999	0.17082293741555	9
-0.00412192461884497	0.267580892591038	9
0.112488320911072	1.38180469379759	21
0.045398544743883	1.07853878074587	21
0.091295759257678	0.877757259667939	21
0.018183452503186	1.09614516770793	21
0.081740480705481	0.64871557089767	21
0.047679611793497	0.645551893177592	21
0.009221001914264	1.02613580305104	21
0.095515357943865	0.673797445146045	21
0.00656882292224001	1.17368663353822	21
0.025408797062965	0.767374414283453	21
0.098262519088836	0.492704569693489	21
0.066847005593047	0.660528302510356	21
-0.07582834915704	1.48666719319645	21
0.117052264299544	0.341152729730034	21
0.040912605309326	0.480587888850813	21
0.028772091471713	0.387450161840038	21
-0.124404243280691	0.817738844111841	21
-0.043128492821034	0.56190456978367	21
0.014372857501923	0.403535145043737	21
-0.013031113143293	0.261862652403794	133
-0.105085762195607	0.328634205446191	133
-0.062883373509872	0.291237332381514	133
-0.058392889364547	0.247622494615732	133
0.065869426247923	0.139222594941011	21
0.00981724014847399	0.279723568125705	21
0.110664525466286	0.148014341530945	21
0.067184282660492	0.173065545903148	21
-0.00245684057898898	0.321854509453822	21
0.00904553010895601	0.344996274462577	21
-0.071708338190393	0.444939067203578	21
-0.059080864481132	0.248254297546523	30
-0.122453566160504	0.242448039725143	30
-0.04717013664974	0.295147761809097	30
0.044307524128163	0.395213964619932	7
-0.022235731413024	0.134419762727605	7
0.063984094229248	0.113295491069645	7
0.11106265674376	0.0396671757223606	7
0.089354358161871	0.179228616874126	7
-0.120720421092491	0.843519944710866	7
0.078890001438627	0.28908319039527	7
0.065859650951865	0.262700903363693	96
0.117003658597141	0.126606302926738	7
0.106641944389463	0.0997075920110492	8
-0.027917396201814	0.205962223094542	8
-0.086320827149862	0.2462770269836	7
-0.028790927067844	0.206676143213985	7
0.099469926336825	0.124764207940941	8
0.077209369194292	0.0706913846673543	8
-0.022044616803678	0.134313553575837	8
-0.018299766496546	0.397985074340714	8
0.112170936153261	0.264771539381513	8
0.104078399777728	0.170783279837254	8
-0.010875556637409	0.211322122167181	8
-0.080216847495123	0.189563353167821	8
-0.04969523558502	0.19947231882622	8
-0.104723832632367	0.328222748752441	11
-0.081937919884695	0.366812865584399	11
-0.123877490120483	0.673525801321993	11
0.05365366173605	0.28015573183804	11
-0.093023112662613	0.511250013456069	11
0.088536654667521	0.180292075354731	11
0.1211889880933	0.115269955111156	11
-0.113246409223397	0.2889426745537	9
0.065681290840153	0.139383420349145	9
0.113955654239657	0.871776895046627	21
0.00652176094104601	1.38012605325089	21
0.123068333620689	0.652707394053129	21
0.056642037561725	0.783376771046718	21
0.102061885255256	0.500649820722918	21
0.124807910436082	0.595572468522885	21
-0.086351683067866	1.31945047365293	21
0.072902214223959	0.894971169575537	21
0.09847748002198	0.43610646191532	21
0.118825551465853	0.411327212284214	21
0.109995949836839	0.392589658827363	21
-0.039781919977558	0.961106922989427	21
0.011130186059265	0.614790573732751	21
0.092272222281132	0.342100198604795	21
0.00460671712749899	0.477190192191988	21
0.07910710092784	0.281223568574527	21
0.108092440048968	0.226136703603828	133
-0.084910044524258	0.712331780659153	133
-0.093454513397721	0.583273690928105	133
0.066822447259787	0.162457049701791	133
0.017207908981596	0.232310034498744	133
-0.066575531817413	0.332357926248773	133
0.10229167284661	0.112845708404804	21
0.098458437002303	0.125682446516703	21
0.065326426137063	0.139693215020179	21
0.102653310886286	0.112547258869769	21
-0.114491040387438	0.401792580733279	21
0.067611634379597	0.172637990545568	21
0.096022054946659	0.137147633388364	21
0.045689053870682	0.204090592222988	21
0.00914446374575001	0.344823948174585	21
-0.104562709403475	0.328030298431991	30
-0.023701314001966	0.255804387741029	30
0.065912405729275	0.139187042917017	30
0.043724313556657	0.206511039068333	30
-0.086342135333983	0.24634374920067	30
-0.094121799675452	0.476098335815248	30
0.06965588444267	0.201063273990465	30
0.053664575027697	0.270343395569605	30
0.056972548563106	0.301907337810165	7
0.095441908402126	0.30546585254929	7
-0.04673879683455	0.456222697378024	7
-0.058873324325324	0.410392078394932	7
0.084453825968981	0.210882375511479	7
0.067306906576961	0.0942595441750744	7
0.065912405729275	0.139187042917017	7
0.063461747475134	0.113635101043314	7
-0.00357771773260102	0.376262227441663	7
0.086839260646619	0.190974373346299	7
0.083489917640181	0.387536653931474	8
-0.017138947143753	0.354914282767308	7
0.025117546089675	0.321491466441311	7
-0.088847315305273	0.671100079134147	7
-0.018070117108064	0.524783511767619	7
0.104652747140292	0.206110225291677	7
0.102419993223939	0.112726277066795	96
0.026594484044028	0.248385378718525	7
0.030396801759499	0.179381890674393	7
0.102132264774736	0.112976848034583	8
0.040059261532636	0.198002789959829	8
0.022289948078206	0.1705195806077	8
0.063081739353814	0.113891941310612	8
0.077209369194292	0.0706913846673543	8
-0.0516598593167	0.114296718545794	8
-0.051408627280488	0.114196567167764	8
0.030427654115447	0.179329486022748	8
0.115639642247029	0.247072559003115	8
0.112918233274097	0.279288572189917	8
-0.030467999167943	0.341983837165257	8
-0.050519693473928	0.332381341428134	8
-0.08203763248094	0.366952711123228	8
0.069474930394323	0.170609636342392	8
-0.050597697386102	0.200136624431954	8
-0.080531750478295	0.189739709538567	46
-0.039136665661476	0.251840985686786	11
-0.121905986375631	0.366029146926945	11
-0.00289464752024798	0.322535412029032	11
-0.050671345435404	0.415828315719368	11
0.100956707672112	0.224876255528714	11
0.071370104690395	0.198689223569918	11
0.030034978920386	0.17971683741465	11
-0.00529177785621698	0.2690512896688	11
0.066654848067526	0.0946113815907912	15
0.061781008923591	0.129366199984691	9
-0.027891894593014	0.205894304240094	9
0.109772708153608	0.956531059287469	21
0.061093571058786	1.18513263038537	21
0.00880200739881301	0.693884180528364	21
0.093929707703023	0.443445562489906	21
0.084730365152139	0.506980017586005	21
-0.099726135310115	1.54217748182271	21
0.023905995701421	0.645131523480127	21
-0.071668088341566	1.21339633486482	21
0.120426904131119	0.649706387364792	21
-0.077855759606789	2.20058770684027	21
0.049235271282565	0.542350917731193	21
-0.032621393835836	1.04201406863264	21
0.109702138142922	0.361996647004804	21
0.091952454429702	0.409415566882833	21
0.062207552832551	0.366649684278473	21
-0.042640624870772	0.994173993398354	21
0.061411240089495	0.414572803306459	21
0.099316015665712	0.357332114074349	21
0.068305260741465	0.275499820974966	21
-0.021342458790697	0.592265142654366	21
-0.052191830754072	0.595533611516204	133
0.069015415390402	0.239753020920724	133
-0.082503752229354	0.441916016247333	133
-0.080174807476198	0.43784377081164	133
-0.113750475141467	0.400616785015743	133
0.034025297048097	0.263611683188313	133
-0.022973715306796	0.302507634507405	133
0.02328086036239	0.23905176399395	21
-0.055163206507562	0.371819054414666	21
-0.082877984785615	0.367933280956239	21
-0.058747485328019	0.247963473914146	21
-0.10618813494042	0.472945690878698	21
-0.104924671202833	0.328456763531471	30
0.000572368946193003	0.218690639132691	30
0.030801338712221	0.178970657084265	30
-0.065239191427411	0.33074776052957	30
0.065326426137063	0.139693215020179	30
-0.038774114909342	0.251454216859898	30
-0.025228149925098	0.257412795998622	30
-0.082977412618004	0.329359566143337	30
0.070496419233644	0.179796343872466	30
0.093547733627872	0.148520277944232	30
-0.063904150222733	0.483065473229741	7
0.018094085875112	0.295311072236931	7
-0.121376868495221	0.472049568150106	8
-0.018838149744594	0.398981083172134	7
0.108888273720551	0.254670518603103	7
0.02963241125872	0.347151989566122	7
0.068347763177607	0.240810033582659	7
0.022111415117103	0.240569959362349	7
-0.033784306120162	0.298453780576372	7
0.010747139330928	0.224487117285938	7
0.088938116743934	0.188050203350791	7
0.067289156407364	0.161977653873676	7
0.069358126209002	0.201440317214853	7
-0.051318115136756	0.333508127426265	7
0.030108512835474	0.179659492624757	7
-0.080157715643049	0.189518424818333	8
-0.049115994708433	0.199000264381039	8
0.066444661125891	0.151092814060462	7
0.115234131327121	0.0838998473119463	7
-0.104723832632367	0.328222748752441	7
-0.084207538202766	0.615049728208704	8
-0.033380660602367	0.606832242525269	8
0.035901879314314	0.411890210889142	8
0.086481841290898	0.191419231142382	8
0.091634652661115	0.238977263977676	8
0.107502401279229	0.0991035134167607	8
0.103302020765041	0.112000719717952	8
0.06718672482947	0.0943239763792054	8
0.115514094351487	0.0837165305806647	8
0.067398205123229	0.161896958905498	11
0.013158579152272	0.289265563255809	11
0.025758723793931	0.332093540098103	11
0.017055062808759	0.367469121254332	11
-0.071115259924697	0.477258487822498	11
0.122283981776819	0.168695056599931	11
-0.058538412454802	0.247755590269435	9
-0.082758753402239	0.329187789000794	9
-0.083066515455719	0.32945751465944	9
0.107659268492148	0.0989783159466712	9
0.065483452214634	1.21768732868401	21
0.096726936487175	0.593770061505123	21
0.073405670007051	0.557273703726149	21
0.059951402459824	0.680056132021858	21
-0.010078672666915	0.958918972348095	21
0.105107390154954	0.534473442792193	21
-0.025073971029436	0.989793166266218	21
0.123626609208799	0.338262268454716	21
0.059393374293624	0.60676018316551	21
-0.012088119209685	0.570461912620047	21
0.086380220385331	0.386994260801452	21
0.103204567687502	0.41787492166365	21
0.113432090587872	0.261796311659915	21
0.017351112781754	0.54154094352962	21
0.068098697053621	0.362811516647845	21
0.058499336781764	0.307654491073239	21
0.117119215532051	0.126463327427427	133
0.116262889325272	0.127369760549369	133
0.036392770044267	0.188280279340678	133
0.095707744803209	0.137462355181682	133
0.00896755085926099	0.226477272775909	21
0.010380882175542	0.162368226199913	21
0.046840707154703	0.214816532916763	21
0.094401740670411	0.147599689096242	21
0.096022054946659	0.137147633388364	21
-0.051590606808135	0.333872594602861	21
0.122256137833966	0.143054880371727	21
-0.058747485328019	0.247963473914146	30
0.106955321074147	0.0995100772275884	30
0.021518392314839	0.171146925409231	30
0.119674137613854	0.233384518799954	7
0.022299440729239	0.379682333716688	7
-0.076892624799877	0.585509546490053	7
-0.01662308103547	0.354094011034313	7
0.078116844611133	0.290628008670832	7
-0.034285366122214	0.670994781589088	7
-0.111078089479768	0.904421374361015	7
-0.046201504806483	0.377676835125939	7
0.068683955993464	0.212176244264099	7
-0.096630481538669	0.402243847330106	7
-0.099786223573558	0.365973425857993	7
-0.058205048148279	0.247438526576831	7
-0.065452282531902	0.331026297543003	7
0.102451111907494	0.112709992642269	7
0.065600965963444	0.139413374012201	7
-0.062440348470452	0.290748786941485	8
-0.058538412454802	0.247755590269435	7
0.00933551286825601	0.226076950389505	7
0.067881789856385	0.172367240663658	7
-0.106039536653413	0.472688479767381	8
-0.064712154106097	0.330072172244445	8
-0.122596894930282	0.242559161476007	8
0.077590419964501	0.0705269291433486	8
0.111186925303284	0.0396232165072587	8
0.011106415890617	0.161807118362011	8
-0.029975325902834	0.386715864046269	8
0.067781435604182	0.172467059552578	8
0.102898082445889	0.112348135284801	8
-0.112762771249648	0.288430119737943	8
0.00081421706884699	0.218422748999324	11
0.067606595144841	0.161686034607768	11
0.086387312799232	0.191578939607965	11
-0.100068658279957	0.611663343068476	11
0.045953602237309	0.338568308929531	11
-0.023271577071352	0.391381477295585	11
-0.116138152276898	0.505818124620889	11
-0.013669768716171	0.262622021852391	11
0.017831139499782	0.366023622933464	11
0.040632199356981	0.197348501715343	11
0.098458437002303	0.125682446516703	15
-0.086999732958113	0.24691407661681	9
0.120731326723242	1.31297624668482	21
0.108644772379251	1.05110136877734	21
0.063471377874716	1.15385018895287	21
0.071650111247517	0.794197234295865	21
0.078049204413131	0.750598136420291	21
0.115622252546759	0.511889170610561	21
0.033570599194812	0.981435446906918	21
0.060516705459341	0.845760453424098	21
0.052318012016043	0.821267024441464	21
0.059963370910609	0.765820533676024	21
0.112459624409599	0.409068652999943	21
-0.00659660010478402	1.0524684606471	21
0.073305966023362	0.56673683975018	21
0.115226101509213	0.284416796204621	21
-0.034381227624885	0.299170300724488	21
0.032762755038881	0.265456628225841	21
0.076569554642273	0.501650125455917	21
-0.077462611138491	1.14634677364764	21
0.114284093396655	0.332200499765326	21
-0.047437926663334	0.599583697052496	21
-0.020725374692695	0.442158292653657	21
0.088760753761416	0.179999888783544	133
0.084846417624775	0.202072382745627	133
-0.03341404136621	0.297991374436719	133
0.068840114277249	0.230911684013925	133
-0.079193034873928	0.18880771123207	133
-0.122977964865057	0.242878747706938	133
-0.039499261276081	0.252209796000046	21
-0.021900150727252	0.134191898160114	21
-0.082134566412723	0.404420080812331	21
-0.046340285430154	0.293888721211264	21
-0.108355574953619	0.435055690735408	21
0.064240550717198	0.113115012407723	30
0.067524311203472	0.0941313907174703	30
0.065702753225099	0.139375634354003	30
0.040475053678835	0.197538624972186	30
0.077590419964501	0.0705269291433486	30
0.064117026820609	0.113202284867335	30
-0.01965050681327	0.439882081454307	124
0.086997353428915	0.37355597058129	124
0.029938261604008	0.395548846595354	7
-0.010765789861861	0.41290627439977	7
-0.00303661357360802	0.266163120545035	7
0.122482343601987	0.142775289000129	7
0.110741291212149	0.0397553524568051	7
0.102493876463659	0.112682937700276	8
-0.120406850012818	0.570505140048716	8
-0.122844460016353	0.2427719181186	7
-0.041415852182867	0.741329859040691	7
0.093964412350176	0.35597055728655	7
0.000955491163756012	0.602125089939352	7
-0.028318658137157	0.706166905806184	7
0.054016106395272	0.392066505326206	7
0.027357040275587	0.601584256789032	7
0.087800990849992	0.411275358545773	7
0.108823880011373	0.319684866554379	7
0.054889379583482	0.258280032090103	7
0.020282167187463	0.304913972747174	7
-0.044712041961964	0.375304664102793	7
0.010176809289684	0.162509724108542	96
-0.079842810698226	0.189306253830455	7
0.029630031771027	0.180096310199489	8
-0.10528668992989	0.328859289280446	7
-0.080157715643049	0.189518424818333	7
-0.059499166516907	0.248585834491551	7
0.070550491001129	0.199863841319939	7
-0.061954828829138	0.290201003865924	8
0.069704263507817	0.220284778584913	8
-0.0516598593167	0.114296718545794	8
-0.051760517099524	0.114337551940054	8
-0.022575890878387	0.134611873496179	8
-0.080000277640246	0.18942069044567	8
0.074726676093124	0.41763456334802	8
0.023611799003051	0.311975825608349	8
-0.108138655166525	0.607464253151684	8
-0.028087032871128	0.206107362871535	101
-0.064914380175001	0.33020608365152	101
-0.00346379815272302	0.266770134118993	8
0.04895986206844	0.223818808174845	8
0.048138567962051	0.224816388814959	8
0.010426249726101	0.162335407706025	8
-0.051760517099524	0.114337551940054	8
0.077287962253669	0.0706637074876884	8
0.016994513529676	0.232573033686908	11
0.124056395396029	0.160516446260793	8
0.099870127542711	0.239311975415257	11
0.051929434922958	0.252653584108998	11
-0.00557233453306999	0.416081408908869	11
0.042292466514053	0.316555817941024	11
0.022735660705432	0.367468979543304	11
-0.010085045364125	0.358632594221652	11
0.091763280171991	0.159149385347993	11
0.063594693445878	0.113556644367664	9
-0.021946757622245	0.134275185027705	9
0.029789494693604	0.179958612665215	9
0.022123294330002	0.170656982987083	9
0.100474901543028	1.07278980637828	21
0.108021565163007	0.706717604264361	21
0.103762454163741	0.65381374910225	21
0.071500434313433	0.787553777251588	21
0.11060812453488	0.485066780947222	21
0.055688229706073	0.675658830431004	21
0.044993161648468	0.596680467240997	21
0.00877277684478201	0.28126383436916	21
-0.033691446542635	0.504050334137185	21
0.067032708635933	0.365470208518079	21
0.100224758561781	0.344819363968656	21
-0.056825997028722	1.17825134990175	21
0.087826721428934	0.280387442295843	21
0.118481101638565	0.208817887951541	21
-0.075800290592269	0.674584430344194	21
0.024687339455899	0.322255722530048	21
0.013038907500411	0.448947282298609	21
-0.071892579108742	0.478792971465403	21
-0.073794628874471	0.515242899484889	21
-0.09438987087052	0.732133876734792	21
0.044434623782099	0.322397758450997	133
-0.083043696201395	0.547384934271777	133
-0.081250359101237	0.509631843082649	133
0.032230894933481	0.266261306873709	133
0.029891750187826	0.257065144864836	133
-0.100147318329669	0.366473383262917	133
0.068658367199165	0.160599539892194	133
-0.122407260158878	0.366598925081888	133
0.101929989329595	0.113136462715277	21
-0.021487210573869	0.345365338884938	21
-0.092834319884855	0.473794990601601	21
0.036209639168905	0.188476004065438	30
-0.086387788919509	0.246404983872412	30
0.011355802079144	0.161613415181199	30
0.085643729592953	0.192557687503917	30
0.066001561562331	0.151553800098176	30
0.063471116970056	0.113640626783262	124
0.063090855645736	0.113872788212703	30
0.113826125522227	0.198884086023916	124
0.043677250034118	0.406035182811711	7
0.078554569383413	0.244356283241706	7
0.112462212033269	0.175119579539027	7
0.104362790364825	0.206599302390316	8
0.017864609465265	0.459580887655342	7
0.121552726335027	0.198014729287149	7
-0.076356840017295	0.67624195990797	7
0.11597691068758	0.267150538301574	7
0.09334752490837	0.290311577664722	7
-0.106931164493942	0.474015872817271	7
-0.040967967181323	0.416791641457403	7
0.117159885374352	0.12644347894369	96
0.044350691602567	0.205746254093519	7
0.010471605414572	0.162285555857611	7
0.065326426137063	0.139693215020179	7
0.114894447424672	0.0841209444567602	7
-0.10528668992989	0.328859289280446	7
0.095311432983508	0.146544057888756	7
-0.05073372799827	0.332692714709065	7
0.039365343871023	0.198732290815392	7
0.069530902755689	0.17053771330891	7
-0.013299744018119	0.262179910911018	8
0.068216569808663	0.182489314809511	8
-0.033470360289644	0.298075019031466	8
-0.022091243109116	0.134354832803417	8
0.081037984652371	0.349066912753292	8
0.078135812182372	0.41554127066631	8
0.122618098587141	0.290231446337833	8
0.067507276911809	0.161788325989058	101
-0.051760517099524	0.114337551940054	8
0.067404020697677	0.0942067543932056	8
-0.064185081975443	0.329342131947245	11
-0.039504923828194	0.33663891462196	8
0.053685528865042	0.280131659937714	8
0.07047330887667	0.21916109923401	11
0.025717951623403	0.320413424850432	11
-0.000619406862495009	0.465022591717449	11
0.055527559362349	0.286374652571333	11
-0.11685904872214	0.506843368005537	11
0.06905483323077	0.18152707786401	11
0.002864379954097	0.274305134835446	11
0.054080949026124	0.279426465290578	11
0.068056064116336	0.0938208034316995	9
-0.027200876805338	0.205272954263833	9
0.119958949981878	1.03172012849479	21
0.117015072158408	0.638753436166514	21
0.025264620558994	1.41343426926645	21
0.057203541941361	0.687245584255769	21
0.108424949851753	0.532343581667495	21
0.081870322034397	0.559528741220994	21
0.04434781392428	0.622873618120711	21
0.057330373538687	0.672433396789339	21
0.118248567657703	0.395000412586466	21
0.122246466258293	0.342960569156846	21
-0.101945307901671	1.44313281532586	21
-0.090601859004155	0.610440909648192	21
-0.021706069842962	0.945477771352195	21
-0.120679298076071	0.79233645458917	21
-0.016135167984325	0.483346404270472	21
0.030543981296374	0.345435458065919	21
-0.020085632554132	0.440767401329676	21
0.040888396674587	0.308903203247008	133
-0.063449041732699	0.291814280105877	133
-0.028294393372853	0.206267370445718	133
-0.00991983607459401	0.210339313842684	54
0.035391606516723	0.189315709863593	21
0.098094648685184	0.126003351204579	21
0.068678663511367	0.171506944724525	21
0.051223161415683	0.232089108056795	21
0.101770607622561	0.113262797540416	30
-0.085867195422771	0.245914933527285	30
0.063035353453265	0.128429980063374	30
-0.0000848892720060057	0.148307880928239	30
-0.00787043926077902	0.455828600724201	7
-0.047087441287507	0.529020780838229	7
0.039370009792949	0.290025611130488	7
-0.09136617259081	0.507957122349097	7
0.05489453088885	0.268163609908752	7
0.087864030812998	0.181152911639892	7
0.030225101622774	0.179511578094602	7
-0.113636406192394	0.289363974427113	7
0.07797136228438	0.0703563818212956	7
0.102318030426417	0.2162892077522	8
-0.076926209575507	0.647060262169941	7
-0.121114935855812	0.704633247149985	7
0.026435606924085	0.381723074694653	7
-0.083930824238971	0.741177521339175	7
-0.025057433438345	0.394577370030683	7
0.023323064535894	0.299713248148969	7
0.084744361364795	0.202230243599185	7
-0.059245476034637	0.411008599395065	7
-0.113245118786588	0.541303315685389	7
0.090231851147862	0.169577037911962	7
-0.114170614673173	0.289829599150938	7
0.066805915536876	0.150816852690542	7
0.000975351593059004	0.218265358833356	7
0.022052496150725	0.240639463131886	8
-0.051408627280488	0.114196567167764	8
-0.050955997008493	0.114002992802927	8
0.103766722285652	0.287716789475802	8
0.069403574010889	0.181030234605074	101
-0.082407946988641	0.36743864299297	11
0.05242426853144	0.282270257455358	11
0.094403751389094	0.213597922533888	11
0.042151101074575	0.32677806857119	11
-0.022878791273842	0.484660821705758	11
0.077590419964501	0.0705269291433486	9
-0.050207350282995	0.331924601468799	9
0.079144799157267	1.52990146682584	21
0.054972924657706	1.0545449886362	21
-0.038136307547937	1.50891064530098	21
0.051395993476141	0.812592047666484	21
0.092122545153809	0.565442470016689	21
0.020599904269714	0.823040908958424	21
0.083501416591096	0.536096651412614	21
0.054183937435639	0.584057388068998	21
-0.052088976806141	0.821529114796114	21
0.061625671354301	0.406548240311966	21
0.033221452741955	0.642135366439983	21
0.045387177121236	0.588485730916835	21
-0.033723257638359	0.503957834663669	21
0.079657160514595	0.257856397776203	21
-0.02237869967958	0.346803794135163	21
-0.043194233280242	0.535733506156888	21
0.039481250718581	0.300781306569198	133
0.024248325108719	0.322985265467095	133
0.0672544043218	0.172995065475109	21
-0.049496842769671	0.199311811124143	133
-0.086320827149862	0.2462770269836	21
-0.086999732958113	0.24691407661681	21
-0.104684162855223	0.328156891051407	21
-0.121865173570435	0.365962213903081	21
-0.055014950464147	0.371525858663683	21
0.044037505087772	0.206141034378162	21
0.106955321074147	0.0995100772275884	21
-0.05922615771142	0.248301082532977	30
-0.021704448369369	0.134133840380632	30
0.077669140239254	0.0704991966259504	30
0.015291854415438	0.41322115869114	7
0.054161909189678	0.288879933670779	7
0.103247253906103	0.214691628546277	7
0.028848997224286	0.258458079302439	7
-0.066475324590338	0.332170206201854	7
0.090526178613826	0.169230597901051	7
-0.123799836181535	0.672906550763037	7
0.106754367875063	0.245912015785674	7
0.074029772227569	0.35781123090242	7
0.054499130151327	0.268926839854758	7
0.00338890232977301	0.273597618394626	7
0.069506808730665	0.220589549598148	7
0.098660906690501	0.125504794428015	96
-0.11347907244379	0.289145532950789	96
-0.048834221389074	0.198749220037898	96
-0.122577521445564	0.242496058965275	7
0.052401789028912	0.251949161270343	7
-0.113636406192394	0.289363974427113	7
0.095550614720863	0.13761298156697	8
-0.084740037593072	0.289513981354952	7
-0.105045971154876	0.328561698139012	7
0.098702066688594	0.125470389319951	7
0.098904367457314	0.125286711058239	8
-0.052213125190576	0.114473617777916	8
0.11106265674376	0.0396671757223606	8
-0.0507845806318	0.728663906662082	8
0.112397893331584	0.175202285520063	101
-0.048693374639505	0.198598492946216	101
0.031641559810331	0.178128017918073	101
0.077287962253669	0.0706637074876884	8
0.021560273526845	0.171137953077056	8
0.068707659507827	0.160548948798553	11
-0.00177883819300201	0.372849319259558	11
-0.030951152167665	0.473122791369583	11
0.043785901244289	0.313719177248615	11
0.049961595011577	0.233841276560949	11
0.079352580531934	0.234991517002961	11
-0.031064978924322	0.432139287459004	11
-0.03331338915955	0.297870466380024	11
-0.00426151344688702	0.267832916475948	11
-0.023958800171451	0.303809543916589	11
0.051002633805831	0.23242094666965	11
0.094802387051001	0.721651421668244	21
0.081434999797539	0.687129527756033	21
0.099649858121667	0.48361020648131	21
0.066754551741231	0.612757277560831	21
0.068303695178863	0.513282055342875	21
0.048595858113778	0.537557764562683	21
-0.052819291162427	0.33541316164617	21
0.101012707613473	0.237089848521584	21
0.094542733955361	0.213363172780922	21
0.024687339455899	0.322255722530048	133
0.039832859172402	0.300115321359088	133
0.081409458315048	0.223636245123728	133
-0.059123291830723	0.248291590930997	133
-0.050216861220768	0.199875123159404	54
-0.122196176349309	0.242238734612479	54
-0.104803297880198	0.32828161706574	21
0.086467484251598	0.191472269695352	30
0.066822447259787	0.162457049701791	30
-0.04969523558502	0.19947231882622	30
0.111259604014332	0.039591027620515	30
0.032067716348055	0.352988915235019	7
0.094168622016355	0.282320237784325	7
0.109547664089585	0.18576243211579	7
-0.029706618526703	0.386300569633544	7
-0.023601578370917	0.348865301185227	7
-0.113963702141868	0.400939848364928	7
0.085869727767724	0.192261914932232	7
0.069362736576036	0.170724927972414	7
0.110865507306074	0.0397113788160752	7
-0.044042120815293	0.495540800033825	7
0.039433683362387	0.289929267275964	7
0.088930287881491	0.31917170703075	7
-0.015348979992653	0.309209440842344	7
0.016613125787783	0.533587432379914	3
0.072568870533689	0.382208442017298	7
-0.10492401434816	0.470469534670538	7
-0.040839060655292	0.338518426281082	7
-0.041017698036697	0.416889998278298	7
0.122664333556239	0.142441778986838	7
0.02224814510725	0.170545491719755	7
-0.065979338959831	0.331635624111942	7
0.066524893762927	0.151069914084256	7
0.077669140239254	0.0704991966259504	7
0.068241819833382	0.161032162936474	7
0.111186925303284	0.0396232165072587	43
-0.086071166451734	0.246103746203283	8
-0.038933756481083	0.25163712064566	8
0.095493914810038	0.137625250154821	8
0.073804074673256	0.398576483185888	8
0.089644191596279	0.329399288523219	8
-0.065868515167645	0.738914672111977	8
0.025648944562915	0.443956506462857	8
0.080654539213274	0.270720669871434	101
0.054068013328432	0.269651636289425	101
0.088760753761416	0.179999888783544	101
-0.050216861220768	0.199875123159404	101
-0.011438033271964	0.211848280481976	101
0.115993688804862	0.0833929609815537	101
-0.013874442504156	0.307085858062744	8
-0.080059352563962	0.18944886748509	8
0.11106265674376	0.0396671757223606	8
-0.059123291830723	0.248291590930997	8
0.053309543191003	0.260872315914064	11
0.08539754538324	0.201312405383996	11
-0.030840849696393	0.342553221359576	11
0.111186925303284	0.0396232165072587	15
-0.05186123248638	0.114344294945834	9
-0.085934244324161	0.245932843508102	9
0.113599570937587	1.02350182515496	21
0.082872169590358	0.983072980415901	21
0.100035283536802	0.566461902786594	21
0.096231804197385	0.610136012203562	21
0.033532996088286	0.929738153858769	21
0.088233809938178	0.603287584608843	21
0.075853956847202	0.599369563492664	21
0.101784985018796	0.40653644954904	21
0.111382007857589	0.389543107842142	21
0.002858091338375	0.927288809480874	21
-0.00708737169287299	0.924796558311056	21
0.050464382322647	0.650073400776139	21
0.029786965707714	0.765558012880117	21
0.092241344500108	0.336581587114356	21
0.111865702539773	0.207855765656556	21
0.096177303164075	0.203696099268387	21
0.095658834140299	0.37828943980676	21
0.023916398405722	0.636498839995018	21
0.092706884074252	0.149383815806581	21
0.00303765317521601	0.274070998836702	133
0.041010938954559	0.196955002119209	21
0.064496985635613	0.112928082284262	21
0.067524311203472	0.0941313907174703	133
-0.021559952029171	0.134039665076176	54
0.107150451913188	0.0993673401350934	21
-0.12296841435305	0.242832242499066	21
-0.122463298464792	0.242471644868516	21
0.103344510044895	0.111952756141283	21
-0.061632178651893	0.289821626129042	21
-0.095675896635986	0.400800628962144	30
0.000733545986746992	0.21852413214229	21
0.019261982122832	0.306595783923114	7
0.104143465654165	0.170681858358305	7
0.070560333007811	0.209571990801032	7
0.027288700095871	0.24743146349393	7
0.047124995326472	0.214436501732962	7
-0.104302966917749	0.509051577133114	7
-0.040400804022069	0.337889098490783	7
-0.022333557581422	0.134487452099993	7
-0.058226139038778	0.2474448038682	7
-0.01431351756032	0.307735734154478	7
0.038965793847959	0.290735342363576	3
0.095665439760496	0.272782101097923	3
-0.044320385498027	0.673587413541918	7
0.122020210926496	0.234892826257485	7
-0.039876557679556	0.337178111220777	7
-0.096377342752762	0.401877170623389	7
-0.051434563756978	0.333649315588505	7
-0.006971968737013	0.313258973270081	7
0.000539474908271997	0.147917281057297	7
-0.028476576594008	0.206406522529855	7
0.04988565063957	0.233963443786573	7
0.110295664471298	0.0398561976774745	43
-0.022478032238977	0.134552377386226	22
0.067149732159226	0.0943343972146475	8
-0.022575890878387	0.134611873496179	8
0.122142078261827	0.114346714861098	8
0.119584362462967	0.244938202088129	8
0.023022342884924	0.498342395797777	8
0.05217145563118	0.252293632084745	101
0.050292617034431	0.24437264094494	101
-0.049637754290612	0.199402762004695	101
-0.050955997008493	0.114002992802927	101
-0.05130788380924	0.114155707724385	8
0.077747764576079	0.0704621510143207	8
0.101929122639996	0.18089297386921	11
0.00163148956054401	0.330031070272539	11
0.107351702843349	0.159313396728928	11
0.008750329557079	0.226701006277807	11
0.069732170968336	0.220259259586901	11
0.093490831756064	0.148572143811805	11
0.065181309871941	0.139823905904776	11
-0.022333557581422	0.134487452099993	11
0.111508274088942	0.0395242008307689	15
0.064804870287343	0.140133303772381	9
-0.05780826348398	0.246998841407737	9
-0.058183902117578	0.247411086973662	9
-0.049595963173436	0.19940314615466	9
-0.085754528934316	0.245730645752198	9
0.09909070978383	1.05884090454855	21
0.085440779669862	0.914240405401601	21
0.106336345003047	0.577985824531999	21
0.07800734932778	0.798537625850667	21
0.117535966120241	0.579166123851661	21
0.035473850760509	1.04188597163781	21
0.048663685638357	0.8513991014693	21
-0.00258113433827301	1.06605250810947	21
0.118733242336815	0.398554185923232	21
0.116993534913764	0.471945471125903	21
0.108893305133472	0.501683610611136	21
0.079715282165356	0.538608304558355	21
0.029897256041605	0.761461283234384	21
-0.07630122320931	1.24261170787898	21
0.01222296694547	0.462539320210928	21
0.093441568247427	0.283910254581139	21
0.034100805570735	0.619582476732238	21
0.058047743884264	0.529042437303528	21
0.04142203221598	0.318216207425645	21
-0.00351543851814101	0.376062147291238	21
0.067830766650983	0.232413149277439	21
-0.111637101862773	0.577442710834481	133
0.103110770469622	0.172078054577806	133
-0.02404712118721	0.392839022391243	133
0.02720364680866	0.247578818215263	21
-0.083026896713045	0.329469032399546	133
-0.104884919877863	0.328400143871348	133
-0.000325272603381999	0.148456424274818	54
-0.085912849565885	0.24592842046532	21
-0.121946843369304	0.366069340434295	21
-0.04617303853859	0.293994380843501	21
0.063594693445878	0.113556644367664	54
-0.114158066217941	0.28982867164705	21
0.06461662336476	0.140281656625325	21
0.102089402011038	0.113005296853886	21
-0.06171328779703	0.289870406429271	21
0.062357887973375	0.128947045713597	21
-0.080492360585561	0.189703678604158	124
0.064950026709649	0.139993994682221	124
0.122603092857393	0.213005385042593	7
0.059585852871213	0.331465758441676	7
0.117918317043019	0.180997327313833	7
0.088457735720116	0.1886594678019	7
-0.080308134671469	0.473383680284509	7
0.033275637572572	0.350546538621706	7
0.048663505108928	0.351699600481754	7
-0.080186688547539	0.43792590952425	7
-0.024027824127625	0.349426019210968	7
-0.028464162277704	0.206423910146317	7
0.010131417571271	0.162519548165103	7
0.000345825761857987	0.14805291257855	7
0.116233423832646	0.0832257285933966	7
0.115374126011431	0.0838105155869475	7
0.009793972110345	0.225523317269312	7
0.010478912164186	0.224791093358235	7
-0.082251133100542	0.404585707577363	7
-0.051056826050713	0.114043873194428	8
0.110741291212149	0.0397553524568051	43
0.077444859861611	0.0705745974710687	43
0.105801065697601	0.304977066449442	8
-0.000436588024612994	0.219654154592335	101
-0.123091236242182	0.367532066605914	101
0.10233447303277	0.112814047100568	8
0.066564945894354	0.151043317821617	8
0.066932324952258	0.0944568537323945	8
0.022456634418273	0.17037378469606	8
-0.034067551480744	0.298731293292588	11
0.011825105813822	0.352928976385527	11
-0.059471426620516	0.411369739372163	11
0.026899067539839	0.247995430640287	11
-0.081914674434103	0.328048574788514	11
-0.0224417879611	0.301661359689088	11
-0.123874201560234	0.243441613393871	11
-0.022044616803678	0.134313553575837	11
-0.113441524448583	0.289182802989698	9
-0.058559607459159	0.247787454402326	9
-0.058226139038778	0.2474448038682	9
0.063090855645736	0.113872788212703	9
0.102446135817165	0.746922096778793	21
0.072930056320113	0.698839570873604	21
0.117618237494735	0.479425426026113	21
0.094591927841117	0.539997559613655	21
0.076406182470669	0.65098198394052	21
0.090012299523103	0.439033612778783	21
-0.039015679815784	0.671987853984613	21
0.044308953444043	0.322638008044371	21
0.090131508501424	0.268734077544058	21
0.100789476090264	0.189449385842524	133
-0.031720193831922	0.295666164516913	21
0.0172643316751	0.232229346774506	21
0.029746422870049	0.17999511301714	21
0.06889183844749	0.171270293857863	21
0.102536614204509	0.112648149822168	21
0.021497537951863	0.171129690168877	21
0.08820854781411	0.189018227578418	30
-0.121462033533666	0.47212562647928	30
-0.122724995893763	0.367076590373229	30
0.063603983705067	0.113547393716226	30
-0.052467259080811	0.11457564829848	124
0.100584993601884	0.225524852790525	7
0.021195375540361	0.316023195309965	7
0.093910744256178	0.221387398975967	7
-0.002109776374696	0.373496268680275	7
0.067489091757604	0.203792284541323	7
-0.093284590535639	0.436381553296588	7
-0.0149049085027	0.308594489145193	7
0.090908201158694	0.16003384821611	7
0.00351654386745301	0.389571602801915	7
0.036282691335609	0.188422983915534	7
-0.084775172630018	0.584357664245714	7
0.036865483611101	0.43851702171164	7
-0.00658214039323501	0.36722643720617	7
0.017139491749219	0.461505833208583	7
-0.019051231292753	0.475913462611346	7
-0.047504514252426	0.599761633555098	7
0.060221466913727	0.371627508428359	7
0.070102740429193	0.219713876512525	7
-0.093507624837537	0.436712809035818	7
0.08868165139697	0.180096656104789	7
0.000128439549547998	0.219119557576502	7
0.035440333970748	0.189253349100594	7
-0.028973259916903	0.206822872009292	7
-0.082932327275071	0.287608487474204	7
0.030513433636827	0.179280259716492	7
-0.039050097808186	0.251758676900308	7
-0.058956514383094	0.248126481289878	7
-0.027565462018901	0.205637034999288	7
0.11138395317179	0.0395681269987556	80
0.076828210067455	0.0708505061620851	43
0.076906675776854	0.0708228861667735	22
-0.022575890878387	0.134611873496179	43
0.036320579882209	0.449293217072069	8
0.112105897383847	0.28599212808036	8
0.121888020915354	0.239756322693743	8
-0.085867195422771	0.245914933527285	11
0.067846177222689	0.182896674580761	11
-0.054198483680737	0.452650934408454	11
-0.024769748010786	0.474491450628508	11
0.096509287140986	0.203176637707761	11
0.122668993990264	0.113820767902592	11
0.077669140239254	0.0704991966259504	9
0.11372673849895	1.37357141910237	21
0.097279384482943	1.07700406280547	21
0.043473125997316	1.16295669793806	21
0.08987353944464	0.473604496245304	21
0.053053813345969	0.696223427962597	21
0.069990673965046	0.555698311662454	21
-0.030941776608067	0.4731817139686	21
-0.054790036910472	0.37124528224492	21
-0.00710629806067098	0.36829849194386	21
0.063338227030819	0.113726725452198	133
0.092725867335928	0.158034240807088	133
0.010426249726101	0.162335407706025	54
-0.038730914553008	0.251426355447689	21
-0.122844460016353	0.2427719181186	21
-0.02243143272404	0.134532208149857	21
-0.028099671434405	0.206123441305219	21
-0.114805009560757	0.402270267346339	21
0.036693680013736	0.187992006831888	21
0.022644235534006	0.170201942958957	21
-0.036205885450468	0.379886758095272	21
0.016453868751097	0.233179214393221	21
-0.114151946579966	0.672903066087905	7
0.05651950876426	0.311669740147871	7
0.119766889467186	0.152480573475451	7
0.111259604014332	0.039591027620515	7
0.111259604014332	0.039591027620515	3
-0.122463298464792	0.242471644868516	7
0.112511338213454	0.300374920430981	7
0.058581776104009	0.437612474289562	7
0.00332286832954901	0.273692286911134	7
0.108898659435541	0.282442175716918	7
-0.060550287260779	0.823075842744982	7
0.020698715080655	0.531067826051398	7
-0.00793848041624301	0.314817880879324	7
0.077130680170143	0.0707032722249486	7
0.068240359246493	0.192721819937155	7
-0.045754992553654	0.293463823098906	7
-0.098457340064399	0.364148964709442	7
-0.046201504806483	0.377676835125939	7
-0.048438482129109	0.411806016395277	7
0.017308309371898	0.232175636230785	7
0.11106265674376	0.0396671757223606	43
0.116893353589232	0.0827413115339776	43
0.077287962253669	0.0706637074876884	22
-0.083209161024621	0.287970544526383	8
0.052205968118821	0.468980651909524	8
0.093995187446463	0.355869210941552	8
0.031314301976161	0.506289664150068	8
-0.050343154274001	0.49207345651307	101
0.106264103140117	0.0999985519043565	101
-0.046649616889004	0.294469307945927	101
-0.123225872522512	0.243007036015017	101
0.077669140239254	0.0704991966259504	101
0.021706072516085	0.171003552939741	11
0.06734848975686	0.161949120067753	11
0.01106694214844	0.441844826949437	11
0.018248803814775	0.36517835335952	11
0.108628911927432	0.187147021026148	15
0.106978707644024	0.159797187787724	11
-0.122932414347818	0.367318046151688	11
0.000826616566799998	0.147734590135752	15
-0.082024326695774	0.328269545902971	9
-0.028985876112102	0.206842080705569	9
-0.122710978863625	0.242645782142838	9
0.107776203544254	0.994359686863212	21
0.044159954179813	0.776078470810707	21
-0.03833033804977	1.14395146320344	21
0.024613428863432	0.650450965982467	21
0.017080689989669	0.851706598232103	21
-0.058195605474159	0.40925288550711	21
0.067724918892467	0.172533126729464	21
0.096078448565987	0.20384512916955	21
0.098255881171634	0.125856989272298	21
-0.100777408563896	0.647991031112922	21
0.037973705449826	0.281136247373909	133
0.088239877790475	0.180652662192448	133
-0.021946757622245	0.134275185027705	54
-0.000518223546680019	0.318654011727974	21
-0.080433392197757	0.189696029834789	21
0.121929066663943	0.114556658795301	21
-0.00771448904206501	0.314476098892346	30
-0.049976812809268	0.199695961940604	21
-0.058789704711324	0.247948614466637	21
0.089559328227083	0.170400154815236	21
0.11106265674376	0.0396671757223606	7
0.016040205668815	0.233700828237046	7
-0.00200521086206101	0.321143992560612	7
-0.09373679229181	0.47543525060716	7
-0.085934244324161	0.245932843508102	7
-0.083106565828082	0.368329486494423	7
-0.092276203049388	0.85421449131208	7
-0.01588634183181	0.602543860991565	7
0.06571873657213	0.412436399702616	7
0.068423837806222	0.447512179056093	7
0.091940235840594	0.305788270714925	7
0.069113274070865	0.181466221210164	7
0.068835601696892	0.17133049661302	7
0.091497530365256	0.232457523668912	7
-0.013502862433169	0.306514899417188	7
-0.058747485328019	0.247963473914146	7
0.06756131083982	0.0941065076698602	7
0.09983321383193	0.124420830551808	7
-0.027565462018901	0.205637034999288	7
0.065745834719192	0.139327471399549	7
-0.104282904209515	0.32764098298483	7
-0.067496515987877	0.368909331278555	7
0.12073775786297	0.26175468083142	8
-0.096992640313665	0.94490621205716	8
-0.104321267941005	0.933261974250404	8
-0.114221571242366	0.401401044644614	101
-0.069342441035205	0.406812858902652	101
0.001210605341433	0.1474564468985	101
-0.000355014414689991	0.219591654120524	11
-0.039435294438667	0.52656122590852	11
0.083029730311441	0.212991202591801	11
-0.047023683891368	0.45678830227161	11
0.076749648212665	0.0708623006217085	15
-0.021946757622245	0.134275185027705	15
0.115713562889498	0.0835762750014481	9
-0.051207197913351	0.114082475276051	9
-0.051207197913351	0.114082475276051	9
0.030396801759499	0.179381890674393	9
0.057627236690042	1.21477306924608	21
-0.015349031643344	1.76111242642089	21
0.078557196298485	0.479300257766105	21
0.062456394234358	0.544474300090569	21
0.092546203549872	0.335752610407884	21
-0.042601704050404	0.627650169360077	21
0.094243251785294	0.213839035531076	21
-0.012799788209744	0.572492030059828	21
0.081862287291571	0.44961143358982	21
-0.018724962222047	0.597960114698613	21
0.069132489611982	0.201741336318086	21
0.053039388950527	0.261290984108811	21
0.056966278018528	0.319597565620832	21
-0.065429316472668	0.652734159059922	21
0.086781018917189	0.199311086109445	133
0.106629747950089	0.196618199782511	133
0.069470107464749	0.19116501139333	133
0.062877527393493	0.128555647558065	133
0.00170035490717199	0.217474593036012	133
0.065598869338303	0.151898579120118	21
0.115174194519601	0.0839283243079701	54
-0.028269340568904	0.206268642627317	21
0.068528451737194	0.182140861831767	21
0.090028941306336	0.178311011449428	21
0.07024059985509	0.209988506611568	21
-0.081816139661481	0.328008184227772	21
-0.030701285285942	0.431425672075464	21
0.053463560275139	0.250313038345928	30
0.00170035490717199	0.217474593036012	21
-0.080531750478295	0.189739709538567	7
0.077130680170143	0.0707032722249486	7
-0.123492722482685	0.243239998259869	7
-0.00187316150040101	0.320840025933338	7
0.053502313633301	0.250249622217839	7
-0.121424130689905	0.572833365573041	3
0.010644835276667	0.342055850750475	7
-0.022044616803678	0.134313553575837	7
-0.000737709478405013	0.554559176113864	7
-0.039657560315529	0.336848506005901	7
0.059176787265728	0.428446888048757	7
-0.03341404136621	0.297991374436719	7
0.0688988695947	0.181714160477089	7
0.021563720366821	0.241210727823536	7
0.053700166858326	0.270277706541658	7
-0.033526807296712	0.298142572589099	7
-0.024752071283209	0.25699650481679	7
-0.065093743327652	0.330497529355908	7
0.035550271146457	0.189164198750947	7
-0.028269340568904	0.206268642627317	7
-0.113284453459869	0.289018330554539	7
-0.049976812809268	0.199695961940604	7
-0.062076789960408	0.290319849297881	7
-0.08317650626724	0.28780292415602	7
-0.051760517099524	0.114337551940054	80
0.077287962253669	0.0706637074876884	43
0.064249936229472	0.113101473355432	43
0.000299070608598989	0.148080019848136	8
0.02189373675348	0.170854451279576	8
0.01058494668197	0.162220283724955	8
-0.10881452026279	0.43587297079326	8
-0.051916118039823	0.691150207533947	8
0.104410158228777	0.291324678713193	8
0.079308746148801	0.258508837110005	8
-0.023229649899073	0.508907828363097	8
0.064826483304247	0.140114977779492	101
-0.113102216654575	0.288841595557394	101
0.008649862423904	0.226824125300104	101
0.029521170591843	0.257533775333367	101
-0.123235332324392	0.243065213858136	101
-0.05130788380924	0.114155707724385	101
-0.086296494865022	0.246254870434911	11
-0.000556898150436025	0.219778738107094	11
0.110050192129493	0.184977629054849	11
0.042634170471982	0.315938662871918	11
0.099631176245712	0.124613610547532	9
-0.080492360585561	0.189703678604158	9
0.051094025225999	0.581775924666457	21
-0.080338114565772	1.44475200820773	21
-0.00661592609093598	0.872765075875303	21
0.055532140627007	0.624354060529681	21
0.087267401580221	0.486040944255334	21
0.010729315714744	0.761293857602745	21
-0.069923397073212	1.08281052089152	21
-0.061180674608601	0.713736066978628	21
-0.01863162713355	0.398614089780898	21
-0.050425795613678	0.415281108474488	21
0.013251181770064	0.28910889228709	21
-0.083689636088833	0.514828374137681	133
0.099768191227998	0.183926959783449	133
-0.038730914553008	0.251426355447689	54
0.064126245577082	0.113165915307209	21
-0.011152186962401	0.211545080520693	21
0.096106389669414	0.203777225027053	21
-0.06113467228058	0.446339852117993	21
0.010947707408281	0.161941372487397	21
-0.00991983607459401	0.210339313842684	21
0.061975799371008	0.129233448667756	21
-0.027917396201814	0.205962223094542	21
0.008324836452867	0.281893752435672	124
0.067089527774118	0.0943819801836264	21
-0.123111493371038	0.242966235418229	21
-0.080216847495123	0.189563353167821	7
-0.047721092568416	0.530512760036693	7
0.100525410265059	0.189960370327371	7
0.030189025663367	0.256635705838833	7
0.092791190185442	0.157960038994693	7
0.12397108383305	0.140908621591245	7
-0.051376009547288	0.494271552535626	3
-0.05780826348398	0.246998841407737	7
-0.095792612557284	0.400979672592595	7
0.037637481247339	0.361944832240177	7
0.032692056061763	0.429945099088267	7
0.074453281697418	0.377050372186557	3
0.041382531675862	0.383341476853858	7
-0.049878033337088	0.33140429309183	7
0.057387516954945	0.301079769491192	7
0.10229167284661	0.112845708404804	7
0.11561390321007	0.0836504200965177	7
0.106942697232033	0.0995091883743052	7
-0.058350548305557	0.24756319655217	7
0.114854373153765	0.0841407851265303	7
-0.081865377578882	0.328039806769445	7
-0.09313943895346	0.474390323733349	7
0.043880909942545	0.206329124536967	7
-0.05130788380924	0.114155707724385	43
0.08569495001087	0.311725974692725	8
-0.046122864617811	0.293904246885737	101
-0.059623430918878	0.2487050417029	101
0.00000789580044899263	0.21925086169419	101
-0.050216861220768	0.199875123159404	101
-0.113975771269498	0.289671882443403	11
0.06756131083982	0.0941065076698602	11
0.040122854702569	0.299628063685942	11
-0.099818117908972	0.611106467646406	11
0.118697624268411	0.179791298086895	15
0.03820315633626	0.280752488661958	15
0.110741291212149	0.0397553524568051	9
-0.122453566160504	0.242448039725143	9
0.062327772764235	0.128977999072392	9
0.111579437481334	1.16627305453128	21
0.079177964483127	0.962075777676942	21
0.11929574401846	0.469261428155768	21
0.052093885367641	0.783088532250303	21
0.105681243425314	0.36960096186408	21
0.013059233761927	0.822786274104379	21
0.049994660433623	0.637758227993475	21
0.112515407026236	0.333712942270978	21
-0.097489820518263	0.639834654290333	21
-0.055163206507562	0.371819054414666	21
-0.115753529823156	0.50506196571598	21
0.051645321405089	0.493425240469374	21
0.108180101536815	0.289131268051187	21
0.037563889279651	0.281802181691682	21
0.00215340670820899	0.37901550090645	21
-0.039133313549912	0.336083647957635	21
0.056246917090546	0.303320324199493	133
-0.016274543416351	0.353495202944848	133
0.008649862423904	0.226824125300104	133
0.001210605341433	0.1474564468985	133
-0.104200804503169	0.327579752399386	133
-0.123883561867741	0.2434893279131	21
0.098739791014573	0.125390694769184	21
-0.058350548305557	0.24756319655217	21
0.001781559856639	0.21734127172539	21
0.065369502683914	0.139662895897511	21
-0.104994614099742	0.470722293782493	21
-0.024483642829883	0.256703111585679	21
0.063727616277926	0.113470545102492	21
-0.122453566160504	0.242448039725143	21
0.02189373675348	0.170854451279576	21
-0.022673798441114	0.134647807833755	124
0.06702943529801	0.0944154915212594	7
0.068004806743898	0.308605472678762	21
0.066739811872838	0.269862152235169	21
0.026229862508188	0.331195569799791	21
0.115737289787355	0.16417845446636	7
-0.080590886176117	0.189793828809921	3
-0.022673798441114	0.134647807833755	3
0.11138395317179	0.0395681269987556	3
0.01662417953133	0.233018695590884	7
-0.080581515387882	0.402032181276665	7
0.062849437113846	0.128576152867721	7
-0.049303606577037	0.698760530383409	7
-0.013715576293715	0.562025293025431	7
0.078960363045245	0.259123343242938	7
0.105778443458302	0.295066457975877	3
-0.067672039499809	0.36920114459229	3
-0.109645028057063	0.437134530775001	7
0.098747765715217	0.192659621016486	7
0.04895986206844	0.223818808174845	7
-0.045805054843179	0.29354928529882	7
0.011265128253768	0.161662180062301	7
0.0000586775736340084	0.148235683550258	7
-0.057974869900367	0.24715081944988	7
0.103982215151355	0.111401802039869	7
0.115554010789196	0.0836709149409788	7
-0.105125595228806	0.328681805835128	7
-0.05085522540367	0.113929791311759	43
0.084142424020501	0.203061200974194	8
-0.028226884848945	0.621139321089633	8
-0.070063347029679	0.676903895822278	8
0.102119397252537	0.180626655529584	8
-0.01662308103547	0.354094011034313	8
0.102898082445889	0.112348135284801	101
-0.080472504908821	0.189636140045256	101
-0.093365077686353	0.474796737662879	101
-0.05070511344484	0.113868586011911	50
0.111186925303284	0.0396232165072587	101
-0.013289572618031	0.262125882131686	11
0.119587464448842	0.152709908310532	11
-0.016477756578493	0.353859353309968	15
0.049654783274859	0.234277641501909	15
-0.052011923493779	0.114426137674261	9
-0.011555158455564	0.211933481136974	9
-0.113611126768052	0.289328089629152	9
-0.104322411371931	0.327726763570163	9
-0.079901828647139	0.189315386906608	9
0.075890121774585	0.939466087457163	21
0.114534998355576	0.557197553832439	21
0.113218324894629	0.543378734172503	21
0.100364761719123	0.311989551370928	21
0.079952087929635	0.377252980354954	21
-0.080758291640322	1.16394271669041	21
0.091658185122582	0.489794228706622	21
-0.015746302826346	1.04347773253877	21
0.04055961828902	0.705803339343746	21
-0.010845411250969	0.61209999513453	21
-0.11347907244379	0.289145532950789	21
0.030503904250928	0.622649991068438	21
-0.059033541168307	0.92166422365674	21
0.054743918350691	0.278211399142306	21
0.041299641728003	0.297494246137604	21
0.035120684534525	0.357102544662131	21
0.053685292425421	0.260109746400405	133
0.038561574086085	0.29139521129604	133
0.086839260646619	0.190974373346299	133
0.064638235399883	0.140267622068899	133
0.064971536985814	0.139992606998261	133
-0.04945514631655	0.199284680904651	133
0.098582032327563	0.125564725951629	54
0.065159746706177	0.139840043884462	54
0.06723947353711	0.162046068101607	21
0.096022054946659	0.137147633388364	21
-0.022843444676706	0.347670933448137	21
-0.082501000055375	0.328878243381173	21
0.106459458296587	0.0998432451803244	21
-0.104964464550516	0.328489243449985	21
-0.062642605172663	0.290961902890044	21
-0.080216847495123	0.189563353167821	21
0.068308501384424	0.171911270340255	7
0.037173520013374	0.447037975858847	21
0.109322755478126	0.186108863958786	7
0.121929066663943	0.114556658795301	7
0.091959601177289	0.158905401931594	7
-0.082888510903839	0.513191949871071	7
-0.115658805856106	0.403441533376826	7
-0.021848947526976	0.134213470671699	3
-0.113067138863049	0.540877402421139	7
0.064356544949238	0.416316949420809	7
-0.109536736563188	0.437037858703808	7
-0.076168697662319	0.765414269915766	3
0.01599689519558	0.233688605638185	3
-0.082857910245276	0.329236017184219	3
-0.09124168639431	0.644812831428788	7
0.10258238599902	0.221967627933075	7
-0.033796976478105	0.298454226660393	7
0.091631774422173	0.159276928638874	7
-0.04042633151852	0.253065136566392	7
0.107150451913188	0.0993673401350934	7
0.099549462526828	0.124674789504222	7
0.110617046663885	0.0397781881823515	80
-0.05085522540367	0.113929791311759	80
0.110419856553328	0.0398333964039841	83
-0.021415458528306	0.133918139150206	8
0.121910771849486	0.235161165803514	8
0.07580999523659	0.310382041559995	8
0.116018281553819	0.251021621648232	8
-0.000948034492171013	0.542843111547016	8
0.022602699826564	0.31369447236143	8
0.06607900857444	0.139040471279567	101
-0.106261537350414	0.473027833188664	101
-0.022673798441114	0.134647807833755	11
0.06702943529801	0.0944154915212594	11
0.078050209638925	0.0703285960960095	11
0.067464110052573	0.0941758280759728	11
0.062824638589064	0.128556760015184	11
0.116092795331912	0.223777434580289	11
-0.060588822046068	0.525307216338033	11
0.12413129183097	0.140699120546621	15
0.035690538600091	0.273149734681571	15
0.065116776113749	0.139840711165185	15
0.066931286812252	0.162352672678622	15
0.077366459194204	0.0706266937852931	15
0.000826616566799998	0.147734590135752	9
0.000894758724897998	0.218348799569101	9
0.07797136228438	0.0703563818212956	9
0.099476717745385	1.21400316993319	21
0.08257609567459	0.827864096387176	21
0.096534441495095	0.635464014317962	21
0.088066728194421	0.488722324413303	21
0.104115210866815	0.46903037353455	21
0.074081920761741	0.576202014405216	21
-0.12263374000094	0.366984807287824	21
0.069863991113807	0.533604905290773	21
0.100480020522927	0.389161137753649	21
0.079285913296326	0.463622018405597	21
0.009297225855911	0.657349782875501	21
0.016102452297112	0.357331273488755	21
-0.093956170504811	0.437488438449853	133
0.124494662610708	0.159875217956034	133
-0.00459082796134802	0.268247945232053	21
0.010222188948344	0.162483362670592	133
0.115134307407614	0.0839673653379408	133
0.063993392379971	0.113276482234153	133
0.067149732159226	0.0943343972146475	133
0.106980915079852	0.0994873690844118	21
-0.022091243109116	0.134354832803417	21
-0.082868094749565	0.329307871529372	21
0.029991997398499	0.179771394817543	21
-0.122228902047531	0.366447377730001	21
0.076681667763743	0.0708869259391728	21
0.107754481026834	0.285227945755335	21
0.124056395396029	0.160516446260793	7
-0.0704217103463	0.442786899646011	7
0.010630302153423	0.162181165434051	3
0.123905175667389	0.140990073645877	3
0.123839653729107	0.230932520637093	7
0.041229449185176	0.52154562947335	7
0.040955669614445	0.197020787930818	7
-0.044810658603511	0.292234808944833	7
-0.112203507349483	0.287827423304095	7
0.067953506923422	0.193056264543505	7
-0.052112495471293	0.114466940015057	83
-0.122723490374735	0.887555366631833	8
-0.020976504631898	0.59115861184166	8
0.087274462969492	0.335522618234537	8
-0.102057149623114	0.913338637719271	8
0.063594693445878	0.113556644367664	101
0.066403909970628	0.151193077110022	101
-0.082659833208289	0.329054238072356	101
-0.051509428217989	0.114203380422749	50
0.097233219489801	0.135924214752819	11
-0.04138122683117	0.462943130114539	15
0.102629638861436	0.179877210578511	15
-0.021713203203596	0.345764202926996	15
-0.025376040570026	0.257664447846525	15
0.103296598787099	0.220662058698574	15
-0.080000277640246	0.18942069044567	15
0.001835038287999	0.146965208125515	9
0.124828694048207	1.04154639319973	21
0.10286930741976	0.675555630278243	21
0.00132096107749699	1.2171534532107	21
0.066135830202681	0.937965419127788	21
0.060460205003228	0.394634424679965	21
0.096721947025374	0.501355882699387	21
0.00471001076259101	1.01344022497322	21
0.068812741774684	0.552959841087255	21
0.001851477498023	0.893389337227453	21
-0.053894647228251	1.15442813594371	21
0.116642381015339	0.260967217403871	21
0.116945688828645	0.126668893840773	21
0.106506064212008	0.319631868495632	21
-0.114165005989135	0.54310690475868	21
0.057453113618631	0.291959347453327	21
0.000284499598154991	0.429576775637066	21
-0.00237695885578898	0.321736128888809	133
0.027270732939783	0.247490226906731	21
0.115034334206965	0.0840269647877798	21
0.062302809205442	0.12897809695919	21
0.000729795165336999	0.147789290806825	21
0.00153915596093601	0.217649646280041	21
0.066713630308691	0.162530999537769	21
-0.086229479575169	0.246262004082091	21
-0.083974299824038	0.288787916609673	21
-0.051509428217989	0.114203380422749	21
0.021747962878096	0.170983213675606	21
-0.052055859386437	0.523616028495241	21
0.118033338162594	0.186293562126086	7
0.068834861539455	0.202128388238535	7
0.067354616023867	0.172916239374277	7
-0.02243143272404	0.134532208149857	3
-0.056417004573525	0.486860482680815	3
0.019811730962696	0.305727142901155	3
-0.124100103686063	0.674095408419801	7
0.100934096528368	0.38344254156834	7
0.040236537572227	0.465451754425064	7
0.036282691335609	0.188422983915534	7
0.014283442663347	0.753473900105103	7
0.021082479075606	0.714300651661053	3
0.049589286876662	0.234334242025755	3
-0.039572017153307	0.252254280187876	3
0.060096111580836	0.330351529534996	7
0.02176899474331	0.170951354094902	7
0.044507282945213	0.205539150105086	7
-0.123250028782709	0.367730184246601	7
-0.113284453459869	0.289018330554539	7
0.067246759682515	0.0942982306112401	7
-0.028960524186138	0.206778067063531	7
-0.08230833251752	0.367317212044775	7
0.09914753274584	0.12505179399869	7
0.035708965071925	0.189005333642041	7
0.036282691335609	0.188422983915534	7
0.066483966298568	0.151097831921735	7
-0.022380222512124	0.134456407532062	7
-0.051408627280488	0.114196567167764	43
0.010018119805697	0.162624868443072	43
-0.079901828647139	0.189315386906608	8
-0.0000848892720060057	0.148307880928239	8
0.109693452668914	0.149192367131229	8
-0.096278174464179	0.704078903754675	8
0.09752865847564	0.306140581810523	8
0.081857378772583	0.347004584853095	8
-0.06098310953374	0.713045297980394	8
0.099388135624318	0.124834602123123	8
-0.080157715643049	0.189518424818333	11
-0.052011923493779	0.114426137674261	50
-0.022575890878387	0.134611873496179	11
-0.009898548432412	0.411083425235507	15
0.079058137928168	0.251341668462094	15
0.06965588444267	0.201063273990465	15
0.097011022804778	0.202392014731089	15
-0.080246472795501	0.437866428120682	15
-0.04945514631655	0.199284680904651	15
0.110617046663885	0.0397781881823515	90
0.066437547377698	0.0947176722236257	9
0.112099465311841	1.1679711251927	21
0.12078011420895	0.801752326214334	21
0.106488644600514	0.697877580110299	21
0.121449992915224	0.354728914805245	21
0.038222822371207	0.360619094351755	21
0.014237825073535	0.519643500118829	21
0.024282386343543	0.851522647547317	21
0.091779492748054	0.54019863976234	21
-0.021300371514957	1.01285324845076	21
0.044895667626712	0.678780809659257	21
0.121679837382439	0.38657779620466	21
0.054255052567209	0.621482224644985	21
0.101386467443173	0.26882028908333	21
-0.082169766246891	0.735789894668405	21
0.06075445702985	0.438380843905857	21
-0.082788914085282	0.611428496559175	21
0.051826860691144	0.25268634213534	21
-0.048037582506472	0.458813785468668	21
-0.121444059985392	0.472171196544612	21
-0.104684162855223	0.328156891051407	133
0.067306906576961	0.0942595441750744	21
-0.086387788919509	0.246404983872412	21
0.091741055369245	0.159159571764721	21
0.035452349417678	0.189237602172651	21
0.093818019857085	0.148232551080253	21
-0.113808816306852	0.542290508006559	21
-0.036802764217122	0.380910615415817	21
0.107150451913188	0.0993673401350934	21
-0.02935037790652	0.207096463946758	21
-0.080000277640246	0.18942069044567	21
-0.122977964865057	0.242878747706938	21
-0.081122390794938	0.19003379276515	21
0.053814620250632	0.260054458017008	21
-0.118808416316953	0.73562555944855	21
0.119715094745287	0.152543529905521	7
-0.064342145991371	0.329566535233792	7
0.114727927548175	0.165555841100864	7
0.067404020697677	0.0942067543932056	3
-0.121883074749432	0.472891414700398	3
-0.081624574601656	0.366332486260395	7
0.068870371573003	0.494369895803875	7
0.078447119178691	0.454150370265989	7
0.00985561363616699	0.539044349111757	3
0.000249030531664002	0.148093375606031	7
0.047255761002864	0.214204101254922	7
0.065840554304334	0.151697632326437	7
0.0000586775736340084	0.148235683550258	7
-0.021415458528306	0.133918139150206	7
-0.032886776752465	0.297307964428367	7
0.021393590787142	0.17126643937334	7
0.010539579278	0.16224349199548	7
0.040844881139547	0.197119107154163	7
0.095760827290033	0.13740747630617	7
-0.014921833849948	0.30860347019959	7
0.090813649127473	0.168877188907624	7
0.110419856553328	0.0398333964039841	7
-0.051408627280488	0.114196567167764	83
0.11138395317179	0.0395681269987556	83
0.033719497072411	0.264085314448414	8
0.077800370716024	0.313412473762899	8
-0.00153320090255599	0.556912786720771	8
0.027486895404992	0.379395909787841	8
0.062327772764235	0.128977999072392	101
0.067139930181552	0.16215273270425	101
-0.028426201740457	0.206360771798105	11
-0.022478032238977	0.134552377386226	11
-0.05229262110451	0.114472815751697	11
-0.083772347614011	0.288579793874982	11
0.069506808730665	0.220589549598148	15
0.067838690448163	0.0939563331089012	15
-0.028464162277704	0.206423910146317	90
-0.113259206346688	0.288995615705207	90
0.063347430239236	0.11371260792063	90
0.123044617343252	1.01377735943094	21
0.120157051333216	0.750010255601799	21
0.028065869314021	0.934657717146006	21
0.087212504248287	0.868503202760957	21
0.051472972302654	0.447687907789163	21
0.080488490075711	0.704564948547539	21
0.068592037593235	0.383253701377598	21
-0.063331766206178	1.07712202407381	21
0.046869275439251	0.854593320659397	21
0.113454375608244	0.439120229968561	21
0.099370553012155	0.469619150566694	21
0.076712237446691	0.5011080861843	21
0.087177591629403	0.402937493293641	21
0.068258139620574	0.460750556356998	21
-0.035555563317771	0.797254762988038	21
-0.012152297302763	0.362206708502186	21
-0.024462160716662	0.550226931602031	21
-0.117382115425833	0.731736830093172	21
-0.120566891202874	0.470629729723678	21
-0.014361050312532	0.405544555505203	21
-0.043262232425213	0.420940281764188	21
0.035804377932514	0.188901357650998	21
-0.081610548771042	0.403676033372027	21
0.109023388617136	0.149975776942584	21
-0.050889875588039	0.332905224867671	133
0.077892419326973	0.0703684608142334	21
0.085166932632047	0.201636926001157	21
0.063471116970056	0.113640626783262	21
0.116093333289124	0.0833196897353597	21
0.116233423832646	0.0832257285933966	21
0.068313106275134	0.202780855344636	21
0.103100085012933	0.112176063409813	21
0.093818019857085	0.148232551080253	21
-0.014093944101339	0.307413450710553	21
0.081710102701093	0.239010514459329	21
-0.043683832179509	0.494708239454642	21
-0.052011923493779	0.114426137674261	21
-0.080374313460103	0.189661122443498	21
-0.068711794010689	0.584503597855678	21
-0.087215680533394	0.731329394334894	21
0.021403297187844	0.370277982725366	7
0.077837501670212	0.253446183973232	7
0.042518472701957	0.326115446860569	7
-0.081543697518934	0.403541836245081	7
0.067778604258213	0.0939842075375844	3
-0.055461290136796	0.372277318446625	3
0.110741291212149	0.0397553524568051	3
0.111508274088942	0.0395242008307689	3
0.021726988845641	0.171000412109928	3
0.123707687280524	0.226691364359768	7
0.016667594135194	0.232935375191575	3
0.003035205125659	0.390477248996811	7
-0.114816371465441	0.761328158668775	7
0.091106537073787	0.159878913147679	7
0.06702943529801	0.0944154915212594	7
0.065681290840153	0.139383420349145	7
0.068849884474892	0.191974765309883	7
-0.05153234604075	0.333799871450368	7
0.01085698504102	0.161964144671118	7
0.030237352066268	0.179519490234157	7
-0.062803963353885	0.291157976995208	7
0.119022558571958	0.153467598738467	7
-0.050519693473928	0.332381341428134	7
0.011355802079144	0.161613415181199	83
0.0000470993055020075	0.219127322581146	8
0.097151659433876	0.263470508829377	8
0.116706661966031	0.244705534549693	8
-0.048737817599651	0.629647833986434	8
-0.061415713290431	0.446778159644054	8
-0.011119197452014	0.211537302264436	8
0.107502401279229	0.0991035134167607	11
-0.050216861220768	0.199875123159404	11
-0.123111493371038	0.242966235418229	50
0.022331983246502	0.170434729765056	15
0.053879209142954	0.259936972690304	15
0.103231125248033	0.220778263163973	15
0.120779818196168	0.151099176293951	15
-0.02459332016005	0.256832700747948	15
-0.03341404136621	0.297991374436719	15
0.076828210067455	0.0708505061620851	90
-0.051408627280488	0.114196567167764	90
0.096865195785703	0.136305964910539	90
0.010426249726101	0.162335407706025	9
0.063984094229248	0.113295491069645	9
-0.086342135333983	0.24634374920067	9
0.115654036304429	0.0836179024880272	90
0.096329567379317	0.714817666277672	21
0.069541860252356	0.180960346316559	21
0.060341163238852	0.387154443926234	21
0.116029120990512	0.335866306891775	21
0.094341126306263	0.288046600398941	21
0.023107246844142	0.312849375330391	21
-0.00594885081985402	0.41678165038257	21
-0.112043479400742	0.538800225746923	21
0.090615444861528	0.24761414091516	21
-0.06997792378932	0.587583085721903	21
-0.010174854800007	0.358789617501992	21
0.113314430810293	0.137747685352995	21
-0.012800984321116	0.363312815456513	21
-0.084176318899615	0.288987578674159	21
0.098136013213731	0.125970414682413	133
0.067306906576961	0.0942595441750744	133
-0.121938809535006	0.242016796759973	21
0.037057588398601	0.187596790849367	21
-0.049595963173436	0.19940314615466	21
0.033785743004677	0.263969968603397	21
-0.109623644860555	0.437197700613792	21
0.091325524741184	0.159638482393351	21
-0.081051347755023	0.474818155511457	21
-0.117817724476714	0.644362618954135	21
0.057533288253407	0.318443926406085	21
-0.049595963173436	0.19940314615466	21
0.000779890344411005	0.147746983609416	21
0.051224648257069	0.264088020319758	21
-0.099561715534441	0.760268131698644	21
0.121192312528963	0.29419760177085	21
-0.023643401000296	0.510034236364703	21
-0.06280661492301	0.55917800215657	7
-0.024671588508142	0.435197742724238	7
0.098379725511056	0.125748465330707	7
0.048170098612951	0.352759923345289	3
0.04311753744521	0.583282134525542	3
-0.014921833849948	0.30860347019959	3
0.098148210566194	0.328336813859779	3
-0.044414479931627	0.990964287689214	3
0.025788222578474	0.509897301488925	3
-0.122339630190652	0.242337181124196	7
-0.082183246808149	0.328485629121857	7
-0.079567062871245	0.189102748087155	7
-0.00422039890632803	0.2677669185127	7
0.117760679819053	0.125758781842418	7
0.10732002308602	0.0992423074798941	7
0.036329715666637	0.188375409886179	7
0.115374126011431	0.0838105155869475	7
0.039902187405805	0.198158935666948	7
-0.105447748668601	0.329020906923907	7
0.02232596895236	0.240297918771295	7
-0.086862694111642	0.246731407407867	7
0.022852019750061	0.239618431138607	8
-0.057810634990161	0.408544339068862	8
0.043366105230745	0.415877888290245	8
0.124792396958966	0.208626731621277	8
-0.012827270210537	0.489271149546119	8
-0.122836286997899	0.367239060622387	101
0.041592720597735	0.196279606401921	8
0.050998559303718	0.24322742245779	8
0.09376134756708	0.148294363141245	15
0.12486147897361	0.139752405367302	15
0.068684390779228	0.181958821375353	15
-0.00650741470104399	0.452530488821386	15
0.091568036862273	0.225340464341503	15
-0.112236500801007	0.539141168133921	15
0.06698117426494	0.162307885365839	15
0.002579318136679	0.274707428775462	15
-0.084463716985162	0.289184923659914	15
-0.052011923493779	0.114426137674261	90
-0.010833506523452	0.211275303653512	90
-0.038571277067076	0.251243514626896	9
0.095206113023537	1.13553191232423	21
0.122509102710146	0.954517473719863	21
0.094260598386336	1.17999071316181	21
0.122424975787722	0.440511102597278	21
0.048006684191958	0.724053215841328	21
0.037967446531572	0.810215477945634	21
0.01845345190587	0.364662648220895	21
0.081879815222993	0.404020353446171	21
0.093420506456088	0.441340621863563	21
0.028769408803901	0.760554565367967	21
-0.018470339919749	0.398287545836485	21
-0.08871159912572	0.703510860899136	21
-0.060112658967525	0.552545084487584	21
-0.118578577095224	0.607068469833375	21
0.067519854888444	0.268569165321254	21
0.085329188909287	0.209554662784549	21
0.017206657570974	0.296759952607769	21
0.069050732515942	0.239693727046313	21
0.01022073029645	0.225111753388348	21
-0.021946757622245	0.134275185027705	21
0.063860515934769	0.113377323003526	21
0.0990655881031	0.12514049313332	21
0.05321236846565	0.240101875519218	21
-0.022870564329357	0.302298816178691	21
0.020832262478472	0.304047302751467	21
-0.110801126878647	0.575639677826417	21
0.067737167065483	0.259578868685054	21
-0.099888148852525	0.366165591348851	21
0.10229167284661	0.112845708404804	21
-0.113705023720897	0.671711647261199	21
0.00139408846842301	0.60065595725468	21
0.045005245259752	0.32125964596935	7
0.00967327841676199	0.487840326010303	7
0.103972809151392	0.213384874760841	7
0.050063996423111	0.375954785969729	7
-0.069506851008807	0.586426169728938	7
0.068469203014608	0.291450551308457	7
-0.082675553565577	0.44211053188277	7
0.051374929500242	0.231889029967995	7
0.047299784548635	0.214231319697123	7
-0.10010067070011	0.366434657236932	7
0.111186925303284	0.0396232165072587	3
0.016077284157794	0.357401943918509	3
0.065702753225099	0.139375634354003	3
0.067824938035659	0.16144995624048	3
0.00451207464279799	0.623134171848252	3
0.089397414521078	0.39598624800723	3
0.0921963969292	0.371698621467209	3
0.112058333247445	0.17569519531866	7
-0.069417704290746	0.406921874108226	7
0.063984094229248	0.113295491069645	7
0.10063879416663	0.182729681483016	7
-0.000516094429092007	0.219728592690948	7
0.035244553782597	0.189429597643511	7
-0.039093367480434	0.251808898731318	7
0.066202778682612	0.151375375307324	7
-0.052331477797243	0.334838247792942	7
0.067666093001774	0.161621962748306	7
-0.051408627280488	0.114196567167764	83
-0.081181477038761	0.190104822937494	83
0.103947491960196	0.292428394395793	8
0.00148462073849001	0.517081173753905	8
-0.111387984808078	0.787205456541622	8
0.051565128945041	0.263572345766805	8
0.03575781073953	0.188958167650332	8
0.077209369194292	0.0706913846673543	11
-0.08372991827601	0.288516100121342	11
-0.00749055196111098	0.314129365110498	15
0.016881242654013	0.232686846195487	15
-0.113615927548982	0.542033651518529	15
0.068683955993464	0.212176244264099	15
0.061019166954666	0.35348331127975	9
0.093995393840782	0.227994066457453	9
0.120407543725316	0.151601893797964	9
0.00106702885839699	0.147564346923324	15
0.06768148630112	0.0940477132535558	9
0.000289662224854992	0.218944075420523	90
-0.00536674146257599	1.77542688160948	21
0.018756695984632	1.22292665849922	21
0.039013258836796	0.864397752239614	21
-0.06181342214903	0.878143442282818	21
0.082561222592424	0.5073447893667	21
0.046212529375033	0.720631232939626	21
-0.052129016970743	0.797891137010075	21
0.035307708811403	0.452001913266836	21
0.017464070687689	0.366745632453871	21
-0.015243123749795	0.517347379813658	21
-0.00257312967756401	0.423010475708504	21
0.042992503611845	0.315258101865472	21
0.022170207333325	0.240488950012066	21
-0.082238910398319	0.477225217093181	133
0.069507006673351	0.201254258690807	133
-0.103336520064238	0.507406987133234	21
0.103611695049255	0.171370293324384	21
-0.030256419875081	0.387246538558441	21
-0.072309770842108	0.479676975427354	21
-0.011450185082679	0.259740137454053	21
0.067730353348786	0.149916435069097	21
0.070404582738791	0.190023489627254	21
0.1134671309199	0.137577428130173	21
0.000169043836038996	0.21909331377389	21
-0.086999732958113	0.24691407661681	21
0.102770083043593	0.112424651891105	21
-0.009898117294381	0.210290115291	21
0.079197913460746	0.266181557346627	21
-0.061742976649745	0.715435310765949	7
-0.061364372699089	0.446784102992592	7
0.099821389926702	0.191044446232521	7
-0.05186123248638	0.114344294945834	94
0.005633238267956	0.385249458341477	3
0.039365343871023	0.198732290815392	3
0.087590799900461	0.28764945685975	3
0.11777313733874	0.210147532386694	3
0.01681450338109	0.462321492571183	3
-0.062399529735809	0.290724208906625	7
0.121929066663943	0.114556658795301	7
0.068132460575879	0.161155760246022	7
0.000894758724897998	0.218348799569101	7
-0.046651664683899	0.294416434505946	7
0.00358626409979601	0.273234502078858	7
-0.050034875717803	0.199689431018485	7
-0.05130788380924	0.114155707724385	43
-0.021704448369369	0.134133840380632	83
-0.086342135333983	0.24634374920067	8
-0.076324592187659	0.552898162590312	8
0.00935180547984199	0.500139344307098	8
0.061249602015993	0.37695554747295	8
-0.04972475204316	0.700163780391415	8
-0.039551970237965	0.336672072022939	101
0.043880909942545	0.206329124536967	8
0.00985943419421201	0.162729266655973	8
0.063851138491933	0.113381586910251	11
0.022790104914497	0.170056440440442	11
0.068151607469472	0.172077088016171	15
-0.00838396213665899	0.31545130499337	15
-0.00198532792985501	0.373117884874446	15
0.092153829799767	0.224369603671703	15
-0.107945034590675	0.643649866816344	15
0.067306299490287	0.268951482968175	9
0.113247999057791	0.137827184314604	9
-0.12335928562248	0.243133184079014	9
0.103737952409487	0.111605500681502	90
0.096808121829957	0.136279212039567	90
-0.061793521474675	0.290017388203382	90
0.022269017631351	0.170539627623677	9
-0.09477618928583	2.12687896554529	21
0.039167281910117	0.882185027675394	21
0.123180740542544	0.349971476635757	21
0.038221922278573	0.732015517368249	21
0.113358692320113	0.358814096465205	21
0.046800983431404	0.660899600743706	21
-0.057944700095079	0.991444576907544	21
0.00793595060060001	0.715956084300092	21
0.045604134982999	0.681567629361692	21
0.00301016128089099	0.697264634981638	21
0.0894533435261	0.449772701808239	21
0.048326634812511	0.3430496134892	21
-0.041183317201928	0.531195914359449	21
0.11989878858907	0.274141038977922	21
0.105929416687268	0.277253033099281	21
-0.018934028408569	0.438303275424552	21
0.079419195215153	0.242926628899642	21
-0.113104267823609	0.541022001043223	133
0.046357613249064	0.215365382632536	133
0.06647789877256	0.261722201605552	133
-0.049644224308612	0.414016717585043	133
0.016355417108646	0.356861874563604	133
-0.084094726681024	0.515538569006832	21
0.068082325379472	0.172091590857241	21
0.022245582585902	0.240297682938002	21
-0.029297931407882	0.385532616708378	21
-0.00067234734744398	0.384527831146622	21
0.050105916380932	0.233670190557951	21
0.100544679656918	0.231830718185274	21
-0.072318973776791	0.479560931380751	21
0.091708919305632	0.167747779412097	21
0.087050704233341	0.190670782138955	21
0.039603963560784	0.289624675835459	21
0.010983350313	0.495759149725948	7
0.027610531549809	0.449198196396342	7
-0.023697048200506	0.54806955883804	7
0.116057338704233	0.163729644606061	7
0.082399987775809	0.230058794804844	7
-0.069905169262257	0.441831296683198	7
-0.104924671202833	0.328456763531471	94
0.11106265674376	0.0396671757223606	94
0.077287962253669	0.0706637074876884	3
-0.096280252485372	0.40166432277516	3
-0.00282860320595402	0.322437453384292	7
0.090661649976347	0.169061348329436	7
0.068411095764753	0.182251094535267	7
-0.046643369760671	0.294557966849721	7
-0.092383195133029	0.472931053805714	7
0.049482423196893	0.223129237336575	7
0.066162604740977	0.151403961806655	7
-0.080216847495123	0.189563353167821	7
0.01049419980735	0.162250629827356	43
0.000586215491743008	0.147897284378335	43
0.063285510783557	0.128219229515723	83
0.080870192631976	0.24044761118169	8
-0.091153951958175	0.742980115032006	8
0.034118301398622	0.488673333430914	8
0.022073083323447	0.240572185136625	8
0.066796212101248	0.278239013466294	8
0.09376134756708	0.148294363141245	8
-0.113454156075754	0.289197208331101	11
0.062404071095612	0.128890864681717	11
0.092901238952441	0.157764131611063	15
0.101235027854446	0.218080127256255	15
0.079416638156201	0.250710415046642	15
-0.022778295474291	0.302232673104772	9
-0.010237675035324	0.210615726324226	15
0.115234131327121	0.0838998473119463	15
-0.104845210343142	0.328318407422513	9
0.030556282223395	0.179236276714058	9
-0.01281838186473	0.261598152460654	9
-0.08740774148591	0.247204147996319	9
0.092425322809874	1.15343097094883	21
0.085386000347488	1.13045507472348	21
-0.096514405900577	1.35972158521854	21
0.07242807378152	0.653187994396365	21
0.085291814321597	0.412045600832826	21
0.046150244858289	0.757606989745461	21
0.104544664129806	0.363182833494934	21
0.056469583268924	0.302901069378659	21
0.023402287657813	0.377336340948767	21
0.115035173668637	0.196808167930514	21
-0.11765605732783	0.732508440359527	21
0.085205402021877	0.201578436628069	21
0.014130937273933	0.287777757715252	133
0.119856454333739	0.152358577949069	133
-0.120586546051141	0.611384113483393	133
-0.061275178210304	0.446564892776742	21
0.099287306705399	0.1918299791458	21
-0.00463177153366301	0.268299234820526	21
-0.023069548655929	0.348035878730922	21
-0.023342785474038	0.391529029332612	21
-0.05134977347414	0.446923239414543	21
-0.034264150205414	0.464361643168831	21
0.118560819449307	0.154074068592674	21
0.048288288201831	0.224707742102165	21
0.027575359553221	0.247060577374895	21
0.069205754106151	0.170912182872014	21
0.089359624888457	0.179163967799852	21
0.051763418787921	0.242176373722628	21
-0.023150029897208	0.302734239067344	21
-0.100470456931282	0.366905058586856	21
-0.01483726978014	0.308503846675107	21
0.0000538413794030079	0.383142324522143	21
-0.083329204745652	0.443203563745266	21
-0.089413115366319	0.672679264279648	7
0.107853854907414	0.188247820859643	7
-0.050955997008493	0.114002992802927	7
-0.012876766110827	0.402500497374029	3
-0.05345942850324	0.451216168118266	3
0.077859703277925	0.245423852311298	3
0.12418290289081	0.140618172347791	7
-0.00793848041624301	0.314817880879324	7
0.096548866531459	0.136607776199611	7
-0.012448619389553	0.261133335262131	7
-0.113089601171979	0.288833281039867	7
-0.057662725181165	0.246867679689734	7
0.107150451913188	0.0993673401350934	7
0.009644469173136	0.225764909855716	7
0.000586215491743008	0.147897284378335	7
0.061975799371008	0.129233448667756	43
0.06702943529801	0.0944154915212594	43
0.00020224925380799	0.148149855464518	43
0.067306906576961	0.0942595441750744	83
0.000299070608598989	0.148080019848136	83
-0.114805009560757	0.402270267346339	8
0.100236818944407	0.183201442890242	8
0.109322755478126	0.186108863958786	8
-0.034720578231873	0.377179167333199	8
-0.046064329282143	0.293871557610619	8
0.00222734252983001	0.275152726839815	8
0.10732002308602	0.0992423074798941	8
-0.028112190338071	0.206120824317246	8
-0.028269340568904	0.206268642627317	11
-0.027917396201814	0.205962223094542	11
0.099469926336825	0.124764207940941	15
0.121300162952817	0.170186785604369	15
-0.00297452752225402	0.322664529387672	15
-0.065452282531902	0.331026297543003	9
0.067367165135008	0.0942062196459374	15
0.030194433054276	0.179579201372842	9
0.04631590784356	0.215452659724074	9
0.096287842336911	0.136890835478377	9
0.095255802731915	0.796562233163446	21
0.112634920849332	0.588638379426726	21
0.000992560350938004	1.44617887798769	21
0.02129326536547	0.938550029642409	21
0.087723615766059	0.577998440539733	21
-0.078792091158029	0.860736460681594	21
-0.041635263911343	0.742128244305724	21
0.075247076920134	0.374839967566786	21
-0.040277083212499	0.596048513445341	21
-0.083369536659808	0.580775736094102	21
-0.00312045636358699	0.322883843841595	21
0.068193691407244	0.291998168343151	21
-0.124434776648671	0.67479798756364	21
0.033218711306187	0.350693229910142	21
0.068679254413196	0.192195311602792	21
0.046959242253605	0.336504000955242	21
0.018470791880209	0.364745593210291	21
-0.023717638899063	0.303517861482245	21
-0.105326604831833	0.328897929477488	21
-0.011480268341829	0.211876067631524	21
0.018701508079013	0.307449356145427	21
0.02693352403698	0.329976344233543	21
0.107591459311195	0.15898612812751	21
-0.035624254843076	0.424252790814786	21
-0.042353555250363	0.419387187377679	21
0.013037497252202	0.28932624203559	21
-0.082522145221719	0.367592688671656	21
0.099429053058505	0.12480321953694	21
0.00113652180773999	0.218098959626708	21
0.117316110880799	0.126277222831494	21
0.069747101657047	0.220197926572255	21
-0.08659176112135	0.246584127201005	21
0.015103517352506	0.466758375247366	21
-0.091217913280076	0.677635413993109	7
-0.121284393797081	0.572534643180438	7
-0.025735087022704	0.437355551781444	7
-0.050091846205486	0.331737509203476	7
-0.02722607940465	0.205287754610509	7
-0.05186123248638	0.114344294945834	7
-0.065081012087901	0.485527620932811	3
0.079822300758292	0.279751647585403	3
-0.064570097322678	0.778890897592059	3
-0.082679465678507	0.706048525385562	3
-0.119292944068505	0.736948884520193	3
-0.078563160574227	0.6824136720411	3
-0.010736765644294	0.412863306304488	162
-0.082927554741458	0.405592746344356	7
0.107150451913188	0.0993673401350934	7
0.115094110341411	0.0839839650241291	7
0.07029936449573	0.190175861785061	7
0.030065511249636	0.179680639907435	7
-0.08108650834401	0.402873550586597	8
-0.02845162837745	0.206422562975268	8
0.114234849519635	0.0845215343467014	8
-0.058768622407733	0.24796649465637	11
-0.099463336431899	0.365602703761314	15
0.069732170968336	0.220259259586901	15
0.066950028747221	0.278010264176152	15
0.08027013994311	0.249210907390315	15
0.105957936618689	0.197675472150259	15
0.117530258866823	0.126049598201035	9
0.086742642673576	0.199360521055214	9
-0.110370093299199	0.574573844038202	9
-0.123502345053967	0.243216423094489	15
0.065369502683914	0.139662895897511	9
-0.082133955307834	0.328427036751017	9
0.089558302916305	0.692951342077793	21
0.035597233555747	1.265412323018	21
0.099269983659339	0.739815077814699	21
0.056426991327062	0.836698852621971	21
-0.025279070994213	1.44561172559918	21
0.119726768713404	0.445393901719826	21
0.010383884921581	0.342566441697228	21
0.027165019079495	0.73057886646505	21
0.116600289600129	0.188709128223107	21
0.108883153803655	0.259937833182813	21
0.059533503236481	0.365224076648714	21
-0.119938440177753	0.914247495783837	21
-0.097274077882087	0.706779190655296	21
-0.068694664234405	0.554826358947368	21
0.099549462526828	0.124674789504222	21
-0.040905783123458	0.338636055727494	133
-0.013512717694615	0.26242738251452	133
-0.083007413616749	0.287735937693064	21
0.010636450141371	0.278406186647208	21
-0.040143227884067	0.337538493364892	21
0.100820008068498	0.231327296456876	21
0.00885892950998399	0.226609351869021	21
0.0316829111288	0.254455019525783	21
0.121439075849251	0.169970848567587	21
0.078448376883102	0.28999895543414	21
-0.00245316251616401	0.265322540974931	21
-0.04935595778021	0.199206631293255	21
-0.021802274974299	0.134180973455966	21
0.063035353453265	0.128429980063374	21
0.00996223494710299	0.225402077327059	21
-0.010567693727901	0.497333551679345	7
-0.005105917192608	0.462690424485454	7
0.104343358026008	0.250956181047791	7
0.089479453902256	0.249740985459881	7
0.068283503488482	0.240849263436841	7
-0.113259206346688	0.288995615705207	7
-0.067321389043521	0.368758142650678	7
-0.051408627280488	0.114196567167764	7
0.081566835029134	0.231438552624865	3
0.021096127495313	0.472679244773488	3
-0.096775729223338	0.881795232091506	3
-0.023814636587071	0.34919115513474	3
0.046238793908065	0.459891453392528	3
0.086207056137758	0.338229459500328	3
-0.064416802031731	0.484102354706646	162
-0.11364887249509	0.289341668191299	7
0.088662784292147	0.171443772209844	7
0.016894155703394	0.232677358572608	7
0.108011226355835	0.0987004483926664	7
-0.046064329282143	0.293871557610619	7
-0.011077060461499	0.211513029561762	7
-0.01179905163358	0.212167229288823	7
-0.013243921329417	0.262121399206364	7
-0.095948501355473	0.401234166420109	7
-0.10513757561481	0.510515490825643	7
0.035176849247105	0.273925464857952	7
0.00020224925380799	0.148149855464518	7
0.021935636454999	0.17082293741555	43
-0.022575890878387	0.134611873496179	43
0.013756296771299	0.548422213739433	8
0.086934515491122	0.342461543443024	8
0.090824454517957	0.260646819575052	8
0.039600439654984	0.300531569039412	8
-0.083340376463313	0.64456998023574	8
-0.08220890192752	0.367137299162365	8
-0.084623263171135	0.28936628081625	8
0.01022073029645	0.225111753388348	8
-0.031436733086594	0.343360831138519	8
-0.083410975027359	0.288195912287778	11
0.017791394324371	0.231573865986069	15
-0.045537200062467	0.293195038736248	15
0.007332297107462	0.39453483528059	15
-0.10115552245516	0.614249439730315	15
0.116015545504705	0.163779639095764	15
0.091855738119531	0.231831310893865	9
-0.023060613682091	0.134831755755468	9
-0.0000381306960159922	0.14829839657631	9
-0.087158026580886	0.247041812441982	9
-0.049653980091881	0.199367850314518	9
0.116895577112036	1.42324619248536	21
-0.00300734483764897	2.38988952446711	21
0.121889708422023	0.402498509667667	21
0.094365246189799	0.407834092342315	21
-0.015380390819974	0.445136130616286	21
-0.05489239656363	0.657527943698199	21
0.015821605597279	0.766077821172796	21
-0.028879642588435	1.10063921431268	21
0.045203221423968	0.676771605051605	21
0.081694743348261	0.246624731567971	21
0.091787592295609	0.231947211145701	21
-0.055151170506156	0.558432823522819	21
0.00582711283954901	0.441942328569265	21
-0.020315105320143	0.478897123048704	21
0.022081385100746	0.170699802805938	21
0.065283557349721	0.139680466684637	21
-0.059086106585956	0.410733874101308	21
-0.015482540582749	0.407732305883739	21
-0.124168338445493	0.674161658187134	21
-0.097635208261336	0.640237345918068	21
-0.097059316474126	0.402871501902717	21
0.036453288103871	0.188176824529096	21
-0.010397192385932	0.210810185536492	21
-0.066140498239056	0.366981859118731	21
0.010743647532768	0.162095570844531	21
-0.05085522540367	0.113929791311759	21
0.077287962253669	0.0706637074876884	21
0.052524549756306	0.49799478561546	7
-0.015849648187294	0.660580749523239	7
-0.113358195628538	0.670853014407573	7
-0.052681168809977	0.65068295440342	7
0.068444062406183	0.222112495344127	7
-0.053225010270211	0.45076311248738	7
0.046471172442367	0.327953596855288	7
0.01058494668197	0.162220283724955	7
-0.027722357681943	0.205760981955521	7
-0.01179905163358	0.212167229288823	7
0.110865507306074	0.0397113788160752	3
0.115473867814773	0.0837397579827644	3
-0.039774942588268	0.252458272464419	3
-0.076696662200489	0.897594081861012	3
0.123470154714531	0.270669808349083	3
-0.046223272017415	0.294066023166342	162
0.068835601696892	0.17133049661302	162
-0.047250343711677	0.625264752020388	3
0.00249268839705299	0.274795234383003	3
-0.058205048148279	0.247438526576831	7
0.06660495554814	0.151006922138021	7
0.010539579278	0.16224349199548	7
0.048512201174442	0.224415020132777	7
-0.015946519892053	0.310026771403299	7
0.09670631944052	0.136467021510729	7
-0.082907577906658	0.329227456924707	7
0.106785686880605	0.0996352026838169	7
-0.049976812809268	0.199695961940604	7
-0.081724230176521	0.366522563322871	7
0.095652413405143	0.137511930756481	7
-0.021751186505207	0.13412590863609	7
0.077669140239254	0.0704991966259504	83
0.063727616277926	0.113470545102492	8
0.054358733193064	0.278955458151743	8
-0.00357087220039498	0.635009929235879	8
0.02358426523127	0.506467943041989	8
0.100890069298229	0.310638321349308	8
-0.054943492133399	0.75167584290415	8
0.086429143808695	0.276342815779198	8
-0.110432491089288	0.5748286937804	8
-0.068148510545633	0.40479936738567	8
-0.0000381306960159922	0.14829839657631	8
-0.122453566160504	0.242448039725143	8
-0.022333557581422	0.134487452099993	11
0.067983812022292	0.161272034505	15
0.095148487859841	0.267655858420598	15
0.084193527034078	0.202994680100492	15
-0.00185926158244898	0.320902010416412	15
0.02281093391244	0.170047842544254	15
0.084653078448509	0.218506214185101	9
-0.039209643599338	0.25190755836314	9
-0.021462158069	0.133981374578208	9
-0.122587081353577	0.242574156802219	9
0.022790104914497	0.170056440440442	9
0.115473867814773	0.0837397579827644	15
0.111259604014332	0.039591027620515	9
-0.122269835287666	0.366519763462351	9
0.010426249726101	0.162335407706025	9
0.011106415890617	0.161807118362011	9
-0.014975458103543	0.308675526336778	9
0.062765874515505	0.128621390220165	9
-0.023828593863886	2.0729626289565	21
0.111485628732362	0.406650327681858	21
0.039333154301364	0.786070072135157	21
-0.058837373138121	1.60322187537645	21
0.099429053058505	0.12480321953694	21
0.00273209759623899	0.274503015902274	21
-0.06960020005828	0.441266469454243	21
-0.00322556891674503	0.779741967787954	21
0.12238094239184	0.238635125938662	21
0.068731145562628	0.274690464557247	21
0.067778597503889	0.21336778356513	21
0.044094646187732	0.206076792593754	21
0.036408364241419	0.283653699844456	21
0.033920186018944	0.359570457272325	21
0.124296501054972	0.188109391256542	21
0.097844725543635	0.201064927872586	21
0.115374126011431	0.0838105155869475	21
0.000779890344411005	0.147746983609416	21
0.116513526089213	0.0830234333079201	21
0.096281121179166	0.136846637181739	21
0.02101812352648	0.171559118601694	21
-0.112919961608702	0.288654560201593	21
-0.064191834117083	0.620398296436301	21
-0.099888148852525	0.366165591348851	21
0.067715755072967	0.161581128756247	21
0.099551596188748	0.191444756960737	21
0.045593114143518	0.216341626136436	21
0.115134307407614	0.0839673653379408	21
-0.029573326629515	0.340547906379152	21
-0.028928142991411	0.468666590794181	21
0.029445817020297	0.257661046599945	21
-0.050806085130586	0.113875559395298	21
0.077287962253669	0.0706637074876884	21
-0.021848947526976	0.134213470671699	21
-0.105366369823338	0.791082840496382	7
0.042565780105841	0.316079313867252	7
0.020450720621059	0.304641657885144	7
-0.010875556637409	0.211322122167181	7
-0.060522122991257	0.445210369235364	3
0.081746303458388	0.450037062633271	3
0.108745416272906	0.361316980775186	3
0.08881209151955	0.171257817097512	3
0.065181309871941	0.139823905904776	3
0.070346192605782	0.415373390643148	3
-0.118451812603386	0.734683113808486	162
-0.050117641374031	0.199786871364937	3
0.062133007925535	0.12911317257562	7
0.105779653369005	0.16131728172153	7
-0.030701285285942	0.431425672075464	7
-0.105669168892982	0.471909841310907	7
-0.011555158455564	0.211933481136974	7
0.00222403861711601	0.216862479086138	7
0.064471632315133	0.140394930581979	7
0.001307452238266	0.147385274496048	7
0.000826616566799998	0.147734590135752	7
-0.00573682717470397	0.365864291001958	7
-0.052565106292815	0.114581124956745	7
0.11106265674376	0.0396671757223606	7
-0.049976812809268	0.199695961940604	83
0.083661637296719	0.227916265228137	8
0.041977020720331	0.391578637086334	8
-0.102095305979532	0.543258714872857	8
-0.02459332016005	0.256832700747948	8
-0.083091907592448	0.287819465335491	8
0.064762959505804	0.112734192635951	8
-0.048975094760352	0.198881834462102	11
0.085755827994952	0.200770764575994	15
0.040779943073623	0.309065496802802	9
0.070449864816339	0.237220923859744	9
0.096915433149611	0.13625054992101	9
0.000729795165336999	0.147789290806825	9
-0.049976812809268	0.199695961940604	15
-0.058580747426362	0.247798457899284	9
0.102175100581772	0.112940339154786	9
0.06854750915448	0.182070881703728	15
0.113917585272176	0.788273151335384	21
0.104860177846523	0.69046699608739	21
0.060316544032009	0.838643421386728	21
0.00221050143872401	1.00827681288357	21
0.056687078655402	0.739889170018113	21
0.05059939296814	0.827349225058626	21
-0.015712424024283	1.1678199069185	21
0.112729629166383	0.524556940377541	21
0.00642462534810301	0.777038118030156	21
0.012852744206496	0.638301407742771	21
0.12379825800594	0.245925048834701	21
0.105069482801099	0.243651949182124	21
0.067809982970318	0.607830677995272	21
-0.053358374958483	0.695487492024087	21
-0.111454058243777	0.787451514733174	21
-0.020407693564965	0.624288564959637	21
0.040902338128228	0.489266711118102	21
0.10596194953373	0.241777381929498	21
0.101526866360077	0.268509850180976	21
-0.111699588271305	0.577565948261228	21
0.09364489108323	0.295703589950921	21
0.099226844154252	0.12498978523617	21
-0.11347907244379	0.289145532950789	21
-0.023061783306872	0.30264218291771	21
0.040160812081685	0.197898795936137	21
0.02153930412832	0.17114955775667	21
0.045419337103148	0.216481506389636	21
0.081256325922566	0.231961907981377	21
-0.00704284058225302	0.313420656608517	21
0.096454780707368	0.271114700636249	21
0.079510571732545	0.309518388051796	21
0.049706158308071	0.222821988913731	21
0.00299616846391701	0.274054094677712	21
0.002951105054535	0.274206107706783	21
0.011559836902507	0.161438397864724	21
0.045861780823032	0.485544679171314	7
0.070438424328445	0.179864671646556	7
0.11106265674376	0.0396671757223606	7
0.063718159645187	0.113460053513999	3
0.013011300932211	0.608119645831813	3
0.124856032431235	0.159357765793516	3
0.064022504649811	0.478690351036023	3
0.064568503215407	0.470259030446034	3
0.116131735920087	0.328107130593401	3
0.020999717887066	0.303667185221986	162
-0.065081012087901	0.485527620932811	3
0.066162604740977	0.151403961806655	7
-0.067321389043521	0.368758142650678	7
-0.114748723211214	0.402172542646085	7
-0.095734191448469	0.400900848595928	7
-0.12152907770132	0.4722857736853	7
-0.114064555623824	0.401155010612853	7
-0.023675124877355	0.303392100354841	7
-0.093112740282675	0.511410549505074	7
-0.066035636080434	0.331738251073269	7
0.111259604014332	0.039591027620515	7
-0.024018970136697	0.256182351297276	43
-0.058017223703911	0.2472462588203	83
-0.053744559895061	0.803755938420062	8
-0.031772580858704	0.761328926827853	8
0.052603213455177	0.452076867542182	8
0.066927055968238	0.150701651729355	8
-0.030021060318274	0.34125071181152	8
-0.062156749267177	0.290444336554659	8
0.066041775035768	0.15151917740734	8
0.061938498401724	0.129221984981838	15
-0.03331338915955	0.297870466380024	15
0.081734720773688	0.238910819471053	9
-0.092984193036198	0.511104612529853	9
0.109948390075706	0.216950898909675	9
0.050889788184396	0.243534892584801	9
-0.05153234604075	0.333799871450368	9
0.052401789028912	0.251949161270343	9
-0.122329725591541	0.242364824091801	9
0.00990301257352899	0.225458089257418	15
0.093334044791609	0.148743398507162	15
0.022477569758313	0.170347672395687	9
0.092696294152242	1.03709332951767	21
0.101424362475862	1.00759312973282	21
0.106325063755842	0.671265681510415	21
0.12324890147441	0.535746276570067	21
0.093084960013969	0.596618628402354	21
0.090387229154848	0.580054154545543	21
0.060012021440525	0.533949535549488	21
0.084639510167405	0.454257383049141	21
0.110813058449575	0.43781768389008	21
0.111816305122392	0.456735233390071	21
-0.022746457720892	0.732254241795412	21
-0.057201587379313	0.717771481596624	21
-0.031900973215699	0.539624363634727	21
0.082460086745516	0.351682639823105	21
0.10555521164502	0.248453494884997	21
-0.077376810279309	0.76948176738075	21
-0.00560981314798198	0.365468019555113	21
0.093687517653099	0.221769288851953	21
-0.01211204054189	0.362178583320794	21
0.068158009975187	0.182559182036212	21
0.035342647656891	0.18936568661504	21
-0.068346211758383	0.554003801007323	21
0.021062279905221	0.303667452099066	21
0.052964477144459	0.271506518905909	21
-0.00644941317810099	0.452137486383008	21
0.102386085071095	0.216172008698076	21
0.080356171613191	0.300429998338947	21
0.019156797718349	0.427235605964719	21
0.00580698248658201	0.337134188961338	21
0.040422759721157	0.395266877209105	21
-0.061874707839768	0.290091966049226	21
-0.023591292411896	0.255625739219348	21
-0.023909061177602	0.256045494879463	21
-0.010674119420208	0.211124837866105	21
-0.047230484806942	0.457356041729684	7
0.07339830194497	0.469432014422032	7
-0.034781675628674	0.709532162928937	7
-0.057479955802997	0.867053453472956	7
0.018120408675031	0.549172446250087	7
0.094416961539582	0.287869537825402	7
-0.041462271655446	0.573691124804933	7
0.090138048588587	0.169689349929073	7
0.067825730893199	0.182904215687755	7
0.077826292820738	0.0704100607810889	7
-0.022720351892617	0.134676791179326	94
-0.080492360585561	0.189703678604158	3
0.043577914967628	0.396993018168659	3
0.030875335509198	0.178922232192551	3
0.031686283059695	0.343186474882885	3
0.027577228987958	0.513942771764871	3
-0.088709721660712	0.860736087513612	3
0.103647798821519	0.303287976107655	3
0.022279164646008	0.430938597011732	3
-0.043840255198213	0.810306983972943	3
-0.072587522819198	0.871938704050263	3
-0.112440648433104	1.05487107181734	3
-0.051188003278387	0.592787837460885	3
0.040955669614445	0.197020787930818	7
0.014663316216163	0.286961054690855	7
-0.030245009086247	0.341593720388762	7
-0.00468938785274398	0.268383175079511	3
0.00172088811096	0.329883891697219	7
0.000451662770992012	0.218786098803235	7
-0.00990571423527098	0.358280107399865	7
0.067306906576961	0.0942595441750744	7
0.066872174901971	0.0944992699355236	7
-0.104206844850334	0.821743872980771	8
-0.112132577348027	0.538986530454101	8
-0.035380573331128	0.466927080820299	8
0.038795512991981	0.290993668042442	8
-0.038760985742757	0.251367267295538	8
0.088194654544724	0.189097504586389	8
0.115713562889498	0.0835762750014481	11
0.051890588642904	0.252730284768478	9
0.029421202487584	0.32522298968227	9
0.101160087436456	0.230684966990577	9
-0.102365908886284	0.543807676654346	9
0.042924156893059	0.315396785553316	9
0.102489594164156	0.180087098505063	9
0.089546136740465	0.263270544959183	9
0.000249030531664002	0.148093375606031	9
0.00154788657843699	0.147194188700982	9
0.00116388210368601	0.147482087793726	15
0.042811108735606	0.207531262990209	9
0.02210231074764	0.170685484068617	9
0.105725568280163	0.835659215008909	21
0.07375448309006	0.603544949288885	21
0.0771125919485	0.747329761091588	21
0.079284652973284	0.523063720439765	21
0.003247230774823	0.96238893192771	21
0.027764002644328	0.522811059055096	21
-0.073782822190203	1.24128314989405	21
0.112589963200597	0.319495147409204	21
0.082047887845698	0.34645749384973	21
0.075702923854965	0.360332507733608	21
0.086271807781379	0.350127520099782	21
-0.022004215712938	0.754627916945409	21
-0.012937778208156	0.650794920049723	21
-0.010704595403931	0.697470881695643	21
-0.092194561326292	0.853917860459788	21
-0.066398052018736	0.740058989408078	21
0.103440063020873	0.288496308645406	21
0.078031337310456	0.290880324228037	21
0.110799909860833	0.245215908999401	21
0.102474383654856	0.222022142977913	21
0.057633679840822	0.31818632295333	21
-0.094302691003101	0.698412278575018	21
0.079533886151044	0.280361694910197	21
-0.022476299017061	0.595509445996671	21
-0.000228647283503025	0.509513737933586	21
-0.063409362192381	0.58948700148295	21
-0.106410340961396	0.675458970530788	21
0.068391957070451	0.275289696077205	21
0.099821389926702	0.191044446232521	21
0.089950545831127	0.248867666477998	21
0.067683232263927	0.259671568544968	7
0.040600628684945	0.498690261515046	7
-0.00179771413992402	0.70160373795428	7
0.121929938921711	0.278763069709487	7
-0.00772439017681098	0.490185731197347	7
0.079158233195123	0.373227702271464	7
0.029740637759136	0.453583382546664	7
-0.038500504130992	0.456729047219451	7
0.061975799371008	0.129233448667756	7
-0.028488871352098	0.206369523860427	94
0.021560273526845	0.171137953077056	94
0.02542217324263	0.320936351696894	3
-0.106132869162739	0.907387592782203	3
-0.044200546857319	0.564735030913696	3
0.070573532456612	0.209508604968798	7
0.067502054639401	0.232888866284887	7
-0.0149049085027	0.308594489145193	3
-0.120786075916208	0.471028133299394	7
-0.065878695028091	0.331562181192673	7
-0.081924091355526	0.366726756964266	7
-0.068149359525249	0.404850020445909	7
0.121140947311388	0.17040551457829	7
0.024454324417273	0.322660923521817	7
-0.071393641320295	0.477836536804396	7
-0.00860794631036799	0.315788286536766	7
0.092655351742163	0.223519588898025	7
0.069580724288115	0.201161830244842	7
-0.041795569363788	0.418371530514283	7
0.067241144473992	0.17302502912441	7
0.022208203799101	0.24043436710435	7
-0.063047376484508	0.291365161643442	7
0.10732002308602	0.0992423074798941	7
0.030875335509198	0.178922232192551	7
0.010061857041072	0.22528902049856	83
-0.01439814939369	0.307864292858276	8
0.103401443007144	0.17168668482401	8
0.066101012496991	0.271020809521241	8
0.008645870588228	0.447702545159872	8
-0.060805795195102	0.554541541222729	8
0.095612150611551	0.260303738094056	8
-0.059366792513029	0.653383614424776	8
-0.039698011811656	0.569205250740883	8
-0.067925598866685	0.404466206340904	8
0.096391658389692	0.136776150472784	11
-0.092621649575268	0.473460449086804	11
0.069622666595658	0.190997005796903	11
0.102540194352826	0.215892509003241	9
0.051002633805831	0.23242094666965	9
0.106912171892824	0.159877595416884	9
0.037153530340988	0.282412842363861	9
0.090789588876505	0.233673778538164	9
-0.114913496556073	0.674778093031036	9
0.124977954577962	0.182060483905148	9
0.095354434788248	0.212033982934893	9
0.119339696106707	0.207204733030109	9
0.091106537073787	0.159878913147679	9
0.11770326526669	0.125840739853438	15
-0.065665450375151	0.331297765318042	9
0.070517667956206	1.55440681614056	21
0.07362880752171	0.576646864681429	21
-0.121812986745957	1.30503377086967	21
0.117421716078521	0.552944687059277	21
-0.012312594495619	0.934967793708941	21
0.105646586351827	0.24824419382285	21
0.104143409759936	0.326125437185127	21
0.110112526510174	0.380265676616992	21
-0.098642541881648	1.05293041765097	21
0.056996282883379	0.449691151532722	21
-0.00753972660301699	0.696741586017006	21
0.094982984167667	0.31817405810992	21
0.034863463703781	0.539319174126337	21
0.123403584964196	0.227377987514042	21
-0.050406312694378	0.590670926374664	21
-0.113274684100027	0.793153256353743	21
-0.00990149010061597	0.411102159780816	21
0.011750625832156	0.353041015207078	21
0.010208518444504	0.443982176150206	21
0.032189390528434	0.342181823188445	21
0.077895360767775	0.291139860737666	21
-0.083431620815289	0.708278873116729	21
0.103772454819546	0.171187017415578	7
0.085046491512558	0.359309907767432	7
0.0591092121414	0.341122308832201	7
0.079843430607985	0.249965422213806	7
0.069085232877953	0.290153351157266	7
-0.104121828438923	0.327463761705976	94
0.110741291212149	0.0397553524568051	94
-0.081717839845422	0.32787929793276	3
0.115753912302567	0.0835564385822814	3
-0.020095637574939	0.682787318833582	3
-0.000743999951078989	0.319030352702792	3
0.082902425243221	0.229193122634379	3
-0.092537690020332	0.823319617860118	3
0.00810141082479299	0.28221388226668	162
0.095495278081348	0.137667123888828	162
0.054451340811423	0.297674555540688	7
0.00316865732478699	0.327421041096018	7
-0.046750299838153	0.294669547595532	3
0.086693437485156	0.191168627745792	7
-0.117201316328913	0.507617264528679	7
-0.026932842308573	0.439703689823709	7
-0.099408289754722	0.36551800923892	7
0.053239047506919	0.260926320838135	7
-0.094552657728173	0.438464753289669	7
0.00182159607173801	0.217324610189928	7
0.066765987785577	0.150857208881542	7
0.030513433636827	0.179280259716492	7
-0.02845162837745	0.206422562975268	7
0.0000470993055020075	0.219127322581146	7
0.096604004222007	0.136565734142485	8
0.048960227172909	0.22382715339425	8
0.079642908593112	0.242554454138935	8
0.099356535135685	0.246501979048343	8
0.000478817628042	0.429223155589116	8
-0.072383059980369	0.683764990071064	8
0.122086026186797	0.114401392716943	11
-0.08259986679317	0.32898477739303	11
-0.00667248355545802	0.312820864874021	11
0.106246166698244	0.16070259127527	15
0.121848429036028	0.192374283995715	15
-0.122956526257711	0.367337649009563	9
0.0688988695947	0.181714160477089	9
-0.02814888101265	0.426159345766045	9
0.095039556126982	0.205416204239672	9
-0.011293215329385	0.413885543413849	9
0.109393956524344	0.149533896233107	15
-0.00310673886819102	0.322790187610007	15
-0.10975764373556	0.573204936297776	15
0.040937567039985	2.18272672332438	21
0.066409344390838	1.39936029187186	21
0.045377500806621	1.86070744007683	21
0.11838438581647	0.484526571768617	21
0.018251304246276	1.06606073865239	21
0.094818777095658	0.4890084690337	21
-0.034703721644434	1.39950141786002	21
0.111989100410175	0.301922563865251	21
-0.024249152224389	0.782962661847958	21
0.018352823735286	0.62194603157406	21
0.008533010287501	0.694930536085513	21
0.106948737222771	0.36150092353887	21
0.00813968266832399	0.614869565556953	21
0.006167028424026	0.589709404583674	21
0.117544449602719	0.258830907774845	21
0.103291541841173	0.294115464204643	21
0.06820328560468	0.355084406478082	21
-0.04593849970385	0.621295441492054	21
0.068352351279648	0.339542927779428	21
0.053103223425759	0.466133087838472	21
-0.019692730816388	0.587310146834733	21
0.055889170681845	0.30400467882051	21
0.068031529522574	0.267593924966634	21
0.067645229182024	0.301216387984238	21
0.067502054639401	0.232888866284887	21
0.087449914091828	0.274343258861677	21
0.113019581029408	0.229953901959537	21
0.06757177778385	0.309493320424717	21
-0.074699382568273	0.51724729913535	21
0.015516317707487	0.358488738538804	21
-0.044829466400865	0.452334494565208	21
-0.044845114367069	0.497290332937361	21
0.03710478643375	0.282537086615644	21
0.052963574660929	0.481592363964957	7
0.123483421477487	0.211283035429008	7
-0.096506994276163	0.704826103505217	7
-0.091484033866612	0.645499307200156	52
-0.045963974041854	0.293732583528528	7
0.062561886198241	0.128786767697525	7
0.076749648212665	0.0708623006217085	94
0.101998563284862	0.337038457552478	3
-0.033642501727052	0.503864167293028	3
-0.092993363453337	0.474138343922214	3
0.051199704254482	0.253744047076068	3
0.047365529715258	0.214152680698175	3
0.0688988695947	0.181714160477089	3
0.025868751582125	0.24935313139568	7
-0.055983672788492	0.373018640687125	7
0.122668993990264	0.113820767902592	3
0.089258928770413	0.170751964904874	7
0.002074639364326	0.275364984671065	7
-0.067693260077115	0.369285063824879	7
-0.067561973350915	0.369054589458961	7
0.095970185649893	0.137199867941905	7
0.121929066663943	0.114556658795301	7
-0.058205048148279	0.247438526576831	7
0.068084269566716	0.3003202262702	8
-0.029441535331963	0.469913700530208	8
0.008261301637698	0.392577084199853	8
0.106205774183234	0.24137558042951	8
0.033573349079664	0.264303950508069	8
-0.065913229347927	0.518223668188065	8
0.118009262520308	0.154783922546372	8
0.069947076887594	0.190635480761801	11
-0.123775020368629	0.368308712540908	11
0.022289948078206	0.1705195806077	11
-0.013826803231112	0.262807597842447	11
0.029358463573675	0.336763858211643	15
0.03705863560627	0.293893844893512	9
0.113278462628023	0.205345534509559	9
0.068842777639821	0.29069193788505	9
0.103185161279122	0.112078878363364	9
0.031077623965256	0.178719718977202	9
0.112656892070845	0.138490374352099	15
0.096907064808094	1.02580270760682	21
0.00115354581407701	1.53124029435169	21
0.115508831475556	0.520899100258197	21
-0.062608148824587	1.35639814731805	21
0.098273630528304	0.42134596577802	21
-0.051056914039977	1.41864733197742	21
0.01004096472478	1.04262035295152	21
0.110088761457606	0.440811651674613	21
0.123772542749773	0.245960233286233	21
0.122325324077173	0.213566531454973	21
0.003868417963341	0.709540339306466	21
0.063023855317807	0.462223766000788	21
-0.01675079861167	0.5572397171994	21
0.093282212985676	0.215373843884174	21
0.068150796891172	0.231947287591435	21
-0.013325146265626	0.403446667623598	21
0.027529998457669	0.459553362415954	21
0.106266814651322	0.197199546405197	21
-0.067738023855267	0.789741576513691	21
0.068612251041432	0.192280964641897	21
-0.072900975401897	0.513335303273757	21
-0.067343380265281	0.368730725003011	21
-0.054134982973526	0.45250636090044	21
0.055821112425401	0.313039683277715	21
0.068684035789096	0.202308594673691	21
-0.109098992172222	0.436342580389819	21
-0.117674058262258	0.976008028724716	7
0.061601426597355	0.383887730213944	7
0.067139930181552	0.16215273270425	7
-0.022091243109116	0.134354832803417	7
-0.02218908576236	0.134407792765905	7
0.096128999708473	0.137047618756153	3
0.064848148328471	0.140085392619791	3
0.068472283307581	0.369196272980387	3
0.101383217165011	0.298837876190435	3
0.032965567760593	0.419383492614302	3
-0.057705945712315	0.719412876739541	3
0.006036183452303	0.336748268626357	3
0.015128679878997	0.359246045627841	162
0.115549247898627	0.164433603030017	162
-0.115288299877239	0.402929912424602	3
0.036320707429616	0.354551550933214	3
-0.00340737623211002	0.375950245769681	162
0.089394774603953	0.170563378135552	3
-0.109492066139186	0.436933288000614	7
0.011106415890617	0.161807118362011	7
0.095970185649893	0.137199867941905	7
0.000442640637278002	0.147994203311502	7
0.063736827199425	0.113446529586672	7
0.000442640637278002	0.147994203311502	7
-0.079941092824388	0.189365351737144	7
0.021672675699336	0.481613800666175	8
0.010640772934163	0.485158882512297	8
0.042127658957916	0.400648422877293	8
-0.05837174641347	0.247603423821521	8
0.103216963558932	0.112072409346065	11
-0.030094764875594	0.341363004524358	11
0.053732521268179	0.249881861947808	9
-0.04170567682822	0.418210441337456	9
-0.021622937229516	0.519547770572324	9
0.109313572020043	0.179596629423042	9
0.021872873501471	0.170849133189913	15
-0.036591059541676	0.380509701380516	15
0.081537947847163	0.975815980632531	21
0.087820193746441	0.928759572356796	21
0.025915319258777	1.25635004204507	21
0.105873036294649	0.5608857029952	21
0.013940114214043	0.614738654095035	21
-0.061100221541803	1.66622013188033	21
0.097394857299782	0.295011632779276	21
0.015493513762787	0.526556442603527	21
0.110391644869145	0.251412943106426	21
-0.018793420725677	0.813374938042245	21
0.104559710116003	0.285800455470888	21
-0.015578517686983	0.679285424179237	21
0.00402629891252401	0.574597359425362	21
-0.108685810503476	0.730180036422984	21
0.052084026849946	0.241803446228991	21
-0.092103851271753	0.472474538824463	21
0.00145239953308801	0.330289854043033	21
-0.012538411007954	0.452741617430548	21
0.030109362439354	0.335285356473525	21
-0.00280772792571499	0.374824728134529	21
-0.035362870978822	0.507649164518603	21
0.123226143921473	0.190019867018845	21
-0.071393641320295	0.477836536804396	21
0.119685412840537	0.233378923837033	21
0.090427077606777	0.241156357757707	21
-0.06480198582926	0.48466575316255	21
0.037344698882616	0.579766435851432	21
-0.054630267780335	0.683109144532304	7
0.10463375125576	0.27488536389737	7
0.121522677896882	0.193000662089119	7
0.048799949724185	0.3513955264929	7
-0.086627147519856	0.792257333049301	3
0.041335946958747	0.308086826438568	3
0.068204528311221	0.249950592707733	3
0.063860515934769	0.113377323003526	3
-0.045993790337173	0.454788668472223	3
0.000980908646265988	0.663539312532291	3
0.072875105642655	0.381394599251821	162
0.118681621501976	0.281520018633992	162
-0.085354664333808	0.896357803473354	162
-0.020984370586044	0.750604465119949	162
0.023175104593398	0.377874843454878	162
-0.09358248678344	0.436898801335555	162
0.092183357448017	0.224315753363215	162
0.078102031789558	0.305517509243017	162
-0.111304727365627	0.576689854044522	162
0.062158108997492	0.129099313284352	162
0.094244821625157	0.147766519463149	3
0.101997769090779	0.173522154709154	162
-0.024287581912773	0.256424792712382	7
-0.040991600908517	0.338694481267035	7
0.01518502744735	0.234647932377304	3
-0.058038317649882	0.247260909402693	7
-0.121938809535006	0.242016796759973	7
-0.11657784582344	0.506640734275849	7
0.031009939236523	0.255464345614851	7
0.103982734581381	0.170862578213167	7
0.06766831854505	0.172590049099674	7
0.06180613746093	0.129346757132938	7
-0.037022178184079	0.680244841189086	8
-0.010099944069219	0.531043013392556	8
-0.109814850308952	0.611536186594688	8
0.00119287209889199	0.427642191463083	8
0.079245589665464	0.280957317239503	8
0.008800473582155	0.22661598780702	8
-0.00853507643315199	0.315706308762656	8
0.1211889880933	0.115269955111156	8
-0.027188095793099	0.205230168874581	8
-0.086433455756814	0.246441115696819	8
-0.086275146632749	0.246282813413928	11
0.063984094229248	0.113295491069645	11
-0.023750191384587	0.255841178617435	11
-0.12323674759447	0.671852622446244	11
-0.108495332482202	0.729634908797356	9
0.015498596524646	0.234280020252562	9
0.052182933202803	0.361977113930627	9
0.121960700899343	0.192236137541263	9
0.010993050614777	0.161905443744543	9
-0.024204608358614	2.30492122419007	21
0.023211680704526	1.60185734508947	21
0.061054297455977	1.00593569317971	21
0.078008990920583	0.710111129222828	21
0.020450720621059	0.304641657885144	21
0.040263218710943	0.465348955739827	21
0.091030887395102	0.553638281264961	21
-0.085584927404325	1.60867102167925	21
-0.050370018105704	0.926577790077152	21
-0.124073387206962	0.764505055195282	21
0.072785397471559	0.37479050063494	21
0.07846111446453	0.282540920259709	21
0.040059261532636	0.198002789959829	21
-0.050791715923534	0.332774225023569	21
-0.01477789744846	0.406288716413733	21
-0.065621129350895	0.33121629863428	21
0.053888857095758	0.279695818104538	21
0.00901776186772299	0.226440079972057	21
-0.033784306120162	0.298453780576372	21
-0.082149829518135	0.477052773609042	21
-0.028099671434405	0.206123441305219	21
-0.049006364687698	0.586788593326121	21
-0.046800924743002	0.456474584806596	21
-0.075359186461914	0.642763606125412	21
0.121150090123137	0.193617485004014	21
0.084822037062292	0.210327868509872	21
0.022269017631351	0.170539627623677	21
-0.122587081353577	0.242574156802219	21
0.066726017760071	0.150887706726681	21
-0.115376543562314	1.23827621565742	21
0.111547600570505	0.243683020387077	7
0.050192552489882	0.366654772079538	7
0.089342463775942	0.243123236858411	7
0.00154788657843699	0.147194188700982	7
-0.04983803357232	0.414400182406023	3
-0.123368826863722	0.24315268189551	3
0.053847474586371	0.50076738594956	3
0.066887075319447	0.269650741315	3
-0.041539597835517	0.756082574819867	162
0.079697976450315	0.433455796693028	162
0.108461921101542	0.32964767282689	162
-0.050076100830081	0.199769964396802	162
-0.106112913469278	0.472798039006803	162
-0.045753308426297	0.376979812116729	162
-0.121663531466142	0.472535429816931	7
0.00911800439968999	0.226324811470939	7
0.124197241562718	0.140619769518121	7
0.040069729511758	0.299745441652025	7
-0.00377671986476102	0.267155544438504	7
-0.080000277640246	0.18942069044567	7
0.0990655881031	0.12514049313332	7
-0.052112495471293	0.114466940015057	7
0.054149378294317	0.259508646540541	8
-0.025004203004177	0.43579403674033	8
-0.038854594410028	0.686108220104455	8
0.022252800825086	0.490368029778297	8
-0.083498410019778	0.935344440466349	8
0.06730062492546	0.251502328046775	8
0.102940695692575	0.112307058649336	8
0.062825230522598	0.114052114259619	11
-0.028973259916903	0.206822872009292	11
0.123533012316063	0.141459974819986	11
-0.024850444103037	0.257109902465742	11
0.08371825250159	0.220037287238699	15
0.04660251993913	0.337247834246612	9
0.079680104217777	0.272506419330951	9
-0.102754694002566	0.50630034899739	9
0.109918924705458	0.148880826039062	9
0.063727616277926	0.113470545102492	9
0.0948282961471	0.147121689823752	15
0.090604813173991	0.727065229539418	21
0.097820115872854	0.612854129494361	21
0.015269794820512	0.942068476178542	21
0.116051075585236	0.474064661507483	21
-0.022426354462978	1.04754114068666	21
0.056714031106321	0.573909767329156	21
0.107901503695142	0.379336476685294	21
-0.093346727211579	0.949504523858105	21
0.103682344075854	0.337095275117391	21
0.088835279740638	0.374023900199635	21
0.108130746057221	0.231680501956646	21
0.106050057340524	0.241685143992834	21
-0.037073728579229	0.602831039968728	21
-0.025049307125606	0.475169339704106	21
-0.057574222145005	0.620337130179176	21
-0.059504071690051	0.522738919076693	21
-0.11537544906309	0.849520828956495	21
0.083365315076766	0.323833390289302	21
0.027342627981529	0.390654772372605	21
0.120371363932494	0.200067127863945	21
0.068750028924374	0.231049830760881	21
0.028828070902287	0.337801607517734	21
-0.025116474533834	0.475339795469771	21
0.090215416033986	0.241529040001074	21
0.054273278541878	0.279107587895058	21
0.08966196499823	0.256239989192706	21
0.011547034147028	0.353464213238967	21
0.085717826829095	0.200857345256633	21
0.020181842281037	0.305131656950011	21
-0.064541926383043	0.484448164187267	21
-0.115527651146742	0.504605430116227	21
-0.060012275030698	0.55257871685507	21
-0.010085045364125	0.358632594221652	21
0.086089325687104	0.200323456250976	21
0.04660251993913	0.337247834246612	7
-0.045265707361032	0.740300803445492	7
-0.078818514120041	0.774298769175848	7
0.010836748315228	0.399319418628175	7
0.017723622079491	0.407545109942205	7
0.097333411330534	0.13580757314319	7
-0.086479135982619	0.246452459940959	7
0.064107562062462	0.113201100422931	7
-0.012455138057961	0.488393086629729	3
0.022754854700899	0.239740338199436	3
0.092178073979737	0.158648409619987	3
0.111112173326443	0.147453087818739	3
0.085530434149446	0.324904954703425	3
0.114568000066917	0.327448730936505	3
0.100665032133685	0.225393378236222	162
0.081549770270804	0.24688916398387	162
0.120062918571389	0.200731455890071	162
-0.023508861098136	0.348683523292005	162
0.067874573454482	0.161414818580212	162
-0.081453826674023	0.366140984921597	162
-0.033583382613638	0.298194206613773	162
-0.09973092219453	0.365942112531135	7
0.102579325320866	0.11260540767574	7
-0.113015170880934	0.540833224856908	7
0.103100085012933	0.112176063409813	7
-0.083453332792916	0.288231355384299	7
0.000586215491743008	0.147897284378335	7
0.011632605816192	0.353317257817374	8
-0.037704162379359	0.604650862064589	8
0.087531149443229	0.189986335454472	8
-0.04935595778021	0.199206631293255	11
0.063338227030819	0.113726725452198	11
0.00117671478953499	0.218043837006951	11
-0.010959732629549	0.211366857281786	11
0.107841583632731	0.0988396491025246	11
0.055758231507406	0.276444221649693	9
0.038791707899439	0.279632199771933	9
-0.044712041961964	0.375304664102793	9
0.023352738033087	0.169520650193999	9
0.035965266535328	0.188747610785939	15
-0.064611125402227	0.329920431135902	15
0.00969436263755899	0.225698719336313	15
0.085755827994952	0.200770764575994	15
0.021706072516085	0.171003552939741	15
0.112598893782452	1.14734021885947	21
0.036925961660141	1.03299327339186	21
0.047832792706208	0.937628058323819	21
0.105736849201127	0.625856411578762	21
0.075330396479165	0.534793591124428	21
0.065039478694749	0.608450466038133	21
0.116951103077875	0.407086410871807	21
0.049514048643352	0.349814173582347	21
0.096081880919228	0.309775621786156	21
-0.080222322885518	1.16101947013531	21
0.107274556054445	0.274078769888778	21
0.03043650360512	0.471280678679316	21
0.044272668206863	0.395306062602735	21
0.101817227177652	0.223331774321348	21
0.010285857607857	0.443760886766763	21
-0.060917351036832	0.611228968334645	21
-0.118210329513029	0.644859601422613	21
0.00236000706515799	0.328782051002889	21
0.082754895038089	0.221497358676667	21
0.104866285872664	0.205756274857335	21
0.016864398755608	0.462239948023248	21
0.011345514261555	0.340703987272643	21
0.093399354339097	0.215220212709161	21
0.028103466615808	0.259399738932379	21
0.00548599204470601	0.337651594484636	21
-0.042161587399344	0.4644525880633	21
0.054077555313379	0.289031921021454	21
-0.094254063445018	0.438028980224623	21
0.11999778412253	0.152170723676204	21
0.039575902705722	0.311241103119944	21
0.106999569755912	0.233967164470275	7
0.010632824998035	0.442949837684758	7
0.046813118839268	0.336807869049298	52
0.116233423832646	0.0832257285933966	52
-0.123111493371038	0.242966235418229	7
0.062200077025836	0.129051152121456	7
-0.086387788919509	0.246404983872412	7
-0.00692695222023698	0.623457151315007	3
0.088552276138418	0.188601432012025	162
0.00622358437950499	0.336381887405238	162
-0.007639084296652	0.314348717637506	162
-0.039790454711733	0.337072387011988	3
0.043980235978538	0.206195082113242	162
-0.06835006345053	0.370175151552629	162
0.06889183844749	0.171270293857863	3
0.00862367705390599	0.281443890118401	162
0.09644671354351	0.136729661253992	162
-0.063287825262808	0.291671302245759	3
0.068675123880244	0.221785671969764	3
-0.038485030706602	0.251155141014374	7
0.06848930356831	0.182162465466898	7
-0.023078572978264	0.255040459603612	7
-0.122720620210223	0.242680985048687	7
0.101887063855678	0.113161528331231	7
-0.122358806109622	0.366595734810993	7
-0.03294304959337	0.297377958613688	8
-0.075481615849579	0.612579489310729	8
0.036046023562328	0.354751585224295	7
0.048213622827696	0.22480656895369	8
0.022384661495629	0.240212413293066	7
0.000935076665108003	0.218314421624254	11
0.010698280238831	0.162109170898922	15
-0.082342137925013	0.328688534658988	11
0.098343103820855	0.193245482652408	15
-0.053395941928852	0.451107430974974	9
-0.022324461335193	0.346825037251927	9
0.089133223983626	0.179518373818734	9
0.102696012963081	0.112517074553261	9
0.063035353453265	0.128429980063374	9
0.119458562470839	0.152810925356386	15
-0.001380923579547	0.319989686825668	15
0.07811032159095	0.813896925615375	21
0.095193284330934	0.625349842727575	21
-0.025243165805136	1.61250057992001	21
0.088606745913771	0.563635551304755	21
0.111483939148913	0.266336664714325	21
-0.122297407183771	0.971956287625293	21
0.044280128118978	0.564714832831425	21
0.082649652734824	0.390085982147068	21
0.09090814968146	0.351441660261646	21
-0.098360985644146	0.887680775174141	21
0.040449773098822	0.482145711513173	21
-0.040578466008084	0.67692163317984	21
0.03582607454319	0.478082281411047	21
-0.106336735778966	0.47318943311214	21
0.044918634803234	0.480288050485155	21
0.068801291292261	0.181825038949999	21
0.102516830207561	0.222085967884199	21
-0.051911708849255	0.59482444432668	21
0.082514271811479	0.221945855410474	21
-0.091007947279538	0.542899124509938	21
0.108132598200795	0.237406821813466	21
0.105003411583412	0.205530865440546	21
0.023206788042587	0.312668798511479	21
0.042355137197947	0.326291886460027	21
-0.043557641405882	0.494419419311373	21
-0.12369762013229	0.904460377437172	21
0.049183610042754	0.223515222054269	21
0.044678568416534	0.205371981526121	21
0.066403909970628	0.151193077110022	21
-0.023784469456861	0.90939263732027	7
0.04154268326324	0.452749145327293	7
-0.070973211204902	0.737833252711604	7
0.053619689123151	0.441511087822684	7
-0.079183745215857	0.77540973532144	7
0.110865507306074	0.0397113788160752	7
0.023435762042325	0.41681949308506	7
0.115473867814773	0.0837397579827644	3
-0.102754694002566	0.50630034899739	3
-0.011582284950401	0.568911972076273	3
0.066304699829492	0.396438862122586	3
0.083618885891858	0.336095736648805	3
0.087270085169169	0.307928457874213	3
-0.080299389597967	0.894700838733911	3
0.017784190238627	0.530076630382508	162
0.098940937253519	0.241093244461633	162
-0.11264432343621	0.540074104708054	3
-0.045496176196041	0.293075566275485	3
-0.086887142257521	0.246763007697175	162
0.036007051290719	0.188691040629633	3
0.091697589915019	0.159216639744512	3
-0.092024318946065	0.472335228843802	3
0.106525672468027	0.160375049849339	7
-0.010195770423841	0.210613112508813	7
0.078050209638925	0.0703285960960095	7
0.062327772764235	0.128977999072392	7
-0.113089601171979	0.288833281039867	7
-0.080216847495123	0.189563353167821	7
-0.06959643030425	0.806697395664735	7
-0.092380732307705	0.545848138799482	7
0.039633934875867	0.198457807182076	8
-0.011932519302371	0.361847065247554	7
-0.091414332809058	0.471086295329007	7
-0.103641189047314	0.50802229421788	11
-0.031812137135802	0.343959908298459	11
0.086095707187138	0.191963472604734	15
-0.102159102097453	0.505089553942541	15
0.078175244868958	0.275605021457716	15
0.02829764733165	0.338801316891921	9
0.041112178324353	0.308496644522824	9
0.067904353521979	0.316834646718791	15
0.027824951736111	0.378666658940455	15
0.055612317216004	0.295428964521222	15
-0.100359728981415	0.36675076737516	9
-0.040122115478837	0.460315497240457	9
0.000299070608598989	0.148080019848136	9
0.114994353452086	0.0840566873298067	15
-0.05516243590423	0.371798659616907	15
0.10932146997974	0.149639808862707	15
0.102762701649187	1.14415811744392	21
0.039968227126547	1.3080123999369	21
0.120526638691606	0.45927589983488	21
0.116030815781017	0.473268763364837	21
0.00893361472440801	0.980268254170668	21
0.032694330408964	0.845525736832171	21
0.05637039231163	0.586793569413873	21
0.034695662883022	0.718570281634569	21
-0.091716031900109	0.942716119788205	21
-0.092893627285135	0.947518043661908	21
0.123037657222258	0.320170305548983	21
0.00521878056241101	0.581866840220096	21
-0.041438161866573	0.741263758855252	21
0.03901082234114	0.44197045158093	21
-0.057988666148497	0.693517036651561	21
0.006056038712943	0.527778798314919	21
-0.028723115554497	0.622612436271805	21
0.111486282109434	0.214115692013139	21
0.070141608893273	0.319791961513325	21
0.095875967937611	0.272315682698847	21
-0.086743811790927	0.76157033736564	21
0.119545153741746	0.233687594184415	21
-0.034767132658889	0.465665618195116	21
-0.117549659222901	0.604505012268035	21
-0.011790403872341	0.451174281489576	21
-0.025261706623269	0.47565424254802	21
-0.107204295559422	0.761523479357231	21
-0.05351333639009	0.554324893193098	21
0.108146167185607	0.231770919317689	21
-0.048863070940091	0.412648358706168	21
-0.035529367678564	0.378683768608715	21
0.055978211245069	0.321574265548902	21
0.070013768899825	0.190552005813974	21
-0.111465902762039	0.577078472737302	21
-0.00749055196111098	0.314129365110498	21
-0.047782731845515	0.379940659287231	21
0.044439058804207	0.332057313736879	7
0.096012288840686	0.253063799111734	7
-0.05764109180815	0.620500417270293	7
0.111890264351887	0.213297733529515	7
-0.08074835118073	0.189872432213084	7
0.111508274088942	0.0395242008307689	7
-0.050175540982743	0.199822159757637	7
-0.050461931972178	0.33227547404767	3
-0.00766907631361802	0.570044761476115	3
-0.022673798441114	0.134647807833755	3
0.040261832130543	0.299363560816252	3
0.03133739617857	0.343892837754147	3
0.047212266227835	0.52029534406555	3
-0.047185236378009	0.625106091617026	162
0.035087663331433	0.274078665705059	3
0.068686043416826	0.202314549775873	162
-0.05765171756526	0.408157852932086	162
0.098986389036374	0.125188202625115	3
-0.046486120334451	0.294365488660261	7
-0.082232597177227	0.328522978633289	7
0.021563720366821	0.241210727823536	7
-0.064505851148612	0.484306341658036	7
0.112065592892324	0.139141200696145	7
-0.01573269822925	0.309734500948515	7
0.067084308135505	0.173190989902651	7
0.066564945894354	0.151043317821617	7
-0.058683744042201	0.247824010260742	7
-0.113454156075754	0.289197208331101	7
0.021914657694353	0.170845714175316	7
0.115274234977532	0.0838733809435757	7
0.067398205123229	0.161896958905498	7
-0.037719143969984	0.604676587381487	7
-0.00211165604204699	0.501944144265969	8
0.010348135570906	0.342649887417693	7
0.040743958934729	0.298539003879264	7
0.019100264031416	0.375019789354665	8
0.093290821854294	0.148781755831255	7
0.098177332898734	0.125929222601447	7
-0.046432505387135	0.294314357329932	11
-0.033583382613638	0.298194206613773	11
-0.033571040964112	0.298175548695452	11
0.021184847209387	0.171430578234648	15
-0.092836547048654	0.435554539369095	15
-0.029722067608847	0.34077998764695	15
0.043567715943557	0.206686617088804	15
-0.110301161256929	0.438190058415448	15
-0.081724230176521	0.366522563322871	15
0.078503279215637	0.717968055052659	21
0.015189971970527	1.18320889004473	21
0.103108256789552	0.432471311832891	21
0.044904720423027	0.702280839082137	21
0.077924726126612	0.51063301841205	21
0.064362368064463	0.768874126297679	21
-0.102462229560594	1.10084081070481	21
0.035739998131291	0.653251894501349	21
0.070040310336596	0.506477127641029	21
-0.00865614483925597	0.585469823777518	21
0.098593707594854	0.35960064031229	21
0.124391826757309	0.240274809896044	21
0.044885580662219	0.42091879990442	21
0.10551937296306	0.27824378720878	21
0.027312074755518	0.401532975812555	21
0.080590315640327	0.27084052105077	21
0.066906496595247	0.243052699827058	21
0.085207749151631	0.306307118332258	21
0.091712487477407	0.23879950171507	21
0.00108855382885201	0.381143633950421	21
0.069113274070865	0.181466221210164	21
0.06915016433426	0.289988703341535	21
0.09904713078509	0.192188138562683	21
-0.00555035544948801	0.497912987454372	21
-0.019351130329061	0.439180700697017	21
0.107954308222046	0.237754542245487	21
0.103933511672246	0.251821362760565	21
0.124171012740974	0.209923764341162	21
-0.090345107029556	0.541305434664057	21
-0.121962232689133	0.573789720752708	21
-0.118517075746379	0.606854034554543	21
-0.121090591573312	0.471515099504359	21
0.001541993367072	0.330166367082802	21
0.036282691335609	0.188422983915534	21
-0.067710660394448	0.8432742621943	7
0.037651764753234	0.436397487679629	7
-0.090008336386069	0.641758340659743	7
0.077638451167404	0.269088118800052	7
-0.042912002554307	0.420243887560556	7
0.007177559254265	0.394833590813879	7
-0.05055640748684	0.2001023004453	7
0.113619829902165	0.137403746058579	3
0.068717864475448	0.330954151443104	3
-0.112005278203788	0.667095367762366	3
-0.095799833385872	0.702766271343984	162
0.021832002458633	0.431988391258449	162
-0.075434977052007	0.64300625047889	162
0.039448540995381	0.300793302897466	162
-0.116443212792256	0.404360104699533	162
0.040955669614445	0.197020787930818	162
0.070640150370856	0.209447709579864	162
0.086387312799232	0.191578939607965	162
0.00325671069630501	0.273774190407325	3
-0.051278521972843	0.333415396976341	3
0.043025218524069	0.20729889344843	7
-0.080770053862089	0.365126830229778	7
-0.084133765398838	0.28894093844229	7
0.067306906576961	0.0942595441750744	7
-0.08659176112135	0.246584127201005	8
-0.049736806651049	0.199508323962674	7
0.107854340112267	0.0988317300014447	7
0.00020224925380799	0.148149855464518	7
0.098521894508091	0.254381405233614	7
0.079075357839689	0.360601408122522	7
-0.071753572662399	0.478476605370349	7
-0.02269700492804	0.347437322029589	8
-0.00244308582276098	0.321824530010187	7
-0.027383179399773	0.205459804578473	15
-0.084048297577909	0.549558837864741	9
0.091905383088478	0.224758448573642	9
0.025557476098366	0.383791898977514	9
-0.031362664681944	0.343315157616114	9
0.051275693103975	0.242974306876754	9
0.090661649976347	0.169061348329436	9
0.066041775035768	0.15151917740734	9
0.065095368383728	0.139824203480433	9
-0.083368643388302	0.288137723960055	9
0.06534793836587	0.139683302062533	9
0.029341089922572	0.180344389127333	15
0.029991997398499	0.179771394817543	15
0.112045310821415	0.563403759112683	21
0.071983470440108	0.57513499432507	21
0.078199144670169	0.574469716372012	21
0.113492170226491	0.445384512331453	21
-0.022665119751943	0.582179955415913	21
0.05732290034181	0.318874598254394	21
-0.066998405057059	0.883050751200398	21
0.005101462234476	0.610124548389262	21
-0.068759897722617	0.863390059020463	21
0.087893675333002	0.286966607176473	21
0.12173366913084	0.192634601152075	21
0.065014713195615	0.139958146048769	21
-0.059351452300844	0.680824420149278	21
-0.070342024745658	0.442631285488406	21
0.068801291292261	0.181825038949999	21
-0.014975458103543	0.308675526336778	21
-0.038847314792229	0.251540796127964	21
-0.038601482976412	0.251231529561473	21
-0.037160397749196	0.381433951830847	21
-0.115515878095312	0.504401923844666	21
-0.122592686267895	0.366906074154397	21
-0.083570462168938	0.288363146153257	21
0.002426537577293	0.274903939616603	21
0.078695003195258	0.267119275872855	21
-0.021786063247408	0.542728042334584	21
-0.010264009736767	0.411861201547766	21
0.087422507664848	0.190157058984828	21
0.117423628758268	0.216018047789125	21
0.086646696831555	0.302984115060621	21
0.05137138450715	0.381647655485879	21
0.0315990041862	0.178165306659615	21
-0.076094682576293	0.705938309098646	21
-0.049637754290612	0.199402762004695	21
0.010789002823596	0.162066058462592	21
-0.064994494773487	0.651600693276787	7
-0.017229477851162	0.485740604242399	7
0.068678663511367	0.171506944724525	7
0.043453213650767	0.206821933229914	7
0.01058494668197	0.162220283724955	7
0.01599066844984	0.453113220542989	7
-0.028099671434405	0.206123441305219	3
0.09659583697594	0.400348061706146	3
-0.086972704006065	1.11473620217332	162
-0.061234857069625	0.850919752779871	162
0.089478816811878	0.170490290960023	162
0.096035422435008	0.203786377130369	162
-0.094191373847235	0.73165287885694	162
-0.041566195349076	0.41794273887848	162
0.10096524021476	0.189264801250418	162
-0.098457340064399	0.364148964709442	162
0.00810141082479299	0.28221388226668	162
0.04057530089947	0.287900970509137	162
0.001988404905158	0.275483475766284	162
0.067938301659825	0.172306829575528	7
-0.05837174641347	0.247603423821521	7
0.000683043325648003	0.147831479835287	7
0.0513412859268	0.242891374957376	7
-0.092589690265136	0.581369840306736	7
-0.052011923493779	0.114426137674261	8
-0.062117531687054	0.290318608286463	192
-0.122864158482682	0.242635997596057	7
-0.122463298464792	0.242471644868516	7
0.107163356312413	0.0993484770620998	7
0.102898082445889	0.112348135284801	7
0.066267109533012	0.138865411896528	7
0.032143758858127	0.548310650795214	7
0.059103871529122	0.436071368284202	7
0.022554708756176	0.489521077830068	7
-0.00240145712177697	0.642697882412854	7
-0.044860359827716	0.375558047133349	7
0.06549313739895	0.139540042049212	7
0.021747962878096	0.170983213675606	9
0.022554708756176	0.489521077830068	9
-0.040115475861508	0.337411993157031	9
-0.01079617175617	0.211216184041909	9
0.064240550717198	0.113115012407723	9
0.077826292820738	0.0704100607810889	15
0.069599973928171	0.180884089356834	15
-0.010274718444069	0.210712910118507	15
0.062357887973375	0.128947045713597	15
0.059869580278549	1.907311079227	21
0.120848093331615	0.654686158805902	21
0.084487855346953	0.975130011040751	21
0.061944953322218	1.03782646435436	21
0.07862877875467	0.810750633885924	21
0.085673258921761	0.31165973412722	21
0.053452224321723	0.663254386037059	21
-0.00601347555603798	0.545385102307348	21
0.085770513449342	0.31155041551612	21
0.010922207279793	0.442219148044348	21
0.087936316191501	0.181056659987224	21
0.022644235534006	0.170201942958957	21
0.070001903370703	0.169993061424019	21
0.089182599377764	0.263981569283735	21
-0.07006467916517	0.442058777012476	21
0.027520807972006	0.328887958952144	21
-0.069131331042689	0.777665704461397	21
0.038936675406944	0.369173589858864	21
-0.039123119657454	0.251720198174262	21
-0.033571040964112	0.298175548695452	21
-0.054491056168755	0.370766935714954	21
0.000935076665108003	0.218314421624254	21
0.092336457960862	0.149751444394919	21
-0.039563498129568	0.673710575601577	21
0.12439839964913	0.204675152459905	7
-0.029695895518577	0.710917472116718	7
-0.00806466924439397	0.525268011956431	7
0.007816198819625	0.393479442771203	7
-0.031459376536536	0.538522169805457	7
-0.074234359876183	0.516260264896234	7
0.111186925303284	0.0396232165072587	52
-0.042771175393204	0.560935237962369	7
-0.076187358053753	0.583739572191826	3
-0.11710918993802	0.507625459468262	3
-0.082573125088246	0.959665928511076	162
0.065949418129359	0.411823502897682	162
0.00271154835873999	0.274493380057924	162
0.113619829902165	0.137403746058579	162
-0.037385903365067	0.38181807948024	162
0.115713562889498	0.0835762750014481	162
0.067404020697677	0.0942067543932056	162
0.067724918892467	0.172533126729464	162
0.062765874515505	0.128621390220165	3
0.036123964277434	0.188588824222948	3
-0.06697170004666	0.36820779672937	7
-0.080000277640246	0.18942069044567	7
-0.123235332324392	0.243065213858136	7
-0.050955997008493	0.114002992802927	7
-0.079507772580433	0.189019538786363	7
0.034828466447383	0.35772755339279	7
-0.096882560241059	0.88237052246189	7
-0.118956649124702	1.06205413697707	7
-0.015056499487767	0.565944950794037	7
-0.025451967395139	0.476000154099719	7
-0.028597965605954	0.584838144406531	7
-0.123028411718064	0.576257538728352	7
0.000411227589051988	0.218848116751925	15
0.027471256355664	0.247157651359287	15
0.096655996324224	0.136519293970447	15
-0.031171448644554	0.432292071726512	9
-0.047298645327564	0.529523294283898	9
0.087860180318781	0.181140475565096	15
0.090398371946224	0.261529895038128	9
-0.048933462449435	0.19880473313065	9
0.067404020697677	0.0942067543932056	15
0.10732002308602	0.0992423074798941	15
0.06834068810627	0.160937396185689	15
-0.114861378829436	0.402344398067311	15
0.111068112158268	0.787615760468605	21
0.108833232685576	0.657984350465224	21
0.018819341695111	0.416718598959322	21
0.113372864076668	0.432427040923634	21
-0.03731793236971	0.825546655202856	21
0.080815679773397	0.240561529532858	21
0.020948292295312	0.540104120382687	21
-0.067031464278294	0.714754470702805	21
0.016278329177294	0.411012884309499	21
-0.032029131914864	0.539999361625672	21
0.044212413412974	0.322771578458475	21
-0.039499261276081	0.252209796000046	21
0.012412600568164	0.290365876504978	21
0.069355963104533	0.191374742051192	21
0.026831910331852	0.24808637139592	21
-0.03945586521904	0.252173485825989	21
0.115213770762889	0.0838638887057483	21
-0.08393180847044	0.288732784006225	21
0.022422883200686	0.240166802401666	21
0.052081472917141	0.252408813777696	21
0.114349258863035	0.203401996619161	21
0.003065743039119	0.327670547103539	21
-0.036380736113803	0.576017437170418	21
0.017671601856845	0.419378878994014	21
0.069131227684534	0.306171505377013	21
0.100548756027521	0.18285847201931	21
-0.101490705752957	0.541990995449965	21
-0.123101861474633	0.242958388895163	21
-0.069441022083286	0.44091855400685	21
0.062430757099031	0.561027872124556	21
0.119000353292895	0.261590488421699	21
-0.100180500465897	0.762211854853782	7
-0.003229668835875	0.504965468744448	7
0.065955910470813	0.27128900703617	7
-0.00744954545323101	0.454865903772823	7
-0.081509906811656	0.327592238085906	7
0.029065375311646	0.180584641246752	52
-0.0516598593167	0.114296718545794	52
0.00543105950775899	0.337669549221101	3
-0.093112740282675	0.511410549505074	3
-0.01899637576402	0.598817855016808	3
-0.060973653499612	0.413636893367846	162
0.085435907819018	0.201248676302652	162
0.009145842261952	0.280716633133727	162
0.03575781073953	0.188958167650332	162
-0.029947104987149	0.341057496224175	7
0.009176622984296	0.226262563281282	7
-0.00426151344688702	0.267832916475948	3
-0.080000277640246	0.18942069044567	7
0.050254066325127	0.233458992208667	7
-0.094999971505768	0.43923218221171	7
-0.055461290136796	0.372277318446625	7
-0.03961541917174	0.252322425515145	7
0.063718159645187	0.113460053513999	7
0.11561390321007	0.0836504200965177	7
-0.06171250913731	0.289860476198667	7
0.092915034226843	0.291298905949592	7
-0.063210104144513	0.560119943812415	7
-0.01415210193482	0.263135757646277	7
-0.122720620210223	0.242680985048687	15
-0.021738721221805	0.345769837548429	15
0.114957648074142	0.165244688690045	15
-0.014981021331072	0.565707025063042	9
0.048805776958181	0.341988090973225	9
0.00352661194034801	0.326881617606465	9
0.00331310900481199	0.435497144626011	9
0.091106537073787	0.159878913147679	9
-0.023762522302499	0.25585391759981	15
-0.081449082461263	0.32750914009944	9
0.111450721411651	0.98608795367958	21
0.095914534099286	1.1014947797195	21
0.055745011886941	1.42334134812167	21
0.10901175214162	0.186578712243762	21
-0.048431017877049	0.459679922558713	21
0.04158381697951	0.317811508675873	21
-0.00782603315214398	0.638274131318968	21
-0.00207374483914902	0.373399508541061	21
0.015291854415438	0.41322115869114	21
0.069697901410358	0.180773402606887	21
0.122399994654295	0.114080672985448	21
0.039578212044643	0.198515509690468	21
0.11036629335378	0.148371646234264	21
0.007354402439954	0.283234169302636	21
-0.036629703970374	0.64078430528182	21
-0.082292819638371	0.328616695781675	21
0.088529488754103	0.180251556047306	21
0.121547037597965	0.114897290153434	21
0.089070595945834	0.270998332618669	21
0.00391344784966099	0.272854230893375	21
0.089630719684926	0.170314517687405	21
0.087582811498569	0.189959026391664	21
0.109654142914604	0.252936229837283	21
-0.116364127964784	0.506240990845447	21
-0.00741747312283902	0.314013389067391	21
-0.044412474146479	0.374814261187183	21
-0.069745840913208	0.441532987338812	21
-0.058038317649882	0.247260909402693	21
-0.050357648275789	0.199966007087567	21
0.083307385697886	0.212593751185049	21
-0.00463390382032602	0.597285264608199	21
-0.028226884848945	0.621139321089633	21
0.022978708790331	0.429226114960547	7
-0.041489632592422	0.599557638300918	7
-0.048218016290305	0.558249520769061	7
0.104797759955155	0.205861102791164	7
0.031042167747313	0.413904709658745	7
-0.109014256073093	0.850394731102138	7
-0.032766503510764	0.501847975735314	7
0.02806888301225	0.3891015000466	7
0.102898082445889	0.112348135284801	7
0.110579961539264	0.215801293887572	3
0.11307296636536	0.262635254338498	3
0.093390919150211	0.148687227969344	162
-0.05965459096635	0.52321056808948	162
0.065579295535546	0.139461562587237	162
-0.00634544396700199	0.270331981752866	7
0.067328875505179	0.150317686346293	7
0.121929066663943	0.114556658795301	7
0.099469926336825	0.124764207940941	7
-0.028099671434405	0.206123441305219	7
0.00672372766037899	0.335564870324646	7
-0.022085704882975	0.346381592970011	7
0.068311370526814	0.212672793006358	7
0.026488608045419	0.318991904445018	7
0.110865507306074	0.0397113788160752	7
0.066443959241136	0.151150652246319	7
-0.021508942552937	0.133948747873007	7
0.11206166710802	0.207505146984532	7
-0.022161241673744	0.710328761548298	7
0.115726060817605	0.267689474400844	7
0.06852756125656	0.275071359300008	7
0.010267556681993	0.162439804084733	7
-0.028269340568904	0.206268642627317	15
0.010789002823596	0.162066058462592	15
-0.081849876287531	0.440771729360957	15
-0.038560369949749	0.566164911957969	9
0.101459917117946	0.223974721502606	9
0.00653873341435501	0.396152394810765	15
-0.035100935943688	0.466348983073784	9
0.013024871747258	0.289452251622707	15
0.040392391866805	0.385671876863572	9
-0.022235731413024	0.134419762727605	15
0.093678871830656	0.988477552812871	21
0.103616791468069	0.263919872335976	21
0.093959988710745	0.563941282805997	21
0.013039148181546	0.939624558597208	21
0.113541146765096	0.347399463467586	21
0.078752473280054	0.399151892146036	21
0.011021750024654	0.694107838418987	21
-0.02322672965201	0.633238965736361	21
0.02533377033283	0.511189973951615	21
-0.025283532500621	0.661338209508278	21
-0.03450321934669	0.63402702261562	21
0.046293582805661	0.337809776039634	21
0.113901877464543	0.172971756834864	21
0.054014294047038	0.259725324690078	21
0.089130177021386	0.179520573900216	21
0.089505678218185	0.179030146683847	21
0.068354678858652	0.222233417776429	21
0.036329715666637	0.188375409886179	21
-0.11373948400389	0.400603601927234	21
-0.116117512549407	0.640173514342332	21
0.114957882345627	0.19693537462521	21
0.067787748895265	0.223016468868542	21
0.083675506068406	0.212051737433502	21
0.104997315602173	0.284737870125793	21
-0.038906984991478	0.567096593091072	21
-0.069204824847841	0.703382930538604	21
0.068281299176023	0.369709811145879	21
-0.035295245051273	0.68886872849578	21
-0.098149428605852	0.641513864469907	21
-0.049877676704523	0.199599255757215	21
0.096814898708021	0.136353808271154	21
-0.011236089833357	0.567985892247176	21
0.041874986611963	0.51938270600359	21
0.01286450596802	0.406809510054731	7
0.00713291280345099	0.334808895038866	7
0.062315229087023	0.128983751372794	7
0.068056064116336	0.0938208034316995	7
-0.109699986957737	0.611279071919091	7
-0.022333557581422	0.134487452099993	3
0.013988473404909	0.458183978198298	3
-0.054494572459405	0.529270034269512	162
0.107564704169106	0.238578738928356	162
-0.017685305765244	0.559689377768218	162
0.124051655845754	0.183622819362318	162
0.068681600868818	0.240289598861384	162
-0.014162010189382	0.442428360508844	162
-0.120217235525406	0.569929066709215	162
-0.02284331080584	0.302339159325569	162
0.099671967051609	0.124571366055155	162
-0.046014121865868	0.293811034251393	3
0.06918966870593	0.18129598874145	3
0.106616087032831	0.0997553104360757	7
-0.066643332268529	0.367722996018654	7
0.092484634331614	0.158312764645085	7
0.048174527858623	0.21308928234101	7
0.090729202375911	0.168966270838095	7
0.105246340714928	0.161968676639776	7
0.093468594298846	0.222077422521792	7
-0.058768622407733	0.24796649465637	7
-0.05130788380924	0.114155707724385	7
0.076906675776854	0.0708228861667735	7
-0.021946757622245	0.134275185027705	7
0.114514673643527	0.0843603481130194	7
0.000299070608598989	0.148080019848136	7
-0.122463298464792	0.242471644868516	7
0.022540448793507	0.240021413798369	7
0.104210343547272	0.206828523829335	7
0.092412491893581	0.336098941297163	7
-0.068000533322996	0.404586393891317	15
0.121214517576083	0.170306525190355	9
0.091293033638608	0.23279159212474	15
0.06994801163976	0.210428043273842	15
0.092655351742163	0.223519588898025	9
-0.00296077386186999	0.322596330551839	9
-0.039774942588268	0.252458272464419	9
0.113954424259912	0.716548868050518	21
0.00333430482458899	0.893410915257502	21
-0.025993673252182	0.698135590469531	21
0.00196758074182701	0.621066383902503	21
0.099990966467591	0.312927720036725	21
-0.027050071774654	0.63138771038633	21
0.023955334386906	0.42671899100526	21
0.068564511307477	0.283079275949768	21
-0.063545583315731	0.482386392686495	21
0.000251630532107	0.429702028906894	21
-0.075014086090288	0.549883933703701	21
0.00549777228241799	0.430484818011839	21
0.112637291897575	0.138486342178011	21
0.035921239217759	0.272784871045182	21
0.015926385794953	0.233816283060623	21
0.090648653742634	0.247522103282783	21
-0.118811300825896	0.607619962607305	21
-0.117008693966379	0.642436884372982	21
0.085435907819018	0.201248676302652	21
-0.067852612174438	0.552782623185887	21
-0.111268466526561	0.576666958051822	21
0.107365048806643	0.159285693860355	21
0.008921933378056	0.281038326151679	21
0.069073729478063	0.181490500171996	21
0.002951105054535	0.274206107706783	21
0.107205197273972	0.159504864318694	21
0.098072177110184	0.323308768921287	21
0.024730347275559	0.503307789802597	7
0.043902525326399	0.39627575506911	7
0.01508248381875	0.455439820447762	7
0.012081721479789	0.35249569825038	7
-0.113089601171979	0.288833281039867	7
-0.048596576297169	0.532406661945493	162
0.00946363965205699	0.488405487916449	162
0.066338870524238	0.261961184294656	162
-0.00402737107706003	0.460168799814948	162
0.116801522151333	0.162625999033468	162
-0.025675185105088	0.437204123850845	162
0.027444961725576	0.328857132545367	162
-0.096416174839282	0.401918360720316	3
-0.024604950549359	0.256688486522742	7
-0.082243559988179	0.328522921007424	7
0.035965266535328	0.188747610785939	7
0.091193624105532	0.159754849847526	7
0.020822534862647	0.242109157146541	7
-0.121139695690997	0.471626054396333	7
-0.00533175733631702	0.2691698014824	7
0.012492421534574	0.290251719047154	7
-0.05168841742942	0.334001549596524	7
0.063993392379971	0.113276482234153	7
-0.021946757622245	0.134275185027705	7
0.000826616566799998	0.147734590135752	7
-0.080374313460103	0.189661122443498	7
-0.03694854235395	0.381151939854671	7
-0.097273844830623	0.403173755294189	8
0.021581300641925	0.171111667090183	7
-0.050175540982743	0.199822159757637	7
-0.122844460016353	0.2427719181186	7
-0.113623824296133	0.289359675440868	7
0.12346445324258	0.113008192667536	7
0.022556882568629	0.239817802517261	9
0.00608283123561401	0.429108082315968	9
0.087037466117537	0.261213625649215	15
-0.097689356852181	0.741567908045794	9
0.052542064153082	0.282042355829888	9
0.117868138401363	0.154969143747425	9
-0.114305770179445	0.543374913090374	9
-0.065295302134452	0.330837345706867	9
-0.065295302134452	0.330837345706867	9
-0.051300571569183	0.333327449504486	9
0.11888524474536	1.33080977565393	21
0.059407848360068	1.01491651000917	21
0.058499770155025	0.69894203527462	21
0.07933296329079	0.379051878763265	21
0.020099731374759	0.93389793271702	21
0.062991134499582	0.475655662013305	21
0.113517236797406	0.28236936319382	21
-0.074765108997631	0.863005545738571	21
0.044693999877213	0.403466600803	21
0.053113370695809	0.458485455529286	21
-0.103697918608215	0.785326235311279	21
0.032650806148982	0.409996967533147	21
0.052669395805703	0.261868585580524	21
-0.084707198189006	0.584205919934168	21
0.029442557542222	0.336575458214857	21
-0.033764114803277	0.463379685965066	21
0.10579606093445	0.197932390956145	21
-0.066690927528488	0.549995296610585	21
0.023107246844142	0.312849375330391	21
0.041451306905912	0.307814800008195	21
0.034450167977652	0.2629005402743	21
0.039629368558133	0.278313212882825	21
0.029636642599559	0.336245837477903	21
-0.061415871152273	0.584384711449132	21
0.087982821285337	0.333721705199487	21
0.04828813327685	0.224694253301428	21
-0.037705153228105	0.382390766972546	21
0.093036084439496	0.215793432225203	21
0.037834279663267	0.281359443493961	21
0.067568064315095	0.17269338116905	21
-0.037963166273491	0.250568182131032	21
-0.065351496029064	0.330907662058544	21
0.096547471685345	0.136623702479705	21
-0.00422039890632803	0.2677669185127	21
0.00297632331821299	0.327813997021783	21
0.075598607727276	0.339928343565369	7
-0.047524010432825	0.530006637166671	7
-0.00308462228330503	0.504578545774763	7
0.04643955215272	0.337530977720499	7
-0.121932788233363	0.573902994802325	7
0.066812137005991	0.0945275789839454	52
0.106603331488829	0.099764184520356	7
0.090070328762972	0.169783260977521	7
0.106024417749025	0.253028884565783	7
0.122090593525337	0.192014961032582	3
0.056097330441263	0.312502951331265	162
-0.093285518928946	0.474629511123549	162
0.00324428913320701	0.327348211393751	162
0.124065259256691	0.140764605272993	162
-0.049979593721627	0.414642209479455	162
0.044635393027228	0.205382972066733	3
0.11353346500664	0.137495624017905	3
0.067457528784758	0.16182548563975	3
0.00847395107377499	0.28166812385464	7
-0.066305415046117	0.332069551303211	7
0.026527378408968	0.248489864938114	7
0.113267385159306	0.137788396286526	7
0.00772760107834	0.282723989422062	7
-0.046422187658269	0.377937401685878	7
0.069642067443873	0.191018589115677	7
-0.122329725591541	0.242364824091801	7
-0.049017041930087	0.198887180097991	7
0.10233447303277	0.112814047100568	7
0.022790104914497	0.170056440440442	7
0.067404715778162	0.357037956063379	7
-0.059834705463215	0.682328383027598	8
0.067724918892467	0.172533126729464	7
-0.109404858905145	0.436845942622088	7
-0.050076100830081	0.199769964396802	7
-0.047068129122511	0.295028393591697	7
-0.083126041787982	0.329615435825378	15
0.09249517779548	0.230700127739759	9
-0.01986967022047	0.400954850689292	9
0.00265627922378101	0.328324224112273	9
0.027337696476508	0.247390659853325	9
-0.038411608994321	0.251049003209869	9
0.010630302153423	0.162181165434051	9
-0.062601703656589	0.290944811335875	9
-0.023909061177602	0.256045494879463	9
-0.104200804503169	0.327579752399386	15
0.086347348075471	1.8770858467164	21
0.072782786159765	0.471598500008689	21
0.035291962795735	0.571273697111263	21
0.115360333571704	0.490226456827699	21
0.015663625543867	0.412309038151619	21
-0.045532888866888	0.853385191687037	21
-0.022326310079545	0.544370676149902	21
0.095110412523047	0.205330892010533	21
-0.082213315422307	0.511832238746491	21
0.068324152580639	0.258553155729669	21
0.014663316216163	0.286961054690855	21
0.108483929633812	0.157816316806469	21
0.097005026960814	0.195175639720939	21
-0.024417092574528	0.39350141855081	21
0.067434845231215	0.251276909980938	21
0.078391770956695	0.304870877825586	21
-0.045543454417822	0.498867198003936	21
0.071147822776862	0.199033102799755	21
-0.024532804563261	0.256731473665479	21
0.040108462058516	0.310286575241522	21
0.056378809855717	0.294053620013311	21
-0.047597873374502	0.458081344313742	21
0.00241096271742999	0.52643496006302	21
-0.013446603101887	0.262281161601894	21
0.021955679202163	0.240761018338159	21
-0.038890521463065	0.251598081027703	21
-0.064704469080804	0.650796182888919	7
-0.024866509307637	0.513052155887877	7
0.115243401764492	0.190934613629746	7
-0.051162019137089	0.333295554030484	7
-0.051056826050713	0.114043873194428	52
-0.030020211602005	0.341203775950655	162
0.116523441623818	0.163048479226519	162
-0.014562836948248	0.40590384246007	162
0.051980357494854	0.252596316116158	162
-0.030840300905861	0.431704406995585	7
0.036693680013736	0.187992006831888	7
-0.023150029897208	0.302734239067344	7
-0.030765971780176	0.342426815346152	7
0.077287962253669	0.0706637074876884	7
-0.120987515061372	0.471331642553697	7
-0.039637870028631	0.336842967297766	7
-0.022916182847222	0.134752097906437	7
-0.022333557581422	0.134487452099993	7
-0.050456951861651	0.20004576912434	7
-0.082444619283219	0.287054715095646	7
-0.078594022858811	0.77353089700414	7
0.019416668424355	0.535085894167996	7
0.108724291408554	0.150343662917839	7
-0.121460852186344	0.365359594083271	7
-0.086524829735055	0.246437182993924	7
0.077366459194204	0.0706266937852931	7
-0.011236457711548	0.211663586864838	15
-0.082286916420462	0.404601801158061	15
0.040798522943455	0.197197440180545	15
-0.051260081334008	0.333411589850575	9
-0.120369408278128	0.87947340516571	9
0.00881193333512001	0.3454040151151	9
-0.071990864137608	0.479042842140472	9
-0.072677920783063	0.480394359754381	9
-0.02265613940282	0.301983276054996	9
0.000683043325648003	0.147831479835287	9
0.021330696075293	0.171284192576538	9
-0.038644598774082	0.251315638018518	9
-0.024287581912773	0.256424792712382	15
0.120103444412006	0.933591451410168	21
0.067313622689191	0.589114551064184	21
0.018871025134427	0.467882137023094	21
-0.048701469931774	0.629490254429433	21
0.083084790623108	0.419284503471099	21
0.122457215668137	0.196336296932421	21
-0.016850054856609	0.671313154923083	21
0.078885321068328	0.331815861032558	21
0.085410310848291	0.285460356062906	21
-0.06140961816585	0.758009962294703	21
-0.05078184764446	0.591783439250964	21
0.025750041657644	0.383359710943234	21
-0.064240996247379	0.329398411545126	21
0.015398937386581	0.23441851472923	21
-0.064398065337325	0.32963494092377	21
0.04646891187189	0.215275630069949	21
-0.069679857092253	0.441413542226317	21
0.098343103820855	0.193245482652408	21
-0.013983821239013	0.26298382771956	21
0.067874573454482	0.161414818580212	21
-0.036523164850111	0.469378466538154	21
-0.057969736331544	0.408860728490804	21
0.109363923554884	0.217995958875995	21
-0.06094311637185	0.446043606799194	21
0.052862426862726	0.251250451187131	21
-0.074734146049237	0.549207426223628	21
0.039603963560784	0.289624675835459	21
0.118913738971236	0.208011135636389	21
0.0791250665682	0.29594130403653	21
0.068482708558886	0.315636747246729	21
-0.029871366382003	0.341045467889403	21
-0.117255724435118	0.507886039149597	21
0.0990655881031	0.12514049313332	21
0.103663300565273	0.111686428978718	21
0.061636510832585	0.129449250399134	21
0.00770131392328899	0.522928258355869	7
0.11872919686075	0.328803936993079	7
-0.106359937090939	1.14079813322244	7
0.052150495490189	0.388357504126775	7
0.016259212950526	0.411043747171335	7
-0.122844460016353	0.2427719181186	52
0.069899271739695	0.312536976123509	7
0.01058494668197	0.162220283724955	7
-0.106549264228472	0.794701489697047	3
0.00611747037007301	0.567681795360797	162
-0.034383064834395	0.721957589993761	162
0.078176276516341	0.326678054144452	162
0.118169630381714	0.287106616884998	162
0.018843122533931	0.572223898047888	162
0.087068585960215	0.342102825864817	162
0.044521895202438	0.205559942992262	162
0.053375641254532	0.280657213460251	162
-0.012066810604147	0.451801697293444	162
0.115138859008286	0.165009654217598	162
-0.086999732958113	0.24691407661681	162
0.092336457960862	0.149751444394919	7
0.043880909942545	0.206329124536967	7
-0.039006856456563	0.251689642590362	7
0.00932681850450301	0.226094579981995	7
0.034927148591953	0.189754591498989	7
0.107124989623778	0.0993802922691628	7
-0.051260081334008	0.333411589850575	7
0.076828210067455	0.0708505061620851	7
-0.079783682732456	0.189267657676448	7
0.077287962253669	0.0706637074876884	7
-0.011236457711548	0.211663586864838	7
0.012265716045081	0.396122660216486	7
-0.077206145969265	0.872404537943918	7
-0.046434137269369	0.843250574101568	7
0.029074789833336	0.564072510413781	7
0.105471852199074	0.305903901252574	7
0.036648825408668	0.18803513315472	8
0.077747764576079	0.0704621510143207	7
-0.021704448369369	0.134133840380632	7
0.122399994654295	0.114080672985448	15
0.090036662335349	0.255497458173329	9
-0.048006062066489	0.601076258196601	9
0.056174655896885	0.294429679616961	9
-0.115979426973972	0.505509801145481	9
0.05048210587995	0.233144155003132	9
0.083522765701994	0.228159022521562	9
0.00281852300615101	0.274363017130472	9
-0.049976812809268	0.199695961940604	9
0.06910493658607	0.1710299997164	15
0.102535550721178	1.27363220999913	21
0.093697235666079	0.622942418264676	21
0.016576011227606	0.942911325843333	21
0.00838013341942601	0.543520156258992	21
-0.034386699676071	0.610224553410802	21
0.00406709182263201	0.509782016835239	21
0.026550600343119	0.441453816540066	21
0.066602227144096	0.252629823237272	21
0.068684390779228	0.181958821375353	21
0.00660795777685899	0.284217690182162	21
0.026392798969211	0.248665876190993	21
-0.023061783306872	0.30264218291771	21
0.00959451629692801	0.225817639005924	21
-0.024275730493717	0.256474400220418	21
-0.113119350070744	0.540856585601531	21
-0.055983974268589	0.373045092366506	21
0.028213633245397	0.338946444007511	21
0.044883165105245	0.33099845710862	21
0.104915433951903	0.169622454261022	21
0.045966650846184	0.348035135223036	21
-0.056655760550685	0.374001540710531	21
0.029630031771027	0.180096310199489	21
0.013171497825842	0.289247977582366	21
-0.081127391882796	0.365582419009129	21
-0.058956514383094	0.248126481289878	21
0.044704269646319	0.412493766195954	7
0.111393087785064	0.214252995882714	7
-0.036577213613188	0.38052668223995	7
-0.067424797076953	0.521476890977957	7
-0.009591903712244	0.209979673554516	7
0.029224816154653	0.180455893641378	7
0.109316695581155	0.21808520265613	7
-0.10416129574831	0.327534451670262	7
-0.107204295559422	0.761523479357231	7
-0.080433392197757	0.189696029834789	162
-0.060515229659937	0.553843945830402	162
-0.059415408626341	0.961387430805009	162
0.055094664939828	0.474783148895514	162
-0.064557406351108	0.621415455028572	162
0.120779818196168	0.151099176293951	162
-0.046251115499879	0.50029657254562	162
-0.010354761386245	0.359065326010285	162
-0.105206986478378	0.328705585449503	162
-0.022383240505668	0.301677844481641	162
0.036532297886557	0.188160473347938	162
-0.079941092824388	0.189365351737144	7
0.036026440848588	0.18866640755119	7
-0.084740037593072	0.289513981354952	7
-0.123101861474633	0.242958388895163	3
0.029918544945599	0.179765969288207	7
0.067507276911809	0.161788325989058	7
0.067894218851179	0.172305647958799	7
0.116517071960029	0.127113002326686	7
0.010429301738318	0.224865754034213	7
0.077747764576079	0.0704621510143207	7
0.110938359837002	0.039690044647997	103
0.077287962253669	0.0706637074876884	7
0.009496682406234	0.162954092703361	7
0.045787410214641	0.329355276436009	7
0.072029149582612	0.3904749587843	7
-0.092194670418707	0.509640993729055	8
-0.059144423427378	0.248278075133652	7
0.010222188948344	0.162483362670592	7
-0.021704448369369	0.134133840380632	7
-0.021848947526976	0.134213470671699	7
-0.121097355276554	0.364821465414544	7
-0.029218721502158	0.469380086058673	9
0.106529802052444	0.240632950168213	9
-0.090909586803648	0.542665502787649	9
-0.030542924011088	0.342091749286175	9
0.033041400981069	0.265094150669663	9
-0.11347907244379	0.289145532950789	9
0.063090855645736	0.113872788212703	9
0.00116388210368601	0.147482087793726	9
0.040114723567506	0.197925079739799	15
0.079363622978875	1.28119075683867	21
-0.00802105127087799	2.31073773202095	21
0.095977312833057	0.706140324027093	21
-0.014810584484792	0.612092126297707	21
0.003090973099661	0.617229486044651	21
0.0530304359775	0.458754033671539	21
0.080801919613806	0.343248124865918	21
0.105344276982469	0.248896796559269	21
0.098786746366933	0.247640515649795	21
-0.050702227801759	0.4927687719293	21
0.109944807468725	0.185135197529792	21
-0.015816557221758	0.352725282104879	21
0.036579737499069	0.353951611137722	21
0.097069837293605	0.195107629282911	21
0.009803337667628	0.225587528772384	21
0.023436695385068	0.238839953773221	21
-0.00801405789162302	0.314927262179227	21
-0.122241106077037	0.574513672820229	21
0.068301444906206	0.258552652757196	21
0.042007174791781	0.306837633726476	21
-0.069420648189637	0.556392998730628	21
-0.054045379451568	0.370001988768939	21
0.070393179415864	0.21927609636222	21
0.019671540928169	0.305944027063833	21
-0.025148583717794	0.436155496270946	21
0.06724930022824	0.150372285924248	21
-0.058914191009875	0.24811573821906	21
0.013464405500812	0.740917184373393	7
-0.033706165859321	0.85643503154916	7
-0.031222506694539	0.724601768847142	7
0.007235511711188	0.438901784338403	7
-0.114327728683131	0.289954367463912	7
-0.081975061985227	0.328224193189956	7
0.075399237616056	0.367841006440259	162
0.050999118474702	0.373760118839089	162
0.012093379121254	0.503925271716046	162
-0.076756937718826	0.767313022519487	162
0.091352533539776	0.232707502815261	162
-0.107173388096532	0.843676599552136	162
0.104143465654165	0.170681858358305	162
0.01870491191241	0.294350678731627	7
-0.082133955307834	0.328427036751017	7
-0.040143227884067	0.337538493364892	7
0.069580724288115	0.201161830244842	7
0.070773136110343	0.20925881180472	7
-0.02344209253642	0.348620581648103	7
0.00338890232977301	0.273597618394626	7
-0.039369158847519	0.252043370583076	7
0.110617046663885	0.0397781881823515	7
-0.050175540982743	0.199822159757637	7
-0.086500440996294	0.246454343766548	8
-0.029977093447389	0.698525432731205	7
-0.053895800790293	0.369778752037902	7
0.064249936229472	0.113101473355432	7
0.064373516255362	0.113021827490398	7
0.062315229087023	0.128983751372794	15
0.094288616579794	0.147719085602294	15
-0.051376275875232	0.333587273572206	15
-0.091825187579969	0.508897950672212	15
0.060517018330112	0.362805507710536	9
-0.040485159721254	0.461080901300362	9
0.063081739353814	0.113891941310612	9
0.114934211532969	0.0840784464395171	9
0.114495730942146	0.136381551295871	15
-0.049482837674311	0.683100607930858	21
0.093429534584394	0.640098785218408	21
-0.05534650546719	0.79440237316356	21
-0.047892697143551	0.758195539239445	21
0.064182781117108	0.451673738145095	21
-0.033516061756963	0.607767069435635	21
0.021102451524197	0.370977808858548	21
0.122773103192426	0.233292819959954	21
0.090231851147862	0.169577037911962	21
0.034025297048097	0.263611683188313	21
0.068845823036672	0.221525949702416	21
-0.034324376558271	0.299127265139906	21
0.068004762939939	0.284227364766415	21
0.013956298471209	0.361454091574531	21
-0.024468285920452	0.473864706164764	21
-0.00155365574643401	0.320414671392119	21
-0.102015422191155	0.580158868639142	21
0.089961438076673	0.342596216343289	21
0.067883371552125	0.385196574677014	21
-0.100741488097317	0.540303059887777	21
0.023066477018185	0.239337456622016	21
0.00932681850450301	0.226094579981995	21
0.066805915536876	0.150816852690542	21
0.066805915536876	0.150816852690542	21
0.037098582481464	0.187547112770713	21
0.001119022237698	0.381102667034795	21
0.065073412826612	0.414330480048061	7
0.102223219548961	0.423693597927118	7
-0.015135538453687	0.690030801551139	7
0.010259464466156	0.597101573603684	7
-0.012403985680825	0.604521969893277	7
-0.011761131103297	0.569389499668505	7
0.053791810953229	0.409171805997251	7
-0.019931802913767	0.440502122288628	7
-0.023713792074692	0.25575542536842	7
-0.083235239414213	0.329714815581292	7
-0.058413977295726	0.247620701039942	7
0.067606595144841	0.161686034607768	7
0.078678268820749	0.274621375852796	7
-0.113441524448583	0.289182802989698	162
0.109206366010404	0.318605976010871	162
-0.081105202822417	0.897600350581205	162
-0.0885246968404	0.918906407701538	162
0.113893917931316	0.198770353980882	162
0.110365084639475	0.22176539575744	162
0.038901717544453	0.442285144111178	3
-0.00726896905413399	0.313770120862409	162
0.022149130786178	0.24048540490893	162
-0.08130580644852	0.403217857690057	7
0.035884073649853	0.272844665906235	7
0.001210605341433	0.1474564468985	7
0.106459220421405	0.160460240031319	7
0.053544463224584	0.260493199193081	7
-0.123101861474633	0.242958388895163	7
0.000586215491743008	0.147897284378335	7
-0.021848947526976	0.134213470671699	7
-0.079941092824388	0.189365351737144	7
-0.030020390257616	0.341280581699321	7
-0.019234272679243	0.679776246402113	7
0.022881863737262	0.563023301628598	7
-0.022007637623573	0.696820894672659	7
0.101299466269168	0.224269693596763	7
0.030758579607992	0.179033628786629	7
-0.050216861220768	0.199875123159404	7
-0.099408289754722	0.36551800923892	7
0.016781041471635	0.232831150369837	15
-0.069019611687623	0.585146145543558	15
-0.07459091191109	0.640482432411585	9
0.077309138974164	0.292339683954881	9
0.105285500850692	0.205048145633075	9
0.00757852284091001	0.282935085446787	9
-0.057090055542447	0.488290345927434	9
-0.046432505387135	0.294314357329932	9
0.000923457190470989	0.14766120173444	9
-0.051760517099524	0.114337551940054	9
0.046715666066015	1.33357809640992	21
0.09295888971283	0.658092841661865	21
0.00529759339711799	0.651999986169517	21
-0.00172399749125901	0.690625451265384	21
0.032948085171282	0.501369591726442	21
0.027427391646351	0.504845812324217	21
-0.091049458640083	0.818350922825883	21
-0.091339401509698	0.543633694702077	21
0.053461479033222	0.299440849137342	21
0.109087660844572	0.259520979466239	21
0.101593104974167	0.217488474462148	21
0.123774096498422	0.184082938409704	21
0.00808787601016001	0.436871050279832	21
-0.096416174839282	0.401918360720316	21
-0.113592201641151	0.671254219971559	21
0.087149139946164	0.29528168168416	21
0.112962140973396	0.138146218605007	21
0.122321838023161	0.142973100327199	21
0.082939282699887	0.213129228177352	21
-0.054342809198186	0.370525432021136	21
0.069756042081535	0.180702240699327	21
-0.11596425244927	0.764602395420669	7
-0.109776554810451	0.437428597456827	7
0.068249282476108	0.231756008666571	7
0.067881789856385	0.172367240663658	7
0.00000789580044899263	0.21925086169419	7
-0.040168317533151	0.570220114177288	7
0.000462607575571011	0.429238387560447	7
-0.082890103138241	0.287594246678831	162
0.05334008760743	0.465462718016354	162
-0.08153166179699	0.440318549669671	162
0.014128663920867	0.403943731917934	3
-0.051369547343125	0.565842839913087	3
0.00280506816366699	0.391004352689591	7
-0.053147948306488	0.368504944509223	7
0.093717668576703	0.148321377068153	7
0.046774916566906	0.214903097266047	7
-0.120347778070337	0.47022215429917	7
0.117472335103319	0.126107584049342	7
0.109917599494553	0.148924495679429	7
-0.079842810698226	0.189306253830455	7
0.067524311203472	0.0941313907174703	7
0.103503889802913	0.11182185771395	7
0.000572368946193003	0.218690639132691	7
-0.040871068780996	0.461639209190977	7
0.120648294225752	0.242468329767098	7
-0.045129278674656	0.815254244765866	7
0.084101715604958	0.368115784490615	7
-0.019601720811321	0.635039916900035	8
0.066867019382121	0.286379440207419	7
0.067502054639401	0.232888866284887	7
0.112930378001702	0.174425583604458	8
-0.028803595538285	0.206702795399073	7
0.067765357901797	0.161530994505582	7
0.032310786524895	0.266125862844278	15
0.00438255193432399	0.477803289603997	9
-0.088465040564859	0.735125595552679	9
-0.048700032430818	0.460167281192061	9
-0.051707510374264	0.333966607372557	9
-0.058580747426362	0.247798457899284	9
-0.113806105925065	0.289526498281087	9
-0.112373086672743	0.288022876740443	9
-0.011077060461499	0.211513029561762	9
0.062849437113846	0.128576152867721	9
-0.11454739978922	0.40183673479209	9
0.067189731527994	0.162104239003659	15
0.086372596197572	0.191565235695894	15
0.009803337667628	0.225587528772384	15
0.093021164121884	0.7991120471025	21
-0.033902416934219	0.504539817151849	21
0.032938867261982	0.351244075546392	21
0.023416889618981	0.43893589474503	21
0.123537680095835	0.211189538465189	21
-0.047642358667453	0.870622836352512	21
-0.02119886061061	0.751459919079196	21
0.037270222190943	0.500380557276686	21
0.09436689205695	0.293970485659255	21
-0.049874926255269	0.414411968534784	21
-0.06650451226516	0.519241802022834	21
-0.00498896467447502	0.669569424678535	21
-0.056388614555593	0.589275967531538	21
0.015983337543163	0.23376475862081	21
0.015588998196939	0.465523750242419	21
-0.081340361607078	0.85196542533685	21
0.003842119439327	0.479017819218604	21
0.117635134855537	0.237785646729462	21
0.052645118640699	0.444350791972721	21
0.047501903821878	0.464281759589582	21
0.000612765058232989	0.218638313326843	21
-0.082285406703348	0.511960631207189	21
-0.02845162837745	0.206422562975268	21
0.070188338007588	0.583042020164181	21
0.085530348460826	0.480214887143467	21
-0.014032961158434	0.791439393487798	21
-0.083767766538235	0.58195090980005	7
0.044920019041135	0.411933304212482	7
0.101230970660256	0.274889435183633	7
-0.065382305690576	0.681378468559727	7
0.094244821625157	0.147766519463149	7
0.011151758919	0.16178079036033	7
0.062849437113846	0.128576152867721	7
0.099870127542711	0.239311975415257	7
-0.11273768828643	0.288456616346278	162
0.041026229265918	0.530018773670344	162
0.105285088716251	0.392050258232552	162
0.107985194615094	0.350013318815784	162
-0.00644673435790399	0.312463539530585	162
-0.083441796738562	0.644803471577896	3
0.068310976425133	0.202783613634973	7
-0.013927894824474	0.262902527124418	7
0.115573460582915	0.0836604234688562	7
0.06759631115979	0.250998654975914	7
-0.039738895671725	0.527512381378194	7
0.001307452238266	0.147385274496048	7
0.099308711841434	0.124910330419924	7
0.117530258866823	0.126049598201035	7
-0.021993449480125	0.134278402059596	7
-0.081849876287531	0.440771729360957	7
0.017772153131011	0.366024178169479	7
0.052682515494694	0.482545124528553	7
-0.070339172938554	0.836419628568444	7
0.12159970304958	0.219851533358457	8
-0.083495716874303	0.288243890974946	7
0.114877092458261	0.191516871052975	8
0.064240550717198	0.113115012407723	7
0.064638235399883	0.140267622068899	7
0.000612765058232989	0.218638313326843	7
-0.028438974871196	0.20640213222022	7
-0.064342145991371	0.329566535233792	15
0.06899102893702	0.221327698846829	15
0.087635692744803	0.181416728677901	15
0.111076368154716	0.244657566680374	15
-0.035904532389537	0.574862099671224	15
0.066162604740977	0.151403961806655	9
-0.044412474146479	0.374814261187183	9
0.12329730934697	0.242759218612522	9
0.097405738538171	0.256682967119839	9
0.081736255346405	0.253958644112038	9
0.00264239015818499	0.328359874235122	9
0.067938301659825	0.172306829575528	9
0.052292108916307	0.272559411194409	15
0.037934476103264	0.561833627889543	21
0.112185362683434	0.559660119865104	21
-0.062155267596687	1.81013928011351	21
0.056578622052463	0.68560923059158	21
0.082740792177607	0.357091292236627	21
0.095357999364336	0.459355312797025	21
0.117240346639802	0.347417220621868	21
0.043338280171589	0.506325921262266	21
0.124068044927838	0.28612555954602	21
0.053448183673293	0.418120789778753	21
0.04143789110668	0.528947678651216	21
-0.030311835898855	0.574877715549464	21
0.089913104603117	0.242114037489338	21
-0.068151381006909	0.746600536179297	21
0.014720324254999	0.73068373927801	21
0.119869594603808	0.177914018535774	21
0.07026844871133	0.228703675613857	21
0.093861358729958	0.148173562087026	21
0.104355196232685	0.206598464029202	21
-0.005954389858704	0.589523963750549	21
-0.036606997380899	0.469541438315991	21
0.018300732646477	0.663662108464748	21
0.112637291897575	0.138486342178011	21
0.012450941294024	0.39576756243138	21
-0.04657391034345	0.378229941375134	21
-0.103148321663091	0.506984037538269	21
0.110142428967877	0.148648731413042	21
0.099500731173631	0.246222254928177	21
-0.089346531991286	0.951764357566702	21
-0.049854029737183	0.562431738787577	21
0.028097097463909	0.259414202152384	21
-0.099620569162635	0.365812129610574	21
-0.08198221741812	0.404223500300935	21
-0.052521773613391	0.449368947410901	21
-0.057383555061437	0.61966707034188	21
0.113397438538529	0.390138114251186	21
0.036211074761338	0.611299624918229	21
0.114355218500717	0.227308006769357	21
-0.010790282517994	0.579307919817783	7
0.123905175667389	0.140990073645877	7
0.00877288633506801	0.281248112841102	7
-0.123492722482685	0.243239998259869	7
0.036734794664226	0.187940598065846	7
0.03385285509118	0.516468733900926	3
0.041415088361453	0.52090402542005	162
0.085614684522352	0.291952755036789	162
0.104464380951288	0.170250189685567	162
0.039738703826406	0.289377223409373	3
0.020159614630729	0.424912331993672	3
-0.052211625113472	0.524032315857921	3
-0.116115815022022	0.640153346660416	7
0.024613978895991	0.31015158038014	7
0.00260483569613101	0.328441269564187	7
0.113925224443968	0.1370462215182	7
0.112497369608959	0.175064488761975	7
0.055417933548492	0.286586127399738	7
0.05393353418229	0.269887106158851	7
-0.051162019137089	0.333295554030484	7
-0.02581422308692	0.437450348881886	7
-0.016743437143817	0.410060605420337	7
-0.064075013649521	0.483510789725141	7
0.112895189239148	0.174461988375196	7
0.000894758724897998	0.218348799569101	103
-0.049736806651049	0.199508323962674	7
0.036007051290719	0.188691040629633	7
-0.115759076706773	0.40358009048449	7
-0.06171250913731	0.289860476198667	7
0.020181842281037	0.305131656950011	7
-0.037348854321267	0.603621257306868	7
0.004798447049566	0.65377510434458	7
0.034566319755435	0.540344402920758	7
0.098311296072409	0.298658007177256	7
-0.022074851849395	0.594276629035606	7
-0.089913782328335	0.983299961529795	7
0.078476661016128	0.259870533291048	8
-0.122463298464792	0.242471644868516	7
0.106603331488829	0.099764184520356	7
-0.093509200228994	0.436692066296614	7
-0.00400702909892903	0.377051475561478	15
0.096141853070367	0.203745104118683	15
0.018441872939292	0.517722473914803	15
0.040345588550264	0.438192626998366	15
0.0302988806195	0.461947510397841	15
0.080597561305724	0.327446738527368	15
0.000393160652655988	0.382509861859948	15
0.079416638156201	0.250710415046642	9
-0.086795742461947	0.246753835191953	9
0.067973666659919	0.161316405646062	9
0.00690382674009801	0.335220870949337	15
-0.096983620882612	0.40254347967974	15
-0.033317809812212	0.503094296450822	15
0.012878240972963	0.289648955893643	15
0.022384661495629	0.240212413293066	15
0.08077314881628	1.14930877402836	21
0.12108034906464	0.689605902489541	21
0.050594519241357	1.12477395144733	21
0.064228166039802	0.924034922659968	21
0.093680833988719	0.508260390003739	21
0.085022358623487	0.567225859606172	21
0.066474522485312	0.662418035089295	21
-0.057265938900719	1.10488626755711	21
-0.00342060841798503	0.852084634462647	21
0.113699553904791	0.393428583154129	21
-0.005889660169828	0.771711864404337	21
0.014610461020443	0.566491868664684	21
-0.00914491594883798	0.791513932856993	21
0.122938621263193	0.317151448378459	21
0.07420694605269	0.431371319249549	21
0.03272798563292	0.585386321085864	21
0.051306979012481	0.381813924686529	21
0.067130356229751	0.372669932113973	21
-0.075623417754847	0.70441541991194	21
0.029080364394904	0.337258252899553	21
0.122467476206736	0.303162713042803	21
-0.065577687214516	0.682103082295042	21
-0.010451942650404	0.65419827961281	21
0.08287134024849	0.43591502701768	21
-0.00212488152359303	0.713321627601101	21
-0.08277323810602	0.76837797833866	21
0.054759645291712	0.414575064415081	21
0.049506311275316	0.349794780055922	21
-0.100669309825014	0.576953701121713	21
-0.046090371051036	0.595929506266944	21
0.05028368995162	0.366452559545508	21
0.083310641155614	0.47325084565368	21
0.116671542309544	0.338895335512197	21
0.058980105881283	0.486334175736586	21
-0.079060395359242	1.01537307017585	7
-0.044853954147265	0.850840889784001	7
0.000693428663863988	0.218485720335907	7
0.097333411330534	0.13580757314319	7
0.069283013025295	0.20154870423475	7
0.052309732620864	0.241470072782323	7
0.059233762899078	0.314896336285726	3
0.036274616808761	0.420903527934705	162
-0.001712233830298	0.421110811860598	162
0.104022039355619	0.213327659823661	162
0.101058848516604	0.182139743804128	3
-0.036830107900127	0.469988638744215	7
-0.109839116511915	0.611565978625924	7
0.094659794560636	0.213188396105888	7
0.109322755478126	0.186108863958786	7
-0.109336967113486	0.610452615606467	7
-0.123167979012455	0.576542844520613	3
0.105209285319179	0.205152925347964	3
0.016479271658167	0.297864750504542	7
0.081147212412656	0.224034979379266	7
-0.103629770309261	0.668084825663798	7
0.03792421930971	0.281193083989144	7
-0.094552657728173	0.438464753289669	7
0.068609016072261	0.160640062540112	7
0.06632368385491	0.151248257186647	7
-0.010875556637409	0.211322122167181	7
0.036490067155658	0.188207947062531	7
0.021914657694353	0.170845714175316	7
0.062145496575516	0.129112092801626	7
0.016253808147317	0.233452108716573	7
-0.081610580429055	0.366349698638749	7
0.017097437448383	0.367359758626183	7
-0.074977785762986	0.702410131879755	7
0.122640569198943	0.217683688686279	7
-0.115462608489152	0.763207941471249	7
0.068697329869694	0.249172193000844	7
0.070408144845518	0.219250179662508	7
-0.050274324784644	0.563461632768879	7
0.021834895489325	0.314968933287462	7
0.093930979989248	0.148086866651415	7
-0.00890764267474398	0.316244818850754	7
-0.067715083985538	0.369233183921046	15
0.100308244682668	0.183140801861135	15
0.034958116764623	0.357447112010234	15
-0.062129051035315	0.58625948147309	15
0.089227981493786	0.277377337873397	15
-0.097872506249481	0.854092970097606	15
0.054427398424968	0.399275295358272	15
0.028451251631932	0.398984338599929	15
-0.017076996154324	0.485532693118982	9
0.026569526940416	0.392465219333703	9
0.02693352403698	0.329976344233543	9
0.106284094229919	0.203340943443088	9
-0.00474713163528401	0.268453402758454	9
-0.003891279016355	0.267352841422731	9
0.109470506522368	0.149466198296656	9
-0.122799199760431	0.575792164528834	15
-0.11673665894701	0.506943993354121	15
0.046501120015377	1.40750608770979	21
0.074441059032614	0.76286666571931	21
0.056242368498325	0.761034780106623	21
0.103347291357762	0.505722283500683	21
-0.021231642331131	1.17084410183011	21
0.035214244886546	0.887544390495685	21
0.076940009273155	0.535437323271779	21
0.092304399393583	0.352874660731592	21
-0.02829267020453	0.692857240690776	21
0.032996672874942	0.501216346251439	21
0.00410102064353701	0.742692289874109	21
-0.097199153440849	1.23172037397756	21
0.07687835597452	0.470207444942603	21
0.113328906999855	0.273545837427701	21
0.016447160473915	0.600290728493322	21
0.026256604482197	0.579092216201871	21
-0.033036274971867	0.908791117261131	21
-0.069774322280473	0.646444067999542	21
0.110576359840902	0.245715778356368	21
0.087219765868777	0.301641045573152	21
-0.113307663741115	0.877812721321669	21
-0.012788380603139	0.735198773963444	21
0.075032754505646	0.434992373906398	21
-0.068118282602381	0.774148601879168	21
0.009630294764854	0.740476807364002	21
0.050835135560366	0.589072598342936	21
0.110964922130373	0.3667033747992	21
0.092718317721726	0.392526226999272	7
0.054151400803511	0.578079686236583	7
-0.00237803551210702	0.601748042902829	7
-0.01527343271975	0.763282313766002	7
0.08520879798711	0.412401391484738	7
-0.09329863387763	0.474679368991113	7
0.068132460575879	0.161155760246022	7
-0.067534048306606	0.52177074203117	7
-0.050597697386102	0.200136624431954	7
0.063984094229248	0.113295491069645	7
-0.024002035608782	0.303862185057141	7
0.068380579121158	0.231604964451368	7
0.013642611278496	0.405099509495206	7
0.076276200548618	0.358806187437335	162
-0.08985710547672	0.77150429222484	162
0.109841967385211	0.257786625879966	3
-0.100709669125	0.613229083940148	3
0.035733830110333	0.34522043233316	7
0.068560615455768	0.231317710067133	7
-0.060870358620881	0.525894131418241	3
-0.053801293665789	0.451821011511759	7
-0.055110682085192	0.585851154518201	7
-0.067961577553155	0.611882889074887	7
0.11359474735265	0.19923795727299	7
0.091156821458953	0.232985056871344	7
-0.037014595078545	0.381221971769763	7
0.043938023770439	0.206258677291744	7
0.022289948078206	0.1705195806077	7
0.087567376939836	0.181513669428153	7
-0.049130679812312	0.413043817488465	7
0.034097538345076	0.436182646777121	7
0.067589201934489	0.276830811243301	7
-0.00208507846107397	0.321259519599896	7
0.10850910801473	0.18735081609147	7
-0.00422039890632803	0.2677669185127	7
-0.055088034540951	0.371705509619892	7
0.12397108383305	0.140908621591245	15
0.018819693718027	0.375585563865895	15
0.067936084444741	0.250431900261466	15
0.111915872801567	0.207755042166935	15
-0.08916324450604	0.672097477349997	15
0.02585880499904	0.443411183793152	15
0.050068129122771	0.357805310564426	15
0.116563453167103	0.212376098649889	9
-0.070121708937489	0.647514252570358	9
0.068302315206453	0.22231073289077	9
-0.106485339161343	0.473419247644074	9
0.034463795881568	0.262938301444189	9
0.042007174791781	0.306837633726476	9
0.097512763178223	0.201591927786564	15
-0.045982740633679	0.37731746005173	15
0.085921382471843	0.755823120430069	21
0.016349893195425	1.12374644267657	21
-0.00635666250754602	1.39047546201454	21
0.01023144852022	1.02342743082084	21
0.031885009383905	0.84462481746187	21
-0.08081029243364	1.47363835438854	21
0.05336283075856	0.663723097285063	21
0.058024110822755	0.547499477604291	21
0.07685318832064	0.500539413667398	21
-0.040797657757956	0.914917709475336	21
-0.031648785372923	0.654392945260715	21
0.029264617965094	0.57211371251982	21
-0.021333774950549	0.783074029602753	21
0.049167714998772	0.542608663713486	21
0.093183871779829	0.442212093947991	21
0.10682438357498	0.379110316861516	21
0.113038252912661	0.318135336055398	21
0.049787127148542	0.656372006191446	21
0.01439163719782	0.567212554641202	21
0.025271449113447	0.521047113813042	21
-0.021887134073266	0.773100635838593	21
-0.060260706337012	0.655882918584821	21
0.034110871577423	0.416566021833832	21
-0.097077236150503	0.706384154689184	21
0.00875413189625099	0.490311940805505	21
0.081286060625812	0.348457351796584	21
0.026597238173005	0.681565423668891	21
-0.009278268709982	0.792182239287809	21
0.060709729116305	0.601043989099023	21
0.064667377439218	0.501300039833832	7
0.034608621181118	0.531529542215245	7
0.063072377685261	0.113873819887781	7
0.046097092904867	0.215724772951592	7
0.00991917325424299	0.444689768879327	7
0.022693672365357	0.591694504863872	162
0.039598070806626	0.510210074418192	162
-0.013997116984304	0.641341877913436	162
-0.00259388258541399	0.547827447672631	3
0.101225742932879	0.280513819163369	7
0.115501559749749	0.225032263213124	7
0.024798119487436	0.385372245731397	7
0.056894852598701	0.302068312958381	7
0.022752939912518	0.378758330368888	7
0.070456586003253	0.237382683583689	7
0.068305351624704	0.26714373128267	7
0.033711020552058	0.349684144540956	7
-0.04601427184564	0.29372172808153	7
-0.113441524448583	0.289182802989698	7
0.092200742732371	0.158649445050427	7
0.017151403275035	0.232378095626986	7
-0.065781375806301	0.486889406606527	7
0.079403453841773	0.295340721470771	7
0.099281800045207	0.191831141674687	7
0.095343566623162	0.204977405124399	7
0.012306260018	0.352078964791278	7
0.067086143145622	0.277741833836825	7
-0.00120405320121803	0.597838982828635	7
0.089674442445306	0.249392237470775	7
-0.118400020909733	0.697095748356088	7
0.114029571321671	0.198528703025783	7
0.052958761930377	0.28137285047046	7
-0.08372991827601	0.288516100121342	7
0.051447320589271	0.231771837796485	7
0.051895476343082	0.231126649966331	7
0.003155621681073	0.390266874236883	7
-0.068924464861375	0.439951245139477	15
0.05834133830163	0.342764967137916	15
0.121973794330114	0.169169228622668	15
-0.006538629091495	0.367324461360499	15
0.006376390963966	0.440879725032952	15
-0.043392478878603	0.63025094281264	9
0.047824822226447	0.344138755834746	9
-0.057763221571028	0.489668524708926	9
-0.033042178452319	0.50248520341845	9
-0.040314769137141	0.337819281616329	9
-0.00468938785274398	0.268383175079511	9
0.055672847285981	0.276602952049472	9
0.067130749183132	0.251770292144384	9
0.102145192316857	0.222744744697305	15
0.099416698417761	0.191639728547865	15
-0.075528458091183	0.582252699843009	15
0.108823440451065	1.11888579037902	21
0.109655402113237	0.838329465461021	21
0.073143661461389	0.565483579042892	21
-0.03136159534841	1.17215711094008	21
0.082026194873704	0.386029675475788	21
0.024814595535609	0.649753783768924	21
-0.032955978008922	0.717098051399903	21
0.052078471277965	0.617138039306202	21
0.040500552901236	0.604768008242174	21
0.077279540851185	0.39120906126773	21
-0.063270350547757	0.924645045508223	21
0.043482759577281	0.537617627362098	21
0.018596695859508	0.537711278320932	21
0.082259543090384	0.467763313224178	21
0.052322974662034	0.491280758858272	21
-0.080503143186343	0.895482055706507	21
-0.023455793252403	0.747786209971485	7
0.112710267914772	0.346314582982029	21
0.05017495978107	0.233550069107358	7
0.042769695256288	0.207588948036272	7
-0.02213795420696	0.134315084685377	7
0.024884545397797	0.321908027953614	7
0.068835601696892	0.17133049661302	7
-0.028838518075254	0.570591255764063	7
0.095023972003507	0.138104034839873	7
0.059160463698394	0.382282097298355	162
0.09707031901048	0.250938612277003	3
0.102838729373235	0.265632127121134	7
0.118700751442357	0.208412060402803	7
0.079095876376533	0.258895899818737	7
-0.026195818324751	0.396573014054523	7
0.06647789877256	0.261722201605552	7
0.041862335520626	0.306983484437823	7
0.106382880882849	0.197005664136647	7
0.092358969044714	0.230939853405612	7
0.027422913289288	0.39057226979841	7
-0.016955957820137	0.485180089680657	7
0.109720586045948	0.217357073818948	7
0.077900156888794	0.298556891983871	7
0.025045878872626	0.321518507991178	7
0.113394078089592	0.205083737975192	7
0.106540231907791	0.240673673504013	7
-0.121527954340991	0.705722076999503	7
0.054216661756514	0.288778769241151	7
0.052542207287619	0.251723254058276	7
0.008946588244687	0.345157590095883	7
-0.121511373431783	0.472270012610235	7
0.068469837562802	0.182200204223326	7
-0.05516243590423	0.371798659616907	7
-0.023936403627342	0.303798638773007	7
0.050241732871411	0.233407228295592	7
0.102820080166379	0.172455291267932	7
-0.093036759907355	0.582355509700457	7
0.035601273262777	0.273294590304202	7
0.070497809043811	0.303307975186395	7
-0.046371422554224	0.455503159090207	7
0.035168975667391	0.357000096341431	7
-0.04729270502811	0.457407450400163	7
0.068790311395039	0.23096667652967	7
0.093047054432646	0.222870680273811	7
0.053261134132348	0.27099041821818	15
0.022972245252658	0.313074263231597	15
-0.018730271940338	0.39877867572347	15
-0.090945953850357	0.542689968036217	15
-0.115223141949924	0.637741307087224	15
0.123589373164933	0.161178583549566	15
0.004008041087464	0.43391306590381	9
-0.014948600086526	0.406689991677141	9
-0.039761209390954	0.502308976360733	9
-0.03539042986837	0.423808261365176	9
0.092962833729497	0.2230113827838	9
0.035653265311095	0.27320195046601	9
0.079553374674964	0.250485459234891	9
0.122966851071994	0.190451110909354	15
0.102454163041534	0.216049468355916	15
0.032021258037832	1.74536779915873	21
0.01428031795048	0.969724800095157	21
0.107315547926608	0.512812378024352	21
0.123246464998154	0.402812368735668	21
0.049808253731514	0.727936191117607	21
-0.086812184955247	1.44321641476337	21
0.039604525294412	0.571357933752044	21
0.079093239958562	0.424331450112934	21
-0.030813852305434	0.91636792526318	21
0.10618731847054	0.437116725370175	21
0.00282949888980499	0.567058681791876	21
0.076741268103243	0.337146926694881	21
0.102327082944911	0.324290030720944	7
0.081209006105381	0.428511063367637	7
-0.031537442416914	1.00373631909023	7
0.087092498964925	0.482705454457489	7
-0.055654026332302	0.559603391227988	7
0.06696694404889	0.150667189891706	7
-0.093349013486786	0.82665104159785	7
0.047842215219012	0.463257165576618	7
0.051374929500242	0.231889029967995	162
-0.114064555623824	0.401155010612853	162
0.051989244502162	0.241856762418332	162
-0.026563126819457	0.579147349342419	162
0.110915948076296	0.272619951082016	162
-0.083411068650235	0.85997719026254	7
-0.082717434121693	0.512891325483098	7
-0.006579061822024	0.418210790785288	7
-0.076715412861409	0.553651784064959	7
0.011602025662703	0.397678308480376	7
0.052210594335033	0.252248466418521	7
-0.082789522903675	0.512940681717838	7
0.035832012998614	0.272933505307796	7
0.082684194446188	0.221676441272585	7
0.12010676657695	0.243759796587184	7
-0.101288264041913	0.578588319042129	7
0.001579828294974	0.330098965167967	7
-0.036005516824746	0.534429425956661	7
0.018743239533072	0.479073179137783	7
0.107973017297191	0.194451370521053	7
0.055416876432559	0.277028844165099	7
0.070177633164577	0.200369553866138	7
0.002645495028612	0.27460697010163	7
0.119766889467186	0.152480573475451	7
0.069356634330886	0.201453109226297	7
-0.04909370531137	0.413067054643185	7
0.089505678218185	0.179030146683847	7
0.092200742732371	0.158649445050427	7
-0.023411126753176	0.303085747420545	7
0.12223089826324	0.168765982304256	7
-0.026344231600376	0.664831306138161	7
-0.098926773813714	0.608872995826087	7
-0.11665018467866	0.853818645906064	7
0.024552936882534	0.32249586896365	7
0.054246292408151	0.288719905452475	7
-0.101712847113984	0.615474438823572	15
-0.037011048786978	0.536939075951469	15
-0.123401391254432	0.814280593163233	15
0.084224557644501	0.21122972535239	15
0.116813598423947	0.188355154153809	15
-0.083341579672675	0.580954691244292	15
0.069402274329169	0.337087527715945	9
0.017259456536783	0.367152861654281	9
-0.098563074460155	0.642654698781179	9
-0.036770189740616	0.641194032550466	9
0.082795964383292	0.229401329776327	9
0.043157376927442	0.32490401149653	9
-0.054695838139288	0.557311305914779	9
0.112710360254008	0.206362760138663	9
0.035229108523273	0.273868285431721	9
0.069881664697121	0.210534106776612	15
-0.034827305586223	1.06554617515645	21
0.117744255492517	0.693066229768379	21
0.116990890635777	0.445928805490129	21
0.112973902896255	0.564946412288325	21
0.044841179964565	0.947466701585557	21
0.086428251853311	0.633684087363964	21
0.121959810705577	0.427622454226667	21
0.101448825617673	0.548303684323786	21
-0.00522308298698898	0.842684423540331	21
0.113338425484591	0.363800240541955	21
0.094785169285738	0.471296863123254	21
-0.083809648105083	0.992727048947623	21
0.073581240316567	0.490344690551966	21
0.024928430485044	0.583855657901984	21
0.084898453287498	0.445919291620579	21
0.030255177932021	0.785486669174111	21
0.093467240090009	0.501740410338626	21
0.057495891107967	0.631440230128783	21
0.092806755641844	0.149293265157189	21
-0.031458177066528	0.578035706087405	7
0.000451662770992012	0.218786098803235	7
0.025007241563702	0.435000622413839	7
0.077063318142786	0.0707338132116393	7
-0.051509428217989	0.114203380422749	7
0.00838339408153299	0.436131577865625	7
-0.059080864481132	0.248254297546523	162
-0.080216847495123	0.189563353167821	162
0.058906309790248	0.324253101238429	162
-0.041131430223176	0.639192831096358	162
0.034203228719179	0.34863890933455	162
0.115554010789196	0.0836709149409788	162
0.09331355367357	0.284192314801957	7
-0.053928273910454	0.452104938063282	7
-0.017221569572783	0.640194740708003	7
-0.103223855365166	0.582694084364379	7
-0.083273779703349	0.580821609117336	7
-0.050363521290793	0.33215826380008	7
0.054001527374318	0.448042924916914	7
-0.081096625821148	0.701254688512038	7
-0.036882571040584	0.381038377193122	7
-0.097391648967918	0.403311851318614	7
-0.109450005315653	0.436813907759701	7
0.037424606125439	0.282036738210231	3
-0.001975434716526	0.373227973685554	7
0.053183225231457	0.280989629275587	7
0.082719551717392	0.221596327416543	7
0.021622966398453	0.241161529921093	7
0.03377400652552	0.359881166662496	7
-0.122566142715592	0.366846408209782	7
-0.086128393601947	0.928028867048305	7
-0.025116474533834	0.475339795469771	7
0.069161002051195	0.17095687455055	15
-0.044263612798194	0.632897668920933	15
-0.097708118014672	0.708052578131477	15
-0.041057898100566	0.41694570621044	15
0.068421308785732	0.291521782974357	15
-0.01218989583721	0.260765100763753	15
0.018690556091224	0.294327834603195	15
0.102365501581035	0.112740252869347	15
-0.040705984885023	0.338227605130055	15
0.042007174791781	0.306837633726476	15
0.06834068810627	0.160937396185689	9
0.096165969977838	0.210682434891107	9
0.032975196803135	0.265193208813341	9
-0.081317830897514	0.475474909578606	9
0.052990763821894	0.251029486840011	15
0.088336984752735	0.332814659405253	15
0.116019089141564	0.286663612728412	21
-0.019320307030967	1.03867894104476	21
0.071617100995536	0.430943839704224	21
0.065933012819376	0.459259725553184	21
-0.04971011886224	0.658549173143315	7
-0.091550976895041	0.612644959638845	7
0.022103726719166	0.380126488176901	7
0.081161481516371	0.388535924297752	7
0.071448512040506	0.405515509857926	7
0.068754410046932	0.361132641358841	7
-0.083899793993103	0.288634380085881	7
0.021372568328348	0.171287135494086	7
0.030108512835474	0.179659492624757	7
0.02231093657509	0.170485018707542	7
0.106641944389463	0.0997075920110492	3
0.076341094793569	0.331038780439525	162
0.106289992917629	0.0999304679094663	162
0.117559148218187	0.237968955242661	162
-0.032485089420636	0.604599708145069	162
0.084853566288154	0.313711183697188	162
-0.00728649133630299	0.419656403121574	3
-0.075925623951912	0.867572278446867	7
-0.067891122572056	0.369490884774901	7
0.06890829010635	0.20202650650996	7
-0.045857742886757	0.765716213915864	7
-0.08995874078919	0.925017197515198	7
-0.093881106805102	0.437412380200071	7
0.06803867720634	0.172195953922542	7
-0.066947318210735	0.520518082878266	7
0.10643169474998	0.160436536853405	3
0.121603435069068	0.114858792349682	7
-0.082351039514015	0.36732977339197	7
0.087559584586021	0.267182360155053	7
0.055115687317286	0.305496441431782	7
0.042796182740089	0.315565639505358	7
0.095568596572593	0.146284228920449	7
0.00727926339691701	0.283317390688514	7
0.107150451913188	0.0993673401350934	7
0.030065511249636	0.179680639907435	7
-0.099069192100329	1.01437062878966	7
-0.059998718638673	0.655226913567386	7
-0.047597873374502	0.458081344313742	15
-0.065980642181084	0.711575316136415	15
0.068887870922072	0.298624613590795	7
0.057590443966263	0.309532660617862	7
0.081093808495172	0.240066277640971	15
0.109322755478126	0.186108863958786	15
0.035769875879763	0.188884118186844	15
-0.057247239377821	0.646962765846418	15
-0.113661223245795	0.289291734140708	15
0.062515702570341	0.128834933722715	15
0.093930979989248	0.148086866651415	15
-0.121596243631392	0.472422145786247	15
-0.058249540853846	0.409192386109902	15
0.060551480978693	0.362721909361139	15
0.037491214169482	0.362263664382356	9
0.06037962564255	0.39479813602865	9
0.089012829044293	0.284483131120662	9
0.117814974548257	0.297971105009614	21
0.04695711328789	0.624377156448734	21
-0.06239565492709	1.20566379985979	21
0.120843771491658	0.350791183742357	21
0.08009357496052	0.364395728782597	21
0.03656241069856	0.624581338513515	7
-0.039329507067833	1.03558745037889	7
0.049703457483433	0.621501827322419	7
0.00524107679382599	0.843026224261116	7
0.067756991474979	0.498452188475818	7
0.080172964116303	0.49909245167496	7
-0.033514877088049	0.298064172538442	7
-0.022333557581422	0.134487452099993	7
0.00538873890814701	0.430719770780242	7
0.067306906576961	0.0942595441750744	7
-0.10890194490307	0.43597144463375	162
0.021566848891112	0.432672331949984	7
-0.059832531987299	0.443859482030298	7
0.053052455734973	0.240341671352307	7
-0.031603943970599	0.538910540819924	7
0.01831005132916	0.417893707926479	7
0.054914543631816	0.277955267396194	7
0.069951940867775	0.200621273421472	7
0.099507667621226	0.240016891590831	7
0.07950303963052	0.273014324291863	7
-0.019261745675693	0.550381356567816	7
0.050151457807495	0.366716759574812	7
0.014668491947664	0.467832533973855	7
0.01106928727525	0.495513081791424	7
0.03848197786391	0.280289465265404	3
0.00195127805699899	0.329509595749188	7
-0.061122142652389	0.446367782025616	7
0.032589243662202	0.26574758056764	7
0.069168886397652	0.230393296532412	7
0.047299784548635	0.214231319697123	7
0.027069106178389	0.247723102264863	7
-0.00268151413543499	0.265658978941677	7
0.067938741626099	0.284367087779969	7
-0.024275730493717	0.256474400220418	7
0.103259505332821	0.112040521053002	7
0.121402131164644	0.11506446070998	7
-0.069104872122395	0.777576801413023	7
0.047462206122283	0.344888018129868	7
0.00134406011230301	0.517455903567946	7
-0.061364715874887	0.555907128740528	7
0.096876722112203	0.202602640402247	7
0.026377653145764	0.33094886061077	15
-0.035073859309021	0.466310962534213	15
0.02802294940725	0.327934520908364	15
0.107579429424809	0.195081507502984	15
0.00937964857437601	0.433705372131546	15
-0.016535856213808	0.4842197486113	15
0.104789891940238	0.205888938053759	15
-0.065803890271149	0.517922953706958	15
0.115021994382789	0.191289240292099	9
-0.106628098459621	0.640521698410727	9
-0.095471991405029	0.735508814470792	9
-0.00712822683848702	0.454057907844506	15
0.036058202873065	0.42146674140125	21
0.055591060749066	0.522197768441355	21
-0.069093878744323	1.09275537649862	7
0.097186252104036	0.402645585037695	7
0.124398165516806	0.305997632342705	7
0.066294879606241	0.509513604270753	7
-0.013456806496082	0.262374507064586	7
0.044715702185107	0.331530499415706	7
0.114210558186677	0.227585734959692	7
0.070177633164577	0.200369553866138	7
0.108647373677515	0.230787004010575	3
-0.08336566626761	0.708120385037827	3
-0.057890162662089	0.408711054153876	162
0.040357095323024	0.375910690343387	162
-0.108076418174653	0.728363544311656	162
-0.00193551118862501	0.421630830848594	162
0.090015689170256	0.248731632228522	162
-0.123276920565379	0.762092138166009	7
0.022964028889885	0.378318317989339	7
0.096643585817614	0.202969347446635	7
0.03970604405824	0.300389139304886	7
0.089499339314682	0.178971726874515	7
0.0891199839687	0.26412847189336	3
0.067918220562165	0.292531097717983	3
0.093447664995617	0.148623829492038	7
-0.061793521474675	0.290017388203382	7
0.070118223618332	0.190353332895642	7
0.041168096958157	0.196778407634543	7
-0.010310056770737	0.531620883900491	7
0.097512763178223	0.201591927786564	7
0.111022512806289	0.177208274703784	7
0.057195606223053	0.301419449053497	7
-0.076020801371826	0.583427051401469	7
-0.062805249481673	0.58783007908553	7
-0.094403012888527	0.438275770902986	7
-0.00650741470104399	0.452530488821386	7
-0.04576091909974	0.454309280563937	7
0.046490013175953	0.215248252055285	15
0.092288449841607	0.158539451795937	15
-0.00600778258552998	0.417016001335551	15
0.055618794507542	0.304533005213835	15
0.096717204006476	0.264396303068219	15
0.069859455528291	0.304682422664868	15
0.124649500862567	0.140036180887872	15
0.114721341104314	0.165576957528888	15
-0.054703112324511	0.453593754176881	9
-0.021006897122642	0.442774413631023	9
0.00423655908815901	0.433425362498608	9
0.044299144402514	0.322683958716051	15
0.013770767135507	0.288345518469445	15
0.028880948335825	0.697915916080847	21
0.041461061041774	0.383150812474605	21
0.035671793641326	0.35594718924927	21
0.119166528005156	0.311503240413248	21
0.08612794334826	0.567115495013109	21
0.08885010393172	0.412820363508346	7
0.013482131422383	0.349851884242377	7
0.09399489677266	0.221246816003454	7
-0.059123291830723	0.248291590930997	7
-0.022837614113391	0.390586246056223	7
-0.047671000992303	0.626488393482231	3
0.054442952141787	0.297647024085518	162
0.12411760897258	0.18351040517777	162
0.093933466397159	0.21435712882313	162
0.076426544000489	0.323751522042138	162
0.059382415518072	0.331938289810255	162
0.058607909939529	0.342243516759931	162
-0.019931802913767	0.440502122288628	7
0.050153463746033	0.222195661856115	7
0.087808742506587	0.189647756367583	7
-0.118662075605947	0.735260154888531	7
0.079903576971436	0.24985307554185	7
0.00897406267762799	0.345084814174954	7
0.095015397040312	0.267947792189325	7
0.080040489929565	0.249570451555669	7
0.022751642080846	0.325555622597378	3
-0.0315116160913	0.343512327572593	7
0.123402897331391	0.184697904847652	3
-0.00411494710212001	0.460354436862361	7
0.03312132652996	0.264980496664021	3
0.091316366193617	0.252956744191443	3
0.115144007877046	0.20191810352043	3
0.11709521511452	0.187882869668375	3
0.09914753274584	0.12505179399869	7
-0.028633896329049	0.206569217545354	7
-0.011652793172118	0.361398408499798	7
0.069069468065314	0.191713202178909	7
0.051501372649594	0.242644042538859	7
-0.028174410415057	0.466859314919867	5
0.086639341402702	0.31578448507091	7
-0.01530967514078	0.517554134423606	7
-0.031619939358553	0.538835715442131	7
0.00232538136988	0.437652931445228	7
0.00407979675560599	0.478507747885613	7
-0.066027581802511	0.518417320384869	7
0.079392570162925	0.295345484302061	7
-0.083907186331252	0.646052104673315	7
0.024890679160269	0.424379243611024	7
0.087648498806069	0.189851177189414	15
-0.0505775815894	0.332469585977352	15
0.039096413394286	0.198981781610227	7
0.022574004758276	0.313719347969659	15
0.027359646912465	0.329069697096921	15
-0.116126019177462	0.505770068840688	15
-0.075396941017794	0.518680888195818	15
0.042964477740002	0.389174098742779	15
-0.015031747871385	0.516760931238183	15
0.058106635234845	0.343345955879631	15
0.091846260024724	0.224868099345132	15
-0.00361241308107102	0.459175622875015	15
0.119362291650492	0.20197750981939	15
-0.121941936261825	0.796258452220223	15
-0.03454547281912	0.571154653790801	15
0.026764630343185	0.248166494144269	15
0.093538279334575	0.214999154200586	9
-0.000889969711548977	0.319295041588292	21
0.035370523927901	0.273651976774084	21
-0.015219357547953	0.64616702063617	7
-0.043643992917181	0.867417147655541	7
0.084724373417172	0.210413811662565	7
-0.050357648275789	0.199966007087567	7
-0.048096786191145	0.774009715236414	3
0.104053983434444	0.25152763133319	162
-0.071346872394467	0.767373177708317	162
0.049377342894415	0.359292895613651	162
0.09116742707385	0.345101908372698	162
0.035314964937604	0.356701231143544	3
0.121279704837185	0.170206541589922	7
0.051154115245537	0.232180660244367	7
0.12363653781059	0.246270382963911	7
0.089747172825286	0.262779099620213	7
-0.023280328789114	0.30293961529788	7
0.003578328112991	0.326783214275517	7
0.016278329177294	0.411012884309499	7
0.085986275450421	0.200433153647284	3
0.079035055451177	0.273920399627528	3
0.030516383159162	0.394181036914935	3
0.084013724312337	0.203220134579643	3
-0.123111493371038	0.242966235418229	7
0.000636328326997004	0.147819186045245	7
0.021331449358163	0.303211094419375	7
-0.091332998457959	0.710819068668315	5
-0.119938510073903	1.03230394002465	7
0.015082794463114	0.52730255039843	7
0.087102563931295	0.281941794222709	7
-0.045724077805512	0.525659051861088	7
-0.082907577906658	0.329227456924707	15
0.019850734698402	0.305608905497495	15
0.030034978920386	0.17971683741465	15
-0.028074274630915	0.20607175620602	15
-0.039774942588268	0.252458272464419	7
0.09407502509864	0.147947717279991	7
-0.090868364118681	0.64400012577088	15
-0.00780627712969201	0.455698555292256	15
0.025653505062949	0.454244579903306	15
0.020383835079106	0.474649738886748	15
-0.065737532898991	0.682417881145955	15
0.040530583503779	0.197492490640924	15
-0.121047988679007	0.704408422612041	15
0.008649862423904	0.226824125300104	9
0.02498313633617	0.32171915591065	9
0.035585499047671	0.273219641103513	9
0.007925539911422	0.333310332066071	15
-0.121900613873978	0.472879283695797	21
0.088981800377189	0.179719526905497	21
-0.022406584544907	0.301715886354228	21
0.030233012524112	0.647021999139513	21
0.08136812736578	0.422457093547042	7
0.124635422425535	0.239719987621157	7
-0.114493912682858	1.09645162252474	21
-0.012566947341582	0.69254277328165	7
0.028878490726661	0.455940192126303	7
-0.00266885734113298	0.322182309363695	3
0.106811128402424	0.292571361123607	3
0.041736457911873	0.495074239433452	162
0.103288082229096	0.253134760692078	162
-0.092329498290684	0.472895086634942	3
-0.068045861776434	0.55327561764281	162
0.062651349152398	0.373328176682142	162
0.086641539619466	0.275907172068087	3
0.117301713983585	0.181980434147897	3
0.092200742732371	0.158649445050427	7
0.078103489317216	0.283256316373989	7
0.055159351155471	0.296341439429198	7
0.067647501684344	0.309345255348037	7
-0.099777785230719	0.366007371151942	7
0.054244108190249	0.249074889200423	3
0.106042866192208	0.197552100626356	3
-0.013949449662224	0.441928649537574	3
-0.050175540982743	0.199822159757637	7
0.000442640637278002	0.147994203311502	7
0.063727616277926	0.113470545102492	7
0.023241739666245	0.239058621030793	5
-0.081024300282593	0.439358180358532	5
0.119547564587597	0.283395645780432	7
-0.017710259527957	0.674209176969974	7
0.092752436664844	0.329557830091606	7
-0.03481127156993	0.506564751411011	7
0.113112005544134	0.24035111514725	7
0.080783127468031	0.270461806685605	7
0.00394399623910499	0.434077722993992	15
-0.099251045709225	0.365308637107948	15
0.065880807298209	0.151656556456733	15
0.115414136119007	0.0837747443340519	7
0.010176809289684	0.162509724108542	7
0.065304965848782	0.139692495929785	7
0.112093500816694	0.175658728767191	15
-0.080276577430166	0.401550105211602	7
-0.122357176473054	0.47343741729911	7
0.023440178241725	0.476602330987314	15
0.082751960142425	0.213371266932429	15
0.041766346858732	0.392084518135892	15
0.106370790545904	0.298653645224031	15
0.097442414808032	0.289235936191649	15
0.085846066239381	0.311369445317321	15
0.09837819182192	0.193206263029485	15
-0.099558303071585	0.645126298361901	15
0.087356861762505	0.190267675243417	15
0.096841248378509	0.202644387038082	9
-0.05784991494822	0.408348520441059	9
0.093547733627872	0.148520277944232	21
-0.122120011584421	0.473243574305371	21
-0.047118463003119	0.295070310725411	21
0.080259662595985	0.241505677575609	21
-0.082521276753706	0.705650157462255	21
0.089864449583893	0.435059368369766	21
-0.042376419515741	0.875322875507345	21
0.054295478270123	0.415896056604437	21
0.000186591561994992	0.604755537819896	7
0.00308319240188301	0.273998333825082	7
-0.024680375572379	0.393893234735112	7
-0.085979871866386	0.246016647550902	7
-0.104964464550516	0.328489243449985	3
0.028513881173953	0.548104678535827	3
0.082981811398783	0.21306411494252	3
0.025897747435181	0.3318468316624	3
0.045042684225439	0.438014678644344	3
0.100536474160217	0.311565774257005	3
-0.016789243263851	0.354374813268451	162
0.068392742277808	0.192542620549435	7
0.068801291292261	0.181825038949999	7
0.0400003553329	0.37673885894606	7
0.044937547096158	0.321408449459004	7
0.113161729583531	0.137914413451095	7
0.041837802281572	0.307152713305693	3
0.085111371061798	0.193238046037849	3
-0.003638132466662	0.323641798663884	3
0.00810141082479299	0.28221388226668	3
0.091821002913244	0.224913098431222	3
0.01760630901468	0.296066581773482	3
-0.123726536585991	0.577538838833779	3
-0.079724445103633	0.189200395630237	7
0.063860515934769	0.113377323003526	7
0.064659899316465	0.140242257067	7
-0.11290729631328	0.28863524617218	7
-0.063246770013845	0.291601009617586	7
0.063851138491933	0.113381586910251	7
0.068835601696892	0.17133049661302	7
0.093603392285375	0.221901576379593	5
0.090244369664991	0.358900919865228	7
0.114999231591194	0.289429487976224	7
0.121126257493818	0.256548510235957	7
-0.065684545335248	0.852097275723534	7
0.013870145454195	0.458546108845804	7
0.020049141528394	0.37307051531328	7
0.048512219670073	0.224408788763281	7
0.06741198891687	0.233029513212973	7
-0.096903501214617	0.402656785890646	15
-0.122977964865057	0.242878747706938	7
0.064428358254631	0.140425567513733	7
-0.083284868164957	0.329791516363339	7
0.044094646187732	0.206076792593754	7
0.070103749216192	0.20046509169709	7
-0.065718773822656	0.486683834161506	15
-0.112919961608702	0.288654560201593	15
0.069536450152694	0.191042270816263	9
0.051501372649594	0.242644042538859	9
-0.035363036886979	0.613063104593244	21
0.067771677641734	0.232417375396922	21
-0.046356145428291	0.377896483294903	21
0.036282691335609	0.188422983915534	21
-0.015849138431257	0.352685603218131	21
-0.064208456716539	1.00054197318246	21
0.048345590312852	0.545596769973067	21
0.00918878544833099	0.590344679946226	21
0.011632605816192	0.353317257817374	7
-0.116895656834948	0.507159683567847	7
0.058099373711924	0.334728918009418	7
0.069453413646196	0.321452186295184	7
0.112590166921937	0.138563108410024	3
0.05073536243811	0.365189691250473	3
0.019952307215633	0.475831837676447	3
-0.078743673431086	0.774058726438249	3
0.10055006060746	0.306261025216039	3
0.115319689336603	0.164754646084186	162
-0.083390474302059	0.479260718477044	162
0.107377257007802	0.227463636109834	3
-0.090819910240775	0.643697294242191	3
-0.045456741564339	0.376522000162783	7
0.121342558884697	0.198399703168501	7
0.013676581152242	0.40508010780064	7
-0.015722006881354	0.309638817414156	7
-0.081284225591879	0.365763894936168	3
0.085064427332682	0.201767883396567	3
0.103705692227095	0.111639072727276	3
-0.022720351892617	0.134676791179326	7
0.067464110052573	0.0941758280759728	7
-0.085867195422771	0.245914933527285	7
-0.104723832632367	0.328222748752441	5
0.103302020765041	0.112000719717952	5
0.021106005242332	0.539784788829106	7
0.109917599494553	0.148924495679429	15
0.062484996918117	0.128848726543308	7
0.02425136033545	0.310818691635174	7
0.020692131948761	0.304289729147584	7
-0.061453663606392	0.446985891093986	15
0.022940691842924	0.440036930954365	15
-0.108880228629054	0.435982742505855	15
0.068778398778702	0.298920319065856	15
0.082549646260266	0.22189221294227	15
0.097444794107761	0.126519363676294	15
0.010267556681993	0.162439804084733	9
-0.069416050867491	0.406904536552507	9
-0.121016880447502	0.364697471782128	9
-0.082451654985879	0.328792653533085	15
0.069484029355649	0.238988331450486	21
-0.120048017327953	0.610420322025474	21
0.069735342659393	0.210737337548819	21
-0.03656361734089	0.380436826995811	21
0.03392909071811	0.715716905622802	21
0.008282382493325	0.719790762650896	21
-0.015919273861892	0.692869377430992	21
0.060620372264651	0.43878472802459	7
-0.020127199595032	0.515774661407774	3
0.011994393207228	0.481381380077141	3
-0.024600499505777	0.587843866084024	3
0.06751964556161	0.333661653204188	3
0.00897340321679099	0.501141556702348	3
-0.111878131169244	0.859797223552036	3
0.054301379717524	0.26925805122152	162
-0.018856889065341	0.43812093853649	162
0.020889985300495	0.316451734545821	3
-0.083772347614011	0.288579793874982	3
0.068700379390334	0.231117029669526	3
-0.061722114806717	0.4474907875514	7
0.001682905915288	0.329929126748223	3
0.120087309836259	0.152046736681895	3
-0.01281838186473	0.261598152460654	3
0.05403241649645	0.269723884782702	3
-0.042074504573762	0.418897909387202	3
-0.113201618117897	0.670291545086324	12
0.046682374494095	0.327508011215678	12
0.009544503813778	0.225857092188998	3
0.093390919150211	0.148687227969344	3
0.00945127824547701	0.162990583068229	7
-0.023750191384587	0.255841178617435	5
0.107489628608857	0.0991126283555716	5
0.096287842336911	0.136890835478377	5
-0.090118901308267	1.06913946798862	7
-0.038377281932602	0.816318865287475	7
0.019144197233496	0.609861178836184	7
0.077879177101362	0.38948802043199	7
-0.00637579131371202	0.367037315113057	7
-0.039723946022563	0.336968489208599	7
-0.095149827114013	0.399955194603025	7
0.02101812352648	0.171559118601694	7
0.044308307919275	0.205820435936996	7
0.040484279460876	0.197530836888292	7
0.117061500760195	0.126537859564678	7
0.122826009349504	0.113658819837424	7
-0.011435745236295	0.414208610049059	7
-0.076891237619211	0.616209708834528	172
0.112400896134772	0.206784656622722	15
0.055256157925986	0.277344080938889	15
-0.037681212767557	0.497473649209103	15
0.116129047577228	0.183776855679644	15
0.067733389603245	0.268184183513379	9
0.06942080082113	0.220713035434816	9
0.048113124906167	0.343506714636069	21
-0.083368643388302	0.288137723960055	21
-0.052458343304048	0.449211424155941	21
0.121684874233483	0.192702727189487	21
-0.102293990758163	1.06999171959175	21
0.066725926262627	0.395487473258991	7
-0.045829115220205	0.377107357032806	7
0.032010567424261	0.353106233126555	3
-0.122329725591541	0.242364824091801	3
-0.01676840981035	0.354320242268854	3
-0.08760799625971	0.826406000380654	3
0.117687529623479	0.237728834052739	3
-0.037574069542748	0.604273177337558	3
-0.077994915260254	0.829467807732381	3
0.116088156300392	0.127547940146682	3
0.09727199159797	0.201918973085904	162
-0.056882452070968	0.618297670257296	3
-0.037638276658267	0.428024754542831	3
0.070327599610423	0.200161163022385	3
0.051115546429118	0.243214818306953	3
0.068133219407783	0.250124709340755	3
0.101184263604045	0.218178893158756	3
0.044277961380933	0.332400105126104	12
0.015655510817824	0.358196053787302	12
-0.06694954156433	0.36821307103763	7
0.062719704969682	0.128674676604713	7
0.05929735674982	0.389879800092975	7
0.08051493538254	0.356889458303407	7
0.0266484981754	0.441400581214067	7
0.035178965996358	0.367181560051912	7
-0.051590606808135	0.333872594602861	7
-0.034209980411859	0.464358272240167	7
-0.045232683832534	0.376164781026501	7
-0.122329725591541	0.242364824091801	7
0.115813073586397	0.0834931870832173	7
0.064783309129359	0.140140920414392	7
0.102462713608457	0.112668460192282	7
0.069974878687698	0.210355554220722	7
0.085468083437465	0.209338520861449	15
0.076827185280965	0.336920432464669	172
-0.09246983294113	0.614973465028834	172
-0.068255475991303	0.774638137006919	15
0.027664702343262	0.449032528855042	15
0.093186108976174	0.222633542913486	15
0.059373516875811	0.331939709626379	15
-0.083136158892935	0.329482855000451	15
0.061781008923591	0.129366199984691	9
-0.114277759784642	0.401478291367617	9
0.052760594768504	0.251390509509531	9
0.112570840807586	0.138574880538315	9
0.051851091285569	0.252746639873227	9
-0.113950228305374	0.289552830689182	15
0.11457792096352	0.226881362907842	21
0.099469926336825	0.124764207940941	21
0.103802617143007	0.171119975889452	21
0.074217719704134	0.431575872050503	21
-0.076422931480402	0.614942115183876	7
-0.038719992794197	0.647068869880953	7
0.000586215491743008	0.147897284378335	7
0.108042971135326	0.237625375268063	3
0.104645202707317	0.25035175966279	3
0.034135925669888	0.34879572605947	3
-0.053052006960569	0.525960131036691	3
-0.115256362697802	0.884681688478154	3
0.00200291896371901	0.329431294988237	3
0.086453354989887	0.303371879216053	3
-0.012715201715899	0.402169584627101	7
0.070028740017942	0.200570033960589	7
-0.082847693437424	0.579786975425913	7
-0.046518481288719	0.527651319225017	7
-0.020426366146371	0.441544033461152	7
-0.014989324772285	0.308716646174381	3
0.068510639486058	0.231353240478826	3
-0.058036444116155	0.408949375816179	3
-0.072727220883873	0.480463992420317	12
-0.099566983742465	0.610380321207395	12
-0.083493380226879	0.330021380608645	12
-0.063972175245428	0.329041730788211	12
-0.050357648275789	0.199966007087567	7
0.066267109533012	0.138865411896528	5
-0.104361959950208	0.327787163592429	5
0.083785581166797	0.322798279102045	7
-0.097782599178762	0.885666158990526	7
0.032887705340198	0.409444118931434	7
-0.018419473229665	0.474360137308906	7
0.096983063473973	0.202378632331308	7
0.06195080831739	0.129237775238204	7
0.082818742271285	0.221456773322808	172
0.041738676023865	0.382493052466959	15
-0.080495684330852	0.401916260154775	15
0.000773903018188998	0.218480877246703	15
0.108025875412112	0.188040645165589	9
0.036166754721046	0.272371570484891	9
0.086166538302404	0.356432457800388	21
0.034488149949997	0.358403330257764	21
0.122165993513262	0.168855068767713	21
0.056937993376191	0.584336066821176	21
0.036752671014246	0.541422470745043	21
0.054675571237046	0.532234487717993	21
0.054730629697392	0.518438663206016	21
0.112691764161942	0.31060671164077	21
0.054580507803804	0.570345371475636	7
0.097083236320708	0.341756730857088	7
-0.113134553772024	0.670174072317805	3
-0.011794700443747	0.414793707737713	3
-0.108651942875254	0.64550103201836	3
0.100548756027521	0.18285847201931	3
0.122508485080087	0.168348959068018	3
0.080450155394346	0.256399549847364	3
-0.068180722711698	0.522942368081832	3
0.105637670644089	0.242518122002991	3
0.081982984870154	0.222758991690849	3
-0.09713210797919	0.638858823789764	3
0.00812611709073799	0.392810973281013	3
-0.10919780856411	0.610139689709619	7
-0.105118592413684	0.707005660458521	7
0.112830924453248	0.174575654384288	7
0.068312470624275	0.240878444354092	3
-0.042303831683261	0.419321247110139	3
0.106629747950089	0.196618199782511	3
-0.104011712688898	0.508704839148539	3
0.070106861450256	0.288142177057397	12
-0.093725220050595	0.696706684114624	12
0.059654136023653	0.339857877463083	12
-0.084091238306827	0.28887008804013	3
0.106968060342999	0.0995028980376292	7
0.047840300255381	0.225241563265327	7
-0.12335928562248	0.243133184079014	7
-0.083007413616749	0.287735937693064	5
0.096497122532826	0.136680411453605	5
0.109882618868144	0.252503098591865	7
0.046555567461428	0.337303386637037	7
-0.117778113327994	0.906548992146657	7
0.029691790687945	0.336139393949849	7
0.080174964587074	0.241657543731529	7
0.054587903570711	0.297397818195031	15
0.120202167284999	0.177360838685123	15
-0.00785889346503099	0.490562666048243	15
0.062395547008417	0.350124298071483	15
-0.104132450249606	0.6694704558208	15
0.089698534238989	0.269602005999981	15
0.088981800377189	0.179719526905497	15
-0.054192086490553	0.370246477679461	9
0.022696234882495	0.239823389757846	9
-0.025899029518621	0.477081175649501	9
0.124540895937012	0.182795250019772	9
0.102753257056371	0.21553133294085	9
-0.060045971483319	0.84610971791872	21
0.118940404868269	0.274724568518749	21
-0.057130221192697	0.563128707151349	21
-0.124138887896757	1.13071942309341	21
0.054497130219253	0.438905905054346	21
-0.089265774127916	0.980512114417568	21
0.059618284565575	0.567717219291018	21
-0.054341254602315	0.930402113978422	7
0.103737952409487	0.111605500681502	7
-0.0149049085027	0.308594489145193	3
0.00437207317629101	0.272147214534271	3
0.124488953996979	0.182879371804601	3
0.07899887465446	0.317635622036346	3
-0.054731597596133	0.657003052413881	7
-0.099579641026381	0.794259668919624	7
0.080432711326838	0.248766244570512	3
-0.09477635991316	0.438783636190784	3
-0.0280981452877	0.545002557191404	3
-0.042524733973188	0.465139762157626	3
0.079468902535927	0.250578772330559	12
-0.00610593209051802	0.366554094875065	12
-0.115527651146742	0.504605430116227	7
-0.109251925013368	0.436601143555276	7
0.068082970237111	0.161204042742032	5
0.068622338435279	0.171563563286058	5
-0.12354714984483	0.762870610791783	7
0.067864765607272	0.250570561274777	7
-0.042164377937703	0.419062585708731	7
-0.029186850816868	0.428244386755002	7
-0.091685227169708	0.508602901359828	7
0.103496903290345	0.171551176864116	7
0.068915918327541	0.239914566371609	7
-0.009385961099662	0.357257780227663	7
-0.047374096616068	0.409771128909425	15
0.052338023128954	0.241327326190706	15
0.118226636753689	0.180490369383731	15
0.098954326295035	0.247263037547717	15
-0.112273456772767	0.539294001870297	15
0.095209278848341	0.205181625285253	15
-0.09225619943488	0.790883022810692	15
-0.051570419236869	0.494756320830162	15
-0.082717434121693	0.512891325483098	9
-0.085984771198575	0.619230264343756	9
-0.057810634990161	0.408544339068862	9
-0.027440567537911	0.724024158690294	21
-0.011241424644985	0.656985201618877	21
0.00938893410242	0.562086817125831	21
-0.039154662593359	0.819526142683752	21
-0.00313100988706599	0.673966582257801	21
-0.01208040813276	0.659969687280994	21
0.076832830669091	0.37964570511231	21
0.06343013946718	0.460898623054561	21
-0.114989564184254	0.999738750026778	21
0.105434857591847	0.37043908627212	7
-0.075128062030771	0.518106482126641	3
-0.080800572915015	0.402398449936089	3
0.089133223983626	0.179518373818734	3
0.069927897796569	0.304541032376978	3
0.030264495741135	0.256541664821024	3
0.011402574824943	0.452969404580197	3
0.061861946708374	0.367535080306302	3
0.049165146100765	0.350580632236923	7
0.116241977171981	0.189302786581289	7
-0.057229570388315	0.591432619112271	7
-0.072031614296429	0.479098378178265	7
0.099956285893995	0.190839187325633	3
-0.038171355581277	0.334569304350144	3
-0.081372831764116	0.403307803936332	3
-0.00920764121551199	0.316673035689249	3
0.032556976715511	0.341405509380009	3
0.030398947170606	0.34570192347674	3
-0.047597873374502	0.458081344313742	12
0.069509994629828	0.30539287843135	12
-0.113503526517451	0.671242731487978	12
-0.00726666914925001	0.313777592160643	7
0.033958864752985	0.263677988713806	7
0.091544439090566	0.159395293486942	5
0.091763280171991	0.159149385347993	5
-0.037197924603031	0.427231110419924	7
-0.090856787165164	0.577222711402875	7
0.03820315633626	0.280752488661958	7
0.083116264089366	0.220998424034854	7
0.100079010413218	0.238917597122941	7
0.104143465654165	0.170681858358305	7
0.116523699906545	0.188834654447806	7
-0.119472468634731	0.700202576904383	7
0.024481322318285	0.32257221956527	172
0.00204054010958901	0.329345884019013	172
0.021969880500894	0.314731096200039	172
0.084502322116279	0.210816424553266	15
0.089901436021438	0.248963490820411	15
-0.108533951765916	0.729504208748467	15
0.070677863333338	0.228019373327533	15
0.088829550837482	0.18811626181031	15
-0.067832945539479	0.552782702359899	15
-0.116646243770733	0.641571815703364	15
0.037562049343292	0.293070209186781	15
-0.044488051693879	0.374935828167578	9
0.059287788965922	0.442856395356586	21
0.053201835869534	0.495677650764625	21
0.117033550415157	0.279725646420884	21
0.10764499124355	0.232742738467651	21
0.124555562475574	0.263856458644858	21
-0.022364499208363	0.71062318722937	21
-0.044431933949518	0.84908587742523	21
0.093238304958856	0.418652070834138	7
-0.059019544032332	0.410641203423025	3
0.03175408703374	0.412200681803194	3
0.00172178077826901	0.275750636504464	3
-0.04348039827999	0.494274970945234	12
0.023178126707512	0.312686321810876	12
0.035344118557491	0.4233127143012	3
0.10370984131078	0.310558673968146	3
0.004461157741523	0.387672731954018	7
0.038252470369942	0.28067308743996	7
0.116565417030827	0.163012163483874	7
0.082754895038089	0.221497358676667	3
-0.01863162713355	0.398614089780898	3
0.06760949758053	0.241978424220845	3
-0.003280322208427	0.323120030663231	3
0.070254234994828	0.210008766341741	3
-0.121176024338112	0.471542065720629	3
-0.107389070237526	0.912426438880987	3
-0.052839267867339	0.52547538824539	3
0.120434323345914	0.171489021323572	3
-0.000484434977385984	0.510094503275853	3
-0.054234281769215	0.45271588229752	12
0.102002795754199	0.229080300510265	12
0.102845099779585	0.22144090854298	12
-0.119215216112153	0.608533661266874	12
0.049809608742923	0.234076178706408	7
-0.051300571569183	0.333327449504486	7
0.026442190735183	0.248569781516607	7
0.047989578637061	0.225092110176256	7
0.00345481285337901	0.273490035318251	5
-0.03599410051894	0.37946986571241	5
-0.067453029390982	0.368904461067124	5
0.106768765932538	0.196388295035895	7
-0.070290069646536	0.442456817781544	7
-0.059910044602148	0.412052723309028	7
-0.00140768376566902	0.320172866468752	7
0.014182101048942	0.509008439655422	7
-0.093333547997644	0.728929783413095	7
-0.067394879645882	0.521478682720449	7
0.08201144989898	0.222715619301799	7
0.032439919847492	0.410519470838288	7
0.027628338986101	0.339953589157625	7
0.00961163665246501	0.343987687773326	7
0.000712140180547993	0.474504003867218	172
0.016610153869078	0.297684013712985	172
0.117316110880799	0.126277222831494	172
0.017691592303878	0.471028570119954	15
-0.035830860781467	0.424702538080749	15
0.089177259901171	0.257177141530871	15
-0.113526908843962	0.541825479566478	15
0.052490455803326	0.54023301128718	21
0.013746735445406	0.668681180280594	21
0.00541927962178901	0.764333167966455	21
0.084775347884173	0.478681815544646	21
-0.050609466377603	0.617956325922855	21
-0.014655376496038	0.65664243066138	21
-0.093451263452816	0.795049051613789	21
0.018049934497817	0.604299579981879	21
0.027423046777972	0.247278697666504	7
-0.080374313460103	0.189661122443498	7
-0.08659176112135	0.246584127201005	3
-0.08384690430674	0.28854644939946	3
-0.035794972947143	0.424641367921851	12
-0.015736657628858	0.352597962008034	12
-0.09025441789041	0.60956071490641	12
-0.039296280719243	0.25201281064025	3
-0.116143855050084	0.677845519652424	7
0.041380447260922	0.196531441176378	7
0.111326858335157	0.176754881435861	7
0.10845602787543	0.225432884143365	3
-0.070753843847222	0.765050836158147	3
-0.062027883177471	0.585852354848052	3
-0.117202967711324	0.642709829079237	12
0.090082353135381	0.16976663362588	12
0.109542916198472	0.149342834938085	5
0.090138048588587	0.169689349929073	5
0.017657640265278	0.296053966726386	5
-0.045646107013362	0.293354934481283	7
-0.081340632226949	0.365911508778539	7
0.058386204983232	0.367935350951292	7
0.050507578765239	0.365878937167861	7
0.079988492930893	0.249699694743426	172
-0.084263080332222	0.615237847568966	172
-0.011892757693743	0.487030583714728	172
0.068241819833382	0.161032162936474	172
-0.095822005194084	0.44034908367808	172
-0.016043546956899	0.353109367121758	172
-0.107832397062329	0.475540046899742	172
0.117445183205428	0.187272230755909	15
-0.039050097808186	0.251758676900308	15
0.043950896807554	0.323349063718688	15
0.058629752519359	0.324907070173899	15
0.039164193998297	0.290374482976957	15
-0.083480848304963	0.613304804862991	9
0.007792438575764	0.605620192161377	21
-0.010406852027166	0.848565089964384	21
0.106772569200255	0.330060192216795	21
0.098711853263878	0.375447448515148	21
0.123465709384814	0.373581320020315	21
0.064390848065426	0.502216877959734	7
-0.086229479575169	0.246262004082091	7
0.037195087843888	0.282406022412605	7
-0.080648128123382	0.402163346881929	7
-0.080999925781029	0.439347861702206	3
-0.02845162837745	0.206422562975268	3
-0.086750062709661	0.246711839606454	3
0.06436396405169	0.113014157233182	3
-0.08271893905117	0.706148410627692	12
0.053323026037001	0.250538700606267	12
-0.059376060399224	0.522595709574716	12
-0.006882436229185	0.453531203670208	3
-0.046362079871607	0.638871199171833	3
0.119985175080217	0.259281038432974	3
-0.106570765170898	0.640499623261016	7
-0.08128766190782	0.403107048000681	7
-0.081678401203735	0.440552519178094	3
0.124569052666603	0.182724517439557	3
0.101469039524591	0.181557158178671	3
0.092147910715553	0.167183578611746	3
0.061379498406026	0.384284310481965	3
-0.062042434311312	0.716570737125139	3
-0.061442942930253	0.556098304650626	3
-0.057677219087572	0.408332034458348	12
0.092820285173057	0.149222785281699	12
-0.02984732613782	0.386544170445284	12
0.119283648207933	0.178857180761737	12
0.123306870108939	0.141747118611965	5
-0.068745831468205	0.405850099117256	7
0.067189731527994	0.162104239003659	5
0.05048210587995	0.233144155003132	5
-0.00267339288402502	0.374556054401406	5
-0.096221505416992	0.401622570683262	5
0.100922738354166	0.123342446037448	7
-0.02459332016005	0.256832700747948	7
-0.121359216415571	0.471990185361797	7
0.11714869162826	0.211219186869054	7
-0.014919470986903	0.480343151437639	7
0.043222895542451	0.314765379155554	7
0.045160151808314	0.320957965305602	7
0.018257595095911	0.365175306695595	15
-0.045882078715083	0.526074066281184	172
0.052920937804659	0.240532019056528	172
-0.082464982151356	0.367525988002286	172
-0.02404712118721	0.392839022391243	172
0.027709267156994	0.246876799252789	172
0.103611695049255	0.171370293324384	172
0.073133248805267	0.380697736413008	15
-0.042053412315544	0.464284385880727	15
-0.052006575298624	0.622060217872689	15
0.115646326429928	0.224739613912161	15
-0.00174278859636001	0.372776419427811	15
-0.046190508178093	0.455093196222937	15
0.059016723283559	0.332716102853382	15
-0.03943863513215	0.336512714513818	9
0.067398205123229	0.161896958905498	9
0.124185896066122	0.309987199932873	21
0.03692050226842	0.438346653008737	21
-0.090562491568758	1.12555659278513	21
-0.015402569601644	0.646761083782519	21
0.013021806670287	0.550684411740383	21
-0.069223498474378	0.917909903392709	21
0.043250519009157	0.620949126969033	21
0.11426552967097	0.341415457629462	21
0.067765357901797	0.161530994505582	7
-0.109164921378352	0.436421732572135	7
0.113334091151485	0.137723785423131	7
0.053658058476775	0.299073327728869	3
0.064107562062462	0.113201100422931	3
0.062692383104579	0.114130523026303	3
-0.028112190338071	0.206120824317246	3
0.067874573454482	0.161414818580212	3
-0.108442918607825	0.435237682861607	7
0.101832908717458	0.217058309643388	3
-0.11479464342291	0.50309770092991	3
0.001844821428482	0.379651699329823	3
0.052766665240245	0.271809148318067	3
0.015128679878997	0.359246045627841	12
-0.117978494125629	0.605610804486455	12
-0.01211204054189	0.362178583320794	12
-0.082384395121919	0.512194616024916	12
-0.09529873601377	0.43965733892349	5
0.08525668872362	0.201514164366928	5
0.033201205976787	0.264856805315182	5
0.069953631863376	0.200666938483416	5
-0.042483749580688	0.419624678850292	5
0.045381271309287	0.419576027011018	7
-0.051484907379909	0.44719971140911	7
0.095076518324449	0.21250607203822	7
0.022972245252658	0.313074263231597	15
0.054216661756514	0.288778769241151	172
0.00388068863968999	0.388893907450132	172
-0.070938242866463	0.443692320443751	172
-0.105817736341927	0.472220785864271	172
0.035035315057362	0.274123359227188	172
0.106881086595495	0.228374839987432	15
0.1211889880933	0.115269955111156	15
-0.097725039138669	0.674262564949046	15
-0.083128517036547	0.580447117683684	15
0.00762273417360801	0.393904976590409	15
0.079862365821318	0.264880107809833	15
0.095140367203077	0.212349074456312	15
0.035973457607026	0.272711474946807	15
0.095894786101192	0.39363934647162	21
0.069555838414654	0.491966806812104	21
0.097239861173497	0.404226484836172	21
0.055966136279033	0.527316409464428	21
0.051409824614514	0.567746271049079	21
0.095858870732602	0.42004672713767	21
-0.034137254978689	0.529376073797338	21
-0.046894236500193	0.924250260098145	21
0.047518579533492	0.213951827209243	21
0.068324152580639	0.258553155729669	3
-0.070796373649604	0.476593150594039	3
0.117101888360029	0.126502605622536	3
0.00114695109754101	0.473419338410511	3
-0.091385377578148	0.612399071827713	3
0.119856454333739	0.152358577949069	12
-0.036100564686383	0.425177715434083	12
-0.050061577336229	0.491469374459944	3
-0.00412192461884497	0.267580892591038	12
0.01293216697996	0.289595628130783	12
0.047883137560844	0.334546142157069	3
0.112216684884506	0.21276737462745	3
0.027774698620234	0.389749685384679	3
0.017686017198354	0.366319037662306	3
0.069113274070865	0.181466221210164	12
-0.122587081353577	0.242574156802219	12
-0.113454156075754	0.289197208331101	12
0.107671975277361	0.0989738943125252	12
-0.058308859448675	0.594157281777637	5
0.088088293217437	0.180868576166601	7
0.110739189313304	0.147868442364876	7
0.047014949103831	0.214571989254007	7
0.068277162864438	0.240925851450788	7
0.065058097931822	0.139877661946704	7
-0.06099419551638	0.446103657607435	15
-0.035794972947143	0.424641367921851	172
0.027691097680715	0.32855253626087	172
-0.036789096881815	0.380832250505905	172
0.090781054836343	0.233693852087047	172
0.084193527034078	0.202994680100492	172
-0.042887896169712	0.465810881470223	172
0.01609372500806	0.298471887355259	15
-0.030915826484155	0.342664725225994	15
0.112924743970298	0.240624480838147	15
-0.062904571697771	0.994126099006539	21
0.089809622564	0.383987735701232	21
0.092183357448017	0.224315753363215	21
0.021014965263254	0.371057258821755	21
0.069209601512475	0.230350878550041	21
0.083583691995352	0.220248649120352	21
-0.00259777842280601	0.801533579037415	21
0.12445648296529	0.285088000738686	21
0.022200897750122	0.65169058483697	21
-0.00980986836540998	0.446577614969815	21
-0.043900838516343	0.903306354275544	21
-0.000181704068037025	0.148384232437103	7
-0.022575890878387	0.134611873496179	7
-0.032729754555463	0.297093672997275	3
-0.11347907244379	0.289145532950789	3
0.006761232009525	0.395706846551265	3
-0.014755837654365	0.406334245117246	3
-0.022232863311161	0.389416956388386	12
0.102517644574253	0.179939379136522	12
0.00426919312667201	0.387981123286572	12
-0.011968604872096	0.487200536607977	12
0.075920410521072	0.331965715998582	3
0.106974244740609	0.239815379912703	3
-0.024139881745215	0.434039333789442	3
0.068277162864438	0.240925851450788	3
0.00580698248658201	0.337134188961338	3
0.115815233254253	0.190002518363794	3
-0.029773787142418	0.573183486586465	3
0.102948331439921	0.215180426264645	3
0.051275693103975	0.242974306876754	3
-0.083461258938976	0.73982766592249	12
0.113148107145494	0.205572076326904	12
0.030115836004843	0.256753191898298	12
0.010879677927351	0.161957456817497	12
0.015940188885182	0.233787874471876	5
-0.099777785230719	0.366007371151942	5
0.10804964504173	0.0986650672172448	5
0.11636092313197	0.127275892740545	5
-0.053018321497084	0.450124955847835	5
0.068126031784469	0.316399414217065	5
-0.109080111186654	0.850534942349093	5
-0.043954731231396	0.495080650813403	5
-0.052047078832345	0.595134643786356	5
0.116173609463123	0.189411979705714	5
0.124343267568515	0.140430358887965	5
0.119980802179241	0.200877242629444	7
0.121783183781576	0.192508591680367	7
0.113129347899424	0.199995525951868	7
-0.100373844764724	0.539503684955144	7
0.068612439817924	0.202382727934904	7
0.0972833451094	0.135869898296208	7
-0.043590633862227	0.37332099854347	15
0.047233915048698	0.214300101870071	15
-0.045456741564339	0.376522000162783	172
-0.115539677909263	0.504646442062383	172
-0.082777388793624	0.611506336653823	172
-0.01225716464924	0.487876745715328	172
0.03970604405824	0.300389139304886	172
0.00797092996177801	0.393205960780261	172
0.056894852598701	0.302068312958381	172
0.035742688362754	0.273072509690822	15
-0.096162577825396	0.84787481336906	15
-0.023860156652594	0.255998334010772	15
0.101368183452722	0.181643121255847	15
-0.00261674166326298	0.322054224447142	15
-0.051401967046185	0.494403880500571	15
-0.07195074819105	0.478862964557909	15
0.114249960344952	0.312056163182598	21
-0.077181642564625	0.997341304338212	21
0.088501695837396	0.272183393140022	21
0.01315656729309	0.406214259788497	21
-0.047136868549698	0.529067421433179	21
0.051566689655	0.389829748299444	21
0.121889699739113	0.299790257709392	21
0.108179671459071	0.305598682848427	21
-0.060937493414145	1.03591103297188	21
0.017330644268081	0.499674536126505	21
0.085297030973303	0.406683541153754	21
-0.093360976950789	1.26740048415214	21
-0.042114978823534	0.418935483750268	7
-0.027917396201814	0.205962223094542	3
-0.122587081353577	0.242574156802219	7
0.067464110052573	0.0941758280759728	3
0.00087337965133899	0.147667776215454	3
-0.110632367373933	0.438635495009872	3
-0.101725354114664	0.54248185886815	12
-0.066529759564499	0.519581169371809	12
-0.012571326705448	0.362939610165987	12
0.038720923674234	0.302067383305865	12
0.070326523600433	0.20016430799502	12
0.038866580922135	0.290901935495265	3
0.107341728504251	0.239064797325839	3
0.087615248297082	0.267100741022253	3
-0.063779018193941	0.482882918621209	3
0.054295215019488	0.278984728160929	3
0.019632035779585	0.306005830758921	3
-0.092209694839573	0.545557496505116	12
-0.010758172142612	0.211182305583025	12
0.00366772895588899	0.326637658538929	5
0.021872873501471	0.170849133189913	5
0.022123294330002	0.170656982987083	5
-0.10416129574831	0.327534451670262	5
-0.039352288371458	0.336419357655046	5
-0.122263450220365	0.669228632564688	5
0.028420330114503	0.388302949716169	5
0.067539905862765	0.276842554742705	5
-0.092334660344342	0.509912304663487	5
0.02777628770839	0.328369996293009	7
0.102880250178826	0.215312439097537	7
0.090628751137707	0.240830465418543	7
0.103451196760031	0.214325246295269	7
-0.051590606808135	0.333872594602861	7
0.00435091025675899	0.272214670349453	15
0.091916456343248	0.158970766965222	15
0.054554627096514	0.258828790766057	15
0.094386496650376	0.22055634849229	172
0.092272355880765	0.237809780522878	172
-0.112503443711063	0.539779703228243	172
-0.096234403825869	0.670246004046986	172
0.015769386925841	0.358024344976453	172
0.067016368808631	0.269464646558647	172
0.097806149494071	0.249590039122499	15
-0.092653686093909	0.510539706665597	15
-0.09332140377792	0.61696016949075	172
0.117018686158894	0.187996786349781	15
-0.09529873601377	0.43965733892349	15
0.096128999708473	0.137047618756153	15
-0.103805074415015	0.508319750383177	15
0.11709521511452	0.187882869668375	15
0.108006485246358	0.18810899545472	15
-0.065465845121767	0.517190967488559	15
0.00162099419977599	0.380102860349787	15
-0.120501367251114	0.916297868955436	21
0.064282595437743	0.514581991942818	21
0.017618103896444	0.675007239095641	21
-0.010364925355993	0.796913745533769	21
0.099918856162014	0.239182618928841	21
-0.10259880265372	0.700151347416364	21
0.072819623320459	0.423378107964466	21
-0.027753269912638	0.655648574254111	21
0.060986670996956	0.400843135500465	21
0.09106522076103	0.412383163068002	21
-0.059835894396346	1.06496335655423	21
0.061838269914804	0.129300037582445	7
-0.099675704121377	0.36588829771241	3
-0.011161359992067	0.211545148693264	3
-0.041755447047873	0.418283806561545	12
0.040428911142728	0.197605609795454	12
-0.028824284390998	0.384692998525143	12
0.108443636550951	0.231185606849647	12
0.019682030439685	0.305886762645389	3
-0.050119804265846	0.491593544396446	3
0.00929505421607099	0.280502707568373	3
0.032468811127637	0.400067169324567	3
0.00746777064329501	0.394256337346742	3
0.00704294846537801	0.334991103694113	12
0.067374146378997	0.260207134343812	12
0.047018675931439	0.226301551056394	5
-0.120347778070337	0.47022215429917	5
-0.09395547989379	0.437540606869482	5
-0.106562917920783	0.473545984968066	5
-0.117640774315152	0.508524347886548	5
-0.09540369035179	0.400319810941085	5
-0.041845187183114	0.418469013465289	5
-0.030768292497102	0.342326309114559	5
-0.054939531408354	0.371468722224119	7
0.116631134972097	0.244873535249251	7
-0.045591470350726	0.525357459870944	7
-0.093433943720142	0.436631924967107	7
0.068944689471134	0.282423911347973	15
-0.016231260696167	0.44703515489078	172
0.089578484886555	0.17893400611283	172
-0.106261537350414	0.473027833188664	172
-0.080706381867565	0.438868223905482	172
-0.068597043965423	0.405597399731101	172
-0.016187120643346	0.353365498754329	172
0.078594956885886	0.282220245570692	172
-0.080210035583339	0.401423174510297	172
-0.044633764434118	0.375134150315494	172
0.056161772294717	0.338675423295899	15
0.047784016273345	0.362868977441287	15
0.069231748428649	0.329774270436653	15
0.048285329169512	0.361791832099885	15
-0.016789243263851	0.354374813268451	15
0.017632099576871	0.509647730879895	21
0.067489316258462	0.475730935620604	21
0.030352948994308	0.631098986548152	21
0.078610219194213	0.442757522959204	21
0.020594069314397	0.423859305438586	21
0.106560874082759	0.265132205261582	21
-0.114680243168569	0.760886453699362	21
0.111412603053761	0.34105712809154	21
0.089136385045219	0.336612874205483	21
0.071988285987807	0.450881905819431	21
-0.058768622407733	0.24796649465637	21
-0.104964464550516	0.328489243449985	7
0.099590341480713	0.124648096889546	3
-0.022720351892617	0.134676791179326	3
0.000395911321406012	0.147989483806065	3
0.094301164293144	0.147691492549199	3
0.062969852943328	0.128450216265361	3
0.065478272731035	0.152009538760803	3
-0.112104454951369	0.578425572636421	12
0.086447141170381	0.199749790660237	12
0.040003716163507	0.198069000953431	12
0.053983855867975	0.307564048290114	12
0.100252464720938	0.232378407083045	12
0.082818742271285	0.221456773322808	12
0.03026643407223	0.256521116246834	3
-0.076156834735899	0.552545779443367	3
0.09979565295758	0.239465828183415	3
0.029413509448807	0.336680508652546	3
0.099651367111808	0.191280477557988	12
-0.113705023720897	0.671711647261199	12
0.04687762503799	0.33666386505761	3
-0.029195121882991	0.385377555178719	12
0.019031992898496	0.306951703549407	12
0.038621345280594	0.280049615306464	12
-0.00674396035357999	0.312909699454676	5
-0.00282860320595402	0.322437453384292	5
-0.010544366867788	0.359460362670666	5
0.10932146997974	0.149639808862707	5
0.08371825250159	0.220037287238699	5
-0.08261843135292	0.512682394157813	5
0.00608474582686799	0.336639523719888	5
-0.041883535473484	0.600491439832133	7
0.087342286765861	0.190245816182298	7
0.054529733300247	0.278626555128007	172
0.123890910532389	0.141005984184553	172
0.091916456343248	0.158970766965222	172
0.040356081486405	0.309844607077426	172
-0.033032734064937	0.606325426615853	172
-0.067920371331804	0.552987061303464	172
-0.012658810786975	0.524473985410289	172
-0.115394441764684	0.762965848828796	15
0.034773127612427	0.347437586670099	15
-0.031011208962621	0.388426943843084	15
0.106726956837448	0.202581540342102	15
-0.111663372374388	0.577407919936626	15
-0.069417704290746	0.406921874108226	15
0.088469044744573	0.369612075724745	21
0.018819341695111	0.416718598959322	21
0.081446067092257	0.254517087638694	21
0.031629372493226	0.39132351018994	21
-0.107800444101706	0.606736037779573	21
0.018174094019645	0.295206397517215	7
0.107332861627781	0.0992284932351062	3
-0.028112190338071	0.206120824317246	3
-0.091965177038275	0.509181155190979	3
-0.03724011193464	0.381606068052705	12
-0.11704216592536	0.507461803495027	12
-0.093732658071269	0.437094249201137	12
0.029274398792457	0.336942544831665	12
-0.043493055707366	0.562873196178574	12
-0.071761864722232	0.478579489819425	12
-0.101824705429766	0.542659890286661	12
0.022006197252582	0.380067530070119	12
-0.060849104868939	0.582862418487492	12
0.069514820366053	0.273184667856984	12
0.068077446414949	0.258952414747902	12
0.084833941036796	0.202095093349989	3
-0.013975229626847	0.404732000328579	3
-0.033821118494692	0.50431761879319	3
0.011664930776176	0.353228060792201	3
-0.104382237126724	0.509366507239662	3
0.045759989656996	0.338978480787291	12
0.099814348044138	0.233176904923306	12
0.03075226070726	0.414589951684394	12
0.00984368850751199	0.225411378621248	12
-0.124031532957497	0.368579328779259	5
0.099349579729512	0.124858852715532	5
0.091284310401173	0.232828292697496	5
0.097859821594905	0.249464726828993	5
-0.063535913672862	0.482267659575481	5
0.078418279710776	0.267646790913988	5
-0.00432477213820098	0.460860100860253	5
0.09173665180957	0.225061596221093	7
0.099684828025413	0.233419584645147	7
0.124052199302858	0.205337159116267	7
0.008946588244687	0.345157590095883	172
-0.091250474348072	0.61208802427575	172
0.00994412678135501	0.343367253818592	172
0.115159131515703	0.191043747627821	172
0.12184525518407	0.197466491075537	172
0.04647365601153	0.337505460528552	172
0.042565780105841	0.316079313867252	172
0.070611713166649	0.334203325206487	172
0.090182980223625	0.255201343150747	172
-0.071573417696498	0.47819133969315	15
0.083120083429301	0.212846247805172	15
0.00832529079146799	0.281896533623016	15
0.01854786396123	0.364566979575697	15
-0.083922536803848	0.582387904221069	15
-0.115074801041664	0.402641421790312	15
0.069454735184719	0.359372191882277	21
0.026718009564464	0.507049027806455	21
0.021339976513062	0.381641880206265	21
-0.076344869270858	0.676119851201385	21
0.088551954984783	0.453153930238685	21
0.118796807332668	0.281236805125172	21
0.026959650248575	0.594279106357553	21
0.102975863580346	0.363848216930123	21
0.00947355532201	0.763437463014567	21
0.115721584081031	0.31993085233204	21
-0.092194670418707	0.509640993729055	7
-0.013725768524523	0.262669247696001	7
0.102489594164156	0.180087098505063	7
0.077747764576079	0.0704621510143207	7
-0.050604198949642	0.113827694508046	3
0.062679736186913	0.128711059188858	3
0.080978683184078	0.232398551294721	3
0.095343566623162	0.204977405124399	3
-0.025009220165532	0.257284145500592	3
0.069917264326899	0.238236904820202	12
0.005480200142259	0.337653207105113	12
0.006633536192171	0.335719855941238	12
0.00251533824750799	0.328575652389402	12
0.079280144513982	0.243161345482229	12
-0.099985174271079	0.611496764795895	12
0.014496129078068	0.414966384042666	12
0.108513879733598	0.225324252082336	12
0.118688017864477	0.208386610454379	12
0.050212768630672	0.348141596144147	12
-0.034850860467499	0.465833755789542	3
-0.106716009397786	0.64086930257933	3
0.015908485981006	0.357750881875178	3
0.068160225737386	0.275767746910209	3
0.019826601023113	0.361934041921205	3
0.027705439639108	0.389924856096653	12
0.067765357901797	0.161530994505582	12
-0.082369533485244	0.441682598150252	5
-0.050563153023109	0.492513518105317	5
0.021432446471176	0.303034950486937	5
-0.030047799031682	0.53474628271157	5
0.067598175740978	0.259821583322503	5
-0.046438332521038	0.527444484556375	7
-0.053693849721054	0.451663443110133	7
-0.046469740845543	0.455756698198048	7
-0.112452003363375	0.668155759343411	7
-0.102955111781857	0.701154151500025	7
0.09306634345243	0.229679130208816	7
-0.081191402938785	0.402843504718586	15
0.106660691121973	0.196574242240909	172
0.046405760909626	0.32810250943291	172
-0.066668965962187	0.519903623643627	172
0.043796093843437	0.323664790097244	172
0.11912548977987	0.153316032512069	172
-0.054715911179631	0.371112007513125	172
-0.114810879618573	0.847564328910898	172
0.016941370218739	0.355677876566061	15
0.068409142892913	0.258406282165084	15
0.117726673327651	0.125802965956149	15
-0.11665722929908	0.506803359451882	15
-0.092226917309298	0.580537963945656	15
-0.092541173896729	0.546260133850724	15
-0.00935603252760697	0.316884412450714	15
-0.02700040664403	0.666939175232554	21
0.063407649798135	0.517829295304836	21
0.071830304032223	0.507546480513133	7
-0.051260081334008	0.333411589850575	7
0.081849111919395	0.238765431089207	7
0.040586029844283	0.19743548011956	7
0.079339966576134	0.250859422100381	3
0.042557661216753	0.316046817081627	3
0.067382768880682	0.268800601191477	12
-0.036577213613188	0.38052668223995	12
-0.070747971552317	0.679048733072856	12
0.069877385930565	0.220047079422543	12
0.011134311793711	0.441698016242878	12
0.068257433840506	0.299937280274537	12
-0.101651835283353	0.579383330244929	3
-0.030252113098163	0.535324891118403	3
0.079213198246984	0.266145368014405	3
0.02997267436031	0.346531607116422	12
0.06937698897126	0.28959899117832	12
-0.105243067099814	0.510891297625945	12
-0.038208842451893	0.250831378632337	12
-0.121703701032686	0.36574526866941	12
0.112789970363953	0.138327278503218	12
-0.06465622457928	0.329980170851586	12
0.007803114984411	0.282597501666804	5
0.043254517089486	0.207017244233064	5
0.048011043855441	0.343637526506345	5
0.011693486444832	0.440305089106458	5
-0.00280772792571499	0.374824728134529	5
0.107191632086507	0.159502093456951	5
-0.050061577336229	0.491469374459944	7
-0.120269345769354	0.610718165319225	7
-0.051178536386927	0.493928561194293	7
0.08019347441287	0.249349241700318	7
0.114454320132433	0.221652305051061	7
0.109023388617136	0.149975776942584	15
0.117423628758268	0.216018047789125	172
-0.00354170716359098	0.376204860576463	172
0.099252229196522	0.191901907020499	172
0.107973032367324	0.188146618588637	172
-0.064565126795949	0.621365024420371	172
0.057615391096186	0.318271719715351	172
0.069848932568851	0.280571897809189	172
-0.041105243695875	0.572786894982816	172
-0.10933910522721	0.43671683437118	15
0.026987439545659	0.329863795714826	15
0.002014396448655	0.379287923818265	15
-0.046531879188262	0.455949642307103	15
0.099708205502881	0.183960599094323	15
0.067664843472789	0.26830629747096	15
0.068240359246493	0.192721819937155	15
0.107301204155086	0.421227671554067	21
0.112378156526426	0.305294787647103	21
-0.025176298896992	0.932653942551496	21
0.003441611511486	0.754981220044732	21
0.084439977811715	0.430556169417357	21
-0.007653107949392	0.814609916614019	21
-0.028492223380183	0.892447172956947	21
0.020998582327247	0.721958507864189	21
0.119916695077136	0.200995498040057	7
0.067306906576961	0.0942595441750744	7
-0.049397874155398	0.199196406894357	3
0.00117671478953499	0.218043837006951	3
-0.021518688609886	0.443676947050465	3
0.104713613972151	0.20600679733382	3
0.000447355735064992	0.38241872787697	12
0.107973017297191	0.194451370521053	3
-0.034194553306697	0.505213544811675	12
0.112427047556068	0.21237299937419	3
0.011713754580549	0.340012026461625	12
-0.013836095783283	0.404421502431618	12
0.084773323615347	0.210380490890794	12
-0.058041444895011	0.490267356930669	12
0.030407910984164	0.345714019102944	12
0.08136257726906	0.231773501934358	12
-0.068938807668837	0.585030740958095	12
-0.018201143554145	0.397789591843791	3
0.088453259892123	0.180318405290653	12
-0.107305614264298	0.474762726836077	12
0.002951105054535	0.274206107706783	5
0.069599973928171	0.180884089356834	5
0.046097092904867	0.215724772951592	5
0.094467550156207	0.213469942277992	5
0.087961240011546	0.259492672983417	5
0.053862320922842	0.269988546902968	5
0.112656892070845	0.138490374352099	5
0.106525672468027	0.160375049849339	5
-0.012066810604147	0.451801697293444	7
-0.049057391688395	0.412978589954211	7
-0.015314029721555	0.481285377571698	7
0.084502322116279	0.210816424553266	172
-0.005971003205124	0.366301356772525	172
0.025594332725035	0.383524601139697	172
-0.033764114803277	0.463379685965066	172
-0.058116001794641	0.409109597446898	172
0.06850023293357	0.249505757892244	172
0.067853588686781	0.292642947743914	172
-0.03002736287389	0.430091166977617	172
0.101839218987597	0.181029736944341	172
-0.093205232529923	0.582643311178894	15
0.079126537696217	0.251230996794634	15
-0.070479948428823	0.618543423714806	15
-0.091889756870547	0.579704741064578	15
0.027794712140372	0.24675622361818	15
0.066630627652591	0.629254086658678	21
0.097229889224086	0.442078469099683	21
0.111100752964061	0.380459265380702	21
0.083416994386066	0.516531522092181	21
-0.091893540321573	1.0308806830876	21
0.123072553586514	0.330914324808502	21
0.079656120254879	0.371894319337111	21
0.061038988108002	0.535931684141352	21
0.044475833413421	0.615652429924619	21
0.105963295767132	0.372673935149865	21
-0.12316514322846	1.45126244808985	21
0.025019613235801	0.711714413558007	21
0.118675958355633	0.325527265993113	21
-0.022478032238977	0.134552377386226	3
-0.122216076521157	0.242164069834239	3
0.115746845922213	0.19010804505517	3
-0.105568819440721	0.32906222091125	3
0.066036131116768	0.139062626979024	3
0.113686190103668	0.137325405914687	3
0.080537631154201	0.241041396356599	12
0.122512474847495	0.191275572286373	12
-0.0511490660932	0.493758560131268	12
0.122243002183728	0.114242740445031	12
0.015336512604427	0.413105411389845	12
0.09864962424241	0.247936959101249	12
-0.041386581580292	0.417594342727053	12
-0.0733043539095	0.514209885408494	3
0.08081410417284	0.277721883876676	12
0.041414892089707	0.307784665554454	12
-0.098987950081613	0.643719193727533	12
0.112238561694405	0.207161744839902	12
0.035785522390776	0.355577747917602	12
0.083619095489115	0.22019800785491	3
0.059060436049558	0.315163530708042	12
-0.065781375806301	0.486889406606527	12
0.085051313671411	0.209975402685538	12
0.054161909189678	0.288879933670779	12
0.113213260760939	0.205461183401667	3
-0.09462703561215	0.438625100944658	5
0.023242247873435	0.312618263296484	5
0.112830924453248	0.174575654384288	5
0.00367569848699301	0.389250965710752	5
-0.076233399857197	0.583930769031379	5
-0.046027349131472	0.526419246807635	7
0.06716097909922	0.302173411146736	7
-0.071715728366519	0.621676760945808	7
-0.003423578601565	0.424792727494302	7
0.081940661793987	0.222734066093377	7
0.088867099248953	0.257746155608109	172
0.041559702579984	0.307673735768079	172
-0.035240082747605	0.466619815065575	172
0.018121452950116	0.365414653812884	172
0.056020668616576	0.294737193139361	172
0.106799626285417	0.196353794667737	172
0.033639615650118	0.264200721471501	172
-0.045724077805512	0.525659051861088	15
-0.068864138287313	0.614345810011472	15
-0.047094542636682	0.378956292425265	15
-0.034616602083487	0.506178703119376	15
0.09092349084374	0.253743028492595	15
0.075436429107573	0.462123162088824	21
-0.099218377849176	1.27794905279027	21
0.010570892795668	0.606555813539712	21
-0.046733389910788	0.769043638334978	21
0.111160159014211	0.272059479525428	21
0.110922911706309	0.365281701657643	21
0.120977388811457	0.337804275360208	21
-0.121467359043951	1.53151082330729	21
-0.046014121865868	0.293811034251393	3
-0.022091243109116	0.134354832803417	3
-0.094042105383458	0.475972940346483	3
0.037563889279651	0.281802181691682	3
-0.024381509922769	0.393442780835572	12
0.101008917303967	0.182212278693612	12
-0.051998977033725	0.523514214157022	12
0.06992381781102	0.238246964016853	12
0.038872969641878	0.301761103583999	12
-0.042852502365353	0.420299273772757	12
-0.04957131454085	0.41385681427486	12
-0.017993339045872	0.560783136596549	12
0.042284012375546	0.316613810269578	12
-0.039759086814758	0.459536151569992	12
-0.02780861240552	0.544275073017262	12
-0.073903805499123	0.515518328215565	12
0.09426478895518	0.213829218910617	12
0.109461584834214	0.18589190008031	12
-0.100192878760001	0.576078052500022	12
-0.09687824291352	0.705384423491656	3
0.06709509552171	0.277745870154506	12
-0.106063017094876	0.793265468201367	12
0.05934456013251	0.323372429373603	12
0.031550425841535	0.343470193688348	12
-0.100313269738861	0.366695474162008	12
-0.122173487096432	0.47331849874728	12
0.033945491812614	0.263741264212746	5
0.089188827393993	0.263991665500965	5
-0.113334254353348	0.541484338248547	5
0.121353462163827	0.170087792447563	7
0.091574605965422	0.300554674360296	7
-0.1091806372728	0.731547181935011	7
0.024844110699474	0.385347738086673	7
0.027659823311067	0.328624262453531	172
0.00317003994971701	0.273904341808418	172
0.053579694850079	0.260433378481832	172
0.055943847556966	0.294857864487602	172
-0.034149558414882	0.421207024647351	172
-0.065997788738428	0.518418908424395	172
0.010914189513615	0.341584914286177	172
-0.08158519379764	0.475964004044125	172
0.104072925372295	0.207075987952087	172
0.103324418919369	0.214544801235867	15
0.028103439936893	0.339154246547727	172
0.077313581096977	0.28480094795474	15
0.026916868816652	0.247948184822056	15
0.054832151592654	0.287661153932987	15
0.110286806549253	0.352509524851107	21
0.1006542328606	0.388569663657604	21
0.067242608405453	0.393920186280118	21
0.04650433580801	0.522722099651248	21
0.112452328956548	0.259109906241291	21
-0.07615351097072	0.922796343297767	21
0.081974195778801	0.397964122694813	21
0.045516093037511	0.607675247876261	21
0.075622733186576	0.458163839148331	21
-0.068848499933695	1.05406745267299	21
-0.108202595276735	0.434754095484839	21
-0.097644212187568	0.403668729268611	21
0.093918186969721	0.148123167534434	3
0.029875555542763	0.179845515970918	3
0.01309176739254	0.289375333728991	12
0.106299126916242	0.160660615045542	12
0.016423648511684	0.233167154035254	3
-0.104266744339668	0.509154614693871	12
0.116789488007684	0.126831743251752	12
0.100110746114742	0.226346351277856	12
-0.115462608489152	0.763207941471249	12
-0.113677061918822	0.757839740940135	12
-0.083086512987806	0.513638087514934	12
-0.030946749641669	0.431846681088978	12
-0.083573547725942	0.581493515112355	12
-0.06794892793234	0.582493523089728	12
-0.035731908664019	0.424489027923196	12
-0.062080276673611	0.557604723387455	12
-0.092537460982379	0.615165477710068	12
0.098513075951125	0.193007357301465	12
0.03501232243459	0.274120577682036	12
-0.11940570417387	0.699992888387288	12
-0.00550265425950602	0.365422524901734	12
0.122301540945793	0.191646021215603	3
0.044086301974042	0.323102906112979	12
0.121504280212924	0.169863407331344	12
0.00236080601188299	0.424884937108962	12
0.00832892969405899	0.392444094133197	12
-0.047168306216126	0.457197375568607	12
0.093534770998049	0.157068433485231	12
0.026966102113323	0.247893551226544	12
-0.040076375414439	0.337472093943261	12
0.00681382451210699	0.33539859041037	5
0.05193837001298	0.242021560527753	5
-0.070262384495362	0.442457793870141	5
-0.069566432421931	0.407163592010209	5
0.020731359848461	0.304214862421671	5
-0.00786559228073702	0.314691820968564	5
0.010114552300568	0.343078177656629	5
0.086832380950481	0.199236495989779	5
0.087568307978415	0.189942611527938	172
0.058371115463583	0.334073902107435	7
0.053909943242167	0.279742618712071	7
-0.054474277410573	0.529119847678545	7
0.100590009542729	0.189818725074535	7
0.00374400346557999	0.389142952031401	172
-0.000170089365538972	0.383559675124525	172
-0.00293096287789701	0.423777075140483	172
0.100228487799503	0.183298930639484	172
0.031346820364457	0.343826859705822	172
0.113603524812917	0.173406845829099	172
0.091982048035778	0.158900772454496	172
0.11527797382774	0.164814522987505	172
-0.035264310428309	0.423561410770436	172
-0.060292249704621	0.444766418447679	172
-0.038775966869129	0.500009033684593	172
0.068129480603696	0.300232216911965	15
0.086204590507894	0.208182469131055	15
-0.059431828644483	0.522695029211239	15
0.067150104003333	0.260589977507155	15
-0.068268744729125	0.553845393046269	15
-0.109543968014784	0.817158716221568	21
0.076405411349737	0.344887624208333	21
-0.039013408899531	0.886970279419066	21
0.118935060353569	0.321068980516837	21
0.00996626936068801	0.664681341721317	21
0.031027934220874	0.651291659247166	21
-0.080886018994793	1.24144782018634	21
-0.056569885124996	0.757123798050774	21
0.014915874432707	0.682181743480765	21
-0.040206997355473	0.460498610825953	21
-0.051056826050713	0.114043873194428	3
-0.050076100830081	0.199769964396802	3
0.068408998207264	0.171793173143957	3
0.086985079252161	0.19077605207773	12
0.111994033127362	0.175805815447679	12
-0.00468938785274398	0.268383175079511	12
0.03266922937337	0.265641694779648	12
-0.049660122541735	0.414054154752653	57
-0.01442370028172	0.405600816901742	57
0.021266156109244	0.315853041819267	12
0.053444695289864	0.299461668886396	12
0.102065301858582	0.222860855044949	12
0.078304130386564	0.275359922778061	12
0.00757852284091001	0.282935085446787	12
-0.083155763581065	0.675840822423174	12
0.025282987290045	0.384370518815286	12
-0.075902670637161	0.61368552802754	12
-0.103794947451549	0.703519166534562	12
0.019893687910686	0.373457162468843	12
-0.030841985052093	0.342516967060901	12
0.000249053056779996	0.21894649779503	12
0.066403909970628	0.151193077110022	12
-0.122228902047531	0.366447377730001	12
0.029610832991086	0.336168701789405	5
-0.117745777673965	0.605035113845865	5
-0.108193384814028	0.60768904629736	172
0.118739926750105	0.153828654948924	172
0.038662163673524	0.369781301426296	7
-0.042640754413939	0.465430573447344	7
0.123127045218403	0.207076178312017	15
0.057094806298432	0.319314303839686	172
0.00271154835873999	0.274493380057924	172
-0.06785170973562	0.404311564331442	172
0.055672847285981	0.276602952049472	172
-0.018856889065341	0.43812093853649	172
0.00657985463656999	0.383218043669599	172
0.035444725703977	0.356389568591073	172
-0.033039000286506	0.461687107119725	172
-0.075606497933883	0.582438920029588	172
0.014226753067827	0.403860255770538	172
0.056896812731673	0.283777462777773	172
-0.081736283740998	0.671771057849178	172
-0.115204355829129	0.675572895408581	172
0.101060041242205	0.224596415063206	15
0.036596794699326	0.283363034324482	15
-0.012358699338383	0.45243038622113	15
-0.052372970923528	0.876064466526919	21
0.049677615486439	0.457499512254815	21
0.05331128930382	0.426647608234013	21
-0.00991055722656298	0.676035441864006	21
0.076814024837547	0.459776339617677	21
-0.031438271955765	0.97611636373376	21
-0.045915172057813	0.877239431710698	21
0.100829694047164	0.404265928704885	21
0.039019413935713	0.58117931958718	21
0.067697356871003	0.474984149881148	21
0.068069505808252	0.502995797439457	21
0.01011816665504	0.738702789562941	21
-0.074784430735576	1.24696016398544	21
0.074881620578807	0.522477476519498	21
0.089421572733602	0.471234467025434	21
-0.016558296863751	0.353993847283043	21
0.077209369194292	0.0706913846673543	3
-0.04983601086467	0.19959079123509	3
-0.068776695962133	0.584657365619405	12
0.032056919694858	0.266473500367624	12
0.026813785144382	0.248085081244501	12
0.051792708696153	0.242234425809315	12
-0.034627874642439	0.465351508295367	57
-0.014226264939251	0.478629914448777	12
0.099508073588269	0.24622495859637	12
-0.059290817387128	0.52226891160044	12
-0.082920116063052	0.643465778173387	12
0.014347871857649	0.348146991265341	12
0.078592808597062	0.259804776400169	12
0.00266812065139899	0.39126980649467	12
0.089918376676603	0.169958989143225	12
0.104093427621224	0.170750641449348	12
0.00913059844080899	0.402910903800724	12
-0.050465282947632	0.563837081526907	12
-0.104768414006663	0.671231718910614	12
0.056324446317053	0.30318385771919	12
0.020329372583616	0.372541429606522	12
-0.06030729928118	0.52468718868759	12
0.021585365606325	0.241212468060302	12
0.069756042081535	0.180702240699327	12
0.117159885374352	0.12644347894369	12
0.079778042228112	0.272451588836687	12
-0.102465255939796	0.544016143061299	5
-0.050016337974265	0.41468325101356	5
0.051858302347968	0.242133453139331	172
-0.117035804003746	0.767491921493997	7
0.121888153379156	0.16929441723194	7
0.098940937253519	0.241093244461633	15
0.023540854177554	0.312064395791368	172
-0.117390063030005	0.507956823941551	172
0.053938468870005	0.289280288750785	172
-0.053999871018238	0.452268242976195	172
0.099686493358343	0.191246311460375	172
0.052682596061688	0.251492236134769	172
0.054596382882273	0.297410222257644	172
-0.018802176811778	0.398950862020595	172
0.124423185635349	0.182979758389858	172
0.12284001425686	0.142324423086698	15
-0.076658511461851	0.553627841698508	15
0.03188604165282	0.411895108658211	15
0.036204217254319	0.272346709997142	15
-0.02448112296938	0.393606460453894	15
0.058312197320076	0.515144442607653	21
0.017639131177992	0.806624974948604	21
-0.053826602190706	1.02661461062997	21
0.116504385992053	0.265847681251417	21
-0.093149712454934	1.00762830950544	21
0.026011768678942	0.597866450671706	21
-0.11312501864997	1.35175914951202	21
-0.024082724571715	0.392870144087891	21
0.115514094351487	0.0837165305806647	3
0.016310504677435	0.233370763696649	3
-0.022333557581422	0.134487452099993	3
-0.053026418838357	0.450384488755085	12
-0.00406407177097201	0.26754474875753	12
0.10233447303277	0.112814047100568	12
-0.108793129682593	0.435783396836441	57
0.068890725342186	0.290604262926248	12
0.083168572359153	0.212794558181765	12
0.070373299075172	0.279568532796221	12
0.080261850502962	0.249219413942289	12
-0.11710918993802	0.507625459468262	12
0.031192281833049	0.344181932224911	12
0.082514271811479	0.221945855410474	3
0.016161727625398	0.357211632105769	12
-0.061122142652389	0.446367782025616	12
0.079225850396376	0.243246237258414	5
-0.030319016867383	0.341748595672474	5
0.117868138401363	0.154969143747425	12
0.092878642143844	0.223146211113093	12
-0.028875547270844	0.384802359902274	12
-0.034376608778043	0.464789710252103	12
-0.013938896580364	0.262905423514021	15
0.05055792403521	0.233020956362783	15
-0.102966019135059	0.506702096525941	172
-0.031726089558357	0.474818941352613	172
-0.102013638402247	0.504768219824535	172
-0.010774042169255	0.359866971921936	172
0.066566597268348	0.252694726375548	172
0.086533108761087	0.191380496927216	172
0.053092731285647	0.250896214411202	172
-0.00909258203061097	0.409415973182414	172
0.017094814376567	0.232433619591252	172
0.083080862372876	0.221035919120497	172
-0.004575257277805	0.413912558237283	15
-0.057453530059696	0.4890594866266	15
0.023512248246382	0.312137589492937	15
0.115966933021906	0.163857541753455	15
-0.084218445899858	0.549973391130784	15
0.11886684488605	0.179507248267357	15
-0.092513782320704	0.510256369133921	15
0.04338638358911	0.709442269253254	21
0.00883252712482699	0.703190961440732	21
-0.0615441473312	1.20052838785021	21
0.100793943037828	0.310896984991438	21
-0.014961654388695	0.773310756212323	21
0.123312187928988	0.316020137814521	21
-0.04487424842964	0.941266644627522	21
-0.053907743296144	0.964444059406491	21
-0.00176326449116099	0.738411282291928	21
0.021821664913495	0.618371587581953	21
0.047975190760181	0.525090468435283	21
0.091713710857265	0.423995940543956	21
0.115876432113482	0.163980498865524	21
-0.080000277640246	0.18942069044567	12
-0.082097765942534	0.476958645884761	12
0.06889183844749	0.171270293857863	12
-0.030765971780176	0.342426815346152	12
0.122301540945793	0.191646021215603	12
0.00854890339633099	0.281479331767452	57
0.01048280446941	0.342397457682707	57
0.078917364779799	0.243762002697243	57
-0.025157030082731	0.394785222748186	57
0.050261438184319	0.233391623577974	57
-0.00571750678861599	0.416399968419035	57
-0.064541926383043	0.484448164187267	12
0.099052370635993	0.234563178567121	12
-0.074466869588222	0.516756918218021	12
0.085948381369141	0.200525079043034	12
0.107000928654297	0.195968195936611	12
0.094852275683475	0.21287220745996	12
-0.080805032576247	0.47447613971519	12
0.083307385697886	0.212593751185049	12
-0.092872675095507	0.54692342516887	3
-0.046643369760671	0.294557966849721	12
0.031384210502774	0.254921885379317	12
0.112876144390414	0.138245035420825	172
-0.051735055985531	0.494970970492604	15
-0.056587480661862	0.487182905419321	172
-0.035300240997334	0.423545106234627	172
0.11051541078101	0.148194699553216	172
0.113462747218022	0.173587632493635	172
-0.01128739986834	0.450052681635072	172
-0.024723074726834	0.393927591940818	172
0.089766423537834	0.170130145088193	172
0.109356262873854	0.186045827003965	172
0.002513017526943	0.274795124489695	172
-0.022559994005397	0.301918076031348	172
-0.111699588271305	0.577565948261228	172
0.084182426954706	0.211290711497653	172
0.05653710205332	0.302768733835866	15
0.03682630425371	0.283000819363501	15
-0.056999654313006	0.407117804337794	15
-0.00550265425950602	0.365422524901734	15
0.084634285564551	0.210576932890945	15
0.04955383663433	0.714245991736271	21
-0.057281445177735	1.23486519669911	21
0.05367371296653	0.529101821331759	21
0.066998427044226	0.592961903190412	21
-0.012819549086515	0.572617157063676	21
0.043222499974407	0.603427182792252	21
0.10067353144346	0.379946818472071	21
0.045811348461786	0.554601630227334	21
0.056522692013421	0.544438421331019	21
-0.051408627280488	0.114196567167764	12
0.007131271557174	0.283522421407957	12
0.115993688804862	0.0833929609815537	12
-0.00457428246404901	0.268201112056291	12
-0.024226713261724	0.256423591962266	12
0.124277338510405	0.140515466410992	12
0.027798858813665	0.328354764987215	12
0.068763952120414	0.212064609689257	12
0.039578212044643	0.198515509690468	57
-0.016789243263851	0.354374813268451	57
0.029579316065956	0.336269246423132	12
0.111813864542408	0.213484063642825	12
-0.030754619348282	0.431534592702978	12
0.089274771818388	0.243239915892638	12
-0.030922262159724	0.4730081024254	12
-0.024468285920452	0.473864706164764	12
0.0688988695947	0.181714160477089	12
0.043724313556657	0.206511039068333	12
0.069202828616527	0.211468512384744	5
0.04828813327685	0.224694253301428	5
0.10764499124355	0.232742738467651	5
0.120459544419535	0.151545175667983	5
-0.045305328588106	0.376259378160529	12
0.069509094130531	0.211051900841833	12
0.00206863572673099	0.37919618197584	12
0.027937914485232	0.328079444149702	12
0.014449599871149	0.287274821915006	5
0.02168208522333	0.241100855572032	172
-0.062883373509872	0.291237332381514	172
0.120049400612825	0.15209617325182	15
-0.091007947279538	0.542899124509938	15
0.035197825223953	0.346514448511455	15
-0.083070229059243	0.580316475037105	172
-0.04146614739762	0.463108131672013	172
0.016559215108866	0.29771303472055	172
0.00403432946333601	0.388518415794008	172
-0.120109593924466	0.610580034011955	172
-0.035045588631934	0.46626850685858	172
0.017221154974075	0.296737037777221	172
0.052120864117493	0.252385732860974	172
0.070277575491841	0.219361948717964	172
0.03289528727916	0.26531300461504	15
0.120600903383812	0.151354582138463	172
0.068582089411616	0.240440748882878	172
0.088522828525102	0.251473567729517	15
0.061200074771632	0.319280959927756	15
0.052874900481587	0.261551120075884	15
-0.020372067861002	0.401848549054254	15
0.031550425841535	0.343470193688348	15
0.00964405667193899	0.942543428465032	21
0.061429100412111	0.477962937988287	21
0.030889675286281	0.575246174728829	21
-0.041090352764403	0.79900374105325	21
0.100395661908289	0.339636608803987	21
0.057970433916548	0.522908132246062	21
0.069318953386463	0.459290676684768	21
0.020124222828251	0.718411514605568	21
0.066669390862648	0.569723912361553	21
0.022972245252658	0.313074263231597	21
0.063594693445878	0.113556644367664	12
-0.079842810698226	0.189306253830455	12
-0.029480840449124	0.428965370797895	12
-0.011963328209376	0.415216922606173	12
0.090231851147862	0.169577037911962	12
0.016515084039006	0.297707394086112	12
0.003578328112991	0.326783214275517	57
0.014905136674422	0.359681368278328	57
0.094884058575538	0.212819648794867	12
-0.03335061378674	0.503225404217383	12
0.122871787471456	0.167788752735055	12
0.054027667124752	0.279478577250942	12
0.011076832679448	0.354280510589842	12
0.080259662595985	0.241505677575609	12
0.059401640195922	0.331783115046598	12
0.121161270207159	0.170400052260194	3
0.079328774650431	0.265910101583903	12
0.055304214431043	0.286783128763475	12
0.067994729962117	0.172237290173992	12
-0.080556609641435	0.36480622392335	5
0.101459917117946	0.223974721502606	12
-0.075008960390646	0.641795227002395	12
0.067237734615611	0.269067997179489	12
0.069427450368446	0.297571232612879	12
0.090082353135381	0.16976663362588	172
0.053714769711964	0.260206426717972	172
0.041213941046514	0.297624026755893	172
-0.112273456772767	0.539294001870297	15
0.041783445190281	0.307257349393463	172
0.056147139464418	0.312340868125557	172
0.105553093714428	0.161598434298611	172
0.069119496850911	0.230487442759525	172
0.080120708326712	0.241731805253834	172
0.070037597571629	0.219797092470817	15
0.07816692177001	0.260567674458289	15
-0.040334398816375	0.337741614137193	15
0.113400673020054	0.137653459407648	15
0.101285309252636	0.224260668480924	15
0.067949609512036	0.241327617852415	15
-0.045815245725036	0.525882552767532	15
-0.019764766993243	0.477631094598195	15
0.124380760591083	0.285303917023409	21
-0.059452847805788	0.907889355976747	21
0.099025184325177	0.333261356654475	21
0.118346179062855	0.286540371712508	21
0.07232574046818	0.500367313090465	21
-0.00443679280341802	0.870833500003612	21
0.072943332573604	0.538106009068411	21
0.083452721128103	0.423473371689077	21
0.106238674764999	0.100011275402628	12
0.091846260024724	0.224868099345132	12
-0.062560846432071	0.290907996092871	12
-0.123357755245736	0.576847449924596	12
0.114609651445865	0.197543255956425	12
-0.066622969529832	0.367543439026299	12
-0.012975461999078	0.261783565270689	12
0.018188449646165	0.295197499453624	57
-0.010594481376589	0.359544612462275	12
0.090246898931658	0.255089340218487	12
-0.076602108010184	0.584857892507089	12
0.099035838355607	0.234593022827775	12
0.022541837649304	0.379194873662383	12
-0.020222816059648	0.516014729715397	12
0.114020418843821	0.198501003948958	12
0.024391471223571	0.322702766956376	12
0.068034655847353	0.250281977906059	12
0.119576231044899	0.201597642290168	12
0.103315211458701	0.214574771927051	12
0.121032113964268	0.198955559771888	12
-0.096362464141013	0.670611388400448	12
-0.072835437935959	0.714717027936856	12
0.078206986402699	0.268040431187091	3
0.118054999483463	0.209619303369851	3
0.0306890382166	0.345163115709778	3
-0.018257065868255	0.525106484865872	12
0.068459747316119	0.275184100058914	12
-0.101713062813461	0.732403895456189	12
-0.024334147143963	0.47354955609935	12
-0.030906008955102	0.537001571753681	12
-0.066730847982071	0.367889287747494	172
0.106166222485284	0.160819123654524	172
0.090070328762972	0.169783260977521	172
-0.115699267533958	0.638896996133466	15
0.12311537867017	0.212026624550402	172
-0.091025352037561	0.577709704550458	172
-0.057903111129717	0.408724015430388	172
-0.091940286015557	0.544966187521235	172
-0.020121563883208	0.478472532593858	172
0.113813356830182	0.204290797703259	172
0.067451299395118	0.268688473565356	172
0.106832208934943	0.159985337087352	172
-0.025312464712384	0.436483843971884	15
-0.058408546367144	0.409575575993155	15
-0.00307639839782398	0.375340702433792	172
-0.040515824938765	0.461135013323873	15
0.090926050844242	0.233447155790202	15
0.00658469075078899	0.335801704181198	15
-0.061772837876137	0.447596438575462	15
-0.081983773681823	0.609404314389635	15
0.070158136008808	0.237863788022555	15
0.038120732541451	0.280807068436628	15
-0.027226100674674	0.464729265489651	15
0.105850081645157	0.332669583009074	21
0.094066564322257	0.422127182849813	21
-0.085993236274254	1.30948124048682	21
-0.054880163580784	0.792516225878939	21
-0.031612196052012	0.690625467604383	21
0.073934394818349	0.473115707460177	21
0.054178174152126	0.485098024506141	21
0.112334620887238	0.365793339696867	21
0.089952164024545	0.39423049904866	21
-0.070304242459927	1.1719791872025	21
0.071841068350641	0.480332155942559	21
0.047278073560014	0.214253327049846	21
0.115274234977532	0.0838733809435757	21
0.044251267383753	0.205888740839828	12
0.00279719054042599	0.328065540744107	12
-0.0414365705903	0.417637400299093	57
0.105045975792916	0.169455581817203	57
0.117704398811985	0.210272942201334	12
-0.076541617059431	0.76659207042344	12
0.054898322124115	0.25819650355826	12
0.039532876348088	0.289746197616879	12
-0.076470043387708	0.615150598460536	12
0.088637324845875	0.271869263808377	12
-0.083012727450221	0.547250146474326	12
-0.00267339288402502	0.374556054401406	12
0.078583579847423	0.259788280757225	12
0.053862320922842	0.269988546902968	12
0.03970604405824	0.300389139304886	12
0.00877277684478201	0.28126383436916	12
0.020372198625352	0.304795045635296	5
-0.031790452429919	0.389776374625211	5
0.052639963015579	0.261917349404238	5
-0.028875547270844	0.384802359902274	5
-0.060764475966077	0.445653099510698	5
-0.010684213844659	0.35971209753205	12
-0.030070326149956	0.47123278310117	12
0.012038303086807	0.408637507701707	12
0.021330696075293	0.171284192576538	172
0.107282200451277	0.0992352390750748	172
-0.068670793476668	0.405721234304354	172
0.050926746902555	0.232527412345435	172
0.038362835826911	0.434466055445741	15
-0.037713445439834	0.497439284838947	15
0.052568821407264	0.272078686697183	172
-0.092613809855566	0.546354956425721	172
0.117316854098877	0.187509517880511	172
0.040858144179124	0.308915010857419	172
-0.024929170004211	0.513240686670276	172
-0.005367720706213	0.365162671294181	172
-0.054641885112044	0.370961330463199	172
0.014223340844567	0.287636461689986	172
-0.019829288034555	0.47778193414597	172
0.098178565518787	0.193493638441655	172
0.091675641510438	0.159245305844447	172
0.026442190735183	0.248569781516607	172
-0.110193897126626	0.438020787498567	15
0.119804501927581	0.152413582024507	172
-0.052891300554302	0.450116851173944	15
0.068972884188646	0.221239739697885	15
0.098676682983685	0.254077462920986	15
-0.013458822661133	0.490859177963348	15
0.096293892103192	0.252507618992664	15
0.09019349074444	0.241608796065587	15
0.12025163355055	0.227367218031346	15
-0.011141437385402	0.449720662469028	15
-0.093121011214002	0.582508692390702	15
0.039167522081617	0.842025271083451	21
0.047347048615435	0.798961839385321	21
0.032342113992678	0.607180459480646	21
0.027385419100778	0.583731165985701	21
0.019233122060337	0.515273995643517	21
-0.020893669054401	0.554935850700774	21
-0.014048929178027	0.698074833960897	21
0.116143744818677	0.296780480219201	21
0.088677775189423	0.180039703010798	21
0.115514094351487	0.0837165305806647	12
0.05320969357419	0.261031192068428	57
-0.069666244781787	0.441357071453162	57
0.029518988736459	0.257578420534042	12
0.048918370276907	0.332241979630407	12
-0.013355650166883	0.262223698888708	12
-0.08251620539476	0.441940664901444	12
-0.055386339063175	0.37213006858266	12
-0.067474471301877	0.368974731720215	12
-0.00565710919343798	0.544387366553903	12
0.021659948538875	0.241028780296122	12
-0.045380986379295	0.376398680303688	12
-0.100972177753149	0.764681666466956	12
-0.063276011245612	0.481847702407521	12
-0.013265945904934	0.306080305431062	12
-0.081019702344836	0.402757238699562	12
0.094301164293144	0.147691492549199	12
0.095550614720863	0.13761298156697	12
-0.079842810698226	0.189306253830455	12
0.063594693445878	0.113556644367664	172
0.115582247254	0.219562375483482	172
0.025457814828362	0.383970133492695	172
-0.064344565516924	0.484070785133082	172
0.078099420020202	0.29074124553794	172
-0.024904085631552	0.474855031432609	172
0.100918859666205	0.182339823102839	172
0.068625749387842	0.182013049931539	172
0.068951223684671	0.239843293365896	172
0.102493876463659	0.112682937700276	172
0.066927055968238	0.150701651729355	172
0.115034334206965	0.0840269647877798	15
0.043395770300779	0.206874238115028	15
0.035208093370533	0.261751262694493	15
0.067838690448163	0.0939563331089012	15
0.094188351021441	0.147834117331431	15
-0.105964292123649	0.472554330356394	15
-0.060101759684585	0.552719320045627	15
0.035777023467403	0.42219410924895	15
-0.00474713163528401	0.268453402758454	15
-0.076644556716389	0.646336478821957	15
0.122496745693267	0.191276909728186	15
0.026808516730223	0.934922334872877	21
0.104596293968796	0.534873359176761	21
-0.047025267269875	1.38832299306697	21
0.056008503654775	0.403066813360169	21
0.116768452447392	0.217281004725196	21
0.08892134980155	0.368246123489369	21
0.06578337335236	0.390820993471319	21
0.053784229544458	0.456453731666669	21
0.111259604014332	0.039591027620515	12
0.11106265674376	0.0396671757223606	12
0.089354358161871	0.179228616874126	12
-0.113623824296133	0.289359675440868	12
0.086140483184392	0.200240586593331	12
0.062302809205442	0.12897809695919	12
0.079203247016041	0.29574856596614	12
-0.004892396768167	0.462187895476819	12
0.003520600057386	0.273369188999404	12
0.091256804173419	0.239668124958641	12
0.066583110783793	0.278632622630868	12
0.10643169474998	0.160436536853405	12
0.117958331488659	0.125587462237296	12
-0.01431351756032	0.307735734154478	12
0.012878240972963	0.289648955893643	12
0.068762147126388	0.315021065502792	12
-0.032379633732393	0.678858781172373	12
-0.049624782397389	0.561820755632871	12
-0.02277669686029	0.34755995083053	12
-0.094179219031781	0.437911879300379	12
-0.101292041528633	0.541560497080768	12
-0.036832899289833	0.601965116500223	12
0.111678287939042	0.243388160930981	12
0.021799485048437	0.3150436826849	5
0.044241329568312	0.322746612724044	12
-0.080944750988149	0.439264161265316	12
-0.070314297573501	0.408257699896832	172
0.092367989366631	0.230885662202241	172
0.117159885374352	0.12644347894369	172
0.06803342078568	0.161242872968747	172
0.00943565023019799	0.225995069950365	172
0.07869155870543	0.251982705946766	172
0.064240550717198	0.113115012407723	172
0.017251725340245	0.232223277331718	172
-0.055685151092868	0.372608811705244	15
-0.058544047696343	0.491275074482205	15
-0.064768166599113	0.330144981994763	15
0.076112948086206	0.359211588281797	15
0.03116596273563	0.40311371656997	15
-0.070035998335219	0.676899926226349	15
0.02508919472216	0.511987047119231	15
0.111996619099632	0.242709276660095	15
0.058304302750465	0.30807373563053	15
0.040979969561134	0.647262276358237	21
-0.067884316997483	1.51118772362487	21
-0.00878969837226601	1.07763427205606	21
-0.066223030888589	1.48822615950452	21
-0.08315453061307	0.707511545151829	21
0.038295706624727	0.462197562116121	21
0.019089546030825	0.427407494242748	21
-0.00451328729644002	0.638673543231982	21
-0.073126359950158	0.917430993666531	21
0.066597448128657	0.443866370810545	21
-0.086795742461947	0.246753835191953	21
0.069354649170114	0.201409694491904	21
-0.066577717615438	0.367650003646444	12
-0.083410975027359	0.288195912287778	12
-0.022673798441114	0.134647807833755	12
-0.022286977451465	0.134437949441247	12
-0.022235731413024	0.134419762727605	12
0.010018119805697	0.162624868443072	12
0.069593834541954	0.191045287870566	12
-0.010544366867788	0.359460362670666	12
-0.067850303530474	0.404213978741254	12
0.039152398188495	0.198944565444918	12
0.036168365895754	0.188536891350891	12
-0.115785800257997	0.677009633106815	12
0.020609585841821	0.371991561692176	12
-0.053710876037705	0.527521109730027	12
-0.082187003373869	0.477101317586881	12
0.093325183462761	0.222392981076449	12
0.109843590276124	0.14901886557059	12
-0.081677522506989	0.403790343210813	12
0.013033190660388	0.350712861963539	12
0.033945491812614	0.263741264212746	12
0.048960093656681	0.223769542017242	12
0.0701742947424	0.210113720980371	12
0.07888285814461	0.281669430925471	12
-0.00360059488713199	0.459153976254704	12
-0.10512582860304	0.672180140752802	5
0.079117119837608	0.273724051498244	5
-0.058488118071507	0.409740268453087	5
0.094713336180716	0.213103232182415	12
-0.121900613873978	0.472879283695797	5
-0.083341836094033	0.443222720377587	5
0.02153930412832	0.17114955775667	172
0.063471116970056	0.113640626783262	172
-0.04983601086467	0.19959079123509	172
0.033509187604343	0.350079740367844	172
0.053774853477778	0.289451775026611	172
-0.00793848041624301	0.314817880879324	172
-0.00447541350043601	0.268110650416896	172
0.043353957218597	0.206935032659485	172
0.105003411583412	0.205530865440546	172
0.00552910425497399	0.337601154076148	172
0.067981910753922	0.222757192393037	172
-0.00383393598183202	0.267261330139881	172
0.063573497507058	0.141052790413505	172
0.034946188368566	0.274282938415023	172
0.119945920770298	0.152231642806547	172
0.02189373675348	0.170854451279576	172
-0.061632178651893	0.289821626129042	172
0.001307452238266	0.147385274496048	15
-0.028985876112102	0.206842080705569	15
-0.047410372374342	0.625811964388856	109
0.029377739730244	0.396856088423892	109
-0.00438804805301202	0.494845317890621	15
-0.00287978272515399	0.374945758667867	15
-0.099565517126735	0.365713210886221	15
0.119394714301077	0.152976456620416	15
-0.047710042242171	0.410462899438091	15
-0.049376854398186	0.41358024466233	15
0.055449323942117	0.295818600499628	15
0.023287957791063	1.11854830710388	21
0.013949519543498	0.858210060830729	21
-0.110523312358735	1.44135443909	21
0.078037891502441	0.521799464760072	21
0.078094204443975	0.495801622862589	21
-0.026444733687996	0.865032227528441	21
-0.097100571506908	1.25690008874113	21
0.053860962931456	0.588817489555643	21
-0.04935595778021	0.199206631293255	12
-0.039419389249282	0.458669734279176	12
0.066969455108581	0.0944360307961441	12
-0.094329056932755	0.43808589138814	12
0.068889677182366	0.230835426164096	12
-0.099086417939506	0.364956429293175	12
0.111689628023372	0.176225042498307	12
0.022872698337679	0.313250883239269	12
-0.075563441699921	0.612770759079881	12
0.119114614640092	0.17912414994536	12
0.067807211486763	0.30085601203289	12
0.042149115358551	0.381459030927764	12
0.11080798900393	0.215374005211302	12
-0.105814096216026	0.472221722616882	12
0.06925737779868	0.337424848737504	12
0.059798857913198	0.339547312191769	12
0.092798725611145	0.223239777593455	3
0.011637958171342	0.452395452389256	12
-0.101420740368046	0.765765141292152	12
0.030012544858166	0.491472550574263	12
0.113767240207819	0.173172200789526	5
0.000864686264492987	0.381577675334882	5
0.112353338681879	0.206996854794087	172
0.078742603299112	0.274507265714239	172
-0.082847693437424	0.579786975425913	172
0.091130922636893	0.233062575124073	172
0.053444619343134	0.260655346423467	172
0.050706163167043	0.232826559030004	172
0.00189918376752199	0.379522744227813	172
0.026847003025324	0.318245967011925	172
-0.073598495293549	0.514881583127496	172
-0.116975225112054	0.507234352330838	15
-0.081611145756274	0.440459999972935	109
-0.083685084782235	0.54878484254709	109
0.08939838038934	0.249904395385355	109
0.026748457491778	0.31846749685016	15
0.079944357656822	0.315491269267472	15
0.035250156738616	0.356843760965919	15
0.09066428700327	0.247532395491646	15
0.054860014196133	0.258234821064907	15
0.106060787938026	0.48240169920933	21
0.022952362204794	0.92856000553588	21
-0.060935754516152	0.976738723915245	21
-0.065766193973817	0.331364140497648	21
-0.00400702909892903	0.377051475561478	12
0.062923697446111	0.128509324384666	12
0.00212097319972099	0.275271735660753	12
-0.092542119014088	0.473303982676719	12
-0.012919893802233	0.261689135143155	12
-0.098356414404683	0.675918479315384	12
-0.021356627492367	0.443494755006961	12
-0.022470907982599	0.347067126504126	12
-0.058913212164466	0.441964618064544	12
0.080116924394298	0.249469255390025	12
0.002960807354531	0.423609043501525	12
0.060511244891353	0.337939038794621	12
-0.00330905112966301	0.375774967492633	12
0.027381812791065	0.329145838239933	12
-0.082008626199941	0.476797779434999	12
-0.028773265147268	0.384542935216674	3
-0.106938708362027	0.641347382395999	12
0.068482569321428	0.240584452569881	12
-0.067312436587493	0.610029951539837	12
-0.10032726461927	0.576397636202859	12
0.002322747084959	0.328908256335151	5
0.096007556168281	0.203945417337985	5
-0.028112596322715	0.426067048531694	12
0.084086526494137	0.219443488092239	12
0.083017098516292	0.221157815383917	5
-0.10544516917491	0.471526462271808	5
0.018901513989871	0.307035530159345	5
0.066403909970628	0.151193077110022	172
-0.04712341001652	0.295060552299172	172
0.111493408126527	0.208502730375585	172
0.114329143123297	0.198018100775388	172
0.00222734252983001	0.275152726839815	172
0.117209670647237	0.211176035967929	172
0.036504281739558	0.364409977888824	172
-0.038060604184203	0.498383813960346	172
0.079897013488876	0.242114066392937	172
0.037491055475331	0.29317524984992	172
0.044835240434774	0.205177888612749	172
0.096128999708473	0.137047618756153	172
0.067529657077723	0.15011939456042	172
0.066282998849731	0.151287976102112	172
0.00133788153341	0.217877499484525	172
0.025817938293951	0.249344527337163	172
-0.082084722478059	0.328347004491626	172
-0.040905783123458	0.338636055727494	172
0.001541993367072	0.330166367082802	15
-0.081880770566898	0.672173422578443	109
-0.00253260581143699	0.503093365546347	109
-0.066052349799258	0.518525229639205	15
0.00828145067918401	0.346232641873983	15
-0.00733998976171901	0.313850982859867	15
0.02431124851184	0.375419176991327	15
0.044657082488428	0.321973767968505	15
0.10415777268308	0.462840101760349	21
0.098468423685556	0.424440327590372	21
0.069315586965036	0.498440121611838	21
-0.067950365946364	0.844252858125373	21
0.00614057409933699	0.738110641875219	21
0.033516691411463	0.606431839156734	21
-0.066482361767814	0.996071943377487	21
0.00537883337116399	0.688132092335698	21
0.076129149307686	0.413234761835777	21
0.111787121959858	0.343859888482732	21
0.09674215383843	0.386343004486653	21
0.051377284786307	0.631767478821201	21
0.122009708546846	0.192147324602213	21
0.046642962275741	0.215047188593565	21
0.026764630343185	0.248166494144269	21
0.062145496575516	0.129112092801626	21
0.122041097508647	0.114434397902892	12
-0.05010563768692	0.414801358540064	12
0.046993734079719	0.21462730915954	12
0.101379058847406	0.18168926116159	57
0.035050323124638	0.274133497428329	57
0.099281800045207	0.191831141674687	12
-0.090052095750379	0.608908658560546	12
0.104022039355619	0.213327659823661	12
-0.110432802474915	0.820073642453133	12
0.088700262730214	0.251169275729637	12
0.055503793434789	0.267167759208801	12
0.005991678803385	0.336767920889262	12
-0.010179882483047	0.531232652979191	12
0.114824665319223	0.19157284329881	3
-0.030893582731476	0.431796054857984	12
0.080005657023872	0.241941438023068	12
0.116302366556685	0.189176859693103	12
-0.013580757867931	0.403991009596668	12
-0.114433166633356	0.543494549458707	12
0.010680618355904	0.342026182125074	5
0.00690721399784799	0.283821539733971	5
-0.084133765398838	0.28894093844229	172
0.053949697790225	0.259827616898221	172
-0.072080723874006	0.47922652594904	172
-0.022602839185559	0.390134283640607	172
0.068876191275802	0.330592944376157	172
0.069892559989153	0.296589398122712	172
0.079188650838054	0.280941671685597	172
0.068533984324039	0.291312723000363	172
0.068193691407244	0.291998168343151	172
0.098043687091376	0.193696178998331	15
-0.121883074749432	0.472891414700398	15
0.030268068077513	0.179498489752834	172
0.011547034147028	0.353464213238967	15
0.022032677674652	0.302000184222602	15
0.035599144190171	0.18910965013288	15
0.069001478037508	0.248642009915921	109
0.054750272874368	0.297083439202725	109
0.095574180158677	0.273010871652332	109
0.00929501699247501	0.280483833841346	15
-0.040905783123458	0.338636055727494	15
0.014294515125223	0.745414581792099	21
0.12432382237777	0.272392817150043	21
0.010892886213376	0.546782524294933	21
0.084196071012361	0.361826124281735	21
-0.058207682734478	0.992563728876192	21
-0.021356320817517	0.300169225739274	21
0.077287962253669	0.0706637074876884	21
0.02913832228523	0.180510929832556	12
0.000489407091162991	0.147944882664664	12
0.00317003994971701	0.273904341808418	57
-0.0998329255094	0.366097771560211	12
0.003013918069593	0.327745096688113	12
0.053660355962068	0.289762349773083	12
0.068430008595241	0.231522780301819	12
-0.010544366867788	0.359460362670666	12
-0.092688217216538	0.473555859458092	12
-0.00327304542326901	0.375688476506133	12
0.099307855782396	0.184545490463925	3
0.069497891097864	0.256457460620022	3
-0.030765971780176	0.342426815346152	12
-0.013890115656338	0.404593245043929	12
0.036733121105831	0.363901157090377	12
0.088619200678766	0.251332986033767	12
0.106446312076743	0.23509310404802	12
-0.048988748445416	0.533355676078169	12
-0.122251302386268	0.574634035369059	12
0.102696012963081	0.112517074553261	5
0.108023916932448	0.0986975574396042	5
-0.104843093817719	0.32827412302715	172
-0.113259206346688	0.288995615705207	172
0.066524893762927	0.151069914084256	172
0.01757763340513	0.296168011219072	172
0.104399070620685	0.170313957202079	172
-0.039339642190857	0.252037929825215	172
-0.082550403925115	0.328942090774765	172
-0.094850764860617	0.43898146334199	15
-0.06644686056054	0.367448916742322	15
0.102957190228973	0.215193006107851	109
0.078514685342605	0.318834868565165	109
0.050725662343528	0.356219336543784	15
0.027126509444985	0.329593849451984	15
0.052449074588405	0.612243790957001	21
-0.050924633990124	1.34426070548056	21
0.036523537905779	0.699961991292902	21
0.039598641194744	0.501845338871428	21
0.015387857672587	0.516324712472161	21
-0.07363542662746	0.831305234317802	21
0.051241930285503	0.464158467597645	21
0.026161562423616	0.623032232495533	21
0.066323045542564	0.151227888301258	21
-0.021848947526976	0.134213470671699	21
0.011310471140483	0.161646579802237	57
0.067621342606246	0.0940843966352096	12
0.000489407091162991	0.147944882664664	12
-0.056300017338196	0.486531091070252	12
0.102027992421988	0.216778842970634	12
0.053546592140999	0.280370002137156	12
0.091641335240533	0.16782477766145	12
-0.0578234754268	0.408601533465371	5
-0.030989816553785	0.342770107426908	12
0.017446584742166	0.296377562557135	3
0.014809965258172	0.286722107077771	3
-0.041207348812687	0.417185486025037	12
-0.112301918612659	0.578818363891227	12
-0.07006467916517	0.442058777012476	12
0.118016434764955	0.186305576288712	12
0.00588554112578499	0.473820442655301	12
-0.030550251464338	0.575407536672044	12
0.11122889712765	0.214603559294195	12
0.080120708326712	0.241731805253834	12
-0.035609040655594	0.378831366045455	12
0.114867347555699	0.135942892933837	12
0.027798858813665	0.328354764987215	12
-0.092750332400419	0.615665326960828	12
0.100828705597228	0.182461639609784	12
-0.048260212243004	0.41152213210151	12
-0.047965260825373	0.458791857728434	172
-0.051376275875232	0.333587273572206	172
-0.023026154281662	0.302473785808475	172
0.045832609637217	0.216030645507357	172
-0.081397276677046	0.440031734066224	172
0.079988547052425	0.272026859410625	172
-0.038280925771628	0.565374707092718	172
-0.015732418612148	0.51870466274068	172
0.119036182340532	0.179203945012374	172
0.103100085012933	0.112176063409813	15
-0.038977020034866	0.251658025429792	172
-0.05759761339988	0.408203152399273	15
-0.00736785285048602	0.489256304749437	109
0.115414724826752	0.464934035482527	21
0.011482361969399	1.02403496472079	21
-0.037134778936264	0.427143970764413	21
-0.114366518764465	1.06340474680543	21
0.107714341615997	0.311602148774139	21
-0.104337682448354	1.15007467472646	21
0.048196967728258	0.4858829739653	21
-0.093115058796033	0.76141028994282	21
0.033950971849392	0.516189956733615	21
-0.069118504098429	0.406455560787282	21
-0.080216847495123	0.189563353167821	12
-0.011692840234868	0.361445851682133	57
0.029969013598963	0.256897734744054	57
-0.123101861474633	0.242958388895163	57
-0.022710032352139	0.347409070703709	57
0.036532297886557	0.188160473347938	57
0.106818609153958	0.159988243805616	57
-0.007915781687374	0.369795883625057	12
0.017094814376567	0.232433619591252	12
-0.109821939439745	0.437428479864284	12
-0.054333589350019	0.452909296910781	12
-0.121596243631392	0.472422145786247	5
0.044407887345051	0.205694539463638	5
0.052568544816034	0.251611396546862	12
0.026831910331852	0.24808637139592	12
-0.069713608039711	0.407303963595166	12
0.040815061047699	0.384681915946445	12
-0.011459459423361	0.485920429480014	12
0.109948390075706	0.216950898909675	12
0.093464277897477	0.222148997770816	12
-0.093210444102156	0.436229838366741	12
-0.102132172096954	0.504844245666662	12
-0.00280772792571499	0.374824728134529	12
-0.079842810698226	0.189306253830455	5
0.067404020697677	0.0942067543932056	172
0.067306906576961	0.0942595441750744	172
0.103302020765041	0.112000719717952	172
0.046556026189758	0.215175135522286	172
-0.015012458664529	0.444379831768129	172
0.094884058575538	0.212819648794867	172
-0.080648128123382	0.402163346881929	172
-0.046486120334451	0.294365488660261	172
-0.110595641055072	0.613312735103216	172
0.023791687750342	0.387565050548329	172
-0.117322852266295	0.507956831512157	172
0.117784779644262	0.125758001334171	15
0.106955321074147	0.0995100772275884	109
0.079326550609122	0.280728727512968	109
0.050663287858043	0.400616446641681	109
0.058118214903912	0.334606322551892	109
0.069359913131389	0.247996757751725	109
-0.00199193779102702	0.421683565851959	109
-0.00793615665507602	0.314762564621399	109
-0.099361211391292	0.365427293697875	15
0.022244194795763	0.962920262757867	21
0.060159452647579	0.603466262276779	21
0.027565003964055	0.662296740065406	21
-0.029809643881678	0.386395353206705	21
0.05908804023169	0.450728879944776	21
0.113721972167199	0.23388573277344	21
0.111934709902567	0.286431248006995	21
0.039892632900132	0.727253835276297	21
0.032030530767	0.485656890091018	12
0.097244157997548	0.202023169030894	21
0.116614893043226	0.126995509948447	21
-0.034998881457209	0.377675157625613	57
0.113619829902165	0.137403746058579	12
-0.050076100830081	0.199769964396802	12
0.10169908597358	0.181226214526148	12
0.080819670232652	0.284923622151609	12
-0.053558743025013	0.451375963460561	12
0.002951105054535	0.274206107706783	5
-0.114849469555628	0.402235935383536	5
-0.121578808975682	0.472346080131912	5
-0.039199653955278	0.336190040281805	12
0.096388652511833	0.136775865132963	12
0.049781561298837	0.222667560314979	12
-0.081657188327528	0.327778532089556	12
-0.102131265755634	0.543323743332075	12
0.011903756986058	0.45176824346805	12
0.029513431494076	0.396546432634983	12
-0.121207060426869	0.471695703165522	12
0.124620638272428	0.182665889169312	12
0.091982085940894	0.238357522847371	12
-0.104924671202833	0.328456763531471	12
0.039948087268516	0.198124144035511	12
0.054435860892078	0.269017806505914	12
0.11475453421551	0.0842102531397179	172
0.1158938950494	0.0834578236407481	172
-0.071712537809307	0.478485841140277	172
-0.080716028226511	0.47429215740686	172
0.000289662224854992	0.218944075420523	172
0.006764676346254	0.335443490109545	172
0.104814115672537	0.255693359892631	172
0.014518765731879	0.347810569515082	172
-0.080842220809433	0.474476250573526	172
0.121929066663943	0.114556658795301	172
0.00854890339633099	0.281479331767452	172
-0.122720620210223	0.242680985048687	172
0.065536112039917	0.139522345531696	172
0.000693145743242002	0.21855283339033	172
0.09833443747678	0.125729515053115	15
-0.028633896329049	0.206569217545354	109
0.068421088168942	0.171767267295186	109
-0.064294140617648	0.649528439205571	109
-0.059658523953632	0.523232674843761	109
-0.00814462055324899	0.525430791599393	109
0.067644765897778	0.241900961249732	109
0.043649525507891	0.313952500230132	109
-0.081849876287531	0.440771729360957	15
0.039029448667994	0.290588599497134	15
0.035804377932514	0.188901357650998	15
0.118220452301485	0.18053154409685	15
0.053421408857357	0.418313727241369	21
0.047006779704793	0.336351307384309	21
-0.052158926583439	0.898177622804862	21
-0.034611556963369	0.571301882030169	21
-0.119324783228606	1.17504366505879	21
-0.028507532176377	0.807517347742894	21
0.020519047475823	0.614007027488103	21
0.092656791323531	0.329819214085249	21
-0.048384712142747	0.952161990780645	21
-0.013687618429208	0.790011746358375	12
-0.013446603101887	0.262281161601894	12
0.067666093001774	0.161621962748306	12
-0.081825145277016	0.440773967763425	12
-0.122710978863625	0.242645782142838	12
-0.080374313460103	0.189661122443498	12
0.037842368809016	0.281316214087322	12
0.108349536604323	0.150783842639626	12
0.113228011513344	0.137825319355342	12
0.07047330887667	0.21916109923401	57
0.029088577513077	0.39753118302609	12
0.054978465841579	0.277814054692326	12
0.01705102416109	0.232497470567362	12
0.041506948779129	0.318014007717464	12
0.117024691128175	0.162356866501157	5
0.049957763851059	0.233875948939759	5
-0.016252537866825	0.353477946564665	12
-0.053299393473378	0.368769394676719	12
0.102472253062769	0.21599273284366	3
-0.110586108364244	0.438652282480275	3
-0.035742933960058	0.467712418181035	12
0.010333494072986	0.400417041178092	12
-0.113559591457673	0.671283513421504	12
0.069828720740267	0.296736731472394	12
-0.04871219925465	0.532768941260185	12
-0.011542879894724	0.486117398960711	12
0.066992586779107	0.0943910090032767	172
0.00995276134456599	0.22537236495375	172
-0.094559869518826	0.476815825549099	172
-0.069977043463453	0.647118633010172	172
0.013577939321301	0.405274493545564	172
-0.12453639949146	0.675189246334616	172
0.11254946944028	0.206620687952639	172
-0.042803416181204	0.535116825486519	172
0.068979820102212	0.230701796040801	172
-0.045913885618883	0.293635446418092	172
0.065724267802969	0.139357023638252	172
-0.028621295135493	0.206556098928513	172
-0.103516473061197	0.326601519793851	109
-0.06697170004666	0.36820779672937	15
-0.014702358744344	0.308281016513311	109
0.032241904486234	0.411035538441133	109
0.110240786898549	0.216411523448335	109
0.006829010212827	0.395574379043959	109
-0.074734146049237	0.549207426223628	15
0.024617008860309	0.827788869962392	21
0.0322689662424	0.890827467519562	21
0.037994539984079	0.462777636695745	21
0.114822383923586	0.365583243581049	21
0.036265443721969	0.688364762404606	21
0.038838385803744	0.622411185431111	12
0.110924022088383	0.441383203619216	12
0.070103749216192	0.20046509169709	12
-0.043816405340707	0.373792993970543	12
0.110865507306074	0.0397113788160752	12
-0.122844460016353	0.2427719181186	57
-0.113636406192394	0.289363974427113	57
0.053693874367804	0.249952281974726	12
0.069697901410358	0.180773402606887	12
-0.001248299796835	0.466544984503362	12
-0.00137595453045902	0.420353851907319	12
0.030415140380352	0.256322499741554	12
0.00130982429252599	0.460140878661784	12
0.120421594529674	0.151590012960446	5
-0.060764475966077	0.445653099510698	5
0.042855835013173	0.315526840642434	12
-0.019367267543462	0.400023480889691	12
-0.040828486817561	0.416505824399716	12
-0.097277507689865	0.639272916631636	12
-0.050954378061032	0.416281808137403	12
0.021112435680854	0.303543276431821	12
0.117205216602065	0.162085580384255	12
0.105633191549313	0.161498690796193	12
0.100738455102558	0.182577736804149	12
-0.080495684330852	0.401916260154775	5
0.062654800081338	0.128706741269906	5
0.114514673643527	0.0843603481130194	172
0.063603983705067	0.113547393716226	172
0.095406987576893	0.204865038613035	172
-0.068727793080344	0.584490984465491	172
0.022111415117103	0.240569959362349	172
0.00797092996177801	0.393205960780261	172
0.068959563292367	0.282358756615321	172
-0.091134979746568	0.577796018665192	172
-0.08052259858486	0.473886652890828	172
-0.082447362419684	0.512313069053965	172
0.053693874367804	0.249952281974726	172
-0.085867195422771	0.245914933527285	172
-0.047382532232234	0.295379574287179	109
-0.106711452037173	0.473816577900487	15
0.123839184645824	0.141057690925444	109
-0.029651391222454	0.429233456948309	109
-0.060802756008796	0.445776027308513	15
0.097011022804778	0.202392014731089	15
0.040553979762232	0.523743494292563	21
0.081994927923435	0.346632215221631	21
-0.112471772453078	0.94386844882292	21
0.030909185957505	0.720139305984948	21
0.030486290423061	0.256180917984575	12
0.108798089602095	0.150263563605076	21
0.115853638977783	0.0834869347023627	57
0.00457476217118	0.432623821861713	12
-0.094728291602897	0.699707656472833	12
0.123452887160436	0.141566156978411	12
0.010186020913515	0.34287093727843	12
-0.101297728453832	0.541271913647265	12
0.110923025519616	0.177350399817467	12
0.017737601654579	0.295928968922069	5
-0.121932788233363	0.573902994802325	5
0.117779428715757	0.181202730212041	5
0.038093686633459	0.292187847552561	12
0.10904515742871	0.18653362372514	12
-0.053828956943264	0.451941195490603	12
0.116327984326286	0.163315748661975	12
-0.039551970237965	0.336672072022939	12
-0.068820967796143	0.405961162647383	12
-0.113756808213894	0.542287888220577	5
0.063984094229248	0.113295491069645	5
-0.050635596527171	0.332540442323091	172
0.019332943611416	0.37453141088122	172
0.070706684958797	0.209364386515596	172
0.015336512604427	0.413105411389845	172
0.082036472564678	0.230670938361427	172
-0.09540369035179	0.400319810941085	172
-0.091681519006532	0.544285889204867	172
-0.10528668992989	0.328859289280446	15
0.044037505087772	0.206141034378162	172
0.067825194369145	0.172418726420437	172
0.065679582952323	0.151835033820157	109
0.000975351593059004	0.218265358833356	15
-0.123044543907186	0.761486183888691	109
0.116836193885978	0.217134840338501	109
-0.09141723846766	0.578650039838993	109
0.033669665328202	0.370271752060698	109
-0.00340737623211002	0.375950245769681	15
-0.024756076716238	0.435378673763573	15
0.068617455623353	0.282955864693401	15
0.078710678112983	0.259383074732198	15
0.045720825393408	0.319816868164783	21
0.039759127511279	0.300279042090433	21
0.026275563636869	0.724406359210769	21
0.02844281501339	0.53914458744928	21
-0.026279259699313	1.12181808696058	12
-0.069295793099519	0.585897876995736	12
-0.039412497805608	0.252118449166412	12
0.111259604014332	0.039591027620515	12
0.115662274121023	0.190240751732067	12
-0.104562709403475	0.328030298431991	12
-0.026109832638167	0.258370326450795	12
-0.036781533044489	0.536379419087443	12
-0.000579607966550988	0.370448886391435	12
-0.050121183632319	0.414874175036166	12
0.115180431408157	0.164940599243441	12
0.056069350449061	0.266173377062848	12
0.06850023293357	0.249505757892244	5
0.068955517562882	0.330385042869054	5
0.052826764896051	0.240681704983432	12
-0.112696271354531	0.540137352144824	3
-0.015276677835019	0.309122680103149	12
0.109240249362455	0.22395630010762	12
0.122036971475582	0.197120570677197	12
0.113148107145494	0.205572076326904	12
-0.030204317767147	0.510647902708345	12
-0.055178481726301	0.483930899574992	12
-0.081783577738895	0.608866073674509	12
-0.031362664681944	0.343315157616114	12
-0.069556391719794	0.556756769254741	12
0.112631991652408	0.174860424855148	5
-0.105809792080044	0.329381029070258	172
0.037765239455123	0.361642315142449	172
-0.082372454510069	0.641975054930322	172
0.049005092794182	0.350880258042651	172
-0.108387165062215	0.608192148562742	172
-0.092103851271753	0.472474538824463	172
-0.010917631942702	0.211352694019984	172
-0.11156463342616	0.577253475756197	172
0.062877527393493	0.128555647558065	15
-0.11453555323201	0.401849049975358	109
0.098499680047549	0.125651092187052	109
0.014130937273933	0.287777757715252	109
-0.08187670848018	0.328068841663938	109
-0.081919584147949	0.476618580584071	109
-0.00853246118607098	0.31564500940452	15
0.030341585555964	0.256388940419468	109
-0.071168262016351	0.62021688504488	109
0.03971333845853	0.367329857343427	109
-0.053642353738074	0.626777611198721	109
0.041021759796547	0.298027431893393	109
-0.028599932697192	0.467888070570231	109
-0.096221505416992	0.401622570683262	15
-0.057786007729727	0.62092589515785	15
-0.097091452782865	1.99736442238569	21
0.102520993862012	0.544088012106561	21
0.064589350414776	0.422589001620715	21
0.105515495927788	0.436559408366336	21
0.109696527611154	0.344679131466432	21
0.119266091688061	0.380008662397222	21
-0.016072089504219	1.00519483141183	12
0.00164065337354699	0.975733981535781	12
0.122700706697136	0.376423261683806	12
-0.058939866318849	0.41050615043796	12
0.043792062127869	0.449910891972429	12
0.10601212016528	0.197560039839461	12
-0.07935041815626	0.188921946080622	21
0.068326953640587	0.267075815101197	12
-0.033088225014898	0.29747530312746	12
-0.123111493371038	0.242966235418229	12
-0.039117858904103	0.458108728146702	57
-0.01079617175617	0.211216184041909	12
0.12033564241583	0.116068306284596	12
0.079758662599494	0.250099085923146	12
-0.029480840449124	0.428965370797895	12
0.016690219274486	0.297569228267129	12
0.068540258219977	0.240371003044624	57
0.081093808495172	0.240066277640971	12
0.053897934448882	0.269949481529885	12
-0.045931631232818	0.454707967096195	12
0.068915918327541	0.239914566371609	12
-0.094150656799469	0.697999953574053	12
0.084987127375983	0.201862619277116	5
0.090261163850658	0.241477194163056	12
-0.00224411817329701	0.373757474489229	3
0.067269074894309	0.293807460008243	12
0.111127842134925	0.177004627366228	12
0.081480163924761	0.223543157361999	12
-0.00184561324782301	0.320875748835739	12
0.035422447400529	0.27355556141891	12
-0.013355650166883	0.262223698888708	172
0.019772080607202	0.305769522833611	5
0.101151816368628	0.236828273879725	5
0.012979798475426	0.350804814938566	172
0.080048514241414	0.249603101327636	172
0.00212298819753801	0.379071931132189	172
-0.051376275875232	0.333587273572206	172
-0.117567846332318	0.643816773563223	172
-0.109710729799822	0.437293283572468	172
0.017921999707885	0.308644812171396	172
0.087662894466722	0.189849856514066	109
0.08344913110857	0.220456096934094	109
-0.083442286171725	0.479365604582446	109
0.111689918997994	0.208110044135864	109
0.067011109973614	0.26082860726842	109
-0.044536102721766	0.496590664398162	109
0.087169266826297	0.281793841863757	15
0.043703980465964	0.858861284175107	21
0.036647957456187	0.737139781327628	21
0.034400166949384	0.772978979837753	21
-0.013375007287308	0.816204986657236	21
0.076514501317171	0.399745969980425	21
-0.055899058600306	1.16634204618106	21
-0.012385389539057	0.847916049360751	21
0.119013797690517	0.380934026408521	21
0.0462436447654	0.720472539988919	12
0.072689487887229	0.580848518096554	12
0.082437392547086	0.568168844293731	12
-0.00169963224280301	0.320648986959466	12
0.116146528719187	0.127494551320815	21
-0.04945514631655	0.199284680904651	21
0.097474451510286	0.194509788226784	12
0.122567870224131	0.113919919590719	12
0.081262917396188	0.239790960898949	57
-0.058413977295726	0.247620701039942	12
0.063035353453265	0.128429980063374	12
0.115670251189466	0.190241446516724	12
-0.022936219600433	0.34776320383641	12
0.027018688397495	0.329815030688745	12
0.014681580448476	0.360112843108754	12
0.028158480854514	0.339064000791501	12
-0.041098737235357	0.416893039695889	5
0.109408866601384	0.18597622895121	12
-0.030728778566812	0.472724894446795	12
0.082657130233086	0.229632833889882	12
-0.063805463036029	0.48291004823454	12
-0.037014595078545	0.381221971769763	12
-0.056834100645461	0.487741556178471	12
-0.039728303557843	0.459410026962984	12
0.102820080166379	0.172455291267932	12
-0.010905014876466	0.413196442659218	5
0.068936241110976	0.171194301015069	5
-0.122067461830948	0.366246184629785	5
0.06834068810627	0.160937396185689	5
-0.098409643712486	0.36402479027356	5
-0.07489553493531	0.5176350704984	172
-0.092111317294773	0.54532881161697	172
0.089771669294014	0.249176090564345	172
-0.043344651581367	0.493913258572285	172
-0.000139579349510977	0.383541781628108	172
-0.00844939087241498	0.408075090294352	172
-0.082207771715131	0.610014068834683	172
-0.114704397501411	0.402098129428501	172
0.051750110973334	0.252940896992419	172
0.090678126396786	0.16903815627862	109
-0.036262611211492	0.425525852979588	15
0.033488132316249	0.350103558238265	109
0.051204508380582	0.355179406658759	109
0.088135699986952	0.245216020012453	109
0.108370284156231	0.18756198808143	15
-0.103336520064238	0.507406987133234	15
-0.030585080192245	0.867285213690088	21
-0.013102559426997	0.736550445688036	21
0.12004571744102	0.362641188456116	21
-0.00259619971302599	0.73162140759847	21
0.096077422930264	0.362197057662836	21
-0.042674557972017	0.534773755198847	12
-0.022124054994544	0.4447661881725	21
0.054013852193574	0.249446050106421	21
0.035117869329421	0.189516442949152	57
0.083951963943977	0.219658604763075	12
-0.03630006923517	0.468920885253416	12
0.01947761915936	0.362636140472074	12
0.021934277162675	0.240744170411383	12
-0.014477688554866	0.405766746676615	12
-0.066999126198997	0.686225623228592	12
-0.043176410169787	0.604214295395886	12
-0.048810675411338	0.412515199256812	12
-0.032993693138094	0.502384365995224	12
-0.121474603379448	0.572867626027392	5
0.069328799977107	0.289728419644961	5
0.048440865463463	0.361453919838638	5
0.069715087190456	0.304996944106223	5
-0.067449386841423	0.521574697435498	12
-0.016007830273476	0.483029089348734	12
-0.070118170836595	0.61744882335587	12
-0.020639639643098	0.44198835090242	12
-0.047256576415411	0.457234419900382	12
-0.111571602014277	0.702368826156692	12
0.044650371809176	0.331645541929533	12
0.039469222868399	0.28986660659682	12
0.067375167007026	0.242339409722478	12
-0.023668222135526	0.348975058592523	12
-0.023911932332113	0.392594837363657	12
0.029526680685659	0.336377155319977	12
0.086742642673576	0.199360521055214	12
0.104576351538333	0.206245082277971	12
-0.020237485412033	0.40161979673625	12
0.022403592111989	0.314042356134561	12
0.116843784367345	0.162607941840119	5
0.067512239835401	0.276947218527762	5
0.067308163167682	0.27735544708346	5
0.107556287751159	0.19512033292466	5
0.00366723954576301	0.389319373968847	172
0.041160690625744	0.297763576707803	172
-0.122248909135576	0.759182389200985	172
0.083807695685639	0.211819189272109	172
0.081309394481101	0.231877010252673	172
0.003087094514761	0.390432599400785	109
0.091634652661115	0.238977263977676	109
0.017967418039565	0.365759476991035	109
0.057844012801922	0.317761872841394	109
0.056352975207189	0.320797323727675	109
0.041014511858755	0.38416256737551	109
0.032861676680193	0.409471398101207	109
0.072724962043048	0.7647890082813	21
0.073845549183125	0.646017703255043	21
-0.012406431186443	0.86325826332092	21
-0.052857519454241	1.1238245573201	21
-0.108066013170456	1.11865511799254	21
0.058827029442382	0.500360552978724	21
0.080773544181947	0.248295746230815	12
-0.051853763129486	0.523169569988865	12
-0.016288751822414	0.447171229648262	12
-0.097273844830623	0.403173755294189	12
0.101279609871024	0.236567501087067	12
0.110223326699014	0.216451416268559	12
0.011470571454872	0.397957678001704	12
0.05304457659414	0.29085207809976	5
-0.002215315982319	0.422233283679872	5
0.102957190228973	0.215193006107851	5
-0.014029197496245	0.40488811089144	12
-0.08298949813548	0.547236779514358	12
0.079836467485844	0.242199057473863	12
0.055691039414043	0.313265345492412	12
-0.08232808894885	0.477379332127206	12
0.028922003140616	0.258381390172026	12
-0.055461290136796	0.372277318446625	12
0.052901246702492	0.251185316127879	12
-0.052855480479527	0.45001714461448	12
-0.059179037522326	0.410860896467298	12
0.00352661194034801	0.326881617606465	12
-0.058234168380366	0.490636857362519	5
0.098863290352136	0.125324129548118	32
-0.059735574055108	0.52341194022716	172
-0.041197350120349	0.417231613159248	172
0.026678211856454	0.330401950803389	172
-0.090215958910299	0.575709621833062	5
0.017301069704736	0.296591639648527	172
-0.104980443112765	0.671804905007226	172
0.095056040285421	0.219367515255301	172
0.049801527926387	0.234068268382746	172
0.124827341465101	0.15941016874084	172
0.046118026646007	0.215708054029875	172
-0.104765915719372	0.328068730155001	5
-0.055089028645929	0.371681340405277	5
-0.106935532373643	0.474177259966369	109
-0.054714794483162	0.371117114123573	109
0.051872714945931	0.242108376985573	109
0.081039305125724	0.240177467271093	15
0.092194633074051	0.237963747092563	109
-0.052585252979926	0.449413292666364	109
-0.00850435108074299	0.408136112945346	109
0.092921367009505	0.229935096658998	109
-0.089294513612861	0.639817938990406	15
0.050785358200463	0.589207399419821	21
0.082892357224815	0.547083213050107	21
0.094415243533293	0.534609345608796	21
0.108334906111075	0.374119649377467	21
0.076856904547079	0.507923731370236	21
0.045762614523613	0.683868329657951	21
0.097030622498779	0.45291929412626	21
-0.00251651604729303	0.776832205565515	12
0.066620063018499	0.295044634101562	12
-0.108748935136439	0.435740688453183	12
-0.04956116461661	0.561688569491709	12
-0.080964926733957	0.189994679460948	12
0.068363507842613	0.212543571542608	12
0.090986544999724	0.240180832533436	12
0.092609535732598	0.237160505005343	12
-0.022617359262851	0.347300666453253	57
-0.014948600086526	0.406689991677141	12
-0.019600501955721	0.400455804909499	12
0.020241638297688	0.372739419226323	12
-0.030334961329093	0.387068605974913	12
-0.05988949007826	0.552165343266015	12
0.117047149655053	0.22186702116477	12
0.061588237508077	0.360148063775938	12
-0.035356159303204	0.532719821868634	5
-0.00808469666240003	0.314956238487125	5
0.087585629205441	0.34071481333512	5
-0.112555303791545	0.539869511806305	12
-0.097546288956259	0.787513531489906	12
0.01729217005693	0.472067125160653	12
0.108789268782846	0.265342642562445	12
0.067715755072967	0.161581128756247	12
0.065579295535546	0.139461562587237	12
-0.104642095203073	0.32805816986802	12
0.068816870792379	0.221582801239885	12
-0.00815810615658502	0.491241162725995	12
-0.103960716676179	0.327271529731084	12
-0.031619939358553	0.538835715442131	5
0.082310785408038	0.213989922424988	5
0.019632035779585	0.306005830758921	5
0.040160812081685	0.197898795936137	5
-0.061442942930253	0.556098304650626	32
0.03244315280926	0.265966560978732	32
0.085060832824938	0.293119454213444	172
-0.023470798022472	0.391675335311253	172
0.046147640925878	0.338083191496965	172
-0.113526908843962	0.541825479566478	172
-0.040739813762658	0.461597496407334	172
0.068150212046493	0.283957635415781	172
-0.010238766136297	0.577827977408233	172
0.0566624371469	0.302420494672861	5
0.12013908409552	0.15198000804618	5
0.053727835648509	0.270198942815465	5
-0.080773804266139	0.438931945527775	5
0.06804284983504	0.241298326093261	5
0.097611594810526	0.201438246699795	109
-0.091695705489872	0.579318733456959	109
-0.105773941695882	0.673798994215124	109
-0.074901941884403	0.549670421826782	109
-0.028417448919753	0.426720189732753	109
-0.10325435990843	0.852154441133066	15
0.109165085124203	0.224114901046963	109
0.088536654667521	0.180292075354731	109
-0.046101871854759	0.595888701808146	109
-0.010275284283337	0.358942859910175	109
0.090290664272396	0.321858577180966	15
0.091828845357691	0.159075174820938	15
-0.020809961280515	1.39239420631941	21
-0.022847992569937	1.27583725598158	21
0.074053434469736	0.692578612748914	21
-0.109533654970464	1.18652841997626	21
-0.035972394508331	0.965838315968732	21
0.04719561870859	0.570722379532329	21
-0.042102470097158	0.941170044831931	21
0.016289561369189	0.806091726357465	12
0.051271920900769	0.676594404366054	12
-0.021946757622245	0.134275185027705	12
0.106019716418271	0.160992916686017	12
0.114474628687709	0.084371503164304	12
0.009168036313005	0.226245611126294	12
0.098904367457314	0.125286711058239	12
-0.00214582068797903	0.37355964728866	12
0.09360450690446	0.148461288757487	12
0.08722532308113	0.190431960457098	12
0.067021645548502	0.302416498991913	12
-0.119242436583917	0.788033739519327	12
0.004046272858931	0.388447009253909	12
0.115959093825065	0.163827263719208	12
0.117553539646889	0.21054388928148	12
-0.069539320640729	0.586429048397455	12
0.00680272989957401	0.439885629015419	5
0.105733973320367	0.198023970523951	5
0.027744921486694	0.328467409408389	5
0.080227757593092	0.256801288219822	5
0.117887930680729	0.181067862268965	5
0.080092299115983	0.25706651729606	12
-0.022684231893012	0.347365655528142	12
0.069801710487524	0.210640649511698	12
-0.017797351043322	0.396983361514602	12
0.007230933311139	0.334667696429703	5
-0.00650298488283801	0.367199456414302	5
0.00944427627887101	0.280284657903327	32
0.049881451889374	0.233974128371995	32
0.038696314431387	0.291180934290495	32
-0.117594435528372	0.643825465034977	5
0.079621779531723	0.250363241612968	5
0.05538115152954	0.295952142202151	172
0.030485070022887	0.345549685669457	172
0.103179319710341	0.214803251796902	172
-0.048063628486303	0.458980423041538	172
0.124409022788684	0.183022421377711	172
-0.073954302859463	0.547406630763442	5
0.092238087606663	0.224232198082114	5
-0.10385845728432	0.703697899488454	172
-0.057421872613664	0.488975651693774	5
0.12202989047234	0.114450344901364	5
-0.024089636114899	0.304001006694362	5
0.00369460798559801	0.273165929649991	109
-0.06681854133749	0.368003102033829	109
-0.031279096872561	0.388975769110829	109
0.116728990958588	0.18845892226752	109
-0.019098095666729	0.399492722058921	109
0.002181658384937	0.329130838605829	109
-0.019564308257565	0.439638362816615	109
-0.060947361681553	0.526083487862106	109
-0.00630688955115899	0.417512748831948	109
0.117285569048459	0.211011256339683	15
0.043516544227525	0.94942976085558	21
0.077200441183865	0.574948752163338	21
0.117485435173957	0.459670479123795	21
0.05887487777634	0.341608480014173	21
0.057462028412824	0.470282878925529	21
0.059355905414656	0.449869051858873	21
0.110114576361782	0.345058703815128	21
0.022381062889555	0.757157402513922	21
0.0469279172127	0.214707974430858	12
-0.085459280755549	0.24550432709223	12
0.077826292820738	0.0704100607810889	12
0.05244082148742	0.2518973562677	12
-0.024483642829883	0.256703111585679	12
0.068709502944426	0.282819449146492	12
0.052787741971607	0.281657551972269	12
0.001173300943278	0.380992338023642	12
0.054497655531393	0.278712623719207	12
0.052739832941699	0.261773375242389	12
-0.03058890757174	0.38780896069672	5
-0.08312865598053	0.547568682484469	5
0.114832187227483	0.197140222056412	5
0.086255940733984	0.191725604570482	5
0.109769431350195	0.14909701954683	12
-0.082610348912308	0.477900961337801	12
-0.075584582362034	0.58224449452396	12
-0.01037431435285	0.412136079079177	12
0.017395841425913	0.366891554764868	12
0.094079078409634	0.221100277905448	5
0.039791939834142	0.300236387614083	5
0.08019347441287	0.249349241700318	5
-0.104924671202833	0.328456763531471	5
0.064283347249814	0.14054334199968	5
0.114614594622268	0.0842943280439736	5
0.065369502683914	0.139662895897511	5
0.06723947353711	0.162046068101607	32
0.014956609579825	0.286476049777886	32
0.052434477661621	0.2622415647651	172
-0.049518473596021	0.413822219055636	172
-0.00847772628994398	0.355569011716721	172
0.025717951623403	0.320413424850432	172
0.099848370277075	0.183787193969005	5
-0.00186821204155302	0.421476868542377	5
-0.014330825703384	0.307749271638395	5
0.102454163041534	0.216049468355916	5
0.11399163694746	0.136974759536002	109
0.088460865179802	0.180394832360811	109
0.016567492738219	0.233084499950431	109
-0.066638931337076	0.519825239037857	109
0.10366415656896	0.213950115833887	109
0.037217227468207	0.362866599493954	109
-0.023976596206604	0.472721271971201	109
0.102516830207561	0.222085967884199	109
0.123031815145434	0.167493939838119	109
-0.031289669729769	0.43256910795007	109
-0.018532990436116	0.398436556073006	109
0.086040003142412	0.712595725605158	21
0.113364156237736	0.535887564086904	21
0.036521254925489	0.525165379812861	21
0.003590592621593	0.389464241835797	21
0.107901496934234	0.188227320227456	21
0.01985505784084	0.465285185546268	21
-0.053783888555802	0.950044738300533	21
-0.123600815844133	1.12849097668409	21
0.035643095682245	0.189047589840525	12
0.007504381669278	0.283030894369357	5
-0.12168146582189	0.241779824307913	12
-0.022506166455299	0.389934109808073	12
-0.024360106119235	0.349965577747081	12
0.066922097097505	0.162323660025707	12
0.06910493658607	0.1710299997164	12
0.103772454819546	0.171187017415578	12
0.122838070543089	0.190629796720757	12
-0.06386611267398	0.676815179349729	12
0.079203210729517	0.251079328942156	12
0.068439321381246	0.160803559018408	5
0.046621914783145	0.215092358467082	12
0.042864396068613	0.315466736783327	5
0.056029543779444	0.294716678014874	5
0.047989632355092	0.225070197169136	5
-0.070163268064042	0.408075596142678	5
0.0513412859268	0.242891374957376	5
0.055544936382053	0.313560163431662	5
0.068637963767118	0.221813847586972	5
0.081456085291177	0.254481592594139	12
0.115883644616297	0.189892300932033	12
-0.081091471652394	0.439545317913432	12
0.00899666478429101	0.280942074215671	5
-0.011555158455564	0.211933481136974	5
-0.080374313460103	0.189661122443498	5
0.035183984980012	0.189517222622891	32
0.00166032216023199	0.21751826942798	32
-0.120782729846896	0.611967761633605	172
0.068911060580853	0.257512768346692	5
-0.050034875717803	0.199689431018485	5
-0.011438033271964	0.211848280481976	5
0.036026440848588	0.18866640755119	5
0.00266577083356201	0.274582934219669	109
0.1158938950494	0.0834578236407481	109
0.059890505212173	0.364370919097564	109
0.067569065387615	0.251047128028358	109
0.070327599610423	0.200161163022385	109
-0.00845947032477501	0.31558553990897	15
0.069813322858912	0.190777555850623	109
0.011664930776176	0.353228060792201	109
0.07365740444518	0.73093338314065	21
0.124698388448187	0.456533629096661	21
0.107721240242704	0.232611575327718	21
0.114406997066667	0.232441165580308	21
-0.111383356431903	1.03811455461099	21
-0.083368643388302	0.288137723960055	12
-0.022091243109116	0.134354832803417	5
0.076906675776854	0.0708228861667735	12
0.021701674579717	0.302585006987437	12
-0.019403213859643	0.400085060527781	12
0.00737926666174701	0.535315886547689	12
0.014567380279678	0.360325194516066	12
0.00869830162133101	0.281371148322701	12
0.093874563922134	0.148163479360785	5
0.013531568352796	0.288698699015622	5
-0.038960903599459	0.335772049373611	5
0.069721709897665	0.210739344398548	5
-0.082407946988641	0.36743864299297	12
-0.00754667964938499	0.369155281288904	12
-0.069441022083286	0.44091855400685	12
0.089690381692832	0.262976327433011	12
0.106446312076743	0.23509310404802	12
0.029768444791772	0.346932013321031	5
-0.051162019137089	0.333295554030484	12
0.08585874191779	0.200655674005284	5
0.098822168730462	0.125353992901829	5
-0.086296494865022	0.246254870434911	32
-0.058747485328019	0.247963473914146	32
0.097413923429878	0.20173965310328	5
0.120421594529674	0.151590012960446	5
0.082613437523249	0.221780942139792	32
0.068364836392465	0.171843877540519	5
-0.044264115516651	0.374561024386815	172
0.029451727466438	0.406942394145787	5
-0.036936832814679	0.426736779614034	5
0.094832872213209	0.219766305421075	5
0.033879121605782	0.26382411860858	5
0.098912234455727	0.192375948666967	5
0.066847152656553	0.150740293873259	5
-0.123042614153104	0.367488638290614	5
-0.113454156075754	0.289197208331101	5
0.062158108997492	0.129099313284352	109
0.06632368385491	0.151248257186647	109
-0.023498947303043	0.303231506718406	109
0.00262826689575599	0.469727251661264	109
0.02542217324263	0.320936351696894	109
-0.00909258203061097	0.409415973182414	109
0.001988404905158	0.275483475766284	109
0.051789576390918	0.68222862563866	21
0.033176141620103	0.757748536378712	21
0.039794280442009	0.756573942957753	21
0.090574573153076	0.418777265966564	21
0.011097864474639	0.354261517886139	21
0.066996188637622	0.326807198443838	21
-0.123115807533712	1.20518588266475	21
0.022565360588619	0.6064708290886	21
-0.01163027992517	0.741935214840895	21
0.068634461619365	0.249272086712556	21
0.096885493069689	0.426225675989999	21
-0.035923724293584	0.749656476871316	21
0.039309448205155	0.198774259411272	21
0.124926491569458	0.159272179680913	12
0.048064320176974	0.224996895004859	5
0.110865507306074	0.0397113788160752	12
-0.072399762975928	0.479837061781503	12
0.065326426137063	0.139693215020179	12
0.019351858320431	0.306459285905625	12
0.0440673821608	0.313167802569896	12
-0.092409106344914	0.473007154481017	5
0.110256678780385	0.210585323883755	5
-0.048867247685906	0.559943875401884	5
-0.019413196707621	0.513889913823607	5
0.069015569864551	0.181573721025002	5
-0.107305614264298	0.474762726836077	5
0.067610879458812	0.183131843691335	12
-0.06181148474405	0.556862785166371	5
-0.09728617981102	0.673133234494296	5
-0.041426742759655	0.417665926364921	5
0.037057588398601	0.187596790849367	5
0.042932634133581	0.315359149917742	5
0.052099699595751	0.262776269177434	5
-0.051162019137089	0.333295554030484	5
0.078588832075851	0.0700562652286236	5
0.040586029844283	0.19743548011956	5
-0.066248946126961	0.331995565412691	32
0.025564363875047	0.249729226636204	32
0.00213837101887099	0.470958741690597	5
-0.069341007560703	0.40674694059658	5
-0.017880024640076	0.356059283299618	5
0.054534742853682	0.268861344468832	5
0.107724697890926	0.158824076336789	5
-0.045596070859923	0.293280577902326	5
0.102855442716077	0.112381436923014	5
-0.028074274630915	0.20607175620602	5
0.054435860892078	0.269017806505914	5
0.040305805876411	0.288400624688078	5
-0.05837174641347	0.247603423821521	5
-0.056726596694636	0.487506072037002	109
0.068835601696892	0.17133049661302	109
-0.076341281511866	0.61480164571368	109
0.118150356788435	0.154595747870354	109
0.123624559741194	0.161125467992053	109
0.002881663633477	0.390860516905192	109
-0.082084722478059	0.328347004491626	109
0.118902358610898	0.503126925524577	21
0.122547999358754	0.467870123709817	21
0.09148281384565	0.306891512282839	21
-0.051840840977076	0.796704849218541	21
0.07868290202999	0.374595323392078	21
-0.00751752119801902	0.420028512610181	12
-0.059102105562351	0.248283866197002	12
0.099352027167694	0.19175540681418	12
0.00163148956054401	0.330031070272539	12
0.016494513664838	0.356582520659163	12
0.00106702885839699	0.147564346923324	12
0.067089527774118	0.0943819801836264	12
0.00795168752108399	0.282420317076826	12
0.100918859666205	0.182339823102839	12
-0.011756744075263	0.212118222200108	12
0.069113274070865	0.181466221210164	5
-0.109995388194462	0.437772319426422	12
0.01889194694326	0.307175251812609	5
0.101478639295459	0.181519155922525	5
-0.083149521431852	0.51371607991558	5
-0.094254853687011	0.437895822305092	5
0.070218817279994	0.219502843173756	5
-0.027762859699435	0.382699632744855	5
0.070386886903625	0.209761227358785	12
0.00131110646487301	0.276303767618508	12
0.00394906889969401	0.388752836160408	5
0.00215340670820899	0.37901550090645	5
-0.022702415623848	0.390325990901501	5
0.016186744274917	0.357185295638299	5
-0.092450421470007	0.581040621062169	5
-0.094701512705054	0.438764307766092	5
-0.041336831038975	0.417508352338716	5
-0.083810941506573	0.330326778665523	32
-0.048855530124792	0.655898324260699	5
-0.00230367309388402	0.422377692053478	5
-0.093358836078455	0.436512581293045	5
-0.105516769019269	0.471748351737717	5
0.12139009123176	0.11505954877305	5
-0.029349385961885	0.340181653910333	5
-0.058580747426362	0.247798457899284	109
0.123031603083986	0.190349709800224	109
-0.075220755854155	0.672870480887984	109
0.030040389261143	0.256853568704213	109
-0.115275840354234	0.402874032050106	109
-0.040400804022069	0.337889098490783	109
-0.082546379798536	0.512481192407148	109
0.029011883666764	0.965938263891976	21
0.06484016106988	0.624173586885438	21
-0.049324655303183	0.560912044132788	21
-0.028363476902707	0.774314577010339	21
0.110619845842702	0.250918038716698	21
0.073401290583777	0.485809717442717	21
0.026637844735508	0.650563357399266	21
-0.073707733547237	0.514986936448844	12
0.016253808147317	0.233452108716573	12
-0.021559952029171	0.134039665076176	12
0.01889194694326	0.307175251812609	12
0.123372715823101	0.141667407454661	12
0.063727616277926	0.113470545102492	12
0.088034654789964	0.189333828695153	12
0.081031647816964	0.232329940181363	12
0.066812137005991	0.0945275789839454	12
0.011151758919	0.16178079036033	12
0.115234131327121	0.0838998473119463	12
0.088760753761416	0.179999888783544	12
0.036397612529843	0.272010739903005	12
-0.110232524177917	0.612514615610328	12
0.043402626999282	0.397522252296804	12
-0.082373693937902	0.673631168135261	12
0.094991235314398	0.212637742601237	12
0.068381870592643	0.26699613722408	5
-0.113385999131844	0.541571253215509	5
0.043000896967323	0.315242941525093	5
0.036367275385532	0.283721662613467	5
-0.100693802089001	0.577244629831605	5
-0.112592618975248	0.539949862798898	12
0.00474185760534401	0.387135998941254	5
-0.013580757867931	0.403991009596668	5
-0.0402611751109	0.460602070606099	5
0.03853111965976	0.280187590497195	5
-0.045901886303917	0.499634328205429	5
0.110440619267756	0.148291312967238	5
-0.05778705550032	0.246928273264305	32
0.044521784225316	0.322222616946857	32
0.045832609637217	0.216030645507357	32
-0.050917487767443	0.592175569114214	5
-0.051805011997409	0.334151498233582	5
-0.068299476839872	0.405058618924384	5
0.003520600057386	0.273369188999404	5
0.001988404905158	0.275483475766284	5
0.070267615136082	0.209973319867776	109
0.095757529781071	0.272657904350584	109
0.102735308324852	0.215551935475608	109
0.00840652163483399	0.392253045711748	109
-0.076322134441835	0.584162235027822	109
0.021622966398453	0.241161529921093	109
0.102724316811934	0.172569830490654	109
-0.094477760723634	0.438400339183632	109
0.067482138330228	0.708269338048932	21
0.051771738516895	0.389296626586973	21
-0.113335256737243	1.24624809011609	21
0.028016489169294	0.512558241488485	21
-0.00776816105573203	0.785577911133226	21
-0.114482145227738	1.12849253212472	21
-0.013811244079553	0.895015440846007	21
-0.07117756812752	0.444100488947328	12
-0.051408627280488	0.114196567167764	12
-0.010833506523452	0.211275303653512	12
0.010834346244549	0.162020529098644	5
0.100559619813597	0.123710565590542	12
-0.028964961814067	0.384962328352822	12
0.086140483184392	0.200240586593331	12
0.030280243930892	0.179445375529512	12
0.052244056522043	0.241563963797474	12
-0.113156080289136	0.541101134269363	5
-0.025157030082731	0.394785222748186	5
-0.00788014447023699	0.369732039373917	12
0.048362922661611	0.224610498449725	5
0.00743787990845801	0.347731599756744	5
-0.059794633430422	0.523478837739515	5
-0.103311439729611	0.702138689667596	5
0.079713554852901	0.272594444035574	5
0.024651541400419	0.322320857560357	5
-0.035609040655594	0.378831366045455	12
-0.121474603379448	0.572867626027392	12
0.042505876440304	0.316160083606132	12
0.093548434385728	0.222013117548683	12
0.101519105135121	0.181489284298498	12
-0.04983803357232	0.414400182406023	5
0.088163822916676	0.245058286284686	5
0.021247626078873	0.370673326111123	5
-0.031954013794467	0.499623896741884	5
0.083622546232466	0.212100961734638	32
-0.117063816887937	0.6424470797648	5
-0.062156749267177	0.290444336554659	32
-0.050597697386102	0.200136624431954	32
0.070421218710628	0.237422208545219	32
-0.048457176890927	0.459582753870155	32
0.08035753589181	0.233419223365597	32
0.092135249533982	0.158722193094369	32
-0.034098219766831	0.464187766525874	5
0.091633980860515	0.232205491821331	5
0.099015553990612	0.240930440747448	5
0.08394667835406	0.211626946613239	5
0.01662417953133	0.233018695590884	5
0.121872925949932	0.114609044228805	5
0.016310504677435	0.233370763696649	5
0.00338890232977301	0.273597618394626	5
0.030115836004843	0.256753191898298	5
-0.105323018436929	0.672688915836338	109
0.013397819457951	0.288904666574227	109
-0.007639084296652	0.314348717637506	109
0.041772508473377	0.317527331659281	109
0.100865596850697	0.500076654547298	21
-0.026127579167076	0.577821669909998	21
-0.028336937045669	0.868980819183333	21
0.123285305182669	0.267035532659532	21
0.083747821299846	0.375094675708441	21
0.118251525316313	0.321664930076215	21
-0.010716133174432	0.211161839692302	12
-0.030946985730253	0.388397145020692	12
0.069506808730665	0.220589549598148	12
0.051660303503341	0.253071548366764	12
-0.029054473513179	0.385108149101064	5
0.044478588615366	0.341548429127536	12
0.054583108770075	0.278557301700128	12
-0.11815376338392	0.645184683798824	12
0.093493587780947	0.222108185277904	5
0.00832529079146799	0.281896533623016	5
-0.03166167864396	0.343766767026692	12
0.087419046068257	0.181687071428381	5
-0.105997789596756	0.793090696553401	5
0.000500440306099997	0.475016928344954	5
0.05082902820184	0.254285858111296	5
0.106253718082742	0.167746694454134	5
0.053343805539532	0.23986878535616	12
0.014010833618909	0.361384233316941	5
-0.115280449093297	0.638125280159796	5
0.01854786396123	0.364566979575697	5
-0.028964961814067	0.384962328352822	5
-0.062638211573009	0.480461272344509	32
0.024080891084406	0.311153749816213	5
0.079364849781279	0.243019679539296	5
-0.090868828708987	0.506799472310377	5
0.066041775035768	0.15151917740734	5
0.063471116970056	0.113640626783262	5
0.011265128253768	0.161662180062301	32
-0.081240386131466	0.365828097103509	32
-0.119153716925462	0.608211446080213	32
-0.062961397538726	0.449599707065301	32
0.110365728275598	0.148382095732188	32
0.099549462526828	0.124674789504222	32
0.010026930845413	0.401035963815912	5
-0.10196183753561	0.580070351634638	5
0.080375072886451	0.241222220492676	5
0.123459515253206	0.16687333970635	5
-0.032571862729552	0.501351684363134	5
-0.091109589562334	0.577924634581344	5
-0.027760228622241	0.205798917976398	5
0.09366115181186	0.148395071249391	5
0.01693791975354	0.232636150487787	5
0.036532297886557	0.188160473347938	5
0.086241512272304	0.191773301328717	5
0.109097406906859	0.149907856108003	109
0.115278755167549	0.225468417072922	109
0.05689244382375	0.310920607799369	109
0.109240249362455	0.22395630010762	109
-0.075348152218646	0.550715165954626	109
0.081587241581973	0.633239018866043	21
0.00753741338359501	0.801912779071318	21
0.114854506757344	0.258436114545935	21
0.068160225737386	0.275767746910209	21
-0.096517789086286	0.849184990969187	21
0.12311537867017	0.212026624550402	21
0.054775362833526	0.475802050929376	21
0.103057507497925	0.112212543116119	12
-0.050955997008493	0.114002992802927	5
-0.050738469574243	0.200209218201488	12
-0.013857291294276	0.306994947529918	12
0.067924149596224	0.161370295311434	12
0.017206657570974	0.296759952607769	5
-0.062883373509872	0.291237332381514	5
-0.007639084296652	0.314348717637506	5
0.053968264347145	0.289191476667266	12
0.00108032411838199	0.473557191034616	12
0.067724467428777	0.292845979268622	12
-0.053801293665789	0.451821011511759	5
0.047819811101772	0.34413262547858	5
0.053374131655266	0.26073052197027	5
-0.106784543027185	0.473949271859141	5
-0.068372154983831	0.405190328453296	5
0.116377206347924	0.163269937225032	12
-0.069229288675364	0.440557889858121	12
0.115041144613681	0.165123308801352	32
0.038476021824156	0.302494962662001	32
-0.061402718937826	0.446913318398664	5
-0.100359728981415	0.36675076737516	5
0.00906791298287599	0.226389372174321	5
-0.121938809535006	0.242016796759973	32
0.065702753225099	0.139375634354003	32
0.111689628023372	0.176225042498307	32
-0.023893569320963	0.303689568463375	32
-0.010135263127889	0.447352752820832	5
-0.017895981872412	0.397154772016275	5
0.050778535787939	0.23273843824144	5
0.121929066663943	0.114556658795301	5
0.050774680357888	0.232713298519776	5
0.114057925623638	0.136897473788906	5
0.022331983246502	0.170434729765056	109
-0.070059097230463	0.58780341928893	109
0.022119593217447	0.380057490256222	5
0.098647959498185	0.192804995642457	109
0.071756889198475	0.424139418606198	21
-0.114145938672636	0.795877545171528	21
0.113409011257545	0.205099904774647	21
0.100794825429424	0.281516867999358	21
-0.039064582226451	0.592371471481317	21
0.084239330537702	0.385284336543832	21
0.061629642638437	0.383796047004676	21
-0.120241500547391	0.950200237986487	21
-0.014198100010164	0.819812792588513	21
-0.121971969984206	0.574049945395097	12
0.062679736186913	0.128711059188858	12
0.048362922661611	0.224610498449725	12
-0.058183902117578	0.247411086973662	12
0.062836975916794	0.128572817165903	12
-0.080590886176117	0.189793828809921	12
0.00116388210368601	0.147482087793726	12
0.00943565023019799	0.225995069950365	5
0.12368069735506	0.184223287917155	12
-0.101476721997139	0.541839713221398	12
0.106539197281437	0.160351263878482	5
0.033740645108251	0.276064926160474	5
-0.012692706921103	0.30523493447364	5
0.016680783095364	0.232940461404607	5
-0.065351496029064	0.330907662058544	5
0.09461505568995	0.147362264134874	5
0.068620456331851	0.221850515139004	5
-0.00276264101901502	0.322304080832349	5
-0.118578577095224	0.607068469833375	5
-0.094776313184434	0.438836147433731	32
-0.082133955307834	0.328427036751017	32
-0.079881203041323	0.43734091147085	32
0.092135249533982	0.158722193094369	5
-0.080590886176117	0.189793828809921	32
0.030934572899046	0.255553575722403	32
0.112523317565323	0.138630091672248	32
-0.03061651223014	0.34212767734761	32
0.088088293217437	0.180868576166601	5
0.027520807972006	0.328887958952144	5
-0.082456436809823	0.546035739491141	5
0.051750110973334	0.252940896992419	5
0.123825064619666	0.141095275252653	5
0.116876884599248	0.162498993200256	5
0.106978707644024	0.159797187787724	5
0.000169043836038996	0.21909331377389	5
0.1143634202176	0.136540184445386	5
0.061975799371008	0.129233448667756	5
-0.122720620210223	0.242680985048687	5
0.063860515934769	0.113377323003526	5
0.065557677608321	0.139497515661822	5
0.010429301738318	0.224865754034213	5
0.06734848975686	0.161949120067753	5
-0.02404712118721	0.392839022391243	5
0.068610351585066	0.231259762364085	109
0.00802659892113999	0.282323117963076	109
-0.064925191335889	0.330357791539731	109
0.09485919615641	0.14699875837609	109
-0.08101198516854	0.439420431321651	109
-0.065639303014696	1.67433087699867	21
0.098831923113085	0.492173948703777	21
0.016813149757662	0.810606873155262	21
0.095900791167062	0.415642653174397	21
-0.072514666722584	1.01745061744388	21
0.068217232689174	0.28381326114909	12
0.029816228214645	0.257161535226848	12
0.115654036304429	0.0836179024880272	12
0.021935636454999	0.17082293741555	12
0.030513433636827	0.179280259716492	12
-0.102661495314775	0.506040604871488	12
0.067606595144841	0.161686034607768	12
0.098623142020953	0.125508646778372	12
-0.043360606738155	0.421208656649763	12
0.091982048035778	0.158900772454496	5
0.054230156380765	0.269372689768541	12
-0.120891063181534	0.70408022859813	12
0.105340253657259	0.161850331307979	5
0.046486275307041	0.327939722512834	5
-0.093392520845118	0.511941174967873	5
0.054306321581855	0.297934050605605	5
0.081534049420829	0.231509220608949	5
0.014736199279339	0.360024201441961	5
0.013343198386632	0.35011517098832	5
-0.031321842060944	0.432550431623403	5
0.092918834986625	0.215954346539162	5
-0.052656894017727	0.449646118216871	5
-0.010494492546857	0.359340348227044	32
-0.0415167497319	0.417808578176651	32
0.051421352128102	0.242772178833844	5
0.066483966298568	0.151097831921735	5
0.115834279151046	0.127809397004881	32
-0.093896075260279	0.475720774804399	32
-0.049413531854561	0.413615637299918	32
-0.093375165612297	0.547988013265076	5
-0.12160311698312	0.573240538586496	5
0.032145401034831	0.352852482564851	5
0.078873578655261	0.259288449030277	5
-0.014199458525842	0.405168700813686	5
0.109246422524969	0.149734211904041	5
0.088457306865211	0.180380802316047	5
0.06660495554814	0.151006922138021	5
0.03682630425371	0.283000819363501	5
-0.10230457009075	0.505397943627782	109
-0.102012994055945	0.698455541919117	109
0.068610703651311	0.20241363708382	5
-0.029749391117766	0.429477060769278	109
0.098920696454151	0.574496744114483	21
0.044582370391364	0.909760467444462	21
-0.018496468109576	1.16812466967293	21
0.071724786978712	0.463647182055361	21
-0.03225382882715	0.749534355818702	21
0.015637290671225	0.782685064064489	21
-0.020274195807676	1.0527447737718	21
-0.082573616804051	0.477744757767585	12
-0.11988020250829	0.877245504672525	12
0.016510722537579	0.233138032986225	12
-0.080275869226183	0.189581502774135	12
-0.011438033271964	0.211848280481976	12
-0.053026418838357	0.450384488755085	12
0.069727783420066	0.190909651257217	12
-0.011103929059901	0.360420838738459	12
0.043681707159397	0.206508412097398	12
0.069069867192013	0.230560719815119	12
0.00342244408842399	0.326977365549413	5
-0.058791320106862	0.521237774368267	5
0.049109248984772	0.223628622817492	12
0.068459747316119	0.275184100058914	12
-0.097521198294303	0.820424822332052	5
0.079459507370654	0.287884045827824	5
0.07940838105808	0.25073972044749	5
-0.023607694786639	0.471823169178387	5
-0.123710940731968	0.673026966744779	5
0.069575304130559	0.191103700950382	5
0.107610230553357	0.19504355786115	5
-0.00417697511680598	0.494260405947172	5
-0.00658805941851098	0.418161175444829	5
0.077876792044171	0.261076558047926	5
0.04681883564909	0.214783804743214	32
0.092222805059046	0.158600958882583	32
-0.00565882474381102	0.416224665156069	32
-0.069977043463453	0.647118633010172	5
0.118643294255933	0.179865692132793	5
-0.083151749510717	0.547525221331037	5
-0.072956193358015	0.480908169968005	32
-0.075128062030771	0.518106482126641	32
-0.106489999481951	0.473325416461083	5
0.086281309331179	0.200027159075961	5
-0.083096137276376	0.675539125154499	5
0.118650422254574	0.153953900879279	5
0.017337339845607	0.296443538388713	5
0.009108726056588	0.34486625971013	5
0.038398667468276	0.291686963046668	5
0.019594105149154	0.41488090910216	5
-0.115288299877239	0.402929912424602	5
0.090056415947454	0.234870661369443	109
-0.111514713923259	0.823724461302844	109
-0.091956296989261	0.613789417762275	5
0.087715705190638	0.181335521700882	5
-0.072359051388072	0.479762120065268	109
0.057896233332588	0.841683816757569	21
0.100017690214006	0.514464530487616	21
0.04219683496926	0.628809339605943	21
0.099081283882369	0.402260993002952	21
-0.02483611718651	0.957042630461707	21
-0.085048828981604	1.44468906682225	21
0.11758787621016	0.393507635098138	21
0.11819615350734	0.180577439433348	12
0.080807991954893	0.255726811321117	5
-0.045456741564339	0.376522000162783	5
0.027993734730877	0.389281922443851	5
0.050356954165151	0.347838318931905	5
0.00661604859607301	0.396005921313001	5
0.120905792054292	0.19404119478951	5
-0.115271623009436	0.675690783133616	5
-0.10528668992989	0.328859289280446	32
-0.096357861009281	0.401785421332933	32
-0.000899956552676995	0.465721798379745	32
0.116455317875203	0.188950373363774	32
0.00297632331821299	0.327813997021783	32
-0.08128766190782	0.403107048000681	32
0.023256173574388	0.377669363027378	32
0.042508923063312	0.305894445916163	5
-0.00108564352254797	0.419733417651779	5
-0.070858558489167	0.443520421617249	5
-0.068482436350891	0.370288249924928	32
0.049163412914815	0.245883968366147	32
-0.117846504615407	0.64449597693106	32
0.019671540928169	0.305944027063833	32
0.028695143625789	0.32665166386262	32
-0.070059097230463	0.58780341928893	32
0.068255209883951	0.182438278429966	5
-0.093537769659618	0.474965710291953	5
-0.00667047498868101	0.312831265777648	5
-0.044339715974547	0.374672761030733	5
0.091205567427786	0.225936500957292	5
-0.015033905868224	0.406871046322534	5
-0.00726666914925001	0.313777592160643	5
0.104950589490158	0.211685731224193	5
-0.00656980801953	0.418176103594709	5
0.03103025946796	0.333478885698637	109
0.034835944782306	0.262349908378026	109
-0.119581211303772	1.5892255899528	21
0.024435721082332	0.729113458773417	21
0.076692876923219	0.486261303840104	21
0.012374257158594	0.762125451446542	21
0.091180059253686	0.430389965087557	21
-0.024401228043566	0.473713515321728	12
0.005382772284273	0.385801977244352	12
-0.040180732552136	0.415145994075831	12
0.055363189700873	0.277157066533443	5
-0.000448380829868977	0.384114519342222	5
0.00755510042815799	0.394015097385531	12
0.040569130919865	0.37541864340127	12
0.119684276186106	0.206487068243926	12
-0.00225111775108	0.455836201194707	5
-0.071539641918666	0.65140987686344	5
0.096547620821699	0.258437884039919	5
-0.020494438067953	0.441661213935799	5
-0.093780959421064	0.73034446798547	5
-0.081406854114793	0.475656212896002	5
0.02413066864191	0.386868961769688	5
-0.041752339572289	0.600233609511728	5
0.046250071801434	0.215547727021046	32
-0.081317830897514	0.475474909578606	32
-0.091339401509698	0.543633694702077	32
-0.080562445109367	0.402015828086812	32
0.103653349441209	0.207753333875457	32
-0.07417545909598	0.578797133846156	32
0.036807211132688	0.271378167042327	32
0.066154359470427	0.27095891505625	32
0.00977368026092801	0.343588972467164	5
0.080372782295017	0.256538275097028	5
-0.058763619762905	0.521113345312691	5
-0.025690675912174	0.395718615143606	5
0.067513149106306	0.259964285989953	5
0.039342342718857	0.301024319556911	5
-0.006000914487508	0.311734955793388	5
-0.065682685510623	0.486685123792779	5
-0.00237695885578898	0.321736128888809	5
-0.082758753402239	0.329187789000794	5
-0.116217584218272	0.505939142112592	5
0.097003369090373	0.202299767648411	5
0.103682519142443	0.213916727642905	109
0.107355567354235	0.195441370380272	109
-0.055535743680448	0.372374669334684	109
0.080042725445059	0.264556518682879	5
0.024785946418936	0.322086850452679	109
0.113925224443968	0.1370462215182	109
0.066977686042728	0.816020797464928	21
0.04489836295517	0.777040941548312	21
0.103949980636702	0.331546159147493	21
-0.035740282400329	1.12764768774551	21
-0.010800236515505	0.211185387149644	12
-0.109252236714977	0.610218932920859	12
-0.060572940367517	0.445331927233385	12
-0.074253606073589	0.578991735860963	12
0.085419560437078	0.209411912360828	12
0.066906496595247	0.243052699827058	12
0.067888613865417	0.276256384439432	12
0.010958835830054	0.354519589348946	5
0.092563318116984	0.230571451917646	5
0.019951891764351	0.305503689393857	5
-0.117092712189584	0.642682827945631	5
-0.116814184421412	0.642030956891967	32
0.115827733545661	0.164052531102893	32
-0.092701225906875	0.473597274144692	5
0.106738489936239	0.160075001422715	5
-0.083251456839221	0.288014817032554	32
0.06534793836587	0.139683302062533	32
0.047452808071643	0.214024477959364	32
0.114401356523629	0.166019476090916	32
0.043154725947049	0.314862139215038	32
-0.076616280820287	0.615523037648568	32
-0.096318749390844	0.401800949491854	32
0.054017096401571	0.279515246161675	5
0.094125846648242	0.214057060040075	5
-0.108474367920392	0.729563366759777	5
-0.066951968344952	0.520164124359068	5
-0.046594059799023	0.456035192457436	5
0.068816870792379	0.221582801239885	5
-0.080710128345519	0.508569621285941	5
-0.003891279016355	0.267352841422731	5
0.069069867192013	0.230560719815119	5
-0.035942178687135	0.534271004574418	5
0.052893299852502	0.271586734016886	109
-0.016132711713307	0.353233726451507	109
0.111859412179034	0.176000964218569	109
0.069731823358137	0.200894164796797	109
-0.027219801181902	0.424090117995825	109
0.096841248378509	0.202644387038082	109
0.046772552662637	0.903020263222697	21
0.001977010867805	1.28845928911815	21
0.072733705529555	0.677472827526306	21
0.034989611717	0.813350275132368	21
0.050398382124931	0.608971114917955	21
0.00499685527666599	0.679614617856365	21
0.117399642769997	0.358160146015796	21
0.031597180434141	0.681923363586292	21
0.030215782081903	0.631666932234301	21
0.068750177983312	0.212076378117694	21
-0.083043696201395	0.547384934271777	12
0.064373516255362	0.113021827490398	5
0.107150451913188	0.0993673401350934	5
-0.106051056485303	0.329642124197296	12
0.082379720164886	0.222149659982175	12
0.069279024450924	0.220920387571777	5
0.09103725186733	0.246820702670159	12
-0.107790412884412	0.643531703235548	12
0.055025968868973	0.287312181986196	5
0.082710251564937	0.229546040754647	5
0.108959880228352	0.218725969546345	5
-0.024417092574528	0.39350141855081	5
-0.115193380515226	0.675371862613239	5
-0.049296140022397	0.534034525038979	5
0.114299558491874	0.172317176616576	5
-0.076351328719665	0.552908237032917	5
0.104040599513488	0.21328403220138	5
0.094542733955361	0.213363172780922	5
0.080761279069399	0.240657056002359	5
0.09402431034572	0.221180745469475	5
0.112491285491172	0.175017586873665	32
-0.106928891720891	0.641418449338491	32
-0.022391292411428	0.346924995660597	32
0.102889189177215	0.215311028967375	32
0.069441727986069	0.220669813829363	32
-0.00831028927848399	0.407786641449305	32
0.013984323152617	0.288017024915805	32
0.022544276270956	0.367828653951179	5
-0.037963166273491	0.250568182131032	5
0.102738688390849	0.112479172528088	32
-0.08088645725007	0.402465129983331	32
-0.101822734455765	0.579763693432402	32
-0.109730209633359	0.611370535781662	32
0.022467699732956	0.313906543549694	5
-0.001567376625488	0.320395317934937	5
0.015153631836912	0.359202118562923	5
0.098678411374793	0.199713819362843	5
0.122006371930064	0.169112325961922	5
0.043095295192647	0.304771055960236	5
-0.071851686627546	0.478769682620921	5
0.107285146337059	0.159398239905311	5
0.070451944270672	0.189986910347695	5
0.067533417505687	0.251120927645639	5
-0.050693738495162	0.332593828678458	5
0.090829390768857	0.168842413305441	5
-0.082342137925013	0.328688534658988	5
0.053914461717198	0.259894102094647	5
0.007802588326105	0.282631381038577	5
0.029135308104784	0.33719879877001	5
0.068930103814743	0.230766026724191	5
-0.013078442564835	0.402939087913927	5
0.012477487281375	0.351727950103228	109
0.107658120631742	0.158913254133132	109
0.105246340714928	0.161968676639776	109
0.048512219670073	0.224408788763281	109
-0.082384395121919	0.512194616024916	109
0.091411806614959	0.2394078393012	109
0.109547664089585	0.18576243211579	109
-0.02972234516989	0.340801283151432	109
0.041597833740954	0.885490186848439	21
0.059981746369542	0.588337474844597	21
0.080827428900925	0.482635585684263	21
0.118450147788197	0.430361281275578	21
0.018488454934673	0.884828725959065	21
-0.018585771313953	0.765172646114128	21
0.036335837598698	0.632604494164574	21
0.124105686613157	0.313552200926557	21
-0.0516598593167	0.114296718545794	77
-0.109623644860555	0.437197700613792	12
-0.030544158860057	0.341999911532519	5
-0.103350320373604	0.507468493024052	5
-0.047499516657405	0.457881537825794	12
0.055224229859775	0.277414003141415	12
0.053412718411232	0.250398430649633	12
-0.00680847109938698	0.36783799465071	5
0.101708858649414	0.181195228168622	5
0.069725072025857	0.280883152728292	12
-0.060879128833239	0.525930244264726	12
0.092436000240266	0.230784027360276	12
-0.030198562839177	0.430403438592729	12
-0.025499991737778	0.514617810199568	32
0.066636438388733	0.29502095127616	32
-0.047363865811907	0.529672702800077	5
-0.003174718018991	0.375520448759076	5
0.124409022788684	0.183022421377711	5
0.11847406975224	0.180146083776348	5
0.028604887317454	0.338225895318401	5
0.069773555263459	0.180600630195047	32
0.111901168885302	0.207731529513418	5
-0.090669211500228	0.610577855788034	5
0.071069196597988	0.218258513718846	5
-0.107008528013729	0.474317716694191	32
-0.00447541350043601	0.268110650416896	5
0.00929505421607099	0.280502707568373	32
-0.053531058636126	0.45135555411453	32
-0.00593533112848999	0.366205889523492	32
-0.091724802541457	0.508557614444882	5
-0.022244829597367	0.346691531419462	5
0.106685705478208	0.1601700550177	5
0.105420272268178	0.161736548355562	5
-0.109908575260964	0.437632199170623	5
-0.054938587719594	0.371461008352297	5
-0.0467981236091	0.378563612795454	5
0.106405823931007	0.196972568485215	5
0.019340266939552	0.306367886880242	5
0.033107522354179	0.264966809854744	5
0.029161583790266	0.33714199087895	5
-0.053082495121238	0.525902729401417	109
-0.034823828147155	0.422729029803111	109
-0.050566517225314	0.492547916201481	109
0.00877288633506801	0.281248112841102	109
0.025655182979088	0.320520217645616	109
-0.03627198026408	0.379983012812422	109
-0.103432246288505	0.507601626528372	109
0.108839078114991	0.542306173869141	21
0.122042390642254	0.326586362178133	21
0.083632008383555	0.428160674518556	21
-0.042202023103932	1.13543223593844	21
0.082655173795733	0.515363269681368	21
0.055672847285981	0.276602952049472	77
0.069639633699763	0.180835890511397	5
-0.00459082796134802	0.268247945232053	5
-0.010917631942702	0.211352694019984	5
-0.09405554132283	0.475926746734046	12
0.091150851678359	0.226022337000446	12
-0.015405887361958	0.407380194648807	12
0.102209416919497	0.180496750019449	5
0.123010619694555	0.167573748879429	5
0.029943792468949	0.335627391167832	12
0.10285980958166	0.179541987971426	12
-0.046568067303417	0.455994461141632	12
-0.034627874642439	0.465351508295367	5
0.017182549158424	0.36731057985417	5
0.094766991136637	0.213001546230935	5
-0.022904059535719	0.470163540817929	5
-0.083559339776644	0.613502643925488	5
-0.076936933271248	0.554169385367051	32
-0.028559624283211	0.507144099716869	32
0.068595329975138	0.266606246302663	5
-0.082837922400819	0.579665043967005	5
-0.069891486122711	0.441788585196487	32
-0.06660004330558	0.367665390481428	32
-0.057530967320982	0.40805211775306	32
0.11999778412253	0.152170723676204	32
-0.081197165330452	0.365744649963827	32
-0.063328924900821	0.291718901564022	32
0.092637912826175	0.158138478883178	32
0.070232892736636	0.190271194288064	32
-0.102131265755634	0.543323743332075	32
0.070038677890011	0.229066421893511	32
-0.014051490489205	0.404892990935505	32
0.068965172429362	0.257394123676942	5
-0.00384638484850802	0.376719280459732	5
0.103627114083643	0.171387778941241	5
-0.09260874822405	0.473366777263776	5
0.035050323124638	0.274133497428329	5
-0.109839116511915	0.611565978625924	5
-0.083182802008385	0.547694505534886	5
0.052389763658346	0.251948001342007	5
-0.037188052579728	0.381518441952198	5
-0.105125595228806	0.328681805835128	5
-0.054192086490553	0.370246477679461	5
-0.091453152618299	0.470883850372878	5
0.056067932515444	0.275859539065903	5
0.12022866910921	0.151858935127859	5
0.069689496483022	0.238627221066642	109
-0.037639366747631	0.382235938214133	109
0.10519467600465	0.521911607022904	21
0.109136025397618	0.417434026474216	21
-0.045204842389181	0.975471770767437	21
0.05900076001466	0.493058338027193	21
-0.00488051723517602	0.691756244206819	21
0.017220058975991	0.23219184634483	12
0.066483966298568	0.151097831921735	5
0.105216910480755	0.205170854569205	5
-0.119949927549739	0.61015527970912	5
-0.024385495571554	0.256597712791512	5
0.022253721057872	0.368501704008863	12
-0.034237756399689	0.464242575687011	12
-0.0550074241899	0.530176520002747	12
0.052491636072237	0.251822215030553	5
-0.099770823858569	0.645635475199026	5
0.055099779847039	0.296474060303736	5
0.104721307229863	0.206002207806704	5
-0.118517075746379	0.606854034554543	5
-0.117025587675303	0.730715890429428	32
-0.064123742306153	0.620251440216471	32
-0.100319577089334	0.612283680844601	32
-0.084334212592706	0.550126573862619	32
0.010114552300568	0.343078177656629	5
0.000332730751216009	0.429542807561911	32
-0.117205239946522	0.642936034411098	5
-0.09936203818179	0.574085183156155	32
0.044991911243643	0.204977539444747	32
-0.115602167461564	0.403378433967822	32
0.102983282645643	0.11225783260001	32
0.046795910188112	0.214840170672615	32
-0.069491192461296	0.407043222980403	32
0.01315656729309	0.406214259788497	32
0.054689119342756	0.287838161590354	5
0.039877866289699	0.300074544040624	5
-0.00446678403231499	0.363391068786064	5
-0.015931226787957	0.408574985395908	5
0.00212298819753801	0.379071931132189	5
-0.00407903212907101	0.377149463951148	5
-0.011368091327898	0.450211599705775	5
-0.015206474750625	0.351658418277681	5
0.040373459581996	0.197669244378114	5
0.091269640212299	0.168300169181596	5
0.053693874367804	0.249952281974726	5
-0.104654277044899	0.705777451825249	5
0.051648157957655	0.253035815335352	109
-0.083383580400544	0.514170558810196	109
-0.115495123720854	0.676317117919298	109
-0.124016841787969	0.673864601409161	109
0.083203681983675	0.670022710031636	21
-0.029608065530662	0.84400949470803	21
0.087277396772459	0.378673821078347	21
-0.052156638806156	0.334533522487658	21
0.067971724967663	0.250331421835696	12
-0.039246858385088	0.336142205341729	12
-0.08261843135292	0.512682394157813	5
0.062679736186913	0.128711059188858	5
0.106446312076743	0.23509310404802	5
0.079671255739961	0.29471028701057	12
-0.00148563145624703	0.466979514694476	5
-0.040237495504147	0.460499036512253	5
-0.028232131722124	0.54539118642189	32
0.078466879838208	0.282499657647425	32
-0.106114879003492	0.472801644225508	32
-0.036523760955911	0.425794589558061	32
-0.072498258155716	0.480013447539342	32
0.112163791836693	0.175542219372257	32
-0.015524036903919	0.481812142230839	5
-0.08101198516854	0.439420431321651	32
0.025646258056675	0.320450271619833	32
0.067544292527272	0.2599054362472	32
0.119535985150779	0.152788505468431	32
0.069972374282209	0.219858249280921	32
0.043717700955923	0.313840220104865	32
-0.081824069285235	0.366654954935567	32
-0.113454156075754	0.289197208331101	32
-0.042852502365353	0.420299273772757	5
0.112207489066753	0.207252399583157	5
-0.066883979440834	0.368117269312641	5
0.00598738430804799	0.336824914902712	5
-0.123738118420828	0.673173593839001	5
0.047024882605763	0.34575305277165	5
0.067374146378997	0.260207134343812	5
0.069027125587687	0.25728265029416	5
0.034171467912955	0.263393211691117	5
-0.112630586194804	0.539877523845101	5
0.077703924511254	0.268962326095825	5
-0.068969734634969	0.406213917416439	109
0.069589015954772	0.210935887683486	109
-0.061006964565205	0.555036078335798	109
-0.065997788738428	0.518418908424395	109
-0.099055012021977	0.643860895192968	109
0.087010948073134	0.754937888291431	21
0.063530952655873	0.627444330744915	21
0.097340060443429	0.468119279513049	21
-0.040265977100021	1.20158781571288	21
-0.00119033350111403	0.950458581565875	21
0.057382933267646	0.623840509057834	21
-0.090765669902893	1.59794945229784	21
0.059553149071258	0.619302411565096	21
0.076828210067455	0.0708505061620851	12
0.115654036304429	0.0836179024880272	12
-0.068076896963085	0.641300905472986	12
0.069403642017607	0.19127797894623	5
0.03970604405824	0.300389139304886	5
0.044136802484991	0.20599449950313	5
-0.040051673779557	0.502924052285062	5
0.121994929051002	0.169080194630201	5
-0.069275497255686	0.556101299642544	5
0.036835099330796	0.363528627207295	5
0.11243756694767	0.138733489976493	12
0.091429340952661	0.232574714975767	12
0.114909214492523	0.165324833770957	12
0.109582071659614	0.228913867801154	12
0.068314599607283	0.27546895868404	5
-0.028733551328736	0.546671144730901	5
-0.108845755310716	0.646044491911353	5
-0.00258362276422702	0.423017425921144	5
0.000852557898901013	0.428332986026437	5
0.037145953106884	0.282489046328802	32
-0.01544259282621	0.517931981131802	32
0.013431928455866	0.405575082048892	5
0.096017202150155	0.265863550749714	5
0.101817472457267	0.279115768120979	5
-0.101365537117857	0.731323932581526	5
-0.110346704731053	0.438279560099746	32
0.00958540996702201	0.225769506009175	32
0.025649064786261	0.24963259225069	32
-0.054341569942362	0.370512073090354	32
0.022754854700899	0.239740338199436	32
0.090863941325235	0.168754075694831	32
0.06807957183138	0.316419607282086	32
-0.036219696182545	0.379853429944242	32
-0.044186325123733	0.374352852085839	32
0.047059426730509	0.214536889564781	32
0.013158579152272	0.289265563255809	32
0.03193277116507	0.353272320545563	5
0.078099056423236	0.260685046858341	32
0.067666277707797	0.276694067728168	5
-0.054988263371619	0.558070098323874	5
0.122006371930064	0.169112325961922	5
0.022503150382144	0.313873598051561	5
0.054249204807709	0.259336481750076	5
0.024821741828486	0.322009585166936	5
0.046259957238912	0.328396015932966	5
-0.116058766535073	0.505675027066272	5
-0.009481289308434	0.410282966580625	5
0.098912234455727	0.192375948666967	5
0.113681062311924	0.199132254833053	5
0.11618203049885	0.18936640094776	5
-0.082582398046408	0.512607810981664	5
0.00761291047382401	0.393957813657694	5
0.026428254923011	0.381676416603721	5
0.041720432156168	0.317627690053313	109
0.0701742947424	0.210113720980371	109
0.001593253214905	0.330045410891488	109
0.11886225974999	0.427202258280851	21
0.048142298684784	0.593387642238256	21
0.073050950906338	0.476257797340075	21
-0.065071258557927	1.05001125931898	21
-0.0198650503055	0.96617576938563	21
-0.077442128129164	0.586733129766141	21
0.030925030849039	0.460179832254338	12
-0.080495684330852	0.401916260154775	12
-0.021993449480125	0.134278402059596	12
0.076681667763743	0.0708869259391728	12
0.068526905690769	0.266720884350235	12
-0.00282860320595402	0.322437453384292	12
0.068411976037036	0.240718248997309	5
0.12012698234765	0.200615856710659	5
-0.035209586262335	0.532311705093028	5
-0.108071156959099	0.644248390249868	5
0.015938247752616	0.357662546997315	5
-0.035813284940918	0.599065685684496	5
-0.105446592236646	0.825746891025912	5
-0.090105669038378	0.67466864357402	5
-0.018694339741612	0.398636850883115	32
-0.046582705746326	0.378227674543885	32
0.091429340952661	0.232574714975767	32
0.089850560253825	0.170050212043822	32
0.113930858581765	0.172868295161526	32
-0.022406584544907	0.301715886354228	32
-0.08153166179699	0.440318549669671	32
0.030946328806459	0.333653413086022	5
0.078629559682864	0.26725083227866	5
0.069086034337449	0.239613487576055	5
0.00403929499787001	0.325985253858879	5
0.083116950051704	0.212860628809767	5
0.013465945603018	0.405540003593295	5
0.116467383425579	0.163129970127522	5
0.038801510552439	0.279745069350107	5
0.069308447326673	0.230165517560171	5
-0.081984094412442	0.441086685877051	5
-0.00674489051863097	0.367700390224484	5
0.033719497072411	0.264085314448414	5
0.046890923679471	0.346091412725152	5
-0.00793848041624301	0.314817880879324	5
0.012798543158371	0.289791225665359	5
0.068834861539455	0.202128388238535	5
0.023467215088348	0.37722625711711	109
0.047782698797861	0.344006373500194	109
0.034818600376505	0.650091073761499	21
0.117843664980582	0.412680679976644	21
0.109193631262702	0.351934679561895	21
0.062254172879478	0.621936371996581	21
-0.015410583118914	0.824774580287573	21
0.094435517538133	0.213554931934274	12
0.074415516895943	0.377176598986653	12
-0.10025786931895	0.366644210347171	12
0.066726017760071	0.150887706726681	12
0.06308152404848	0.128390331364202	12
0.079827140873783	0.249956964561283	12
0.054273278541878	0.279107587895058	5
-0.09537407680291	0.70150908683632	5
-0.091333029377844	0.578460778866502	5
0.00775807306614701	0.393652822117121	5
-0.031571290390438	0.474452982416527	5
0.070353501336826	0.303621820423072	5
0.009909879233999	0.444671022942088	5
-0.092505412053003	0.581184538185632	5
-0.063555639882254	0.589832404830196	5
0.080247272225814	0.256745084297062	5
0.012054537313452	0.396583272396884	5
-0.067640767760487	0.581737190170151	32
0.070251368405669	0.200251436443036	32
-0.094701560951983	0.438718100126893	32
0.044018587646037	0.323230159816402	32
0.078594956885886	0.282220245570692	32
0.099416698417761	0.191639728547865	32
0.020106451814867	0.373028165103038	5
-0.02036182195103	0.478822850927859	32
0.093185613057023	0.157460355137275	32
-0.051844490028415	0.33419175662953	32
0.020852449263395	0.423157576993359	32
-0.041845187183114	0.418469013465289	32
0.06826519633268	0.222346692723641	32
0.104980745439023	0.169547169242129	32
0.033063122051875	0.350986198642838	32
0.036099396405485	0.272458038008248	5
-0.121242850814714	0.471735968135474	5
0.017417483210524	0.296362989072921	5
-0.068694664234405	0.554826358947368	5
-0.062883082621819	0.449545181875247	5
0.017526469585185	0.296227856378343	5
0.103416684038904	0.171668081325954	5
0.018028600973733	0.295453879818792	5
0.009325166577905	0.390284848646083	5
-0.012772650025527	0.261510435790044	5
0.067267373405213	0.204066107453315	109
0.122920292094298	0.142231980889281	109
0.084795586395623	0.787862367153827	21
0.081188195267048	0.800664872735265	21
0.05799770850896	0.834096061046125	21
0.097847524390144	0.406455814106944	21
0.093220260824629	0.373760179698643	21
0.063266803637182	0.555412056332212	21
0.05834523492778	0.501963932088259	21
0.108856736912611	0.439947998393518	21
0.112930378001702	0.174425583604458	21
0.000729795165336999	0.147789290806825	12
0.023916721850289	0.323585029147254	12
-0.028621295135493	0.206556098928513	12
-0.081880930730927	0.366743957020511	5
-0.023506369470459	0.391812648673748	5
0.119663053324394	0.152592448380094	5
-0.000225262066017973	0.417779007833458	5
-0.093532454679885	0.512187827870118	5
0.000527618705259997	0.429069323194331	5
-0.048106622283364	0.627846764382444	5
-0.00624086145996	0.366799441270482	5
-0.068381171902254	0.61305016319303	5
0.107219972603001	0.233580723197937	32
-0.112463233789182	0.57891291916032	32
0.069379199999831	0.273454586073648	32
-0.036864617841037	0.536587507660412	32
-0.084129213450937	0.614912185010675	32
0.09291274657895	0.229907557162743	32
0.032659004509069	0.351775898530476	32
-0.074492210610791	0.516693536552343	32
0.029888825357646	0.335687318043827	32
-0.011119197452014	0.211537302264436	32
0.050758685826455	0.243688176184322	32
-0.105745116925158	0.673767923143922	5
-0.049713052451215	0.414067366981928	5
0.00944121470367301	0.344239834894125	5
0.034715517869601	0.274636721553529	5
0.103809111193822	0.213704612841105	5
-0.031598707598319	0.389501002129899	5
-0.060853747932784	0.445856755310726	5
0.070068174754759	0.180323387597285	5
-0.00447541350043601	0.268110650416896	5
0.068093073318898	0.161099133856152	5
0.040216352258158	0.197839413779572	5
-0.110433272386787	0.438435777354833	5
0.00891727976200399	0.22650092900725	5
-0.0704217103463	0.442786899646011	5
0.067864765607272	0.250570561274777	5
0.055241357267837	0.305195183399065	5
0.118487757927749	0.208811473206963	5
0.089625547797684	0.249460217069062	5
-0.014307300497596	0.405455037082571	109
-0.076113217819983	0.614229645804389	109
0.09155304472207	0.39619973338278	21
0.062557098775707	0.520971431280057	21
-0.060648232209192	1.13003214959793	21
0.052006045418879	0.667773410608679	21
0.030160967356579	0.763778849971513	21
0.047530071844334	0.681139844567114	21
0.022435757116197	0.170385380231934	12
-0.023909061177602	0.256045494879463	12
-0.10560877145978	0.329164829810967	12
0.069443904580778	0.181060829509768	5
-0.02098129055271	0.480439077885334	12
-0.107121397399853	0.641649032078015	12
-0.091864159749067	0.579688253169739	5
-0.083940162384475	0.549364359705753	5
-0.072489849683189	0.479980009334182	5
0.104713613972151	0.20600679733382	5
0.021811791787503	0.380718298782166	5
-0.108105460869529	0.763926398802682	5
0.058560774605426	0.325052137545267	5
0.032860960711291	0.351421378891386	5
-0.061297639436794	0.555753826024527	5
0.00423918842825299	0.388169232803443	32
0.033654459504708	0.349765005367675	32
-0.107800444101706	0.606736037779573	32
0.069053491865515	0.290273288573156	32
0.094912656229179	0.20561157190603	32
-0.068372154983831	0.405190328453296	32
0.116945688828645	0.126668893840773	32
0.00640432674126801	0.336114265797449	32
-0.093206005903126	0.474441671900728	32
-0.080894134735853	0.474641611789288	32
0.042505876440304	0.316160083606132	32
-0.057229142583752	0.488594220808983	32
-0.042138337106055	0.464433071937544	32
-0.023368451889288	0.303037310781667	32
0.092419364312279	0.158395368108318	32
0.079666564963588	0.272690238208234	5
-0.072906959114406	0.480832147686616	5
-0.014168259108158	0.405175372228644	5
0.022034043212501	0.314657527648298	5
-0.084280857792625	0.583220774652921	5
0.10051923608698	0.225647197307246	5
0.066033314736117	0.234984137225325	5
-0.103481987282419	0.50765074605489	5
0.113905176657213	0.137071059804009	5
0.021791224167262	0.302413568340297	5
-0.101565734005832	0.766118081211477	21
-0.00338112875685498	0.458563731577693	5
0.026902367119668	0.329999698839891	5
0.083349297405782	0.212506433841502	5
0.042497414558959	0.316211311442674	21
0.029918407545892	0.858584337612069	21
0.092278680929561	0.413014110484356	21
0.094603630077541	0.402526230040653	21
-0.068326265638587	1.16675255596732	21
0.09697429632359	0.449405147947165	21
-0.069192341597181	1.33048816972255	21
-0.030333625438482	1.11446080634897	21
0.011106415890617	0.161807118362011	12
0.093464277897477	0.222148997770816	12
-0.11710918993802	0.507625459468262	12
0.036123964277434	0.188588824222948	5
0.002532745365664	0.274704852353309	12
0.094445479637197	0.147539347120239	12
-0.045119133923204	0.292665029678278	12
0.044638838006208	0.312026585246634	12
-0.083554606768117	0.514567417660842	5
0.029413509448807	0.336680508652546	5
-0.123654889499059	0.672948552379	5
-0.083352754609021	0.548066601527894	5
-0.082566883598721	0.579089278317507	5
0.030416315771223	0.334704119313295	5
0.1178032491703	0.186672371324963	5
0.06796313646259	0.267688214904288	5
0.021190639244694	0.370713125352049	5
0.069959709239012	0.272293466914087	32
0.079716348271529	0.265173027901252	32
0.04687762503799	0.33666386505761	32
0.107139738412514	0.195761201448383	32
-0.044845114367069	0.497290332937361	32
0.012862217930153	0.351010655010155	32
0.106938581485099	0.196130262401494	32
0.033573349079664	0.264303950508069	32
0.00892209291221199	0.281044673042607	32
-0.045754992553654	0.293463823098906	32
0.00196464205640201	0.329433129533053	32
-0.121463494571803	0.572914421742895	32
-0.00617732940091098	0.366610178861064	32
0.105401928983075	0.198565722456698	32
0.053126653255013	0.271195618795409	32
0.100778841544669	0.182536489349427	32
0.042364464232404	0.305979657665251	32
0.047146759881189	0.21443223239013	32
0.068791063863157	0.171366733038707	32
-0.00883498932565502	0.316136150586322	32
0.116426189974179	0.163209940993637	32
-0.101211269413282	0.614380015990687	5
0.030979220453952	0.344601346964604	5
-0.010305214174719	0.358892124301324	5
0.035370523927901	0.273651976774084	5
0.093475080964946	0.215005133705646	5
0.068992914943933	0.248615551282177	5
0.019313091645069	0.374593904718383	5
0.039170441658613	0.279115830663801	5
0.113400673020054	0.137653459407648	5
0.067497756982543	0.25117399753364	5
0.000392521252405992	0.462437791862638	21
-0.060931457393723	0.44589759779323	5
0.022268598328129	0.314267491549996	5
0.035794591257557	0.272968265565379	21
0.069756385210314	0.220170512891103	21
-0.024310392761352	0.393209397290788	21
0.103886161005744	0.213579078689242	109
-0.060253784835036	0.444692057510525	109
0.055294877252385	0.697301969719492	21
0.079972326981965	0.485847400286672	21
0.02370590267113	0.705934016799234	21
0.043817112491225	0.637836963066496	21
0.02869705964884	0.72650586627333	21
0.11840164603631	0.352704636573052	21
0.11905934503864	0.36911989705648	21
-0.027383179399773	0.205459804578473	12
0.093177256527483	0.148910369327946	12
0.042292466514053	0.316555817941024	12
0.047824822226447	0.344138755834746	12
0.123547059073624	0.141403865306303	12
0.010041137242741	0.279338438961772	12
-0.083757940428816	0.581728960991038	12
0.068772059600352	0.315013712141703	12
0.099181872318474	0.234332785085608	12
0.099303982289566	0.240353340620823	12
0.086321667854921	0.191662395939531	12
0.10752302122119	0.188809888486566	12
-0.082765423815123	0.546732540798792	12
-0.01675079861167	0.5572397171994	5
0.055220020448394	0.286916839824408	5
0.0401026429751	0.386336677623113	5
-0.11780882404808	0.820713620554932	5
0.091266706638323	0.239673674426115	5
-0.112229526106311	0.578463496430113	32
0.111761192805017	0.213584474318286	32
0.11272590699716	0.206320945584765	32
0.046250071801434	0.215547727021046	32
0.069735342659393	0.210737337548819	32
0.028973183448871	0.326096547238373	32
0.00688743887229201	0.395383394640868	32
-0.057314431432299	0.488755467493255	32
-0.042074504573762	0.418897909387202	32
-0.117371159460924	0.64328091364687	32
0.061679728717368	0.34361361258168	32
-0.110148274201645	0.437988815877573	32
-0.038978093405137	0.500554288276179	32
0.028426399138598	0.388277086075495	32
0.01326248107571	0.448382675322468	32
0.010218543282133	0.443892339555576	5
0.100949376658244	0.231081290894412	5
-0.048952175454905	0.412795990579335	5
0.098712673146868	0.192703629213697	5
0.111439330718526	0.214215816456386	5
0.070843876328021	0.218600882252071	5
0.00146854200890201	0.427036864445463	5
-0.059348292443765	0.522465998731255	21
-0.034786757183089	0.377324390492926	21
0.111391225247549	0.176679613423582	21
0.052972430778714	0.24044791433004	21
0.052477796954664	0.282158109207066	21
-0.01174262100229	0.361554433628933	109
0.044008957915207	0.323245554617381	109
-0.036802764217122	0.380910615415817	109
0.045109890384269	1.11707442723923	21
0.072153470207963	0.637625757529494	21
0.124047811054175	0.445881398753715	21
0.089515561231919	0.540856271219408	21
0.117325435466362	0.35186317443356	21
0.047179189572764	0.641702587672374	21
0.016131786632313	0.748373834844684	21
-0.109978225849266	0.611839196324898	21
-0.023307173078298	0.391474500787601	21
0.09744122884457	0.25031967826461	12
0.031532970826294	0.254704432132707	12
0.099182026516508	0.191996643209333	12
0.093279395923528	0.229293414062279	12
-0.076156834735899	0.552545779443367	5
0.03663219190311	0.364112590917972	5
-0.114603798104657	0.760689265964916	5
-0.020413728934243	0.479132881812717	5
0.121116801029042	0.193683301753139	5
-0.02368605902682	0.472038799221293	32
-0.11014463546266	0.698368270483754	32
-0.08201531768848	0.511428223659355	32
0.067237734615611	0.269067997179489	32
0.052533281808269	0.272184192379734	32
-0.040162207194877	0.337609610539311	32
0.023678243327111	0.376779696471354	32
0.115319689336603	0.164754646084186	32
-0.069596492282447	0.616307267230993	32
0.048615014715942	0.342399388631521	32
-0.020916553818858	0.480258167113119	32
-0.015090148634329	0.444532596181084	32
-0.00875921030353699	0.316033481864026	32
0.000919149695527005	0.38141185944639	32
-0.076513242832916	0.58453597481361	32
-0.072090096511522	0.479090934754811	32
0.119283648207933	0.178857180761737	32
0.026987439545659	0.329863795714826	32
0.028158480854514	0.339064000791501	32
-0.072031614296429	0.479098378178265	5
-0.081265651371976	0.475378381369208	5
0.100318660758496	0.183178217992781	5
-0.091387970933973	0.578569677286871	5
0.08062229606388	0.240891043671465	5
0.054154473520255	0.249220611159784	5
-0.052152244923461	0.448605646803596	5
0.057405022476279	0.318699383306021	21
0.00833895111982899	0.392368707094152	21
0.053193724795208	0.250666998994304	21
-0.111475972885263	0.576864729876299	21
-0.09098233495905	0.542658451977782	5
0.117857805904592	0.181104870301636	5
0.043003021414804	0.325142486574187	109
0.10962709674124	0.713662750979284	21
0.025381560479434	0.717627383098252	21
0.06156342141903	0.567853760230786	21
-0.019244180844462	0.786195101038355	21
-0.060919492519728	1.27623328569789	21
0.116463665553783	0.188920830761846	21
0.027059809728887	0.391333076878568	12
-0.027590454921538	0.205617371965881	12
-0.036508410513891	0.60116803076578	12
-0.027215925894932	0.503811329561609	12
0.039100532919908	0.290504240307532	12
-0.025306402459618	0.552460780755873	5
-0.038222758695951	0.565017580458482	5
0.055662507374734	0.295413483159501	5
-0.082384395121919	0.512194616024916	5
0.088121812517598	0.339326554224199	5
0.040024363547164	0.386487294528128	5
0.00758636539688501	0.438045500119697	5
0.04588901741168	0.338713215726521	5
-0.00492992099119399	0.496386037061599	5
0.024684983867082	0.310072819730431	5
0.088684275592725	0.251216331416382	5
-0.098401413781254	0.790382285445379	5
-0.046248607002776	0.664054408375964	32
0.029317415132745	0.407381114125539	32
0.115688505166626	0.16424457308586	32
0.058018232076721	0.31742999421882	32
-0.011150665376495	0.533893018828763	32
0.068807822892488	0.322872838690336	32
0.029413509448807	0.336680508652546	32
0.067090069299091	0.162191800395903	32
-0.081657188327528	0.327778532089556	32
0.092266111069796	0.158569696332787	32
-0.012599652072652	0.488764021672306	32
-0.014875218022552	0.480255021904668	32
0.095138401571699	0.205246890459778	32
-0.075878254965316	0.674741866708207	32
0.05219955644357	0.262611360982184	32
0.069718811588677	0.229564159455468	32
0.114668259670956	0.171760693898346	32
0.04895986206844	0.223818808174845	5
-0.116367761100083	0.640920537072429	5
-0.109230974235844	0.436478393667268	32
-0.0612193564577	0.555543310472012	32
0.1173533137566	0.243253683377271	32
0.028385586988634	0.24590941244785	5
0.052261341300524	0.252169992649716	5
-0.091966545208421	0.613820003834892	5
0.050630322111248	0.232944048562073	5
0.103034243130692	0.215058665223997	21
0.081148424078729	0.239936472247027	21
0.048193328227266	0.333802398177331	21
0.098647959498185	0.192804995642457	5
-0.00188274434962699	0.712118366606252	21
0.00633811610572901	0.962406135598116	21
0.00687573814906201	0.933740800886267	21
0.100043249302034	0.466950638374012	21
0.099986270008033	0.459019615118567	21
-0.024980090076989	0.931683420685419	21
0.00738738000148001	0.959408998745746	21
0.049632212296912	0.222892341552707	12
0.012003039262109	0.43936175474183	12
-0.052792296337719	0.525318440243071	12
0.001809146650151	0.426243774163343	12
0.095571043182781	0.266771015494309	12
0.055706878824357	0.304240250251016	5
-0.022720334121458	0.58226426844447	5
0.049947406036574	0.348831546846236	5
-0.02933579969043	0.38563835122838	5
0.093855805048844	0.289127581275902	5
0.068955513416146	0.290461018673889	5
-0.011267547731912	0.41391808259881	5
0.066215786399622	0.352197236925429	5
-0.024587070458305	0.43500351032317	5
-0.015073915467145	0.308798329859957	5
-0.11988592942954	0.877902013271197	32
0.066976983177548	0.294364920725399	32
0.071306106100204	0.332525268744601	32
-0.044273866470506	0.496024578653681	32
-0.064173695406812	0.483687110172078	32
0.00973788949523799	0.343549293352845	32
-0.079759843290923	0.36353410191495	32
-0.026207191685934	0.438314876523424	32
-0.024860283638962	0.51307966330546	32
-0.026853386951131	0.579994173198489	32
0.031855086191441	0.353412280114968	32
0.106853658881039	0.196261901056933	32
0.00654826051785601	0.396134340047571	32
0.00789350737098601	0.393358075855906	32
-0.079306155396784	0.43605047486837	5
0.031414664852343	0.343717146923586	32
-0.101797298990035	0.542589263775216	32
0.033286032264478	0.350559311250634	32
0.113164356343637	0.229669832753006	32
0.078285797401033	0.304888376467132	32
-0.025058521860964	0.257326289254006	5
-0.00399037159712601	0.267449837448737	5
-0.033156419237894	0.297656083845011	5
0.089918376676603	0.169958989143225	5
-0.073087075457339	0.481131117593066	5
-0.00634010866238199	0.366986640099179	5
-0.00160544997517698	0.46741573677191	5
0.05713058005729	0.319238177046276	5
-0.012790219602104	0.524845024580093	21
0.032961429312244	0.26519782059174	21
0.03575781073953	0.188958167650332	21
0.09633827732552	0.13683714550717	21
-0.082636855961152	0.367665284934216	21
-0.048063628486303	0.458980423041538	21
0.094023172433862	0.474327467198786	21
0.092031525570214	0.440240577008218	21
-0.016068314537929	1.02387218054207	21
-0.067120040253065	1.2080437912054	21
0.115815900134798	0.37621227622447	21
0.112328343865813	0.433800708487764	21
0.069069507327134	0.432470352487969	21
-0.067449386841423	0.521574697435498	21
0.061646143434515	0.368083447889141	21
-0.04969523558502	0.19947231882622	12
-0.051760517099524	0.114337551940054	12
-0.052467259080811	0.11457564829848	12
0.098983466180866	0.125198702370773	12
0.052070029330777	0.25245374926049	12
0.05625691735948	0.303313238839662	12
0.067065074150181	0.260727004390189	12
-0.083770141142945	0.548996084395694	12
0.00418534993542399	0.388199104072283	12
-0.00837352833224803	0.456996085512493	12
0.022702240382452	0.313504806958543	12
-0.069790478282976	0.407507721629237	12
0.037019560185033	0.373414782139795	5
0.067836818801475	0.292701175534782	5
0.00334783026954	0.327175225476281	5
-0.063780617802721	0.648120285308264	5
-0.011545920009599	0.414461357279673	5
-0.044390794356055	0.496227046358858	5
0.106818609153958	0.159988243805616	5
0.096349438208362	0.265139990110258	32
0.028790536820617	0.387344538245024	32
-0.11003305683783	0.73388359205167	32
-0.111507112494187	0.702152647772736	32
0.047059426730509	0.214536889564781	32
-0.090168023319618	0.505385863572984	32
0.116516519458743	0.163078041722181	32
0.041753160662985	0.307296999590307	32
-0.024904085631552	0.474855031432609	32
0.099303224780608	0.2466135864158	32
-0.019244403812465	0.476311174504791	32
0.0307754548833	0.344953827387765	5
-0.118853606182983	0.735772568606867	5
0.104158635779256	0.170674807617121	5
0.111129808371076	0.214770895024839	5
0.105651745338766	0.204434359856556	5
-0.00846235338733697	0.315586323626988	5
-0.118811300825896	0.607619962607305	5
-0.101960005410092	0.542965508683168	5
-0.091080222378267	0.577780522108842	5
0.113168992348708	0.199968061094608	5
0.103528191300729	0.214203780572984	21
-0.03463254897433	0.506160288983832	21
0.067515761238938	0.285178300997463	21
0.00402577127666501	0.38859860448932	21
0.123787678159639	0.160886293382484	21
0.119772475598199	0.206377023409051	21
0.091928450948757	0.167467228903543	21
0.035074365105752	0.189593682964085	21
-0.023722636266133	0.433175472107869	21
0.037383152889945	0.282050845332948	21
0.099522003684461	0.191480452339873	5
0.096802432677221	0.530541643569503	21
0.083045391606946	0.424605180429943	21
-0.104995008164894	1.41404880667546	21
0.072210385354857	0.587078544239341	21
0.082157023969438	0.52822996273213	21
0.034276726762928	0.797324620799928	21
0.050709268250227	0.232745521917141	21
-0.058705046281601	0.247894074193885	12
0.124532994228447	0.204397295301848	12
-0.063537493778562	0.589800175792874	12
0.110388362785486	0.22170435513755	12
0.069019997531592	0.230612729069647	12
-0.038528139780665	0.251208579827179	12
0.079827140873783	0.249956964561283	12
-0.048886024254172	0.559923904489355	12
-0.109784720046752	0.611498012257429	12
0.067480903792195	0.242033867266872	12
0.025224947747908	0.321235159701997	12
-0.025261706623269	0.47565424254802	12
-0.0000547014411440006	0.383375088283479	12
-0.120891063181534	0.70408022859813	12
-0.039303239913422	0.593127097040319	12
0.088830275970726	0.250949061232093	5
-0.033663855615623	0.646346837669202	5
-0.112416579605066	0.790352835773394	5
-0.000820788379338022	0.498410951737616	5
0.04510871471605	0.330665300973779	5
-0.014307300497596	0.405455037082571	5
0.056106653114495	0.294539318723068	5
0.00423756237286799	0.478174137498654	5
0.049666817836733	0.349441472812435	5
0.087870296636409	0.28027493962867	32
0.020372198625352	0.304795045635296	32
-0.080500067894088	0.364723506280828	32
0.0941317522548	0.147894493229401	32
-0.058275255172826	0.409379451852808	32
0.102531104583301	0.215925717530933	32
0.100120694823957	0.190554722680673	32
0.03895576472839	0.388889718112691	32
0.053375641254532	0.280657213460251	5
0.081655739902008	0.239094917706336	5
-0.00698214559917698	0.45373764068609	5
0.092352080683097	0.224003490548229	5
0.053565689735847	0.270508404206757	5
0.08394667835406	0.211626946613239	5
-0.091640692674745	0.579172483603286	5
-0.050369175842413	0.492184299742477	5
0.088619200678766	0.251332986033767	21
0.078510653489977	0.311807152555682	21
0.101788087919911	0.223381834149465	21
0.010713304911709	0.354908515564359	21
0.038063702253324	0.28097563026507	21
0.114116319415818	0.198379576732931	21
0.052787741971607	0.281657551972269	21
0.040069729511758	0.299745441652025	21
0.103043521262642	0.215010794160406	21
0.085030801409432	0.473306098539252	21
0.114816981070725	0.422636782196523	21
0.043082882603172	0.576361042558428	21
-0.062359912540282	0.558235885767033	21
-0.038485030706602	0.251155141014374	12
-0.051408627280488	0.114196567167764	12
-0.00823546565339101	0.315248580303311	12
-0.031034252152329	0.537415284965026	12
0.058281003388721	0.351460200780175	12
0.069163874622343	0.265437182658161	12
0.000308285841189998	0.382685196901821	12
-0.072219873289633	0.479499733437366	12
-0.024553679825972	0.550279135140248	12
-0.045600450580087	0.453995700763868	12
0.039235271568115	0.290267665424242	12
0.025427402761081	0.394940672562262	12
-0.083151749510717	0.547525221331037	12
0.046066462841519	0.399853351279149	12
-0.077695615893071	0.828397521598632	12
0.030553035448195	0.345430057852464	5
-0.102443658949641	0.882267110521491	5
0.041489942673998	0.392733588614858	5
0.045278324279748	0.310719855005795	5
0.083990003877468	0.315753774672754	5
0.088192105833368	0.265980556185796	5
-0.050705117644245	0.591598012735327	5
0.069047114482878	0.330069293096426	5
-0.00989243270654799	0.608896245819686	32
0.093268978391242	0.328203348253918	32
-0.052984592915389	0.525839455058551	5
-0.099353325858642	0.365410281191816	32
-0.024642450148223	0.256887296309979	32
0.104887185185952	0.162410535352948	32
-0.029144082364473	0.385239758304875	32
-0.029946163913239	0.341155601896534	32
-0.080931577562019	0.474592338634951	32
0.085424233766118	0.305812472030944	32
0.089802557219489	0.1786366850894	5
-0.020552631575214	0.553959253530782	5
-0.068191162192689	0.553640033933288	5
0.026155665523736	0.248973360544749	5
-0.098731687745214	0.60839979406626	5
-0.029228673505354	0.469433111708456	5
-0.0812141664983	0.607311557511587	5
0.035202215500782	0.356893155364119	5
-0.040305964052651	0.528976713340768	21
0.058822564175574	0.333134723031073	21
0.116660536416754	0.18858899218571	21
0.105693714688916	0.242397392517888	21
-0.023162425413973	0.348112103548257	21
0.044208545240469	0.20591725908617	21
-0.049812389828576	0.490949208761337	21
-0.042007725344742	0.533204193946739	21
0.080138636445442	0.26437157509737	5
0.104137670314222	0.759471785336814	21
0.122626778051923	0.452469470220258	21
0.090002948366594	0.578953724208861	21
0.077985190086574	0.631779681530369	21
0.035743991964434	0.680236162858367	21
0.033447811068881	0.711525896320532	21
0.061886193801279	0.561083669554102	21
-0.067079333324506	1.47338445483175	21
-0.035001620645532	0.650459866481663	21
-0.102450042375803	0.505693598830488	21
-0.010179995472395	0.411718592771955	12
0.00885892950998399	0.226609351869021	12
0.101030712552833	0.230935092552603	12
0.02232596895236	0.240297918771295	12
0.110825907820947	0.215300003720501	12
-0.042595688732242	0.602520722584117	5
-0.114892851642322	0.761532739865272	5
0.04659167542229	0.317989079140899	5
-0.028541045794833	0.507054701281352	5
0.00649455604412399	0.335963616834672	5
0.0872106418095	0.274760439705183	5
-0.069701938810461	0.586944068892974	5
0.048073452288664	0.36226129818226	32
0.068988490421294	0.298488553447033	32
0.023967097704901	0.387147399886321	32
-0.00317384096824802	0.458123119891179	32
0.021034966773075	0.371116315879868	5
-0.035937744035438	0.468169080868496	5
0.082314334535721	0.230187329665691	32
-0.057810634990161	0.408544339068862	32
0.079473652799297	0.242814925769721	32
-0.028580234990536	0.467939870062291	32
-0.00628878753386802	0.417608379333204	32
0.086550464194028	0.199651205279818	5
0.022208203799101	0.24043436710435	5
0.091741055369245	0.159159571764721	5
0.026527378408968	0.248489864938114	5
-0.08341398981927	0.613142680037254	5
0.00617510751717501	0.336504409480794	21
-0.093851499462593	0.512783911299242	21
-0.091387970933973	0.578569677286871	21
-0.101060338507534	0.578072535419255	21
0.118806618975233	0.179603203303381	5
-0.00830855179150303	0.315303106641711	5
0.00847445554305101	0.281693013893141	5
-0.050900156086626	0.493347541654589	21
-0.009665507507022	0.357831711795888	21
0.085487262611575	0.201187037185934	21
0.024991923831819	0.321639906775073	21
0.05292889531454	0.271558718932145	5
0.070252665840932	0.200269420073731	5
0.02071226744241	0.604135097828004	21
0.058600623490661	0.422462864230431	21
-0.08411949757339	1.1511579492891	21
0.075033247292459	0.463663003245187	21
0.076605241381608	0.405719205531934	21
0.064286726174496	0.496595982585326	21
0.107905386729566	0.331284812943194	21
0.088965080843099	0.493104959555221	21
-0.077333668567725	1.09859256227742	21
0.116239263696496	0.340208282432802	21
0.032310786524895	0.266125862844278	21
-0.00975948207551403	0.410824269109376	12
0.066969455108581	0.0944360307961441	12
-0.070040096142524	0.587061621821386	12
0.102089402011038	0.113005296853886	5
0.040935995263936	0.298168652430996	12
0.117744332381591	0.125819698151443	12
-0.043500005150845	0.421448638330983	12
0.068290417288846	0.231737277887166	5
0.057667560083335	0.300494830649879	5
0.052300227516297	0.252102612226715	5
-0.058651177814571	0.520825009032486	5
-0.056707086574657	0.4065480357795	5
0.041729200727985	0.307337050354302	32
0.012167321136124	0.352329755614821	32
-0.082464982151356	0.367525988002286	32
0.070176924995896	0.33524687453567	32
0.076655290369922	0.323200918298522	32
-0.043828140171535	0.631611209210448	32
-0.00807132830330598	0.421217061327093	32
0.090585103499383	0.254433398234081	32
-0.059245476034637	0.411008599395065	32
0.084974886534832	0.201905626557762	32
-0.014809607815793	0.40643349940751	5
0.066001561562331	0.151553800098176	32
-0.085979871866386	0.246016647550902	5
-0.08659176112135	0.246584127201005	5
0.119368208858659	0.178716683533147	5
0.068729628317644	0.323005556341034	5
-0.035491640287029	0.46722887706025	5
-0.022643451259975	0.347216965564397	5
0.017634470344466	0.231768587251637	5
0.098712673146868	0.192703629213697	21
0.122679371082929	0.11378294277222	21
-0.019552202542571	0.58688627995938	21
-0.011459459423361	0.485920429480014	21
-0.077084222237523	0.647396479556278	21
-0.10536656216214	0.328912387009731	5
0.1063497775847	0.70032596126482	21
0.035410132236584	0.493700794285604	21
0.080493986354487	0.446942673948037	21
0.021835921773727	0.618359509487706	21
0.12423459052878	0.268725672480307	21
-0.081220814898976	1.31572518655683	21
-0.094923295550385	1.36528215146087	21
0.087491408819413	0.181617260251789	21
-0.100314359737268	0.576186765606605	12
0.067814901687089	0.161471400542399	12
0.065869426247923	0.139222594941011	12
0.064373516255362	0.113021827490398	12
-0.079626243728322	0.189153278119227	5
0.039522405404852	0.198562003655507	5
-0.100525946043238	0.366947926706935	5
0.050357734887634	0.357134291739561	5
-0.044273866470506	0.496024578653681	5
0.108798089602095	0.150263563605076	5
0.023758339686703	0.438154889117718	5
0.11189455695006	0.175947762340737	5
-0.071323130770733	0.444367534989808	5
-0.107209440018152	0.642125248395203	5
0.079438561039422	0.234838968333712	5
0.119894344159587	0.177841439397817	5
-0.120920246757961	0.471253628661845	5
-0.11665722929908	0.506803359451882	32
0.094608688103763	0.20608724109202	32
-0.11815376338392	0.645184683798824	32
0.076902184387015	0.329750561369877	5
0.078055691370422	0.29825192114298	32
-0.113064022973319	0.288732485677411	5
-0.00390869537302402	0.376877843888252	5
-0.039087317432279	0.458051132882911	5
0.002092337516228	0.329286988103088	21
0.069209601512475	0.230350878550041	21
0.113334091151485	0.137723785423131	21
0.078091423807718	0.290732001152508	5
-0.057969736331544	0.408860728490804	21
0.063736827199425	0.113446529586672	5
-0.08147696860384	0.40338688367035	21
0.034348347070072	0.348346463993693	21
0.065326426137063	0.139693215020179	21
0.069573646015625	0.328999821494937	21
0.104234710949185	0.256949649347202	21
0.054161325190198	0.298188582978108	21
0.103271314410398	0.171854788189231	21
0.016995706469394	0.297092320008157	21
0.119333937403584	0.463145007493179	21
-0.022632019362643	1.062799429279	21
0.014411781582882	0.697895951627543	21
0.121175932217367	0.349658070865178	21
-0.019186020106501	0.932725277835249	21
0.100423007450109	0.44132869968561	21
-0.014589514108592	0.577549052602419	21
0.085538372398971	0.201106712333557	21
0.122198046884891	0.11428623391595	12
0.09229292901255	0.22413192987454	12
-0.091474110310161	0.543946604834556	12
0.027691097680715	0.32855253626087	12
-0.062803963353885	0.291157976995208	12
0.068132460575879	0.161155760246022	12
0.000709678570625011	0.331464809496539	12
0.095161831384392	0.212368475014615	5
-0.08174179312026	0.476203800549314	5
0.119188852137744	0.234468293652592	5
-0.050676760938704	0.492866998625531	5
0.033626279446673	0.407455599981323	5
0.045349573372674	0.330267603000591	5
-0.074172716262012	0.516025555690915	5
-0.00826234753057697	0.456673149154932	5
-0.00764486288022798	0.420379753603134	5
0.089477915450134	0.24287191965862	5
0.119834649115354	0.201136092221104	5
0.050349845016974	0.366309263172212	5
0.057039990770606	0.301781340401872	32
-0.113142048387227	0.541015441845755	32
-0.04029184897744	0.460667267502412	32
-0.064824792441289	0.51570142925811	32
-0.064775387399651	0.484907819322666	32
0.081170511050139	0.232105447102856	5
0.013971326662169	0.287958562433357	32
-0.083410975027359	0.288195912287778	5
-0.054863592849036	0.371277755935104	5
0.042002229784978	0.31712994139971	5
-0.100403184202912	0.612505820468202	21
0.104423908141265	0.206469963358075	21
0.054166898252493	0.269493403196064	21
-0.00223101639366102	0.321501583720689	21
0.117956526948047	0.186432982045535	21
-0.024447986076975	0.434723300974715	21
-0.074968275148859	0.517777641291765	5
-0.057058472917028	0.488224396984973	21
-0.048779975889157	0.488597936855954	5
0.05103540455036	0.243321773790274	21
0.117943121088927	0.161021410963228	21
-0.058129021735663	0.409109770479121	5
-0.082194335413116	0.36714830148118	21
0.069389523278762	0.230055251395999	21
0.054080949026124	0.279426465290578	21
0.069358126209002	0.201440317214853	21
0.106405823931007	0.196972568485215	21
-0.00228016500835199	0.373806465674253	21
-0.00193551118862501	0.421630830848594	21
0.038902092836119	0.290817089545625	21
0.039620178980849	0.300532869201489	21
-0.083661797810925	0.54871069630394	21
-0.065356545785066	0.516916215820208	21
0.027118418048336	0.2476952026715	5
-0.105650458960385	1.90570388520272	21
-0.100514395297063	1.36881944337559	21
0.034787815914279	0.681689585499405	21
0.074535403142959	0.635108592990237	21
-0.111442586599497	0.537480393862785	21
0.052369832565711	0.262357008008165	21
0.063984094229248	0.113295491069645	12
0.00899666478429101	0.280942074215671	21
0.001527922252575	0.330130741607096	12
0.067631981935198	0.250957598073335	12
-0.097914507949461	0.640937928291338	12
0.030353917955934	0.179433540571591	12
-0.02845162837745	0.206422562975268	12
0.105845979870431	0.161224978380167	5
-0.106414386395833	0.473262145349941	12
0.107579429424809	0.195081507502984	12
0.117445183205428	0.187272230755909	5
0.105506777426245	0.204682890040941	5
0.04334258378549	0.314532111646617	5
0.01471249359273	0.402731605355431	5
0.118335101654656	0.180363157800651	5
-0.073231530662132	0.514059619553568	32
0.120830515044312	0.170887712822791	32
0.005800689582938	0.384823343600638	32
0.080676645453575	0.240803389892507	32
0.053909943242167	0.279742618712071	32
0.066483966298568	0.151097831921735	5
0.035318353688749	0.273721212179366	5
0.103627114083643	0.171387778941241	5
0.054161909189678	0.288879933670779	5
-0.074428621160573	0.483505686557801	21
0.037070927678415	0.363185807622114	21
-0.076045907018496	0.552224770513033	21
-0.109506336888601	0.61085891073438	21
0.039309548877823	0.301052800550365	21
0.053553311110015	0.250177873669267	21
-0.045905019496448	0.377218909022982	21
-0.053968360897467	0.369890103796512	21
0.040858144179124	0.308915010857419	21
0.040530583503779	0.197492490640924	21
0.096655996324224	0.136519293970447	21
0.069581238741869	0.180889650717973	21
0.117802028218444	0.125753600776023	5
-0.080581515387882	0.402032181276665	21
0.031009939236523	0.255464345614851	21
0.038113102356711	0.280907448204342	21
-0.030818961045216	0.388203202001996	21
-0.081022390947598	0.669665432759503	21
0.077820691410933	0.283811961206134	21
-0.038956463872676	0.50035027018416	21
0.02078193204056	0.304145872528212	21
-0.073035434779794	0.513637413094357	21
0.102643063873523	0.91278215909022	21
0.07277196370407	0.566918292730708	21
0.01184645495785	0.666981668305503	21
0.049285194096346	0.58251895741668	21
0.116441570147557	0.361404117421767	21
0.029168490653234	0.69640181126655	21
0.107790321760748	0.402592572694501	21
0.035002678528021	0.736233123637049	21
0.033980451767768	0.349030122027504	21
0.11106265674376	0.0396671757223606	21
0.09837819182192	0.193206263029485	12
0.009644469173136	0.225764909855716	12
0.067128008509316	0.150511691546902	12
-0.013248568583729	0.403216588693011	12
-0.068669871946302	0.405615140798781	12
0.02629239248913	0.331125215581051	12
-0.01985471314514	0.440314887276626	12
0.030113456974797	0.256719380352384	12
0.037701337105382	0.361797888256076	12
-0.054356072858936	0.556497660552859	12
0.065585049012566	0.305250104304863	5
-0.121315636670061	0.705182043027687	5
0.083216824719713	0.212723516700655	5
0.067966409023474	0.29243455602476	5
0.068727466789288	0.221702115756118	5
-0.017330909810285	0.396056237895141	5
0.12368069735506	0.184223287917155	5
0.010967460657837	0.399065513911802	5
0.00337712087556299	0.389889963029637	5
-0.093776261507569	0.763595392186095	5
0.113299088847579	0.173877933820194	32
0.121075593146658	0.170522584830421	32
-0.06661306632695	0.549712643359024	32
-0.097139326458554	0.40282586742428	5
-0.058413977295726	0.247620701039942	5
-0.029796667641667	0.34092032149872	5
0.086371125430613	0.199908488185509	5
-0.044545646444518	0.496696263327477	5
0.052479202758839	0.251784380982891	21
-0.066469590185487	0.519367369125595	21
-0.055862467892672	0.587557048120626	21
-0.069652880260749	0.441170527573864	21
-0.070210262158806	0.442358529305373	21
0.048437611931491	0.224517446145924	21
-0.048669205196798	0.412224476095263	21
0.111689628023372	0.176225042498307	21
-0.00297808661482102	0.375149180812504	21
0.031009939236523	0.255464345614851	21
0.030584155510536	0.334380440920253	21
0.002951105054535	0.274206107706783	21
0.113773999183259	0.785327292843861	21
0.115748679748231	0.802498557795608	21
0.116233013452171	0.779724482982742	21
0.081527567698291	1.09917756160559	21
0.051277845905182	1.17616862313682	21
0.081960608150744	0.6799900437401	21
0.105681443459438	0.591851457145093	21
0.054453593154052	0.818093992302726	21
-0.00738871743567099	0.794101070845195	21
0.080309622996248	0.479843027600087	21
-0.078792744066511	1.6078522142545	21
0.112510459236819	0.236377302836911	21
-0.011597404294437	0.211988788923198	21
0.102965427535525	0.172268489538482	21
0.040216352258158	0.197839413779572	21
-0.104964464550516	0.328489243449985	12
-0.032847696644712	0.502044226379889	12
0.115785835986654	0.164098520723522	12
-0.079972856202961	0.472780648030252	12
0.000586445766673993	0.3821452830828	12
-0.069341007560703	0.40674694059658	12
0.091044183226388	0.240060515134005	12
0.10359616221258	0.214079605370688	5
0.08136257726906	0.231773501934358	5
0.121267878710386	0.170200081617834	5
0.036093377249443	0.355037685964329	5
0.081208535646705	0.239881001785403	5
0.100557664861364	0.182792603522644	5
0.044117532030291	0.332645985710122	32
0.046585548971108	0.337246969899265	32
-0.062983801897541	0.617159304151367	32
0.105293301002723	0.205042614267634	32
0.004162488114691	0.388319123271836	32
-0.000865666946646027	0.384893807991058	5
-0.115175292331297	0.402792747498135	5
-0.074663011056044	0.517157391025636	5
0.080398676267309	0.248939879014654	5
-0.048027497274539	0.458876668349182	5
-0.064578015503623	0.484542692655669	21
-0.059803701175104	0.523568319474758	21
0.11763572383634	0.210393974599995	5
-0.041665802128544	0.418083419315009	21
0.040549737365604	0.309429744894767	21
0.017868570380494	0.295665841451771	21
0.117668438805497	0.125841599555569	5
0.098945400275748	0.125241551830535	21
-0.111893317407571	0.703154009144966	21
0.078530461775266	0.282401869020248	21
0.024080891084406	0.311153749816213	21
0.107077556726301	0.195903675912386	21
-0.00480500309471899	0.268510121785739	21
0.081468663349084	1.38041022547806	21
0.035217498711934	1.47730355424584	21
-0.012651624972108	0.839141427686412	21
-0.015885320603948	0.973046800902847	21
-0.040495281876578	0.82495516065628	21
-0.09302264316188	1.21613233209746	21
0.115545726141507	0.441689830074569	21
-0.029706618526703	0.386300569633544	21
0.067237734615611	0.269067997179489	21
-0.122453566160504	0.242448039725143	12
-0.034211060174677	0.298992061044328	12
0.110274927915418	0.184601583186096	12
-0.040709157196732	0.461554388048693	12
0.040525536908838	0.309559667878759	12
-0.00118192282081703	0.319801096298082	12
0.117900608511288	0.125650147877769	12
-0.122102689879336	0.473239156487025	12
0.053491548936867	0.290072142029964	12
-0.043980078206358	0.564114601525647	5
-0.096783120493715	0.671758860853727	5
-0.041845187183114	0.418469013465289	5
-0.010354761386245	0.359065326010285	5
0.010318535196341	0.400448776555874	5
-0.011563672764459	0.450673704779636	5
-0.104302966917749	0.509051577133114	5
-0.045456741564339	0.376522000162783	5
-0.02522785075685	0.436268980180661	5
0.027574755290026	0.328771388234795	32
0.035050323124638	0.274133497428329	32
-0.064847563787204	0.485061586131169	32
0.067036392259032	0.277800184407228	32
-0.039190689301378	0.501037224010879	32
-0.046000162268565	0.526296659069978	32
-0.052366933223016	0.524275307945314	32
0.096413441550385	0.25868703501606	32
-0.07479100640087	0.549371554652188	32
0.027050204319174	0.329696291604622	32
-0.123070198163921	0.474726572250254	5
-0.00280772792571499	0.374824728134529	5
0.107981623445261	0.194305328151824	5
0.045480405086112	0.329993817409489	21
0.000835854615934995	0.428437775175583	21
0.078669350901516	0.282104856173417	5
-0.075627813391992	0.61296145047861	21
0.079503869178471	0.242789056144869	21
0.00774286894548401	0.347233060853572	21
-0.094776313184434	0.438836147433731	21
-0.06498129198864	0.330423394456968	21
0.047649749925077	0.213776613085457	21
-0.048649463718422	0.412120393721275	21
0.117337187295068	0.216173401954959	21
0.01817321696955	0.418234828983549	21
0.049414334467842	0.368446038092743	21
-0.075383129779493	0.581879901585283	21
-0.090078643352259	0.505180047223647	21
0.123457519800185	0.934601081546186	21
0.104987440089605	1.05737965648348	21
0.092957355397198	0.558444386493417	21
-0.083037456542981	0.829301918645296	21
0.095727546087712	0.266473281813524	21
0.09141520100929	0.475481032230413	21
0.033996508539999	0.507134889046619	21
0.00131826045359801	0.778714123870453	21
0.091842567278692	0.492774019325711	21
0.095326204018578	0.483475467371877	21
0.050007637593981	0.870259449117487	21
-0.055089028645929	0.371681340405277	21
0.027602014667661	0.340055049498594	21
-0.112963446258288	0.540727483301457	21
-0.113454156075754	0.289197208331101	12
0.040853797581472	0.197125039678685	12
-0.09325261604128	0.5116819636545	12
-0.061349578703506	0.289419688560645	12
0.02210231074764	0.170685484068617	12
-0.023295671203496	0.348395553760376	12
-0.040753269879029	0.338436783795616	5
0.052721921175816	0.251471183359681	5
-0.056556056870187	0.487163898386677	5
0.099303982289566	0.240353340620823	5
-0.005701146885361	0.365773713243191	5
0.015322381196666	0.358898080447493	5
-0.036868796827844	0.380999810798635	5
0.079988547052425	0.272026859410625	5
0.107564654852329	0.159010328931316	32
-0.027992818158384	0.505756005118181	32
-0.00797013405448599	0.456053274711756	32
-0.015292573766288	0.444999670186099	32
0.081849111919395	0.238765431089207	32
0.00167681887360699	0.393049597385552	32
0.121311673115422	0.193365199652249	32
0.047187245185098	0.336003150650038	32
0.0880202942238	0.189328447795027	32
-0.120812431205081	0.703825893319059	32
-0.050018573289042	0.199671977905798	5
0.021163886793239	0.171430268073356	5
-0.033200824638324	0.297706977371765	21
0.090393200491364	0.254793421422322	21
0.094416095915917	0.220453552810843	21
0.027337696476508	0.247390659853325	21
0.099024549416908	0.125173372750424	21
0.035134940171798	0.189562541025434	21
0.063603983705067	0.113547393716226	21
0.097233219489801	0.135924214752819	21
0.07024059985509	0.209988506611568	21
0.052401789028912	0.251949161270343	21
0.014454583921079	0.403341283066385	21
0.101143784161534	0.230672378643381	21
0.099152422335937	0.192042547413656	21
-0.10827792371904	0.607853196802531	21
0.053546592140999	0.280370002137156	21
0.00968303203495599	0.389491236783039	21
0.120940867225764	0.557444921762779	21
0.084122226082531	0.773371607266418	21
0.045561435364344	0.681709952921338	21
0.06745639379133	0.499518413598915	21
0.052491185282666	0.603517411760798	21
0.078882834169136	0.515995958644971	21
-0.109854572484197	1.66935566768245	21
0.111517149861656	0.470974190723539	21
0.106628957986787	0.0997371383769578	21
-0.012160115573907	0.212468680263162	12
-0.045805054843179	0.29354928529882	12
-0.024680643049438	0.474348998015468	12
0.023678243327111	0.376779696471354	12
0.001260754114845	0.147376678732226	12
0.067001739443035	0.233614762732576	12
0.033711020552058	0.349684144540956	12
0.014347871857649	0.348146991265341	12
0.109633773933401	0.18562773053047	12
0.079173253159543	0.258741244241773	12
0.115180228634032	0.196555320836022	5
-0.00959427802043	0.410506557043961	12
0.019580747297955	0.426236359456535	12
0.069531872567261	0.321279352860664	5
0.113250961144423	0.210781660571779	5
0.00551620258239799	0.474860467675905	5
0.096282841894466	0.210491867781541	5
0.110809577698979	0.209683562930392	5
-0.119276757861605	0.608699557632996	5
0.091147935654309	0.233052293391295	5
0.114064453627125	0.233176365150621	5
0.020667063636919	0.371855841032366	5
-0.10891430034008	0.730878599744581	32
0.04570673779978	0.329541560170435	32
-0.031275685932288	0.615904631714548	32
-0.109623644860555	0.437197700613792	32
-0.122391011844893	0.57490525538404	32
0.018254056671503	0.295090492871573	32
0.056097604744075	0.294594403736689	32
-0.009034854862422	0.409329111741823	5
-0.054738909497144	0.453623655864997	5
0.00833228896607599	0.227135828540322	5
0.117645723734045	0.125916328328986	5
0.093704546825699	0.148349050867667	5
0.093234103406423	0.148849785884869	5
0.06803867720634	0.172195953922542	5
0.055541207718815	0.30469110170382	5
-0.122874783607946	0.670876541003444	21
0.110949552568556	0.183565439083908	21
-0.042074504573762	0.418897909387202	21
0.080024604748821	0.257189487699003	21
0.054385336414955	0.288476631706476	21
0.122074817762761	0.192023248567494	21
-0.112852749090619	0.705727930384821	21
-0.035129378808575	0.466453866759812	21
0.115417059716847	0.164616462883734	21
-0.069641770828527	0.407265973286439	21
-0.102501211223803	0.544063014919067	21
0.105720233105948	0.20432121756405	21
-0.08390922948216	0.549283312464587	21
0.079424396525324	0.26574773243317	21
0.030680147734403	0.345118881668061	21
0.079816526463341	0.27979007039344	21
-0.040067885876888	0.460194232398523	21
0.119211962883006	0.412317315968826	21
0.015028342010879	1.12898658724653	21
0.037935696374935	0.820747802028989	21
0.113239845773444	0.485333189882352	21
0.030715793469459	0.179083052551378	21
0.029746422870049	0.17999511301714	21
-0.082243559988179	0.328522921007424	12
0.100123209067036	0.232601662588731	12
-0.093431603372828	0.474855341074415	12
0.078973537565063	0.251478730287638	12
0.010821577878592	0.399381288327653	12
0.105081783041299	0.217317240990774	12
0.101873395333312	0.2293473178579	5
-0.085123714678519	0.649129965947442	12
0.039007300076456	0.379001511390576	5
0.056811428162692	0.311095456720071	5
-0.042984037173161	0.561499902147473	5
0.094930388466505	0.280607186008103	5
-0.098061674396574	0.979798074680338	5
0.018811527712199	0.416740395087885	5
0.094501617092918	0.281502716524066	32
-0.024747688099133	0.474482682686251	32
0.026966102113323	0.247893551226544	32
0.097601193667716	0.135534911902843	32
0.068666390456823	0.171456363014284	32
-0.051648994850537	0.333928194860062	32
0.017299529161239	0.461083623904673	32
-0.122696683960011	0.474164941888737	32
0.06667943413884	0.261354671710771	5
0.124558622108257	0.159801812624162	5
-0.053431776941684	0.451128350702558	5
0.084795511964221	0.202160702596841	5
-0.070130500078171	0.442242486059497	5
-0.072130070325844	0.479305192965916	5
-0.029105668668893	0.385223059211352	21
0.069361600476734	0.220797228751357	21
0.017609113012591	0.366468827868439	21
0.098108421816146	0.193593457331465	21
0.054149378294317	0.259508646540541	21
-0.00599842165271303	0.416977640392208	21
0.10536980753202	0.204899697640031	21
-0.058488118071507	0.409740268453087	21
-0.068448259086667	0.405333623041981	21
0.107867690172269	0.188313880965834	21
0.02858763253121	0.456710708711257	21
0.115701444064564	0.22461004059119	21
-0.093062448213789	0.435862392395328	21
0.00869830162133101	0.281371148322701	21
0.068941870251732	0.290366180594674	21
0.095571267414041	0.619633246309143	21
0.002084502586887	1.16808754528081	21
0.124325344168622	0.380475427429561	21
0.116702859729384	0.426661508557516	21
0.102940612315712	0.415192209069814	21
-0.015037460129983	0.95909273765105	21
0.100548140794973	0.520391425798584	21
0.1115079346847	0.455441764954661	21
0.123432891685656	0.427454243971377	21
-0.10864097200047	0.608761844898866	21
-0.068393998162349	0.553959227935705	12
-0.050149534965781	0.331840026107822	12
-0.010492336033707	0.448199538818328	12
-0.115419727069388	0.638495637184703	5
0.113517844615495	0.199327469512738	12
0.067853462261755	0.30889320806857	5
0.057105192953838	0.33684318012894	5
-0.09102728470915	0.611497157901388	12
0.059373516875811	0.331939709626379	5
0.026879722061426	0.330061188823347	5
-0.037903729339034	0.564282369828825	5
0.107191632086507	0.159502093456951	32
-0.051184922067371	0.416665362890715	32
0.052210594335033	0.252248466418521	32
0.078093584149553	0.283191100702504	32
0.055884454528621	0.29499907210637	32
-0.074914422305553	0.611057732374612	32
-0.041945137970485	0.418533434370608	5
0.042478788388728	0.305916238119909	5
0.032145401034831	0.352852482564851	21
-0.018758890598747	0.475179462344528	21
-0.012491061443141	0.401705022167875	21
-0.123815962352301	0.577770366267717	21
0.044018587646037	0.323230159816402	21
-0.092144337847534	0.509515368318896	21
-0.092395317713884	0.580843312659497	21
-0.061956664464566	0.557155930201727	21
0.006265374639781	0.336358077688423	21
-0.00875642487039502	0.315982002026419	21
-0.124239466455275	0.674434359431623	21
-0.062760015567724	0.587867090020987	21
0.067963316548761	0.250396954356169	21
0.038866580922135	0.290901935495265	21
0.117483925829253	0.161693451811516	21
-0.109888285318824	0.437461006794852	21
0.079630067471734	1.40158502734919	21
0.097580638318741	0.668131753096049	21
0.102108042815672	0.455312779463804	21
0.119272005237367	0.415511044560386	21
0.065138005349857	0.713424384401332	21
0.071428317203222	0.7006280406792	21
-0.06391908036877	0.619718882970466	21
0.077669140239254	0.0704991966259504	21
0.101365845636182	0.113571684419393	12
-0.105534061178577	0.67323180488615	12
-0.016132711713307	0.353233726451507	12
0.00948562945498599	0.225934072411092	12
0.121663621116292	0.169633476179729	5
0.054252075808227	0.27907685184683	5
0.049423566268829	0.349800075095434	5
-0.102562128046688	0.734854414779427	5
-0.030744727617279	0.590583083776344	5
-0.098260742523144	0.641700472972105	12
-0.034080289751421	0.609421252220881	12
0.060204375969961	0.347117951692518	5
-0.109914640389764	0.818256876715545	5
0.058434276938999	0.307801891131808	5
0.069560059467991	0.256280616447118	5
-0.01211608617448	0.451840808379551	5
-0.020146144055602	0.51587351785879	32
0.043999166372939	0.313301091781105	32
-0.061029100394012	0.55498378413597	32
0.097710418269645	0.20127860513682	32
-0.118013333135087	0.509174033895757	32
0.085794311313403	0.298327635947434	5
-0.012682993807769	0.488943713210177	5
-0.076467012733946	0.766387955519543	32
0.074892272676627	0.334474056844703	32
0.09535087813109	0.204847644339772	5
0.00877277684478201	0.28126383436916	5
0.096965610991666	0.136187382472204	5
-0.045049145329814	0.497811672289358	5
0.00960409992206701	0.401934733378773	5
0.090406195192997	0.241224896376905	21
0.06957542027273	0.21095203509688	21
0.119591710744568	0.178355010975379	21
0.08841821810924	0.258590895302227	21
-0.078318973494277	0.619686766300802	21
0.068910248962885	0.211870683258344	21
0.030707580903533	0.345052941248758	21
-0.043668008480674	0.37353020605454	21
-0.034356211024971	0.421791604089032	21
-0.084527647171975	0.550625730455167	21
0.052939545973266	0.261460248483008	21
0.040972033792424	0.287192515479288	21
0.066763742195512	0.252359284631301	21
0.116106103581565	0.163659642652684	21
0.121928987033982	0.192267280399605	21
-0.04157438598664	0.463292041265456	21
0.067565061968162	0.309455027304112	21
-0.081637148518312	0.47609710741223	21
0.080851266926108	1.64586624686791	21
0.099166375794529	0.770103260551287	21
0.020397296730616	1.34895938372483	21
0.104690738347264	0.493916510015419	21
-0.05583707592534	1.14729001743889	21
0.090500440204718	0.538061716205403	21
0.110982866461437	0.484089459313122	21
-0.00307639839782398	0.375340702433792	21
0.052116656401222	0.371073138428499	21
0.056894852598701	0.302068312958381	21
0.110865507306074	0.0397113788160752	12
0.033866942566591	0.349332997056814	12
-0.058559607459159	0.247787454402326	12
-0.021802274974299	0.134180973455966	12
-0.020929973672778	0.442619447966532	12
-0.106112913469278	0.472798039006803	5
0.06918274754269	0.290024368404379	12
0.08716929788429	0.288580755780324	12
-0.008928814924553	0.493303765321523	5
0.02292384095083	0.418135950173602	12
-0.018667583491735	0.398697670682026	12
0.00380404376464799	0.389034465213794	12
-0.045320841111239	0.498302761721857	5
0.123505968256158	0.231683938242749	5
0.070546828424955	0.334349320734715	5
0.044766181240928	0.33141515693008	5
-0.07479100640087	0.549371554652188	5
-0.074063524842825	0.515880506238975	32
-0.053900577896843	0.452052858612912	32
0.010345195930606	0.455522346392359	32
0.113709833174929	0.228556157104406	32
-0.056583007138407	0.589675396674039	32
0.078175244868958	0.275605021457716	5
-0.01630872863028	0.447139903747696	32
0.067973666659919	0.161316405646062	5
0.123598899586237	0.141382289193604	5
0.02267357802765	0.313573401584335	5
-0.00759582026995098	0.455214959725187	5
0.099756697573124	0.19112870597046	5
-0.11665722929908	0.506803359451882	21
0.039739033714778	0.300306124588684	21
-0.113010944081526	0.792434290124246	21
-0.062339359235559	0.586800858513318	21
0.020184121736317	0.372852547657065	21
-0.024043633854044	0.472882184935491	21
-0.048431017877049	0.459679922558713	21
0.116517071960029	0.127113002326686	21
0.122299049221199	0.114191492787381	21
0.040003716163507	0.198069000953431	21
-0.061352015953797	0.446793348715184	21
-0.057662725181165	0.246867679689734	21
-0.114434763998958	0.401724410828819	21
0.037891072882064	0.281175978477065	21
-0.02060753790511	0.479603791753646	21
0.069062282860933	0.33788040370749	21
0.069776563658389	0.304838452983301	21
-0.093644551949847	0.548532701310244	21
0.01251796298573	0.395592731574966	21
0.068765345402989	0.990060936662502	21
0.059676325505667	0.674915900649763	21
0.097026034185494	0.398875589502147	21
0.103733901044325	0.46461716414118	21
-0.040694209672803	1.29539193826471	21
0.106875154789159	0.608350108924293	21
0.078536047541981	0.282376933820619	21
0.084688511407248	0.218459568477064	21
-0.040224587193438	0.252891984003705	5
-0.050515433485827	0.200002757018845	12
0.011151758919	0.16178079036033	12
-0.050955997008493	0.114002992802927	12
-0.082149829518135	0.477052773609042	12
0.122496745693267	0.191276909728186	12
0.040347600242909	0.299232962733047	12
0.02755604623618	0.390162519565984	12
-0.00317796221667999	0.504762278754849	12
0.06436520526347	0.394562011610456	12
0.093927427654891	0.228118374591535	12
0.081758691432868	0.231138963764067	12
0.027993734730877	0.389281922443851	5
-0.064426900246543	0.649984897989933	12
-0.000457066050843002	0.464514814749515	12
-0.092926898696921	0.474003494149352	12
0.117400171547788	0.161763467864365	5
-0.06085203404997	0.525482898237988	5
0.069311425573123	0.273578652810828	5
0.037290993972375	0.455919842207971	5
0.02334179226197	0.312443999394381	5
0.019402027511307	0.306365806178648	32
-0.122011790401878	0.574040692780243	32
-0.067408863781017	0.36886238542443	32
0.112809517106655	0.138320019120557	32
0.043096896921258	0.37917620494633	32
0.02145730199266	0.492602399215114	32
-0.01623659443301	0.483503116968872	32
0.00959349562141601	0.280059365340216	5
-0.063272896201489	0.617980842788504	5
-0.04283392182426	0.603299841833923	5
0.081175732620771	0.223995037977324	5
0.038304059846173	0.302797699369558	5
-0.046328854206305	0.294162125023781	5
0.014930105982989	0.359625283662369	5
0.113359187081651	0.205195103702625	21
0.034763713338323	0.357854606039519	21
0.051204508380582	0.355179406658759	21
0.106540231907791	0.240673673504013	21
-0.024886665418872	0.394339625664566	21
0.107671975277361	0.0989738943125252	21
0.054999901764339	0.277814807654858	21
-0.069419847541544	0.406811081578798	21
-0.010962389736346	0.866164242755275	21
0.011747316489824	0.930486026160085	21
0.105027186101969	0.463515271081708	21
-0.023530016463596	1.25416854293489	21
-0.000569058652698018	0.846812644362148	21
0.00302226899538399	1.32350331168478	21
0.055235669865723	0.965860621789955	21
0.090616429171501	0.510954028082423	21
0.027294575400554	0.340641254494489	21
-0.104234284425822	0.787343779586445	21
-0.115815719953147	0.403658439438391	21
0.039633934875867	0.198457807182076	21
-0.079783682732456	0.189267657676448	12
0.064573554335767	0.140276901464727	12
-0.022018769769472	0.346310420971264	12
0.088123270370911	0.266111970172251	12
-0.039047020589593	0.335950983802001	12
0.031587717203072	0.468011072350926	12
-0.083709429141889	0.581879655289319	12
0.069056541130698	0.211671949870672	12
-0.028221331870538	0.506285121567459	12
0.120645245477773	0.22662342604677	12
-0.090970260143509	0.611366622026172	5
0.109858668342118	0.185277272926614	5
-0.076078607243527	0.675430264553072	5
0.067723417462641	0.309177903417185	5
-0.009675291070808	0.410608426119434	5
-0.081622957482285	0.475873562974051	5
0.035666671387458	0.273021741450214	5
0.087037460779203	0.28886742661111	32
0.021241822725281	0.303373770484293	32
-0.093956170504811	0.437488438449853	32
-0.092334660344342	0.509912304663487	32
0.026121192631594	0.319676699291034	32
0.079912028477746	0.264822266194069	32
0.079353220632942	0.316804492255819	32
0.097520387837455	0.268775598136081	5
-0.119837052443594	0.827303770142977	5
0.117472335103319	0.126107584049342	5
0.069202828616527	0.211468512384744	32
-0.0516598593167	0.114296718545794	5
-0.122977964865057	0.242878747706938	166
-0.103866282995743	0.508447407287153	5
0.041216690780356	0.318578682106207	5
-0.038804136281001	0.25146444538314	21
0.00761291047382401	0.393957813657694	21
0.068280861542476	0.316058175400421	21
-0.022218826921433	0.445240437500427	21
0.035460981857661	0.356397079410574	21
0.122476065832062	0.16839318506431	21
0.107324240155817	0.159242682751668	21
0.063594693445878	0.113556644367664	21
-0.011597404294437	0.211988788923198	21
0.104379530835398	0.256639641739249	21
0.048093683156077	0.352945150465529	21
0.079653947638511	0.365589901586853	21
-0.066910505548051	0.714530964287113	21
0.109171275457247	0.149822786598884	21
-0.091556992298302	0.508289079438744	21
0.046633752885167	0.337001341734295	21
0.025475402406663	0.38397679312172	21
0.108364763868964	0.75706304117323	21
0.079947113187616	0.689972615311009	21
0.108251482228521	0.361099245061769	21
0.124869459529039	0.539259547176823	21
-0.095223908706151	0.439573926495584	21
-0.114434763998958	0.401724410828819	21
-0.022478032238977	0.134552377386226	12
-0.123408791979077	0.367912043419646	12
0.09795357665079	0.255556167859298	12
0.00659170726751501	0.335731605647468	12
0.116426189974179	0.163209940993637	12
-0.032786054721958	0.297153695107015	12
-0.01952866503969	0.400211419392707	12
0.081831220374406	0.246355224487953	12
0.058880992971473	0.333036179452592	12
0.11085486563145	0.215291207224346	12
0.1162920492344	0.223421376572953	12
-0.070726798257192	0.44332322701334	12
0.00709122161214701	0.439236089681145	5
0.101320451177202	0.217970672470492	5
0.106714672295352	0.196488620764515	5
-0.121139695690997	0.471626054396333	5
0.102873987665723	0.221434396160749	5
-0.073035434779794	0.513637413094357	32
-0.03876217972405	0.566690067852823	5
0.10909598816868	0.224237905900649	5
0.086533108761087	0.191380496927216	5
0.111865702539773	0.207855765656556	5
0.079003534236735	0.296100693977235	5
0.024481322318285	0.32257221956527	32
-0.040334398816375	0.337741614137193	5
-0.00659713600342299	0.312715358070326	21
-0.054266407437457	0.370319603417019	21
0.050558634966288	0.356670104526222	21
-0.020689113284236	0.479793571388551	21
-0.050870851390091	0.493237294619858	21
0.052952196604629	0.251116891736535	21
0.052398816065552	0.272415373807781	21
-0.113661223245795	0.289291734140708	21
-0.071344333954458	0.477728181653043	21
-0.108657555402987	0.849168053636948	21
-0.01674589922337	0.52118030757338	21
0.050438215438906	0.244164787022371	21
-0.065803890271149	0.517922953706958	21
0.070265844063821	0.311735134390657	21
0.102366392928143	0.962086170254986	21
0.094164487665586	0.890363944630496	21
-0.038244594128876	0.850307912282118	21
0.086818391470345	0.391133606512022	21
-0.034980775397921	1.05041207463317	21
0.102911841964535	0.474222221022662	21
-0.085640703825952	1.37203577199966	21
-0.119236079938628	0.699319518841135	21
0.001307452238266	0.147385274496048	21
-0.123111493371038	0.242966235418229	12
0.000586215491743008	0.147897284378335	12
0.026899067539839	0.247995430640287	12
0.051980357494854	0.252596316116158	12
0.069988780960168	0.229127345568738	12
0.080398636870073	0.241275512437996	12
0.123437003785094	0.189645195021851	12
-0.01595243633607	0.310036206153242	12
0.095578641500009	0.211665951789939	12
0.068535898906719	0.249423290610685	5
0.067032183863186	0.251939923770499	5
-0.01174262100229	0.361554433628933	5
0.00914582944151901	0.280713495724648	4
0.112667131271355	0.174784922382675	5
-0.057282857977178	0.488701430537234	5
-0.039504923828194	0.33663891462196	5
-0.092688217216538	0.473555859458092	5
-0.070050783389111	0.442108845861291	5
0.100498717546733	0.182919303075744	5
0.032536780112267	0.265793167676311	5
-0.105045971154876	0.328561698139012	166
0.010834346244549	0.162020529098644	166
0.022394176110026	0.170362723326877	5
0.113228011513344	0.137825319355342	5
0.121446008332016	0.144011884492659	21
-0.115545612332609	0.403291496501067	21
0.01022073029645	0.225111753388348	21
-0.117623223735904	0.643973893038371	21
0.041112178324353	0.308496644522824	21
0.02231093657509	0.170485018707542	21
-0.00399037159712601	0.267449837448737	21
-0.038894388284334	0.335702026242902	21
0.00899623251470999	0.280881987261564	21
0.064107562062462	0.113201100422931	21
-0.045747053415552	0.293450687794045	21
0.0000586775736340084	0.148235683550258	21
-0.00563758830416	0.365675025744916	21
-0.093711651673117	0.512524694525547	21
0.021050753427847	0.303651005063543	21
0.023476795915397	0.312212985509816	21
0.029891750187826	0.257065144864836	21
0.110007902417401	0.598337318815843	21
0.039043104842832	0.451046941143819	21
0.100046819943499	0.340643812915871	21
-0.062008481497034	1.23380908967759	21
0.099182026516508	0.191996643209333	21
-0.11209547504488	0.53887341459342	21
-0.079567062871245	0.189102748087155	21
0.022380073334107	0.379547577976289	21
0.036147780381526	0.365169811354868	12
-0.05085522540367	0.113929791311759	12
-0.051509428217989	0.114203380422749	12
-0.00254885408730998	0.37427803183521	12
0.066955599773343	0.269551408333838	5
-0.014670595336869	0.406169097031098	12
-0.087433554746377	0.885724349728657	12
0.027785987198912	0.532014466812212	12
-0.101459872289	0.76614422337248	12
-0.013781852068503	0.262701651984356	12
-0.001473894001503	0.320277036505287	12
0.094581136605813	0.268821350481754	12
0.044782979677024	0.321641964361751	12
0.066671043976	0.261350656201267	5
0.05378358649787	0.249813680687476	4
0.022283647184083	0.5457478731046	5
-0.094179219031781	0.437911879300379	5
0.0000181439544749973	0.46341892805971	5
-0.02268995291678	0.302127764819202	5
0.066752211641873	0.0945422760073786	166
0.01058494668197	0.162220283724955	166
0.062158108997492	0.129099313284352	166
-0.013243921329417	0.262121399206364	5
0.011718208034617	0.353159485139052	21
-0.013695444422222	0.562025983523355	21
0.052627778208449	0.436512389677133	21
-0.037478771600564	0.603940444659366	21
-0.029600642242846	0.572834159401359	21
0.116999517670516	0.216841342816043	21
-0.038890521463065	0.251598081027703	21
0.00585547905009501	0.337021068540423	21
-0.028464162277704	0.206423910146317	21
-0.058580747426362	0.247798457899284	21
0.107489628608857	0.0991126283555716	21
-0.057731153297353	0.408360153169499	21
-0.063555639882254	0.589832404830196	21
-0.081689348338597	0.476177617221408	21
-0.123111493371038	0.242966235418229	21
-0.023127021473719	0.30272814504019	21
0.047202807111124	0.481237777624354	21
-0.092672644259357	0.615493305464401	21
0.117159885374352	0.12644347894369	21
0.036339433335381	0.420720116938585	21
0.056729877575422	0.805411452699914	21
0.02336581761299	0.763504859851741	21
0.018984950992153	0.669581613704226	21
0.018456698634474	1.01802165123812	21
-0.110297520859926	0.574529756532789	21
-0.035575583333901	0.712385523568215	21
0.077590419964501	0.0705269291433486	21
0.01032990379928	0.224973327491381	21
0.076681667763743	0.0708869259391728	21
0.063860515934769	0.113377323003526	5
-0.100457036236612	0.763012937236666	12
0.00480330688692401	0.432125111665774	12
0.115374126011431	0.0838105155869475	12
0.067246759682515	0.0942982306112401	12
-0.00373837600097499	0.37653471067778	12
0.083017098516292	0.221157815383917	12
0.022168915973632	0.379988223572256	12
-0.108539518145169	0.80074168872678	12
0.003846237114216	0.326310507140018	12
-0.030691885512745	0.342327047487697	12
-0.086743170627775	0.729604577279414	12
0.122301540945793	0.191646021215603	5
0.055187296894612	0.405346532170875	5
-0.00326832569110003	0.549839749752814	5
-0.083187674157947	0.916030277007729	5
0.068129008704693	0.292119541263567	5
-0.019931802913767	0.440502122288628	5
-0.08276614543186	0.737630421296409	5
0.01247928693495	0.290242668578905	4
-0.04389185692043	0.373917246923305	4
0.106212814285311	0.197289519733523	4
0.026640001818935	0.497500102180586	4
-0.064549199592523	0.621354021104882	5
-0.086551021516095	0.760933830504815	5
-0.041347514567253	0.639836775529036	5
0.1037224733475	0.171245316751057	5
-0.056811820592735	0.487653429023514	5
0.087828467060479	0.266677874082644	5
0.038805455443239	0.379395130596728	5
0.052249081942586	0.252142115618477	32
0.067459204514638	0.26005996314786	32
-0.086387788919509	0.246404983872412	166
-0.022333557581422	0.134487452099993	166
-0.021946757622245	0.134275185027705	166
-0.010674119420208	0.211124837866105	166
0.079041826970418	0.235487403677855	21
0.068332969277211	0.258402487779863	21
0.106650535795677	0.234683637723514	21
-0.031586597916181	0.343647401332765	21
-0.04590535791912	0.293666212209163	21
-0.028099671434405	0.206123441305219	21
0.069113274070865	0.181466221210164	21
0.030271936545346	0.345955435689418	21
0.123823366032469	0.215282259447245	21
0.086260148747046	0.290557427819461	21
0.101788931649324	0.18108595893592	21
0.054358733193064	0.278955458151743	21
0.017592095394284	0.296156614647098	21
0.123170091368586	0.2118896898558	21
0.058310536596822	0.316837275648562	21
0.124345887258845	0.22982657246703	21
0.104482400242509	0.616899895839757	21
-0.121396392240941	2.18428514971708	21
0.069545544946587	0.468683440992654	21
0.088920004552394	0.614247462412924	21
0.103626719753101	0.592331661296215	21
0.12197943196322	0.258664609996315	21
0.016571221498584	0.410324141938975	21
-0.046223272017415	0.294066023166342	21
-0.052112495471293	0.114466940015057	21
0.00985943419421201	0.162729266655973	12
-0.080531750478295	0.189739709538567	12
-0.122196176349309	0.242238734612479	12
0.056003638308284	0.285494677296842	12
0.027148317163529	0.440087634228251	12
-0.049877676704523	0.199599255757215	12
-0.071323130770733	0.444367534989808	12
0.032605449060509	0.569078397991654	5
0.10757684809801	0.232888495454649	5
0.03250597690402	0.410330173976483	12
-0.084022712592797	0.515470221828823	12
0.077758708243652	0.306258124742373	5
-0.11986854209562	1.03177812565548	5
-0.083128517036547	0.580447117683684	5
-0.02815413357405	0.54518271647258	5
-0.109776554810451	0.437428597456827	4
-0.095225509339379	0.967598396770948	4
0.058392652531314	0.31666528131451	5
0.025649064786261	0.24963259225069	5
0.069505465078976	0.201252444198059	5
-0.010404548962383	0.359200978587972	5
-0.076149745425193	0.644993117131073	32
-0.117841908392151	0.508779205435279	32
-0.022673798441114	0.134647807833755	166
-0.079567062871245	0.189102748087155	166
-0.082967186450455	0.329425608468766	5
-0.040515170484171	0.338077617207668	166
-0.01467560596223	0.515795446671705	166
-0.017698728418622	0.396798775686362	21
0.098483361754152	0.192989459787802	21
0.116789488007684	0.126831743251752	21
-0.09211045917046	0.884367104399585	21
0.060367623412994	0.379225523419277	21
0.040338040103027	0.375879062079044	21
-0.038117190282597	0.498561515218497	21
0.105927281364638	0.197669532467563	21
-0.092111317294773	0.54532881161697	21
0.068681600868818	0.240289598861384	21
-0.086138185291258	0.246144287310473	21
0.029746422870049	0.17999511301714	21
-0.086546094468107	0.246532677249654	21
0.096234466917573	0.136940040330766	21
0.031627693302993	0.343298191785615	21
-0.040972628847935	0.338736639629408	21
0.122036971475582	0.197120570677197	21
-0.02290845069464	0.302430748203843	21
0.068979820102212	0.230701796040801	21
-0.035659198740262	0.467565042001883	21
-0.081543697518934	0.403541836245081	21
-0.020060695019784	1.30486610426275	21
0.120116908711974	0.443422281557644	21
0.123463061244076	0.401929203146804	21
0.071874684472735	0.673205570738176	21
-0.02218908576236	0.134407792765905	21
0.078352196062898	0.0701732353428605	12
0.080027942047905	0.264526554568385	12
0.05337997340524	0.260722353256081	12
0.069426438453053	0.305614334568307	12
-0.061789583074375	0.556905236556061	12
-0.074957281030958	0.517629365100314	12
-0.091168372326295	0.543136367805399	12
0.077342692559202	0.299765537992036	5
0.090922103854119	0.177105594119957	12
0.056894852598701	0.302068312958381	12
0.040973135910903	0.30874955200109	5
-0.117176805599041	0.818546046490029	5
0.078222455074667	0.244852124371476	5
0.116694364345598	0.239841686635999	5
0.118068987506251	0.209561626210366	5
0.109516824149175	0.223447239058295	5
0.00847395107377499	0.28166812385464	5
0.099017537381258	0.192251662228334	5
0.000683043325648003	0.147831479835287	166
-0.02459332016005	0.256832700747948	166
-0.00146053203742902	0.320174585944893	166
0.068567844170381	0.307417483102205	5
0.079520374805591	0.272984952351329	21
-0.070422685117478	0.906419066085612	21
0.069628629989803	0.229694708324784	21
0.123000523725253	0.142134634362724	21
0.066726017760071	0.150887706726681	21
-0.039903678479434	0.252580374656003	21
0.106251331298545	0.100009827818944	21
-0.098409643712486	0.36402479027356	21
0.019746695271934	0.425839122827463	21
0.050636355840602	0.356499673836671	21
0.078352872887962	0.319259779684079	21
0.116746095043873	0.162749272079157	21
-0.114184940494434	0.795729136215314	21
-0.102031933406303	0.543087780718792	21
-0.015961879772916	0.352984252463558	21
0.069808897287255	0.229426112650249	21
0.067884646417259	0.182855089838497	21
-0.047200057907189	0.625181965025668	21
0.09391481492636	0.944919158756293	21
0.079921046227122	0.675484459190007	21
0.031175754388976	0.708474111046833	21
0.092568133065345	0.54308888144426	21
-0.093285518928946	0.474629511123549	21
-0.034324376558271	0.299127265139906	21
0.031564861241102	0.353948587319405	21
-0.113623824296133	0.289359675440868	5
-0.086071166451734	0.246103746203283	12
0.120779818196168	0.151099176293951	12
0.087470220554979	0.274156235306233	12
-0.010034875310782	0.530850346984091	12
0.090306336233554	0.169497432273099	12
0.008008587376478	0.333261661946472	5
-0.03549927864688	0.613460606175997	5
-0.00426151344688702	0.267832916475948	5
0.102135314335629	0.210171310459125	5
0.050770377695202	0.356176559277825	5
0.066736929392782	0.278398216009372	5
-0.093285518928946	0.474629511123549	4
-0.081678401203735	0.440552519178094	4
-0.03948133185511	0.673477721093711	5
0.04694885690265	0.214626981563556	5
-0.00357846535287099	0.266933985798239	5
0.094574416800727	0.213330814878601	5
0.078525364974826	0.282382374918642	5
0.101238983299309	0.181885838801912	5
0.066654848067526	0.0946113815907912	166
0.065202925148598	0.139797090780993	166
0.119818437347692	0.152403991407131	166
0.101306850763401	0.304325290873977	21
-0.029244572726691	0.709326147915143	21
0.046738977120466	0.441764127381386	21
-0.058153515396064	0.6219474037007	21
-0.082180916694617	0.641301813401419	21
0.107671975277361	0.0989738943125252	21
0.030556282223395	0.179236276714058	21
0.06195080831739	0.129237775238204	21
-0.011438033271964	0.211848280481976	21
0.003038799910032	0.436100502321457	21
0.119192029407224	0.229664469923521	21
0.023773918856684	0.387616274622189	21
-0.038555464965804	1.07575344995781	21
0.042991445775376	0.731288334949186	21
0.082935102172557	0.687827687278951	21
0.010743647532768	0.162095570844531	21
0.01693791975354	0.232636150487787	5
0.112745951978109	0.26342752664541	5
-0.052759346981215	0.693874018073216	5
0.062158108997492	0.129099313284352	12
0.036693680013736	0.187992006831888	12
-0.015549310301647	0.481866704419189	12
0.104125777688291	0.262776554950221	12
-0.054418395571682	0.370591365953782	12
0.04970816522043	0.234063438497673	12
0.116704615166494	0.162811501515343	5
0.113524474498144	0.234259408506842	5
0.022747789924089	0.563466753378764	5
-0.05485903579095	0.557748626690094	5
-0.101127625707519	0.614166117979118	5
-0.053523357360207	0.626417866292863	4
-0.040422181806144	0.596481732106537	4
0.092575409729111	0.223622735401303	5
0.069337248752362	0.337241812807602	5
-0.031426355357098	0.616358371345037	5
-0.007078314998054	0.368321777697136	5
-0.086275146632749	0.246282813413928	166
0.00105600717481899	0.218164469912512	166
0.081619831167825	0.231367148098218	166
0.074599975340763	0.335146044590402	166
0.060624852021814	0.394204211389439	21
0.07401070714905	0.364772558687328	21
0.077090027921752	0.314995974903311	21
-0.121851407567631	0.847482192843172	21
-0.011764572912479	0.260218657493904	4
0.048885424983683	0.223928494633532	21
-0.109689619365072	0.437296523809795	21
-0.043592631294773	0.373399393411065	21
-0.099589305704977	0.537747882340129	21
-0.082688674135674	0.768109921100495	21
-0.072237930236156	0.683358696301264	21
0.06792762760287	0.250422808466678	21
0.106163520384236	0.203504260854665	21
-0.034454059583439	0.530378483415437	21
-0.00177942398077602	0.32078170655141	21
-0.080781720672007	0.402367170705752	21
0.108041846370595	0.891804690658221	21
0.074532801918361	1.00117007904691	21
-0.00166906774036202	1.17789990359813	21
0.055090964922101	0.912757984050286	21
-0.041649449125703	0.640744478361027	21
0.092205249239626	0.231202448233172	5
-0.08352809471513	0.288290637168323	21
-0.058559607459159	0.247787454402326	5
-0.082818718544796	0.828509578411893	5
-0.040525946652048	0.700405088295836	12
0.111258043538864	0.24428236082404	12
0.06058642720426	0.386549650577137	12
0.080845942170874	0.240504122022107	12
0.098018911135088	0.249175882220272	5
-0.11466784615155	1.064674981986	5
0.053444932557069	0.393558433427833	5
0.120733422220432	0.176505410494453	5
0.104210795204456	0.25124874550007	5
-0.037051123064843	0.641989040520436	5
0.080744708245069	0.356310833044761	5
0.034661810303845	0.415156854826441	4
0.001182017471623	0.517874277918768	4
0.04491724332488	0.340661960519088	4
0.078141598988502	0.268160592594184	5
0.00486722624045799	0.431972484674417	5
0.110874833654062	0.209580837451887	5
0.100373467849732	0.225897765079528	5
0.087436050611809	0.301131745800666	5
0.000186671618021994	0.429855700709619	5
-0.043774631551616	0.563628698346365	5
0.075648044910891	0.32550374694038	5
0.029630031771027	0.180096310199489	166
-0.062481211529762	0.290753386710968	166
0.026307908348202	0.248781751332073	166
-0.033043800118015	0.297512447714275	166
-0.024264344644494	0.586650651555774	166
0.038795188248794	0.379476211029291	166
-0.052902864680011	0.624436970526982	21
-0.077587745981547	0.740590827032915	21
0.046803084544645	0.415687405791393	21
0.033744428961733	0.407288053925159	21
0.042702461287913	0.305497356476018	4
-0.025425455252719	0.257710600760358	4
0.11628693401039	0.163404822009698	4
-0.054162701058323	0.452540633634704	21
0.006805622196805	0.48365597418061	21
0.068684390779228	0.181958821375353	21
0.040451782346115	0.455979571319985	21
0.008091844859029	0.533105746781063	21
0.057305230003459	0.318880490319083	21
-0.063706316391534	0.619142450259481	21
0.071719615518071	1.01621126584664	21
0.118064770748308	0.646510263900795	21
0.080113114296097	0.791386121477298	21
0.109953553218004	0.612659725201702	21
0.006314002850213	0.336253699156427	21
-0.00393318240482898	0.267335122815456	21
-0.017303168123297	0.685480749805077	5
-0.119190533863744	0.825335467276445	5
0.079239485453882	0.360277968581615	5
-0.119917929370985	0.962649656264607	5
-0.089011330813653	0.704254787328735	5
0.103656226193408	0.252383849618595	5
0.096522260126626	0.338116047297493	5
0.123505968256158	0.231683938242749	5
0.043222787476347	0.397890865008794	5
-0.028613427017275	0.584939772920631	4
0.042138973945515	0.3168877596141	5
-0.05856861711302	0.520711061840457	5
0.066980074206841	0.260856727303743	5
0.109993329699593	0.148822223467761	5
0.084544103079661	0.210733054363455	5
0.043635002669825	0.406086761139903	5
-0.12149485954712	0.919599935211128	5
0.03808468236789	0.37108893643345	5
0.101252345806732	0.218077493393889	5
0.105779653369005	0.16131728172153	166
-0.08183063978784	0.476420748823328	166
0.049518002885121	0.340430090528803	166
-0.12195001713877	0.885050432930053	21
-0.115246885259247	0.849126172155082	21
0.118250502071974	0.180499170076217	21
-0.030562793208656	0.613807375644788	21
0.090680317855132	0.247501706859335	4
0.119943441854817	0.228070918161287	4
-0.090825023713769	0.611017626156443	21
0.056242682926696	0.294312174031326	21
-0.00980084409265097	0.460159142542482	21
0.046607059125584	0.41632649302378	21
0.03649877244184	0.354071475406209	21
0.035879793615201	0.431605546532601	21
0.122390489713488	0.168514606108387	21
-0.00647503546717299	0.367232088953051	21
0.043664652862254	1.03083237067329	21
0.114751245122749	0.466907251834945	21
-0.112244312837535	1.83260162168853	21
-0.040593194303183	0.461171854871515	21
0.010789002823596	0.162066058462592	21
0.11243756694767	0.138733489976493	21
0.096912182453407	0.202544466083479	5
-0.105045971154876	0.328561698139012	21
0.117748960090356	0.181282364853059	21
0.055756051826514	0.313156313308357	21
-0.092985279197828	0.435715371935726	5
-0.03080651097798	0.388136018431193	5
0.00220750755210999	0.275196101589376	5
0.066562963361939	0.261586392962591	5
0.112462212033269	0.175119579539027	5
0.124091597482403	0.16046712287834	5
-0.073769350296277	0.515247974535607	4
-0.00426151344688702	0.267832916475948	4
-0.014752880240497	0.308364707825577	5
-0.022732549049385	0.30208175110441	5
0.086511980824957	0.19969513161201	5
0.087888795413003	0.189535846060547	5
-0.071811428497854	0.478623101027573	5
-0.00895072990951101	0.409119094611522	5
0.053143349846381	0.250793772253821	5
-0.044936086344358	0.375667613190385	166
0.068996264954893	0.181579464243223	166
-0.092701225906875	0.473597274144692	166
-0.070844981431631	0.443313692882466	166
-0.027993039462691	0.38313698272698	5
0.068237355814998	0.275628274647367	21
-0.108750129719151	0.609065480780969	21
0.119625589152818	0.152668477600066	21
0.05244082148742	0.2518973562677	4
-0.022856435078268	0.347668606686479	4
-0.008538178737657	0.315672918417354	4
-0.06414723786276	0.483627165870427	21
0.068840328522726	0.181771700852149	21
-0.094701560951983	0.438718100126893	21
0.030415140380352	0.256322499741554	21
0.047059426730509	0.214536889564781	21
-0.051709653283511	0.495051955601871	21
0.020462133615697	0.30466565035415	21
0.067235163751902	0.260445640603745	21
-0.012661285180968	0.261403716275777	21
0.009630128198028	1.41285664926931	21
-0.017298346677091	1.43604148636076	21
0.060445286532306	0.94376452448513	21
0.032501278316208	1.16035178659814	21
-0.080433392197757	0.189696029834789	5
-0.033156419237894	0.297656083845011	5
0.089002617241972	0.437938594380125	5
0.123899923947783	0.226333013223076	21
0.016837640136297	0.232760526649519	21
-0.091358437602866	0.578354095067819	5
0.033915682701753	0.604880322714973	5
0.017130610496429	0.532053094338795	5
0.11043385330168	0.216066369366029	21
-0.00575749484367599	0.631351866595728	21
-0.074333004528884	0.729921677253758	5
0.048149279775339	0.501857699204029	5
0.08835981340899	0.279184346681681	5
-0.010769675371411	0.497861460952342	5
-0.046728577364077	0.456330280765686	5
0.073293024219948	0.406471587742661	5
0.086694539264758	0.349015301537743	5
0.070253471077085	0.200230506479417	4
0.089850560253825	0.170050212043822	5
0.052389740328698	0.241351246081462	5
0.116575242873767	0.127054944399492	5
0.121929066663943	0.114556658795301	5
-0.013198566133414	0.262010727077956	5
0.020641714231969	0.304375616136362	5
-0.099513912174471	0.725636614437042	5
-0.120602106725575	0.792220319616246	166
0.072772866470109	0.388380853828271	21
0.071046306378252	0.40667997248388	21
0.055055539550117	0.287248939938713	21
0.090754206493623	0.240560722789297	21
0.013078739321459	0.289363009145752	21
0.074249012846333	0.357260255443618	4
-0.00708398269006699	0.535720705013145	4
0.045626232598705	0.329704702568604	4
0.017609113012591	0.366468827868439	4
-0.093292282693171	0.511674431907246	21
0.098640889219105	0.297804294820748	21
0.021284175403905	0.577836671069756	21
0.020501467192262	0.304598963737037	21
0.095970185649893	0.137199867941905	21
-0.004892396768167	0.462187895476819	21
0.05017495978107	0.233550069107358	21
0.06729871501854	0.161991897427914	21
0.11942185985544	1.08057388312945	21
0.028408501372534	1.55968622328864	21
0.118916328118862	0.542164414836408	21
-0.03662718138177	0.843026740613767	21
0.121448899884989	0.240753392328916	21
-0.02290845069464	0.302430748203843	21
-0.022235731413024	0.134419762727605	21
0.00119275283499801	0.517885491962729	21
0.107652516607254	0.26273480441097	21
-0.109470735965125	0.436952860546801	21
0.102349197741193	0.464083581468359	21
-0.09136617259081	0.507957122349097	5
-0.020608408400064	0.924316440177926	21
0.068204919820213	0.347471988279567	5
0.039125264314325	0.450812004486636	5
-0.0645268360816	0.678839433944171	5
-0.070761603512224	0.679071447262841	5
0.00163735072069199	0.559161994208934	4
0.055725624926313	0.285993968752006	4
0.067090069299091	0.162191800395903	4
-0.049976812809268	0.199695961940604	4
-0.038006143030306	0.250606502352525	5
0.010993050614777	0.161905443744543	5
-0.00480500309471899	0.268510121785739	5
0.062561886198241	0.128786767697525	5
-0.083251456839221	0.288014817032554	5
-0.065828639864365	0.518011838501341	5
-0.116358311595184	1.11681662209574	166
0.083232579467691	0.370557054553888	166
-0.076590411072448	0.941767806304501	166
-0.082475865799004	0.736779736962077	166
0.024893215040923	0.33358382117023	21
0.112590166921937	0.138563108410024	4
-0.03422438889215	0.29895578676638	21
0.07589742265781	0.332129766466797	4
-0.047516167996492	0.599756935029946	4
0.116600289600129	0.188709128223107	21
-0.098004165263636	0.641169664707122	21
0.020309266540948	0.372580113113898	21
-0.073351862456822	0.716333437129504	21
-0.03237424926024	0.642291148260109	21
-0.098618655281719	0.642649273648585	21
0.096778720726791	1.59025735168955	21
0.063125016899941	1.07727050773259	21
0.047136761006927	0.818115971704271	21
-0.092910556584722	0.85593088878575	21
0.104108413231824	0.21317787460881	21
0.100853235184471	0.37499952838982	21
0.014744408443987	0.566049596736692	21
-0.105059141366424	0.671969729353679	21
-0.01103464654842	0.612723973805504	21
0.105490368473563	0.278278804751425	21
-0.010684213844659	0.35971209753205	5
-0.121916455372022	0.847760806320064	5
0.027466974189949	0.328977025047257	5
0.051712656756744	0.242351644106767	5
-0.029513852852442	0.548652092063567	5
-0.122339630190652	0.242337181124196	4
-0.04993536714852	0.199651491268449	4
0.061793511331295	0.129362951522058	5
-0.086637441092242	0.246610798484585	5
-0.101725354114664	0.54248185886815	5
-0.014752880240497	0.308364707825577	5
-0.02845162837745	0.206422562975268	5
0.099024549416908	0.125173372750424	5
0.087451190044036	0.190117748216117	5
-0.110177993516338	0.612372246520291	5
0.122887525901106	0.27615695252547	166
-0.012485367999292	0.558453178403963	166
0.081098244722358	0.255167240087973	21
0.080072981344769	0.376928963631808	21
0.000370749258384012	0.218894774807635	4
-0.028281926782148	0.206277305804774	4
0.099308711841434	0.124910330419924	21
0.043609756611235	0.206633779328663	4
0.068046195432234	0.259042323904074	4
0.107920303981981	0.188237785316227	4
-0.00600313283217901	0.545293926336415	21
0.060081194289788	0.371960759988747	21
0.115730801361672	0.190115041482573	21
-0.090892468415502	0.611195615859961	21
0.1213611627937	0.198337386708938	21
-0.08429319995605	0.28907826179728	21
0.073634970905624	1.31102832987348	21
0.09205709700096	0.712260536900819	21
0.10102071066225	0.459689514445209	21
0.055224229859775	0.277414003141415	21
-0.080059352563962	0.18944886748509	21
-0.048942574026845	0.947149496396938	21
0.06397819519291	0.438436309102082	21
0.113491635063822	0.354843019109431	21
-0.093128280554773	1.12091022246498	21
0.066277041659864	0.526420424053952	21
-0.056743846882571	0.888097330077924	21
0.115332637526396	0.326690028909716	21
0.116857683989187	0.244357483280573	21
0.102798460130904	0.179572020930334	21
0.068447280268034	0.240661803013351	5
-0.00984399036758499	0.495600495950118	5
-0.036378436255987	0.600758050411981	5
-0.00356503398397401	0.538224590977916	5
-0.122877996949147	0.76106836215169	5
-0.076972282726406	0.768028530631088	5
0.042402914296651	0.399952866763073	5
-0.065642762857578	0.682313901804953	5
-0.118357118982267	0.908718054609477	5
-0.094434118268262	0.830140871155694	5
-0.008954359944643	0.527830278612345	5
-0.074942629117709	0.672032067627696	4
0.063397188202774	0.1281321838144	4
-0.105165470487472	0.328705320616135	5
-0.03961541917174	0.252322425515145	5
-0.034110760333782	0.298873324234343	5
0.00943565023019799	0.225995069950365	5
-0.030703378664559	0.614217461942423	166
0.077854324189318	0.376873734700804	166
0.046407293619085	0.451104955289128	166
-0.106346630629356	0.908562950549575	166
0.068530051967554	0.323507955044788	166
0.00769745942626299	0.481291082663107	166
0.029333109498711	0.347750594883479	5
0.071599344490484	0.23542147483503	21
0.087461224172204	0.341079332275898	21
0.104674995560876	0.169969381306889	21
0.105605308315881	0.161467494585386	4
0.05934456013251	0.323372429373603	4
0.090599273639604	0.247659905597591	4
0.078695003195258	0.267119275872855	4
0.120490274164231	0.217130244519347	21
0.087729680530678	0.27378298893453	21
0.104748769438098	0.255824952142287	4
-0.094970467308979	0.734012095049247	21
0.102949868289463	0.179414086266842	21
0.085705830630328	0.31170155930631	21
-0.051474212341236	0.333709791740158	21
0.094288616579794	0.147719085602294	21
-0.09143778397736	0.543822004538252	21
0.048213243690078	0.224768675391998	21
0.106161184568664	0.728852555273641	21
0.100318683437611	0.742627692151626	21
-0.067102647877269	0.368441090749305	21
-0.031288744688168	0.343223139181949	21
0.047591810273669	0.495714711184308	21
0.030439658390837	0.179316750151107	21
-0.03167194740764	0.539068664446317	44
-0.060298422758718	0.524644763355706	44
0.00642066305397801	0.526711879439534	21
-0.017713660881824	0.523884880841381	21
-0.097277507689865	0.639272916631636	21
0.115159131515703	0.191043747627821	21
0.113845943553911	0.292465876688581	21
0.096704816004757	0.332277712118421	21
0.067229946853973	0.269082066579027	21
0.124843212697816	0.203819996739311	5
-0.038839729016998	0.566926583260215	5
0.087816819327248	0.273529336695611	5
0.076395368371988	0.286582887570446	5
-0.091582320808756	0.645781252303253	5
0.116403118125137	0.217930066178172	5
0.109931159148819	0.216973422783482	5
0.006167407927227	0.336469480154429	4
-0.069118504098429	0.406455560787282	4
-0.08061181865143	0.474028839428585	5
0.113065008273557	0.174227779128152	5
-0.094701560951983	0.438718100126893	5
0.102594434794317	0.172752167431998	5
-0.042089762293945	0.53342812801811	166
0.047889428368619	0.353339254784201	166
0.00255617236456199	0.424471622392128	166
0.073709931138957	0.365560282064623	166
0.016639531948053	0.462792633706803	166
0.052602841181492	0.369862050737191	166
0.05905617213432	0.323992268323807	21
-0.118598136622518	0.735048372446333	21
-0.016704001869883	0.447931686149979	21
0.118335101654656	0.180363157800651	21
0.123452887160436	0.141566156978411	4
0.104078399777728	0.170783279837254	4
0.00237436762710999	0.328819922033187	4
-0.111636042674432	0.702565097996978	4
-0.068772134414007	0.554997011005477	4
0.045305325468052	0.320655127499724	4
-0.064922350065093	0.622269130359576	4
0.059150077540093	0.349546242282106	21
0.107386360611818	0.195407742658785	4
-0.075248708961267	0.581552751239035	21
-0.083771591999834	0.614035833322573	21
-0.00419774952921498	0.460485874572171	21
0.101514914710206	0.911703316220203	21
0.110491747697341	0.685426819946205	21
0.117568575009203	0.595976623688688	21
0.060823288605766	0.849301785193655	21
0.062158108997492	0.129099313284352	21
-0.09075755460061	0.610821340913065	44
0.061509661975058	0.376300899728787	44
0.060216624507429	0.468379938022026	21
-0.045560218159271	0.764572504622014	21
0.036209829155407	0.421064007700749	21
-0.053999871018238	0.452268242976195	21
0.013784422556582	0.558690675666348	21
0.051274661509925	0.390543414396058	21
0.121365013209853	0.30129643351708	21
0.026343401104947	0.442108131779449	21
0.00868690967682201	0.391672237572149	21
0.00387861151893701	0.388862703007725	21
0.067947523699792	0.300402785088884	5
0.05698660806009	0.328340692046784	5
0.034227169482271	0.416200451792305	5
0.067308920219165	0.334132131881016	4
-0.082380084441964	0.477480231452571	5
-0.11531374608367	0.504198928792655	5
-0.105069462459598	0.470910381729013	5
0.103895476628586	0.213548250499793	5
-0.068830067789797	0.555084284432869	166
-0.110063022284933	0.61208529372883	166
-0.00928548839175303	0.494196426074742	166
-0.096525549752894	0.771941911692157	166
0.038153412810303	0.370928846893867	166
0.095823269471872	0.272506335169885	166
-0.090219110976747	0.642311755461109	166
0.086061843323627	0.31085113506728	166
0.00450210947951499	0.520455616674709	5
0.05457919484847	0.288120917974022	21
0.0908515515768	0.240402435078578	4
-0.013698913824182	0.527247337205016	4
0.087621514000029	0.267104378208442	4
0.11146102357441	0.271334168063586	21
0.033744428961733	0.407288053925159	21
0.022402900688195	0.301342655370536	4
0.053984917501244	0.259737414747265	4
0.088388267530916	0.18047458826665	4
0.00695288948350201	0.335161805366118	4
0.011178756594672	0.398607445773714	4
0.079802184131279	0.257596907540197	21
0.100436629822955	0.23822564943621	21
-0.00410239941997098	0.460363166050584	21
0.1134291802571	1.11306506179921	21
0.122251773943308	0.622390542327049	21
0.019111610457146	1.25283071479238	21
0.00613078931625999	0.589792226112938	21
0.069683018789272	0.462093518641127	21
0.064240550717198	0.113115012407723	21
0.072355965298951	0.389464053542361	21
0.063214596413086	0.113805847152787	21
0.061430315542597	0.368629488154143	44
0.00683142433938599	0.536920802280637	21
0.083665058664793	0.375333973147881	21
0.00205032784421799	0.620805498158465	21
0.02882353297593	0.456047830616643	21
-0.006410925112732	0.725677291228243	21
0.018094183059358	0.376892403503517	21
0.099446497144198	0.252453019772788	21
0.103211269685483	0.294302608329078	5
0.010644835276667	0.342055850750475	5
0.00781296717385299	0.437502537905895	5
-0.035992744871833	0.638833237755589	4
-0.120769975362227	0.843787413815847	4
-0.110666158808074	0.575353530056165	5
0.046310322225292	0.337841415010571	5
0.083990003877468	0.315753774672754	4
0.032084501897512	0.485570453508988	4
0.028885773851136	0.445768885699348	4
0.040530583503779	0.197492490640924	5
0.094401740670411	0.147599689096242	5
0.023125024141521	0.239256606772289	5
0.053131444751839	0.250824329224181	5
-0.00422039890632803	0.2677669185127	5
-0.013938896580364	0.262905423514021	5
0.086624517111982	0.282915511298989	166
-0.083909092946872	0.772034440745949	166
-0.014840467410544	0.565325553739688	166
0.086813049765793	0.28254042672784	166
0.081885222648971	0.333995246043324	166
0.068637372309472	0.368784168165018	5
-0.035100935943688	0.466348983073784	5
0.077818637450223	0.334488841491421	5
-0.052191830754072	0.595533611516204	21
-0.099765215741568	0.575042598782193	21
0.00488579512236001	0.431918800726919	21
0.113619829902165	0.137403746058579	4
-0.000876462892132002	0.319284168851493	4
-0.01969915808504	0.400621688162709	4
0.118911326616181	0.202782083650504	155
-0.096965277248904	0.672064216402189	4
-0.119474306780082	0.788525084175113	4
-0.071816044398566	0.68216137126535	4
-0.104561521220251	0.822914067415427	21
-0.00850129917891401	0.539589602180366	21
-0.09914959042864	0.609442006727809	4
0.080549595415762	0.233090666558199	4
-0.104544560007204	0.822878428067527	4
0.040848564603364	0.374763787453265	21
0.081903638160955	0.238654740742407	21
0.086689145175216	1.33823740324992	21
0.118098026385705	0.764630369598346	21
0.072012000823677	0.782482839924924	21
0.115060599070304	0.253183924684257	21
0.028129648388183	0.339082089474391	21
0.113456106162039	0.326755400364697	21
0.122548085334946	0.142695532700564	44
-0.080315124726085	0.189596993255749	21
0.06323935430617	0.128264710220096	21
0.066017007604469	0.397426845062307	21
0.035550271146457	0.189164198750947	21
0.060397916934519	0.417489475657067	21
0.011151758919	0.16178079036033	21
0.059919713475133	0.426279801608703	21
0.067816884771544	0.370866908209435	21
0.097785702636079	0.294273543249554	21
0.097049076693859	0.257413977455721	21
-0.047002934863136	0.598408021598061	21
0.047530562588901	0.422477885908642	21
0.050167242376965	0.401819075781023	21
-0.046458217255499	0.596849333665443	5
-0.110018700027903	0.853823631211609	5
0.106039380755965	0.241665359371164	5
0.047801075880303	0.344099718879833	4
0.00153338163328701	0.426887431398412	4
-0.069629775405102	0.646069016151708	4
0.103921058985273	0.263204524518374	5
0.100799136984101	0.237504296016327	5
-0.023821423617513	0.585543925795595	4
0.086009135790012	0.304459995043311	4
-0.031149519152151	0.674898300858491	4
0.069351320119513	0.344712709808364	4
0.010967460657837	0.399065513911802	4
-0.109980503165844	0.697772467928439	4
-0.00710629806067098	0.36829849194386	4
0.086089325687104	0.200323456250976	4
-0.1229983203953	0.474617910336333	5
0.079690208829324	0.2502344759247	5
-0.08340691088597	0.548199224277444	5
0.123810691007136	0.14109842309735	5
0.086627689385698	0.19123810446215	5
0.083307385697886	0.212593751185049	166
0.058100205789293	0.317275815934882	166
0.087069439855176	0.295465881017597	166
0.046518800018384	0.433878619563737	166
-0.065972287987365	0.654320153843986	166
0.061827028583764	0.359646619644924	166
-0.065432555818114	0.681677503424036	166
0.101955235941063	0.346739430281263	5
-0.06440507393904	0.8046390696232	5
0.050357734887634	0.357134291739561	5
0.100317163261025	0.232258906822775	21
-0.012538687971363	0.48860886456121	21
-0.11746460790033	0.731926351634041	4
0.053514641398452	0.280408890857112	4
0.069216459085754	0.211444338601462	4
-0.034822582332717	0.465780714997448	4
0.043941186573901	0.323386373238444	4
-0.00331958191115	0.458479466098971	4
-0.041358145957327	0.531552605181717	4
0.102253172197649	0.266934025471163	155
0.000701087849979992	0.474491541635571	4
-0.00916439102509697	0.528414903715241	4
-0.106403913802588	0.794196147005609	21
-0.05320383200189	0.553462103344131	4
0.020667063636919	0.371855841032366	4
-0.012710800748878	0.524606389015081	21
0.101788931649324	0.18108595893592	21
0.123212234532235	0.141855244084266	21
0.108456676238158	1.37758780971577	21
0.040758359422325	1.35128883159886	21
0.029417357277363	0.618785206059465	21
0.043453213650767	0.206821933229914	21
-0.104265609031033	0.669866070015473	21
-0.066577717615438	0.367650003646444	21
-0.080210895334675	0.866212515637572	21
-0.010066904624422	0.411493181875956	21
0.080073461007569	0.257008038290935	21
0.091556216095747	0.34398946479909	21
0.046159105864747	0.408561465471603	21
-0.115522048234991	0.763373499629436	5
-0.057065327602323	0.800572270145582	5
-0.031203985891286	0.432409630101653	4
0.016494603143413	0.463149394751698	4
0.09228984517946	0.292621945409593	4
0.061810149407374	0.375551107738692	4
-0.075102166203044	0.83685229901256	4
0.091565743657325	0.232334466633907	4
0.036329715666637	0.188375409886179	5
-0.107209440018152	0.642125248395203	5
-0.023002842467075	0.347919489456747	5
0.068411095764753	0.182251094535267	5
0.116204772989908	0.127435206307785	5
-0.105615773808163	0.511525151976159	166
0.115598118539984	0.164373493841008	166
0.101525453432886	0.2238667109012	166
0.082401902217372	0.31942360821755	166
-0.097319638080578	0.884017142449932	166
0.076567014497487	0.323428324721807	166
0.00547608550736201	0.529398908047494	166
-0.068213548338814	0.818644952181271	5
-0.026770139689171	0.478788581635183	4
0.068457644366044	0.212478775578057	4
0.053444619343134	0.260655346423467	4
-0.02717337882673	0.542567134578202	4
0.113901877464543	0.172971756834864	4
0.079170877413021	0.281103388911606	4
-0.032799833971108	0.657942249355147	4
-0.039398192380223	0.568365223126937	4
-0.111507112494187	0.702152647772736	4
0.035916506589935	0.188799339696225	4
-0.081192078298881	0.327173875707069	4
0.047915014718075	0.225181273735357	4
-0.014635086146979	0.308148061334091	4
0.06895728330614	0.181648196883985	4
0.116523699906545	0.188834654447806	4
0.103185727805151	0.270414490632572	4
0.026068181378568	0.331531797642354	4
0.00315506497802701	0.327515322620766	21
0.066377573466003	0.311858034071728	21
0.102313429174697	0.847508806668237	21
0.054862897938954	1.08060716821006	21
0.00403929499787001	0.325985253858879	21
0.122881874231437	0.113606308174972	44
0.021896787227482	0.240837597658388	21
0.026313509396004	0.508271829459625	21
0.084710443621712	0.307446835131825	21
0.112871911923242	0.206051620129135	21
-0.036635004089962	0.53600295759645	21
-0.040974831431007	0.598026159003253	21
0.045025785259146	0.420531933151137	5
-0.123274897410113	0.90290195102917	21
-0.084426027536633	0.583540432498902	5
0.11399855121024	0.233315685688557	5
-0.060928569725664	0.554787038073352	5
0.068430614170113	0.307719022990064	4
-0.025966237571709	0.477232588811581	4
-0.077139265029364	0.647616142734668	4
0.044086301974042	0.323102906112979	5
0.067016368808631	0.269464646558647	5
-0.083363761583672	0.800415675877317	4
0.085599782630959	0.305302675751807	4
-0.032888111379286	0.542190078037919	4
0.029135151807349	0.386647798746256	4
0.047187245185098	0.336003150650038	4
-0.068152437987302	0.369860570814275	4
-0.054714794483162	0.371117114123573	4
-0.024182310659785	0.393074777132233	5
0.088588089303192	0.171533965958988	5
-0.014222060867247	0.405280398804259	166
0.106762688817262	0.24024825486681	166
0.037864947945684	0.371541749324825	166
0.119788618215962	0.201219051888345	166
-0.00951958115108198	0.529418409496201	166
0.057037420227919	0.336981895463012	5
-0.047569961757406	0.626200546663693	4
0.036790315511008	0.438725710917105	4
0.00278353736883999	0.328137352736919	4
-0.102754694002566	0.50630034899739	4
0.049104383423742	0.378133445664149	4
0.12406280312902	0.205298773708251	4
0.043854126404912	0.3135893987679	4
-0.034466413480359	0.570869477915892	4
-0.059206232641091	0.680353330720592	4
0.10735639181585	0.233281815091096	4
-0.014980125529577	0.406766945930561	4
-0.024736287816558	0.474342097506895	4
0.005242339827042	0.431080597517861	4
-0.021201938641182	0.591846891151537	4
0.087195156908575	0.267934721339472	21
0.098725513144717	0.247790488194629	21
-0.00517550440551201	0.26897262561406	4
0.089113218508304	0.257292937272318	4
0.068642109702479	0.282977244893328	21
-0.118678859605532	0.510279834738576	21
0.08235782194758	0.604526358223309	21
0.046403049566539	0.215364430315195	44
0.008909106896235	0.226549937805474	44
-0.025979432409459	0.628182817343722	21
-0.086433455756814	0.246441115696819	21
-0.039209643599338	0.25190755836314	21
0.119702061700538	0.228610359514769	21
0.09170224200623	0.232070522113559	21
0.099015553990612	0.240930440747448	21
0.041183446014092	0.38379152074645	21
0.050781134076377	0.356162371374983	21
-0.105627058307917	0.791751455325407	21
-0.115204355829129	0.675572895408581	21
0.00723618011938201	0.394548327504855	5
0.034770541199916	0.424776998777705	5
0.00433030620479599	0.562313518228664	5
0.067684785073534	0.325372188919858	4
-0.018935622660067	0.549354518517809	4
0.036899592072062	0.447753073570119	4
0.059587381232113	0.340030981185979	4
0.066034913375642	0.287936656996366	4
0.00781871161966599	0.492748257123466	4
-0.00400642615531999	0.506995452055597	4
0.01693791975354	0.232636150487787	5
0.116575242873767	0.127054944399492	5
0.093818019857085	0.148232551080253	5
-0.08198221741812	0.404223500300935	5
-0.097501245835247	0.639876560323422	5
0.025166677447476	0.502004290196704	5
0.048025534874881	0.353084324979854	166
0.069808897287255	0.229426112650249	166
0.04171487035352	0.38242920866251	5
0.058877317945868	0.315649519710303	5
-0.072956193358015	0.480908169968005	4
0.055517520633146	0.295677172361965	4
0.096112862000954	0.271886347270297	4
-0.054631564177063	0.453394448488955	4
0.048351464629985	0.333478002048819	4
-0.003402070433354	0.505230596162093	4
0.114029571321671	0.198528703025783	4
-0.02522785075685	0.436268980180661	4
-0.098915484627982	0.758203072127132	4
0.00198839424727401	0.425780329811834	4
-0.050705117644245	0.591598012735327	4
0.109620665386533	0.149199705301969	4
-0.081324545531042	0.403190294825503	4
0.03736355453011	0.362542329608881	4
-0.036370226526885	2.40621324579841	21
0.058520853872358	0.316396032186863	21
0.026527378408968	0.248489864938114	44
-0.094254063445018	0.438028980224623	44
-0.123092483221356	0.242857267104401	44
0.102536614204509	0.112648149822168	44
-0.040773697267912	0.701191002300515	21
-0.032879728670681	0.72996607126846	21
-0.071337345233577	0.444284496171511	21
0.115243401764492	0.190934613629746	21
0.098464874659803	0.254516313063043	21
-0.097864102109632	0.885910343569854	21
-0.048865324565075	0.655881666551066	21
0.105944742223516	0.253223921944369	21
0.024441428505004	0.436435563905182	5
0.08310090097824	0.33725538600776	21
-0.043938521515542	0.537709375570441	21
0.022609255713024	0.489349380115217	5
-0.0102008021739	0.496480643615916	5
0.046471172442367	0.327953596855288	4
0.079604213100322	0.294877266336894	4
-0.067791191543828	0.789987581093731	4
0.042398929022342	0.295469127540029	4
-0.066540126379277	0.655859854512808	4
0.109140951828407	0.259415341965888	4
-0.094051567215255	0.764484931818967	4
0.118481101638565	0.208817887951541	4
0.121194953350707	0.225416583716341	4
-0.054063378534301	0.452382793333521	5
0.02827823507987	0.327440890747867	5
0.10984969298431	0.21709812286684	5
-0.04635623023666	0.596590502042925	166
0.029840654751627	0.406343512268047	166
0.076852363275217	0.300791931192532	166
0.100713483452973	0.237677994053314	166
-0.119397208520678	0.788420569117293	5
-0.099388579304881	0.759557267237089	5
-0.101173754263194	0.695959420681278	5
-0.0287114492508	0.427355770419418	4
0.021441344709989	0.421825814640484	4
0.041003164235433	0.318962006836729	4
0.029273453247068	0.386304491939793	4
-0.107783907796327	0.763256892243254	4
0.019725078322214	0.465613376017827	4
0.121260306022105	0.198553316116092	4
-0.060662424876975	0.445498291970519	4
0.034991404353385	0.357326388831113	4
-0.013816191077888	0.491708313779104	21
-0.01544259282621	0.517931981131802	21
-0.006637707504205	0.41829017192675	21
-0.016928647012812	0.557777510832018	21
-0.050248070984005	0.331949886925669	44
0.083417410412454	0.370047927937882	44
-0.013607275385447	0.608374697303864	21
0.005305324265138	0.475411602519722	21
0.123314738613371	0.21161302386739	21
0.067979378393357	0.370485430202777	5
0.029725849528618	0.396049250829975	5
0.068419012385548	0.354551374057936	5
-0.014538713978813	0.564288392879877	4
0.059882266181124	0.380475112930773	4
0.016944423625464	0.462023201463009	5
0.024757375647156	0.522638676158163	4
0.029888859997355	0.395562041446309	4
-0.056060922639876	0.8054733847218	4
0.079554980841748	0.265504771240651	4
-0.074503261383732	0.516790281339209	4
0.084833941036796	0.202095093349989	5
0.037424606125439	0.282036738210231	5
-0.082456524086399	0.512168346864087	5
0.090718894841559	0.240596742915902	5
0.114957882345627	0.19693537462521	5
0.055899072346845	0.304005703851485	5
0.00154801080872699	0.472369607305489	5
0.060233195935802	0.338589969535732	5
-0.027741623115177	0.544077759898951	166
-0.039640039982001	0.568906016018528	166
-0.017624849001121	0.48684010621267	166
0.076886409946754	0.285643099723586	166
0.098722505318375	0.241512767868386	166
-0.092207086831347	0.82267403480591	5
-0.068336439661159	0.553994434207254	5
0.081665298579782	0.347378810187683	5
0.068210661721841	0.308158467681256	4
-0.00140768376566902	0.320172866468752	4
0.120690410045633	0.15122940058825	4
0.053309543191003	0.260872315914064	4
-0.023812339586818	0.392407429069484	4
0.00311736755042	0.512483978507246	4
0.02734796860118	0.390723189598203	4
0.091087708897674	0.253436206784579	155
0.097395227126105	0.256720500967392	4
0.038568396849056	0.433895644583938	4
-0.112153313830584	0.789725500179412	4
0.098292536033501	0.248641600342085	21
-0.069493701888379	0.616001530409147	4
0.070763761295268	0.218714407185165	21
0.056836888693282	0.328567829644312	21
-0.00314873290962697	0.457873945796861	21
0.055278914423296	0.286833701719622	21
-0.076591401439747	0.584802150335648	21
0.038229008590554	0.370769508297213	21
0.089346333496905	1.11883655698717	21
0.096433406854833	0.854674105372066	21
0.034426926256158	0.65871448785789	21
0.058353499319423	0.307942513223001	21
-0.011006015097561	0.6681477934935	21
0.102169268208785	0.180540719762822	21
-0.00905428899248301	0.725351161454417	21
-0.014809607815793	0.40643349940751	21
-0.00480411088642002	0.657314318024493	5
-0.041210013031748	0.702723743872887	5
-0.051204324520621	0.688798402349659	5
-0.070835400948009	0.649468371634164	4
0.102265266508986	0.266892992337631	4
0.09624063637314	0.265364683494831	4
0.026106572948071	0.382575466434647	4
0.090899183638086	0.240312429766452	4
0.039670095463119	0.484504200678284	5
0.123370153607222	0.236329260801243	5
-0.089614852229523	0.952958607229228	4
-0.116605340609805	0.729485117364574	4
-0.00628878753386802	0.417608379333204	4
-0.042364594497463	0.534067142410209	4
0.094691835515064	0.213098606863291	5
-0.060716199159063	0.554280176587169	5
-0.123028411718064	0.576257538728352	5
0.03247959974509	0.34158850694803	5
0.034359037195466	0.348331362096134	5
0.108959013162445	0.186667399165017	5
0.019811730962696	0.305727142901155	166
-0.011060505257275	0.449513552732332	166
-0.023229006640678	0.348273789265623	166
0.121796070718456	0.254936538956916	5
0.09680278501455	0.337344011436409	5
0.000528091046092	0.462145816497564	4
-0.015863237913011	0.44625854602109	4
-0.091495583073322	0.820114454097812	4
-0.077394867703163	0.739793797210747	4
-0.037971887129368	0.49820735434356	4
-0.091134979746568	0.577796018665192	4
-0.024578092491512	0.512379774278901	4
0.029187637938891	0.444946960877756	155
0.032938867261982	0.351244075546392	4
0.056113329111815	0.285277628093324	4
0.117910805150691	0.209883519795319	4
0.036285796648099	0.374712586928485	4
0.08572879676199	0.357642463354974	4
-0.00871238805302799	0.457704421052088	4
0.05350066763878	0.384960430586895	4
-0.082881135958194	0.643014145226129	4
0.112956083499222	0.200330556237046	21
0.012674407798208	0.395274366430648	21
0.122283704302317	0.694802113346983	21
-0.010055569440207	0.706488582442499	21
-0.012622612513184	0.605218374647175	21
-0.024861667684703	0.257053785806181	44
-0.105165470487472	0.328705320616135	21
0.023596831466893	0.486495154716754	21
0.092157035025338	0.158655277678809	21
0.10549711806648	0.168828569851653	21
0.103466385536899	0.171578105997487	21
0.086140483184392	0.200240586593331	21
-0.120824206182723	0.703903171105201	21
0.081627369936949	0.366331720154245	21
0.088620081115218	0.337950957642373	5
-0.019777189761165	0.587538885630437	5
0.098605283391576	0.260258900674218	5
0.093138188168676	0.296898593963045	4
0.067231142722015	0.27748639449401	4
-0.041541745515752	0.66486089001691	5
0.124180185122392	0.22573599681577	4
0.001197648782408	0.601337031451373	4
-0.106847677645836	0.760415736001729	4
-0.072984188270373	0.801267079725123	4
-0.00313434062496598	0.517177177787891	4
-0.037681212767557	0.497473649209103	4
-0.046190508178093	0.455093196222937	5
-0.047939243619281	0.458555725842049	5
0.035353741230962	0.346216290335939	5
-0.029610299003128	0.429205797199344	5
0.053323026037001	0.250538700606267	5
0.0991510102092	0.246941424198291	5
0.116714592584538	0.222565746474738	5
0.079416638156201	0.250710415046642	166
-0.036338156452274	0.380035592200082	166
0.06774346711195	0.276537400303235	166
0.016761833232772	0.40990686019023	5
-0.036556292285156	0.67875276168116	5
0.086135204237567	0.297536590707969	4
0.001027518503634	0.601956076296918	4
-0.067271953489517	0.551469445312956	4
0.060879146863019	0.337110217535473	4
-0.096184631270374	0.770886755940931	4
-0.06926352285582	0.585820885316334	4
0.080116166918064	0.293772652805152	4
-0.042298583810163	0.706300147505782	4
0.107143845815173	0.233701984073985	4
0.051214019273542	0.381971617177935	4
-0.062823975752816	0.588007787473229	4
0.048230169907008	0.352643302100922	4
0.023413587313009	0.428129646329014	4
-0.066193320344906	0.683924883505865	4
-0.069465338283201	0.645592042467685	21
0.093818019857085	0.148232551080253	21
0.10612381119305	0.276819047966955	21
-0.114281076430687	1.03011703482132	21
0.017061189197712	0.296994446203465	21
-0.115879322449922	0.76441927232494	21
0.026680511703195	0.507140680837646	21
0.043267012299145	0.407071227602146	21
-0.091732978165305	0.613136623403618	21
0.118474927000077	0.208793182443973	21
-0.018023269260875	0.510145692146203	21
0.086544502348877	0.32231055153545	21
-0.031291907884784	0.638705069108756	21
0.105605433898652	0.305540792738613	21
0.075555149419688	0.347032867068766	21
0.108614742151891	0.187150026447561	5
0.102762557698279	0.265809070448567	5
0.04091010473707	0.394122010632486	5
0.120905672597008	0.204201331573397	4
-0.00374239649939601	0.493155242269578	4
0.123205984017919	0.211814541935388	4
0.060113291433342	0.355578952599607	5
0.050362559219646	0.366235876304692	4
-0.042344974795519	0.667298416155996	4
0.119279146274833	0.250232261956836	4
-0.026111525014963	0.650405354153107	4
-0.027078692224165	0.580601001832243	4
0.091826973784635	0.238621808435671	4
-0.082558421475171	0.477793278591629	5
0.119625589152818	0.152668477600066	5
0.018639222755052	0.29444829512846	5
0.08646084371918	0.199783169526497	5
-0.030348227464326	0.430676884235931	5
-0.050671345435404	0.415828315719368	5
0.079456075366317	0.273102549086444	5
-0.105486032089244	0.637467626706393	5
-0.022465257455203	0.389749710319882	5
0.098801593139285	0.24762936800092	5
0.030431064766934	0.394356216143378	166
0.011446881568429	0.505717439755536	166
0.00398164202134399	0.510032826513087	5
-0.06313539148083	0.747240214739213	4
-0.000715106125188991	0.566147535568927	5
0.085769004712216	0.200779677021993	4
-0.092111317294773	0.54532881161697	4
0.097938436647146	0.193797721084204	4
0.057639069478948	0.326965432666438	155
0.029985590619955	0.406003003179768	155
0.094015871606159	0.282648087366453	155
0.067435036761425	0.30163625691968	4
0.069814829767535	0.288736858966531	4
0.011903756986058	0.45176824346805	4
-0.000840067782997	0.465501151925977	4
-0.042198920312821	0.626624077274029	4
-0.100504431220221	0.829983503809867	4
-0.031290436936281	0.473905451817225	4
-0.08360425792632	0.801364035279743	4
0.106378362533811	0.235219813611199	21
0.037744244771848	0.281516338089319	4
0.106436759249035	0.196932848179092	4
0.00989571142950099	0.389016417372045	4
-0.060879910588558	0.525831706856073	21
0.11043385330168	0.216066369366029	21
0.00342939072374099	0.511568579556418	21
-0.068444496354871	0.613213665208751	21
-0.044200546857319	0.564735030913696	21
0.02425136033545	0.310818691635174	21
0.087842533269881	1.57512823051346	21
0.068178583842156	0.33214431139484	21
0.021351603468922	0.171292968567958	21
0.069599973928171	0.180884089356834	21
0.053779380181279	0.260110880533226	21
0.111649579409992	0.265976386728752	21
-0.05726053879574	0.488577316945116	21
0.099015553990612	0.240930440747448	21
0.052167083911857	0.437713822662984	21
0.099070174300993	0.285466244021567	21
0.012298858372585	0.503372878678574	5
0.025874231162791	0.509624805649948	5
0.068917315166681	0.338225822326075	4
-0.098449746665297	0.790550383752887	4
0.092164971021669	0.286679199166503	4
0.0784332034296	0.275089292552273	5
-0.106580680638669	0.640451114032271	4
0.041593800572277	0.382836603807903	4
-0.092054166465612	0.973626193297655	4
0.080328509346781	0.350914035369552	4
-0.045882078715083	0.526074066281184	4
0.049225515567462	0.34105022959444	4
0.050613024646189	0.243872243421775	5
0.122920292094298	0.142231980889281	5
0.017723104105848	0.295920325949459	5
-0.095298392972164	0.439694937013659	5
0.005662612473575	0.430102090638283	5
-0.067997719484894	0.553084773936121	166
0.007545195452173	0.394095776215682	166
0.040157334172595	0.482996495535502	4
-0.015587520163913	0.518321843755853	4
0.04187145786443	0.382156515137348	4
-0.00958666131937402	0.357646897296469	4
0.066842182290824	0.243088717559249	4
-0.037610305195416	0.471535613786222	4
0.101788087919911	0.223381834149465	4
-0.053041509807061	0.597669342282919	4
0.05028368995162	0.366452559545508	4
0.084626453622756	0.320642330122451	4
0.109444438643919	0.28102821829849	4
0.094243251785294	0.213839035531076	4
-0.110586108364244	0.438652282480275	4
-0.036445310492369	0.380231448044383	4
-0.119241792882439	0.647622403000409	4
0.0316829111288	0.254455019525783	21
-0.061370101934789	0.584205061319475	21
-0.00294206309676598	0.375086283275422	21
0.02406885631216	0.375896350207899	21
0.071326276486492	1.25304620816706	21
0.124299762453229	0.82330965916663	21
-0.037963166273491	0.250568182131032	21
0.090948683090561	0.168688358217153	21
0.028293781901765	0.53045155433597	21
0.034982720325354	0.274137313869982	21
0.042577470948343	0.399532282581918	21
0.053520172965233	0.393353267976159	21
-0.113026095268362	0.876853637830438	21
-0.068849627899618	0.916409078844238	5
0.086555700209269	0.355346812177275	5
0.007368428936606	0.546501511107215	5
-0.012677686736121	0.605421071190362	4
-0.117665727799046	0.941495750826304	4
0.093536830653641	0.327522466826156	4
0.119349850482232	0.202012085358905	4
0.119349850482232	0.202012085358905	4
0.032911205169326	0.501464755149902	4
-0.040152705831818	0.460353901485902	5
0.092992300729604	0.222954157437303	5
0.104407873701483	0.256520925460968	5
-0.056123818823844	0.560815313049696	5
-0.114633628668416	0.674142367378617	5
-0.00538948051512	0.497383216728634	166
0.102744157846685	0.215560315508199	166
-0.099733734778452	0.610619866496815	166
0.040700182740957	0.298603551324937	5
0.014499053193525	0.497024602204044	4
0.117623324722757	0.237854690037514	4
-0.011193584641445	0.360599226821607	4
0.053579694850079	0.260433378481832	4
0.04392237646934	0.313450870905435	4
-0.09723077321048	0.819402737877708	155
-0.00535932196978101	0.415626900343292	4
0.020222403000828	0.464267553173714	4
0.021957745353925	0.380425386818356	4
0.114164025356871	0.136732729687292	4
-0.054583594054751	0.557029886601653	21
-0.041670042501924	0.640517181268751	21
0.102732651799912	0.227711704706275	21
0.121370655275997	0.225066806625149	21
-0.013321780453007	0.490512754841561	21
0.117784779644262	0.125758001334171	44
0.062404071095612	0.128890864681717	21
-0.064932058471276	0.680156889124679	21
0.065361674449852	0.354145458115026	21
-0.0000079147007279734	0.43025017556066	21
0.048512219670073	0.224408788763281	21
0.108111931657019	0.187928942951956	21
0.021010836322303	0.472847124940801	21
0.076256093424097	0.338315460491191	21
-0.016513433475813	0.63783849917861	21
0.089315124212424	0.318214894924952	5
0.066947599127328	0.401939157464751	5
-0.082661307320217	0.798214591024922	5
-0.020217940451603	0.58872199833194	4
0.121858983419647	0.23981712057564	5
-0.056791247211335	0.758591136304863	4
0.060463981441819	0.362987376309863	4
-0.065296223340198	0.652217793037594	4
-0.022624850826534	0.7120492834431	4
0.072623649527855	0.415014264600868	4
0.105992213893978	0.321069791344832	4
0.044227748080281	0.38601192735143	4
0.085537851944443	0.352187916926316	4
0.096172548265756	0.315112977812205	4
-0.028236950672768	0.383558091197087	5
0.100868841222968	0.182405434895615	5
-0.119884792652011	0.701282315183963	5
-0.040662685261491	0.529892994727879	5
-0.11704120126091	0.93919576303808	5
-0.013923350465427	0.527876967296868	166
-0.092560289537065	0.581274326078183	166
0.106938581485099	0.196130262401494	166
0.099143747259034	0.246933691566098	5
0.105580573729262	0.248366387470279	4
-0.061230539700311	0.555585005090372	4
0.118261830207976	0.209198208174519	4
0.095125857801096	0.274027328866301	4
0.093511553465698	0.283714041532939	4
0.067394681049234	0.277132464399682	4
-0.104589885399614	0.788536579834203	4
-0.105644670140737	0.756617864370363	4
-0.076530221481137	0.707297077783699	4
-0.038329712555138	0.499053985105948	4
0.00200291896371901	0.329431294988237	4
0.105201919024342	0.205096044175216	4
0.09660095728379	0.308479388388798	21
0.037225726847353	0.372957040068181	21
-0.090881543050156	0.676734247570808	21
0.031054077498257	0.530422751513287	21
0.068415364251789	0.315783892965094	44
-0.028658740035894	0.206537880179856	44
-0.039369158847519	0.252043370583076	21
0.01086774983554	0.53586590646547	21
-0.00459082796134802	0.268247945232053	21
-0.050076100830081	0.199769964396802	21
-0.058747485328019	0.247963473914146	21
-0.072776757643833	0.480481322422891	21
-0.031097160653697	0.432131208449613	21
0.039951346850399	0.29987310558799	21
-0.087822620896894	0.827162615408765	21
0.032689846630707	0.42007660370777	21
-0.00836741948818498	0.813965952217002	21
0.01710152666672	0.420669482875346	5
0.037526559629487	0.293136177027567	5
0.052548187174462	0.42066561107828	4
0.11786018280955	0.204636806167053	4
-0.042785461096952	0.560920432432615	4
-0.00168538606112401	0.454405899265978	4
0.067386236598645	0.463595362983917	4
-0.025011001693433	0.835669032255293	4
0.019768871217187	0.465435296404595	4
0.011456817567616	0.397992197311209	4
0.033479982189068	0.526530640249881	4
0.066385096088212	0.389084632755142	4
0.06166364581491	0.391365701960559	5
-0.088082282321737	0.765953950060366	5
-0.082140973290712	0.609813015925571	5
0.108078999611324	0.284397794873941	5
0.041159245162093	0.196716842002366	166
0.00772835039216399	0.282722585842457	4
0.011666621622392	0.291420564173513	4
0.103624468347492	0.310777342792859	4
-0.047703905749993	0.600211444807472	4
0.090070328762972	0.169783260977521	4
0.074887013627724	0.341639865342861	4
0.118056309540021	0.232039276172433	4
0.035120684534525	0.357102544662131	4
0.00842586105290399	0.332490787989776	4
0.089031018257444	0.257460343996141	4
-0.115501875405078	0.403209848721881	4
0.091610102806078	0.159323819540242	4
0.090425149798977	0.16931299912923	4
-0.0325165340573	0.296803052606645	4
0.079228884612913	0.266064501815329	4
-0.082868094749565	0.329307871529372	4
0.100778841544669	0.182536489349427	4
0.081451588188734	0.223493663188387	4
0.045426779987912	0.410604596511483	4
-0.03117015344383	0.537721921750391	4
0.089924862636227	0.354196596888006	4
-0.102070022129117	0.733445972386419	21
0.112784859405998	1.05213293164759	21
-0.123118123198332	0.576415948889442	21
-0.078912136535224	0.96163034612016	21
0.028943628731416	0.455736853535417	21
0.065421596754839	0.42031137535708	21
0.00539773745727101	0.430534556250151	21
0.032480526065919	0.493652616139029	21
0.00636452273905	0.526726013160025	21
0.060658969510519	0.431335780916419	21
0.084912332988846	0.210179940122469	21
-0.114778735312031	0.636756491533319	21
0.102317339907166	0.266785385341319	21
0.069222090169994	0.345087207686567	21
0.00848121857371401	0.404248194610823	21
0.094072638858075	0.326126796238985	4
0.041092362586976	0.505507039931191	4
-0.022364730418359	0.50676088202164	4
0.070975812183922	0.413347989994441	4
-0.050287785138385	0.961220035540943	4
-0.122200334581216	1.48263876908485	4
-0.03395899523924	0.46387417698203	4
0.068925853758755	0.35327179394476	4
-0.067035771078418	0.998702777701201	4
0.090163546156049	0.316162704276279	5
-0.00401602373922499	0.539673097501956	5
-0.03065322351969	0.575802766659202	5
0.059387362172878	0.340507251402956	5
-0.100451086403814	0.796968678577663	5
0.044391017079086	0.404204081574345	5
-0.03078687140718	0.47281312509563	5
0.039370009792949	0.290025611130488	5
-0.014168259108158	0.405175372228644	5
-0.00276264101901502	0.322304080832349	4
0.049058337609875	0.369247187308174	4
-0.082008626199941	0.476797779434999	4
0.00684189095441601	0.608778252407392	4
0.038459220296433	0.461628927911118	4
0.113919696914653	0.233472827530467	4
0.087284343405234	0.301479094551762	4
-0.029654417790095	0.470389423648055	4
-0.006365963652263	0.417764205896663	4
0.016083217964149	0.233621084987138	4
0.017735069457802	0.231644873824589	4
0.03439553462425	0.275128886550454	4
-0.02282041029903	0.302278011193345	4
-0.00186821204155302	0.421476868542377	4
0.056470374556303	0.311747064475158	4
-0.091695483161089	0.990767977524163	4
0.0600149139335	0.447840803437837	4
0.033066038373052	0.49180145144353	4
0.124539556447312	0.271818549137658	4
0.022721269130378	0.499188869291219	4
0.073002646534997	0.394326510912366	4
-0.00969916250094399	0.495232820987806	21
0.052491636072237	0.251822215030553	21
0.074511834720705	0.376880079089479	21
0.034717347409185	0.424819067283254	21
0.106942697232033	0.0995091883743052	44
0.075406681815076	0.326038339214933	44
0.113181443393074	0.137900945305346	44
0.062290513114122	0.12896056082405	21
0.090070328762972	0.169783260977521	21
-0.123042614153104	0.367488638290614	21
0.000370749258384012	0.218894774807635	21
0.015227689148047	0.505870949777056	21
0.00766855903842001	0.437861594413512	21
0.097319331269161	0.314271022790576	21
0.00602596452664001	0.638921882354701	21
0.023034944440585	0.640060802280922	21
0.032220835404583	0.48517155978767	4
0.06990955197327	0.409951744887238	4
-0.112643935863188	1.15178923478238	4
0.117823301935249	0.302105303238747	4
0.036180072660291	0.584016295809358	4
-0.031259180608431	0.759346067956684	4
0.11323367873756	0.278499454445171	4
0.04009703302251	0.457015859598555	4
0.029084015775861	0.455336748923354	4
0.090348495690816	0.241324574542231	4
0.011290502606478	0.353840334541715	5
-0.061945927293669	0.5572658209747	5
-0.054925706579655	0.657405404427295	5
0.114711310447323	0.226603553686027	5
0.096560634095526	0.264689541997671	5
-0.00853732160737097	0.457339911652936	4
-0.070666526675631	0.782735948753676	4
0.069632421156428	0.424151032792439	4
0.018229352979599	0.564270416841054	4
-0.079348301759833	0.805496915025785	4
-0.012831961245094	0.559447058282073	4
0.116839443311395	0.249098043493357	4
0.069952233098718	0.335751984900208	4
0.043796093843437	0.323664790097244	4
0.044781081562878	0.331407224886446	155
-0.109167475998285	0.609964449343792	4
-0.00367603821838602	0.376452249599022	4
-0.013495584387073	0.403822235809784	4
0.102658537220554	0.21564905044062	4
0.0776905778153	0.327860658462538	4
0.112263273703219	0.175406452933235	4
0.076061268535962	0.302434524004261	4
0.111100483819754	0.21481896687338	4
-0.072333483065806	0.798425951640169	4
0.10502558952269	0.284657233738912	4
-0.103037870589089	0.701299871691037	4
0.124600671496136	0.224824468309266	21
0.113988229396792	0.718695010374343	21
-0.039658849806901	0.252370503664904	21
0.005251111239051	0.33803921204957	21
0.113047959707131	0.138031367808613	44
0.047365529715258	0.214152680698175	21
0.081764577607654	0.238907673512143	21
-0.00814826205824498	0.491301395998603	21
-0.053729648699897	0.45176176523278	21
-0.11035273812622	0.969065120996783	21
-0.02844556134981	0.838916876485626	21
-0.073556633793393	1.08617508720313	21
-0.047707250354422	0.941472390611877	21
0.077151669463568	0.458654778854522	21
0.078084205894559	0.401226482522945	21
0.065224248834018	0.434766451369617	21
-0.029827403873337	0.719401329112325	4
0.111352194724203	0.287887716313358	4
0.10435927834668	0.325525676676484	4
0.052109197339348	0.476914609096899	4
0.038744798127999	0.478539605376874	4
-0.015133883898664	0.645877533732422	4
-0.019205904541101	0.438830827230132	4
0.012648836531716	0.351332289349943	5
0.121257597992732	0.220576875956097	5
0.055173619014429	0.305351147601886	5
-0.010169755555435	0.622212752894976	5
-0.081750379890998	0.764912231135825	166
-0.064604554680702	0.484443309908088	166
0.106830750705674	0.196282174961046	5
0.098343103820855	0.193245482652408	4
0.046358313062796	0.337636425183063	4
0.028758008879182	0.528756778349747	4
0.100008145733882	0.283347230620076	4
-0.038108631706858	0.743673569698034	4
0.124486580711383	0.204502577967017	4
-0.072538827526773	0.48012106923174	4
-0.062320818901602	0.586686756125692	4
0.092922515052411	0.297404538939354	4
0.103933511672246	0.251821362760565	4
0.110467722693278	0.251252288053467	4
0.03325542757603	0.41869073385215	4
0.085716726761565	0.305141947342251	155
-0.076066239511284	0.614045249479027	4
-0.029218721502158	0.469380086058673	4
-0.056325411798361	0.58908079022702	4
0.040972145294244	0.384284303786115	4
0.006290727688432	0.485013163694962	4
-0.096993468500941	0.672322872189945	4
0.104201801582683	0.262596440768708	4
0.067730354987713	0.333188862063766	4
0.077387754931468	0.328576295289684	4
-0.098586951162698	0.756919897985032	4
0.080736538344131	0.270535458084446	4
0.008474116009347	0.392126637090676	4
-0.075461226001226	0.582087012635029	21
-0.054126793989325	0.698116938213351	21
-0.086342135333983	0.24634374920067	21
0.063461747475134	0.113635101043314	21
-0.011093689552795	0.360406312467221	21
-0.033691446542635	0.504050334137185	21
0.104078399777728	0.170783279837254	21
0.094288616579794	0.147719085602294	21
0.07033768929138	0.190082623124539	21
0.040539564728293	0.197444384318772	21
-0.115018343772893	0.402575945111863	21
0.040373459581996	0.197669244378114	21
-0.067846318279962	0.369489809194892	4
0.116458772956378	0.127165281666966	4
0.098238501440248	0.18597696354037	4
0.115034334206965	0.0840269647877798	4
-0.122510711425761	0.366663981732609	4
-0.046498000282124	0.378092608600611	4
-0.014129585220995	0.307316045691779	4
0.034596288297269	0.262643929392867	4
-0.055834561291802	0.372832385175563	4
-0.036126168358819	0.379741896884553	4
0.016467333933104	0.233198672911146	4
-0.051509428217989	0.114203380422749	5
-0.022996669802896	0.302541421058826	5
0.061793511331295	0.129362951522058	5
-0.051760517099524	0.114337551940054	5
0.067924149596224	0.161370295311434	5
0.123261508809898	0.113186827292479	5
-0.104602381261403	0.328056691729767	166
0.106420994129785	0.0998896567832979	166
-0.013097445422898	0.261795886511077	5
0.068213268952523	0.0937207562626381	4
-0.120987515061372	0.471331642553697	4
-0.0505775815894	0.332469585977352	4
-0.011119197452014	0.211537302264436	4
-0.084133765398838	0.28894093844229	4
-0.00464872671668798	0.268296333127668	4
-0.028099671434405	0.206123441305219	4
0.027051357707448	0.247790405840849	4
-0.086275146632749	0.246282813413928	21
0.107489628608857	0.0991126283555716	21
0.023397629425618	0.238867791400648	21
0.062969852943328	0.128450216265361	21
-0.011194309763646	0.211613082868056	21
-0.058768622407733	0.24796649465637	21
0.098904367457314	0.125286711058239	21
0.095760827290033	0.13740747630617	21
-0.10936098008891	0.436573810655708	21
-0.067693260077115	0.369285063824879	21
0.068469837562802	0.182200204223326	21
0.069002262875536	0.19177559258368	21
-0.051005924355056	0.33307233953025	21
-0.028061396699976	0.206014186931025	4
0.066881339659383	0.162387936409147	4
-0.079941092824388	0.189365351737144	4
-0.067627554660289	0.369179470165109	4
-0.062520033269937	0.290851214878666	4
-0.123635886856546	0.243229152977715	5
0.030034978920386	0.17971683741465	5
-0.028124589603074	0.206099122684088	4
-0.106051056485303	0.329642124197296	4
0.067398205123229	0.161896958905498	4
-0.100045358869903	0.366375107598207	4
-0.050806085130586	0.113875559395298	4
0.067524311203472	0.0941313907174703	4
0.06702943529801	0.0944154915212594	4
0.102812776312544	0.112407023934731	4
-0.050456951861651	0.20004576912434	21
-0.021559952029171	0.134039665076176	21
0.110419856553328	0.0398333964039841	21
-0.066381617836052	0.367320464667354	21
-0.02108370408327	0.442891906469501	21
0.010426249726101	0.162335407706025	21
0.036547706459453	0.283441915392934	21
-0.023577561011052	0.391970780432532	21
0.115417059716847	0.164616462883734	21
-0.091999114204468	0.579669056042504	21
0.021382598966595	0.370378957915397	21
-0.083213585240511	0.547734531591703	21
-0.113245118786588	0.541303315685389	4
0.123320664921145	0.161548661798562	4
0.081501532919694	0.231533224413241	4
0.085057506174103	0.209943138175296	4
-0.082042258227806	0.511360663478051	4
-0.024535320805265	0.474003180575836	4
0.067374146378997	0.260207134343812	4
-0.084454861325867	0.516216439828542	4
0.122476065832062	0.16839318506431	4
0.101568928970293	0.18140543097539	4
-0.062358755096234	0.290679925669707	5
0.048810887977096	0.224028767058256	5
0.04828813327685	0.224694253301428	5
0.05170018346402	0.263349677907074	5
0.115853638977783	0.0834869347023627	4
-0.105518443377313	0.471743187124073	4
-0.00305445337393301	0.322781102800839	4
-0.09089602099661	0.506835120684407	4
0.030787766345035	0.255793478265722	4
-0.093657497945873	0.437026027012445	4
0.008921278256388	0.280945889546881	155
-0.046116567916284	0.293916867066751	4
-0.122795150731258	0.3671699044473	4
-0.099038831878364	0.365005811927084	4
0.113905176657213	0.137071059804009	4
-0.034211060174677	0.298992061044328	4
0.050330177098993	0.233363034624727	4
0.044507282945213	0.205539150105086	21
-0.011395823705382	0.211804066472134	21
-0.106037789710035	0.472628694560486	21
0.051617824974558	0.242416354215301	21
0.083151651442369	0.220942249944437	21
-0.081240386131466	0.365828097103509	21
0.062679736186913	0.128711059188858	21
-0.12224765344708	0.473380450274122	21
0.07698504518675	0.070785908309144	21
-0.080983572403392	0.365439557775414	21
-0.051914856199834	0.114354350621344	21
-0.022189299924397	0.301396599819785	21
0.066122095794129	0.138971050062387	4
0.118172256251646	0.125352798444619	4
-0.011555158455564	0.211933481136974	4
0.102419993223939	0.112726277066795	4
0.067398205123229	0.161896958905498	4
0.099226844154252	0.12498978523617	4
-0.023280328789114	0.30293961529788	4
-0.061995438760652	0.290260658095558	4
0.102855442716077	0.112381436923014	5
-0.038282385774658	0.250922325946582	5
0.022123294330002	0.170656982987083	5
-0.028269340568904	0.206268642627317	5
0.064117026820609	0.113202284867335	5
-0.010833506523452	0.211275303653512	5
0.000299070608598989	0.148080019848136	4
0.110295664471298	0.0398561976774745	4
0.064826483304247	0.140114977779492	4
0.106472510511195	0.0997948207243742	4
0.107294692539762	0.0992458609970103	4
0.062679736186913	0.128711059188858	4
-0.04969523558502	0.19947231882622	4
-0.087520308127403	0.247302804861003	4
-0.080433392197757	0.189696029834789	4
0.010630302153423	0.162181165434051	155
0.000729795165336999	0.147789290806825	4
-0.123368826863722	0.24315268189551	4
0.063718159645187	0.113460053513999	4
-0.027552785954818	0.205615983729417	4
-0.023811310428105	0.255934591067754	21
0.108023916932448	0.0986975574396042	21
-0.083612855725513	0.288412511381304	21
0.077209369194292	0.0706913846673543	21
0.094345242747766	0.147662996315393	21
0.00081421706884699	0.218422748999324	21
0.068153185971277	0.0937382702930525	21
-0.122329725591541	0.242364824091801	21
0.076828210067455	0.0708505061620851	21
0.000105447506085987	0.148201435039586	4
0.077209369194292	0.0706913846673543	4
-0.122310812875911	0.366566281888176	21
-0.045337278244841	0.292904035524849	4
0.028935487073562	0.180671474735051	4
0.010380882175542	0.162368226199913	4
-0.0000381306960159922	0.14829839657631	5
0.010539579278	0.16224349199548	5
-0.051760517099524	0.114337551940054	4
-0.05130788380924	0.114155707724385	4
-0.122463298464792	0.242471644868516	4
0.078050209638925	0.0703285960960095	4
0.066765987785577	0.150857208881542	4
-0.051157712421341	0.114050761703072	4
-0.05186123248638	0.114344294945834	155
0.077669140239254	0.0704991966259504	4
0.09979246158169	0.124458552986155	21
-0.062238177583122	0.290528240529907	21
-0.0516598593167	0.114296718545794	21
0.047676104302083	1.03356337777155	21
0.122780650734882	0.113702905362569	21
-0.051408627280488	0.114196567167764	21
0.077209369194292	0.0706913846673543	21
-0.08498506587157	0.289696332341147	21
0.025943031560777	0.382842674825197	21
0.080705328817747	0.248403225079924	21
0.095760827290033	0.13740747630617	21
-0.121513576201167	0.573047947585925	21
-0.108073538891409	0.764051141046627	21
0.121233161296199	0.115218366688908	21
0.028386059818648	0.327235637044017	21
0.085548175343008	0.352106766089277	21
-0.099903963746222	0.761373337506188	21
0.030513433636827	0.179280259716492	21
-0.105206986478378	0.328705585449503	21
-0.080571788247113	0.43857701933679	4
-0.097642905546029	0.674079432134215	4
-0.018887149418953	0.584575925015447	4
0.074061455842628	0.378154057910554	4
0.033320783696209	0.418516817812688	4
0.05264793531189	0.378529131999795	4
0.0466842485373	0.337071678357259	4
-0.053622904918129	0.527278021380655	4
-0.010736765644294	0.412863306304488	4
0.120369998572955	0.151668279029672	5
0.006911410305631	0.335211821464201	5
0.084085632344861	0.211430402335589	5
-0.122710978863625	0.242645782142838	4
0.110741291212149	0.0397553524568051	4
-0.122082388576059	0.242100142232175	4
0.099267800059344	0.124953874332584	4
0.068675123880244	0.221785671969764	4
-0.057924273678318	0.489964624915854	4
-0.051283335720972	0.521763243899625	4
0.068763952120414	0.212064609689257	4
0.045484883468013	0.339521173144938	4
0.095343566623162	0.204977405124399	4
-0.122391011844893	0.57490525538404	4
-0.039285973832552	0.336303157947714	4
0.10233447303277	0.112814047100568	4
-0.028087032871128	0.206107362871535	4
0.025209474143107	0.250178740923583	4
-0.122329725591541	0.242364824091801	155
-0.05130788380924	0.114155707724385	4
0.077669140239254	0.0704991966259504	4
-0.027917396201814	0.205962223094542	4
-0.104765915719372	0.328068730155001	4
0.11206166710802	0.207505146984532	21
0.036329715666637	0.188375409886179	21
0.087276702768098	0.190367403310301	21
0.078510435433293	0.663162927318775	21
0.100377476093414	0.238256625560476	21
0.067600926719953	0.232746669019727	21
0.118270832547064	0.300812606448264	21
-0.113276130634412	1.2861814440002	21
0.091208907660752	0.369310379189342	21
-0.08372991827601	0.288516100121342	21
0.099751665339563	0.124488352372196	21
-0.010380538156527	0.610608025825322	21
0.031967227690764	0.342593822633378	21
0.067628632086407	0.449944044852412	21
0.052541137778996	0.475548476704319	21
0.088727168163207	0.278455410659987	21
0.026826033539641	0.330117450471849	21
-0.011395367908971	0.601101770503805	21
0.092100458434671	0.394423265849886	21
0.093722561706451	0.283276845474984	21
-0.023718905932463	0.510248110142162	21
0.092774760791429	0.29160971241664	21
-0.016886821670054	0.683986993228575	21
-0.050255465944025	0.844089815430967	4
-0.037396193996661	0.718696132176608	4
-0.035065534379215	0.635895114986893	4
0.080056795658727	0.249589355812951	5
0.070041434049681	0.210297357971839	5
0.078445420324567	0.304741353360026	5
0.066872174901971	0.0944992699355236	4
-0.058538412454802	0.247755590269435	4
0.053776689905339	0.375703477027479	4
0.037344974365135	0.362577413474078	4
0.085955865544338	0.284305530929522	4
-0.087675374218949	0.667791164235658	4
0.100357289705281	0.23836795460858	4
0.11999420628584	0.223136747575864	4
-0.119484217355542	0.700132677485316	4
-0.00107656315462201	0.452802683245063	4
-0.045859268591568	0.454475067835178	4
-0.00779285110311101	0.314528629180349	4
-0.083134193747456	0.287824865721139	4
-0.006996082815869	0.419038657544584	4
-0.085912849565885	0.24592842046532	155
-0.105045971154876	0.328561698139012	4
-0.051202174258827	0.333297037392807	4
-0.123235332324392	0.243065213858136	4
-0.058726293331861	0.247939672360579	4
0.088159706259451	0.279678009208593	21
0.022043177537336	0.431467570322754	21
-0.062907786602783	0.481060589129968	21
-0.116507012498212	0.641252741267205	21
0.019947721481739	0.425412938781143	21
0.089729655184784	0.178729884296139	21
0.024144927919045	0.311007295312967	21
0.023743223348517	0.376656416291744	21
0.017198701598105	0.616827231573733	21
0.073298098891399	0.45838400716156	21
0.088685039192571	0.180105319183735	21
0.069327604269459	0.181214971741041	21
0.082227948162203	0.391320419610334	21
-0.122612214295728	0.850171246834702	21
0.120394460811381	0.262625257289513	21
-0.040277381550846	0.636690087469744	21
0.08992708485574	0.404366277277352	21
0.098648358464375	0.241639450068736	21
-0.119117140530254	0.608259255575463	21
0.024785946418936	0.322086850452679	21
-0.075024699437662	0.611176119013793	21
0.104244110863729	0.212949721823698	21
0.059566734424049	0.427301395722818	21
0.044109939461633	0.404948131742592	21
0.10982294958294	0.275246566648632	21
0.018382674461993	0.528209499071125	21
-0.093453084623166	0.858389110764294	21
-0.068481694185254	0.554338795749451	4
0.009782037871889	0.343669515781814	4
0.077240873846029	0.292492094675631	4
-0.088432555674073	0.702676708575779	4
0.104995794116295	0.20551726564968	5
0.012186174484227	0.290687307390613	5
-0.028960524186138	0.206778067063531	4
0.065036379425466	0.139924301104564	4
-0.061349578703506	0.289419688560645	4
0.090002486667347	0.169870117022029	4
-0.04220104485893	0.559378503356758	4
-0.119945450330086	0.790225230532436	4
0.05711249885885	0.319302595723641	4
0.00611274587034699	0.397012036062039	4
0.052271908356976	0.252037270744183	4
0.087510022768785	0.19815875193137	4
-0.086296494865022	0.246254870434911	4
-0.024752071283209	0.25699650481679	155
-0.058567735765672	0.409887812237405	21
-0.118272749455708	0.606214482822098	4
0.119199116797586	0.178992995248052	21
-0.055702171679636	0.559814508243216	21
0.088144979912527	0.272916921171442	21
0.038579449959819	0.369970810839754	21
-0.058601832495018	0.247788679069041	21
-0.069303632785461	0.615552141512003	21
-0.112362593386916	0.539472151052833	21
0.000923457190470989	0.14766120173444	21
0.109246422524969	0.149734211904041	21
0.028848997224286	0.258458079302439	21
-0.013715043881206	0.262649334408888	21
-0.00447541350043601	0.268110650416896	21
0.00911800439968999	0.226324811470939	21
-0.039572017153307	0.252254280187876	21
0.041647725210706	0.196198890164484	21
0.035660060891306	0.189040812191712	21
0.098499680047549	0.125651092187052	4
0.117316110880799	0.126277222831494	4
-0.122844460016353	0.2427719181186	4
0.063461747475134	0.113635101043314	4
-0.02443453990001	0.256658534517664	5
0.067089527774118	0.0943819801836264	4
0.077287962253669	0.0706637074876884	4
-0.058580747426362	0.247798457899284	4
0.106980915079852	0.0994873690844118	4
-0.086841435598378	0.246771021229559	4
-0.122844460016353	0.2427719181186	4
0.000970194625030008	0.147626639702204	4
0.062679736186913	0.128711059188858	4
-0.122205999733037	0.242249655732621	4
0.000489407091162991	0.147944882664664	4
-0.080964926733957	0.189994679460948	4
0.063718159645187	0.113460053513999	21
0.064449969407648	0.140416007800066	21
-0.080216847495123	0.189563353167821	21
0.063205313923754	0.113805169151436	4
-0.022380222512124	0.134456407532062	4
0.011106415890617	0.161807118362011	4
-0.049637754290612	0.199402762004695	21
0.067149732159226	0.0943343972146475	21
-0.028243809199577	0.206191684475096	21
0.065224592681359	0.13975883140336	21
-0.045596070859923	0.293280577902326	21
0.022073083323447	0.240572185136625	21
0.085196230259476	0.20971491511398	21
-0.116803786872101	0.507063828227109	21
0.020785556192976	0.242165128869175	21
-0.02916813689022	0.206973553548065	21
-0.115501875405078	0.403209848721881	21
0.099631176245712	0.124613610547532	21
0.048885566241614	0.223912471937268	21
0.031120312492018	0.178672057392083	21
0.096655996324224	0.136519293970447	21
0.00974613268719399	0.162736240129668	4
-0.046643369760671	0.294557966849721	4
0.117316110880799	0.126277222831494	4
0.063205313923754	0.113805169151436	4
0.115374126011431	0.0838105155869475	4
0.06534793836587	0.139683302062533	4
-0.122463298464792	0.242471644868516	4
0.077826292820738	0.0704100607810889	4
-0.104562709403475	0.328030298431991	4
-0.059311220613405	0.248443221820701	4
-0.086387788919509	0.246404983872412	4
0.114894447424672	0.0841209444567602	4
-0.062479263941895	0.29077352525634	4
0.062719704969682	0.128674676604713	4
0.000155505412384988	0.148152220863438	4
-0.122596894930282	0.242559161476007	4
0.065181309871941	0.139823905904776	4
-0.080098474023555	0.18944389906838	21
0.021518392314839	0.171146925409231	21
-0.028426201740457	0.206360771798105	21
0.063019173359628	0.128434301911772	21
0.010630302153423	0.162181165434051	21
-0.113089601171979	0.288833281039867	21
0.082263454329899	0.987380659054494	21
-0.040034258884502	0.569997390902555	21
0.032137011706027	0.266385604499912	21
0.070367842610708	0.342291429022376	21
-0.048156824844182	0.627816856319504	21
0.01761788066247	0.36644224212979	21
0.113029822901494	0.174270341511902	21
0.019176539389353	0.415869376581079	21
-0.00119773327246803	0.385407247825397	21
0.00169601702959801	0.426491011891516	21
0.053514158552454	0.250203680704811	21
0.015963281762429	0.357623617873212	21
0.092395043627724	0.216777068097367	21
-0.090027949317864	0.505067535743469	21
0.097233219489801	0.135924214752819	21
0.00174923433820801	0.275733840616919	21
-0.034859733761434	0.42280871638615	21
0.00635554718648201	0.336200495945293	4
-0.042353555250363	0.419387187377679	4
0.062877527393493	0.128555647558065	4
-0.058747485328019	0.247963473914146	4
-0.046432505387135	0.294314357329932	4
-0.062601703656589	0.290944811335875	4
0.00927681293399499	0.226164273083048	4
0.039532527935193	0.198536734197521	4
0.121917367376173	0.114530801447931	4
-0.028633896329049	0.206569217545354	4
0.02189373675348	0.170854451279576	4
0.00101558373955399	0.218201176692922	4
0.064804870287343	0.140133303772381	4
-0.051648994850537	0.333928194860062	4
0.099631176245712	0.124613610547532	4
-0.033526807296712	0.298142572589099	4
0.066887125582495	0.150726134266155	21
0.02028805028313	0.172067658124002	21
-0.039252947918301	0.251969536651065	21
0.035501339624123	0.189206788593297	21
0.004741283405786	1.52098814535224	21
0.076685103846828	0.824777856673634	21
0.07956983105231	0.745069647476687	21
-0.070903061608782	1.47844578407551	21
0.086262201887181	0.552273401712648	21
0.101576677130143	0.418705543446819	21
0.046026510651389	0.493056759618378	21
-0.036442231348737	0.640044547501008	21
0.07359291289612	0.535454267964419	4
0.073389653252674	0.521729293663132	4
0.10113015712432	0.369596418275727	4
0.119085227781023	0.29451827769913	4
0.080549595415762	0.233090666558199	4
-0.088743929321136	0.670922592950325	4
-0.083201768843971	0.612603462915913	4
0.109742670509508	0.280375610661624	4
0.100778841544669	0.182536489349427	4
-0.099728236567818	0.538072123529875	4
0.079017537418212	0.273976299636491	4
0.010495801143244	0.485541394049352	4
0.060184651778733	0.533265475684336	4
0.038674608718892	0.582503959309241	4
-0.034089009698597	0.889852557651282	4
-0.051107231878441	0.893585767740116	4
0.039254736426452	0.609677680753022	4
0.118957482177936	0.336413517687709	4
0.078617558553849	0.282098621571326	4
0.027712343443564	0.695654536620457	4
0.029665697992003	0.336133220961642	4
0.026539119016358	0.330672177741136	4
0.113212989269938	0.262315857132864	4
0.089103518604449	0.407100145310123	4
0.003090973099661	0.617229486044651	4
0.118232614051003	0.296871563739779	21
-0.041612783533885	0.970289868642292	4
-0.114816371465441	0.761328158668775	21
0.069070134573861	0.211633202171061	21
0.00197877491151199	1.19436381844987	21
0.000949744164884997	1.14056528539193	21
0.01815861333177	0.686244940766794	21
0.107990711700248	0.405161046436518	21
-0.041199232905089	1.05639549567214	21
-0.053352099707957	0.450660470365934	21
0.000768093991636992	0.47429453532237	21
0.116538427371299	0.276602589324445	21
-0.019847663411459	0.601294426722233	21
0.028633619339242	0.387808454190211	21
-0.11622970624917	0.404080098891465	21
0.018465066851856	0.294690866180255	21
0.09153525982887	0.338450732149034	21
0.080756842474334	0.248303002121984	21
0.068683955993464	0.212176244264099	21
-0.017482139462258	0.355487777778917	21
-0.014877504500858	0.444046753896681	21
-0.121284393797081	0.572534643180438	21
-0.057890162662089	0.408711054153876	21
-0.00215116466658299	0.321378465310213	21
0.049801527926387	0.234068268382746	21
0.112218168973249	0.138974359212681	21
0.084453825968981	0.210882375511479	21
0.118419577286563	0.154256201559543	4
0.016680783095364	0.232940461404607	4
-0.050697084707695	0.200207420527573	4
0.067621342606246	0.0940843966352096	4
-0.021462158069	0.133981374578208	4
-0.114019963669896	0.400958966527452	4
-0.064443351926448	0.329679558648415	4
0.080008411161057	0.264583430827002	4
0.108257521525118	0.158120794767655	4
0.067690258941565	0.183056440912099	4
0.086050628199452	0.20035662541501	4
-0.092194670418707	0.509640993729055	4
-0.029647622990016	0.340685278858445	4
-0.084091238306827	0.28887008804013	4
0.066433725019925	0.138712619327061	4
-0.085571991174216	0.245579105198212	4
0.063081739353814	0.113891941310612	4
-0.058768622407733	0.24796649465637	4
-0.080334780482762	0.18957009973194	4
0.065369502683914	0.139662895897511	4
0.035643095682245	0.189047589840525	4
0.001988404905158	0.275483475766284	4
0.099631176245712	0.124613610547532	21
0.122679911918874	0.16806805289705	4
0.021935636454999	0.17082293741555	21
-0.012864408365285	0.261578506089308	21
0.098904367457314	0.125286711058239	21
-0.069790478282976	0.407507721629237	21
0.063338227030819	0.113726725452198	21
0.078127827345204	1.50068894922718	21
0.019721931561696	0.305871735381434	21
-0.055745702125932	0.980862480416934	21
0.01287995926493	0.501725751167519	21
0.00759402198672901	0.393832535439633	21
0.021730081109263	0.431775632431604	21
-0.029554655898406	0.661673912548257	21
-0.049778910794328	0.589032171284986	21
0.103211210850922	0.259060243203864	21
0.02356623347414	0.376942319979311	21
0.055807516971488	0.295145085832744	21
-0.11378960036767	0.7948179812524	21
-0.116507012498212	0.641252741267205	21
-0.050795936051358	0.564648091924884	21
0.02304750912779	0.32500953984206	4
0.036293463642465	0.272200079245388	4
0.049109248984772	0.223628622817492	4
0.091100732392752	0.168508454126019	4
-0.010913860602515	0.360118766290118	4
0.115180431408157	0.164940599243441	4
0.012723198083297	0.351287424105485	4
-0.022856435078268	0.347668606686479	4
-0.030026250427611	0.386852387950516	4
-0.08199655039255	0.44105321322033	4
0.118612271424721	0.154001123862171	4
-0.048507637322018	0.411898949156014	4
-0.069863896577489	0.407612651755529	4
0.069136523277503	0.211562107538571	4
0.091697589915019	0.159216639744512	155
0.00133066075637001	0.27631651093194	4
-0.00523278764398399	0.364895419832091	21
-0.106658097173624	0.640530773044701	21
0.097908808089506	0.193895249958058	21
0.119394714301077	0.152976456620416	21
0.083856382155666	0.211775244752409	4
-0.09899153826721	0.364889486628207	21
0.027136437936743	0.247656478805486	21
-0.082736032552967	0.367860589113602	21
0.039791002783897	0.198294380579228	21
-0.07006467916517	0.442058777012476	21
0.017221154974075	0.296737037777221	21
-0.074699382568273	0.51724729913535	21
0.09756830915838	0.687988237316431	21
0.084796359677874	0.599191582332018	21
0.05515493963665	0.839337355406015	21
0.027074671879227	0.65661946146591	21
0.075902526225266	0.504186297326969	21
0.06223426646018	0.631548952189757	21
0.003517751422144	0.876422737041783	21
-0.055268914787625	1.02665681569592	21
-0.034876099290043	1.03346451237488	21
0.082573195087107	0.505266574010981	21
0.114383564963155	0.370446814400281	21
-0.000186281024176005	0.803392871280679	21
0.00210739205938901	0.609546772450658	4
0.121336478143665	0.338482208699875	4
-0.105407187545465	1.12550850784116	4
-0.121531646085192	1.0854263586378	4
0.119467964406249	0.264921887953012	4
-0.072840847305181	0.872828396677468	4
0.081821915571083	0.398442138114093	4
0.016090430717624	0.58169640828102	4
0.064686061538441	0.422402373399635	4
0.114868120844159	0.304571196410487	4
0.116866314446518	0.284436975115711	4
0.058834979765445	0.465905673705239	4
0.083755400954721	0.335753737702621	4
-0.017471704463392	0.686125921185597	4
0.077610897820145	0.299140520465888	4
0.039125264314325	0.450812004486636	4
0.027372873628409	0.449768367388594	4
-0.049881574556654	0.725668628456101	4
-0.112853020272444	0.945252539670886	4
0.102431247592727	0.350091114524631	4
-0.003636916849872	0.658263943745488	21
0.059103876874644	0.499381453289139	21
0.086035186941298	0.409678754140887	21
0.11076627572416	0.309764582435276	21
0.069623090191766	0.366180406924424	21
0.036337291007516	1.11346740371573	21
0.123866732071116	0.459691204447684	21
0.0883928521398	0.581057362358877	21
0.122030371491673	0.477699849148991	21
0.105801998054688	0.520119395992263	21
0.121973740689936	0.42303754218193	21
0.08267688092913	0.54209929909511	21
0.055943958137224	0.599833531310328	21
0.024161754273185	0.715604502865141	21
-0.123983121946177	1.42702994508664	21
-0.080655083812843	1.23197403882101	4
-0.054937565573215	0.95519361546263	4
0.008998499517406	0.734812363357191	4
0.020698715080655	0.531067826051398	4
-0.0866807296333	0.930394078183038	4
0.068257255613308	0.391071530579934	4
0.121834813550164	0.254844267133334	4
0.023113983172659	0.580993712176853	4
0.08029227185819	0.388431666656349	4
0.015985876344901	0.56183932536576	4
0.00320828638468301	0.686519911815365	4
0.050749735083953	0.550517939901977	4
0.094699413173194	0.381380106794658	4
0.123744352075378	0.246050298332179	4
0.019256181339405	0.642092030079288	4
0.119300563433888	0.342055178773886	4
-0.089392060206016	1.21241923453507	4
0.106917028909091	0.269718167868052	4
-0.051486887698454	0.59370467459528	4
-0.063327730458248	0.791123878480972	4
-0.102317442540942	0.768665100250022	4
-0.094191373847235	0.73165287885694	4
-0.016106046080431	0.555435662347361	4
-0.026645965366305	0.665812005667514	4
0.020441534714264	0.580626146726412	21
0.050958992940722	0.531872152439966	4
0.054832151592654	0.287661153932987	21
-0.041897510572534	0.600668473947754	21
-0.04701479414509	0.59844610299979	21
0.054227649596722	0.431791725117733	21
-0.015905805524779	0.482746936908679	21
-0.088896105803341	0.830860345025867	21
-0.078215686165613	1.0282372072966	21
0.100191576548064	0.543650326092209	21
0.006660656565255	0.928017994610892	21
0.084169175737102	0.373799748297955	21
0.068228037832376	0.616580323923647	21
0.085944040803113	0.430313034087346	21
0.093243960054048	0.405135587346074	21
0.07868326076377	0.387106311282168	21
0.078469063777007	0.503774210310469	21
0.060755597370195	0.605481847951016	21
0.094639662165479	0.381549521952954	21
0.092998017168868	0.297232281280639	21
-0.078151315903769	0.931272938048942	21
-0.064977092666448	0.780429648369813	21
-0.089166934671761	0.921910226793477	21
0.059996100029818	0.39586395977954	4
0.086345353783574	0.297059377445976	4
-0.010275284283337	0.358942859910175	4
-0.102913740511143	0.582065524338086	4
0.093933466397159	0.21435712882313	4
0.069895079659951	0.210491003268536	4
0.017395841425913	0.366891554764868	4
-0.00193911216427101	0.545646053648011	4
0.000194702487817999	0.551759369920398	4
0.00241202908771199	0.328747608632903	4
-0.110297520859926	0.574529756532789	4
0.091522436504725	0.159410982119327	4
0.036916491344082	0.282858421155836	4
-0.015505268097219	0.445466939514134	4
0.05488687609761	0.287569646291268	4
-0.025583553094988	0.553172018864728	4
-0.031484530447281	0.653862498224176	4
0.095345933381815	0.285715918406256	4
-0.093072953868486	0.474280228823613	4
0.054459984632038	0.29764541787271	4
-0.008081095232498	0.571187849923153	21
-0.026503058962646	0.501981842977742	4
0.121949623326543	0.14342997672321	4
0.037219038080128	0.187414118531394	21
-0.07253401379585	0.512494191185986	21
-0.081840680047372	0.577165375467352	21
0.002971491635609	0.481342150823108	21
-0.012765574715856	0.453314515291837	21
0.068555050151052	0.376218053197325	21
0.023202511176761	0.428652237710605	21
-0.0361277680475	0.4252567019979	21
0.035191619925675	0.273905499235868	21
-0.081781285010794	0.510927085982177	21
-0.024155241538086	0.304073751320444	21
-0.012716925986773	0.261464647938104	21
-0.122932414347818	0.367318046151688	21
0.113905176657213	0.137071059804009	21
-0.105999839386463	0.638998543698156	21
0.095774419886845	0.204307947715656	21
0.0500338286915	0.233768939209672	21
0.117900608511288	0.125650147877769	21
0.000826616566799998	0.147734590135752	21
-0.122592686267895	0.366906074154397	21
0.063347430239236	0.11371260792063	21
-0.023082610786726	0.348022828052681	21
0.029667609811386	0.257373156588681	21
0.096604004222007	0.136565734142485	21
0.067368600179078	0.150274759854707	21
0.039689574089866	0.198388567839986	98
-0.100461644540056	0.366782532078089	21
0.066822447259787	0.162457049701791	4
-0.12227217359761	0.473448175304439	4
0.107163356312413	0.0993484770620998	4
0.062315229087023	0.128983751372794	4
-0.058162700811487	0.247361925010599	4
0.067874573454482	0.161414818580212	4
-0.109908575260964	0.437632199170623	4
0.069929703946493	0.180434859756298	4
-0.080216847495123	0.189563353167821	4
-0.051056826050713	0.114043873194428	4
-0.079409651753692	0.188988434748855	4
-0.123245045495593	0.243030014710882	155
0.03026788344266	0.256422462009414	155
-0.085708874532977	0.245739676699477	4
0.010380882175542	0.162368226199913	4
-0.011194309763646	0.211613082868056	4
0.000923457190470989	0.14766120173444	4
-0.03294304959337	0.297377958613688	4
-0.050604198949642	0.113827694508046	21
-0.079842810698226	0.189306253830455	21
0.115134307407614	0.0839673653379408	21
0.062327772764235	0.128977999072392	21
0.077287962253669	0.0706637074876884	21
-0.081619427572206	0.510398132817071	98
-0.036433329723033	0.425840318575531	98
-0.107157069858587	0.474547570452612	49
-0.049554487015148	0.19933961049586	49
0.039264115695874	0.198835145806105	4
0.104835333355136	0.169744052219001	4
-0.012212361493229	0.36226116588142	4
-0.095074552447827	0.439345708778031	4
0.108349536604323	0.150783842639626	4
-0.121905986375631	0.366029146926945	4
-0.08064991164873	0.18981823898626	4
-0.113793458131553	0.289505013153202	4
-0.014617673650482	0.308186682368255	4
0.091100732392752	0.168508454126019	4
0.09934717380407	0.124858257802163	4
0.122287659231162	0.114158301247652	4
0.016040205668815	0.233700828237046	4
-0.034638112997783	0.299506072469933	4
0.089766423537834	0.170130145088193	4
0.06948361961285	0.181027977463228	21
0.064117026820609	0.113202284867335	21
0.05215960414753	0.252302428746346	49
-0.105045971154876	0.328561698139012	49
0.040262305965866	0.197763886266208	49
-0.064925191335889	0.330357791539731	49
0.124327860022947	0.209611863210011	4
0.039362637213845	0.368197501798558	4
0.094696731437382	0.262120538110286	4
0.041213536703801	0.393365900746474	4
0.101224845808054	0.230551959386188	4
0.123226714810535	0.141851340582222	4
0.035916506589935	0.188799339696225	4
-0.024971219910522	0.475017364964744	4
0.030034978920386	0.17971683741465	4
-0.02794241903371	0.20595264310102	4
-0.122551676817542	0.366800044007609	4
-0.024330677113418	0.304267845554958	155
-0.060522122991257	0.445210369235364	155
-0.09405554132283	0.475926746734046	4
0.029256230861244	0.347862963859172	4
-0.050174963176635	0.491763066453245	4
-0.101964391843303	0.579883571756878	4
0.022708993778697	0.313469301810489	4
0.086824686962383	0.190971563589269	4
-0.06219744147575	0.290496190091859	21
0.00020224925380799	0.148149855464518	21
0.009862374929337	0.225460960746381	21
0.037866966938889	0.292486876159241	21
0.00862367705390599	0.281443890118401	21
-0.00369364170584602	0.267041438224873	49
0.053069604212684	0.603818879062651	4
0.00687613643621199	0.646232681048976	4
-0.039790454711733	0.337072387011988	4
0.066564945894354	0.151043317821617	4
0.069970149818939	0.18044050470275	155
0.089698632765838	0.170225964257877	4
0.025496896261203	0.24982424960068	155
0.111678287939042	0.243388160930981	155
-0.019446075208657	0.439333299910651	4
0.123127257587897	0.330844745039426	4
0.038104756746068	0.46272032984878	4
-0.00865906645665798	0.629025675123961	4
-0.040539233823024	0.461148156954927	4
0.010270426149787	0.225042956715304	4
-0.031589353232801	0.578436702624497	21
0.12397108383305	0.140908621591245	21
-0.08130580644852	0.403217857690057	21
0.012220692177338	0.3522382039987	21
0.018752056971149	0.364169587135304	21
0.099226844154252	0.12498978523617	49
0.082415097713047	0.222104075256868	4
0.106504065641953	0.339813604888077	4
0.108564645112525	0.416372027890088	4
0.057129740305028	0.583664095099484	4
-0.077370829109671	1.11421077734929	4
0.116196806418202	0.28191028181177	4
0.058981099451629	0.458252013185209	4
0.016881242654013	0.232686846195487	4
0.081958276612395	0.238525149735013	4
0.051750168793773	0.231319934690776	4
-0.032673582348832	0.297017289920053	4
-0.086387788919509	0.246404983872412	155
-0.032874815170034	0.297170328659057	4
0.001030485311204	0.427993786697188	4
0.110887883998744	0.147729680210278	4
-0.00351420445343997	0.686537681005149	4
0.005480200142259	0.337653207105113	4
0.024626824585193	0.679015043394966	4
0.080494159379661	0.408309626609269	4
-0.051599435591808	0.494724172881993	4
0.068898593248858	0.191927326756894	21
0.03047055766413	0.179311411601539	21
-0.06401245626226	0.48337320966383	21
-0.059019544032332	0.410641203423025	21
-0.050076100830081	0.199769964396802	21
-0.049554487015148	0.19933961049586	21
-0.012478721408308	0.212682772691583	49
-0.118159081716945	0.733913050305062	4
0.115270794455171	0.457408876137313	4
-0.077986834647894	1.1719698630242	4
-0.082270724311629	1.27927765338158	4
-0.022996669802896	0.302541421058826	4
0.024874308888644	0.445926685554515	4
-0.121883074749432	0.472891414700398	4
-0.084968121960262	0.951982551778377	4
-0.01397738005574	0.307131037527392	4
0.046858321071562	0.449766224803002	4
-0.108411581065971	0.72939570541438	4
0.10480875635457	0.376499328115676	4
-0.042762515037155	0.420151320033948	4
-0.031169451928077	0.838440240192508	4
0.0891973267356	0.391362642540084	4
-0.105997789596756	0.793090696553401	4
0.055704792731863	0.276519018638963	4
0.021141589034147	0.422509405153163	4
-0.096046023935113	0.401370282777049	21
0.107143079918686	0.269179297811304	21
0.1033210715536	0.171782443446453	21
0.067788468844039	0.370979520571358	21
0.078615171700394	0.252091328884613	21
0.111416832981039	0.406906791033755	4
-0.086304170352587	1.46025795007334	4
0.031232700090475	0.725214023733415	4
0.00633988821284201	0.703768932959714	4
0.033674408205804	0.6549211724541	4
-0.00451328729644002	0.638673543231982	4
-0.103588180462371	0.785094342065384	4
0.120459544419535	0.151545175667983	4
0.05403241649645	0.269723884782702	4
-0.049707610883082	0.562064575845028	4
0.017686017198354	0.366319037662306	4
0.11832436547375	0.252411893701317	4
0.052495972794632	0.387507526135903	4
-0.105390676831374	1.00146439498946	4
0.081261723333481	0.38216415342024	4
-0.039002996519921	0.783131629328514	4
0.081995283887609	0.443991700201515	4
0.095302700245833	0.346841303632156	4
0.112679283197514	0.37148615177042	4
0.079752925561549	0.371577295130168	4
0.014038065968092	0.348734300400704	4
0.031756771051758	0.254367859920779	4
-0.00426151344688702	0.267832916475948	4
0.119229285636222	0.178933262154374	21
0.047611265370826	0.344593402261605	21
-0.051916118039823	0.691150207533947	21
0.06073427191472	0.337445703154697	21
-0.061021248925592	0.977304606118384	21
-0.057743885754257	0.408462260288473	21
-0.052360453259592	1.045144007974	4
-0.119289904430966	1.12985147329255	4
-0.005168028239455	0.640946977340914	4
0.019822256722302	0.47613799357561	4
0.098794043820862	0.370535438231798	4
-0.00312973777238801	0.769796448893408	4
0.118263862579139	0.325198329099032	4
-0.012288687767652	0.74475567742592	4
-0.07024583540982	0.931407640096267	4
-0.091954785587027	1.04950888176136	4
-0.085073756849431	0.952446868415217	4
0.080975497457052	0.477316905638471	4
0.04162774068237	0.536283603458547	4
-0.000435028058684006	0.606754220323275	4
0.026362069614831	0.587722386870527	4
0.060580305923291	0.416928940110286	4
0.080060914170789	0.415490456454058	4
-0.045221561381482	0.763450435329771	4
-0.076448162212498	0.99423755454512	21
-0.02447561325118	0.692608406337175	21
0.119963904188124	0.299866192068098	21
0.025210512899193	0.60952386391568	21
-0.017331975277546	0.486156680438615	4
-0.036216209257406	0.468738605310646	4
-0.094515488546382	0.69906331191227	4
-0.116960420588479	1.69289143317345	4
0.121616052854161	0.300553882844725	4
-0.12007919118816	0.91477832930168	4
0.035392018477336	0.614574147586564	4
0.023523852372615	0.588790143662589	4
-0.042821364932407	0.877633233257907	4
0.034645282802015	0.682335169945247	4
0.121165703672391	0.193615151209414	4
-0.012837771219881	0.681468738111947	4
0.094447221101022	0.377031131527328	4
-0.106558309809771	1.61367535245401	4
0.085107949444407	0.454576543980064	4
0.035665534252168	0.536690170852484	4
0.115101873903602	0.317984699710718	4
0.051917407013441	0.528602731466309	4
-0.090017862436565	0.895544307445079	21
0.083039726447226	0.424794398046181	21
-0.062029277540924	1.09691867182133	4
0.036141056945661	0.603910413074754	4
0.114083979731469	0.408693270108493	4
0.098300140410719	0.440551079819397	4
0.073672466357768	0.520639161648556	4
0.009981572392355	0.769559951343101	4
0.037483532573127	0.613542568051471	4
0.028783391943308	0.637333528847966	4
-0.040249483928373	0.675956434325874	4
0.110780090799599	0.289335639402976	4
0.088654294600521	0.357718850628253	4
-0.02691686462357	0.666692592037092	4
0.039704322677665	0.691690220955583	4
0.062778531147112	0.482902314506666	21
0.00041874588539001	0.604007618804152	4
0.114922705001376	0.226177975358474	4
-0.093315985576792	1.14895369788479	4
-0.070630616189455	0.810438745727688	4
0.039087327930993	0.459937925792383	4
0.00459468443650099	0.633549259079945	4
0.035307725806724	0.591750404121171	4
-0.031339388987243	0.689701382411746	4
0.082993242294759	0.383192708712165	4
0.115997372109653	0.32857528238971	21
-0.027680757620845	0.804089076760165	21
0.020220885478996	0.305025813763088	25
0.066071265247051	0.664378422307473	4
0.024321715972044	0.67206523979682	4
-0.090381933989556	0.642695594565127	4
-0.015258216789986	0.407303985208503	4
-0.023936403627342	0.303798638773007	4
-0.072219873289633	0.479499733437366	4
0.123146513326909	0.141950638771098	21
-0.003669726066308	0.459303506750209	21
0.069047952410022	0.221253063266037	21
0.001926328595799	0.816487493304555	4
0.100571044518719	0.373961041540258	4
0.031972869049658	0.553978613873223	4
-0.107944049697527	1.05545233544726	21
0.117471323926748	0.23819571010956	4
0.044410211935358	0.578467124264978	4
-0.114704397501411	0.402098129428501	4
-0.011320829805423	0.211715643517186	4
-0.07596009548181	0.519775464510114	21
-0.00288010282062501	0.265958062191307	21
-0.092456289616859	0.975388067646744	21
0.09068588532898	0.254191584775609	21
0.068059291787623	0.485772634574607	21
-0.053959308228085	0.72305108381858	21
0.036802401069748	0.668873370778228	4
0.077732392726995	0.580532631802251	4
0.079422025321313	0.51091286907607	4
-0.049141800087705	0.656784267143936	4
0.104384220444505	0.170366869408668	4
-0.00200521086206101	0.321143992560612	4
0.122628331068087	0.142597165867886	21
-0.067673196795306	0.522052253794741	21
0.045502706613849	0.428077609515361	4
0.123827185000031	0.210615078273515	4
0.056786981803507	0.514099363292807	4
0.064968000153652	0.421699541425582	21
0.020939349820431	0.706968358381624	4
0.078565233688915	0.325665048765441	4
0.030672980108417	0.17911937281781	4
0.068364836392465	0.171843877540519	21
0.052681094522384	0.240910130245312	21
-0.082488264058987	0.404982694900301	21
-0.117780810712065	0.820892713594474	25
-0.070555605450833	1.14425852191138	4
0.00821832882381099	0.901165424795753	4
0.055582540053197	0.286235006707713	4
-0.028501640125105	0.584290891324019	4
-0.102211885705497	0.543290800922935	4
-0.00289464752024798	0.322535412029032	4
-0.122836286997899	0.367239060622387	4
0.06887618146537	0.27441869709397	21
-0.03616363654066	0.425346525250308	21
0.067947241272237	0.276168592361355	4
0.00322469733605699	0.61677007273027	21
0.009312694314137	0.610590480288151	21
-0.013620878059062	0.68441776864181	21
-0.019618632119096	0.47728224875505	21
0.010400470949747	0.662939675720533	4
-0.023586941389569	0.509797341321554	4
0.041246453962796	0.297618729823249	4
0.10970372104389	0.217348564325223	21
-0.068223300359869	0.40496014806962	25
-0.011034948829614	0.211472636281748	25
-0.082903192814801	0.706541014891623	4
-0.00605554131699299	0.577489312270763	4
-0.08345559022529	0.514366936701178	4
0.117062308540409	0.243910006819958	4
-0.099851897520029	0.76113230755876	4
0.06308152404848	0.128390331364202	4
-0.021704448369369	0.134133840380632	4
0.030396801759499	0.179381890674393	4
0.00625441123924	0.737651568625736	21
-0.089242994356162	1.14479579277849	21
0.058538617448075	0.367549332359887	21
0.068750177983312	0.212076378117694	4
0.102074030667132	0.307534201147993	4
0.098243307110329	0.193401658155393	4
0.052210594335033	0.252248466418521	4
0.041435540012922	0.196456070240018	21
-0.012762818891687	0.261513067986462	4
0.102175100581772	0.112940339154786	4
-0.05130788380924	0.114155707724385	4
0.103030430199411	0.172180822445993	21
-0.06799937758684	0.369682007484608	4
-0.105667057069946	0.472026776254335	4
0.089932852229747	0.169952125882539	21
-0.080590886176117	0.189793828809921	21
-0.07235087066162	0.479674461469677	25
-0.099424002025626	0.644790057685344	25
-0.058900038336398	0.623682657986572	4
-0.081307337756138	1.44391442938588	4
-0.088608676397403	1.41360813796801	4
0.09604473393483	0.278046619146571	4
0.066672526005501	0.162580143277346	4
0.116106103581565	0.163659642652684	4
0.117472335103319	0.126107584049342	4
0.089850560253825	0.170050212043822	4
-0.039252947918301	0.251969536651065	4
-0.123235332324392	0.243065213858136	4
0.103386973360518	0.111895991645741	4
0.065800258488177	0.151728259960278	4
0.048586690479026	0.224303024353047	21
-0.00498295758029999	0.496413879741329	4
0.123292498286241	0.141763769708414	4
0.044706522896274	0.341075286827695	4
0.110466419203716	0.319446765971353	21
0.071843614960111	0.496911221526819	21
-0.03634787974016	0.600616398856874	21
0.116854849464782	0.217127625472872	21
0.038717161730547	0.369611992792873	21
0.049961595011577	0.233841276560949	4
-0.052984152798631	0.825076419917925	4
0.11106265674376	0.0396671757223606	4
0.097137680474331	0.202111347539095	4
-0.033997645834716	0.298725937594382	25
0.09290644216155	0.149181106078427	4
-0.066558764823701	0.855353204427376	4
0.099626961371769	0.473966431591037	4
-0.111318839834105	1.1453484195707	4
-0.012975461999078	0.261783565270689	4
-0.08562701005193	0.61843681853576	4
-0.07494610631099	0.935005372602138	4
-0.083485753176304	0.288193150723929	4
0.01673730360898	0.232849380679931	4
0.013531568352796	0.288698699015622	21
0.020092530370361	0.425067339964005	4
0.032615263526254	0.341305527174553	21
-0.0321533857008	1.00691765817384	21
-0.012560043913817	0.812616334540466	21
0.078419786550852	0.459535760077256	21
0.121319870715875	0.379018312550529	4
0.091804696923593	0.453784705360671	4
0.102753257056371	0.21553133294085	4
0.090661649976347	0.169061348329436	4
0.063974550327791	0.113279573615383	4
0.063718159645187	0.113460053513999	4
0.009976193461571	0.401176456926615	4
-0.014692500627146	0.406067808272303	21
-0.059076579034908	0.652540015687522	25
0.040353758717951	0.865898597543293	4
0.112061779207223	0.242583678514518	4
-0.101512775825298	0.579089336302781	4
-0.058023784722383	0.649365330369592	4
-0.0340939184103	0.647664378051743	21
-0.038290407227049	0.565274924404272	21
-0.054889302888422	1.1718009104526	21
0.00956803764074299	0.656367641931441	21
-0.039619500394632	0.842646099350695	21
-0.08504658335084	1.07943703393948	21
0.086301304022412	0.403559825456346	21
-0.029695895518577	0.710917472116718	21
0.043418739341281	0.40664098118899	21
0.104959245659092	0.418570115669124	4
0.045359781814659	0.462451533833484	4
0.093918186969721	0.148123167534434	21
0.054941712404364	0.287455700115771	4
-0.059232027420278	0.522262935156679	4
0.00848424227934999	0.592746102293343	4
0.00686029996569801	0.47126861026261	4
0.009856555650718	0.538969712517759	21
-0.068448259086667	0.405333623041981	21
-0.033689466868704	0.993785224517175	4
0.103146049047293	0.439169197431936	4
0.079683958671732	0.491664007779625	4
0.09822098583775	0.413499028661644	4
0.042074722307752	0.550299000309636	4
0.110581702125173	0.310272816276953	4
-0.117648632444372	1.35975757718701	4
0.066386902521714	0.529173027642444	4
0.098487622536869	0.465081860516645	4
0.004761485217399	0.705903311233941	4
0.040458388596069	0.563633462210055	4
0.063469799178255	0.411610696588301	21
-0.011281389295913	0.613523746636442	21
-0.030170159976069	0.801692087921168	21
-0.000484038657101005	0.786734798899215	21
0.057462028412824	0.470282878925529	21
0.099784785519792	0.308099534221672	21
0.036665221132172	0.574383766633405	21
0.105110143246284	0.348499676051945	21
-0.101979052839478	1.03774418415391	4
0.074277588769692	0.35718756097714	4
-0.05905003712022	0.775783261468176	4
-0.027669402022708	0.655620463750279	4
-0.037034820582292	0.870904772231142	4
0.026543121454004	0.545371240616123	21
0.119958939667355	0.296054841253213	4
-0.00175200244699297	0.545462143041307	4
0.120188880654187	0.258714272055778	4
0.00717206119191599	0.671033229051322	4
-0.00914176934328598	0.908173474240844	4
0.03010576976102	0.726810867907051	4
-0.105409964726999	1.44977416002493	4
0.011204053860665	0.669429201417985	4
0.104833237239989	0.368275442054104	4
0.119830679930626	0.305650345745239	4
-0.070266345131208	0.647899962366088	21
0.047185440462472	0.465266823421805	21
0.018462429628778	0.538138318188197	21
-0.02921582850464	0.682280392344866	21
-0.016205628742409	0.77846503479614	21
0.073245551788926	0.522328211848447	21
-0.048030272064652	0.983876232634627	4
0.063900287877143	0.491773733329582	4
0.053038343141328	0.496244229980132	4
0.046407403643521	0.491856987988178	4
0.078075104361167	0.449989128847717	4
0.065053181613095	0.442182315685134	4
0.049846070220184	0.647441842682238	4
-0.028351590420118	0.657785837337274	4
0.079960648386711	0.279490872570012	4
0.01590773888672	0.788831801811926	4
-0.023581316405425	0.852446110959766	4
-0.039110954219045	0.84028392716475	4
0.079538857632616	0.378436635881223	21
-0.090374615208945	0.985141780801994	21
-0.068986310658701	0.992332093651128	21
-0.071272771521055	0.73862379355367	21
0.078365858974401	0.312126437394457	21
0.013843614641665	0.45851850662728	21
-0.008666040275076	0.45766053160276	21
0.003802407207879	0.62558535062126	21
0.082355381965868	0.416092824627904	4
-0.083031064132709	0.989334434627298	4
0.07300115290596	0.465173955750943	4
-0.075904588814667	0.991781158944168	4
0.044114174938875	0.543026072332164	4
0.068247211414908	0.46701274991943	4
0.117289361201416	0.343845370471067	21
0.048373969830462	0.361586817690816	4
0.084956500089307	0.445703586224936	4
0.065542399547477	0.485947797782636	4
0.00117337089880401	0.651989238596333	4
0.080350675236202	0.425863336693341	4
-0.057556509057509	0.953107633890178	4
0.08067790545488	0.389930460928351	21
0.09986880783735	0.362560024800746	21
0.049153139072361	0.513617111247817	21
-0.039620629645303	0.569008113096939	21
-0.089046026539258	0.736999426174958	21
-0.00713848549565599	0.453977497891737	21
0.094205642795657	0.294353877804644	21
0.040113066282239	0.491724993596705	21
0.092897149959933	0.396722168631571	4
-0.030291822099232	0.802279135286305	4
0.063138213159093	0.481632289457459	4
0.046738826525792	0.602932407310009	4
0.047459588199677	0.640441634697047	4
-0.054397562254013	0.974538876195123	4
0.101322797307528	0.466915338239137	21
0.080434662120177	0.564283713605082	4
-0.096653648362836	0.943423571529326	4
-0.088576339365073	0.890159001861379	4
-0.10473680778332	0.823385304059403	4
0.053219829919458	0.38567301022153	4
-0.015717219113504	0.962862986576208	4
0.013946794974855	0.802866446521537	4
0.042736091186612	0.547670362556016	4
0.086825222755096	0.470819942125459	4
0.097631549803542	0.383489334679845	4
0.092845818474557	0.379983000811566	4
0.00998635310225701	0.72143315977235	21
0.00927614621300099	0.500359340835513	21
-0.02241112151755	0.595362355711616	21
0.049727819452383	0.339957003784674	21
-0.040359528609901	0.699624039268588	21
-0.057139446248859	0.619034269428688	21
0.110917173192455	0.245012056670621	21
0.092508807497544	0.335873875481996	21
-0.124108133400053	1.0742156657698	21
0.048497679468233	0.492959501249243	4
0.057339493148797	0.512074166005061	4
0.120393253290278	0.286869323370801	4
0.112790698984334	0.416685873080939	4
-0.099921646148557	1.28175772062089	4
0.072844791507743	0.394845858900703	4
0.016446185311834	0.590304516686741	4
0.019508621677509	0.626852238311594	4
-0.001858240114195	0.701847001220894	4
0.067846553389818	0.406279093364684	4
-0.093687353966061	1.01011222879397	4
0.092016373953245	0.409255978901693	21
-0.012659808659072	0.704379177968495	21
-0.065833719667316	0.852598060258248	21
0.112715962307627	0.268279032930899	21
-0.124763993013967	1.11201061539485	4
-0.066161097067176	1.07781069763715	4
-0.00745922933347298	0.719150249937446	4
0.00100043938074801	0.61329660156185	4
0.063772683350172	0.473076705670826	4
-0.066552370793131	1.14392571105025	21
0.054745460709175	0.531975598940882	21
-0.064915560494777	1.11997499932352	4
0.113495402987035	0.370167124004584	4
0.013345573807173	0.626784356040602	4
0.077149770069991	0.458635721078964	4
-0.111064031591968	1.52130757660385	4
-0.089909079908211	0.92487298861654	4
0.107482554595171	0.285868296519871	21
-0.062285078644922	0.744298026722368	21
0.060186790622395	0.440121975083303	21
-0.089564261873368	1.16315452585039	4
0.016203562175817	0.524481102916183	4
-0.043916855513674	1.03735358099065	4
0.094302287893114	0.220711352667714	4
-0.059722612514947	0.681949270786102	4
0.099369850671502	0.342551712224777	4
-0.081899861836806	1.17857809318315	4
0.099287706496081	0.409737861139999	4
0.113424884075695	0.441900481513309	4
-0.014971210402753	0.689408882181835	4
0.062923864321916	0.469255975010999	4
-0.030789275329921	0.945033618787949	4
0.074838522289764	0.441544531748356	4
0.070325917582256	0.485814629846961	4
-0.064345035012717	0.888463908841174	4
0.091850782540224	0.337628461917232	4
0.114701058379819	0.249141100119039	21
0.020027669118201	0.475622820456803	21
0.035144056577244	0.52982644003256	21
0.122636176975999	0.272830566398763	21
0.057787884354001	0.476388617285931	21
-0.078583743338253	0.933062939787539	4
-0.118590207030998	1.26602266607075	4
0.097903149817551	0.373331785622223	4
0.079007052085465	0.418817223616398	4
0.047405863064549	0.488665694600279	4
-0.083379935455173	0.990834361139967	4
0.016395788766347	0.560406651835195	4
0.078244448667285	0.394602322323567	4
0.053184444983535	0.402563508220062	4
-0.077327537828489	1.02410190782209	4
0.054155881548964	0.424245541142092	4
-0.076569093701419	1.0862198551176	21
-0.014966108187044	0.812610850081333	21
0.068679323286799	0.361337351317753	4
0.093443468652418	0.395016223524528	4
0.095872116655649	0.304514051924492	4
0.09889662804523	0.452873117749421	4
-0.00987269837824101	0.411107653055901	4
-0.101374470929714	0.731168537410043	4
0.111194311988144	0.21463583720205	21
0.09409017117708	0.378318711141031	21
-0.121866122966329	1.08693294586139	21
-0.038186374865486	0.862817959277806	21
0.006945352110513	0.625014824969232	21
-0.025177466514525	1.06855329740326	21
0.028350703821256	0.749548301646212	21
-0.110833844663421	1.41791197968556	21
0.069463388034548	0.444181720924304	21
-0.07679773239631	0.553904540612773	4
0.114268544555694	0.203549443687035	4
0.053552070566784	0.580619410160003	4
-0.068123501280194	0.55350118388353	21
0.02434118741298	0.68013868654044	4
0.00576477705244099	0.650271005808817	4
0.008798073095727	0.612446916548963	4
0.029079071144162	0.628194542250083	4
0.02276519377546	0.729348745379107	4
-0.085388372038201	0.925208196187496	4
-0.077210675412608	0.739174867161829	4
0.058662984444662	0.532964888904885	4
0.041271536561482	0.49656492586106	4
0.00842056013431	0.53209355605269	21
0.024648612863711	0.503545100803675	21
0.067548343985928	0.498992595024063	21
-0.122130533571924	1.23285722114327	21
-0.081046549447438	0.997887248766268	21
0.033552947864838	0.582317070609581	21
0.122282849463792	0.31093177076793	4
0.084589365887998	0.218620715841611	4
0.110790458074095	0.215414718514815	4
0.072140074919605	0.396869987391715	21
-0.02628941596265	0.615185102025212	21
-0.08251249639421	0.797618105815949	21
0.037168986485053	0.564598817254254	21
0.060691948258987	0.345959601569597	21
0.053708881337388	0.448906124837498	4
0.073400309407114	0.452187102670887	4
0.079888003433607	0.421702101303082	4
0.114126085567438	0.377901275246627	4
0.050047118525785	0.642956256026224	4
0.093746672610539	0.389258511500987	4
0.011220745022739	0.545772436516613	4
0.032008113580749	0.639785166355481	21
0.032886937922309	0.559499265936876	21
-0.013389019892525	0.725311558763387	21
0.104799702345561	0.353816396263115	21
0.099122513185013	0.374150372989299	21
0.108023932774883	0.326495423754147	21
0.035637662507576	0.628200947786263	21
-0.013435728559094	0.91714202532405	4
0.069724302223532	0.534090172487825	4
0.034202722717873	0.752650937234382	4
0.067702247318614	0.526416168599737	4
-0.011063388668537	0.612813708509525	4
0.099369406482278	0.409450190743094	4
0.028109391106048	0.563149347521673	4
-0.098846611079242	1.19669916106682	21
0.013465506152335	0.606417437008217	21
0.015369499269681	0.64798118879204	4
0.040646221132359	0.515253250172866	4
0.021903360956351	0.566268369924803	4
0.0284688560745	0.55729298407271	4
0.034481749749455	0.651527168321907	4
0.117245748461672	0.368227298074386	4
-0.013421693532304	0.766922939417479	4
0.019467359901971	0.659013821517841	4
-0.076994627427778	1.2676728971147	4
0.00988488423595801	0.655166381908295	21
-0.086044117207761	0.984818730821839	21
-0.087734208075226	1.12824523072011	21
-0.042037251026013	0.953026734066658	4
0.079087743778109	0.435598220005174	4
0.072660815555235	0.466339452378123	4
0.064289018951746	0.496524282234582	4
0.046352821361148	0.706243611028965	4
-0.058219088086278	0.720828074023976	4
0.115881141064721	0.332680542122265	4
0.078978390818458	0.44891393996749	4
0.124624977128618	0.318272047525119	21
0.085487845345312	0.411415884223005	21
-0.027904392568316	0.805052828237178	21
0.031506115143378	0.649333393891296	4
0.046126412265745	0.500679521620015	4
-0.042171634938214	0.533612114764647	4
-0.044640335411433	0.565723746538103	4
0.077632337164244	0.299150547661079	4
-0.064294140617648	0.649528439205571	4
0.050991492999173	0.664201340232472	4
0.090814244424828	0.518573018622548	4
-0.02230919429069	1.0609243385745	4
-0.043148195607648	0.899828739000653	21
0.00182910604525199	0.558605368287259	21
-0.062078808028397	0.812644982730554	21
0.018730970811952	0.537279070365011	21
-0.092323527236584	0.758617213327057	21
-0.009209548761276	0.606729417400906	21
0.045438498654609	0.595001871549986	4
0.020460780029147	0.71694211552634	4
0.038593696250596	0.369912214016367	4
0.11131390948319	0.365704804793427	4
0.052911489708184	0.580669397535505	4
0.052599198754524	0.672291999187432	4
0.051142677810749	0.599971264568352	4
0.10513459723908	0.407251915022452	4
-0.00922874804983098	0.703402723256106	4
0.117211576356008	0.216430448975341	4
0.081983320518712	0.230766225001712	4
0.029468666777882	0.336570244532848	4
0.063223897468713	0.524349050448964	4
0.084879917504708	0.485070031184188	4
0.051667420599346	0.597830877382843	4
0.080331657349657	0.535980485452006	4
0.054194583500198	0.587423880266079	4
0.029545309448562	0.702003430623305	4
0.046475807259044	0.499544699408075	4
0.001851541224273	0.785428289915358	4
0.028998006768853	0.546500702456562	21
0.080125122808733	0.249472542458957	21
-0.017366903073711	0.396129529147687	21
0.088399948560574	0.258662161137751	21
-0.066608613535828	0.812879169912763	4
0.081131880004903	0.342338300713647	4
-0.06290882052374	0.92311842541581	4
0.088760654061594	0.363139911739812	4
0.039079882749144	0.742804383147959	4
0.011304304021776	0.820021950648051	4
-0.007428896034678	0.729979955002752	4
0.093269391860925	0.446018415688148	4
-0.057474025411492	0.718613768545651	4
0.100132157202128	0.335367416707892	4
0.043745765507787	0.559341155280928	21
0.112694936581776	0.246329570844368	21
0.044669463502992	0.640449489715539	21
0.117353617083641	0.293449413234349	4
-0.061632534664057	0.447338981979376	4
-0.00678293505880601	0.418609517348831	4
-0.053577171625127	1.23391100980953	4
-0.012787448986629	0.874981295161336	4
0.074030232947513	0.568060975759922	4
-0.017303840236808	1.07484393285524	4
-0.034504080681161	1.14471563415383	4
0.099567366139512	0.324500673708386	4
0.039293883817763	0.368368655134544	21
-0.091115473673052	0.611704131082319	21
0.031976423003957	0.342614714169425	21
0.022243177192639	0.480009232111201	21
0.037549948033112	0.648488015774581	4
-0.1100277232902	1.10757299098751	4
-0.101645472285889	0.732194365874032	4
0.124017939158853	0.320176168870001	4
-0.046193002058962	0.704219942703077	21
0.118153552228212	0.291278830893454	21
-0.030305618341137	0.865977860660401	21
0.055641043455928	0.547615164904878	4
0.012416976729924	0.753876240832159	4
-0.118439646124507	0.908848777112528	4
0.026400800116565	0.527119336028061	4
0.121713270680226	0.273558405469383	4
0.064971504538981	0.523339590259302	4
0.078183191842675	0.470701310556891	4
-0.00230471360151702	0.924254206236985	4
-0.046998864567512	1.04183048696838	4
0.109620489178872	0.41684011051853	4
0.067839844300306	0.544554724111666	4
0.00579821615809201	0.686476808987901	21
-0.023584692087558	0.702654806992568	21
0.112092879462988	0.320940021618817	21
0.06918499883672	0.352648070126858	21
-0.041847572363796	0.719503452849508	21
0.122185710368745	0.264149481479877	21
-0.060343185935479	1.06760893202853	4
0.119833349459222	0.321936992344591	4
0.073600632196966	0.535446034604198	4
0.123631668836103	0.318288276597508	4
0.059988175935584	0.551794554351611	4
0.064253916187724	0.502690176056049	4
-0.030109832633992	0.833761137667104	21
-0.088095992227805	1.1038155221312	21
0.066861032505186	0.38072194191674	21
0.00122016673041001	0.876075699244205	4
-0.050592556375345	0.492675968316604	4
0.052632112774941	0.251601431512477	4
-0.069551997761852	0.615982505856245	4
-0.066571179655893	0.741235903376757	4
0.08604220179744	0.549617198625513	4
0.110189873009533	0.436052370359604	4
-0.094230551258278	1.38401904849644	4
0.073668035048798	0.427117620354479	21
-0.037840275990875	0.742627684654708	21
0.075376432123217	0.421813685146883	21
0.014322846074969	0.675628216857183	21
-0.021116741328597	0.794108461478848	21
0.091119955664921	0.42605269297839	4
-0.08278959203816	0.67475287984432	4
0.113310346286578	0.27829602093934	4
0.109306215575737	0.359482338204006	4
0.067630172762844	0.597007607965373	4
-0.081664943764622	1.2233584040761	4
0.074632301190461	0.448085460904537	21
-0.048538981805843	0.799291365957854	21
0.124453109609432	0.297473531600052	21
0.07259378742693	0.569860803809371	4
0.063506038240046	0.622682178896956	4
-0.063285157841738	0.972860029536255	4
0.058456306175731	0.333960376751169	4
0.124752510192157	0.224518881290492	4
-0.02157255187801	0.924903384916888	4
0.117890783702962	0.40718734257531	4
0.121250045651964	0.352424783218754	4
-0.08251537825836	1.05773540532297	4
-0.029944567825468	0.962373450956085	4
0.033240329822456	0.663856629550541	4
0.001558906908599	0.758749643114607	21
0.103448450282075	0.366730999186864	21
0.062642883956483	0.502450816324975	21
0.114431918465994	0.327885326087502	4
0.080799964959928	0.368681450555401	4
-0.047616447513065	1.22370979831764	4
0.115832464147922	0.394525265276557	21
0.082534624833908	0.442231977246925	21
-0.00714396388487598	0.728864342022059	21
0.082161785637866	0.550445636058073	4
0.081548229955265	0.381302490836305	4
0.023013465979327	0.378204781018829	4
-0.09859234673231	0.6080286956419	4
0.104078399777728	0.170783279837254	4
0.10423882624299	0.170560499491295	4
-0.01211204054189	0.362178583320794	4
0.119349850482232	0.202012085358905	4
0.080673761617024	0.473713831490823	4
0.108399539988555	0.485081672777936	4
0.084262989521056	0.531262104262177	4
0.047473760577902	0.580218286503033	21
-0.062869486087532	0.645378488327479	21
-0.089140027393984	0.671816572249576	21
0.116912917306191	0.217007793802973	21
0.033085420957481	0.408965972383567	21
0.037665502810174	0.620069069061798	21
0.089601890739371	0.449322377072817	4
0.015637367419379	0.782806133712563	4
0.09825802119702	0.328088804807734	21
0.024868439652963	0.584077819680927	21
0.094133957709521	0.221003305743844	4
-0.075595666345226	0.582401632076854	4
0.117991391524877	0.237024592084193	4
-0.096873013034932	0.850478718027141	4
0.084243159975896	0.399014891776782	4
0.102114788483966	0.441785416196641	4
0.088792279234936	0.458946867034444	4
0.102891245280405	0.39094478877052	4
0.079350819799455	0.488183950145831	4
-0.054999946010948	0.9774420822627	4
-0.114345955873706	1.52718146508631	4
-0.120661020149141	1.49034463481793	4
-0.060371760299456	1.12888146860784	4
0.00340637356652701	0.745774990225534	21
-0.020039210670777	0.588269683664187	21
0.104907155316026	0.359536251270518	21
0.060304844109018	0.402711916314033	4
-0.020479904769164	0.589696335822592	21
0.055447134686362	0.435842310411415	21
0.042087462462054	0.493949644748361	21
0.08542730475327	0.400973378745322	4
0.035959594848524	0.659229598937443	4
0.118980058870271	0.409152220174144	4
0.050873977526933	0.569851070233022	4
0.047533762743461	0.503912642718315	4
-0.097020691512474	0.975355339943904	4
0.100368393104097	0.306714561458318	4
0.058522537739469	0.533482855628181	4
0.047848776478038	0.611042718275413	4
0.085511923176889	0.462469783285899	4
0.07504842565992	0.440847835947923	4
-0.037691958386682	1.00975019339272	4
0.120645017416012	0.381466705109722	4
0.051601850024985	0.680196342664613	4
0.02303802518226	0.477635381382858	4
0.028320336213338	0.62310966117699	4
0.058040472708417	0.408718377653986	21
0.00117188449939001	0.662811331587061	4
0.08112196357249	0.348918239179284	4
0.045610231904562	0.555418581531546	21
-0.00232888112228802	0.559229423130434	4
0.119142818852547	0.3097205494683	4
0.041194182649285	0.52968742183853	4
0.00181931740097399	0.649566585923114	4
0.072700874062065	0.546505883315206	21
0.033457339005293	0.6875864945401	21
0.037150236074312	0.800779127545459	4
0.028012948836959	0.616059090804365	4
-0.120685817830548	1.55281578607801	4
0.104664537952182	0.416185121055747	4
-0.06108298844217	1.17092819882242	4
-0.031703688888811	0.654553019896565	4
-0.014588312091089	1.10720273620354	4
-0.01540142884696	0.803643177507878	4
0.123225821410836	0.247272291766351	4
-0.094982788672628	0.734038708551968	4
-0.066968359397479	0.770035054344675	4
-0.00258471545600603	0.825078942358579	21
0.099158600169979	0.406139261189281	21
-0.00193317822711098	0.702135509312809	21
0.101656716407049	0.429470444548014	4
-0.059904661910172	0.795044009140258	4
-0.010030002968215	0.746758509917455	4
0.013743840733088	0.644637765629272	4
-0.054054681282934	1.06113318499604	21
0.102047979824807	0.409443430873105	21
0.045508315071869	0.560088652642489	21
-0.102560705740523	1.39028223333482	4
0.096294815572569	0.265286719561059	4
0.00146615221473001	0.622774626912563	4
0.078198319268366	0.388540279693228	21
-0.076259466097903	0.614612196156481	21
0.086902100406644	0.438893369915836	4
0.061092383122525	0.501552273114962	4
0.041710249630951	0.606899304384753	4
-0.118497989120455	1.56394432842669	4
-0.107606986843525	0.978749840663634	4
0.116889665693818	0.399071657033524	4
-0.095298289903498	0.701376147536203	4
0.086443149442382	0.349595329890296	4
0.097181054850366	0.395655182025128	21
0.04934866850422	0.512928081326471	21
0.078162075048346	0.394858628110385	4
-0.090076737807437	1.24915518187574	21
0.119112977747958	0.352302703926306	21
0.107398712277713	0.373467833895194	21
0.11645283670649	0.276805590027503	21
-0.017435117108778	0.918423055131244	4
0.047421301059001	0.422694984795321	4
0.089947653262256	0.389073092586606	21
0.052789306533112	0.489729936630626	4
0.004426302903491	0.550386418361723	4
-0.103240053068825	1.14473046011711	4
0.029465578715997	0.669555573093797	4
0.05330892751093	0.602873146399506	4
0.053742052339318	0.441106772072842	4
-0.00404309508381201	0.648408937499675	4
0.043202605694076	0.498481882675691	4
0.080545614410482	0.375525321604977	4
-0.000238496724732973	0.742000716607341	4
0.108386266134604	0.329881451708862	4
0.065763407809856	0.499782731530725	4
0.00086465722222101	0.737389588757512	21
0.04580828329295	0.586819479961222	4
0.083785235898326	0.406009792924405	4
0.00823856326157699	0.738103790760557	4
0.010334608659203	0.653435267945029	21
0.11296223669741	0.314183228220758	21
-0.087433554746377	0.885724349728657	21
0.044002683894212	0.414294300512318	21
-0.100611008882906	0.970620719991728	21
0.025148267243762	0.555244600389953	21
0.034941284064129	0.512835170570476	21
0.08314349479844	0.43499351409417	21
0.105525344930846	0.331674530264865	21
0.025993721313896	0.432440859736908	21
0.041711883297767	0.519926792718784	4
-0.027451526782568	0.770671781599123	4
0.06867798241786	0.353867078957771	4
0.107494934967979	0.285867412751722	4
0.097978973173348	0.356591822258942	4
-0.119911897139336	1.31435920877607	4
0.05279978891551	0.436037533696383	4
0.117579814785487	0.29279060362194	4
0.066271911073936	0.550975324047448	21
-0.120629625907094	0.965525697869637	21
0.020775020705381	0.613184331909902	21
0.040745803910831	0.489739496791496	21
-0.016007007241748	0.806383527925883	4
0.063528057496896	0.48038676237924	4
0.00968436944630899	0.609572484923295	4
-0.017192243623537	0.593070401494638	4
-0.004083507433225	0.789107944170035	4
0.101048034896776	0.372413723537306	4
0.077299951694237	0.484114027224579	4
-0.048381130515236	1.01783105660252	4
0.086228671132544	0.39298187406432	21
0.121605660574907	0.296860608353186	21
0.06161184458136	0.449898307853521	21
0.00626484771314001	0.589335999384145	21
0.022623971028157	0.663212817838666	4
0.072358800065277	0.396245281787383	4
0.068856397913647	0.306822935495045	4
-0.04972526685159	0.788634803790808	4
0.039969627643272	0.500656931194798	4
0.012379943619972	0.630354477421262	4
0.031175739268498	0.574196710668533	21
0.02992839553751	0.56124383240249	21
0.014304125949068	0.57770771125346	4
-0.032670562926632	0.844667038448775	4
0.047422751769765	0.448138859349251	4
0.086567546207389	0.355296325881763	4
-0.072288112691791	0.940286633487427	4
0.124572757082447	0.300573726780449	4
-0.028338357412959	0.806787728224724	4
0.072987268022993	0.470883337268783	4
0.066094981774219	0.411329038770972	4
-0.056846588352992	0.758857864742889	4
-0.063663038303354	0.910696312812943	21
0.016847025319972	0.803163435063192	21
0.094189021174704	0.43022508978496	21
-0.117590433463587	1.08939444817639	21
0.113373725643626	0.302520789637418	4
0.089740774439703	0.276243932543642	4
0.036367794249723	0.664282584960464	4
0.124053852669017	0.324726395671197	4
0.119038986488925	0.355685105068219	4
0.106541795036778	0.362786349722496	4
0.104938803799076	0.404359676163703	21
0.069180196852042	0.531197315440991	21
-0.094248963838046	1.0595563477695	21
0.029018851720122	0.455550289510258	4
0.07822840709988	0.382194563786163	4
0.073054225648094	0.447384837469817	4
0.039174689146911	0.468566108527854	4
-0.075729669928642	0.839160820555527	4
-0.061971262571446	0.918890455906765	4
-0.034239702005271	0.962000283295681	21
-0.097867867299233	1.15456292515861	21
0.024928430485044	0.583855657901984	21
0.034566880286987	0.735238616624475	4
0.02488162487752	0.64950655069163	4
0.092889504950174	0.23660447379087	4
-0.015941224499432	0.6026473773707	4
0.009577936588021	0.82088625892358	4
0.113060632431412	0.361258083731635	4
0.106507331379593	0.416150396426885	4
-0.03057306002991	1.03062024097842	4
0.053681323736063	0.571345105535536	4
0.096565001373934	0.417529786295505	4
-0.063530259825607	0.818088622512332	4
0.010941516831323	0.660923591880684	4
0.060658303955793	0.37850510651228	4
-0.047878400344669	0.734300362813191	4
0.061017548373984	0.465767159559321	4
-0.017207569531838	0.449044823888724	4
0.098657159766274	0.247922300781562	4
-0.077728903917858	1.25849555967502	4
0.053802132517007	0.567406766809522	21
0.114680738683695	0.290272171722822	21
0.107104888062703	0.333644613147195	21
-0.00627289216183702	0.865790225993095	4
0.014208556625362	0.508739709476137	4
0.086189866150838	0.283850827005904	4
0.019176539389353	0.415869376581079	4
0.093271577389703	0.290492394541658	4
-0.03972862801521	0.674273070777952	4
0.00969769100433401	0.794987281519347	4
0.121021450422396	0.356079488816273	4
0.052437216002382	0.550741016455995	4
0.00232422056120399	0.882821002648328	21
0.101882353803506	0.421299495854432	21
0.032992885619788	0.631347193584307	4
0.096095331325185	0.315277661361747	4
0.115413469783127	0.263848885776332	4
-0.06028183391677	0.82207395776963	4
-0.016802574042191	0.683714232921525	4
0.11112086972697	0.369883218921132	4
0.06140517649275	0.407168080476965	4
0.091274995139898	0.374485946280501	4
0.104404234623111	0.339586652071745	4
0.027949810095625	0.668335073699913	4
0.08417482321071	0.436499026518754	21
-0.000273831895950982	0.716338886407043	21
0.073878360076257	0.450621725210642	21
0.044279353494204	0.585941560348734	21
0.10746736422109	0.332592462285149	21
0.113091380531967	0.323826847307706	21
-0.068975568914233	0.848183201699337	21
0.00737687107414001	0.794600939768103	4
0.094598499427349	0.324743063132129	4
0.123336303466438	0.246994488731307	4
0.081060930601322	0.3554337403785	4
0.090217657467187	0.388239174918879	4
0.031320902671369	0.582023481669525	4
0.035917252142032	0.544114536089731	21
0.118463518484701	0.304230392081571	4
0.123720451501582	0.345171627837609	4
0.124917592176171	0.300989546704323	4
0.114748847439196	0.314905970572246	4
0.117624040216503	0.258610930978208	4
0.111352194724203	0.287887716313358	4
0.097482940772343	0.294984978541135	4
-0.109164255064443	0.850945960477363	4
0.109508037060667	0.258590539930878	21
-0.000000881451464984639	0.807994425123367	21
0.113120109269205	0.404740074584932	21
0.058173856592953	0.392695471996885	21
0.013845029267508	0.487669222371924	4
0.069222090169994	0.345087207686567	4
0.014227708404188	0.497903213464572	4
-0.096983114869167	0.913966795592205	4
0.079017023828245	0.430179591464632	4
0.058590329929597	0.527019797522864	4
0.00690002102302101	0.64619142622055	4
0.071380497218958	0.418860260980682	4
0.120981252395415	0.275498831524038	4
0.076414517646414	0.424459566442518	4
0.056200210865613	0.548241372554694	21
0.075318370277025	0.439945960493735	21
-0.04816788513312	0.774355955946146	21
-0.080856432787891	0.896893051879575	4
-0.011946455031635	0.659482434069737	4
-0.105699476789925	1.03459808585446	4
0.088835279740638	0.374023900199635	4
0.114407131552083	0.266181198190441	21
-0.028025928563683	0.817936373913626	21
0.016379952802722	0.580813067626063	21
0.038609773874697	0.619221708339325	21
-0.019472012940782	0.550975064755191	21
0.100511259810472	0.306332687737178	21
0.117571886648797	0.323656073722393	21
-0.11330605078338	0.912384018258406	21
-0.00177352636115402	0.588118934933787	4
0.000103252389570013	0.463208661084657	4
-0.054674093775376	0.954221220657901	4
-0.031874766849347	0.712897747692386	4
0.00506995010533601	0.652785247557301	4
-0.072135376522455	1.12424466797515	4
-0.113495855287002	1.05960066726531	4
0.124604447970353	0.305355315178634	4
0.058774826796386	0.507123615070232	4
-0.112191349415844	1.15983580469482	4
-0.072117335993224	0.741621910410999	4
-0.038043297442649	0.629612569393725	4
0.076712978463768	0.357640978050383	21
0.042569949874522	0.567557940910979	21
0.081947888078466	0.340306570641859	21
0.122414568691367	0.294581626731666	4
-0.015587520163913	0.518321843755853	4
-0.038319512707213	0.606281520041062	4
-0.027933925627663	0.772620018566129	4
0.108687565065516	0.365347001185968	4
0.034578107292734	0.636620132479439	4
0.107780189660421	0.35065583243011	4
0.035241616187054	0.484893224515224	4
0.123758819944808	0.273902869487598	4
0.106503956190744	0.344239570520421	21
0.121089938097515	0.285001663236948	4
-0.027259539912652	0.875674990026636	4
0.081912499806061	0.386333112769639	4
0.114725192422526	0.285667327875586	21
-0.014779718374056	0.644680990780633	21
-0.034274755709163	0.951017154908697	21
0.118265921911921	0.290937799192296	21
0.042946085951972	0.554803383964505	21
0.01295547389393	0.561477184103469	21
-0.110800344205336	1.23355696689516	4
0.053113903600631	0.450779894202361	4
0.017623535823634	0.520232730070252	4
-0.062454889933125	0.717657284673535	4
-0.030301369879633	0.865834786139296	4
0.077429307459708	0.51725495413806	4
0.033287568689279	0.670602827818355	4
-0.100758631316854	0.940003426297267	4
0.094877456235781	0.358430488788924	4
0.046043211624633	0.57910451661517	4
0.053001454997448	0.54493986629804	21
0.046022966536715	0.501030673774874	21
0.124877904132836	0.332392535884771	21
-0.096582737979696	0.881201403472314	21
-0.080610755687792	0.790788539511871	21
0.098755681397023	0.321444576804786	21
-0.093153983099525	1.03674576172553	21
0.110259605423858	0.386876791140762	21
-0.05237828436998	1.10898055215566	21
0.026898776193306	0.534934810004491	21
-0.022562325784434	0.858911339120426	4
-0.113934878962857	0.914974218489341	4
-0.10899792931176	0.731076687439022	4
-0.064149249026351	0.64914146175376	4
0.029702235785032	0.5349786980799	4
0.093716814107944	0.361951979867395	4
-0.046860821024769	0.867324606951587	4
0.049028086548914	0.54306232018213	4
0.121080104784912	0.302144804815241	4
-0.096186417590994	1.16332093815601	4
-0.056846837859917	0.972089257149494	4
-0.050947927434101	0.92892842341237	4
0.086984599278304	0.365634726624176	4
-0.00444947029074	0.678907069876068	21
0.001941977833779	0.707487752563869	21
0.053697978892504	0.522309340251626	21
-0.079170158548341	1.20151175223622	21
0.072159999542848	0.444165156011088	21
0.095103892840578	0.422758279543173	4
0.02776547375432	0.752326365416838	4
0.111322160356638	0.276451005596838	4
-0.103355467335815	0.70229659153846	4
0.120337255885363	0.200234707666915	4
0.062804011801594	0.514109611967303	4
-0.011238450260883	0.711142528869353	4
0.083249119451088	0.449702518655149	4
0.050813714273278	0.550279003446058	4
-0.018180196172891	0.999401929878893	4
-0.080960542743763	0.952776879408759	4
0.053866539408344	0.493486897502726	4
-0.055389414619323	0.834515523129699	4
0.08228582089296	0.402763188071513	4
0.026602303013238	0.629437351531571	4
-0.007447418710335	0.757535153619286	4
0.110089511312379	0.356830480876977	4
0.076214399192359	0.345388454467031	4
0.123596628407701	0.25053721799308	21
0.088654043379481	0.369051413684207	21
0.094020242282212	0.388385039851392	21
-0.019817652432147	0.669081348749188	21
0.064943403258408	0.556354119625259	21
0.100856936193808	0.305488503100278	4
0.093587448705241	0.466748627679309	4
0.005993338683802	0.863047191836058	4
0.096889402447513	0.45344619863279	4
-0.096847973531859	1.44757991641989	4
0.030420140335453	0.729300196324103	4
-0.098870102503673	1.16944841511167	4
0.119668194207652	0.329367192941992	4
-0.010439487900273	0.833126743450483	4
0.072444212050338	0.510337944718991	4
-0.00379892283016797	0.844952232192677	4
0.009815656286809	0.731219896783975	4
0.116012192845309	0.282386177953497	21
0.047525325436051	0.548584974662856	21
-0.036466365090191	1.08503080771699	21
-0.00439290646027901	0.870153691908458	21
0.057965758750423	0.48281203751032	21
0.087005319139353	0.461364366885404	21
-0.066132920332069	0.921112096990657	21
-0.038725188978479	0.985998147653689	4
0.076936013562897	0.329418176156699	4
0.00724246517162799	0.438853421150965	4
0.041484657736346	0.373250700680026	4
0.104061448108616	0.467521333663514	4
0.098051905772587	0.433882932670813	4
0.023064486249776	0.720672153816639	4
-0.124381715067162	1.59612954123551	4
0.110251314783766	0.251723188884709	21
0.103012216593494	0.317429586682145	21
-0.011932123481251	0.923775242595848	21
0.108529652379866	0.426069108359028	21
-0.00804563722007001	0.822322675730847	21
0.042393121352407	0.675824027919249	21
-0.027384724021232	1.01767592085462	21
0.115350843986821	0.357117610951619	21
-0.022508602608473	0.913536708418996	21
0.108290548632438	0.231491579778117	4
0.023678818918267	0.438370874326304	4
0.037673646917394	0.371872417482829	4
0.095545462365192	0.412641042911671	4
0.108072692124606	0.443185847519627	4
0.014130170348705	0.769903303983129	4
0.082845252287106	0.493055762774764	4
0.118187847569876	0.268067889891775	21
0.07837967079684	0.312126812108149	21
0.111153450178131	0.288366083142692	21
0.018196840152963	0.51848707085861	21
-0.07799307931783	1.02712137453429	21
0.023796290773191	0.437998623734131	21
-0.04118350068946	1.08011271126345	21
-0.000167433775467019	0.866599957282811	21
0.022827844935026	0.818186008688525	21
0.06242675706438	0.536344224283582	21
0.02452470253968	0.702374694057187	21
-0.112512366454664	1.49730347289643	4
0.034228396529133	0.532833852911664	4
0.073848251855067	0.36506902267471	4
0.058783974678808	0.742911753303659	4
0.014436708454697	0.856053061557694	4
-0.120603336583928	2.04921434695182	4
0.018347235137395	0.885610328112821	4
0.01446758089925	0.833630623579117	4
0.01675605050008	0.700470585633377	4
0.101139682688353	0.224503844779081	21
-0.111564205291265	1.40539596140653	21
-0.058233695496011	0.593992245496013	21
-0.119311757039515	0.995333152601277	21
0.02347533825859	0.551434611338674	21
-0.105643300745203	1.50722221029075	21
0.085292069840836	0.528431754466058	4
-0.106397966953095	1.13031068014135	4
-0.066359071592196	0.367319425514439	4
-0.025455873527277	0.39532267220211	4
0.108392744246171	0.456464432370721	4
0.118027810019169	0.391827727399155	4
-0.040949905961511	0.59778027455926	4
-0.0247025446082	0.47428979112974	4
0.124483978844595	0.22508234439389	21
0.019749539194085	0.362087438659459	21
-0.081765534645726	0.7345451711365	21
0.100224494463624	0.330040665709002	21
0.069816707392096	0.63290214560377	21
0.085800044438604	0.530041017761952	21
-0.073274750248184	0.92781822939898	21
0.092290029389987	0.408342392639073	21
0.065447680240646	0.406155407031724	21
-0.068656433098693	0.941076630574781	21
0.085028843075683	0.529672920536487	4
0.071487631102624	0.519162207328145	4
-0.019080298437438	0.842961352985708	4
-0.121525314496388	0.572835655241879	4
-0.094587619463276	1.68570753102713	4
0.018741328732012	0.591875559843929	4
0.039877441997143	0.483888752634036	4
0.05508730779209	0.413672340725444	4
0.031056286236216	0.787464160393103	4
0.010355754307509	0.987784369695381	4
0.074859606813376	0.493084476767846	4
0.103747037932894	0.310452990262544	4
0.081504285155067	0.347884607607996	4
-0.10796387814515	0.914536810456594	21
0.088293084624227	0.27935468203494	21
0.053394551726121	0.418378656637985	21
-0.073090302902156	1.10723694631099	21
-0.037756302425394	1.17522785290206	21
0.116076168257807	0.447892223972451	21
0.074195518703968	0.377784797366724	21
-0.027491768030016	0.737197505438629	21
0.029878489520735	0.463065269232952	4
0.049503206491825	0.637432172678109	4
0.12437754833508	0.356908156955776	4
0.106334350740763	0.436528043469935	4
0.119274749719411	0.354869208810428	4
-0.094613830898046	1.12834842914162	21
-0.024978285078681	0.887338103888764	21
-0.00832761362830298	0.838594206646392	21
0.046424262328202	0.620447327872824	21
0.048123684578887	0.683846235814252	21
-0.011164017946348	0.779337377564455	21
0.112464989911632	0.345537523846576	21
0.059949014315219	0.51570441219698	21
0.034956161974697	0.568760728510433	21
-0.00689068150099298	0.623199059811757	21
0.060469192912691	0.40189564575031	4
0.069092975117614	0.345390990342372	4
0.098994599669842	0.422602354901644	4
0.012732388004974	0.82448516198553	4
-0.01279209853527	0.839815888876924	4
0.021962358023046	0.80903464335228	4
-0.057711249329145	1.16469888788636	4
-0.00485356155383898	0.766756499848305	4
-0.027335867388831	0.857621434472952	4
-0.042646818573418	0.783026435437419	21
-0.0295231596594	0.90377472443418	21
-0.09684541041812	1.2036596940215	21
0.065081174133988	0.499779992088417	21
0.047917038536676	0.585097125959099	21
0.09475351259288	0.318743672083469	21
0.054207572809746	0.630314574333478	21
-0.0905824804251	1.42667688493633	21
0.05451678000802	0.51934356587032	21
0.032077991365736	0.595992716642846	21
0.036023605894232	0.702384480183051	21
-0.018345459105411	0.676697612274475	21
-0.056200163996356	1.31840842000138	4
-0.020576871907456	0.717151595126084	4
0.059789584122388	0.372700178838108	4
0.00482087300349299	0.912298456742209	4
0.123764875951628	0.311297648679227	21
0.114299362451883	0.341238737199831	4
0.030827381307394	0.716644541927479	4
0.020850131168046	0.612888057853677	4
-0.097374653229217	1.23277577417941	21
0.00946586582810699	0.800948475506952	21
-0.011583443916267	0.741908524084251	21
0.122385223948927	0.315506959183457	21
0.099224765713031	0.455128745970121	21
-0.08875638833158	1.4073078952542	21
-0.078591384952444	1.0132541389344	21
-0.121917277732601	1.46082003482269	21
-0.03578427825608	0.897710461534704	21
0.073591220149013	0.358907202261343	21
-0.029981239636542	0.894517743590017	21
0.012307476937408	0.620333600555407	4
0.07544648015328	0.534178500037614	4
0.068608995841413	0.571290240622017	4
0.094242642771658	0.51738895085931	4
0.049743492334885	0.638804637345504	4
-0.092249368389007	1.62303508800061	4
0.079491387258738	0.487648824571672	4
0.03108508847248	0.702030530227504	4
-0.011502599894642	0.780825751459233	21
0.10541505170629	0.406286026392695	21
0.054131875581447	0.534232930858017	21
0.037988412264064	0.676982537907498	21
-0.108201756148914	1.2383592212917	21
-0.075264731765411	1.10353970112184	21
0.09640520507343	0.436064972135893	21
0.098330139348278	0.327883949621312	21
0.116838059020991	0.377013350192062	21
0.116370320822319	0.346899503862651	21
0.108050755534509	0.40514083524301	21
-0.110783449263285	1.16209498557191	21
0.064131636609102	0.578323452651846	4
-0.02951465298302	0.855257214733972	4
0.035086899069183	0.634489325744982	4
0.10606882403758	0.417831789096242	4
0.00408835864666801	0.645903878172671	4
-0.079802018572879	1.0612096995154	4
0.120282198267592	0.33557110440098	4
-0.071460402817348	1.59691950988799	4
-0.122998634526829	1.3528938349356	4
-0.022622126723036	0.971365881080387	4
0.037348363940418	0.628514636264062	4
0.033865190902951	0.654160056642515	21
0.115239757297562	0.441526055011444	21
0.113405685743787	0.331017202725528	21
0.092936693929074	0.447251233302052	21
0.023732153541535	0.569567482244709	4
-0.00594548947545098	0.57725060929005	4
-0.014091022368957	0.808675496485201	4
-0.094197694907827	1.09826394676586	4
0.114022075582074	0.385993646212969	4
0.094033465873683	0.443126662072739	4
-0.042961794171268	1.02582583262909	21
0.06734933976595	0.499992225580617	21
-0.01803692251454	0.842484915333162	21
-0.018294994103838	0.833567245871858	21
-0.031746725570827	0.932264055749952	21
0.114809152091274	0.304727548415398	21
-0.041310607892988	1.05254392953311	21
-0.098081326237134	1.52311719707957	21
-0.075525900148772	0.810195945955418	21
-0.032192476684924	0.922900742443787	4
-0.00339552725201198	0.697064377334042	4
0.123222821805567	0.361026257781441	4
0.113728885731279	0.412962221932807	4
0.123454151138444	0.403263796523777	4
0.037298135771821	0.72092177619494	4
0.109449785063691	0.425571851605659	4
0.110523651520966	0.444683271189904	4
0.010557182891837	0.775099242039547	4
-0.023044675366511	1.05616322259268	4
0.09797641749453	0.414288111383097	21
0.116313890512799	0.371488863322668	21
-0.045116558551934	0.929500920180592	21
-0.023025686043284	0.746092727897348	21
0.049787364359135	0.540295593981302	21
-0.038388272363588	0.966269620217298	21
0.017840902997148	0.819331054242375	21
-0.058327173719186	1.16832522238136	21
0.00438816345967399	0.782834544685842	21
0.09868210940173	0.407799950702566	21
0.12148698567317	0.339353203615993	21
0.119552074799679	0.32973701390178	21
0.11922415202378	0.298137789662997	21
0.106915240679112	0.495982230551892	4
-0.117993637507506	1.59440029517266	4
0.105279843757654	0.395818776306861	4
0.083787253986117	0.368940107488919	4
0.00705243107040401	0.482942673468209	4
0.053258539334038	0.569505913480106	4
0.124789988283316	0.417253515031185	4
0.113789141353728	0.450531528422695	4
0.062837019689408	0.654348979141111	4
0.016718114427471	0.986603259750427	21
-0.048518114617521	0.874388559988164	21
0.038570976373397	0.543269845158274	21
0.111704647163547	0.208129738167942	21
-0.00919889932781998	1.08430865846195	21
0.05051027968166	0.618050423626701	21
-0.02643565491434	0.811283418606092	21
0.025545267871936	0.749362021632848	21
0.092791820041014	0.459976780761114	21
-0.111360468252093	1.61119120456757	4
0.070543415281545	0.618638468781288	4
0.021913362073696	0.868025154314693	4
0.037858005331156	0.592970968558511	4
-0.048709594800137	0.860691297657185	4
0.118430603116411	0.308164468328628	4
-0.023842116633712	0.781218990412908	4
0.050388438820806	0.670135725017202	4
0.10413624723695	0.469016778743891	4
0.031883350637261	0.680617585690215	21
0.053239766528924	0.614642977206753	4
0.124237720051514	0.391668267446391	21
0.09133917104122	0.475788265494331	21
0.008066168480763	0.747409826306458	21
-0.102401604426575	1.3051843496204	21
0.122112814608264	0.337251492946271	21
0.074115441588609	0.437929742526685	21
-0.00217310015121802	0.863373423092588	21
-0.012924515752894	0.952014897930395	21
0.122344773218006	0.364232457104165	21
0.070114166720713	0.522341179923295	21
0.042668045109485	0.735852748493011	21
-0.00183346158058501	0.921641320681596	21
0.069490503118992	0.480654640663541	21
0.02878694536008	0.519423622078021	21
-0.074002861561677	1.15677939815991	21
0.108351516010834	0.309791597057767	21
0.068863624222075	0.565389113450172	21
0.02561765939418	0.716391754664245	21
0.023145825313469	0.727649525600077	21
-0.02522482699414	0.98501007050693	21
-0.073956222381253	1.04904621358047	4
0.011635920853481	0.749021685616197	4
0.114847429352314	0.379910260504635	4
-0.00454452954984602	0.81570859002845	4
-0.066461297969172	0.971653694735525	4
-0.041395195316037	1.10844237717374	21
0.074037494669693	0.563646726416744	21
0.046419944417342	0.645113697183331	21
0.068558791234786	0.512333129922167	21
0.102728214997988	0.465682013650971	21
0.071030903338291	0.419927705201575	21
0.060718834390123	0.548922476659445	21
-0.00451033199870099	0.893432071395918	21
0.085819619766892	0.447477452865605	21
0.111822219422499	0.355011213817175	21
0.068556225623311	0.551803168168781	21
-0.048724948308512	0.69696999236085	21
0.043637318425027	0.785652342916067	4
0.078833789625085	0.633077796210334	4
0.090147261191208	0.468430042339261	4
0.024345745656088	0.76179268448418	4
0.038940803075445	0.701233734608146	4
0.067715335657035	0.63026695840003	4
0.048827059623369	0.699494463689666	4
-0.094270621152543	1.49548633708457	4
0.06610662990221	0.498503342257842	4
-0.00225658304888399	0.800040237032232	21
0.064797507753155	0.556926217157314	21
0.025959322332507	0.764479189218204	21
0.079583527365332	0.487174690488784	21
0.10762093099016	0.355282116966823	21
0.092741466890954	0.426737487001071	21
0.026096652547238	0.835858384135472	21
0.088282970623145	0.494233115368176	21
0.101697803513368	0.450252699363356	21
0.003930409453578	0.761946653505411	21
0.105078924147947	0.344119509768671	21
0.061805190394734	0.398586955235082	21
0.122933169428918	0.305499038406913	21
0.105560876203885	0.347023870072361	21
0.071617414302867	0.398347103187044	21
0.003897800207882	0.673635601330808	4
-0.078162310068135	1.66765547602032	4
0.049496924406887	0.616363974609428	4
0.114905054783473	0.371845802168094	4
-0.02155289724475	0.918965548168597	4
0.00726099706038899	0.781827796884507	4
0.096982385912353	0.531583206826744	4
0.089202887315195	0.396580411913048	4
0.107382016603026	0.430552978659632	4
0.113610603452504	0.347201981038166	21
0.053980810967173	0.660829106087853	21
0.115115768081629	0.375744175542688	21
0.103986863195741	0.336179811968089	21
0.097922180079134	0.441818151723158	21
0.040903772429117	0.666691590275209	21
-0.084170716038225	0.966228655457644	21
0.072968271031467	0.482022467636615	21
-0.032610598944787	0.970988192376197	21
0.099232221040368	0.285165482574541	21
-0.02854287788701	1.17170975202211	4
0.02670134238185	0.554052568251108	4
0.111763131974962	0.379559537517005	4
0.110640192303316	0.36794915045869	4
0.115566733004407	0.395531812979213	4
0.117911228258716	0.39225277912756	4
-0.000970573572094013	1.00616864019386	4
-0.095981726807647	1.4029483603404	4
0.004619209505898	0.841800777258242	4
-0.010799401554998	1.03863771602899	4
-0.045614587116862	1.18373580218327	4
-0.060337347437764	1.2599997057359	21
0.12282301324128	0.328663051675609	21
-0.021814837890591	0.785126661504563	21
0.093391485657642	0.437275606594772	21
0.123648132065327	0.368739091289651	21
0.084816079779997	0.360091676424917	21
-0.01429044550428	0.717549251602398	21
0.114157687922395	0.328709238058424	21
-0.026169940450261	0.711868450053057	21
0.030258291009299	0.646889353345346	4
0.044532316604027	0.760785892556555	4
0.092958227803142	0.419656916551253	4
0.113856926581568	0.401944624829141	4
0.052449198078231	0.652151423114497	4
0.107560958255811	0.465704751854331	4
-0.033621158635218	0.976455944548838	4
0.100611123366586	0.424196011093144	4
0.088119742842265	0.441158708238706	21
0.086659322965058	0.530224340846655	21
0.017427210890579	0.697775261673854	21
0.079399351276867	0.483205061484423	21
-0.045839357559843	1.18515624704179	21
0.109072184462935	0.229936878211386	21
-0.05188822556369	0.621773040149651	21
0.097057364378488	0.3899099998044	21
-0.013812336539676	0.807574449985151	21
0.110158261461619	0.430003901677263	21
-0.055772808817284	0.820575958221535	4
0.097194267060837	0.389463346256606	4
0.021263694828859	0.568409900118036	4
0.057891110637872	0.591683871318154	4
0.00827728651451601	1.01970240444372	4
0.112413669918533	0.488016755168231	4
0.018450515137022	0.881682921684029	4
-0.030338940884241	0.822132856861489	4
0.032285084024847	0.746172490533343	4
0.045354145004631	0.911575136618267	4
0.100901475087481	0.428640479746634	21
0.013831365003595	0.634703558760532	21
0.052216236597301	0.513469103586898	21
-0.00973340834207698	0.845398099555949	21
-0.000602524779507008	0.733526125336265	21
0.00719875651499399	0.8644662309573	21
0.082328786040496	0.527375631006756	21
0.11881382852279	0.390050227009662	21
0.089686011415051	0.431096278334726	21
0.078060024428831	0.438972006789439	21
-0.10826656715438	1.05708523820422	21
0.016583750847372	0.920936060633684	4
0.107918152980069	0.267411653693918	4
0.068932342393076	0.338152221092358	4
0.076288528368458	0.345030711644344	4
0.065821844521201	0.652847487248322	4
0.053890162007311	0.666388338979751	4
0.115345674877014	0.410714382677379	4
0.045188059006741	0.650456858479336	4
-0.00334106018984098	0.68592754581918	21
-0.034306126798283	0.610052579626645	21
0.101282433450945	0.386382897409299	21
0.080638161715716	0.483383142451452	21
0.021253633061953	0.805004701821955	21
0.100132833624511	0.435196921687754	21
-0.027719744766116	1.00965005165343	21
0.050412942784283	0.630129538280298	21
0.094334317334148	0.4395104589496	21
0.08269041145391	0.475634883824406	21
0.015822187195027	0.58253563387378	4
0.119928683165518	0.385852897922426	4
0.021209935196869	0.853158499151036	4
0.074220362497164	0.636652287669195	4
0.120471482982674	0.421319798044219	4
-0.04875279971389	1.44236570758161	4
0.086126224263183	0.362398713040684	21
-0.00576765658175299	0.619553529633613	21
0.122622977060161	0.309902114997107	21
0.089010387055047	0.44709429029386	21
0.084001963345153	0.49909547004035	21
0.073070150126365	0.579125388492935	21
-0.010690847012996	0.849782280540297	21
0.124065699531253	0.324647886753289	4
-0.070405694308727	0.678022115016471	4
0.03175408703374	0.412200681803194	4
-0.043981273550071	0.735750471296019	4
0.00547520672816099	1.00881431980235	4
0.099114701960626	0.517005953695247	4
-0.015751071185563	1.00861010874377	4
0.124909901193148	0.416734012612783	4
0.039153671833578	0.721775729100749	4
0.071927360708734	0.403860054744035	21
0.065464669526127	0.523871671868774	21
0.088499950853121	0.369514477044669	21
0.111280451689366	0.449824696850233	21
0.053307799305537	0.602850912367959	21
0.063770080298356	0.645411841272667	4
-0.111933276795351	0.578046007061106	4
0.08525668872362	0.201514164366928	4
-0.00639754523813002	0.452386710688952	4
0.104336988262129	0.516004744740722	4
0.099911661330321	0.487380326075444	4
-0.094291580579229	1.07079789339738	4
0.11436436951396	0.310185280397536	4
0.106757652470549	0.554392782242238	4
0.078325022609513	0.682947896860904	4
0.025646926912852	0.812656396393311	4
0.11103791098411	0.350086163493432	4
0.07809351740373	0.275766281936572	21
0.090738676889745	0.314748291136285	21
-0.00410064732795901	0.552255073767685	21
0.020754815241849	0.371680756888728	21
0.108681432253993	0.18708616884183	21
0.111056233274428	0.29783773253482	21
0.00746287976746299	0.596137866015123	21
-0.081816139661481	0.328008184227772	21
0.116950299401593	0.188120986010559	21
0.072681084410567	0.668965294462673	21
-0.122962389686151	1.55105115533533	21
-0.033304883702312	0.916806007291573	21
0.087961198896894	0.584453214465095	21
-0.068447019742479	0.405344091073074	4
0.068372511409402	0.182317753319468	4
-0.066529759564499	0.519581169371809	4
-0.075290608866291	0.642591881484916	4
-0.028027419911342	1.15066977632554	4
0.105207293226799	0.386900403434786	4
0.11678895964141	0.530349372405179	4
-0.00178118922090897	1.07577072558892	4
0.062975067426282	0.684566170020341	4
0.040410503392871	0.68500142741161	4
0.103044666177448	0.503069936471596	21
0.043803785779	0.871274004944316	21
0.093293199221836	0.363201661080688	21
0.122554353045248	0.329489831380983	21
0.053937957035022	0.424860797023473	21
0.106400903383762	0.350633003451997	4
-0.068523442024022	0.405422237033821	4
0.111799260571541	0.237818359176524	4
0.05387411128002	0.408928890766644	4
0.105014853464455	0.471294424288581	21
0.106805201902037	0.556887028181285	4
-0.070379099834231	1.53646664842491	21
0.070457241790344	0.560663668842687	4
0.00333341550347199	0.327169000484412	21
-0.053246193266109	0.625578518892113	21
0.108316043864979	0.417369439409204	21
0.037559996686595	0.56315071903976	21
-0.038475379216713	1.17030288999493	21
-0.048833482170451	0.838518745090416	21
0.064604596100408	0.482970965724161	21
0.059278736308356	0.457275849105924	4
0.092791190185442	0.157960038994693	4
0.010170975318344	0.225166887804816	4
-0.070458555112961	0.648371239941164	4
0.071815800002422	0.50232828232558	4
0.078721518254005	0.318409837657552	4
0.091839377038919	0.661194907668443	4
0.120648967169237	0.45488495499007	4
-0.081265335739434	1.15164190083339	4
-0.025355606644102	0.514261263247452	21
0.113552723838219	0.379932195739807	21
0.043602682146305	0.323964728632541	21
0.00967478583933601	0.343811090580476	21
0.089044620852937	0.264279496500603	21
-0.06094311637185	0.446043606799194	21
0.103614685238482	0.214018764219271	21
0.023093372275627	0.508108691967696	21
0.091445720411853	0.300807076020072	21
-0.123188655539836	0.367542258091981	21
0.045593114143518	0.216341626136436	21
0.039534230891135	0.896268100209816	21
0.101674395307812	0.273897234082856	21
-0.100912659983519	1.09348271304268	21
-0.105640621406074	1.56917785730689	4
0.00975341114283701	0.225632128569064	4
0.033700698611356	0.805873793233496	4
0.039724740052101	0.49294936919793	4
0.117457480973421	0.544908025259626	4
0.063515545560407	0.876155596406357	4
0.117694961509983	0.378715674492121	21
-0.00833845377153303	0.931634185214534	4
-0.013986742713886	0.56288956162021	21
0.048229054100782	0.361917135483729	21
0.109768388013022	0.217208234701224	21
-0.029731863249049	0.470545724530721	21
0.118015746561679	0.268485986619393	21
-0.109825792865333	1.59218773803852	21
0.00951875691158099	0.280166757750697	21
0.115600650416842	0.433790271516527	21
-0.025823062404141	1.35228239807307	21
0.043666378777595	0.970335249857047	21
0.058642551451787	0.779546952655269	21
0.11993840754409	0.45085430734102	21
0.081839813667674	0.34064540249002	21
0.018327347304331	0.593700820691305	21
-0.124231508632335	1.55928122797076	21
-0.00509209030625302	0.731363303353572	21
0.104740123624455	0.16986586604491	4
-0.060309183590479	0.412568260223829	4
-0.112696271354531	0.540137352144824	21
0.002564386265791	0.799838421395281	4
0.061552845919725	0.693711941433151	4
-0.075411414459587	0.979827765714069	4
0.074404824098259	0.532168455379332	21
0.116285833520064	0.409743277958563	4
-0.00874060592054998	0.752385545724816	4
-0.029425291558695	0.385787451773881	21
0.092962833729497	0.2230113827838	21
0.019011562962691	0.46752781439271	21
0.094655390685349	0.281234823724262	21
0.098047632479428	0.414103950217211	21
0.040534291514451	0.930219681298474	21
-0.019299695178724	1.35154071167927	21
0.113502125793563	0.459266068394415	21
0.044037505087772	0.206141034378162	4
0.106086231715721	0.16092948544725	4
0.031243706236348	0.402990227136099	21
0.037174244334357	0.876006050156309	4
0.047566906300726	0.783799609254936	4
0.022361351039264	0.664154200767134	21
0.100799637083258	0.615376487124708	21
-0.073953198104982	1.7095194029063	21
0.05977405753386	0.689477128408491	21
0.094035962908032	0.462966291073548	4
0.098188458067264	0.42559645416242	4
0.112569570416288	0.369917263823312	4
-0.024895203878884	0.435667268546342	21
0.112612286675578	0.241424036792737	21
-0.104691350966694	1.12192362907489	21
0.041526225763342	0.520549533749415	21
0.013279077656121	0.54995139235944	21
0.113043197254166	0.327802214320116	21
0.107874449459815	0.480943748363888	4
-0.028625217978383	0.658707513049147	4
0.039036825747156	0.290569251343372	4
-0.115715527693875	0.40348112489362	4
0.050532991230675	0.244011785711896	4
-0.099696420633195	1.36410049902778	4
0.071714421549302	0.569185471142677	4
0.124415758491392	0.483366006320425	4
0.090821240934992	0.524294924567397	21
0.039240500427923	0.74481082420371	4
0.087675181288722	0.500687642840448	4
0.111785092316871	0.207999517566508	21
0.000671257510712009	0.381984254575618	21
0.121955940714499	0.234992066336298	21
-0.047023012576669	0.770187046862878	21
0.027072542138632	0.329718195684668	21
0.010271427648322	0.597050637869723	21
-0.038105332242505	0.895789271652291	21
0.060956693365144	0.623004339929168	21
0.040588292123987	0.455577228159542	4
0.104288808626916	0.170474303771448	4
0.093063176573789	0.149009807835606	4
-0.081083607553079	0.365606808282064	4
-0.039504923828194	0.33663891462196	4
-0.123595136089505	1.31499987377168	21
-0.021080255288061	1.51695120303722	4
0.021897521439513	0.986404752876206	21
0.022206634323637	0.831502477916504	4
0.063647223115588	0.553831462684779	4
0.098488578284856	0.350133498177891	21
0.023299869106712	0.477016353840397	21
0.066675927537538	0.665529218375734	21
0.086297571548424	0.604259748022324	21
0.081852231017185	0.434080572167965	21
-0.044009060882231	1.03095642984104	21
0.036414743817678	0.827075417749587	21
0.076700762288168	0.595465898562247	21
-0.046541217972626	0.294400694853452	4
0.025583537515025	0.320647051959131	21
0.097577054232651	0.554248058631534	4
0.118530063305783	0.329430782067819	21
-0.013952489698638	1.02473399088971	4
0.016920049696872	0.890293335880712	4
0.07331849293214	0.393474703989735	4
0.097812261497076	0.318508708218032	4
0.056189411399262	0.303435006745749	21
0.050146025939893	0.357616145312661	21
0.084481981330842	0.307937919616646	21
0.106069876047498	0.276933099922662	21
0.086838197934076	0.336639398213212	21
-0.026141686311605	0.698665558674702	21
0.113837476317772	0.315853043368888	21
0.053570589170933	0.565470156082058	21
0.101354104684947	0.400200696727234	21
0.084846380058423	0.326637710819327	21
0.056470150678204	0.793720749502031	4
0.120877733034473	0.306402268952247	4
0.055726461863447	0.276491692839565	4
-0.102874278152703	0.916386682036094	21
0.029130225179935	0.967120382856226	21
0.121688906229031	0.439391316188622	21
-0.02567061695789	1.16215034785852	4
-0.00479768321170698	0.496035052411925	21
0.000364480630198005	0.828769915851018	21
0.110247752407733	0.452440982106191	21
0.122557695646559	0.425993782658892	21
-0.025299241923184	0.62613542143261	4
0.030892782145692	0.45034162629903	4
-0.026058931333566	1.33970098335909	21
0.081636559138555	0.702588887783488	21
0.063903198276069	0.787016995694559	21
0.066360736378049	0.687232546493512	21
0.014533481111431	0.79230886404415	21
0.087666005215011	0.411794457596724	21
0.104098347251476	0.414684506896281	21
0.067913512897378	0.600319162874234	21
0.033600327426122	0.59820845046675	21
0.108233113974704	0.424046513988481	21
-0.00561990614402203	0.876689245877435	21
0.016131431041138	0.961115012968261	21
0.079756137959851	0.404637014247811	4
0.11320048149818	0.415033044192171	21
0.107582766690757	0.469989730520126	21
0.061190091860678	0.6853581109009	21
0.018374053949987	0.968475041594296	4
0.072125173612952	0.562492508668598	4
0.079378303749192	0.624744998607305	4
0.099995664360197	0.411183764149591	21
0.090392617125261	0.382433251668095	21
0.123942689873927	0.286522577201266	21
0.078665178398322	0.4935826366275	21
0.086211226702224	0.403822834993841	21
0.03686542840859	0.637575653446337	21
0.058447519083922	0.333952366278258	4
0.088478428602363	0.612372231624394	21
0.091404590668865	0.561421415313626	21
0.116208471625135	0.419572889373767	21
0.061351756150107	0.616244740073022	4
0.09660581685051	0.427341919076854	4
0.116912867261706	0.294683854273151	4
0.028382207457079	0.457287204742694	21
0.00324856872332799	0.480666148876261	21
-0.021294892226167	0.707089034829602	21
0.097873793563229	0.36861384688055	21
0.117249118926922	0.321002489137557	21
0.05454175949612	0.591869849972488	21
-0.067721058084602	0.745179275522508	21
0.00835537853521301	0.884966269323964	21
0.045773160536371	0.672264701496829	21
0.11348956803008	0.433545202709849	21
0.058601744407098	0.539292248484484	21
0.00847604247397901	0.71379727460578	21
-0.00626626172006201	0.763105981586442	21
0.096100472500131	0.45855388544326	21
-0.015766087704919	0.723404852567848	21
-0.072786813064369	0.714672913952282	4
0.012429629291323	0.822059308716759	21
0.032902733313231	0.88934681006503	21
-0.080995344806619	1.33496763572987	4
0.074721387082506	0.376323182006308	4
0.076545812477157	0.330593972009027	4
0.054482346028748	0.42331360124198	4
0.097723410101033	0.24338859964109	4
0.055011202298004	0.429621519701186	4
0.082460586677602	0.325931856493018	21
0.097724946639781	0.357360221535667	21
0.115127289094321	0.441010566480119	21
0.074067847469911	0.591510377957992	21
0.101108382107473	0.45931071976865	21
0.01603506342845	0.89888989939139	21
0.104755861226757	0.358288923453877	21
-0.094253767053509	0.438012503174942	4
0.067766206729789	0.250736759687305	4
0.088149055433903	0.292970692319931	21
-0.097402194322421	1.03680466711151	21
0.064577359091747	0.60871993328967	21
0.084661826492164	0.659089156956318	21
0.123256287585326	0.459862369170414	21
0.077143687654026	0.652208080572631	21
0.040868962833849	0.497853047713547	4
0.04558911400134	0.436479976294049	21
-0.037444267036245	0.777166813529971	21
0.007130100350664	0.960882571933864	21
0.066043354979098	0.680905152240359	21
0.104277028148081	0.509172524471498	21
-0.00835466351281999	0.711388897526299	21
0.090791678389496	0.391553404687566	21
0.047565050547897	0.511524170551119	21
0.083727396539162	0.44799252258291	21
-0.120466339161736	1.55148826110952	21
0.039563004774304	0.449561680217781	21
0.097069837293605	0.195107629282911	4
-0.069520588393917	0.441101554964031	4
0.01194277101745	0.352746605852817	4
0.072942027723901	0.39450912888854	21
0.055409799640552	0.841458423712169	21
0.006495423391155	0.526475613897886	4
0.112390184470361	0.264260259173037	4
0.035229108523273	0.273868285431721	4
0.011438718829176	0.545094280607587	21
-0.028060104034649	0.692026565310598	21
0.107984233037176	0.284675750709468	21
0.117129931812136	0.469924567209608	21
0.077568893648224	0.706526505772828	21
0.103434952351255	0.548715200021555	21
0.091968341869736	0.372418390453321	21
0.112956359886202	0.378726974083438	21
0.049401481175435	0.616787236824704	4
-0.109325129801444	0.73200381902557	4
-0.00620518233788397	0.366733789283428	4
0.100941538353208	0.616858982632917	21
-0.041954352169684	1.13411531931696	21
0.124667458268404	0.522947855653531	21
-0.029817136711198	0.684456391566391	4
0.046179683282235	0.328525507676997	4
0.081811853723205	0.231040918456046	4
0.030439036225372	0.461564813703507	21
-0.015485839412478	0.481743660873739	21
0.062330312324626	0.464437082548757	21
0.112938596577538	0.465633320865726	21
0.041790368370985	0.754336661613125	21
0.06385361336286	0.516154925823195	21
-0.038630238318848	1.02572439085672	21
-0.012199256779724	0.934325458505001	21
0.078847432691336	0.380443103727506	21
-0.045470413169607	0.661566551225353	4
-0.084427786727613	0.516217575205408	4
0.084495218850166	0.210769098111902	4
0.078986677227623	0.266581991309151	4
0.108002555586785	0.412002628820534	21
0.095964167406922	0.747987068327696	21
0.091747926008786	0.649564408058198	4
-0.021947355922036	1.25703355064831	4
0.112542330633675	0.304849467715835	4
-0.06597898075742	0.836630273998363	4
0.078656403005359	0.304267509227902	4
0.1055203820439	0.300807893518854	4
0.052540084234768	0.262052913768969	4
0.025955472189842	0.589193867866383	21
0.00117129876514799	0.673428024213054	21
0.103110038738166	0.561186100154222	21
0.114889581522135	0.504029306773576	21
0.114642241494443	0.469303965021434	21
0.108407512367899	0.479659978125729	21
-0.095831106462171	1.32373902417421	21
0.078815169549467	0.529550180969723	21
-0.01254144472431	1.03284424067926	21
0.086092903335747	0.432045110721286	21
0.100760077309933	0.189594032974703	4
0.098277271743557	0.655904389554092	21
0.113427175788133	0.468078137788973	4
0.114614124731165	0.27044388171234	4
0.049574734908249	0.349613933957649	4
0.038786913233104	0.301940001040836	21
0.097676014947476	0.347378876877235	21
0.07810210261546	0.574757062426972	21
0.084614135129065	1.05946868573915	4
-0.020203005395876	0.478632474905785	4
0.059025542422875	0.332722137203079	4
-0.017387429950232	0.685808713948102	4
0.049057404955905	0.459367040948416	4
0.085779932694252	0.757843955069181	21
0.00431770032239501	1.19014044568936	21
0.114857655882565	0.465008948349803	4
0.122495388068568	0.420715811398556	4
-0.082670325623378	0.737395000975036	4
0.040372774193078	0.465045608852423	4
0.052479625730946	0.50536456012805	4
-0.053461834324385	1.10822518726191	21
0.031018410854813	0.887765334310628	21
-0.00123405334346199	0.974136574797293	21
-0.065005351798421	1.3266552198883	21
0.102232428578526	0.461185532792603	21
0.119069403262654	0.420404049043956	21
0.112820647800379	0.473591712612114	21
0.068524622393273	1.28274778943251	4
0.11715753469871	0.325021946652015	4
0.12065961001181	0.295655677917859	4
0.105968721873712	0.294677093972545	4
0.018571247323108	0.547608649875384	4
0.044260707341249	0.490447398944543	4
0.110012613614286	0.532878196392912	21
0.097829425522185	0.629481583412756	21
0.092925455970212	0.582072202198576	4
0.070855620959739	0.60449763452055	4
0.11606280814137	0.282258974039457	4
0.08958833908452	0.317568042835305	4
0.104776071976303	0.302735820860274	4
0.049172243495046	0.563282642561333	4
0.104500956711792	0.390911258210587	4
0.069521942538102	0.519417755295651	4
-0.024566735698719	0.991064950909959	21
-0.013195746032464	0.891812898252518	21
0.060920367361446	0.649811020715228	4
-0.106005578939054	0.972455858728885	4
0.058933677479818	0.451218402624189	4
0.071633316616644	0.430870765729181	4
0.102073148933792	0.628738098424124	21
-0.00141345889227801	1.40570600636276	21
0.083638259091522	0.647312590504262	21
0.094848173498421	0.573861718036803	21
0.070486313796493	0.691572560037133	4
-0.026313397995565	0.810710357289196	4
-0.038682040004315	0.782035186284465	4
0.115399278792376	0.356955608278413	4
0.04958042634582	0.760836255828342	21
0.025403389385843	0.833418470087171	21
0.116991129154373	0.378244937143852	21
0.088832024997905	0.485736947769298	21
0.047057270169348	0.674575358612139	21
0.072955669064174	0.608933885585212	4
0.080617704477074	0.369195536008852	4
0.082581155713458	0.781317248884404	21
0.09396940929279	0.611052143437251	21
0.027385397847768	0.901642260934374	21
0.122178851902428	0.430724761408787	21
0.087758240667549	0.53416386154495	4
-0.06887791787965	0.967142904994507	4
0.077117166916047	0.322053650897991	4
0.017719544021031	0.459976988081872	4
0.046643847751909	0.638086441347334	21
0.092866101541334	0.508168700636608	21
0.053450205949967	0.63916294652473	21
0.054206415289692	0.677878831499447	21
0.115772804257038	1.1949204876193	4
0.080000425465077	1.38004972535182	4
0.00745129781082701	0.481896427050472	4
0.124050250582576	0.269191002488504	4
0.038104009202742	0.545000959545715	4
0.114781031329817	0.489016101757153	21
0.059694094578253	0.851517062347641	4
0.019090952347407	1.27095600710685	4
0.02346544279641	1.09818255800111	21
0.093458100877387	0.543637707675158	21
0.056740820901435	0.728373809440478	4
0.050245635675289	0.63668015361381	4
0.052441616669145	0.512729842500668	4
-0.073695287357515	0.80383203856287	4
0.069104055546579	0.367542398951053	4
0.037603030106641	0.72041910462992	21
0.058785278657971	0.562208703820786	21
0.095379566691512	0.568127207893378	21
0.069249478648018	1.18764335498962	4
0.103291104603629	0.358464011811834	21
0.105642871513023	0.322041376861801	21
0.122740151412914	0.527749194946557	4
0.076946974504381	0.87726771807736	21
0.038372815919035	0.944850947700688	21
0.105873390556394	0.411690643483768	4
0.083365017272128	0.454045326610944	4
0.067213700827988	0.470447793436119	4
-0.017376100104512	1.16868903402558	4
-0.031038875102026	0.723885930035256	4
-0.059167288036603	1.08186696032331	4
0.086806494672751	0.483804701835083	4
0.109653914183814	0.395802554656311	4
-0.114001211470188	0.915237103404389	21
0.051241397915218	0.697834896227728	21
0.091106214366652	0.591623795843855	21
0.054381675394334	0.769987479860703	21
0.116090868432828	0.375459202365039	21
0.00648323961056901	0.91047149769847	21
0.109481007005031	0.35894551319047	21
-0.016378664058915	1.05970452786916	4
0.086983444609269	0.684991843423543	21
-0.08061560330485	1.8207979374833	21
0.054687203021369	0.735364785473553	21
-0.071533384241996	1.61757764351232	21
0.108824425664771	0.533898891710027	21
0.080506842132435	0.547524816087025	4
-0.07174275413508	1.12248272524714	21
0.098909068346213	0.291597724440923	4
-0.050998546460696	0.943070085642485	4
0.02158429151002	0.731451845533605	4
0.061279430421048	0.608649761591435	4
0.060187779903533	0.598134521055062	4
0.106652205376121	0.485277054503799	21
0.11702080279388	0.435335706260752	21
-0.040240354845905	1.4390318969425	21
0.108968769397903	0.414877007292098	21
0.053396485351221	0.70415209263309	21
0.077965472307514	1.18755791093184	4
0.110289107193086	0.547626423741332	4
0.073715854524171	0.761566861141095	21
0.077528601624564	0.606960177529815	21
0.069101341870085	0.665215631607896	21
0.109829026942038	0.484847961105378	4
0.023955681050407	0.862980837913254	4
-0.065189754384675	1.35173592720739	4
0.060674040280799	0.703359984757729	4
0.058625059608663	0.743808391993473	4
0.031158676898617	0.742511668950808	21
0.0147597086639	0.96075443099843	21
0.076069224599458	0.413526657130133	21
0.058555028161944	0.656279836449998	21
0.015632802227501	1.69769608419198	4
0.097761943115501	0.783355994197134	4
0.100985861110477	0.569012068883612	21
0.105384898432071	0.647288975194057	21
0.064684414546583	0.89326694677899	21
0.113700421037803	0.583158744960864	21
0.102750270004531	0.334917398170191	21
-0.103275593916747	1.25746137314043	21
0.089837795686842	0.489599528247197	4
0.092404003845572	0.540710698390473	4
0.091722178416638	0.518276568599826	4
0.103502771570586	0.510668066184256	4
-0.00512544111005703	1.11864307434985	4
-0.04919063186568	1.31739088739408	21
0.121346394434875	0.362164338752925	21
0.105050260447134	0.481151761259265	21
0.021036922346149	0.656206565169233	21
-0.086172780836568	0.821130672234526	21
0.093495872325093	0.430714565418973	21
-0.104379460523199	1.37657230768956	21
0.05316232061639	0.597612191310332	21
0.107923104625625	0.439461245120861	21
0.103835413760443	0.431608188924159	21
-0.058134545685562	1.35741254156643	21
0.113482460727604	0.277834698444818	21
0.124852796690412	1.05509850907121	4
0.039412479681565	1.69076373070174	4
-0.04142871700059	1.14692409130588	21
0.070633667360709	0.414521720724276	21
0.05932454700632	0.464169304271323	21
-0.00941661964297602	0.877225565977755	21
0.077719858576986	0.467226813279643	4
0.026045395051612	0.703193696665057	4
-0.115228662004477	1.4635291240116	4
0.105784899949859	0.544071959114181	4
0.098187834984545	0.51997494829191	4
0.105672693722777	0.417254390656358	21
0.12471959622633	0.459808656246067	21
0.011813967520107	0.940209144996183	21
0.07756662348197	0.541562788787667	21
-0.12012067916458	0.701953078510834	21
0.034277278265463	0.358830532976027	21
-0.031730943729646	0.65464004431254	21
-0.095933285867999	0.835040037754449	21
0.078670568872758	0.399385726592237	21
0.033975650965895	1.12974219504443	21
-0.05266354820922	0.650481909090746	21
0.023417149895281	0.388354484940914	21
0.023873329858083	0.376381264217861	21
0.077062579908802	0.391830402400975	4
0.058522857677134	0.480970945409684	4
0.013543063212917	0.626030186709165	4
0.037234691869457	0.749464837881076	4
0.105458169689346	0.448075030552157	21
-0.044400429364794	0.496359638637251	21
-0.032929428067349	0.345477799471284	21
0.026313509396004	0.508271829459625	21
0.113941356436201	0.276728186324288	21
-0.112276361520391	0.908755683596125	21
-0.065780722811486	0.968904643895701	21
0.068295006697047	0.339361562850539	21
-0.115782140267785	0.639434971329211	21
0.026309052334466	1.59257839137733	4
-0.0973375310357	0.91536944112339	21
0.088446607491492	0.332465456878859	21
0.084615746778185	0.202389039741683	21
-0.016461923981605	0.604300649677012	4
0.116030053819645	0.282328512559611	4
0.111886538348213	0.360146685901968	21
0.063834350998204	0.741823983725604	21
0.029891208297324	0.771450867732982	21
0.00881200188776601	0.87535875569574	21
0.11407224742213	0.325019234924704	21
-0.082460297408656	0.736744368370799	21
0.077251120344636	0.484262308835762	21
0.056604643890782	0.30262873512192	21
-0.093529743633638	0.88966780661053	21
0.100007287224162	0.288975007971468	21
0.020012327600397	0.413778880620082	21
-0.055066597030745	0.933154271464477	21
0.020789361873176	2.38446834265699	4
0.120602413917481	0.445583859090102	4
0.113979705396194	0.292120728938132	21
-0.037552850995894	0.943651149698015	21
-0.000998358891024009	0.933106072066944	21
-0.00811434001355599	0.370132618315607	21
0.00535482160380099	0.529771354241874	21
0.025721385004978	0.538603077666223	21
0.045836062784771	0.606611328102258	21
0.055006428261264	0.642771992324734	21
0.080906794159421	0.509684876036571	21
-0.016668882660709	1.04056622665647	21
0.036024802642422	0.552297831934582	21
-0.100646534430686	0.577125300105499	21
0.053354363433625	0.280665255391504	21
-0.071898317465277	0.711811336020252	21
0.062061765693224	0.342720273096863	21
0.086301455026279	0.843118967902962	4
0.086015836033288	0.889088609562577	4
0.092982502371536	0.5887213577556	4
0.047202442101012	0.431809019909215	21
-0.021581965424421	1.05161859130298	21
-0.0538200068887	0.723034622117606	21
-0.081837382932434	0.44084056532454	21
0.002336050139644	0.328809147287326	4
0.113809829969649	0.335185998993706	21
-0.00000733313728201734	0.667086245041513	21
-0.013041888263816	0.736262260002137	21
0.041027701022438	0.630064439671317	21
0.091188399727686	0.491603424342834	21
-0.009097879802484	0.781083155154579	21
-0.043113154462918	0.669890215408996	21
0.041852055030345	0.195961749194177	21
0.04355843391171	0.387601379039529	21
0.064739037584385	1.4265392003856	4
0.111194633494658	0.673988493069421	4
0.027288205673404	1.14658797496006	4
0.111672345780208	0.583400419091114	4
0.079379419796792	0.506745940041175	21
0.022957513539554	0.32514332441056	4
0.064531411450042	0.443756835046755	21
0.104273937350019	0.36581066743635	21
0.060604468871861	0.362646345615497	4
0.029022379693483	0.33742147581706	4
0.099281800045207	0.191831141674687	4
0.069927781762646	0.190644288955917	21
-0.013568712491144	0.262465517294745	21
-0.101211399876973	0.730902052049067	21
0.094770432510438	0.274789622197071	21
0.087947890536668	1.02640788488204	4
0.119269044136813	0.746208310092391	4
0.123881412407215	0.564070056161659	4
0.079764251678952	0.586524862942799	4
0.122717179991605	0.414344090861334	4
0.08644455659217	0.40834909950579	21
0.0000538413794030079	0.383142324522143	4
0.067947241272237	0.276168592361355	4
0.029720674327798	0.336069364688782	4
-0.000891166384075992	0.46566429834014	4
0.059962359924091	0.462268182935439	4
0.040151763618258	0.456850488948165	4
-0.03963905037344	0.941844931480693	21
-0.104911894536454	1.83054072525963	21
0.045999574162683	0.637010397408675	4
0.042185042537488	0.534359901952048	4
-0.105369832251126	0.471446217320057	4
0.051935917223795	0.397434910020477	21
0.091154900150817	0.307675335316354	21
-0.071382545121444	0.710402020362746	21
0.048143482249118	1.70703344216871	4
0.08736706937755	0.5860891624225	21
0.087149139946164	0.29528168168416	21
0.087070983177836	0.373656432941761	21
0.027567116711211	0.390247689032541	4
-0.03002736287389	0.430091166977617	4
-0.080946930176657	0.637973759476199	4
0.08258122508297	0.384293400489522	4
-0.07670359136504	0.785007219967616	4
0.065403296812888	0.427304926806493	4
0.029185180825241	0.594676863834672	21
0.089231783741071	0.43264215394018	21
0.107739110911504	0.50194190991516	21
0.072620573987701	0.585469386252684	21
-0.116715350371717	0.972679133533524	4
-0.010502938923016	1.02913432300003	4
0.12235976665214	0.330004142087304	4
0.122508485080087	0.168348959068018	4
-0.00323705214701098	0.375568577557625	4
0.12097958996719	0.21618048844185	21
0.051841391107892	0.514728640524077	21
-0.081459122097336	0.475729819209775	21
0.122458176054919	0.583483757883577	4
0.051285787218585	0.684448720159384	21
-0.00211902939599101	0.729572858219622	21
0.050276133551587	0.545450415909008	21
0.08009357496052	0.364395728782597	21
0.015148104825072	0.455291494694288	4
-0.00222909708519198	0.514839592413203	4
-0.036053052476082	0.820300266783653	21
0.027240253432525	0.719278866374729	21
-0.116208564636766	1.25336572354412	21
0.100966095970915	0.231052278930449	4
-0.000984403790116994	0.465823890735294	4
0.065072466708871	0.428379618554993	21
0.032792265360893	0.464553399607595	21
0.100631187666093	0.384427742829378	21
0.069166321467289	0.273862797987657	21
-0.064360551323	0.649764445325384	21
0.114317029940591	1.38735479710963	4
0.015489035287736	0.888586963110489	21
0.040711287061653	0.298570320702401	4
-0.12046750730968	0.880043240452492	4
-0.098532326049437	0.981671309652435	4
-0.06984195950921	0.646685021111766	4
-0.037332064354374	0.754950786852384	21
0.110868660973482	0.309445275667578	21
0.101905211660073	0.347012323211486	21
0.119718245510491	0.340683729879513	21
0.087556553876558	0.383416268443342	21
0.00751708845274399	0.643889037970752	21
0.101824855714288	0.303019799854039	21
-0.082459380412392	0.930929569153351	4
-0.064308468462538	0.483982487533376	4
-0.071032009875344	0.443822531277269	4
0.014959745969001	0.359596799192142	4
0.117547368226593	0.155370400024968	4
0.07833426123148	0.297653136568573	4
-0.094659598786268	0.862665877600679	4
0.031267049585482	0.487953932027742	4
0.117824455359574	0.588030733998269	4
-0.086511904630039	1.04202240353558	4
0.114081277543957	0.291864305659627	4
-0.020475373992417	0.84315143231746	4
-0.071302229257478	1.1987779830613	4
-0.014658136358892	0.889557668691946	21
0.068409016679019	0.544479266101984	21
0.053734367798773	0.710091232537641	4
0.046542065348567	0.641634026838122	4
0.120077358219534	0.243840410378089	4
-0.00729469603538502	0.612652409928256	4
0.088343302256019	0.265643157329862	4
0.083564243789606	0.428382166160444	4
-0.073831807837282	1.08761726505565	21
-0.00108383843544602	0.511843307938342	21
0.086305126338515	0.896790721707634	4
0.07070859865053	0.545155384331839	21
0.10309628175908	0.405684299091823	4
0.00461406921930901	0.932128260002149	4
-0.03094293877076	0.967232202572802	4
0.033452467595031	0.756188816168518	4
0.109026878408342	0.448027967465631	4
0.055989523255709	0.588357615778354	4
0.111581793218941	0.287331498202601	4
0.070844156914231	0.464166338605299	4
0.084270871262615	0.328086229018191	4
-0.028194920630721	0.868256619724897	4
0.082026641846397	0.487093013886679	4
0.091892502348259	0.354136216142244	4
0.008055794144472	0.696807506221554	4
0.069543629819437	0.988422179025039	4
0.092565166101488	0.520053818436873	21
0.114213159559469	0.425111751501148	4
0.079637598067083	0.631887268151855	4
0.124033183611647	0.3826944998734	21
-0.010252845707545	0.564973620209745	4
0.092794171623146	0.359158440457108	4
0.056835097658841	0.486547847219486	4
0.0523771290975	0.483616497833819	4
0.082969997776418	0.479087522541023	4
-0.047455124655747	1.03220184821594	4
-0.041405073967121	0.987817834788706	21
0.12275383422938	0.266737709658451	4
0.119150493750578	0.793575591526616	4
0.096495195594368	0.902088078103476	4
0.075134500988313	0.950205268417691	4
0.04529412927712	0.849371544056841	4
0.021009888591919	0.870477932646478	4
0.090638479357131	0.598262453678418	4
0.082859693245494	0.573746861495441	4
0.095559590761273	0.471843322273393	21
0.121748746539722	0.386771414423367	21
0.085585155834166	0.536961885263193	4
0.099255178267469	0.537794190850574	4
0.08837700363895	0.599408905466403	4
0.088629720531882	0.610229089050775	4
0.022808963338314	0.99945231422839	4
-0.073394125905691	1.40784785922682	4
0.024530848030037	0.728626695242487	4
0.086683088040001	0.541150660938455	4
0.093568557850957	0.515576180724161	21
-0.00683985131430098	0.923322466265036	4
0.089655350711718	0.444663414140353	4
0.123956480414487	0.512708013420234	4
0.097457452817651	0.654591616115769	4
0.071520489588926	0.771272354886213	4
0.120436233422775	0.414555111706269	4
0.07401502408898	0.426041499216488	4
-0.046266865271557	0.767283811429352	4
0.053404741287328	0.584704757551219	4
-0.00517470037331103	0.944367451250983	4
0.083203683488968	0.529560953308579	21
-0.003402070433354	0.505230596162093	4
-0.018430615209861	1.36457982699136	4
0.045960042401562	0.599455798428409	4
0.024120313861366	0.756044825952072	21
0.054535532146612	0.707960816641143	4
0.123785801148423	0.548291782249036	4
0.099034592386492	0.633233678120652	4
0.01769130376683	1.0546904146768	4
0.122026969773602	0.379042110753686	4
0.109542731058157	0.495777845197	4
0.061552099733514	0.562406560411166	4
0.093309288625169	0.585847722402596	4
0.108326861883939	0.330036082807585	4
0.053291775997726	0.569402946018945	4
-0.042537250516952	1.09375418863714	4
0.069250126310172	0.692819000129229	21
0.084795227885499	0.585680240037676	4
-0.062379219909962	1.51496652711706	4
0.033666246665678	1.55539022153686	4
0.117992177300414	0.672299417223461	4
0.035472300453055	0.999534977970948	4
0.092124306383639	0.58192290588255	4
-0.029253095351976	1.03353520742897	4
-0.034638450721456	1.00458024465597	4
-0.110267146527029	1.28772122534089	4
-0.025097227289386	1.23345394871308	4
0.054761376649195	0.763667853427639	4
-0.037112852399514	1.17123946036823	4
0.05428629720431	0.672476392839507	4
0.03546966024295	0.674848465208902	4
0.082310029062511	1.84824582502642	4
0.063956356978706	1.24155394929088	4
-0.000332492158966025	1.15293636601896	4
0.078811984704759	0.648186214154791	21
0.018262704395875	1.10227938236648	4
-0.015709561697462	1.16799045142564	4
0.110255190356724	0.511256562971046	4
0.112265611133769	0.438643246182131	4
0.090762831389718	0.544970365841032	4
0.114474350612375	0.794076268541624	4
0.059874727415341	1.46110107185061	4
0.101194710810949	0.88115405179442	4
0.044159764686128	1.13390145853712	4
0.08952589198437	0.704466475864526	4
0.117747067167681	0.350380057941832	4
-0.104400114519057	1.89967101470031	4
0.120651575020962	0.272219212382407	4
0.089970603823356	0.416054823564881	4
-0.033836015019877	0.790371025432511	4
0.058092961153672	0.535071179186111	4
0.109772091300062	0.401944999248372	4
-0.024561254488411	1.19779498556043	21
-0.035588452473206	0.712347165024889	4
0.1148220186361	0.418284768701131	4
0.040318703466938	0.870752650481482	4
0.06845037765628	0.593365605576444	4
0.059420616605768	0.49160923694935	4
0.121982766170703	0.828358745709197	4
0.087839391644261	0.970651965410581	4
-0.051642743832906	1.73036263581524	4
0.105839365558769	0.422040925306137	4
0.102711928376853	0.395512819354627	4
0.09390796837724	0.478518912526748	4
0.039594065872517	0.676235462467457	4
0.08601166976666	0.53291704934915	4
-0.079032833239686	1.55248188278024	4
0.12191932325409	0.911256159580288	4
0.095068752662207	0.974877955569278	4
0.097695214572078	0.808431553108402	4
0.114371132866158	0.516275074480928	4
0.057251070970817	0.793286363176415	4
0.120425368895638	0.455631891154788	4
0.058567316771487	0.636375656113006	4
0.122053014153341	0.428167374046637	4
0.094766860555176	0.595073569419133	4
0.112312530519656	0.514672188011548	4
0.122380415744525	0.364086572080131	4
0.000888025247777008	0.817414964955054	4
0.087372815857708	0.509720135357696	4
0.034879635137538	0.601278649100962	4
0.074825115639521	0.588134633591937	4
-0.014705240006909	0.760905677379396	4
0.118986180816258	0.772443965011384	4
0.106706294117745	0.550220073197657	4
-0.03185603955363	1.33090113279319	4
-0.051694937940905	1.27158147718667	4
0.065941676322173	0.697445161952027	4
0.077654308396276	0.626272788165971	4
0.121480176506484	0.383726509036108	4
0.041752150944079	0.82703676412101	4
0.046052658112835	0.894133284607795	4
-0.02073411461543	1.36340120798854	4
0.043948615810339	0.618046679731373	4
0.057338231903656	0.750848846286708	4
0.027985490358809	0.757690623561538	4
0.062869626299883	0.495360248972457	4
0.117538445785411	0.35768071038903	4
0.071992812122812	1.35262215867886	4
0.101135604615127	0.66384245706891	4
0.103225067179075	0.460449976416409	4
-0.00728858482811101	1.15032678106433	4
0.073486002316693	0.732446186615396	4
-0.050261795347414	1.17364567444015	4
0.018893861028814	0.715453320345098	4
0.00513095176159101	0.620954524204133	4
0.115569648879808	0.377289083535339	4
-0.053110711277305	1.20771360301481	4
0.117719480296409	0.454471809779228	4
0.094499782325188	0.575301434689187	4
0.088582575330514	0.446484597994831	4
0.053763020252929	1.74927065199248	4
0.12007127959477	0.569612624540527	4
0.12123857414732	0.410042190543539	4
0.044704032461399	0.594682029965716	4
-0.041892491500522	1.30882683422703	4
0.033717309343958	0.928545227269946	4
0.112142027240688	0.305959257056967	4
0.042581453108415	0.926935910531388	4
0.013389128819506	1.00926359073026	4
0.08714960689992	0.63813238715712	4
-0.010678198358322	0.921194371484759	4
-0.023328037344914	0.999851041592695	4
-0.035627091769489	1.24263276619042	4
0.115233266051198	0.45044732983464	4
0.050352851461424	0.83462935859737	4
-0.083932116993182	1.3818884112466	4
0.063365590511702	0.596651433667709	4
0.095393817467571	0.808712788025898	4
0.112520719666278	0.691729660388483	4
0.044783832848957	0.92162041041345	4
0.066898545806082	0.72620301221905	4
0.024012476250401	0.596120475498422	4
-0.025595608076889	0.934735871403791	4
0.058030712470006	0.819989002280711	4
0.087859987773484	0.683457834692629	4
0.114355616724926	0.458960198444212	4
0.111048370733751	1.11282316779613	4
0.07913673531231	1.24941665209547	4
0.100707686717999	0.978374349474811	4
0.111393066280959	0.568047930449983	4
0.09988453639542	0.362520957030558	4
0.00947737502552201	0.732708902980866	4
0.00236682479049699	1.25709987531056	4
0.03074432036051	0.830856240416409	4
-0.00769089394918898	1.40383138266179	4
0.121523407599741	0.515255543674118	4
0.079296926738131	0.681453414684315	4
-0.036698287780248	0.536133141110343	4
0.110686322006018	0.574494557622505	4
0.118855230708051	0.338663820432521	4
0.029802538977036	1.23578712537393	4
0.102119835134972	0.686422468192786	4
0.104949628972769	0.660658273995079	4
0.072503797584616	0.896917882128278	4
-0.100800142401669	2.21049380489779	4
0.120721062825834	1.03909043830797	4
0.076889069348766	1.48560865541901	4
0.067614093496567	0.630716729487984	4
0.112852250787979	0.349594231400697	4
0.015699418832174	0.583044785980055	4
0.116779541665688	0.379107418168865	4
0.103856082375555	0.451260557510017	4
0.044134284076025	0.720204837953038	4
0.099889309030561	0.366973565863947	4
0.054606986710837	0.779191548002305	4
0.054906962817947	0.985330990523002	4
0.113501919083475	0.59254179331241	4
0.073813653551094	0.782853432929526	4
0.082526102403145	0.578933328499578	4
0.105655394853951	0.556951033105347	4
-0.024560679457603	0.929548525044862	4
0.121776013739625	0.756340804424384	4
0.055801574629127	1.08718794167	4
0.071585274091448	0.680337146342727	4
0.066980885419312	0.788483532661469	4
0.110721532940199	0.367680379622184	4
0.079103515986384	0.3032756495908	4
-0.052708810049805	0.823998300236902	4
-0.084763811275343	1.22630423141247	4
-0.017979991875681	1.03937602525829	4
0.091232034350637	0.640524707121934	4
-0.00290431250122197	1.23616262728481	4
0.108979202960609	0.465205209006177	4
0.095546984295374	0.622289230070915	4
0.073697733955206	1.35541835420374	4
0.039170500456953	1.12725916971639	4
0.043153987439707	0.5464569593786	4
0.112306201599029	0.305484493907798	4
0.110181904335882	0.400570824766687	4
0.123369915458147	0.27489954270734	4
0.035097524868252	0.775206258343659	4
0.053478770988275	0.766640536331242	4
0.123860954082681	0.361466683520424	4
0.039524887261058	0.946887690139333	4
0.004359039374327	1.1543338826163	4
0.069367678732676	1.46907110198156	4
0.063741326417659	1.16178577251607	4
0.010328153763537	0.957999246412733	4
0.091422338424025	0.669168813807871	4
0.085155524702076	0.36515743371202	4
0.118706525194571	0.379180833318106	4
-0.019231418879956	1.41081940625582	4
0.081958032098356	0.796418258937295	4
0.078374588152417	0.737019860131186	4
0.00688294042721899	0.944703911277924	4
0.114253980584262	0.42218803324607	4
0.069555956412313	0.736642138395705	4
0.117020992331967	0.344758891736656	4
0.108281953156163	0.782369694354574	4
0.052664064330244	1.06975685041514	4
-0.057165904321978	0.825962111033562	4
0.071732230760772	0.612978744781852	4
0.073787430373844	0.811669656886204	4
0.10823461395395	0.612177627368956	4
0.014365641216532	1.26116351835683	4
0.120972802576211	0.540997416166253	4
-0.049540201989545	1.40237900423576	4
0.047363944650452	0.814999769988479	4
0.071345856265713	0.73862596173855	4
0.062620430783582	1.22636301798295	4
0.014200923576571	0.868108291093018	4
0.00952310273283	0.700197502351968	4
0.011508691057127	0.762462063229978	4
0.075036413898773	0.622499745454643	4
0.112653089509012	0.36812432108094	4
0.095780795280734	0.529644112418166	4
0.124437599182496	0.516552508911408	4
-0.04376001303568	1.08947166707472	4
0.042130438858474	1.62764854729747	4
0.100784597677911	0.704340029848633	4
0.085837358751044	0.738981087074274	4
0.103188754713954	0.288966455990024	4
0.086126060259163	0.632364676420741	4
0.069874783043626	0.690785541639686	4
0.088884081935022	1.16221995647079	4
0.073913589466765	1.23885523771696	4
0.076275137916943	0.943796176379596	4
-0.038235324194771	1.45811226466852	4
-0.042306729602687	1.52925367107387	4
0.115643201826522	0.406734907450348	4
0.108613009175357	0.431938844838029	4
0.10881593020909	0.384947947017707	4
0.088194927225482	0.675388771981573	4
0.118999921986698	0.496522686986069	4
0.060062940903498	0.909255112689354	4
0.084824600919892	0.634954337645571	4
0.104579389217786	1.44162213727811	4
0.105901018157158	0.408071658126997	4
0.05148432917987	0.636849837088452	4
0.049262254055852	0.805953507182623	4
0.119988083027932	0.565988008273877	4
0.020746795577131	1.15166864707867	4
0.044646041707458	1.02327867995047	4
-0.117472144274857	1.89017787904621	4
0.078513883344493	1.42213167028809	4
0.075741009436049	1.1923229238902	4
0.086460307838493	0.566872945987582	4
0.073418155458685	0.528236611149944	4
0.111608493058766	0.522589803571783	4
0.037132662164778	0.956254344017819	4
0.122124457870857	0.628232517849696	4
0.06561541324454	0.642727726499246	4
0.067131666976806	0.67741103853113	4
-0.031432646187397	1.61454123610809	4
0.096014743929065	0.638913880861828	4
0.113920834286745	0.417960334525039	4
0.046197359838652	0.69604352053481	4
-0.018202386446602	1.02738284100866	4
0.000566095652354992	1.08041260320559	4
0.027528017926524	0.984966071597518	4
0.057210403811809	0.738782277318397	4
0.044031781109789	0.847196927956814	4
0.076647268773082	0.58147973669885	4
0.117172794436748	0.473279496956867	4
0.058861490047933	0.5259911346886	4
0.079846726893925	0.556821983026357	4
0.04334118420517	0.759654294599564	4
0.075824678371871	0.733458156656839	4
0.124010737939218	0.448899611741767	4
0.05125882704924	0.725464115003144	4
0.036617454419805	0.767336303442983	4
0.107495995918885	1.24208157144029	4
0.096089178935651	0.466050913380715	4
-0.036189649295633	1.17501569244224	4
0.013067996362493	0.971016517534334	4
-0.045618082115187	0.897317276054897	4
0.112551629929869	0.567590091933151	4
0.056945332282585	0.811892864947718	4
0.020732427091081	0.687360564522215	4
0.121557884630267	1.0416366276988	4
0.100605676102182	1.16333873950109	4
0.121569911747459	0.725852966206186	4
0.116022590693059	0.54350027366117	4
0.090460991382798	0.556329939792097	4
0.097247932827749	0.50231544410855	4
-0.098685272838171	2.02832290732105	4
0.092744839761385	0.648776424300677	4
0.094232008677836	0.543144076042036	4
-0.035888498617362	0.965363308489852	4
-0.049034547746075	1.6738109307452	4
0.033749430656917	0.72003115165636	4
0.117288889856675	0.948704681831664	4
0.06348841804471	0.822070246193535	4
0.091053007769418	0.559988556888661	4
0.074760726607076	0.733223412089376	4
0.109765362958772	0.540219606433812	4
-0.063107865825393	1.71467544893962	4
0.062345554025847	0.769798628827853	4
0.108013416495569	0.398364643987066	4
0.039601817527038	0.952213785817448	4
0.047815034161434	0.858921309533375	4
0.024693526907832	0.885856177384518	4
-0.087158038901429	1.51251384411402	4
0.111296971407375	0.802395966962346	4
0.035804349756883	0.982375183909191	4
-0.00644369325434602	0.963851258040573	4
0.079039553786565	0.418607668832174	4
-0.043787817782111	0.860130303556795	4
0.107900834048475	0.452674510541696	4
0.113191612040814	0.44930297258782	4
0.022396983459577	0.708437278689971	4
0.081608278031248	0.498052602152222	4
0.115536717518229	0.97434063251251	4
-0.009048883240934	1.48360609413577	4
0.110753068947067	0.630310296739045	4
0.107523546320781	0.64002556077698	4
0.01979671085347	0.809561354764984	4
0.087647480737844	0.34647693005654	4
0.069540681159659	0.524527548610089	4
-0.082923340194813	1.27459369922871	4
0.060436101685878	0.704599567626031	4
0.073309327333388	0.534426485300079	4
0.00447936108823499	1.25556187639089	4
-0.030631495251946	0.687270877165498	4
0.033976051188876	1.15677480681722	4
0.090579284877017	0.696724993641308	4
0.045579160052026	0.985036943257762	4
0.079485116336242	0.779398775627719	4
0.117466442536249	0.541571856957824	4
0.124128614032454	0.570845537305794	4
0.05887973789999	0.942020646157366	4
0.084222558705402	0.504789554435468	4
0.045044597621413	0.939151586659687	4
-0.065384217125215	1.57372936059069	4
0.080283025308953	0.643871913416867	4
0.077877038736479	0.501405748281978	4
0.108887650078192	0.589006700576942	4
0.101686880747914	0.668363131718562	4
0.093672857456899	0.643440109963721	4
0.114606256336262	0.509271481020042	4
0.046700745488559	0.797919137024691	4
0.094758614700682	0.536124717050413	4
0.07440803043515	0.594123801977807	4
-0.051259083759856	1.0709238606734	4
-0.098208877808272	1.94307334902885	4
0.075061582398305	0.348261796012221	4
0.068925491871182	0.464748594913247	4
0.088532814406784	0.536493225333473	4
0.069892184833182	0.50179265306327	4
0.021131605082491	1.53385843970866	4
0.015883746209636	1.52230202091092	4
0.037952770783843	0.828773349950516	4
0.063615925949091	0.466999671777495	4
0.07097203351472	0.575042029328709	4
0.059363668181318	0.625247503525843	4
0.073895227860622	0.49456776449894	4
-0.00132006258137801	0.859204697816235	4
0.09686963299998	0.326447829206455	4
0.04487725722777	0.5477638609205	4
0.064333936585222	1.18429289135299	4
-0.003788124452969	1.46846555099183	4
0.083204121673939	0.539811244976701	4
0.107813413578731	0.570208579609439	4
-0.124694189284733	0.818687725597575	4
0.09116742707385	0.345101908372698	4
-0.06830815069794	0.989002022001835	4
0.111895666134513	0.306643143885335	4
0.106967994535196	0.374850054732602	4
0.049795683550666	0.667427874488092	4
0.010953016592613	0.712564308962326	4
0.000138996162926008	0.616143318551589	4
0.076723914922166	0.520017766083186	4
-0.047192637199966	0.770740869353688	4
0.105818251012464	0.917108861690485	4
-0.056214272415754	1.73138138730299	4
0.032487344883809	0.984120897465429	4
-0.031161332156555	0.772040292313905	4
0.038363812334568	0.651825940441786	4
0.115864997588377	0.358723644384936	4
-0.048688530119445	0.852262966911701	4
0.068369022945388	0.534352337727233	4
0.010807782166718	1.5405704363063	4
0.091373547496507	0.663776539745687	4
-0.062395134859318	1.25407953132678	4
-0.053973726223181	0.882482016712585	4
0.050197764800574	0.572502745983279	4
-0.079276663374971	1.08394476933304	4
0.064936076872594	0.517353612010814	4
0.026260190696695	0.630698392278099	4
0.122759319594084	1.05518118930564	4
0.113220410988151	1.08628465759298	4
0.074173777918253	0.640656810148428	4
0.032132070360274	0.971223308437667	4
0.111705375724913	0.270724820351802	4
0.112059920141862	0.306190980490254	4
0.104024518953642	0.391010805329342	4
0.096626598812591	0.360590673010341	4
-0.010627570973859	1.10871233042934	4
-0.01339449301741	0.69561442980017	4
-0.035418763260839	0.783052877456023	4
0.094113556081072	0.288547543676441	4
-0.00166946663116602	0.640092775166592	4
0.121326093710993	0.313854233358451	4
-0.000655537360107983	0.787477732328183	4
-0.040569867763192	0.775140415922925	4
0.085402538496308	1.34997477329046	4
-0.013127151647965	1.5636070699965	4
0.028620663316843	0.613476176966901	4
-0.020932497801051	0.774341598667988	4
-0.094348602002717	0.732092191347801	4
0.080898652905578	0.447845169743181	4
0.102406487681231	1.36370761731251	4
0.122619308580461	0.787735206445797	4
0.084900805138457	0.455484968797191	4
-0.030651461830858	0.72250042824686	4
-0.027026877711102	0.667087421578882	4
-0.118998055522766	1.36706775598525	4
0.045805412276615	0.600048246315983	4
0.00272850594788401	1.48842388007065	4
0.025656099369861	1.1764316874242	4
0.045757059654813	0.647990196549688	4
0.007621092023649	0.822415487778881	4
0.098777820340688	0.375221639124025	4
0.106248300384692	0.39605106906855	4
0.0562582362301	0.541841241353307	4
0.095023025907321	0.549776360632889	4
0.049004804082057	0.636232418227484	4
0.078826121819227	0.468271558321408	4
-0.046230820545102	0.913859604684727	4
-0.108997090968471	1.62491609775095	4
0.116312250194118	0.347089486238288	4
0.076696506636732	0.449025908649112	4
0.078040395029909	0.505423651868758	4
0.100937743513589	0.426742308956815	4
-0.001656090040078	1.08504361291113	4
0.037699498183328	0.570626224479719	4
0.121526661714206	0.884142166956863	4
-0.00715868359497102	1.59414112436714	4
0.123310773589306	0.396666463962491	4
0.066944057076698	0.703697318484081	4
0.107603305509439	0.480956871819759	4
-0.0120183234973	0.933387717257374	4
-0.011133237076801	0.710706331307432	4
-0.00345743735952198	1.25834107713672	4
0.116659887288272	0.367131536785143	4
0.120912979386491	0.402849343021468	4
-0.015468969677414	0.99821603466764	4
0.11799678042938	0.349609737071501	4
0.076911539742786	1.04959424914622	4
0.092025842096872	0.566285262917529	4
-0.001151297847791	1.07174975003126	4
0.081691927067726	0.590090651751661	4
0.12450547513574	0.403282780212548	4
0.107362067316095	0.424234362151825	4
0.040335517934881	0.560854560497365	4
0.025058947579372	0.856936558856975	4
0.101241166770574	0.498456149945679	4
0.063138400800103	1.11173712136871	4
-0.034844456517269	1.34478311096029	4
0.066938822754486	1.57568997584577	4
0.040541114600696	0.951357351453854	4
0.086364379387188	0.694522247972201	4
-0.00146455097980303	0.661620511720637	4
0.00436452031951401	0.433112297233568	4
0.072383348847756	0.500119084141976	4
0.022637135563438	0.489284637651809	4
-0.028035437460752	0.952877817708018	4
0.068118166633238	0.497204221997496	4
0.048941575458878	0.730201170576786	4
0.038432172361774	0.461807011236685	4
0.111133135989684	0.388553943123838	4
0.033990035174321	0.845782628926433	4
-0.07895548582851	1.24430490264195	4
0.106078396850871	0.700596960292934	4
0.09418670101543	0.620723884667047	4
-0.050884304969267	1.78316691028285	4
-0.051035903311167	1.21219399025518	4
0.102398459973493	1.56730112825874	4
0.117493034392959	0.66466685757411	4
0.076412209749968	1.00396481144991	4
0.07682388423119	1.00841301162403	4
0.033627908937236	1.34803301669256	4
0.103950058381532	0.546564383207047	4
0.121649703489404	0.759349906783972	4
0.062115167566089	1.33750813268947	4
0.117218955108412	0.743307395545182	4
0.113831087062342	0.670025753377858	4
-0.062169875018863	2.2533715703253	4
0.105846091178564	0.604225600690519	4
0.08737010270611	0.714635097219487	4
0.094805622117418	0.598054805334341	4
0.103205462767293	1.09758829383191	4
0.10670373832215	0.870522683499687	4
0.00691167615328101	1.22960908494534	4
0.051274459267892	0.964479729080578	4
0.124868407553693	0.733607240061028	4
0.116572218547346	0.585529686199014	4
0.055437961787347	0.954243924182908	4
-0.077640896613374	2.00645629025641	4
0.109998752636428	0.545357075357201	4
0.011015342483345	1.15540246777156	4
0.087550412788924	1.01873343095847	4
0.061709194131857	0.646043075627125	4
0.05283207323853	1.18797875894514	4
0.108695134408417	0.646069933422218	4
0.123219060426212	0.602611014279315	4
0.113638108722894	0.757639322894984	4
0.037028611269171	0.828846720567366	4
0.085023046616396	0.985796041683182	4
0.116346669466436	0.972533011397043	4
0.085470949360507	1.04583739657574	4
0.101648235281752	0.536885144907648	4
0.120390580539839	1.17709963162752	4
0.081149697180295	1.19178190021195	4
0.09594515602623	0.918660799717303	4
0.092309698269534	1.00315097454383	4
0.120161467520011	0.710738305615418	4
0.036044163031758	1.04706611773752	4
0.074641715624634	0.735802238365369	4
-0.088871540936565	2.31695734462124	4
0.108277003527233	0.648830071529594	4
0.105211829440855	0.711654354537522	4
0.091703666163538	1.09277199653307	4
0.123204627808429	0.835368490067398	4
0.084871637875182	0.987972415832556	4
0.039349013405927	1.34636238500633	4
0.109035627338962	1.22724289324879	4
