group	fill	colour	clickSelects
1	#FFFFFF	#D3D3D3	4
2	#FFFFFF	#D3D3D3	4
4	#FFFFFF	#D3D3D3	4
5	#FFFFFF	#D3D3D3	4
6	#FFFFFF	#D3D3D3	4
7	#FFFFFF	#D3D3D3	4
8	#FFFFFF	#D3D3D3	4
9	#FFFFFF	#D3D3D3	4
10	#FFFFFF	#D3D3D3	4
11	#FFFFFF	#D3D3D3	4
12	#FFFFFF	#D3D3D3	4
13	#FFFFFF	#D3D3D3	21
15	#FFFFFF	#D3D3D3	21
16	#FFFFFF	#D3D3D3	21
17	#FFFFFF	#D3D3D3	21
18	#FFFFFF	#D3D3D3	21
19	#FFFFFF	#D3D3D3	21
20	#FFFFFF	#D3D3D3	4
21	#FFFFFF	#D3D3D3	21
22	#FFFFFF	#D3D3D3	21
23	#FFFFFF	#D3D3D3	21
24	#FFFFFF	#D3D3D3	21
26	#FFFFFF	#D3D3D3	21
27	#FFFFFF	#D3D3D3	21
28	#FFFFFF	#D3D3D3	21
29	#FFFFFF	#D3D3D3	21
30	#FFFFFF	#D3D3D3	21
31	#FFFFFF	#D3D3D3	21
32	#FFFFFF	#D3D3D3	21
33	#FFFFFF	#D3D3D3	21
34	#FFFFFF	#D3D3D3	21
35	#FFFFFF	#D3D3D3	21
37	#FFFFFF	#D3D3D3	21
38	#FFFFFF	#D3D3D3	21
39	#FFFFFF	#D3D3D3	21
40	#FFFFFF	#D3D3D3	21
41	#FFFFFF	#D3D3D3	21
42	#FFFFFF	#D3D3D3	21
43	#FFFFFF	#D3D3D3	21
44	#FFFFFF	#D3D3D3	21
45	#FFFFFF	#D3D3D3	21
46	#FFFFFF	#D3D3D3	4
47	#FFFFFF	#D3D3D3	155
48	#FFFFFF	#D3D3D3	4
49	#FFFFFF	#D3D3D3	4
50	#FFFFFF	#D3D3D3	4
51	#FFFFFF	#D3D3D3	4
54	#FFFFFF	#D3D3D3	4
55	#FFFFFF	#D3D3D3	4
56	#FFFFFF	#D3D3D3	4
57	#FFFFFF	#D3D3D3	4
58	#FFFFFF	#D3D3D3	4
59	#FFFFFF	#D3D3D3	4
60	#FFFFFF	#D3D3D3	4
61	#FFFFFF	#D3D3D3	4
62	#FFFFFF	#D3D3D3	4
63	#FFFFFF	#D3D3D3	4
65	#FFFFFF	#D3D3D3	21
66	#FFFFFF	#D3D3D3	21
67	#FFFFFF	#D3D3D3	21
68	#FFFFFF	#D3D3D3	21
69	#FFFFFF	#D3D3D3	21
70	#FFFFFF	#D3D3D3	21
71	#FFFFFF	#D3D3D3	21
72	#FFFFFF	#D3D3D3	21
73	#FFFFFF	#D3D3D3	21
74	#FFFFFF	#D3D3D3	21
76	#FFFFFF	#D3D3D3	21
77	#FFFFFF	#D3D3D3	21
78	#FFFFFF	#D3D3D3	21
79	#FFFFFF	#D3D3D3	21
80	#FFFFFF	#D3D3D3	21
81	#FFFFFF	#D3D3D3	21
82	#FFFFFF	#D3D3D3	21
83	#FFFFFF	#D3D3D3	21
84	#FFFFFF	#D3D3D3	21
85	#FFFFFF	#D3D3D3	21
87	#FFFFFF	#D3D3D3	21
88	#FFFFFF	#D3D3D3	21
89	#FFFFFF	#D3D3D3	21
90	#FFFFFF	#D3D3D3	21
91	#FFFFFF	#D3D3D3	21
92	#FFFFFF	#D3D3D3	21
93	#FFFFFF	#D3D3D3	21
94	#FFFFFF	#D3D3D3	21
95	#FFFFFF	#D3D3D3	21
96	#FFFFFF	#D3D3D3	21
97	#FFFFFF	#D3D3D3	4
98	#FFFFFF	#D3D3D3	155
99	#FFFFFF	#D3D3D3	155
100	#FFFFFF	#D3D3D3	4
101	#FFFFFF	#D3D3D3	4
105	#FFFFFF	#D3D3D3	4
106	#FFFFFF	#D3D3D3	4
107	#FFFFFF	#D3D3D3	4
108	#FFFFFF	#D3D3D3	4
109	#FFFFFF	#D3D3D3	4
110	#FFFFFF	#D3D3D3	4
111	#FFFFFF	#D3D3D3	4
112	#FFFFFF	#D3D3D3	4
113	#FFFFFF	#D3D3D3	4
114	#FFFFFF	#D3D3D3	4
116	#FFFFFF	#D3D3D3	21
117	#FFFFFF	#D3D3D3	21
118	#FFFFFF	#D3D3D3	21
119	#FFFFFF	#D3D3D3	21
120	#FFFFFF	#D3D3D3	21
121	#FFFFFF	#D3D3D3	21
122	#FFFFFF	#D3D3D3	21
123	#FFFFFF	#D3D3D3	21
124	#FFFFFF	#D3D3D3	21
125	#FFFFFF	#D3D3D3	21
127	#FFFFFF	#D3D3D3	21
128	#FFFFFF	#D3D3D3	21
129	#FFFFFF	#D3D3D3	21
130	#FFFFFF	#D3D3D3	21
131	#FFFFFF	#D3D3D3	21
132	#FFFFFF	#D3D3D3	21
133	#FFFFFF	#D3D3D3	21
134	#FFFFFF	#D3D3D3	21
135	#FFFFFF	#D3D3D3	21
136	#FFFFFF	#D3D3D3	21
137	#FFFFFF	#D3D3D3	4
138	#FFFFFF	#D3D3D3	21
139	#FFFFFF	#D3D3D3	21
140	#FFFFFF	#D3D3D3	21
141	#FFFFFF	#D3D3D3	21
142	#FFFFFF	#D3D3D3	21
143	#FFFFFF	#D3D3D3	21
144	#FFFFFF	#D3D3D3	21
145	#FFFFFF	#D3D3D3	21
146	#FFFFFF	#D3D3D3	21
147	#FFFFFF	#D3D3D3	155
148	#FFFFFF	#D3D3D3	155
149	#FFFFFF	#D3D3D3	4
150	#FFFFFF	#D3D3D3	155
151	#FFFFFF	#D3D3D3	4
152	#FFFFFF	#D3D3D3	4
153	#FFFFFF	#D3D3D3	4
154	#FFFFFF	#D3D3D3	4
155	#FFFFFF	#D3D3D3	155
156	#FFFFFF	#D3D3D3	4
157	#FFFFFF	#D3D3D3	4
158	#FFFFFF	#D3D3D3	4
159	#FFFFFF	#D3D3D3	4
160	#FFFFFF	#D3D3D3	21
161	#FFFFFF	#D3D3D3	21
162	#FFFFFF	#D3D3D3	21
163	#FFFFFF	#D3D3D3	21
164	#FFFFFF	#D3D3D3	21
165	#FFFFFF	#D3D3D3	4
166	#FFFFFF	#D3D3D3	21
167	#FFFFFF	#D3D3D3	4
168	#FFFFFF	#D3D3D3	21
169	#FFFFFF	#D3D3D3	21
170	#FFFFFF	#D3D3D3	21
171	#FFFFFF	#D3D3D3	21
172	#FFFFFF	#D3D3D3	21
173	#FFFFFF	#D3D3D3	21
174	#FFFFFF	#D3D3D3	21
175	#FFFFFF	#D3D3D3	21
176	#FFFFFF	#D3D3D3	4
177	#FFFFFF	#D3D3D3	21
178	#FFFFFF	#D3D3D3	21
179	#FFFFFF	#D3D3D3	21
180	#FFFFFF	#D3D3D3	21
181	#FFFFFF	#D3D3D3	21
182	#FFFFFF	#D3D3D3	21
183	#FFFFFF	#D3D3D3	21
184	#FFFFFF	#D3D3D3	21
185	#FFFFFF	#D3D3D3	21
186	#FFFFFF	#D3D3D3	21
187	#FFFFFF	#D3D3D3	155
188	#FFFFFF	#D3D3D3	21
189	#FFFFFF	#D3D3D3	21
190	#FFFFFF	#D3D3D3	21
191	#FFFFFF	#D3D3D3	21
192	#FFFFFF	#D3D3D3	21
193	#FFFFFF	#D3D3D3	21
194	#FFFFFF	#D3D3D3	21
195	#FFFFFF	#D3D3D3	21
196	#FFFFFF	#D3D3D3	21
197	#FFFFFF	#D3D3D3	21
198	#FFFFFF	#D3D3D3	155
199	#FFFFFF	#D3D3D3	155
200	#FFFFFF	#D3D3D3	155
201	#FFFFFF	#D3D3D3	155
202	#FFFFFF	#D3D3D3	155
203	#FFFFFF	#D3D3D3	4
204	#FFFFFF	#D3D3D3	4
205	#FFFFFF	#D3D3D3	4
206	#FFFFFF	#D3D3D3	155
207	#FFFFFF	#D3D3D3	4
208	#FFFFFF	#D3D3D3	4
209	#FFFFFF	#D3D3D3	4
210	#FFFFFF	#D3D3D3	4
211	#FFFFFF	#D3D3D3	21
212	#FFFFFF	#D3D3D3	21
213	#FFFFFF	#D3D3D3	21
214	#FFFFFF	#D3D3D3	21
215	#FFFFFF	#D3D3D3	21
216	#FFFFFF	#D3D3D3	4
217	#FFFFFF	#D3D3D3	21
218	#FFFFFF	#D3D3D3	21
219	#FFFFFF	#D3D3D3	21
220	#FFFFFF	#D3D3D3	21
221	#FFFFFF	#D3D3D3	21
222	#FFFFFF	#D3D3D3	21
223	#FFFFFF	#D3D3D3	21
224	#FFFFFF	#D3D3D3	21
225	#FFFFFF	#D3D3D3	21
226	#FFFFFF	#D3D3D3	21
227	#FFFFFF	#D3D3D3	4
228	#FFFFFF	#D3D3D3	21
229	#FFFFFF	#D3D3D3	21
230	#FFFFFF	#D3D3D3	21
231	#FFFFFF	#D3D3D3	21
232	#FFFFFF	#D3D3D3	21
233	#FFFFFF	#D3D3D3	21
234	#FFFFFF	#D3D3D3	21
235	#FFFFFF	#D3D3D3	21
236	#FFFFFF	#D3D3D3	21
237	#FFFFFF	#D3D3D3	21
238	#FFFFFF	#D3D3D3	155
239	#FFFFFF	#D3D3D3	21
240	#FFFFFF	#D3D3D3	21
241	#FFFFFF	#D3D3D3	21
242	#FFFFFF	#D3D3D3	21
243	#FFFFFF	#D3D3D3	21
244	#FFFFFF	#D3D3D3	21
245	#FFFFFF	#D3D3D3	21
246	#FFFFFF	#D3D3D3	21
247	#FFFFFF	#D3D3D3	21
248	#FFFFFF	#D3D3D3	155
249	#FFFFFF	#D3D3D3	155
250	#FFFFFF	#D3D3D3	155
251	#FFFFFF	#D3D3D3	155
252	#FFFFFF	#D3D3D3	155
253	#FFFFFF	#D3D3D3	4
254	#FFFFFF	#D3D3D3	4
255	#FFFFFF	#D3D3D3	4
256	#FFFFFF	#D3D3D3	155
257	#FFFFFF	#D3D3D3	155
258	#FFFFFF	#D3D3D3	4
259	#FFFFFF	#D3D3D3	4
260	#FFFFFF	#D3D3D3	4
261	#FFFFFF	#D3D3D3	4
262	#FFFFFF	#D3D3D3	21
263	#FFFFFF	#D3D3D3	21
264	#FFFFFF	#D3D3D3	21
265	#FFFFFF	#D3D3D3	21
266	#FFFFFF	#D3D3D3	4
267	#FFFFFF	#D3D3D3	21
268	#FFFFFF	#D3D3D3	21
269	#FFFFFF	#D3D3D3	21
270	#FFFFFF	#D3D3D3	21
271	#FFFFFF	#D3D3D3	21
272	#FFFFFF	#D3D3D3	21
273	#FFFFFF	#D3D3D3	21
274	#FFFFFF	#D3D3D3	21
275	#FFFFFF	#D3D3D3	21
276	#FFFFFF	#D3D3D3	21
277	#FFFFFF	#D3D3D3	4
278	#FFFFFF	#D3D3D3	21
279	#FFFFFF	#D3D3D3	21
280	#FFFFFF	#D3D3D3	21
281	#FFFFFF	#D3D3D3	21
282	#FFFFFF	#D3D3D3	21
283	#FFFFFF	#D3D3D3	21
284	#FFFFFF	#D3D3D3	21
285	#FFFFFF	#D3D3D3	21
286	#FFFFFF	#D3D3D3	21
287	#FFFFFF	#D3D3D3	21
288	#FFFFFF	#D3D3D3	4
289	#FFFFFF	#D3D3D3	21
290	#FFFFFF	#D3D3D3	21
291	#FFFFFF	#D3D3D3	21
292	#FFFFFF	#D3D3D3	21
293	#FFFFFF	#D3D3D3	21
294	#FFFFFF	#D3D3D3	21
295	#FFFFFF	#D3D3D3	21
296	#FFFFFF	#D3D3D3	21
297	#FFFFFF	#D3D3D3	21
298	#FFFFFF	#D3D3D3	21
299	#FFFFFF	#D3D3D3	155
300	#FFFFFF	#D3D3D3	155
301	#FFFFFF	#D3D3D3	155
302	#FFFFFF	#D3D3D3	155
303	#FFFFFF	#D3D3D3	155
304	#FFFFFF	#D3D3D3	4
305	#FFFFFF	#D3D3D3	4
306	#FFFFFF	#D3D3D3	4
307	#FFFFFF	#D3D3D3	155
308	#FFFFFF	#D3D3D3	4
309	#FFFFFF	#D3D3D3	4
310	#FFFFFF	#D3D3D3	4
311	#FFFFFF	#D3D3D3	4
312	#FFFFFF	#D3D3D3	21
313	#FFFFFF	#D3D3D3	21
314	#FFFFFF	#D3D3D3	21
315	#FFFFFF	#D3D3D3	21
316	#FFFFFF	#D3D3D3	21
317	#FFFFFF	#D3D3D3	4
318	#FFFFFF	#D3D3D3	21
319	#FFFFFF	#D3D3D3	21
320	#FFFFFF	#D3D3D3	21
321	#FFFFFF	#D3D3D3	21
322	#FFFFFF	#D3D3D3	21
323	#FFFFFF	#D3D3D3	21
324	#FFFFFF	#D3D3D3	21
325	#FFFFFF	#D3D3D3	21
326	#FFFFFF	#D3D3D3	21
327	#FFFFFF	#D3D3D3	21
328	#FFFFFF	#D3D3D3	4
329	#FFFFFF	#D3D3D3	21
330	#FFFFFF	#D3D3D3	21
331	#FFFFFF	#D3D3D3	21
332	#FFFFFF	#D3D3D3	21
333	#FFFFFF	#D3D3D3	21
334	#FFFFFF	#D3D3D3	21
335	#FFFFFF	#D3D3D3	21
336	#FFFFFF	#D3D3D3	21
337	#FFFFFF	#D3D3D3	21
338	#FFFFFF	#D3D3D3	21
339	#FFFFFF	#D3D3D3	4
340	#FFFFFF	#D3D3D3	21
341	#FFFFFF	#D3D3D3	21
342	#FFFFFF	#D3D3D3	21
343	#FFFFFF	#D3D3D3	21
344	#FFFFFF	#D3D3D3	21
345	#FFFFFF	#D3D3D3	21
346	#FFFFFF	#D3D3D3	21
347	#FFFFFF	#D3D3D3	21
348	#FFFFFF	#D3D3D3	21
349	#FFFFFF	#D3D3D3	155
350	#FFFFFF	#D3D3D3	155
351	#FFFFFF	#D3D3D3	155
352	#FFFFFF	#D3D3D3	155
353	#FFFFFF	#D3D3D3	155
354	#FFFFFF	#D3D3D3	4
355	#FFFFFF	#D3D3D3	4
356	#FFFFFF	#D3D3D3	4
357	#FFFFFF	#D3D3D3	155
358	#FFFFFF	#D3D3D3	4
359	#FFFFFF	#D3D3D3	155
360	#FFFFFF	#D3D3D3	155
361	#FFFFFF	#D3D3D3	4
362	#FFFFFF	#D3D3D3	4
363	#FFFFFF	#D3D3D3	21
364	#FFFFFF	#D3D3D3	21
365	#FFFFFF	#D3D3D3	21
366	#FFFFFF	#D3D3D3	21
367	#FFFFFF	#D3D3D3	4
368	#FFFFFF	#D3D3D3	21
369	#FFFFFF	#D3D3D3	21
370	#FFFFFF	#D3D3D3	21
371	#FFFFFF	#D3D3D3	21
372	#FFFFFF	#D3D3D3	21
373	#FFFFFF	#D3D3D3	21
374	#FFFFFF	#D3D3D3	21
375	#FFFFFF	#D3D3D3	21
376	#FFFFFF	#D3D3D3	21
377	#FFFFFF	#D3D3D3	21
378	#FFFFFF	#D3D3D3	4
379	#FFFFFF	#D3D3D3	21
380	#FFFFFF	#D3D3D3	21
381	#FFFFFF	#D3D3D3	21
382	#FFFFFF	#D3D3D3	21
383	#FFFFFF	#D3D3D3	21
384	#FFFFFF	#D3D3D3	21
385	#FFFFFF	#D3D3D3	21
386	#FFFFFF	#D3D3D3	21
387	#FFFFFF	#D3D3D3	21
388	#FFFFFF	#D3D3D3	21
389	#FFFFFF	#D3D3D3	4
390	#FFFFFF	#D3D3D3	21
391	#FFFFFF	#D3D3D3	21
392	#FFFFFF	#D3D3D3	21
393	#FFFFFF	#D3D3D3	21
394	#FFFFFF	#D3D3D3	21
395	#FFFFFF	#D3D3D3	21
396	#FFFFFF	#D3D3D3	21
397	#FFFFFF	#D3D3D3	21
398	#FFFFFF	#D3D3D3	21
399	#FFFFFF	#D3D3D3	21
400	#FFFFFF	#D3D3D3	4
401	#FFFFFF	#D3D3D3	155
402	#FFFFFF	#D3D3D3	155
403	#FFFFFF	#D3D3D3	155
404	#FFFFFF	#D3D3D3	4
405	#FFFFFF	#D3D3D3	4
406	#FFFFFF	#D3D3D3	4
407	#FFFFFF	#D3D3D3	4
408	#FFFFFF	#D3D3D3	155
409	#FFFFFF	#D3D3D3	4
410	#FFFFFF	#D3D3D3	155
411	#FFFFFF	#D3D3D3	4
412	#FFFFFF	#D3D3D3	4
413	#FFFFFF	#D3D3D3	21
414	#FFFFFF	#D3D3D3	21
415	#FFFFFF	#D3D3D3	21
416	#FFFFFF	#D3D3D3	4
417	#FFFFFF	#D3D3D3	21
418	#FFFFFF	#D3D3D3	4
419	#FFFFFF	#D3D3D3	21
420	#FFFFFF	#D3D3D3	21
421	#FFFFFF	#D3D3D3	21
422	#FFFFFF	#D3D3D3	21
423	#FFFFFF	#D3D3D3	21
424	#FFFFFF	#D3D3D3	21
425	#FFFFFF	#D3D3D3	21
426	#FFFFFF	#D3D3D3	21
427	#FFFFFF	#D3D3D3	21
428	#FFFFFF	#D3D3D3	21
429	#FFFFFF	#D3D3D3	4
430	#FFFFFF	#D3D3D3	21
431	#FFFFFF	#D3D3D3	21
432	#FFFFFF	#D3D3D3	21
433	#FFFFFF	#D3D3D3	21
434	#FFFFFF	#D3D3D3	21
435	#FFFFFF	#D3D3D3	21
436	#FFFFFF	#D3D3D3	21
437	#FFFFFF	#D3D3D3	21
438	#FFFFFF	#D3D3D3	21
439	#FFFFFF	#D3D3D3	21
440	#FFFFFF	#D3D3D3	4
441	#FFFFFF	#D3D3D3	21
442	#FFFFFF	#D3D3D3	21
443	#FFFFFF	#D3D3D3	21
444	#FFFFFF	#D3D3D3	21
445	#FFFFFF	#D3D3D3	21
446	#FFFFFF	#D3D3D3	21
447	#FFFFFF	#D3D3D3	21
448	#FFFFFF	#D3D3D3	21
449	#FFFFFF	#D3D3D3	21
450	#FFFFFF	#D3D3D3	4
451	#FFFFFF	#D3D3D3	155
452	#FFFFFF	#D3D3D3	155
453	#FFFFFF	#D3D3D3	4
454	#FFFFFF	#D3D3D3	155
455	#FFFFFF	#D3D3D3	4
456	#FFFFFF	#D3D3D3	4
457	#FFFFFF	#D3D3D3	4
458	#FFFFFF	#D3D3D3	155
459	#FFFFFF	#D3D3D3	4
460	#FFFFFF	#D3D3D3	155
461	#FFFFFF	#D3D3D3	155
462	#FFFFFF	#D3D3D3	4
463	#FFFFFF	#D3D3D3	4
464	#FFFFFF	#D3D3D3	21
465	#FFFFFF	#D3D3D3	21
466	#FFFFFF	#D3D3D3	21
467	#FFFFFF	#D3D3D3	4
468	#FFFFFF	#D3D3D3	4
469	#FFFFFF	#D3D3D3	21
470	#FFFFFF	#D3D3D3	21
471	#FFFFFF	#D3D3D3	21
472	#FFFFFF	#D3D3D3	21
473	#FFFFFF	#D3D3D3	21
474	#FFFFFF	#D3D3D3	21
475	#FFFFFF	#D3D3D3	21
476	#FFFFFF	#D3D3D3	21
477	#FFFFFF	#D3D3D3	21
478	#FFFFFF	#D3D3D3	21
479	#FFFFFF	#D3D3D3	4
480	#FFFFFF	#D3D3D3	21
481	#FFFFFF	#D3D3D3	21
482	#FFFFFF	#D3D3D3	21
483	#FFFFFF	#D3D3D3	21
484	#FFFFFF	#D3D3D3	21
485	#FFFFFF	#D3D3D3	21
486	#FFFFFF	#D3D3D3	21
487	#FFFFFF	#D3D3D3	21
488	#FFFFFF	#D3D3D3	21
489	#FFFFFF	#D3D3D3	21
490	#FFFFFF	#D3D3D3	4
491	#FFFFFF	#D3D3D3	21
492	#FFFFFF	#D3D3D3	21
493	#FFFFFF	#D3D3D3	21
494	#FFFFFF	#D3D3D3	21
495	#FFFFFF	#D3D3D3	21
496	#FFFFFF	#D3D3D3	21
497	#FFFFFF	#D3D3D3	21
498	#FFFFFF	#D3D3D3	21
499	#FFFFFF	#D3D3D3	21
500	#FFFFFF	#D3D3D3	21
501	#FFFFFF	#D3D3D3	4
502	#FFFFFF	#D3D3D3	155
503	#FFFFFF	#D3D3D3	155
504	#FFFFFF	#D3D3D3	155
505	#FFFFFF	#D3D3D3	4
506	#FFFFFF	#D3D3D3	4
507	#FFFFFF	#D3D3D3	4
508	#FFFFFF	#D3D3D3	4
509	#FFFFFF	#D3D3D3	155
510	#FFFFFF	#D3D3D3	155
511	#FFFFFF	#D3D3D3	4
512	#FFFFFF	#D3D3D3	4
513	#FFFFFF	#D3D3D3	4
514	#FFFFFF	#D3D3D3	21
515	#FFFFFF	#D3D3D3	21
516	#FFFFFF	#D3D3D3	21
517	#FFFFFF	#D3D3D3	4
518	#FFFFFF	#D3D3D3	21
519	#FFFFFF	#D3D3D3	4
520	#FFFFFF	#D3D3D3	21
521	#FFFFFF	#D3D3D3	21
522	#FFFFFF	#D3D3D3	21
523	#FFFFFF	#D3D3D3	21
524	#FFFFFF	#D3D3D3	21
525	#FFFFFF	#D3D3D3	21
526	#FFFFFF	#D3D3D3	21
527	#FFFFFF	#D3D3D3	21
528	#FFFFFF	#D3D3D3	21
529	#FFFFFF	#D3D3D3	21
530	#FFFFFF	#D3D3D3	4
531	#FFFFFF	#D3D3D3	21
532	#FFFFFF	#D3D3D3	21
533	#FFFFFF	#D3D3D3	21
534	#FFFFFF	#D3D3D3	21
535	#FFFFFF	#D3D3D3	21
536	#FFFFFF	#D3D3D3	21
537	#FFFFFF	#D3D3D3	21
538	#FFFFFF	#D3D3D3	21
539	#FFFFFF	#D3D3D3	21
540	#FFFFFF	#D3D3D3	21
541	#FFFFFF	#D3D3D3	4
542	#FFFFFF	#D3D3D3	21
543	#FFFFFF	#D3D3D3	21
544	#FFFFFF	#D3D3D3	21
545	#FFFFFF	#D3D3D3	21
546	#FFFFFF	#D3D3D3	21
547	#FFFFFF	#D3D3D3	21
548	#FFFFFF	#D3D3D3	21
549	#FFFFFF	#D3D3D3	21
550	#FFFFFF	#D3D3D3	21
551	#FFFFFF	#D3D3D3	155
552	#FFFFFF	#D3D3D3	155
553	#FFFFFF	#D3D3D3	155
554	#FFFFFF	#D3D3D3	4
555	#FFFFFF	#D3D3D3	4
556	#FFFFFF	#D3D3D3	4
557	#FFFFFF	#D3D3D3	4
558	#FFFFFF	#D3D3D3	4
559	#FFFFFF	#D3D3D3	4
560	#FFFFFF	#D3D3D3	155
561	#FFFFFF	#D3D3D3	4
562	#FFFFFF	#D3D3D3	4
563	#FFFFFF	#D3D3D3	4
564	#FFFFFF	#D3D3D3	4
565	#FFFFFF	#D3D3D3	21
566	#FFFFFF	#D3D3D3	21
567	#FFFFFF	#D3D3D3	4
568	#FFFFFF	#D3D3D3	4
569	#FFFFFF	#D3D3D3	4
570	#FFFFFF	#D3D3D3	21
571	#FFFFFF	#D3D3D3	21
572	#FFFFFF	#D3D3D3	21
573	#FFFFFF	#D3D3D3	21
574	#FFFFFF	#D3D3D3	21
575	#FFFFFF	#D3D3D3	21
576	#FFFFFF	#D3D3D3	21
577	#FFFFFF	#D3D3D3	21
578	#FFFFFF	#D3D3D3	21
579	#FFFFFF	#D3D3D3	21
580	#FFFFFF	#D3D3D3	4
581	#FFFFFF	#D3D3D3	21
582	#FFFFFF	#D3D3D3	21
583	#FFFFFF	#D3D3D3	21
584	#FFFFFF	#D3D3D3	21
585	#FFFFFF	#D3D3D3	21
586	#FFFFFF	#D3D3D3	21
587	#FFFFFF	#D3D3D3	21
588	#FFFFFF	#D3D3D3	21
589	#FFFFFF	#D3D3D3	21
590	#FFFFFF	#D3D3D3	21
591	#FFFFFF	#D3D3D3	4
592	#FFFFFF	#D3D3D3	21
593	#FFFFFF	#D3D3D3	21
594	#FFFFFF	#D3D3D3	21
595	#FFFFFF	#D3D3D3	21
596	#FFFFFF	#D3D3D3	21
597	#FFFFFF	#D3D3D3	21
598	#FFFFFF	#D3D3D3	21
599	#FFFFFF	#D3D3D3	21
600	#FFFFFF	#D3D3D3	21
601	#FFFFFF	#D3D3D3	21
602	#FFFFFF	#D3D3D3	4
603	#FFFFFF	#D3D3D3	4
604	#FFFFFF	#D3D3D3	155
605	#FFFFFF	#D3D3D3	155
606	#FFFFFF	#D3D3D3	4
607	#FFFFFF	#D3D3D3	4
608	#FFFFFF	#D3D3D3	4
609	#FFFFFF	#D3D3D3	4
610	#FFFFFF	#D3D3D3	155
611	#FFFFFF	#D3D3D3	155
612	#FFFFFF	#D3D3D3	4
613	#FFFFFF	#D3D3D3	4
614	#FFFFFF	#D3D3D3	4
615	#FFFFFF	#D3D3D3	4
616	#FFFFFF	#D3D3D3	21
617	#FFFFFF	#D3D3D3	4
618	#FFFFFF	#D3D3D3	4
619	#FFFFFF	#D3D3D3	4
620	#FFFFFF	#D3D3D3	4
621	#FFFFFF	#D3D3D3	21
622	#FFFFFF	#D3D3D3	21
623	#FFFFFF	#D3D3D3	21
624	#FFFFFF	#D3D3D3	21
625	#FFFFFF	#D3D3D3	21
626	#FFFFFF	#D3D3D3	21
627	#FFFFFF	#D3D3D3	21
628	#FFFFFF	#D3D3D3	21
629	#FFFFFF	#D3D3D3	21
630	#FFFFFF	#D3D3D3	21
631	#FFFFFF	#D3D3D3	4
632	#FFFFFF	#D3D3D3	21
633	#FFFFFF	#D3D3D3	21
634	#FFFFFF	#D3D3D3	21
635	#FFFFFF	#D3D3D3	21
636	#FFFFFF	#D3D3D3	21
637	#FFFFFF	#D3D3D3	21
638	#FFFFFF	#D3D3D3	21
639	#FFFFFF	#D3D3D3	21
640	#FFFFFF	#D3D3D3	21
641	#FFFFFF	#D3D3D3	21
642	#FFFFFF	#D3D3D3	4
643	#FFFFFF	#D3D3D3	21
644	#FFFFFF	#D3D3D3	21
645	#FFFFFF	#D3D3D3	21
646	#FFFFFF	#D3D3D3	21
647	#FFFFFF	#D3D3D3	21
648	#FFFFFF	#D3D3D3	21
649	#FFFFFF	#D3D3D3	21
650	#FFFFFF	#D3D3D3	21
651	#FFFFFF	#D3D3D3	21
652	#FFFFFF	#D3D3D3	4
653	#FFFFFF	#D3D3D3	155
654	#FFFFFF	#D3D3D3	155
655	#FFFFFF	#D3D3D3	4
656	#FFFFFF	#D3D3D3	4
657	#FFFFFF	#D3D3D3	4
658	#FFFFFF	#D3D3D3	4
659	#FFFFFF	#D3D3D3	4
660	#FFFFFF	#D3D3D3	4
661	#FFFFFF	#D3D3D3	155
662	#FFFFFF	#D3D3D3	4
663	#FFFFFF	#D3D3D3	4
664	#FFFFFF	#D3D3D3	4
665	#FFFFFF	#D3D3D3	4
666	#FFFFFF	#D3D3D3	21
667	#FFFFFF	#D3D3D3	4
668	#FFFFFF	#D3D3D3	4
669	#FFFFFF	#D3D3D3	4
670	#FFFFFF	#D3D3D3	4
671	#FFFFFF	#D3D3D3	4
672	#FFFFFF	#D3D3D3	21
673	#FFFFFF	#D3D3D3	21
674	#FFFFFF	#D3D3D3	21
675	#FFFFFF	#D3D3D3	21
676	#FFFFFF	#D3D3D3	21
677	#FFFFFF	#D3D3D3	21
678	#FFFFFF	#D3D3D3	21
679	#FFFFFF	#D3D3D3	21
680	#FFFFFF	#D3D3D3	21
681	#FFFFFF	#D3D3D3	4
682	#FFFFFF	#D3D3D3	21
683	#FFFFFF	#D3D3D3	21
684	#FFFFFF	#D3D3D3	21
685	#FFFFFF	#D3D3D3	21
686	#FFFFFF	#D3D3D3	21
687	#FFFFFF	#D3D3D3	21
688	#FFFFFF	#D3D3D3	21
689	#FFFFFF	#D3D3D3	21
690	#FFFFFF	#D3D3D3	21
691	#FFFFFF	#D3D3D3	21
692	#FFFFFF	#D3D3D3	4
693	#FFFFFF	#D3D3D3	21
694	#FFFFFF	#D3D3D3	21
695	#FFFFFF	#D3D3D3	21
696	#FFFFFF	#D3D3D3	21
697	#FFFFFF	#D3D3D3	21
698	#FFFFFF	#D3D3D3	21
699	#FFFFFF	#D3D3D3	21
700	#FFFFFF	#D3D3D3	21
701	#FFFFFF	#D3D3D3	21
702	#FFFFFF	#D3D3D3	21
703	#FFFFFF	#D3D3D3	4
704	#FFFFFF	#D3D3D3	4
705	#FFFFFF	#D3D3D3	4
706	#FFFFFF	#D3D3D3	155
707	#FFFFFF	#D3D3D3	4
708	#FFFFFF	#D3D3D3	4
709	#FFFFFF	#D3D3D3	4
710	#FFFFFF	#D3D3D3	4
711	#FFFFFF	#D3D3D3	155
712	#FFFFFF	#D3D3D3	4
713	#FFFFFF	#D3D3D3	155
714	#FFFFFF	#D3D3D3	4
715	#FFFFFF	#D3D3D3	4
716	#FFFFFF	#D3D3D3	4
717	#FFFFFF	#D3D3D3	4
718	#FFFFFF	#D3D3D3	4
719	#FFFFFF	#D3D3D3	4
720	#FFFFFF	#D3D3D3	4
721	#FFFFFF	#D3D3D3	4
722	#FFFFFF	#D3D3D3	21
723	#FFFFFF	#D3D3D3	21
724	#FFFFFF	#D3D3D3	21
725	#FFFFFF	#D3D3D3	21
726	#FFFFFF	#D3D3D3	21
727	#FFFFFF	#D3D3D3	21
728	#FFFFFF	#D3D3D3	21
729	#FFFFFF	#D3D3D3	21
730	#FFFFFF	#D3D3D3	21
731	#FFFFFF	#D3D3D3	21
732	#FFFFFF	#D3D3D3	4
733	#FFFFFF	#D3D3D3	21
734	#FFFFFF	#D3D3D3	21
735	#FFFFFF	#D3D3D3	21
736	#FFFFFF	#D3D3D3	21
737	#FFFFFF	#D3D3D3	21
738	#FFFFFF	#D3D3D3	21
739	#FFFFFF	#D3D3D3	21
740	#FFFFFF	#D3D3D3	21
741	#FFFFFF	#D3D3D3	21
742	#FFFFFF	#D3D3D3	21
743	#FFFFFF	#D3D3D3	4
744	#FFFFFF	#D3D3D3	21
745	#FFFFFF	#D3D3D3	21
746	#FFFFFF	#D3D3D3	21
747	#FFFFFF	#D3D3D3	21
748	#FFFFFF	#D3D3D3	21
749	#FFFFFF	#D3D3D3	21
750	#FFFFFF	#D3D3D3	21
751	#FFFFFF	#D3D3D3	21
752	#FFFFFF	#D3D3D3	21
753	#FFFFFF	#D3D3D3	4
754	#FFFFFF	#D3D3D3	4
755	#FFFFFF	#D3D3D3	4
756	#FFFFFF	#D3D3D3	4
757	#FFFFFF	#D3D3D3	4
758	#FFFFFF	#D3D3D3	4
759	#FFFFFF	#D3D3D3	4
760	#FFFFFF	#D3D3D3	4
761	#FFFFFF	#D3D3D3	155
762	#FFFFFF	#D3D3D3	155
763	#FFFFFF	#D3D3D3	155
764	#FFFFFF	#D3D3D3	155
765	#FFFFFF	#D3D3D3	155
766	#FFFFFF	#D3D3D3	155
767	#FFFFFF	#D3D3D3	4
768	#FFFFFF	#D3D3D3	4
769	#FFFFFF	#D3D3D3	4
770	#FFFFFF	#D3D3D3	4
771	#FFFFFF	#D3D3D3	4
772	#FFFFFF	#D3D3D3	21
773	#FFFFFF	#D3D3D3	21
774	#FFFFFF	#D3D3D3	21
775	#FFFFFF	#D3D3D3	21
776	#FFFFFF	#D3D3D3	21
777	#FFFFFF	#D3D3D3	21
778	#FFFFFF	#D3D3D3	21
779	#FFFFFF	#D3D3D3	21
780	#FFFFFF	#D3D3D3	21
781	#FFFFFF	#D3D3D3	21
782	#FFFFFF	#D3D3D3	4
783	#FFFFFF	#D3D3D3	21
784	#FFFFFF	#D3D3D3	21
785	#FFFFFF	#D3D3D3	21
786	#FFFFFF	#D3D3D3	21
787	#FFFFFF	#D3D3D3	21
788	#FFFFFF	#D3D3D3	21
789	#FFFFFF	#D3D3D3	21
790	#FFFFFF	#D3D3D3	21
791	#FFFFFF	#D3D3D3	21
792	#FFFFFF	#D3D3D3	21
793	#FFFFFF	#D3D3D3	4
794	#FFFFFF	#D3D3D3	21
795	#FFFFFF	#D3D3D3	21
796	#FFFFFF	#D3D3D3	21
797	#FFFFFF	#D3D3D3	21
798	#FFFFFF	#D3D3D3	21
799	#FFFFFF	#D3D3D3	21
800	#FFFFFF	#D3D3D3	21
801	#FFFFFF	#D3D3D3	21
802	#FFFFFF	#D3D3D3	21
803	#FFFFFF	#D3D3D3	21
804	#FFFFFF	#D3D3D3	4
805	#FFFFFF	#D3D3D3	4
806	#FFFFFF	#D3D3D3	4
807	#FFFFFF	#D3D3D3	4
808	#FFFFFF	#D3D3D3	4
809	#FFFFFF	#D3D3D3	4
810	#FFFFFF	#D3D3D3	4
811	#FFFFFF	#D3D3D3	4
812	#FFFFFF	#D3D3D3	155
813	#FFFFFF	#D3D3D3	155
814	#FFFFFF	#D3D3D3	155
815	#FFFFFF	#D3D3D3	155
816	#FFFFFF	#D3D3D3	155
817	#FFFFFF	#D3D3D3	4
818	#FFFFFF	#D3D3D3	4
819	#FFFFFF	#D3D3D3	4
820	#FFFFFF	#D3D3D3	21
821	#FFFFFF	#D3D3D3	21
822	#FFFFFF	#D3D3D3	4
823	#FFFFFF	#D3D3D3	21
824	#FFFFFF	#D3D3D3	21
825	#FFFFFF	#D3D3D3	21
826	#FFFFFF	#D3D3D3	21
827	#FFFFFF	#D3D3D3	21
828	#FFFFFF	#D3D3D3	21
829	#FFFFFF	#D3D3D3	21
830	#FFFFFF	#D3D3D3	21
831	#FFFFFF	#D3D3D3	21
832	#FFFFFF	#D3D3D3	21
833	#FFFFFF	#D3D3D3	4
834	#FFFFFF	#D3D3D3	21
835	#FFFFFF	#D3D3D3	21
836	#FFFFFF	#D3D3D3	21
837	#FFFFFF	#D3D3D3	21
838	#FFFFFF	#D3D3D3	21
839	#FFFFFF	#D3D3D3	21
840	#FFFFFF	#D3D3D3	21
841	#FFFFFF	#D3D3D3	21
842	#FFFFFF	#D3D3D3	21
843	#FFFFFF	#D3D3D3	21
844	#FFFFFF	#D3D3D3	4
845	#FFFFFF	#D3D3D3	21
846	#FFFFFF	#D3D3D3	21
847	#FFFFFF	#D3D3D3	21
848	#FFFFFF	#D3D3D3	21
849	#FFFFFF	#D3D3D3	21
850	#FFFFFF	#D3D3D3	21
851	#FFFFFF	#D3D3D3	21
852	#FFFFFF	#D3D3D3	21
853	#FFFFFF	#D3D3D3	21
854	#FFFFFF	#D3D3D3	4
855	#FFFFFF	#D3D3D3	4
856	#FFFFFF	#D3D3D3	4
857	#FFFFFF	#D3D3D3	4
858	#FFFFFF	#D3D3D3	4
859	#FFFFFF	#D3D3D3	4
860	#FFFFFF	#D3D3D3	4
861	#FFFFFF	#D3D3D3	4
862	#FFFFFF	#D3D3D3	155
863	#FFFFFF	#D3D3D3	155
864	#FFFFFF	#D3D3D3	155
865	#FFFFFF	#D3D3D3	4
866	#FFFFFF	#D3D3D3	155
867	#FFFFFF	#D3D3D3	4
868	#FFFFFF	#D3D3D3	4
869	#FFFFFF	#D3D3D3	4
870	#FFFFFF	#D3D3D3	4
871	#FFFFFF	#D3D3D3	21
872	#FFFFFF	#D3D3D3	4
873	#FFFFFF	#D3D3D3	21
874	#FFFFFF	#D3D3D3	21
875	#FFFFFF	#D3D3D3	21
876	#FFFFFF	#D3D3D3	21
877	#FFFFFF	#D3D3D3	21
878	#FFFFFF	#D3D3D3	21
879	#FFFFFF	#D3D3D3	21
880	#FFFFFF	#D3D3D3	21
881	#FFFFFF	#D3D3D3	21
882	#FFFFFF	#D3D3D3	21
883	#FFFFFF	#D3D3D3	4
884	#FFFFFF	#D3D3D3	21
885	#FFFFFF	#D3D3D3	21
886	#FFFFFF	#D3D3D3	21
887	#FFFFFF	#D3D3D3	21
888	#FFFFFF	#D3D3D3	21
889	#FFFFFF	#D3D3D3	21
890	#FFFFFF	#D3D3D3	21
891	#FFFFFF	#D3D3D3	21
892	#FFFFFF	#D3D3D3	21
893	#FFFFFF	#D3D3D3	21
894	#FFFFFF	#D3D3D3	4
895	#FFFFFF	#D3D3D3	21
896	#FFFFFF	#D3D3D3	21
897	#FFFFFF	#D3D3D3	21
898	#FFFFFF	#D3D3D3	21
899	#FFFFFF	#D3D3D3	21
900	#FFFFFF	#D3D3D3	21
901	#FFFFFF	#D3D3D3	5
902	#FFFFFF	#D3D3D3	21
903	#FFFFFF	#D3D3D3	5
904	#FFFFFF	#D3D3D3	5
905	#FFFFFF	#D3D3D3	4
906	#FFFFFF	#D3D3D3	4
907	#FFFFFF	#D3D3D3	21
908	#FFFFFF	#D3D3D3	4
909	#FFFFFF	#D3D3D3	155
910	#FFFFFF	#D3D3D3	4
911	#FFFFFF	#D3D3D3	4
912	#FFFFFF	#D3D3D3	4
913	#FFFFFF	#D3D3D3	155
914	#FFFFFF	#D3D3D3	155
915	#FFFFFF	#D3D3D3	4
916	#FFFFFF	#D3D3D3	4
917	#FFFFFF	#D3D3D3	4
918	#FFFFFF	#D3D3D3	4
919	#FFFFFF	#D3D3D3	4
920	#FFFFFF	#D3D3D3	4
921	#FFFFFF	#D3D3D3	21
922	#FFFFFF	#D3D3D3	21
923	#FFFFFF	#D3D3D3	4
924	#FFFFFF	#D3D3D3	21
925	#FFFFFF	#D3D3D3	21
926	#FFFFFF	#D3D3D3	21
927	#FFFFFF	#D3D3D3	21
928	#FFFFFF	#D3D3D3	21
929	#FFFFFF	#D3D3D3	21
930	#FFFFFF	#D3D3D3	21
931	#FFFFFF	#D3D3D3	21
932	#FFFFFF	#D3D3D3	21
933	#FFFFFF	#D3D3D3	21
934	#FFFFFF	#D3D3D3	4
935	#FFFFFF	#D3D3D3	21
936	#FFFFFF	#D3D3D3	21
937	#FFFFFF	#D3D3D3	21
938	#FFFFFF	#D3D3D3	21
939	#FFFFFF	#D3D3D3	21
940	#FFFFFF	#D3D3D3	21
941	#FFFFFF	#D3D3D3	21
942	#FFFFFF	#D3D3D3	21
943	#FFFFFF	#D3D3D3	21
944	#FFFFFF	#D3D3D3	21
945	#FFFFFF	#D3D3D3	4
946	#FFFFFF	#D3D3D3	21
947	#FFFFFF	#D3D3D3	21
948	#FFFFFF	#D3D3D3	21
949	#FFFFFF	#D3D3D3	21
950	#FFFFFF	#D3D3D3	21
951	#FFFFFF	#D3D3D3	5
952	#FFFFFF	#D3D3D3	5
953	#FFFFFF	#D3D3D3	21
954	#FFFFFF	#D3D3D3	5
955	#FFFFFF	#D3D3D3	4
956	#FFFFFF	#D3D3D3	21
957	#FFFFFF	#D3D3D3	4
958	#FFFFFF	#D3D3D3	4
959	#FFFFFF	#D3D3D3	155
960	#FFFFFF	#D3D3D3	4
961	#FFFFFF	#D3D3D3	4
962	#FFFFFF	#D3D3D3	4
963	#FFFFFF	#D3D3D3	4
964	#FFFFFF	#D3D3D3	155
965	#FFFFFF	#D3D3D3	4
966	#FFFFFF	#D3D3D3	4
967	#FFFFFF	#D3D3D3	4
968	#FFFFFF	#D3D3D3	4
969	#FFFFFF	#D3D3D3	4
970	#FFFFFF	#D3D3D3	4
971	#FFFFFF	#D3D3D3	21
972	#FFFFFF	#D3D3D3	21
973	#FFFFFF	#D3D3D3	4
974	#FFFFFF	#D3D3D3	21
975	#FFFFFF	#D3D3D3	21
976	#FFFFFF	#D3D3D3	21
977	#FFFFFF	#D3D3D3	21
978	#FFFFFF	#D3D3D3	21
979	#FFFFFF	#D3D3D3	21
980	#FFFFFF	#D3D3D3	21
981	#FFFFFF	#D3D3D3	21
982	#FFFFFF	#D3D3D3	21
983	#FFFFFF	#D3D3D3	21
984	#FFFFFF	#D3D3D3	4
985	#FFFFFF	#D3D3D3	21
986	#FFFFFF	#D3D3D3	21
987	#FFFFFF	#D3D3D3	21
988	#FFFFFF	#D3D3D3	21
989	#FFFFFF	#D3D3D3	21
990	#FFFFFF	#D3D3D3	21
991	#FFFFFF	#D3D3D3	21
992	#FFFFFF	#D3D3D3	21
993	#FFFFFF	#D3D3D3	21
994	#FFFFFF	#D3D3D3	21
995	#FFFFFF	#D3D3D3	4
996	#FFFFFF	#D3D3D3	21
997	#FFFFFF	#D3D3D3	21
998	#FFFFFF	#D3D3D3	21
999	#FFFFFF	#D3D3D3	21
1000	#FFFFFF	#D3D3D3	21
1001	#FFFFFF	#D3D3D3	21
1002	#FFFFFF	#D3D3D3	5
1003	#FFFFFF	#D3D3D3	21
1004	#FFFFFF	#D3D3D3	5
1005	#FFFFFF	#D3D3D3	5
1006	#FFFFFF	#D3D3D3	4
1007	#FFFFFF	#D3D3D3	4
1008	#FFFFFF	#D3D3D3	21
1009	#FFFFFF	#D3D3D3	4
1010	#FFFFFF	#D3D3D3	4
1011	#FFFFFF	#D3D3D3	4
1012	#FFFFFF	#D3D3D3	4
1013	#FFFFFF	#D3D3D3	4
1014	#FFFFFF	#D3D3D3	155
1015	#FFFFFF	#D3D3D3	4
1016	#FFFFFF	#D3D3D3	4
1017	#FFFFFF	#D3D3D3	21
1018	#FFFFFF	#D3D3D3	21
1019	#FFFFFF	#D3D3D3	4
1020	#FFFFFF	#D3D3D3	4
1021	#FFFFFF	#D3D3D3	4
1022	#FFFFFF	#D3D3D3	21
1023	#FFFFFF	#D3D3D3	21
1024	#FFFFFF	#D3D3D3	4
1025	#FFFFFF	#D3D3D3	21
1026	#FFFFFF	#D3D3D3	21
1027	#FFFFFF	#D3D3D3	21
1028	#FFFFFF	#D3D3D3	21
1029	#FFFFFF	#D3D3D3	21
1030	#FFFFFF	#D3D3D3	21
1031	#FFFFFF	#D3D3D3	21
1032	#FFFFFF	#D3D3D3	21
1033	#FFFFFF	#D3D3D3	21
1034	#FFFFFF	#D3D3D3	21
1035	#FFFFFF	#D3D3D3	4
1036	#FFFFFF	#D3D3D3	21
1037	#FFFFFF	#D3D3D3	21
1038	#FFFFFF	#D3D3D3	21
1039	#FFFFFF	#D3D3D3	21
1040	#FFFFFF	#D3D3D3	21
1041	#FFFFFF	#D3D3D3	21
1042	#FFFFFF	#D3D3D3	21
1043	#FFFFFF	#D3D3D3	21
1044	#FFFFFF	#D3D3D3	21
1045	#FFFFFF	#D3D3D3	21
1046	#FFFFFF	#D3D3D3	4
1047	#FFFFFF	#D3D3D3	21
1048	#FFFFFF	#D3D3D3	21
1049	#FFFFFF	#D3D3D3	21
1050	#FFFFFF	#D3D3D3	21
1051	#FFFFFF	#D3D3D3	21
1052	#FFFFFF	#D3D3D3	5
1053	#FFFFFF	#D3D3D3	21
1054	#FFFFFF	#D3D3D3	21
1055	#FFFFFF	#D3D3D3	5
1056	#FFFFFF	#D3D3D3	4
1057	#FFFFFF	#D3D3D3	21
1058	#FFFFFF	#D3D3D3	4
1059	#FFFFFF	#D3D3D3	21
1060	#FFFFFF	#D3D3D3	4
1061	#FFFFFF	#D3D3D3	4
1062	#FFFFFF	#D3D3D3	4
1063	#FFFFFF	#D3D3D3	4
1064	#FFFFFF	#D3D3D3	4
1065	#FFFFFF	#D3D3D3	4
1066	#FFFFFF	#D3D3D3	21
1067	#FFFFFF	#D3D3D3	21
1068	#FFFFFF	#D3D3D3	21
1069	#FFFFFF	#D3D3D3	21
1070	#FFFFFF	#D3D3D3	4
1071	#FFFFFF	#D3D3D3	4
1072	#FFFFFF	#D3D3D3	21
1073	#FFFFFF	#D3D3D3	21
1074	#FFFFFF	#D3D3D3	4
1075	#FFFFFF	#D3D3D3	21
1076	#FFFFFF	#D3D3D3	21
1077	#FFFFFF	#D3D3D3	21
1078	#FFFFFF	#D3D3D3	21
1079	#FFFFFF	#D3D3D3	21
1080	#FFFFFF	#D3D3D3	21
1081	#FFFFFF	#D3D3D3	21
1082	#FFFFFF	#D3D3D3	21
1083	#FFFFFF	#D3D3D3	21
1084	#FFFFFF	#D3D3D3	21
1085	#FFFFFF	#D3D3D3	4
1086	#FFFFFF	#D3D3D3	21
1087	#FFFFFF	#D3D3D3	21
1088	#FFFFFF	#D3D3D3	21
1089	#FFFFFF	#D3D3D3	21
1090	#FFFFFF	#D3D3D3	21
1091	#FFFFFF	#D3D3D3	21
1092	#FFFFFF	#D3D3D3	21
1093	#FFFFFF	#D3D3D3	21
1094	#FFFFFF	#D3D3D3	21
1095	#FFFFFF	#D3D3D3	21
1096	#FFFFFF	#D3D3D3	4
1097	#FFFFFF	#D3D3D3	21
1098	#FFFFFF	#D3D3D3	21
1099	#FFFFFF	#D3D3D3	21
1100	#FFFFFF	#D3D3D3	21
1101	#FFFFFF	#D3D3D3	21
1102	#FFFFFF	#D3D3D3	5
1103	#FFFFFF	#D3D3D3	5
1104	#FFFFFF	#D3D3D3	21
1105	#FFFFFF	#D3D3D3	5
1106	#FFFFFF	#D3D3D3	5
1107	#FFFFFF	#D3D3D3	4
1108	#FFFFFF	#D3D3D3	21
1109	#FFFFFF	#D3D3D3	21
1110	#FFFFFF	#D3D3D3	21
1111	#FFFFFF	#D3D3D3	4
1112	#FFFFFF	#D3D3D3	4
1113	#FFFFFF	#D3D3D3	4
1114	#FFFFFF	#D3D3D3	4
1115	#FFFFFF	#D3D3D3	4
1116	#FFFFFF	#D3D3D3	21
1117	#FFFFFF	#D3D3D3	21
1118	#FFFFFF	#D3D3D3	21
1119	#FFFFFF	#D3D3D3	21
1120	#FFFFFF	#D3D3D3	21
1121	#FFFFFF	#D3D3D3	4
1122	#FFFFFF	#D3D3D3	21
1123	#FFFFFF	#D3D3D3	21
1124	#FFFFFF	#D3D3D3	21
1125	#FFFFFF	#D3D3D3	4
1126	#FFFFFF	#D3D3D3	21
1127	#FFFFFF	#D3D3D3	21
1128	#FFFFFF	#D3D3D3	21
1129	#FFFFFF	#D3D3D3	21
1130	#FFFFFF	#D3D3D3	21
1131	#FFFFFF	#D3D3D3	21
1132	#FFFFFF	#D3D3D3	21
1133	#FFFFFF	#D3D3D3	21
1134	#FFFFFF	#D3D3D3	21
1135	#FFFFFF	#D3D3D3	21
1136	#FFFFFF	#D3D3D3	4
1137	#FFFFFF	#D3D3D3	21
1138	#FFFFFF	#D3D3D3	21
1139	#FFFFFF	#D3D3D3	21
1140	#FFFFFF	#D3D3D3	21
1141	#FFFFFF	#D3D3D3	21
1142	#FFFFFF	#D3D3D3	21
1143	#FFFFFF	#D3D3D3	21
1144	#FFFFFF	#D3D3D3	21
1145	#FFFFFF	#D3D3D3	21
1146	#FFFFFF	#D3D3D3	21
1147	#FFFFFF	#D3D3D3	4
1148	#FFFFFF	#D3D3D3	5
1149	#FFFFFF	#D3D3D3	5
1150	#FFFFFF	#D3D3D3	21
1151	#FFFFFF	#D3D3D3	21
1152	#FFFFFF	#D3D3D3	5
1153	#FFFFFF	#D3D3D3	5
1154	#FFFFFF	#D3D3D3	5
1155	#FFFFFF	#D3D3D3	5
1156	#FFFFFF	#D3D3D3	5
1157	#FFFFFF	#D3D3D3	4
1158	#FFFFFF	#D3D3D3	4
1159	#FFFFFF	#D3D3D3	21
1160	#FFFFFF	#D3D3D3	21
1161	#FFFFFF	#D3D3D3	4
1165	#FFFFFF	#D3D3D3	4
1166	#FFFFFF	#D3D3D3	4
1167	#FFFFFF	#D3D3D3	4
1168	#FFFFFF	#D3D3D3	4
1169	#FFFFFF	#D3D3D3	4
1170	#FFFFFF	#D3D3D3	4
1171	#FFFFFF	#D3D3D3	4
1172	#FFFFFF	#D3D3D3	4
1173	#FFFFFF	#D3D3D3	4
1174	#FFFFFF	#D3D3D3	4
1176	#FFFFFF	#D3D3D3	21
1177	#FFFFFF	#D3D3D3	21
1178	#FFFFFF	#D3D3D3	21
1179	#FFFFFF	#D3D3D3	21
1180	#FFFFFF	#D3D3D3	21
1181	#FFFFFF	#D3D3D3	21
1182	#FFFFFF	#D3D3D3	21
1183	#FFFFFF	#D3D3D3	21
1184	#FFFFFF	#D3D3D3	21
1185	#FFFFFF	#D3D3D3	21
1187	#FFFFFF	#D3D3D3	21
1188	#FFFFFF	#D3D3D3	21
1189	#FFFFFF	#D3D3D3	21
1190	#FFFFFF	#D3D3D3	21
1191	#FFFFFF	#D3D3D3	21
1192	#FFFFFF	#D3D3D3	21
1193	#FFFFFF	#D3D3D3	21
1194	#FFFFFF	#D3D3D3	21
1195	#FFFFFF	#D3D3D3	21
1196	#FFFFFF	#D3D3D3	21
1197	#FFFFFF	#D3D3D3	4
1198	#FFFFFF	#D3D3D3	21
1199	#FFFFFF	#D3D3D3	21
1200	#FFFFFF	#D3D3D3	21
1201	#FFFFFF	#D3D3D3	21
1202	#FFFFFF	#D3D3D3	21
1203	#FFFFFF	#D3D3D3	21
1204	#FFFFFF	#D3D3D3	21
1205	#FFFFFF	#D3D3D3	21
1206	#FFFFFF	#D3D3D3	21
1207	#FFFFFF	#D3D3D3	21
1208	#FFFFFF	#D3D3D3	155
1209	#FFFFFF	#D3D3D3	155
1210	#FFFFFF	#D3D3D3	155
1211	#FFFFFF	#D3D3D3	155
1212	#FFFFFF	#D3D3D3	155
1216	#FFFFFF	#D3D3D3	4
1217	#FFFFFF	#D3D3D3	4
1218	#FFFFFF	#D3D3D3	4
1219	#FFFFFF	#D3D3D3	4
1220	#FFFFFF	#D3D3D3	4
1221	#FFFFFF	#D3D3D3	4
1222	#FFFFFF	#D3D3D3	4
1223	#FFFFFF	#D3D3D3	4
1224	#FFFFFF	#D3D3D3	4
1225	#FFFFFF	#D3D3D3	4
1227	#FFFFFF	#D3D3D3	21
1228	#FFFFFF	#D3D3D3	21
1229	#FFFFFF	#D3D3D3	21
1230	#FFFFFF	#D3D3D3	21
1231	#FFFFFF	#D3D3D3	21
1232	#FFFFFF	#D3D3D3	21
1233	#FFFFFF	#D3D3D3	21
1234	#FFFFFF	#D3D3D3	21
1235	#FFFFFF	#D3D3D3	21
1236	#FFFFFF	#D3D3D3	21
1237	#FFFFFF	#D3D3D3	4
1238	#FFFFFF	#D3D3D3	21
1239	#FFFFFF	#D3D3D3	21
1240	#FFFFFF	#D3D3D3	21
1241	#FFFFFF	#D3D3D3	21
1242	#FFFFFF	#D3D3D3	21
1243	#FFFFFF	#D3D3D3	21
1244	#FFFFFF	#D3D3D3	21
1245	#FFFFFF	#D3D3D3	21
1246	#FFFFFF	#D3D3D3	21
1247	#FFFFFF	#D3D3D3	21
1248	#FFFFFF	#D3D3D3	155
1249	#FFFFFF	#D3D3D3	21
1250	#FFFFFF	#D3D3D3	21
1251	#FFFFFF	#D3D3D3	21
1252	#FFFFFF	#D3D3D3	21
1253	#FFFFFF	#D3D3D3	21
1254	#FFFFFF	#D3D3D3	21
1255	#FFFFFF	#D3D3D3	21
1256	#FFFFFF	#D3D3D3	21
1257	#FFFFFF	#D3D3D3	21
1258	#FFFFFF	#D3D3D3	155
1259	#FFFFFF	#D3D3D3	155
1260	#FFFFFF	#D3D3D3	155
1261	#FFFFFF	#D3D3D3	155
1262	#FFFFFF	#D3D3D3	155
1263	#FFFFFF	#D3D3D3	4
1264	#FFFFFF	#D3D3D3	4
1265	#FFFFFF	#D3D3D3	4
1266	#FFFFFF	#D3D3D3	4
1267	#FFFFFF	#D3D3D3	4
1268	#FFFFFF	#D3D3D3	21
1269	#FFFFFF	#D3D3D3	21
1270	#FFFFFF	#D3D3D3	21
1271	#FFFFFF	#D3D3D3	21
1272	#FFFFFF	#D3D3D3	21
1273	#FFFFFF	#D3D3D3	21
1274	#FFFFFF	#D3D3D3	21
1275	#FFFFFF	#D3D3D3	21
1276	#FFFFFF	#D3D3D3	4
1277	#FFFFFF	#D3D3D3	21
1278	#FFFFFF	#D3D3D3	21
1279	#FFFFFF	#D3D3D3	21
1280	#FFFFFF	#D3D3D3	21
1281	#FFFFFF	#D3D3D3	21
1282	#FFFFFF	#D3D3D3	21
1283	#FFFFFF	#D3D3D3	21
1284	#FFFFFF	#D3D3D3	21
1285	#FFFFFF	#D3D3D3	21
1286	#FFFFFF	#D3D3D3	21
1287	#FFFFFF	#D3D3D3	4
1288	#FFFFFF	#D3D3D3	21
1289	#FFFFFF	#D3D3D3	21
1290	#FFFFFF	#D3D3D3	21
1291	#FFFFFF	#D3D3D3	21
1292	#FFFFFF	#D3D3D3	21
1293	#FFFFFF	#D3D3D3	21
1294	#FFFFFF	#D3D3D3	21
1295	#FFFFFF	#D3D3D3	21
1296	#FFFFFF	#D3D3D3	21
1297	#FFFFFF	#D3D3D3	21
1298	#FFFFFF	#D3D3D3	4
1299	#FFFFFF	#D3D3D3	5
1300	#FFFFFF	#D3D3D3	5
1301	#FFFFFF	#D3D3D3	5
1302	#FFFFFF	#D3D3D3	5
1303	#FFFFFF	#D3D3D3	5
1304	#FFFFFF	#D3D3D3	5
1305	#FFFFFF	#D3D3D3	5
1306	#FFFFFF	#D3D3D3	5
1307	#FFFFFF	#D3D3D3	5
1308	#FFFFFF	#D3D3D3	5
1309	#FFFFFF	#D3D3D3	4
1310	#FFFFFF	#D3D3D3	4
1311	#FFFFFF	#D3D3D3	21
1312	#FFFFFF	#D3D3D3	21
1313	#FFFFFF	#D3D3D3	21
1314	#FFFFFF	#D3D3D3	4
1315	#FFFFFF	#D3D3D3	4
1316	#FFFFFF	#D3D3D3	4
1317	#FFFFFF	#D3D3D3	4
1318	#FFFFFF	#D3D3D3	4
1319	#FFFFFF	#D3D3D3	4
1320	#FFFFFF	#D3D3D3	21
1321	#FFFFFF	#D3D3D3	21
1322	#FFFFFF	#D3D3D3	21
1323	#FFFFFF	#D3D3D3	21
1324	#FFFFFF	#D3D3D3	21
1325	#FFFFFF	#D3D3D3	21
1326	#FFFFFF	#D3D3D3	21
1327	#FFFFFF	#D3D3D3	4
1328	#FFFFFF	#D3D3D3	21
1329	#FFFFFF	#D3D3D3	21
1330	#FFFFFF	#D3D3D3	21
1331	#FFFFFF	#D3D3D3	21
1332	#FFFFFF	#D3D3D3	21
1333	#FFFFFF	#D3D3D3	21
1334	#FFFFFF	#D3D3D3	21
1335	#FFFFFF	#D3D3D3	21
1336	#FFFFFF	#D3D3D3	21
1337	#FFFFFF	#D3D3D3	21
1338	#FFFFFF	#D3D3D3	4
1339	#FFFFFF	#D3D3D3	21
1340	#FFFFFF	#D3D3D3	21
1341	#FFFFFF	#D3D3D3	21
1342	#FFFFFF	#D3D3D3	21
1343	#FFFFFF	#D3D3D3	21
1344	#FFFFFF	#D3D3D3	21
1345	#FFFFFF	#D3D3D3	21
1346	#FFFFFF	#D3D3D3	5
1347	#FFFFFF	#D3D3D3	21
1348	#FFFFFF	#D3D3D3	21
1349	#FFFFFF	#D3D3D3	4
1350	#FFFFFF	#D3D3D3	5
1351	#FFFFFF	#D3D3D3	21
1352	#FFFFFF	#D3D3D3	5
1353	#FFFFFF	#D3D3D3	5
1354	#FFFFFF	#D3D3D3	5
1355	#FFFFFF	#D3D3D3	5
1356	#FFFFFF	#D3D3D3	5
1357	#FFFFFF	#D3D3D3	5
1358	#FFFFFF	#D3D3D3	5
1359	#FFFFFF	#D3D3D3	4
1360	#FFFFFF	#D3D3D3	4
1361	#FFFFFF	#D3D3D3	21
1362	#FFFFFF	#D3D3D3	4
1363	#FFFFFF	#D3D3D3	4
1364	#FFFFFF	#D3D3D3	4
1365	#FFFFFF	#D3D3D3	4
1366	#FFFFFF	#D3D3D3	4
1367	#FFFFFF	#D3D3D3	4
1368	#FFFFFF	#D3D3D3	4
1369	#FFFFFF	#D3D3D3	4
1370	#FFFFFF	#D3D3D3	21
1371	#FFFFFF	#D3D3D3	21
1372	#FFFFFF	#D3D3D3	21
1373	#FFFFFF	#D3D3D3	21
1374	#FFFFFF	#D3D3D3	21
1375	#FFFFFF	#D3D3D3	21
1376	#FFFFFF	#D3D3D3	21
1377	#FFFFFF	#D3D3D3	4
1378	#FFFFFF	#D3D3D3	21
1379	#FFFFFF	#D3D3D3	21
1380	#FFFFFF	#D3D3D3	21
1381	#FFFFFF	#D3D3D3	21
1382	#FFFFFF	#D3D3D3	21
1383	#FFFFFF	#D3D3D3	21
1384	#FFFFFF	#D3D3D3	21
1385	#FFFFFF	#D3D3D3	21
1386	#FFFFFF	#D3D3D3	21
1387	#FFFFFF	#D3D3D3	21
1388	#FFFFFF	#D3D3D3	4
1389	#FFFFFF	#D3D3D3	21
1390	#FFFFFF	#D3D3D3	21
1391	#FFFFFF	#D3D3D3	21
1392	#FFFFFF	#D3D3D3	21
1393	#FFFFFF	#D3D3D3	21
1394	#FFFFFF	#D3D3D3	21
1395	#FFFFFF	#D3D3D3	21
1396	#FFFFFF	#D3D3D3	21
1397	#FFFFFF	#D3D3D3	5
1398	#FFFFFF	#D3D3D3	5
1399	#FFFFFF	#D3D3D3	4
1400	#FFFFFF	#D3D3D3	21
1401	#FFFFFF	#D3D3D3	21
1402	#FFFFFF	#D3D3D3	5
1403	#FFFFFF	#D3D3D3	5
1404	#FFFFFF	#D3D3D3	5
1405	#FFFFFF	#D3D3D3	5
1406	#FFFFFF	#D3D3D3	5
1407	#FFFFFF	#D3D3D3	5
1408	#FFFFFF	#D3D3D3	5
1409	#FFFFFF	#D3D3D3	5
1410	#FFFFFF	#D3D3D3	4
1411	#FFFFFF	#D3D3D3	21
1412	#FFFFFF	#D3D3D3	4
1413	#FFFFFF	#D3D3D3	21
1414	#FFFFFF	#D3D3D3	4
1415	#FFFFFF	#D3D3D3	4
1416	#FFFFFF	#D3D3D3	4
1417	#FFFFFF	#D3D3D3	4
1418	#FFFFFF	#D3D3D3	4
1419	#FFFFFF	#D3D3D3	21
1420	#FFFFFF	#D3D3D3	21
1421	#FFFFFF	#D3D3D3	21
1422	#FFFFFF	#D3D3D3	21
1423	#FFFFFF	#D3D3D3	21
1424	#FFFFFF	#D3D3D3	21
1425	#FFFFFF	#D3D3D3	21
1426	#FFFFFF	#D3D3D3	21
1427	#FFFFFF	#D3D3D3	21
1428	#FFFFFF	#D3D3D3	4
1429	#FFFFFF	#D3D3D3	21
1430	#FFFFFF	#D3D3D3	21
1431	#FFFFFF	#D3D3D3	21
1432	#FFFFFF	#D3D3D3	21
1433	#FFFFFF	#D3D3D3	21
1434	#FFFFFF	#D3D3D3	21
1435	#FFFFFF	#D3D3D3	21
1436	#FFFFFF	#D3D3D3	21
1437	#FFFFFF	#D3D3D3	21
1438	#FFFFFF	#D3D3D3	21
1439	#FFFFFF	#D3D3D3	4
1440	#FFFFFF	#D3D3D3	21
1441	#FFFFFF	#D3D3D3	21
1442	#FFFFFF	#D3D3D3	21
1443	#FFFFFF	#D3D3D3	21
1444	#FFFFFF	#D3D3D3	21
1445	#FFFFFF	#D3D3D3	21
1446	#FFFFFF	#D3D3D3	21
1447	#FFFFFF	#D3D3D3	5
1448	#FFFFFF	#D3D3D3	5
1449	#FFFFFF	#D3D3D3	5
1450	#FFFFFF	#D3D3D3	4
1451	#FFFFFF	#D3D3D3	21
1452	#FFFFFF	#D3D3D3	5
1453	#FFFFFF	#D3D3D3	21
1454	#FFFFFF	#D3D3D3	5
1455	#FFFFFF	#D3D3D3	5
1456	#FFFFFF	#D3D3D3	5
1457	#FFFFFF	#D3D3D3	5
1458	#FFFFFF	#D3D3D3	5
1459	#FFFFFF	#D3D3D3	5
1460	#FFFFFF	#D3D3D3	4
1461	#FFFFFF	#D3D3D3	21
1462	#FFFFFF	#D3D3D3	21
1463	#FFFFFF	#D3D3D3	21
1464	#FFFFFF	#D3D3D3	21
1465	#FFFFFF	#D3D3D3	4
1466	#FFFFFF	#D3D3D3	4
1467	#FFFFFF	#D3D3D3	4
1468	#FFFFFF	#D3D3D3	4
1469	#FFFFFF	#D3D3D3	4
1470	#FFFFFF	#D3D3D3	21
1471	#FFFFFF	#D3D3D3	21
1472	#FFFFFF	#D3D3D3	21
1473	#FFFFFF	#D3D3D3	21
1474	#FFFFFF	#D3D3D3	21
1475	#FFFFFF	#D3D3D3	21
1476	#FFFFFF	#D3D3D3	21
1477	#FFFFFF	#D3D3D3	21
1478	#FFFFFF	#D3D3D3	4
1479	#FFFFFF	#D3D3D3	21
1480	#FFFFFF	#D3D3D3	21
1481	#FFFFFF	#D3D3D3	21
1482	#FFFFFF	#D3D3D3	21
1483	#FFFFFF	#D3D3D3	21
1484	#FFFFFF	#D3D3D3	21
1485	#FFFFFF	#D3D3D3	21
1486	#FFFFFF	#D3D3D3	21
1487	#FFFFFF	#D3D3D3	21
1488	#FFFFFF	#D3D3D3	21
1489	#FFFFFF	#D3D3D3	4
1490	#FFFFFF	#D3D3D3	21
1491	#FFFFFF	#D3D3D3	21
1492	#FFFFFF	#D3D3D3	5
1493	#FFFFFF	#D3D3D3	21
1494	#FFFFFF	#D3D3D3	21
1495	#FFFFFF	#D3D3D3	21
1496	#FFFFFF	#D3D3D3	21
1497	#FFFFFF	#D3D3D3	21
1498	#FFFFFF	#D3D3D3	5
1499	#FFFFFF	#D3D3D3	21
1500	#FFFFFF	#D3D3D3	4
1501	#FFFFFF	#D3D3D3	21
1502	#FFFFFF	#D3D3D3	5
1503	#FFFFFF	#D3D3D3	21
1504	#FFFFFF	#D3D3D3	21
1505	#FFFFFF	#D3D3D3	5
1506	#FFFFFF	#D3D3D3	5
1507	#FFFFFF	#D3D3D3	5
1508	#FFFFFF	#D3D3D3	5
1509	#FFFFFF	#D3D3D3	5
1510	#FFFFFF	#D3D3D3	5
1511	#FFFFFF	#D3D3D3	4
1512	#FFFFFF	#D3D3D3	4
1513	#FFFFFF	#D3D3D3	21
1514	#FFFFFF	#D3D3D3	21
1515	#FFFFFF	#D3D3D3	21
1516	#FFFFFF	#D3D3D3	4
1517	#FFFFFF	#D3D3D3	5
1518	#FFFFFF	#D3D3D3	4
1519	#FFFFFF	#D3D3D3	21
1520	#FFFFFF	#D3D3D3	4
1521	#FFFFFF	#D3D3D3	21
1522	#FFFFFF	#D3D3D3	21
1523	#FFFFFF	#D3D3D3	21
1524	#FFFFFF	#D3D3D3	21
1525	#FFFFFF	#D3D3D3	21
1526	#FFFFFF	#D3D3D3	21
1527	#FFFFFF	#D3D3D3	21
1528	#FFFFFF	#D3D3D3	21
1529	#FFFFFF	#D3D3D3	4
1530	#FFFFFF	#D3D3D3	21
1531	#FFFFFF	#D3D3D3	21
1532	#FFFFFF	#D3D3D3	21
1533	#FFFFFF	#D3D3D3	21
1534	#FFFFFF	#D3D3D3	21
1535	#FFFFFF	#D3D3D3	21
1536	#FFFFFF	#D3D3D3	21
1537	#FFFFFF	#D3D3D3	21
1538	#FFFFFF	#D3D3D3	21
1539	#FFFFFF	#D3D3D3	21
1540	#FFFFFF	#D3D3D3	4
1541	#FFFFFF	#D3D3D3	21
1542	#FFFFFF	#D3D3D3	21
1543	#FFFFFF	#D3D3D3	5
1544	#FFFFFF	#D3D3D3	21
1545	#FFFFFF	#D3D3D3	21
1546	#FFFFFF	#D3D3D3	21
1547	#FFFFFF	#D3D3D3	21
1548	#FFFFFF	#D3D3D3	5
1549	#FFFFFF	#D3D3D3	5
1550	#FFFFFF	#D3D3D3	21
1551	#FFFFFF	#D3D3D3	4
1552	#FFFFFF	#D3D3D3	5
1553	#FFFFFF	#D3D3D3	5
1554	#FFFFFF	#D3D3D3	21
1555	#FFFFFF	#D3D3D3	5
1556	#FFFFFF	#D3D3D3	5
1557	#FFFFFF	#D3D3D3	5
1558	#FFFFFF	#D3D3D3	5
1559	#FFFFFF	#D3D3D3	5
1560	#FFFFFF	#D3D3D3	5
1561	#FFFFFF	#D3D3D3	4
1562	#FFFFFF	#D3D3D3	4
1563	#FFFFFF	#D3D3D3	21
1564	#FFFFFF	#D3D3D3	21
1565	#FFFFFF	#D3D3D3	21
1566	#FFFFFF	#D3D3D3	4
1567	#FFFFFF	#D3D3D3	4
1568	#FFFFFF	#D3D3D3	5
1569	#FFFFFF	#D3D3D3	21
1570	#FFFFFF	#D3D3D3	21
1571	#FFFFFF	#D3D3D3	21
1572	#FFFFFF	#D3D3D3	21
1573	#FFFFFF	#D3D3D3	21
1574	#FFFFFF	#D3D3D3	21
1575	#FFFFFF	#D3D3D3	21
1576	#FFFFFF	#D3D3D3	21
1577	#FFFFFF	#D3D3D3	21
1578	#FFFFFF	#D3D3D3	21
1579	#FFFFFF	#D3D3D3	5
1580	#FFFFFF	#D3D3D3	21
1581	#FFFFFF	#D3D3D3	21
1582	#FFFFFF	#D3D3D3	21
1583	#FFFFFF	#D3D3D3	21
1584	#FFFFFF	#D3D3D3	21
1585	#FFFFFF	#D3D3D3	21
1586	#FFFFFF	#D3D3D3	21
1587	#FFFFFF	#D3D3D3	21
1588	#FFFFFF	#D3D3D3	21
1589	#FFFFFF	#D3D3D3	21
1590	#FFFFFF	#D3D3D3	21
1591	#FFFFFF	#D3D3D3	21
1592	#FFFFFF	#D3D3D3	21
1593	#FFFFFF	#D3D3D3	21
1594	#FFFFFF	#D3D3D3	5
1595	#FFFFFF	#D3D3D3	21
1596	#FFFFFF	#D3D3D3	5
1597	#FFFFFF	#D3D3D3	21
1598	#FFFFFF	#D3D3D3	21
1599	#FFFFFF	#D3D3D3	5
1600	#FFFFFF	#D3D3D3	5
1601	#FFFFFF	#D3D3D3	4
1602	#FFFFFF	#D3D3D3	5
1603	#FFFFFF	#D3D3D3	5
1604	#FFFFFF	#D3D3D3	21
1605	#FFFFFF	#D3D3D3	5
1606	#FFFFFF	#D3D3D3	5
1607	#FFFFFF	#D3D3D3	5
1608	#FFFFFF	#D3D3D3	5
1609	#FFFFFF	#D3D3D3	5
1610	#FFFFFF	#D3D3D3	5
1611	#FFFFFF	#D3D3D3	5
1612	#FFFFFF	#D3D3D3	4
1613	#FFFFFF	#D3D3D3	4
1614	#FFFFFF	#D3D3D3	21
1615	#FFFFFF	#D3D3D3	21
1616	#FFFFFF	#D3D3D3	21
1617	#FFFFFF	#D3D3D3	4
1618	#FFFFFF	#D3D3D3	5
1619	#FFFFFF	#D3D3D3	5
1620	#FFFFFF	#D3D3D3	21
1621	#FFFFFF	#D3D3D3	21
1622	#FFFFFF	#D3D3D3	21
1623	#FFFFFF	#D3D3D3	21
1624	#FFFFFF	#D3D3D3	21
1625	#FFFFFF	#D3D3D3	21
1626	#FFFFFF	#D3D3D3	21
1627	#FFFFFF	#D3D3D3	21
1628	#FFFFFF	#D3D3D3	21
1629	#FFFFFF	#D3D3D3	21
1630	#FFFFFF	#D3D3D3	21
1631	#FFFFFF	#D3D3D3	21
1632	#FFFFFF	#D3D3D3	21
1633	#FFFFFF	#D3D3D3	21
1634	#FFFFFF	#D3D3D3	21
1635	#FFFFFF	#D3D3D3	21
1636	#FFFFFF	#D3D3D3	21
1637	#FFFFFF	#D3D3D3	21
1638	#FFFFFF	#D3D3D3	21
1639	#FFFFFF	#D3D3D3	21
1640	#FFFFFF	#D3D3D3	21
1641	#FFFFFF	#D3D3D3	21
1642	#FFFFFF	#D3D3D3	21
1643	#FFFFFF	#D3D3D3	21
1644	#FFFFFF	#D3D3D3	5
1645	#FFFFFF	#D3D3D3	5
1646	#FFFFFF	#D3D3D3	5
1647	#FFFFFF	#D3D3D3	5
1648	#FFFFFF	#D3D3D3	21
1649	#FFFFFF	#D3D3D3	5
1650	#FFFFFF	#D3D3D3	5
1651	#FFFFFF	#D3D3D3	5
1652	#FFFFFF	#D3D3D3	4
1653	#FFFFFF	#D3D3D3	21
1654	#FFFFFF	#D3D3D3	21
1655	#FFFFFF	#D3D3D3	5
1656	#FFFFFF	#D3D3D3	5
1657	#FFFFFF	#D3D3D3	5
1658	#FFFFFF	#D3D3D3	5
1659	#FFFFFF	#D3D3D3	5
1660	#FFFFFF	#D3D3D3	5
1661	#FFFFFF	#D3D3D3	5
1662	#FFFFFF	#D3D3D3	4
1663	#FFFFFF	#D3D3D3	4
1664	#FFFFFF	#D3D3D3	21
1665	#FFFFFF	#D3D3D3	21
1666	#FFFFFF	#D3D3D3	21
1667	#FFFFFF	#D3D3D3	4
1668	#FFFFFF	#D3D3D3	5
1669	#FFFFFF	#D3D3D3	21
1670	#FFFFFF	#D3D3D3	21
1671	#FFFFFF	#D3D3D3	21
1672	#FFFFFF	#D3D3D3	21
1673	#FFFFFF	#D3D3D3	21
1674	#FFFFFF	#D3D3D3	21
1675	#FFFFFF	#D3D3D3	21
1676	#FFFFFF	#D3D3D3	21
1677	#FFFFFF	#D3D3D3	21
1678	#FFFFFF	#D3D3D3	21
1679	#FFFFFF	#D3D3D3	21
1680	#FFFFFF	#D3D3D3	21
1681	#FFFFFF	#D3D3D3	21
1682	#FFFFFF	#D3D3D3	21
1683	#FFFFFF	#D3D3D3	21
1684	#FFFFFF	#D3D3D3	21
1685	#FFFFFF	#D3D3D3	21
1686	#FFFFFF	#D3D3D3	21
1687	#FFFFFF	#D3D3D3	21
1688	#FFFFFF	#D3D3D3	21
1689	#FFFFFF	#D3D3D3	21
1690	#FFFFFF	#D3D3D3	21
1691	#FFFFFF	#D3D3D3	21
1692	#FFFFFF	#D3D3D3	21
1693	#FFFFFF	#D3D3D3	21
1694	#FFFFFF	#D3D3D3	21
1695	#FFFFFF	#D3D3D3	5
1696	#FFFFFF	#D3D3D3	5
1697	#FFFFFF	#D3D3D3	5
1698	#FFFFFF	#D3D3D3	21
1699	#FFFFFF	#D3D3D3	21
1700	#FFFFFF	#D3D3D3	21
1701	#FFFFFF	#D3D3D3	5
1702	#FFFFFF	#D3D3D3	21
1703	#FFFFFF	#D3D3D3	21
1704	#FFFFFF	#D3D3D3	21
1705	#FFFFFF	#D3D3D3	21
1706	#FFFFFF	#D3D3D3	21
1707	#FFFFFF	#D3D3D3	5
1708	#FFFFFF	#D3D3D3	5
1709	#FFFFFF	#D3D3D3	5
1710	#FFFFFF	#D3D3D3	5
1711	#FFFFFF	#D3D3D3	5
1712	#FFFFFF	#D3D3D3	5
1713	#FFFFFF	#D3D3D3	21
1714	#FFFFFF	#D3D3D3	4
1715	#FFFFFF	#D3D3D3	21
1716	#FFFFFF	#D3D3D3	21
1717	#FFFFFF	#D3D3D3	21
1718	#FFFFFF	#D3D3D3	5
1719	#FFFFFF	#D3D3D3	21
1720	#FFFFFF	#D3D3D3	21
1721	#FFFFFF	#D3D3D3	21
1722	#FFFFFF	#D3D3D3	21
1723	#FFFFFF	#D3D3D3	21
1724	#FFFFFF	#D3D3D3	21
1725	#FFFFFF	#D3D3D3	21
1726	#FFFFFF	#D3D3D3	21
1727	#FFFFFF	#D3D3D3	21
1728	#FFFFFF	#D3D3D3	21
1729	#FFFFFF	#D3D3D3	21
1730	#FFFFFF	#D3D3D3	21
1731	#FFFFFF	#D3D3D3	21
1732	#FFFFFF	#D3D3D3	21
1733	#FFFFFF	#D3D3D3	21
1734	#FFFFFF	#D3D3D3	21
1735	#FFFFFF	#D3D3D3	21
1736	#FFFFFF	#D3D3D3	21
1737	#FFFFFF	#D3D3D3	21
1738	#FFFFFF	#D3D3D3	21
1739	#FFFFFF	#D3D3D3	21
1740	#FFFFFF	#D3D3D3	21
1741	#FFFFFF	#D3D3D3	5
1742	#FFFFFF	#D3D3D3	21
1743	#FFFFFF	#D3D3D3	21
1744	#FFFFFF	#D3D3D3	21
1745	#FFFFFF	#D3D3D3	5
1746	#FFFFFF	#D3D3D3	5
1747	#FFFFFF	#D3D3D3	5
1748	#FFFFFF	#D3D3D3	21
1749	#FFFFFF	#D3D3D3	21
1750	#FFFFFF	#D3D3D3	21
1751	#FFFFFF	#D3D3D3	5
1752	#FFFFFF	#D3D3D3	5
1753	#FFFFFF	#D3D3D3	21
1754	#FFFFFF	#D3D3D3	21
1755	#FFFFFF	#D3D3D3	5
1756	#FFFFFF	#D3D3D3	21
1757	#FFFFFF	#D3D3D3	21
1758	#FFFFFF	#D3D3D3	5
1759	#FFFFFF	#D3D3D3	5
1760	#FFFFFF	#D3D3D3	5
1761	#FFFFFF	#D3D3D3	5
1762	#FFFFFF	#D3D3D3	5
1763	#FFFFFF	#D3D3D3	21
1764	#FFFFFF	#D3D3D3	4
1765	#FFFFFF	#D3D3D3	21
1766	#FFFFFF	#D3D3D3	21
1767	#FFFFFF	#D3D3D3	21
1768	#FFFFFF	#D3D3D3	5
1769	#FFFFFF	#D3D3D3	21
1770	#FFFFFF	#D3D3D3	21
1771	#FFFFFF	#D3D3D3	21
1772	#FFFFFF	#D3D3D3	21
1773	#FFFFFF	#D3D3D3	21
1774	#FFFFFF	#D3D3D3	21
1775	#FFFFFF	#D3D3D3	21
1776	#FFFFFF	#D3D3D3	21
1777	#FFFFFF	#D3D3D3	21
1778	#FFFFFF	#D3D3D3	21
1779	#FFFFFF	#D3D3D3	21
1780	#FFFFFF	#D3D3D3	21
1781	#FFFFFF	#D3D3D3	21
1782	#FFFFFF	#D3D3D3	21
1783	#FFFFFF	#D3D3D3	21
1784	#FFFFFF	#D3D3D3	21
1785	#FFFFFF	#D3D3D3	21
1786	#FFFFFF	#D3D3D3	21
1787	#FFFFFF	#D3D3D3	21
1788	#FFFFFF	#D3D3D3	21
1789	#FFFFFF	#D3D3D3	21
1790	#FFFFFF	#D3D3D3	5
1791	#FFFFFF	#D3D3D3	5
1792	#FFFFFF	#D3D3D3	21
1793	#FFFFFF	#D3D3D3	5
1794	#FFFFFF	#D3D3D3	21
1795	#FFFFFF	#D3D3D3	5
1796	#FFFFFF	#D3D3D3	5
1797	#FFFFFF	#D3D3D3	5
1798	#FFFFFF	#D3D3D3	5
1799	#FFFFFF	#D3D3D3	21
1800	#FFFFFF	#D3D3D3	21
1801	#FFFFFF	#D3D3D3	21
1802	#FFFFFF	#D3D3D3	21
1803	#FFFFFF	#D3D3D3	21
1804	#FFFFFF	#D3D3D3	21
1805	#FFFFFF	#D3D3D3	5
1806	#FFFFFF	#D3D3D3	5
1807	#FFFFFF	#D3D3D3	21
1808	#FFFFFF	#D3D3D3	5
1809	#FFFFFF	#D3D3D3	5
1810	#FFFFFF	#D3D3D3	5
1811	#FFFFFF	#D3D3D3	5
1812	#FFFFFF	#D3D3D3	5
1813	#FFFFFF	#D3D3D3	5
1814	#FFFFFF	#D3D3D3	21
1815	#FFFFFF	#D3D3D3	21
1816	#FFFFFF	#D3D3D3	21
1817	#FFFFFF	#D3D3D3	21
1818	#FFFFFF	#D3D3D3	21
1819	#FFFFFF	#D3D3D3	21
1820	#FFFFFF	#D3D3D3	21
1821	#FFFFFF	#D3D3D3	21
1822	#FFFFFF	#D3D3D3	21
1823	#FFFFFF	#D3D3D3	21
1824	#FFFFFF	#D3D3D3	21
1825	#FFFFFF	#D3D3D3	21
1826	#FFFFFF	#D3D3D3	21
1827	#FFFFFF	#D3D3D3	21
1828	#FFFFFF	#D3D3D3	21
1829	#FFFFFF	#D3D3D3	21
1830	#FFFFFF	#D3D3D3	21
1831	#FFFFFF	#D3D3D3	21
1832	#FFFFFF	#D3D3D3	21
1833	#FFFFFF	#D3D3D3	21
1834	#FFFFFF	#D3D3D3	21
1835	#FFFFFF	#D3D3D3	21
1836	#FFFFFF	#D3D3D3	21
1837	#FFFFFF	#D3D3D3	21
1838	#FFFFFF	#D3D3D3	21
1839	#FFFFFF	#D3D3D3	21
1840	#FFFFFF	#D3D3D3	21
1841	#FFFFFF	#D3D3D3	5
1842	#FFFFFF	#D3D3D3	5
1843	#FFFFFF	#D3D3D3	21
1844	#FFFFFF	#D3D3D3	5
1845	#FFFFFF	#D3D3D3	5
1846	#FFFFFF	#D3D3D3	5
1847	#FFFFFF	#D3D3D3	5
1848	#FFFFFF	#D3D3D3	5
1849	#FFFFFF	#D3D3D3	5
1850	#FFFFFF	#D3D3D3	21
1851	#FFFFFF	#D3D3D3	21
1852	#FFFFFF	#D3D3D3	21
1853	#FFFFFF	#D3D3D3	21
1854	#FFFFFF	#D3D3D3	21
1855	#FFFFFF	#D3D3D3	21
1856	#FFFFFF	#D3D3D3	5
1857	#FFFFFF	#D3D3D3	5
1858	#FFFFFF	#D3D3D3	5
1859	#FFFFFF	#D3D3D3	5
1860	#FFFFFF	#D3D3D3	5
1861	#FFFFFF	#D3D3D3	5
1862	#FFFFFF	#D3D3D3	5
1863	#FFFFFF	#D3D3D3	5
1864	#FFFFFF	#D3D3D3	21
1865	#FFFFFF	#D3D3D3	21
1866	#FFFFFF	#D3D3D3	21
1867	#FFFFFF	#D3D3D3	21
1868	#FFFFFF	#D3D3D3	21
1869	#FFFFFF	#D3D3D3	5
1870	#FFFFFF	#D3D3D3	21
1871	#FFFFFF	#D3D3D3	21
1872	#FFFFFF	#D3D3D3	21
1873	#FFFFFF	#D3D3D3	21
1874	#FFFFFF	#D3D3D3	21
1875	#FFFFFF	#D3D3D3	21
1876	#FFFFFF	#D3D3D3	21
1877	#FFFFFF	#D3D3D3	21
1878	#FFFFFF	#D3D3D3	21
1879	#FFFFFF	#D3D3D3	21
1880	#FFFFFF	#D3D3D3	21
1881	#FFFFFF	#D3D3D3	21
1882	#FFFFFF	#D3D3D3	21
1883	#FFFFFF	#D3D3D3	21
1884	#FFFFFF	#D3D3D3	21
1885	#FFFFFF	#D3D3D3	21
1886	#FFFFFF	#D3D3D3	21
1887	#FFFFFF	#D3D3D3	21
1888	#FFFFFF	#D3D3D3	21
1889	#FFFFFF	#D3D3D3	21
1890	#FFFFFF	#D3D3D3	21
1891	#FFFFFF	#D3D3D3	5
1892	#FFFFFF	#D3D3D3	5
1893	#FFFFFF	#D3D3D3	21
1894	#FFFFFF	#D3D3D3	5
1895	#FFFFFF	#D3D3D3	5
1896	#FFFFFF	#D3D3D3	5
1897	#FFFFFF	#D3D3D3	5
1898	#FFFFFF	#D3D3D3	5
1899	#FFFFFF	#D3D3D3	5
1900	#FFFFFF	#D3D3D3	21
1901	#FFFFFF	#D3D3D3	5
1902	#FFFFFF	#D3D3D3	5
1903	#FFFFFF	#D3D3D3	5
1904	#FFFFFF	#D3D3D3	21
1905	#FFFFFF	#D3D3D3	5
1906	#FFFFFF	#D3D3D3	5
1907	#FFFFFF	#D3D3D3	5
1908	#FFFFFF	#D3D3D3	5
1909	#FFFFFF	#D3D3D3	5
1910	#FFFFFF	#D3D3D3	5
1911	#FFFFFF	#D3D3D3	5
1912	#FFFFFF	#D3D3D3	5
1913	#FFFFFF	#D3D3D3	5
1914	#FFFFFF	#D3D3D3	5
1915	#FFFFFF	#D3D3D3	21
1916	#FFFFFF	#D3D3D3	21
1917	#FFFFFF	#D3D3D3	21
1918	#FFFFFF	#D3D3D3	21
1919	#FFFFFF	#D3D3D3	21
1920	#FFFFFF	#D3D3D3	5
1921	#FFFFFF	#D3D3D3	5
1922	#FFFFFF	#D3D3D3	21
1923	#FFFFFF	#D3D3D3	21
1924	#FFFFFF	#D3D3D3	21
1925	#FFFFFF	#D3D3D3	21
1926	#FFFFFF	#D3D3D3	21
1927	#FFFFFF	#D3D3D3	21
1928	#FFFFFF	#D3D3D3	21
1929	#FFFFFF	#D3D3D3	21
1930	#FFFFFF	#D3D3D3	21
1931	#FFFFFF	#D3D3D3	21
1932	#FFFFFF	#D3D3D3	21
1933	#FFFFFF	#D3D3D3	21
1934	#FFFFFF	#D3D3D3	21
1935	#FFFFFF	#D3D3D3	21
1936	#FFFFFF	#D3D3D3	21
1937	#FFFFFF	#D3D3D3	21
1938	#FFFFFF	#D3D3D3	21
1939	#FFFFFF	#D3D3D3	21
1940	#FFFFFF	#D3D3D3	21
1941	#FFFFFF	#D3D3D3	21
1942	#FFFFFF	#D3D3D3	21
1943	#FFFFFF	#D3D3D3	5
1944	#FFFFFF	#D3D3D3	21
1945	#FFFFFF	#D3D3D3	5
1946	#FFFFFF	#D3D3D3	5
1947	#FFFFFF	#D3D3D3	5
1948	#FFFFFF	#D3D3D3	5
1949	#FFFFFF	#D3D3D3	5
1950	#FFFFFF	#D3D3D3	5
1951	#FFFFFF	#D3D3D3	5
1952	#FFFFFF	#D3D3D3	5
1953	#FFFFFF	#D3D3D3	5
1954	#FFFFFF	#D3D3D3	5
1955	#FFFFFF	#D3D3D3	21
1956	#FFFFFF	#D3D3D3	5
1957	#FFFFFF	#D3D3D3	5
1958	#FFFFFF	#D3D3D3	5
1959	#FFFFFF	#D3D3D3	5
1960	#FFFFFF	#D3D3D3	5
1961	#FFFFFF	#D3D3D3	5
1962	#FFFFFF	#D3D3D3	5
1963	#FFFFFF	#D3D3D3	5
1964	#FFFFFF	#D3D3D3	5
1965	#FFFFFF	#D3D3D3	21
1966	#FFFFFF	#D3D3D3	21
1967	#FFFFFF	#D3D3D3	21
1968	#FFFFFF	#D3D3D3	21
1969	#FFFFFF	#D3D3D3	21
1970	#FFFFFF	#D3D3D3	5
1971	#FFFFFF	#D3D3D3	5
1972	#FFFFFF	#D3D3D3	5
1973	#FFFFFF	#D3D3D3	21
1974	#FFFFFF	#D3D3D3	21
1975	#FFFFFF	#D3D3D3	21
1976	#FFFFFF	#D3D3D3	21
1977	#FFFFFF	#D3D3D3	21
1978	#FFFFFF	#D3D3D3	21
1979	#FFFFFF	#D3D3D3	21
1980	#FFFFFF	#D3D3D3	21
1981	#FFFFFF	#D3D3D3	21
1982	#FFFFFF	#D3D3D3	21
1983	#FFFFFF	#D3D3D3	21
1984	#FFFFFF	#D3D3D3	21
1985	#FFFFFF	#D3D3D3	21
1986	#FFFFFF	#D3D3D3	21
1987	#FFFFFF	#D3D3D3	21
1988	#FFFFFF	#D3D3D3	21
1989	#FFFFFF	#D3D3D3	21
1990	#FFFFFF	#D3D3D3	21
1991	#FFFFFF	#D3D3D3	21
1992	#FFFFFF	#D3D3D3	21
1993	#FFFFFF	#D3D3D3	5
1994	#FFFFFF	#D3D3D3	21
1995	#FFFFFF	#D3D3D3	5
1996	#FFFFFF	#D3D3D3	5
1997	#FFFFFF	#D3D3D3	5
1998	#FFFFFF	#D3D3D3	5
1999	#FFFFFF	#D3D3D3	5
2000	#FFFFFF	#D3D3D3	5
2001	#FFFFFF	#D3D3D3	5
2002	#FFFFFF	#D3D3D3	5
2003	#FFFFFF	#D3D3D3	5
2004	#FFFFFF	#D3D3D3	5
2005	#FFFFFF	#D3D3D3	21
2006	#FFFFFF	#D3D3D3	5
2007	#FFFFFF	#D3D3D3	5
2008	#FFFFFF	#D3D3D3	5
2009	#FFFFFF	#D3D3D3	5
2010	#FFFFFF	#D3D3D3	5
2011	#FFFFFF	#D3D3D3	5
2012	#FFFFFF	#D3D3D3	5
2013	#FFFFFF	#D3D3D3	5
2014	#FFFFFF	#D3D3D3	5
2015	#FFFFFF	#D3D3D3	5
2016	#FFFFFF	#D3D3D3	21
2017	#FFFFFF	#D3D3D3	21
2018	#FFFFFF	#D3D3D3	21
2019	#FFFFFF	#D3D3D3	21
2020	#FFFFFF	#D3D3D3	21
2021	#FFFFFF	#D3D3D3	5
2022	#FFFFFF	#D3D3D3	21
2023	#FFFFFF	#D3D3D3	21
2024	#FFFFFF	#D3D3D3	21
2025	#FFFFFF	#D3D3D3	21
2026	#FFFFFF	#D3D3D3	21
2027	#FFFFFF	#D3D3D3	21
2028	#FFFFFF	#D3D3D3	21
2029	#FFFFFF	#D3D3D3	21
2030	#FFFFFF	#D3D3D3	21
2031	#FFFFFF	#D3D3D3	21
2032	#FFFFFF	#D3D3D3	21
2033	#FFFFFF	#D3D3D3	21
2034	#FFFFFF	#D3D3D3	21
2035	#FFFFFF	#D3D3D3	21
2036	#FFFFFF	#D3D3D3	21
2037	#FFFFFF	#D3D3D3	21
2038	#FFFFFF	#D3D3D3	21
2039	#FFFFFF	#D3D3D3	21
2040	#FFFFFF	#D3D3D3	21
2041	#FFFFFF	#D3D3D3	21
2042	#FFFFFF	#D3D3D3	21
2043	#FFFFFF	#D3D3D3	21
2044	#FFFFFF	#D3D3D3	5
2045	#FFFFFF	#D3D3D3	21
2046	#FFFFFF	#D3D3D3	5
2047	#FFFFFF	#D3D3D3	5
2048	#FFFFFF	#D3D3D3	5
2049	#FFFFFF	#D3D3D3	5
2050	#FFFFFF	#D3D3D3	5
2051	#FFFFFF	#D3D3D3	5
2052	#FFFFFF	#D3D3D3	5
2053	#FFFFFF	#D3D3D3	5
2054	#FFFFFF	#D3D3D3	5
2055	#FFFFFF	#D3D3D3	5
2056	#FFFFFF	#D3D3D3	21
2057	#FFFFFF	#D3D3D3	5
2058	#FFFFFF	#D3D3D3	5
2059	#FFFFFF	#D3D3D3	5
2060	#FFFFFF	#D3D3D3	5
2061	#FFFFFF	#D3D3D3	5
2062	#FFFFFF	#D3D3D3	5
2063	#FFFFFF	#D3D3D3	5
2064	#FFFFFF	#D3D3D3	5
2065	#FFFFFF	#D3D3D3	5
2066	#FFFFFF	#D3D3D3	21
2067	#FFFFFF	#D3D3D3	21
2068	#FFFFFF	#D3D3D3	21
2069	#FFFFFF	#D3D3D3	21
2070	#FFFFFF	#D3D3D3	21
2071	#FFFFFF	#D3D3D3	5
2072	#FFFFFF	#D3D3D3	21
2073	#FFFFFF	#D3D3D3	21
2074	#FFFFFF	#D3D3D3	21
2075	#FFFFFF	#D3D3D3	21
2076	#FFFFFF	#D3D3D3	21
2077	#FFFFFF	#D3D3D3	21
2078	#FFFFFF	#D3D3D3	21
2079	#FFFFFF	#D3D3D3	21
2080	#FFFFFF	#D3D3D3	21
2081	#FFFFFF	#D3D3D3	21
2082	#FFFFFF	#D3D3D3	21
2083	#FFFFFF	#D3D3D3	21
2084	#FFFFFF	#D3D3D3	21
2085	#FFFFFF	#D3D3D3	21
2086	#FFFFFF	#D3D3D3	21
2087	#FFFFFF	#D3D3D3	21
2088	#FFFFFF	#D3D3D3	21
2089	#FFFFFF	#D3D3D3	21
2090	#FFFFFF	#D3D3D3	21
2091	#FFFFFF	#D3D3D3	21
2092	#FFFFFF	#D3D3D3	21
2093	#FFFFFF	#D3D3D3	21
2094	#FFFFFF	#D3D3D3	21
2095	#FFFFFF	#D3D3D3	21
2096	#FFFFFF	#D3D3D3	5
2097	#FFFFFF	#D3D3D3	5
2098	#FFFFFF	#D3D3D3	5
2099	#FFFFFF	#D3D3D3	5
2100	#FFFFFF	#D3D3D3	5
2101	#FFFFFF	#D3D3D3	5
2102	#FFFFFF	#D3D3D3	5
2103	#FFFFFF	#D3D3D3	5
2104	#FFFFFF	#D3D3D3	5
2105	#FFFFFF	#D3D3D3	5
2106	#FFFFFF	#D3D3D3	21
2107	#FFFFFF	#D3D3D3	5
2108	#FFFFFF	#D3D3D3	5
2109	#FFFFFF	#D3D3D3	5
2110	#FFFFFF	#D3D3D3	5
2111	#FFFFFF	#D3D3D3	5
2112	#FFFFFF	#D3D3D3	5
2113	#FFFFFF	#D3D3D3	5
2114	#FFFFFF	#D3D3D3	5
2115	#FFFFFF	#D3D3D3	5
2116	#FFFFFF	#D3D3D3	5
2117	#FFFFFF	#D3D3D3	21
2118	#FFFFFF	#D3D3D3	21
2119	#FFFFFF	#D3D3D3	21
2120	#FFFFFF	#D3D3D3	21
2121	#FFFFFF	#D3D3D3	21
2122	#FFFFFF	#D3D3D3	5
2123	#FFFFFF	#D3D3D3	21
2124	#FFFFFF	#D3D3D3	21
2125	#FFFFFF	#D3D3D3	21
2126	#FFFFFF	#D3D3D3	21
2127	#FFFFFF	#D3D3D3	21
2128	#FFFFFF	#D3D3D3	21
2129	#FFFFFF	#D3D3D3	21
2130	#FFFFFF	#D3D3D3	21
2131	#FFFFFF	#D3D3D3	21
2132	#FFFFFF	#D3D3D3	21
2133	#FFFFFF	#D3D3D3	21
2134	#FFFFFF	#D3D3D3	21
2135	#FFFFFF	#D3D3D3	21
2136	#FFFFFF	#D3D3D3	21
2137	#FFFFFF	#D3D3D3	21
2138	#FFFFFF	#D3D3D3	21
2139	#FFFFFF	#D3D3D3	21
2140	#FFFFFF	#D3D3D3	21
2141	#FFFFFF	#D3D3D3	21
2142	#FFFFFF	#D3D3D3	21
2143	#FFFFFF	#D3D3D3	21
2144	#FFFFFF	#D3D3D3	21
2145	#FFFFFF	#D3D3D3	5
2146	#FFFFFF	#D3D3D3	21
2147	#FFFFFF	#D3D3D3	5
2148	#FFFFFF	#D3D3D3	5
2149	#FFFFFF	#D3D3D3	5
2150	#FFFFFF	#D3D3D3	5
2151	#FFFFFF	#D3D3D3	5
2152	#FFFFFF	#D3D3D3	5
2153	#FFFFFF	#D3D3D3	5
2154	#FFFFFF	#D3D3D3	5
2155	#FFFFFF	#D3D3D3	5
2156	#FFFFFF	#D3D3D3	5
2157	#FFFFFF	#D3D3D3	21
2158	#FFFFFF	#D3D3D3	5
2159	#FFFFFF	#D3D3D3	5
2160	#FFFFFF	#D3D3D3	5
2161	#FFFFFF	#D3D3D3	5
2162	#FFFFFF	#D3D3D3	5
2163	#FFFFFF	#D3D3D3	5
2164	#FFFFFF	#D3D3D3	5
2165	#FFFFFF	#D3D3D3	5
2166	#FFFFFF	#D3D3D3	5
2167	#FFFFFF	#D3D3D3	21
2168	#FFFFFF	#D3D3D3	21
2169	#FFFFFF	#D3D3D3	21
2170	#FFFFFF	#D3D3D3	21
2171	#FFFFFF	#D3D3D3	21
2172	#FFFFFF	#D3D3D3	5
2173	#FFFFFF	#D3D3D3	21
2174	#FFFFFF	#D3D3D3	5
2175	#FFFFFF	#D3D3D3	21
2176	#FFFFFF	#D3D3D3	21
2177	#FFFFFF	#D3D3D3	21
2178	#FFFFFF	#D3D3D3	21
2179	#FFFFFF	#D3D3D3	21
2180	#FFFFFF	#D3D3D3	21
2181	#FFFFFF	#D3D3D3	21
2182	#FFFFFF	#D3D3D3	21
2183	#FFFFFF	#D3D3D3	21
2184	#FFFFFF	#D3D3D3	21
2185	#FFFFFF	#D3D3D3	21
2186	#FFFFFF	#D3D3D3	21
2187	#FFFFFF	#D3D3D3	21
2188	#FFFFFF	#D3D3D3	21
2189	#FFFFFF	#D3D3D3	21
2190	#FFFFFF	#D3D3D3	21
2191	#FFFFFF	#D3D3D3	21
2192	#FFFFFF	#D3D3D3	21
2193	#FFFFFF	#D3D3D3	21
2194	#FFFFFF	#D3D3D3	21
2195	#FFFFFF	#D3D3D3	5
2196	#FFFFFF	#D3D3D3	21
2197	#FFFFFF	#D3D3D3	5
2198	#FFFFFF	#D3D3D3	5
2199	#FFFFFF	#D3D3D3	5
2200	#FFFFFF	#D3D3D3	5
2201	#FFFFFF	#D3D3D3	5
2202	#FFFFFF	#D3D3D3	5
2203	#FFFFFF	#D3D3D3	5
2204	#FFFFFF	#D3D3D3	5
2205	#FFFFFF	#D3D3D3	5
2206	#FFFFFF	#D3D3D3	5
2207	#FFFFFF	#D3D3D3	21
2208	#FFFFFF	#D3D3D3	5
2209	#FFFFFF	#D3D3D3	5
2210	#FFFFFF	#D3D3D3	5
2211	#FFFFFF	#D3D3D3	5
2212	#FFFFFF	#D3D3D3	5
2213	#FFFFFF	#D3D3D3	5
2214	#FFFFFF	#D3D3D3	5
2215	#FFFFFF	#D3D3D3	5
2216	#FFFFFF	#D3D3D3	5
2217	#FFFFFF	#D3D3D3	5
2218	#FFFFFF	#D3D3D3	21
2219	#FFFFFF	#D3D3D3	21
2220	#FFFFFF	#D3D3D3	21
2221	#FFFFFF	#D3D3D3	21
2222	#FFFFFF	#D3D3D3	21
2223	#FFFFFF	#D3D3D3	5
2224	#FFFFFF	#D3D3D3	5
2225	#FFFFFF	#D3D3D3	21
2226	#FFFFFF	#D3D3D3	21
2227	#FFFFFF	#D3D3D3	21
2228	#FFFFFF	#D3D3D3	21
2229	#FFFFFF	#D3D3D3	21
2230	#FFFFFF	#D3D3D3	21
2231	#FFFFFF	#D3D3D3	21
2232	#FFFFFF	#D3D3D3	21
2233	#FFFFFF	#D3D3D3	21
2234	#FFFFFF	#D3D3D3	21
2235	#FFFFFF	#D3D3D3	21
2236	#FFFFFF	#D3D3D3	21
2237	#FFFFFF	#D3D3D3	21
2238	#FFFFFF	#D3D3D3	21
2239	#FFFFFF	#D3D3D3	21
2240	#FFFFFF	#D3D3D3	21
2241	#FFFFFF	#D3D3D3	21
2242	#FFFFFF	#D3D3D3	21
2243	#FFFFFF	#D3D3D3	21
2244	#FFFFFF	#D3D3D3	21
2245	#FFFFFF	#D3D3D3	5
2246	#FFFFFF	#D3D3D3	5
2247	#FFFFFF	#D3D3D3	21
2248	#FFFFFF	#D3D3D3	5
2249	#FFFFFF	#D3D3D3	5
2250	#FFFFFF	#D3D3D3	5
2251	#FFFFFF	#D3D3D3	5
2252	#FFFFFF	#D3D3D3	5
2253	#FFFFFF	#D3D3D3	5
2254	#FFFFFF	#D3D3D3	5
2255	#FFFFFF	#D3D3D3	5
2256	#FFFFFF	#D3D3D3	5
2257	#FFFFFF	#D3D3D3	5
2258	#FFFFFF	#D3D3D3	21
2259	#FFFFFF	#D3D3D3	5
2260	#FFFFFF	#D3D3D3	5
2261	#FFFFFF	#D3D3D3	5
2262	#FFFFFF	#D3D3D3	5
2263	#FFFFFF	#D3D3D3	5
2264	#FFFFFF	#D3D3D3	5
2265	#FFFFFF	#D3D3D3	5
2266	#FFFFFF	#D3D3D3	5
2267	#FFFFFF	#D3D3D3	5
2268	#FFFFFF	#D3D3D3	21
2269	#FFFFFF	#D3D3D3	5
2270	#FFFFFF	#D3D3D3	21
2271	#FFFFFF	#D3D3D3	21
2272	#FFFFFF	#D3D3D3	21
2276	#FFFFFF	#D3D3D3	4
2277	#FFFFFF	#D3D3D3	4
2278	#FFFFFF	#D3D3D3	4
2279	#FFFFFF	#D3D3D3	4
2280	#FFFFFF	#D3D3D3	4
2281	#FFFFFF	#D3D3D3	4
2282	#FFFFFF	#D3D3D3	4
2283	#FFFFFF	#D3D3D3	4
2284	#FFFFFF	#D3D3D3	4
2285	#FFFFFF	#D3D3D3	4
2287	#FFFFFF	#D3D3D3	21
2288	#FFFFFF	#D3D3D3	21
2289	#FFFFFF	#D3D3D3	21
2290	#FFFFFF	#D3D3D3	21
2291	#FFFFFF	#D3D3D3	21
2292	#FFFFFF	#D3D3D3	21
2293	#FFFFFF	#D3D3D3	21
2294	#FFFFFF	#D3D3D3	21
2295	#FFFFFF	#D3D3D3	21
2296	#FFFFFF	#D3D3D3	21
2297	#FFFFFF	#D3D3D3	4
2298	#FFFFFF	#D3D3D3	21
2299	#FFFFFF	#D3D3D3	21
2300	#FFFFFF	#D3D3D3	21
2301	#FFFFFF	#D3D3D3	21
2302	#FFFFFF	#D3D3D3	21
2303	#FFFFFF	#D3D3D3	21
2304	#FFFFFF	#D3D3D3	21
2305	#FFFFFF	#D3D3D3	21
2306	#FFFFFF	#D3D3D3	21
2307	#FFFFFF	#D3D3D3	21
2308	#FFFFFF	#D3D3D3	4
2309	#FFFFFF	#D3D3D3	21
2310	#FFFFFF	#D3D3D3	21
2311	#FFFFFF	#D3D3D3	21
2312	#FFFFFF	#D3D3D3	21
2313	#FFFFFF	#D3D3D3	21
2314	#FFFFFF	#D3D3D3	21
2315	#FFFFFF	#D3D3D3	21
2316	#FFFFFF	#D3D3D3	21
2317	#FFFFFF	#D3D3D3	21
2318	#FFFFFF	#D3D3D3	21
2319	#FFFFFF	#D3D3D3	155
2320	#FFFFFF	#D3D3D3	155
2321	#FFFFFF	#D3D3D3	4
2322	#FFFFFF	#D3D3D3	4
2323	#FFFFFF	#D3D3D3	155
2327	#FFFFFF	#D3D3D3	4
2328	#FFFFFF	#D3D3D3	4
2329	#FFFFFF	#D3D3D3	4
2330	#FFFFFF	#D3D3D3	4
2331	#FFFFFF	#D3D3D3	4
2332	#FFFFFF	#D3D3D3	4
2333	#FFFFFF	#D3D3D3	4
2334	#FFFFFF	#D3D3D3	4
2335	#FFFFFF	#D3D3D3	4
2336	#FFFFFF	#D3D3D3	4
2337	#FFFFFF	#D3D3D3	4
2338	#FFFFFF	#D3D3D3	21
2339	#FFFFFF	#D3D3D3	21
2340	#FFFFFF	#D3D3D3	21
2341	#FFFFFF	#D3D3D3	21
2342	#FFFFFF	#D3D3D3	21
2343	#FFFFFF	#D3D3D3	21
2344	#FFFFFF	#D3D3D3	21
2345	#FFFFFF	#D3D3D3	21
2346	#FFFFFF	#D3D3D3	21
2347	#FFFFFF	#D3D3D3	21
2348	#FFFFFF	#D3D3D3	4
2349	#FFFFFF	#D3D3D3	21
2350	#FFFFFF	#D3D3D3	21
2351	#FFFFFF	#D3D3D3	21
2352	#FFFFFF	#D3D3D3	21
2353	#FFFFFF	#D3D3D3	21
2354	#FFFFFF	#D3D3D3	21
2355	#FFFFFF	#D3D3D3	21
2356	#FFFFFF	#D3D3D3	21
2357	#FFFFFF	#D3D3D3	21
2358	#FFFFFF	#D3D3D3	21
2359	#FFFFFF	#D3D3D3	4
2360	#FFFFFF	#D3D3D3	21
2361	#FFFFFF	#D3D3D3	21
2362	#FFFFFF	#D3D3D3	21
2363	#FFFFFF	#D3D3D3	21
2364	#FFFFFF	#D3D3D3	21
2365	#FFFFFF	#D3D3D3	21
2366	#FFFFFF	#D3D3D3	21
2367	#FFFFFF	#D3D3D3	21
2368	#FFFFFF	#D3D3D3	21
2369	#FFFFFF	#D3D3D3	155
2370	#FFFFFF	#D3D3D3	4
2371	#FFFFFF	#D3D3D3	4
2372	#FFFFFF	#D3D3D3	4
2373	#FFFFFF	#D3D3D3	4
2374	#FFFFFF	#D3D3D3	5
2375	#FFFFFF	#D3D3D3	5
2376	#FFFFFF	#D3D3D3	21
2377	#FFFFFF	#D3D3D3	21
2378	#FFFFFF	#D3D3D3	21
2379	#FFFFFF	#D3D3D3	21
2380	#FFFFFF	#D3D3D3	21
2381	#FFFFFF	#D3D3D3	21
2382	#FFFFFF	#D3D3D3	21
2383	#FFFFFF	#D3D3D3	21
2384	#FFFFFF	#D3D3D3	21
2385	#FFFFFF	#D3D3D3	21
2386	#FFFFFF	#D3D3D3	21
2387	#FFFFFF	#D3D3D3	21
2388	#FFFFFF	#D3D3D3	21
2389	#FFFFFF	#D3D3D3	21
2390	#FFFFFF	#D3D3D3	21
2391	#FFFFFF	#D3D3D3	21
2392	#FFFFFF	#D3D3D3	21
2393	#FFFFFF	#D3D3D3	21
2394	#FFFFFF	#D3D3D3	5
2395	#FFFFFF	#D3D3D3	21
2396	#FFFFFF	#D3D3D3	5
2397	#FFFFFF	#D3D3D3	5
2398	#FFFFFF	#D3D3D3	21
2399	#FFFFFF	#D3D3D3	5
2400	#FFFFFF	#D3D3D3	5
2401	#FFFFFF	#D3D3D3	5
2402	#FFFFFF	#D3D3D3	5
2403	#FFFFFF	#D3D3D3	5
2404	#FFFFFF	#D3D3D3	5
2405	#FFFFFF	#D3D3D3	5
2406	#FFFFFF	#D3D3D3	5
2407	#FFFFFF	#D3D3D3	5
2408	#FFFFFF	#D3D3D3	5
2409	#FFFFFF	#D3D3D3	21
2410	#FFFFFF	#D3D3D3	5
2411	#FFFFFF	#D3D3D3	5
2412	#FFFFFF	#D3D3D3	5
2413	#FFFFFF	#D3D3D3	5
2414	#FFFFFF	#D3D3D3	5
2415	#FFFFFF	#D3D3D3	5
2416	#FFFFFF	#D3D3D3	5
2417	#FFFFFF	#D3D3D3	5
2418	#FFFFFF	#D3D3D3	5
2419	#FFFFFF	#D3D3D3	5
2420	#FFFFFF	#D3D3D3	21
2421	#FFFFFF	#D3D3D3	21
2422	#FFFFFF	#D3D3D3	5
2423	#FFFFFF	#D3D3D3	21
2424	#FFFFFF	#D3D3D3	21
2425	#FFFFFF	#D3D3D3	5
2426	#FFFFFF	#D3D3D3	5
2427	#FFFFFF	#D3D3D3	5
2428	#FFFFFF	#D3D3D3	21
2429	#FFFFFF	#D3D3D3	21
2430	#FFFFFF	#D3D3D3	21
2431	#FFFFFF	#D3D3D3	21
2432	#FFFFFF	#D3D3D3	21
2433	#FFFFFF	#D3D3D3	21
2434	#FFFFFF	#D3D3D3	21
2435	#FFFFFF	#D3D3D3	21
2436	#FFFFFF	#D3D3D3	21
2437	#FFFFFF	#D3D3D3	21
2438	#FFFFFF	#D3D3D3	21
2439	#FFFFFF	#D3D3D3	21
2440	#FFFFFF	#D3D3D3	21
2441	#FFFFFF	#D3D3D3	21
2442	#FFFFFF	#D3D3D3	21
2443	#FFFFFF	#D3D3D3	5
2444	#FFFFFF	#D3D3D3	5
2445	#FFFFFF	#D3D3D3	5
2446	#FFFFFF	#D3D3D3	5
2447	#FFFFFF	#D3D3D3	5
2448	#FFFFFF	#D3D3D3	5
2449	#FFFFFF	#D3D3D3	21
2450	#FFFFFF	#D3D3D3	5
2451	#FFFFFF	#D3D3D3	5
2452	#FFFFFF	#D3D3D3	5
2453	#FFFFFF	#D3D3D3	5
2454	#FFFFFF	#D3D3D3	5
2455	#FFFFFF	#D3D3D3	5
2456	#FFFFFF	#D3D3D3	5
2457	#FFFFFF	#D3D3D3	5
2458	#FFFFFF	#D3D3D3	5
2459	#FFFFFF	#D3D3D3	5
2460	#FFFFFF	#D3D3D3	21
2461	#FFFFFF	#D3D3D3	5
2462	#FFFFFF	#D3D3D3	5
2463	#FFFFFF	#D3D3D3	5
2464	#FFFFFF	#D3D3D3	5
2465	#FFFFFF	#D3D3D3	5
2466	#FFFFFF	#D3D3D3	5
2467	#FFFFFF	#D3D3D3	5
2468	#FFFFFF	#D3D3D3	5
2469	#FFFFFF	#D3D3D3	5
2470	#FFFFFF	#D3D3D3	21
2471	#FFFFFF	#D3D3D3	5
2472	#FFFFFF	#D3D3D3	21
2473	#FFFFFF	#D3D3D3	5
2474	#FFFFFF	#D3D3D3	21
2475	#FFFFFF	#D3D3D3	166
2476	#FFFFFF	#D3D3D3	166
2477	#FFFFFF	#D3D3D3	5
2478	#FFFFFF	#D3D3D3	21
2479	#FFFFFF	#D3D3D3	21
2480	#FFFFFF	#D3D3D3	21
2481	#FFFFFF	#D3D3D3	21
2482	#FFFFFF	#D3D3D3	21
2483	#FFFFFF	#D3D3D3	21
2484	#FFFFFF	#D3D3D3	21
2485	#FFFFFF	#D3D3D3	21
2486	#FFFFFF	#D3D3D3	21
2487	#FFFFFF	#D3D3D3	21
2488	#FFFFFF	#D3D3D3	21
2489	#FFFFFF	#D3D3D3	21
2490	#FFFFFF	#D3D3D3	21
2491	#FFFFFF	#D3D3D3	21
2492	#FFFFFF	#D3D3D3	21
2493	#FFFFFF	#D3D3D3	21
2494	#FFFFFF	#D3D3D3	5
2495	#FFFFFF	#D3D3D3	5
2496	#FFFFFF	#D3D3D3	5
2497	#FFFFFF	#D3D3D3	5
2498	#FFFFFF	#D3D3D3	5
2499	#FFFFFF	#D3D3D3	21
2500	#FFFFFF	#D3D3D3	5
2501	#FFFFFF	#D3D3D3	5
2502	#FFFFFF	#D3D3D3	5
2503	#FFFFFF	#D3D3D3	5
2504	#FFFFFF	#D3D3D3	5
2505	#FFFFFF	#D3D3D3	5
2506	#FFFFFF	#D3D3D3	5
2507	#FFFFFF	#D3D3D3	5
2508	#FFFFFF	#D3D3D3	5
2509	#FFFFFF	#D3D3D3	5
2510	#FFFFFF	#D3D3D3	21
2511	#FFFFFF	#D3D3D3	5
2512	#FFFFFF	#D3D3D3	5
2513	#FFFFFF	#D3D3D3	5
2514	#FFFFFF	#D3D3D3	5
2515	#FFFFFF	#D3D3D3	5
2516	#FFFFFF	#D3D3D3	5
2517	#FFFFFF	#D3D3D3	5
2518	#FFFFFF	#D3D3D3	5
2519	#FFFFFF	#D3D3D3	5
2520	#FFFFFF	#D3D3D3	5
2521	#FFFFFF	#D3D3D3	21
2522	#FFFFFF	#D3D3D3	5
2523	#FFFFFF	#D3D3D3	21
2524	#FFFFFF	#D3D3D3	5
2525	#FFFFFF	#D3D3D3	5
2526	#FFFFFF	#D3D3D3	166
2527	#FFFFFF	#D3D3D3	5
2528	#FFFFFF	#D3D3D3	5
2529	#FFFFFF	#D3D3D3	21
2530	#FFFFFF	#D3D3D3	21
2531	#FFFFFF	#D3D3D3	21
2532	#FFFFFF	#D3D3D3	21
2533	#FFFFFF	#D3D3D3	21
2534	#FFFFFF	#D3D3D3	21
2535	#FFFFFF	#D3D3D3	21
2536	#FFFFFF	#D3D3D3	21
2537	#FFFFFF	#D3D3D3	21
2538	#FFFFFF	#D3D3D3	21
2539	#FFFFFF	#D3D3D3	5
2540	#FFFFFF	#D3D3D3	21
2541	#FFFFFF	#D3D3D3	21
2542	#FFFFFF	#D3D3D3	21
2543	#FFFFFF	#D3D3D3	21
2544	#FFFFFF	#D3D3D3	5
2545	#FFFFFF	#D3D3D3	5
2546	#FFFFFF	#D3D3D3	5
2547	#FFFFFF	#D3D3D3	5
2548	#FFFFFF	#D3D3D3	5
2549	#FFFFFF	#D3D3D3	5
2550	#FFFFFF	#D3D3D3	21
2551	#FFFFFF	#D3D3D3	5
2552	#FFFFFF	#D3D3D3	5
2553	#FFFFFF	#D3D3D3	5
2554	#FFFFFF	#D3D3D3	5
2555	#FFFFFF	#D3D3D3	5
2556	#FFFFFF	#D3D3D3	5
2557	#FFFFFF	#D3D3D3	5
2558	#FFFFFF	#D3D3D3	5
2559	#FFFFFF	#D3D3D3	5
2560	#FFFFFF	#D3D3D3	5
2561	#FFFFFF	#D3D3D3	5
2562	#FFFFFF	#D3D3D3	5
2563	#FFFFFF	#D3D3D3	5
2564	#FFFFFF	#D3D3D3	5
2565	#FFFFFF	#D3D3D3	5
2566	#FFFFFF	#D3D3D3	5
2567	#FFFFFF	#D3D3D3	5
2568	#FFFFFF	#D3D3D3	5
2569	#FFFFFF	#D3D3D3	5
2570	#FFFFFF	#D3D3D3	5
2571	#FFFFFF	#D3D3D3	5
2572	#FFFFFF	#D3D3D3	5
2573	#FFFFFF	#D3D3D3	21
2574	#FFFFFF	#D3D3D3	5
2575	#FFFFFF	#D3D3D3	5
2576	#FFFFFF	#D3D3D3	166
2577	#FFFFFF	#D3D3D3	166
2578	#FFFFFF	#D3D3D3	5
2579	#FFFFFF	#D3D3D3	21
2580	#FFFFFF	#D3D3D3	21
2581	#FFFFFF	#D3D3D3	21
2582	#FFFFFF	#D3D3D3	21
2583	#FFFFFF	#D3D3D3	21
2584	#FFFFFF	#D3D3D3	21
2585	#FFFFFF	#D3D3D3	21
2586	#FFFFFF	#D3D3D3	21
2587	#FFFFFF	#D3D3D3	21
2588	#FFFFFF	#D3D3D3	5
2589	#FFFFFF	#D3D3D3	5
2590	#FFFFFF	#D3D3D3	5
2591	#FFFFFF	#D3D3D3	21
2592	#FFFFFF	#D3D3D3	21
2593	#FFFFFF	#D3D3D3	21
2594	#FFFFFF	#D3D3D3	21
2595	#FFFFFF	#D3D3D3	5
2596	#FFFFFF	#D3D3D3	5
2597	#FFFFFF	#D3D3D3	5
2598	#FFFFFF	#D3D3D3	5
2599	#FFFFFF	#D3D3D3	5
2600	#FFFFFF	#D3D3D3	5
2601	#FFFFFF	#D3D3D3	5
2602	#FFFFFF	#D3D3D3	5
2603	#FFFFFF	#D3D3D3	5
2604	#FFFFFF	#D3D3D3	5
2605	#FFFFFF	#D3D3D3	5
2606	#FFFFFF	#D3D3D3	5
2607	#FFFFFF	#D3D3D3	5
2608	#FFFFFF	#D3D3D3	5
2609	#FFFFFF	#D3D3D3	5
2610	#FFFFFF	#D3D3D3	5
2611	#FFFFFF	#D3D3D3	21
2612	#FFFFFF	#D3D3D3	5
2613	#FFFFFF	#D3D3D3	5
2614	#FFFFFF	#D3D3D3	5
2615	#FFFFFF	#D3D3D3	5
2616	#FFFFFF	#D3D3D3	5
2617	#FFFFFF	#D3D3D3	5
2618	#FFFFFF	#D3D3D3	5
2619	#FFFFFF	#D3D3D3	5
2620	#FFFFFF	#D3D3D3	5
2621	#FFFFFF	#D3D3D3	5
2622	#FFFFFF	#D3D3D3	5
2623	#FFFFFF	#D3D3D3	5
2624	#FFFFFF	#D3D3D3	5
2625	#FFFFFF	#D3D3D3	5
2626	#FFFFFF	#D3D3D3	21
2627	#FFFFFF	#D3D3D3	166
2628	#FFFFFF	#D3D3D3	5
2629	#FFFFFF	#D3D3D3	5
2630	#FFFFFF	#D3D3D3	21
2631	#FFFFFF	#D3D3D3	21
2632	#FFFFFF	#D3D3D3	21
2633	#FFFFFF	#D3D3D3	21
2634	#FFFFFF	#D3D3D3	21
2635	#FFFFFF	#D3D3D3	21
2636	#FFFFFF	#D3D3D3	21
2637	#FFFFFF	#D3D3D3	21
2638	#FFFFFF	#D3D3D3	5
2639	#FFFFFF	#D3D3D3	5
2640	#FFFFFF	#D3D3D3	166
2641	#FFFFFF	#D3D3D3	5
2642	#FFFFFF	#D3D3D3	21
2643	#FFFFFF	#D3D3D3	5
2644	#FFFFFF	#D3D3D3	21
2645	#FFFFFF	#D3D3D3	5
2646	#FFFFFF	#D3D3D3	5
2647	#FFFFFF	#D3D3D3	5
2648	#FFFFFF	#D3D3D3	5
2649	#FFFFFF	#D3D3D3	5
2650	#FFFFFF	#D3D3D3	5
2651	#FFFFFF	#D3D3D3	21
2652	#FFFFFF	#D3D3D3	5
2653	#FFFFFF	#D3D3D3	5
2654	#FFFFFF	#D3D3D3	5
2655	#FFFFFF	#D3D3D3	5
2656	#FFFFFF	#D3D3D3	5
2657	#FFFFFF	#D3D3D3	5
2658	#FFFFFF	#D3D3D3	5
2659	#FFFFFF	#D3D3D3	5
2660	#FFFFFF	#D3D3D3	5
2661	#FFFFFF	#D3D3D3	5
2662	#FFFFFF	#D3D3D3	5
2663	#FFFFFF	#D3D3D3	5
2664	#FFFFFF	#D3D3D3	5
2665	#FFFFFF	#D3D3D3	5
2666	#FFFFFF	#D3D3D3	5
2667	#FFFFFF	#D3D3D3	5
2668	#FFFFFF	#D3D3D3	5
2669	#FFFFFF	#D3D3D3	5
2670	#FFFFFF	#D3D3D3	5
2671	#FFFFFF	#D3D3D3	5
2672	#FFFFFF	#D3D3D3	21
2673	#FFFFFF	#D3D3D3	21
2674	#FFFFFF	#D3D3D3	5
2675	#FFFFFF	#D3D3D3	21
2676	#FFFFFF	#D3D3D3	21
2677	#FFFFFF	#D3D3D3	5
2678	#FFFFFF	#D3D3D3	166
2679	#FFFFFF	#D3D3D3	166
2680	#FFFFFF	#D3D3D3	21
2681	#FFFFFF	#D3D3D3	21
2682	#FFFFFF	#D3D3D3	21
2683	#FFFFFF	#D3D3D3	21
2684	#FFFFFF	#D3D3D3	21
2685	#FFFFFF	#D3D3D3	21
2686	#FFFFFF	#D3D3D3	21
2687	#FFFFFF	#D3D3D3	21
2688	#FFFFFF	#D3D3D3	5
2689	#FFFFFF	#D3D3D3	5
2690	#FFFFFF	#D3D3D3	166
2691	#FFFFFF	#D3D3D3	21
2692	#FFFFFF	#D3D3D3	21
2693	#FFFFFF	#D3D3D3	21
2694	#FFFFFF	#D3D3D3	5
2695	#FFFFFF	#D3D3D3	5
2696	#FFFFFF	#D3D3D3	5
2697	#FFFFFF	#D3D3D3	5
2698	#FFFFFF	#D3D3D3	5
2699	#FFFFFF	#D3D3D3	5
2700	#FFFFFF	#D3D3D3	5
2701	#FFFFFF	#D3D3D3	5
2702	#FFFFFF	#D3D3D3	5
2703	#FFFFFF	#D3D3D3	5
2704	#FFFFFF	#D3D3D3	5
2705	#FFFFFF	#D3D3D3	5
2706	#FFFFFF	#D3D3D3	5
2707	#FFFFFF	#D3D3D3	5
2708	#FFFFFF	#D3D3D3	5
2709	#FFFFFF	#D3D3D3	5
2710	#FFFFFF	#D3D3D3	5
2711	#FFFFFF	#D3D3D3	5
2712	#FFFFFF	#D3D3D3	5
2713	#FFFFFF	#D3D3D3	5
2714	#FFFFFF	#D3D3D3	5
2715	#FFFFFF	#D3D3D3	5
2716	#FFFFFF	#D3D3D3	5
2717	#FFFFFF	#D3D3D3	5
2718	#FFFFFF	#D3D3D3	5
2719	#FFFFFF	#D3D3D3	5
2720	#FFFFFF	#D3D3D3	5
2721	#FFFFFF	#D3D3D3	5
2722	#FFFFFF	#D3D3D3	5
2723	#FFFFFF	#D3D3D3	5
2724	#FFFFFF	#D3D3D3	21
2725	#FFFFFF	#D3D3D3	5
2726	#FFFFFF	#D3D3D3	21
2727	#FFFFFF	#D3D3D3	21
2728	#FFFFFF	#D3D3D3	166
2729	#FFFFFF	#D3D3D3	166
2730	#FFFFFF	#D3D3D3	166
2731	#FFFFFF	#D3D3D3	21
2732	#FFFFFF	#D3D3D3	21
2733	#FFFFFF	#D3D3D3	21
2734	#FFFFFF	#D3D3D3	21
2735	#FFFFFF	#D3D3D3	21
2736	#FFFFFF	#D3D3D3	21
2737	#FFFFFF	#D3D3D3	21
2738	#FFFFFF	#D3D3D3	5
2739	#FFFFFF	#D3D3D3	5
2740	#FFFFFF	#D3D3D3	5
2741	#FFFFFF	#D3D3D3	166
2742	#FFFFFF	#D3D3D3	21
2743	#FFFFFF	#D3D3D3	5
2744	#FFFFFF	#D3D3D3	5
2745	#FFFFFF	#D3D3D3	5
2746	#FFFFFF	#D3D3D3	5
2747	#FFFFFF	#D3D3D3	5
2748	#FFFFFF	#D3D3D3	5
2749	#FFFFFF	#D3D3D3	5
2750	#FFFFFF	#D3D3D3	5
2751	#FFFFFF	#D3D3D3	5
2752	#FFFFFF	#D3D3D3	5
2753	#FFFFFF	#D3D3D3	5
2754	#FFFFFF	#D3D3D3	5
2755	#FFFFFF	#D3D3D3	5
2756	#FFFFFF	#D3D3D3	5
2757	#FFFFFF	#D3D3D3	5
2758	#FFFFFF	#D3D3D3	5
2759	#FFFFFF	#D3D3D3	5
2760	#FFFFFF	#D3D3D3	5
2761	#FFFFFF	#D3D3D3	5
2762	#FFFFFF	#D3D3D3	5
2763	#FFFFFF	#D3D3D3	5
2764	#FFFFFF	#D3D3D3	5
2765	#FFFFFF	#D3D3D3	5
2766	#FFFFFF	#D3D3D3	5
2767	#FFFFFF	#D3D3D3	5
2768	#FFFFFF	#D3D3D3	5
2769	#FFFFFF	#D3D3D3	5
2770	#FFFFFF	#D3D3D3	5
2771	#FFFFFF	#D3D3D3	5
2772	#FFFFFF	#D3D3D3	5
2773	#FFFFFF	#D3D3D3	5
2774	#FFFFFF	#D3D3D3	21
2775	#FFFFFF	#D3D3D3	5
2776	#FFFFFF	#D3D3D3	21
2777	#FFFFFF	#D3D3D3	21
2778	#FFFFFF	#D3D3D3	166
2779	#FFFFFF	#D3D3D3	166
2780	#FFFFFF	#D3D3D3	166
2781	#FFFFFF	#D3D3D3	21
2782	#FFFFFF	#D3D3D3	21
2783	#FFFFFF	#D3D3D3	21
2784	#FFFFFF	#D3D3D3	21
2785	#FFFFFF	#D3D3D3	21
2786	#FFFFFF	#D3D3D3	21
2787	#FFFFFF	#D3D3D3	21
2788	#FFFFFF	#D3D3D3	21
2789	#FFFFFF	#D3D3D3	5
2790	#FFFFFF	#D3D3D3	5
2791	#FFFFFF	#D3D3D3	5
2792	#FFFFFF	#D3D3D3	5
2793	#FFFFFF	#D3D3D3	5
2794	#FFFFFF	#D3D3D3	5
2795	#FFFFFF	#D3D3D3	5
2796	#FFFFFF	#D3D3D3	5
2797	#FFFFFF	#D3D3D3	5
2798	#FFFFFF	#D3D3D3	5
2799	#FFFFFF	#D3D3D3	5
2800	#FFFFFF	#D3D3D3	5
2801	#FFFFFF	#D3D3D3	5
2802	#FFFFFF	#D3D3D3	5
2803	#FFFFFF	#D3D3D3	5
2804	#FFFFFF	#D3D3D3	5
2805	#FFFFFF	#D3D3D3	5
2806	#FFFFFF	#D3D3D3	5
2807	#FFFFFF	#D3D3D3	5
2808	#FFFFFF	#D3D3D3	5
2809	#FFFFFF	#D3D3D3	5
2810	#FFFFFF	#D3D3D3	5
2811	#FFFFFF	#D3D3D3	5
2812	#FFFFFF	#D3D3D3	5
2813	#FFFFFF	#D3D3D3	5
2814	#FFFFFF	#D3D3D3	5
2815	#FFFFFF	#D3D3D3	5
2816	#FFFFFF	#D3D3D3	5
2817	#FFFFFF	#D3D3D3	5
2818	#FFFFFF	#D3D3D3	5
2819	#FFFFFF	#D3D3D3	5
2820	#FFFFFF	#D3D3D3	5
2821	#FFFFFF	#D3D3D3	5
2822	#FFFFFF	#D3D3D3	5
2823	#FFFFFF	#D3D3D3	5
2824	#FFFFFF	#D3D3D3	21
2825	#FFFFFF	#D3D3D3	21
2826	#FFFFFF	#D3D3D3	21
2827	#FFFFFF	#D3D3D3	21
2828	#FFFFFF	#D3D3D3	21
2829	#FFFFFF	#D3D3D3	166
2830	#FFFFFF	#D3D3D3	166
2831	#FFFFFF	#D3D3D3	166
2832	#FFFFFF	#D3D3D3	21
2833	#FFFFFF	#D3D3D3	21
2834	#FFFFFF	#D3D3D3	21
2835	#FFFFFF	#D3D3D3	21
2836	#FFFFFF	#D3D3D3	21
2837	#FFFFFF	#D3D3D3	21
2838	#FFFFFF	#D3D3D3	21
2839	#FFFFFF	#D3D3D3	21
2840	#FFFFFF	#D3D3D3	5
2841	#FFFFFF	#D3D3D3	5
2842	#FFFFFF	#D3D3D3	5
2843	#FFFFFF	#D3D3D3	5
2844	#FFFFFF	#D3D3D3	5
2845	#FFFFFF	#D3D3D3	5
2846	#FFFFFF	#D3D3D3	5
2847	#FFFFFF	#D3D3D3	5
2848	#FFFFFF	#D3D3D3	5
2849	#FFFFFF	#D3D3D3	5
2850	#FFFFFF	#D3D3D3	5
2851	#FFFFFF	#D3D3D3	5
2852	#FFFFFF	#D3D3D3	5
2853	#FFFFFF	#D3D3D3	5
2854	#FFFFFF	#D3D3D3	5
2855	#FFFFFF	#D3D3D3	5
2856	#FFFFFF	#D3D3D3	5
2857	#FFFFFF	#D3D3D3	5
2858	#FFFFFF	#D3D3D3	5
2859	#FFFFFF	#D3D3D3	5
2860	#FFFFFF	#D3D3D3	5
2861	#FFFFFF	#D3D3D3	5
2862	#FFFFFF	#D3D3D3	5
2863	#FFFFFF	#D3D3D3	5
2864	#FFFFFF	#D3D3D3	5
2865	#FFFFFF	#D3D3D3	5
2866	#FFFFFF	#D3D3D3	5
2867	#FFFFFF	#D3D3D3	5
2868	#FFFFFF	#D3D3D3	5
2869	#FFFFFF	#D3D3D3	5
2870	#FFFFFF	#D3D3D3	5
2871	#FFFFFF	#D3D3D3	5
2872	#FFFFFF	#D3D3D3	5
2873	#FFFFFF	#D3D3D3	5
2874	#FFFFFF	#D3D3D3	21
2875	#FFFFFF	#D3D3D3	5
2876	#FFFFFF	#D3D3D3	21
2877	#FFFFFF	#D3D3D3	21
2878	#FFFFFF	#D3D3D3	21
2879	#FFFFFF	#D3D3D3	166
2880	#FFFFFF	#D3D3D3	166
2881	#FFFFFF	#D3D3D3	166
2882	#FFFFFF	#D3D3D3	21
2883	#FFFFFF	#D3D3D3	21
2884	#FFFFFF	#D3D3D3	5
2885	#FFFFFF	#D3D3D3	5
2886	#FFFFFF	#D3D3D3	21
2887	#FFFFFF	#D3D3D3	21
2888	#FFFFFF	#D3D3D3	21
2889	#FFFFFF	#D3D3D3	21
2890	#FFFFFF	#D3D3D3	5
2891	#FFFFFF	#D3D3D3	21
2892	#FFFFFF	#D3D3D3	166
2893	#FFFFFF	#D3D3D3	5
2894	#FFFFFF	#D3D3D3	5
2895	#FFFFFF	#D3D3D3	5
2896	#FFFFFF	#D3D3D3	5
2897	#FFFFFF	#D3D3D3	5
2898	#FFFFFF	#D3D3D3	5
2899	#FFFFFF	#D3D3D3	5
2900	#FFFFFF	#D3D3D3	5
2901	#FFFFFF	#D3D3D3	5
2902	#FFFFFF	#D3D3D3	5
2903	#FFFFFF	#D3D3D3	5
2904	#FFFFFF	#D3D3D3	5
2905	#FFFFFF	#D3D3D3	5
2906	#FFFFFF	#D3D3D3	5
2907	#FFFFFF	#D3D3D3	5
2908	#FFFFFF	#D3D3D3	5
2909	#FFFFFF	#D3D3D3	5
2910	#FFFFFF	#D3D3D3	5
2911	#FFFFFF	#D3D3D3	5
2912	#FFFFFF	#D3D3D3	5
2913	#FFFFFF	#D3D3D3	5
2914	#FFFFFF	#D3D3D3	5
2915	#FFFFFF	#D3D3D3	5
2916	#FFFFFF	#D3D3D3	5
2917	#FFFFFF	#D3D3D3	5
2918	#FFFFFF	#D3D3D3	5
2919	#FFFFFF	#D3D3D3	5
2920	#FFFFFF	#D3D3D3	5
2921	#FFFFFF	#D3D3D3	5
2922	#FFFFFF	#D3D3D3	5
2923	#FFFFFF	#D3D3D3	5
2924	#FFFFFF	#D3D3D3	5
2925	#FFFFFF	#D3D3D3	5
2926	#FFFFFF	#D3D3D3	5
2927	#FFFFFF	#D3D3D3	5
2928	#FFFFFF	#D3D3D3	5
2929	#FFFFFF	#D3D3D3	5
2930	#FFFFFF	#D3D3D3	166
2931	#FFFFFF	#D3D3D3	166
2932	#FFFFFF	#D3D3D3	166
2933	#FFFFFF	#D3D3D3	21
2934	#FFFFFF	#D3D3D3	21
2935	#FFFFFF	#D3D3D3	5
2936	#FFFFFF	#D3D3D3	5
2937	#FFFFFF	#D3D3D3	21
2938	#FFFFFF	#D3D3D3	21
2939	#FFFFFF	#D3D3D3	21
2940	#FFFFFF	#D3D3D3	21
2941	#FFFFFF	#D3D3D3	21
2942	#FFFFFF	#D3D3D3	21
2943	#FFFFFF	#D3D3D3	166
2944	#FFFFFF	#D3D3D3	5
2945	#FFFFFF	#D3D3D3	5
2946	#FFFFFF	#D3D3D3	5
2947	#FFFFFF	#D3D3D3	5
2948	#FFFFFF	#D3D3D3	5
2949	#FFFFFF	#D3D3D3	5
2950	#FFFFFF	#D3D3D3	5
2951	#FFFFFF	#D3D3D3	5
2952	#FFFFFF	#D3D3D3	5
2953	#FFFFFF	#D3D3D3	5
2954	#FFFFFF	#D3D3D3	166
2955	#FFFFFF	#D3D3D3	5
2956	#FFFFFF	#D3D3D3	5
2957	#FFFFFF	#D3D3D3	5
2958	#FFFFFF	#D3D3D3	5
2959	#FFFFFF	#D3D3D3	5
2960	#FFFFFF	#D3D3D3	5
2961	#FFFFFF	#D3D3D3	5
2962	#FFFFFF	#D3D3D3	5
2963	#FFFFFF	#D3D3D3	5
2964	#FFFFFF	#D3D3D3	5
2965	#FFFFFF	#D3D3D3	5
2966	#FFFFFF	#D3D3D3	5
2967	#FFFFFF	#D3D3D3	5
2968	#FFFFFF	#D3D3D3	5
2969	#FFFFFF	#D3D3D3	5
2970	#FFFFFF	#D3D3D3	5
2971	#FFFFFF	#D3D3D3	5
2972	#FFFFFF	#D3D3D3	5
2973	#FFFFFF	#D3D3D3	5
2974	#FFFFFF	#D3D3D3	5
2975	#FFFFFF	#D3D3D3	5
2976	#FFFFFF	#D3D3D3	5
2977	#FFFFFF	#D3D3D3	5
2978	#FFFFFF	#D3D3D3	5
2979	#FFFFFF	#D3D3D3	5
2980	#FFFFFF	#D3D3D3	166
2981	#FFFFFF	#D3D3D3	166
2982	#FFFFFF	#D3D3D3	166
2983	#FFFFFF	#D3D3D3	5
2984	#FFFFFF	#D3D3D3	21
2985	#FFFFFF	#D3D3D3	5
2986	#FFFFFF	#D3D3D3	5
2987	#FFFFFF	#D3D3D3	5
2988	#FFFFFF	#D3D3D3	21
2989	#FFFFFF	#D3D3D3	21
2990	#FFFFFF	#D3D3D3	21
2991	#FFFFFF	#D3D3D3	21
2992	#FFFFFF	#D3D3D3	5
2993	#FFFFFF	#D3D3D3	166
2994	#FFFFFF	#D3D3D3	21
2995	#FFFFFF	#D3D3D3	5
2996	#FFFFFF	#D3D3D3	5
2997	#FFFFFF	#D3D3D3	5
2998	#FFFFFF	#D3D3D3	5
2999	#FFFFFF	#D3D3D3	5
3000	#FFFFFF	#D3D3D3	5
3001	#FFFFFF	#D3D3D3	5
3002	#FFFFFF	#D3D3D3	5
3003	#FFFFFF	#D3D3D3	5
3004	#FFFFFF	#D3D3D3	166
3005	#FFFFFF	#D3D3D3	5
3006	#FFFFFF	#D3D3D3	5
3007	#FFFFFF	#D3D3D3	5
3008	#FFFFFF	#D3D3D3	5
3009	#FFFFFF	#D3D3D3	5
3010	#FFFFFF	#D3D3D3	5
3011	#FFFFFF	#D3D3D3	5
3012	#FFFFFF	#D3D3D3	5
3013	#FFFFFF	#D3D3D3	5
3014	#FFFFFF	#D3D3D3	5
3015	#FFFFFF	#D3D3D3	5
3016	#FFFFFF	#D3D3D3	5
3017	#FFFFFF	#D3D3D3	5
3018	#FFFFFF	#D3D3D3	5
3019	#FFFFFF	#D3D3D3	5
3020	#FFFFFF	#D3D3D3	5
3021	#FFFFFF	#D3D3D3	5
3022	#FFFFFF	#D3D3D3	5
3023	#FFFFFF	#D3D3D3	5
3024	#FFFFFF	#D3D3D3	5
3025	#FFFFFF	#D3D3D3	5
3026	#FFFFFF	#D3D3D3	5
3027	#FFFFFF	#D3D3D3	5
3028	#FFFFFF	#D3D3D3	5
3029	#FFFFFF	#D3D3D3	5
3030	#FFFFFF	#D3D3D3	5
3031	#FFFFFF	#D3D3D3	166
3032	#FFFFFF	#D3D3D3	166
3033	#FFFFFF	#D3D3D3	5
3034	#FFFFFF	#D3D3D3	5
3035	#FFFFFF	#D3D3D3	5
3036	#FFFFFF	#D3D3D3	21
3037	#FFFFFF	#D3D3D3	21
3038	#FFFFFF	#D3D3D3	21
3039	#FFFFFF	#D3D3D3	21
3040	#FFFFFF	#D3D3D3	21
3041	#FFFFFF	#D3D3D3	5
3042	#FFFFFF	#D3D3D3	5
3043	#FFFFFF	#D3D3D3	5
3044	#FFFFFF	#D3D3D3	5
3045	#FFFFFF	#D3D3D3	5
3046	#FFFFFF	#D3D3D3	5
3047	#FFFFFF	#D3D3D3	5
3048	#FFFFFF	#D3D3D3	5
3049	#FFFFFF	#D3D3D3	5
3050	#FFFFFF	#D3D3D3	5
3051	#FFFFFF	#D3D3D3	5
3052	#FFFFFF	#D3D3D3	5
3053	#FFFFFF	#D3D3D3	5
3054	#FFFFFF	#D3D3D3	5
3055	#FFFFFF	#D3D3D3	166
3056	#FFFFFF	#D3D3D3	5
3057	#FFFFFF	#D3D3D3	5
3058	#FFFFFF	#D3D3D3	5
3059	#FFFFFF	#D3D3D3	5
3060	#FFFFFF	#D3D3D3	5
3061	#FFFFFF	#D3D3D3	5
3062	#FFFFFF	#D3D3D3	5
3063	#FFFFFF	#D3D3D3	5
3064	#FFFFFF	#D3D3D3	5
3065	#FFFFFF	#D3D3D3	5
3066	#FFFFFF	#D3D3D3	5
3067	#FFFFFF	#D3D3D3	5
3068	#FFFFFF	#D3D3D3	5
3069	#FFFFFF	#D3D3D3	5
3070	#FFFFFF	#D3D3D3	5
3071	#FFFFFF	#D3D3D3	5
3072	#FFFFFF	#D3D3D3	5
3073	#FFFFFF	#D3D3D3	5
3074	#FFFFFF	#D3D3D3	5
3075	#FFFFFF	#D3D3D3	5
3076	#FFFFFF	#D3D3D3	5
3077	#FFFFFF	#D3D3D3	5
3078	#FFFFFF	#D3D3D3	5
3079	#FFFFFF	#D3D3D3	5
3080	#FFFFFF	#D3D3D3	5
3081	#FFFFFF	#D3D3D3	166
3082	#FFFFFF	#D3D3D3	166
3083	#FFFFFF	#D3D3D3	166
3084	#FFFFFF	#D3D3D3	5
3085	#FFFFFF	#D3D3D3	5
3086	#FFFFFF	#D3D3D3	21
3087	#FFFFFF	#D3D3D3	21
3088	#FFFFFF	#D3D3D3	21
3089	#FFFFFF	#D3D3D3	21
3090	#FFFFFF	#D3D3D3	21
3091	#FFFFFF	#D3D3D3	21
3092	#FFFFFF	#D3D3D3	5
3093	#FFFFFF	#D3D3D3	5
3094	#FFFFFF	#D3D3D3	5
3095	#FFFFFF	#D3D3D3	5
3096	#FFFFFF	#D3D3D3	5
3097	#FFFFFF	#D3D3D3	5
3098	#FFFFFF	#D3D3D3	5
3099	#FFFFFF	#D3D3D3	5
3100	#FFFFFF	#D3D3D3	5
3101	#FFFFFF	#D3D3D3	5
3102	#FFFFFF	#D3D3D3	5
3103	#FFFFFF	#D3D3D3	5
3104	#FFFFFF	#D3D3D3	5
3105	#FFFFFF	#D3D3D3	166
3106	#FFFFFF	#D3D3D3	5
3107	#FFFFFF	#D3D3D3	5
3108	#FFFFFF	#D3D3D3	5
3109	#FFFFFF	#D3D3D3	5
3110	#FFFFFF	#D3D3D3	5
3111	#FFFFFF	#D3D3D3	5
3112	#FFFFFF	#D3D3D3	5
3113	#FFFFFF	#D3D3D3	5
3114	#FFFFFF	#D3D3D3	5
3115	#FFFFFF	#D3D3D3	5
3116	#FFFFFF	#D3D3D3	5
3117	#FFFFFF	#D3D3D3	5
3118	#FFFFFF	#D3D3D3	5
3119	#FFFFFF	#D3D3D3	5
3120	#FFFFFF	#D3D3D3	5
3121	#FFFFFF	#D3D3D3	5
3122	#FFFFFF	#D3D3D3	5
3123	#FFFFFF	#D3D3D3	5
3124	#FFFFFF	#D3D3D3	5
3125	#FFFFFF	#D3D3D3	5
3126	#FFFFFF	#D3D3D3	5
3127	#FFFFFF	#D3D3D3	5
3128	#FFFFFF	#D3D3D3	5
3129	#FFFFFF	#D3D3D3	5
3130	#FFFFFF	#D3D3D3	5
3131	#FFFFFF	#D3D3D3	5
3132	#FFFFFF	#D3D3D3	166
3133	#FFFFFF	#D3D3D3	5
3134	#FFFFFF	#D3D3D3	5
3135	#FFFFFF	#D3D3D3	5
3136	#FFFFFF	#D3D3D3	5
3137	#FFFFFF	#D3D3D3	21
3138	#FFFFFF	#D3D3D3	21
3139	#FFFFFF	#D3D3D3	21
3140	#FFFFFF	#D3D3D3	21
3141	#FFFFFF	#D3D3D3	21
3142	#FFFFFF	#D3D3D3	21
3143	#FFFFFF	#D3D3D3	5
3144	#FFFFFF	#D3D3D3	5
3145	#FFFFFF	#D3D3D3	5
3146	#FFFFFF	#D3D3D3	5
3147	#FFFFFF	#D3D3D3	5
3148	#FFFFFF	#D3D3D3	5
3149	#FFFFFF	#D3D3D3	5
3150	#FFFFFF	#D3D3D3	5
3151	#FFFFFF	#D3D3D3	5
3152	#FFFFFF	#D3D3D3	5
3153	#FFFFFF	#D3D3D3	5
3154	#FFFFFF	#D3D3D3	5
3155	#FFFFFF	#D3D3D3	5
3156	#FFFFFF	#D3D3D3	5
3157	#FFFFFF	#D3D3D3	5
3158	#FFFFFF	#D3D3D3	5
3159	#FFFFFF	#D3D3D3	5
3160	#FFFFFF	#D3D3D3	5
3161	#FFFFFF	#D3D3D3	5
3162	#FFFFFF	#D3D3D3	5
3163	#FFFFFF	#D3D3D3	5
3164	#FFFFFF	#D3D3D3	5
3165	#FFFFFF	#D3D3D3	5
3166	#FFFFFF	#D3D3D3	5
3167	#FFFFFF	#D3D3D3	5
3168	#FFFFFF	#D3D3D3	5
3169	#FFFFFF	#D3D3D3	5
3170	#FFFFFF	#D3D3D3	5
3171	#FFFFFF	#D3D3D3	5
3172	#FFFFFF	#D3D3D3	5
3173	#FFFFFF	#D3D3D3	5
3174	#FFFFFF	#D3D3D3	5
3175	#FFFFFF	#D3D3D3	5
3176	#FFFFFF	#D3D3D3	5
3177	#FFFFFF	#D3D3D3	5
3178	#FFFFFF	#D3D3D3	5
3179	#FFFFFF	#D3D3D3	5
3180	#FFFFFF	#D3D3D3	5
3181	#FFFFFF	#D3D3D3	5
3182	#FFFFFF	#D3D3D3	166
3183	#FFFFFF	#D3D3D3	5
3184	#FFFFFF	#D3D3D3	5
3185	#FFFFFF	#D3D3D3	5
3186	#FFFFFF	#D3D3D3	5
3187	#FFFFFF	#D3D3D3	5
3188	#FFFFFF	#D3D3D3	21
3189	#FFFFFF	#D3D3D3	21
3190	#FFFFFF	#D3D3D3	21
3191	#FFFFFF	#D3D3D3	21
3192	#FFFFFF	#D3D3D3	21
3193	#FFFFFF	#D3D3D3	21
3194	#FFFFFF	#D3D3D3	5
3195	#FFFFFF	#D3D3D3	5
3196	#FFFFFF	#D3D3D3	5
3197	#FFFFFF	#D3D3D3	5
3198	#FFFFFF	#D3D3D3	5
3199	#FFFFFF	#D3D3D3	5
3200	#FFFFFF	#D3D3D3	5
3201	#FFFFFF	#D3D3D3	5
3202	#FFFFFF	#D3D3D3	5
3203	#FFFFFF	#D3D3D3	5
3204	#FFFFFF	#D3D3D3	5
3205	#FFFFFF	#D3D3D3	5
3206	#FFFFFF	#D3D3D3	5
3207	#FFFFFF	#D3D3D3	5
3208	#FFFFFF	#D3D3D3	5
3209	#FFFFFF	#D3D3D3	5
3210	#FFFFFF	#D3D3D3	5
3211	#FFFFFF	#D3D3D3	5
3212	#FFFFFF	#D3D3D3	5
3213	#FFFFFF	#D3D3D3	5
3214	#FFFFFF	#D3D3D3	5
3215	#FFFFFF	#D3D3D3	5
3216	#FFFFFF	#D3D3D3	5
3217	#FFFFFF	#D3D3D3	5
3218	#FFFFFF	#D3D3D3	5
3219	#FFFFFF	#D3D3D3	5
3220	#FFFFFF	#D3D3D3	5
3221	#FFFFFF	#D3D3D3	5
3222	#FFFFFF	#D3D3D3	5
3223	#FFFFFF	#D3D3D3	5
3224	#FFFFFF	#D3D3D3	5
3225	#FFFFFF	#D3D3D3	5
3226	#FFFFFF	#D3D3D3	5
3227	#FFFFFF	#D3D3D3	5
3228	#FFFFFF	#D3D3D3	5
3229	#FFFFFF	#D3D3D3	5
3230	#FFFFFF	#D3D3D3	5
3231	#FFFFFF	#D3D3D3	5
3232	#FFFFFF	#D3D3D3	5
3233	#FFFFFF	#D3D3D3	5
3234	#FFFFFF	#D3D3D3	5
3235	#FFFFFF	#D3D3D3	5
3236	#FFFFFF	#D3D3D3	5
3237	#FFFFFF	#D3D3D3	5
3238	#FFFFFF	#D3D3D3	5
3239	#FFFFFF	#D3D3D3	5
3240	#FFFFFF	#D3D3D3	5
3241	#FFFFFF	#D3D3D3	5
3242	#FFFFFF	#D3D3D3	21
3243	#FFFFFF	#D3D3D3	21
3244	#FFFFFF	#D3D3D3	5
3245	#FFFFFF	#D3D3D3	5
3246	#FFFFFF	#D3D3D3	166
3247	#FFFFFF	#D3D3D3	5
3248	#FFFFFF	#D3D3D3	5
3249	#FFFFFF	#D3D3D3	5
3250	#FFFFFF	#D3D3D3	5
3251	#FFFFFF	#D3D3D3	5
3252	#FFFFFF	#D3D3D3	5
3253	#FFFFFF	#D3D3D3	5
3254	#FFFFFF	#D3D3D3	5
3255	#FFFFFF	#D3D3D3	5
3256	#FFFFFF	#D3D3D3	5
3257	#FFFFFF	#D3D3D3	5
3258	#FFFFFF	#D3D3D3	5
3259	#FFFFFF	#D3D3D3	5
3260	#FFFFFF	#D3D3D3	5
3261	#FFFFFF	#D3D3D3	5
3262	#FFFFFF	#D3D3D3	5
3263	#FFFFFF	#D3D3D3	5
3264	#FFFFFF	#D3D3D3	5
3265	#FFFFFF	#D3D3D3	5
3266	#FFFFFF	#D3D3D3	5
3267	#FFFFFF	#D3D3D3	5
3268	#FFFFFF	#D3D3D3	5
3269	#FFFFFF	#D3D3D3	5
3270	#FFFFFF	#D3D3D3	5
3271	#FFFFFF	#D3D3D3	5
3272	#FFFFFF	#D3D3D3	5
3273	#FFFFFF	#D3D3D3	5
3274	#FFFFFF	#D3D3D3	5
3275	#FFFFFF	#D3D3D3	5
3276	#FFFFFF	#D3D3D3	5
3277	#FFFFFF	#D3D3D3	5
3278	#FFFFFF	#D3D3D3	5
3279	#FFFFFF	#D3D3D3	5
3280	#FFFFFF	#D3D3D3	5
3281	#FFFFFF	#D3D3D3	5
3282	#FFFFFF	#D3D3D3	5
3283	#FFFFFF	#D3D3D3	166
3284	#FFFFFF	#D3D3D3	5
3285	#FFFFFF	#D3D3D3	166
3286	#FFFFFF	#D3D3D3	5
3287	#FFFFFF	#D3D3D3	5
3288	#FFFFFF	#D3D3D3	5
3289	#FFFFFF	#D3D3D3	5
3290	#FFFFFF	#D3D3D3	5
3291	#FFFFFF	#D3D3D3	5
3292	#FFFFFF	#D3D3D3	5
3293	#FFFFFF	#D3D3D3	21
3294	#FFFFFF	#D3D3D3	5
3295	#FFFFFF	#D3D3D3	5
3296	#FFFFFF	#D3D3D3	166
3297	#FFFFFF	#D3D3D3	5
3298	#FFFFFF	#D3D3D3	5
3299	#FFFFFF	#D3D3D3	5
3300	#FFFFFF	#D3D3D3	5
3301	#FFFFFF	#D3D3D3	5
3302	#FFFFFF	#D3D3D3	5
3303	#FFFFFF	#D3D3D3	5
3304	#FFFFFF	#D3D3D3	5
3305	#FFFFFF	#D3D3D3	5
3306	#FFFFFF	#D3D3D3	5
3307	#FFFFFF	#D3D3D3	5
3308	#FFFFFF	#D3D3D3	5
3309	#FFFFFF	#D3D3D3	5
3310	#FFFFFF	#D3D3D3	5
3311	#FFFFFF	#D3D3D3	5
3312	#FFFFFF	#D3D3D3	5
3313	#FFFFFF	#D3D3D3	5
3314	#FFFFFF	#D3D3D3	5
3315	#FFFFFF	#D3D3D3	5
3316	#FFFFFF	#D3D3D3	5
3317	#FFFFFF	#D3D3D3	5
3318	#FFFFFF	#D3D3D3	5
3319	#FFFFFF	#D3D3D3	5
3320	#FFFFFF	#D3D3D3	5
3321	#FFFFFF	#D3D3D3	5
3322	#FFFFFF	#D3D3D3	5
3323	#FFFFFF	#D3D3D3	5
3324	#FFFFFF	#D3D3D3	5
3325	#FFFFFF	#D3D3D3	5
3326	#FFFFFF	#D3D3D3	5
3327	#FFFFFF	#D3D3D3	5
3328	#FFFFFF	#D3D3D3	5
3329	#FFFFFF	#D3D3D3	5
3330	#FFFFFF	#D3D3D3	5
3331	#FFFFFF	#D3D3D3	5
3332	#FFFFFF	#D3D3D3	5
3333	#FFFFFF	#D3D3D3	5
3334	#FFFFFF	#D3D3D3	166
3335	#FFFFFF	#D3D3D3	5
3336	#FFFFFF	#D3D3D3	166
3337	#FFFFFF	#D3D3D3	5
3338	#FFFFFF	#D3D3D3	5
3339	#FFFFFF	#D3D3D3	5
3340	#FFFFFF	#D3D3D3	5
3341	#FFFFFF	#D3D3D3	5
3342	#FFFFFF	#D3D3D3	21
3343	#FFFFFF	#D3D3D3	21
3344	#FFFFFF	#D3D3D3	21
3345	#FFFFFF	#D3D3D3	5
3346	#FFFFFF	#D3D3D3	5
3347	#FFFFFF	#D3D3D3	5
3348	#FFFFFF	#D3D3D3	5
3349	#FFFFFF	#D3D3D3	5
3350	#FFFFFF	#D3D3D3	5
3351	#FFFFFF	#D3D3D3	5
3352	#FFFFFF	#D3D3D3	5
3353	#FFFFFF	#D3D3D3	5
3354	#FFFFFF	#D3D3D3	5
3355	#FFFFFF	#D3D3D3	5
3356	#FFFFFF	#D3D3D3	5
3357	#FFFFFF	#D3D3D3	5
3358	#FFFFFF	#D3D3D3	5
3359	#FFFFFF	#D3D3D3	5
3360	#FFFFFF	#D3D3D3	5
3361	#FFFFFF	#D3D3D3	5
3362	#FFFFFF	#D3D3D3	5
3363	#FFFFFF	#D3D3D3	5
3364	#FFFFFF	#D3D3D3	5
3365	#FFFFFF	#D3D3D3	5
3366	#FFFFFF	#D3D3D3	5
3367	#FFFFFF	#D3D3D3	5
3368	#FFFFFF	#D3D3D3	5
3369	#FFFFFF	#D3D3D3	5
3370	#FFFFFF	#D3D3D3	5
3371	#FFFFFF	#D3D3D3	5
3372	#FFFFFF	#D3D3D3	5
3373	#FFFFFF	#D3D3D3	5
3374	#FFFFFF	#D3D3D3	5
3375	#FFFFFF	#D3D3D3	5
3376	#FFFFFF	#D3D3D3	5
3377	#FFFFFF	#D3D3D3	5
3378	#FFFFFF	#D3D3D3	5
3379	#FFFFFF	#D3D3D3	5
3380	#FFFFFF	#D3D3D3	5
3381	#FFFFFF	#D3D3D3	5
3382	#FFFFFF	#D3D3D3	5
3383	#FFFFFF	#D3D3D3	5
3387	#FFFFFF	#D3D3D3	4
3388	#FFFFFF	#D3D3D3	4
3389	#FFFFFF	#D3D3D3	4
3390	#FFFFFF	#D3D3D3	4
3391	#FFFFFF	#D3D3D3	4
3392	#FFFFFF	#D3D3D3	4
3393	#FFFFFF	#D3D3D3	4
3394	#FFFFFF	#D3D3D3	4
3395	#FFFFFF	#D3D3D3	4
3396	#FFFFFF	#D3D3D3	21
3397	#FFFFFF	#D3D3D3	4
3398	#FFFFFF	#D3D3D3	21
3399	#FFFFFF	#D3D3D3	21
3400	#FFFFFF	#D3D3D3	21
3401	#FFFFFF	#D3D3D3	21
3402	#FFFFFF	#D3D3D3	21
3403	#FFFFFF	#D3D3D3	21
3404	#FFFFFF	#D3D3D3	21
3405	#FFFFFF	#D3D3D3	21
3406	#FFFFFF	#D3D3D3	21
3407	#FFFFFF	#D3D3D3	21
3408	#FFFFFF	#D3D3D3	155
3409	#FFFFFF	#D3D3D3	21
3410	#FFFFFF	#D3D3D3	21
3411	#FFFFFF	#D3D3D3	21
3412	#FFFFFF	#D3D3D3	21
3413	#FFFFFF	#D3D3D3	21
3414	#FFFFFF	#D3D3D3	21
3415	#FFFFFF	#D3D3D3	21
3416	#FFFFFF	#D3D3D3	21
3417	#FFFFFF	#D3D3D3	21
3418	#FFFFFF	#D3D3D3	21
3419	#FFFFFF	#D3D3D3	4
3420	#FFFFFF	#D3D3D3	21
3421	#FFFFFF	#D3D3D3	21
3422	#FFFFFF	#D3D3D3	21
3423	#FFFFFF	#D3D3D3	21
3424	#FFFFFF	#D3D3D3	21
3425	#FFFFFF	#D3D3D3	21
3426	#FFFFFF	#D3D3D3	21
3427	#FFFFFF	#D3D3D3	21
3428	#FFFFFF	#D3D3D3	21
3429	#FFFFFF	#D3D3D3	21
3430	#FFFFFF	#D3D3D3	4
3431	#FFFFFF	#D3D3D3	155
3432	#FFFFFF	#D3D3D3	155
3433	#FFFFFF	#D3D3D3	4
3434	#FFFFFF	#D3D3D3	4
3436	#FFFFFF	#D3D3D3	4
3437	#FFFFFF	#D3D3D3	4
3438	#FFFFFF	#D3D3D3	155
3439	#FFFFFF	#D3D3D3	4
3440	#FFFFFF	#D3D3D3	4
3441	#FFFFFF	#D3D3D3	4
3442	#FFFFFF	#D3D3D3	4
3443	#FFFFFF	#D3D3D3	4
3444	#FFFFFF	#D3D3D3	4
3445	#FFFFFF	#D3D3D3	4
3446	#FFFFFF	#D3D3D3	21
3447	#FFFFFF	#D3D3D3	21
3448	#FFFFFF	#D3D3D3	155
3449	#FFFFFF	#D3D3D3	21
3450	#FFFFFF	#D3D3D3	21
3451	#FFFFFF	#D3D3D3	21
3452	#FFFFFF	#D3D3D3	21
3453	#FFFFFF	#D3D3D3	21
3454	#FFFFFF	#D3D3D3	21
3455	#FFFFFF	#D3D3D3	21
3456	#FFFFFF	#D3D3D3	21
3457	#FFFFFF	#D3D3D3	21
3458	#FFFFFF	#D3D3D3	21
3459	#FFFFFF	#D3D3D3	155
3460	#FFFFFF	#D3D3D3	21
3461	#FFFFFF	#D3D3D3	21
3462	#FFFFFF	#D3D3D3	21
3463	#FFFFFF	#D3D3D3	21
3464	#FFFFFF	#D3D3D3	21
3465	#FFFFFF	#D3D3D3	21
3466	#FFFFFF	#D3D3D3	21
3467	#FFFFFF	#D3D3D3	21
3468	#FFFFFF	#D3D3D3	21
3469	#FFFFFF	#D3D3D3	21
3470	#FFFFFF	#D3D3D3	155
3471	#FFFFFF	#D3D3D3	21
3472	#FFFFFF	#D3D3D3	21
3473	#FFFFFF	#D3D3D3	21
3474	#FFFFFF	#D3D3D3	21
3475	#FFFFFF	#D3D3D3	21
3476	#FFFFFF	#D3D3D3	21
3477	#FFFFFF	#D3D3D3	21
3478	#FFFFFF	#D3D3D3	21
3479	#FFFFFF	#D3D3D3	21
3480	#FFFFFF	#D3D3D3	155
3481	#FFFFFF	#D3D3D3	155
3482	#FFFFFF	#D3D3D3	4
3483	#FFFFFF	#D3D3D3	4
3484	#FFFFFF	#D3D3D3	155
3485	#FFFFFF	#D3D3D3	166
3486	#FFFFFF	#D3D3D3	166
3487	#FFFFFF	#D3D3D3	166
3488	#FFFFFF	#D3D3D3	5
3489	#FFFFFF	#D3D3D3	5
3490	#FFFFFF	#D3D3D3	5
3491	#FFFFFF	#D3D3D3	5
3492	#FFFFFF	#D3D3D3	5
3493	#FFFFFF	#D3D3D3	21
3494	#FFFFFF	#D3D3D3	21
3495	#FFFFFF	#D3D3D3	5
3496	#FFFFFF	#D3D3D3	5
3497	#FFFFFF	#D3D3D3	5
3498	#FFFFFF	#D3D3D3	166
3499	#FFFFFF	#D3D3D3	5
3500	#FFFFFF	#D3D3D3	5
3501	#FFFFFF	#D3D3D3	5
3502	#FFFFFF	#D3D3D3	5
3503	#FFFFFF	#D3D3D3	5
3504	#FFFFFF	#D3D3D3	5
3505	#FFFFFF	#D3D3D3	5
3506	#FFFFFF	#D3D3D3	5
3507	#FFFFFF	#D3D3D3	5
3508	#FFFFFF	#D3D3D3	5
3509	#FFFFFF	#D3D3D3	5
3510	#FFFFFF	#D3D3D3	5
3511	#FFFFFF	#D3D3D3	5
3512	#FFFFFF	#D3D3D3	5
3513	#FFFFFF	#D3D3D3	5
3514	#FFFFFF	#D3D3D3	5
3515	#FFFFFF	#D3D3D3	5
3516	#FFFFFF	#D3D3D3	5
3517	#FFFFFF	#D3D3D3	5
3518	#FFFFFF	#D3D3D3	5
3519	#FFFFFF	#D3D3D3	5
3520	#FFFFFF	#D3D3D3	5
3521	#FFFFFF	#D3D3D3	5
3522	#FFFFFF	#D3D3D3	5
3523	#FFFFFF	#D3D3D3	5
3524	#FFFFFF	#D3D3D3	5
3525	#FFFFFF	#D3D3D3	5
3526	#FFFFFF	#D3D3D3	5
3527	#FFFFFF	#D3D3D3	5
3528	#FFFFFF	#D3D3D3	5
3529	#FFFFFF	#D3D3D3	5
3530	#FFFFFF	#D3D3D3	5
3531	#FFFFFF	#D3D3D3	5
3532	#FFFFFF	#D3D3D3	5
3533	#FFFFFF	#D3D3D3	5
3534	#FFFFFF	#D3D3D3	5
3535	#FFFFFF	#D3D3D3	5
3536	#FFFFFF	#D3D3D3	166
3537	#FFFFFF	#D3D3D3	166
3538	#FFFFFF	#D3D3D3	166
3539	#FFFFFF	#D3D3D3	5
3540	#FFFFFF	#D3D3D3	5
3541	#FFFFFF	#D3D3D3	5
3542	#FFFFFF	#D3D3D3	5
3543	#FFFFFF	#D3D3D3	5
3544	#FFFFFF	#D3D3D3	21
3545	#FFFFFF	#D3D3D3	21
3546	#FFFFFF	#D3D3D3	5
3547	#FFFFFF	#D3D3D3	5
3548	#FFFFFF	#D3D3D3	5
3549	#FFFFFF	#D3D3D3	5
3550	#FFFFFF	#D3D3D3	5
3551	#FFFFFF	#D3D3D3	5
3552	#FFFFFF	#D3D3D3	5
3553	#FFFFFF	#D3D3D3	5
3554	#FFFFFF	#D3D3D3	5
3555	#FFFFFF	#D3D3D3	5
3556	#FFFFFF	#D3D3D3	5
3557	#FFFFFF	#D3D3D3	5
3558	#FFFFFF	#D3D3D3	5
3559	#FFFFFF	#D3D3D3	5
3560	#FFFFFF	#D3D3D3	5
3561	#FFFFFF	#D3D3D3	5
3562	#FFFFFF	#D3D3D3	5
3563	#FFFFFF	#D3D3D3	5
3564	#FFFFFF	#D3D3D3	5
3565	#FFFFFF	#D3D3D3	5
3566	#FFFFFF	#D3D3D3	5
3567	#FFFFFF	#D3D3D3	5
3568	#FFFFFF	#D3D3D3	5
3569	#FFFFFF	#D3D3D3	5
3570	#FFFFFF	#D3D3D3	5
3571	#FFFFFF	#D3D3D3	5
3572	#FFFFFF	#D3D3D3	5
3573	#FFFFFF	#D3D3D3	5
3574	#FFFFFF	#D3D3D3	5
3575	#FFFFFF	#D3D3D3	5
3576	#FFFFFF	#D3D3D3	5
3577	#FFFFFF	#D3D3D3	5
3578	#FFFFFF	#D3D3D3	5
3579	#FFFFFF	#D3D3D3	5
3580	#FFFFFF	#D3D3D3	5
3581	#FFFFFF	#D3D3D3	5
3582	#FFFFFF	#D3D3D3	5
3583	#FFFFFF	#D3D3D3	5
3584	#FFFFFF	#D3D3D3	5
3585	#FFFFFF	#D3D3D3	5
3586	#FFFFFF	#D3D3D3	166
3587	#FFFFFF	#D3D3D3	166
3588	#FFFFFF	#D3D3D3	166
3589	#FFFFFF	#D3D3D3	5
3590	#FFFFFF	#D3D3D3	5
3591	#FFFFFF	#D3D3D3	5
3592	#FFFFFF	#D3D3D3	5
3593	#FFFFFF	#D3D3D3	5
3594	#FFFFFF	#D3D3D3	21
3595	#FFFFFF	#D3D3D3	21
3596	#FFFFFF	#D3D3D3	5
3597	#FFFFFF	#D3D3D3	5
3598	#FFFFFF	#D3D3D3	5
3599	#FFFFFF	#D3D3D3	166
3600	#FFFFFF	#D3D3D3	5
3601	#FFFFFF	#D3D3D3	5
3602	#FFFFFF	#D3D3D3	5
3603	#FFFFFF	#D3D3D3	5
3604	#FFFFFF	#D3D3D3	5
3605	#FFFFFF	#D3D3D3	5
3606	#FFFFFF	#D3D3D3	5
3607	#FFFFFF	#D3D3D3	5
3608	#FFFFFF	#D3D3D3	5
3609	#FFFFFF	#D3D3D3	5
3610	#FFFFFF	#D3D3D3	166
3611	#FFFFFF	#D3D3D3	5
3612	#FFFFFF	#D3D3D3	5
3613	#FFFFFF	#D3D3D3	5
3614	#FFFFFF	#D3D3D3	5
3615	#FFFFFF	#D3D3D3	5
3616	#FFFFFF	#D3D3D3	5
3617	#FFFFFF	#D3D3D3	5
3618	#FFFFFF	#D3D3D3	5
3619	#FFFFFF	#D3D3D3	5
3620	#FFFFFF	#D3D3D3	5
3621	#FFFFFF	#D3D3D3	5
3622	#FFFFFF	#D3D3D3	5
3623	#FFFFFF	#D3D3D3	5
3624	#FFFFFF	#D3D3D3	5
3625	#FFFFFF	#D3D3D3	5
3626	#FFFFFF	#D3D3D3	5
3627	#FFFFFF	#D3D3D3	5
3628	#FFFFFF	#D3D3D3	5
3629	#FFFFFF	#D3D3D3	5
3630	#FFFFFF	#D3D3D3	5
3631	#FFFFFF	#D3D3D3	5
3632	#FFFFFF	#D3D3D3	5
3633	#FFFFFF	#D3D3D3	5
3634	#FFFFFF	#D3D3D3	5
3635	#FFFFFF	#D3D3D3	5
3636	#FFFFFF	#D3D3D3	5
3637	#FFFFFF	#D3D3D3	166
3638	#FFFFFF	#D3D3D3	166
3639	#FFFFFF	#D3D3D3	166
3640	#FFFFFF	#D3D3D3	5
3641	#FFFFFF	#D3D3D3	5
3642	#FFFFFF	#D3D3D3	5
3643	#FFFFFF	#D3D3D3	5
3644	#FFFFFF	#D3D3D3	21
3645	#FFFFFF	#D3D3D3	21
3646	#FFFFFF	#D3D3D3	21
3647	#FFFFFF	#D3D3D3	5
3648	#FFFFFF	#D3D3D3	5
3649	#FFFFFF	#D3D3D3	5
3650	#FFFFFF	#D3D3D3	166
3651	#FFFFFF	#D3D3D3	5
3652	#FFFFFF	#D3D3D3	5
3653	#FFFFFF	#D3D3D3	5
3654	#FFFFFF	#D3D3D3	5
3655	#FFFFFF	#D3D3D3	5
3656	#FFFFFF	#D3D3D3	5
3657	#FFFFFF	#D3D3D3	5
3658	#FFFFFF	#D3D3D3	5
3659	#FFFFFF	#D3D3D3	5
3660	#FFFFFF	#D3D3D3	5
3661	#FFFFFF	#D3D3D3	5
3662	#FFFFFF	#D3D3D3	5
3663	#FFFFFF	#D3D3D3	5
3664	#FFFFFF	#D3D3D3	5
3665	#FFFFFF	#D3D3D3	5
3666	#FFFFFF	#D3D3D3	5
3667	#FFFFFF	#D3D3D3	5
3668	#FFFFFF	#D3D3D3	5
3669	#FFFFFF	#D3D3D3	5
3670	#FFFFFF	#D3D3D3	5
3671	#FFFFFF	#D3D3D3	5
3672	#FFFFFF	#D3D3D3	5
3673	#FFFFFF	#D3D3D3	5
3674	#FFFFFF	#D3D3D3	5
3675	#FFFFFF	#D3D3D3	5
3676	#FFFFFF	#D3D3D3	5
3677	#FFFFFF	#D3D3D3	5
3678	#FFFFFF	#D3D3D3	5
3679	#FFFFFF	#D3D3D3	5
3680	#FFFFFF	#D3D3D3	5
3681	#FFFFFF	#D3D3D3	5
3682	#FFFFFF	#D3D3D3	5
3683	#FFFFFF	#D3D3D3	5
3684	#FFFFFF	#D3D3D3	5
3685	#FFFFFF	#D3D3D3	5
3686	#FFFFFF	#D3D3D3	5
3687	#FFFFFF	#D3D3D3	5
3688	#FFFFFF	#D3D3D3	166
3689	#FFFFFF	#D3D3D3	166
3690	#FFFFFF	#D3D3D3	5
3691	#FFFFFF	#D3D3D3	5
3692	#FFFFFF	#D3D3D3	5
3693	#FFFFFF	#D3D3D3	5
3694	#FFFFFF	#D3D3D3	5
3695	#FFFFFF	#D3D3D3	21
3696	#FFFFFF	#D3D3D3	5
3697	#FFFFFF	#D3D3D3	21
3698	#FFFFFF	#D3D3D3	5
3699	#FFFFFF	#D3D3D3	5
3700	#FFFFFF	#D3D3D3	166
3701	#FFFFFF	#D3D3D3	5
3702	#FFFFFF	#D3D3D3	5
3703	#FFFFFF	#D3D3D3	5
3704	#FFFFFF	#D3D3D3	5
3705	#FFFFFF	#D3D3D3	5
3706	#FFFFFF	#D3D3D3	5
3707	#FFFFFF	#D3D3D3	5
3708	#FFFFFF	#D3D3D3	5
3709	#FFFFFF	#D3D3D3	5
3710	#FFFFFF	#D3D3D3	5
3711	#FFFFFF	#D3D3D3	5
3712	#FFFFFF	#D3D3D3	5
3713	#FFFFFF	#D3D3D3	5
3714	#FFFFFF	#D3D3D3	5
3715	#FFFFFF	#D3D3D3	5
3716	#FFFFFF	#D3D3D3	5
3717	#FFFFFF	#D3D3D3	5
3718	#FFFFFF	#D3D3D3	5
3719	#FFFFFF	#D3D3D3	5
3720	#FFFFFF	#D3D3D3	5
3721	#FFFFFF	#D3D3D3	5
3722	#FFFFFF	#D3D3D3	5
3723	#FFFFFF	#D3D3D3	5
3724	#FFFFFF	#D3D3D3	5
3725	#FFFFFF	#D3D3D3	5
3726	#FFFFFF	#D3D3D3	5
3727	#FFFFFF	#D3D3D3	5
3728	#FFFFFF	#D3D3D3	5
3729	#FFFFFF	#D3D3D3	5
3730	#FFFFFF	#D3D3D3	5
3731	#FFFFFF	#D3D3D3	5
3732	#FFFFFF	#D3D3D3	5
3733	#FFFFFF	#D3D3D3	5
3734	#FFFFFF	#D3D3D3	5
3735	#FFFFFF	#D3D3D3	5
3736	#FFFFFF	#D3D3D3	5
3737	#FFFFFF	#D3D3D3	5
3738	#FFFFFF	#D3D3D3	5
3739	#FFFFFF	#D3D3D3	5
3740	#FFFFFF	#D3D3D3	5
3741	#FFFFFF	#D3D3D3	5
3742	#FFFFFF	#D3D3D3	5
3743	#FFFFFF	#D3D3D3	5
3744	#FFFFFF	#D3D3D3	21
3745	#FFFFFF	#D3D3D3	21
3746	#FFFFFF	#D3D3D3	5
3747	#FFFFFF	#D3D3D3	21
3748	#FFFFFF	#D3D3D3	5
3749	#FFFFFF	#D3D3D3	5
3750	#FFFFFF	#D3D3D3	5
3751	#FFFFFF	#D3D3D3	5
3752	#FFFFFF	#D3D3D3	5
3753	#FFFFFF	#D3D3D3	5
3754	#FFFFFF	#D3D3D3	5
3755	#FFFFFF	#D3D3D3	5
3756	#FFFFFF	#D3D3D3	5
3757	#FFFFFF	#D3D3D3	5
3758	#FFFFFF	#D3D3D3	5
3759	#FFFFFF	#D3D3D3	5
3760	#FFFFFF	#D3D3D3	5
3761	#FFFFFF	#D3D3D3	5
3762	#FFFFFF	#D3D3D3	5
3763	#FFFFFF	#D3D3D3	5
3764	#FFFFFF	#D3D3D3	5
3765	#FFFFFF	#D3D3D3	5
3766	#FFFFFF	#D3D3D3	5
3767	#FFFFFF	#D3D3D3	5
3768	#FFFFFF	#D3D3D3	5
3769	#FFFFFF	#D3D3D3	5
3770	#FFFFFF	#D3D3D3	5
3771	#FFFFFF	#D3D3D3	5
3772	#FFFFFF	#D3D3D3	5
3773	#FFFFFF	#D3D3D3	5
3774	#FFFFFF	#D3D3D3	5
3775	#FFFFFF	#D3D3D3	5
3776	#FFFFFF	#D3D3D3	5
3777	#FFFFFF	#D3D3D3	5
3778	#FFFFFF	#D3D3D3	5
3779	#FFFFFF	#D3D3D3	5
3780	#FFFFFF	#D3D3D3	5
3781	#FFFFFF	#D3D3D3	5
3782	#FFFFFF	#D3D3D3	5
3783	#FFFFFF	#D3D3D3	5
3784	#FFFFFF	#D3D3D3	5
3785	#FFFFFF	#D3D3D3	5
3786	#FFFFFF	#D3D3D3	5
3787	#FFFFFF	#D3D3D3	5
3788	#FFFFFF	#D3D3D3	5
3789	#FFFFFF	#D3D3D3	5
3790	#FFFFFF	#D3D3D3	5
3791	#FFFFFF	#D3D3D3	5
3792	#FFFFFF	#D3D3D3	5
3793	#FFFFFF	#D3D3D3	5
3794	#FFFFFF	#D3D3D3	5
3795	#FFFFFF	#D3D3D3	21
3796	#FFFFFF	#D3D3D3	5
3797	#FFFFFF	#D3D3D3	21
3798	#FFFFFF	#D3D3D3	5
3799	#FFFFFF	#D3D3D3	5
3800	#FFFFFF	#D3D3D3	5
3801	#FFFFFF	#D3D3D3	5
3802	#FFFFFF	#D3D3D3	5
3803	#FFFFFF	#D3D3D3	5
3804	#FFFFFF	#D3D3D3	5
3805	#FFFFFF	#D3D3D3	5
3806	#FFFFFF	#D3D3D3	5
3807	#FFFFFF	#D3D3D3	5
3808	#FFFFFF	#D3D3D3	5
3809	#FFFFFF	#D3D3D3	5
3810	#FFFFFF	#D3D3D3	5
3811	#FFFFFF	#D3D3D3	5
3812	#FFFFFF	#D3D3D3	5
3813	#FFFFFF	#D3D3D3	5
3814	#FFFFFF	#D3D3D3	5
3815	#FFFFFF	#D3D3D3	5
3816	#FFFFFF	#D3D3D3	5
3817	#FFFFFF	#D3D3D3	5
3818	#FFFFFF	#D3D3D3	5
3819	#FFFFFF	#D3D3D3	5
3820	#FFFFFF	#D3D3D3	5
3821	#FFFFFF	#D3D3D3	5
3822	#FFFFFF	#D3D3D3	5
3823	#FFFFFF	#D3D3D3	5
3824	#FFFFFF	#D3D3D3	5
3825	#FFFFFF	#D3D3D3	5
3826	#FFFFFF	#D3D3D3	5
3827	#FFFFFF	#D3D3D3	5
3828	#FFFFFF	#D3D3D3	5
3829	#FFFFFF	#D3D3D3	5
3830	#FFFFFF	#D3D3D3	5
3831	#FFFFFF	#D3D3D3	5
3832	#FFFFFF	#D3D3D3	5
3833	#FFFFFF	#D3D3D3	5
3834	#FFFFFF	#D3D3D3	5
3835	#FFFFFF	#D3D3D3	5
3836	#FFFFFF	#D3D3D3	5
3837	#FFFFFF	#D3D3D3	5
3838	#FFFFFF	#D3D3D3	5
3839	#FFFFFF	#D3D3D3	5
3840	#FFFFFF	#D3D3D3	5
3841	#FFFFFF	#D3D3D3	5
3842	#FFFFFF	#D3D3D3	5
3843	#FFFFFF	#D3D3D3	5
3844	#FFFFFF	#D3D3D3	5
3845	#FFFFFF	#D3D3D3	21
3846	#FFFFFF	#D3D3D3	5
3847	#FFFFFF	#D3D3D3	21
3848	#FFFFFF	#D3D3D3	5
3849	#FFFFFF	#D3D3D3	5
3850	#FFFFFF	#D3D3D3	5
3851	#FFFFFF	#D3D3D3	32
3852	#FFFFFF	#D3D3D3	5
3853	#FFFFFF	#D3D3D3	5
3854	#FFFFFF	#D3D3D3	5
3855	#FFFFFF	#D3D3D3	5
3856	#FFFFFF	#D3D3D3	5
3857	#FFFFFF	#D3D3D3	5
3858	#FFFFFF	#D3D3D3	5
3859	#FFFFFF	#D3D3D3	5
3860	#FFFFFF	#D3D3D3	5
3861	#FFFFFF	#D3D3D3	5
3862	#FFFFFF	#D3D3D3	5
3863	#FFFFFF	#D3D3D3	5
3864	#FFFFFF	#D3D3D3	5
3865	#FFFFFF	#D3D3D3	5
3866	#FFFFFF	#D3D3D3	5
3867	#FFFFFF	#D3D3D3	5
3868	#FFFFFF	#D3D3D3	5
3869	#FFFFFF	#D3D3D3	5
3870	#FFFFFF	#D3D3D3	5
3871	#FFFFFF	#D3D3D3	5
3872	#FFFFFF	#D3D3D3	5
3873	#FFFFFF	#D3D3D3	5
3874	#FFFFFF	#D3D3D3	5
3875	#FFFFFF	#D3D3D3	5
3876	#FFFFFF	#D3D3D3	5
3877	#FFFFFF	#D3D3D3	5
3878	#FFFFFF	#D3D3D3	5
3879	#FFFFFF	#D3D3D3	5
3880	#FFFFFF	#D3D3D3	5
3881	#FFFFFF	#D3D3D3	5
3882	#FFFFFF	#D3D3D3	5
3883	#FFFFFF	#D3D3D3	5
3884	#FFFFFF	#D3D3D3	5
3885	#FFFFFF	#D3D3D3	5
3886	#FFFFFF	#D3D3D3	5
3887	#FFFFFF	#D3D3D3	5
3888	#FFFFFF	#D3D3D3	5
3889	#FFFFFF	#D3D3D3	166
3890	#FFFFFF	#D3D3D3	5
3891	#FFFFFF	#D3D3D3	5
3892	#FFFFFF	#D3D3D3	5
3893	#FFFFFF	#D3D3D3	5
3894	#FFFFFF	#D3D3D3	5
3895	#FFFFFF	#D3D3D3	5
3896	#FFFFFF	#D3D3D3	5
3897	#FFFFFF	#D3D3D3	5
3898	#FFFFFF	#D3D3D3	5
3899	#FFFFFF	#D3D3D3	5
3900	#FFFFFF	#D3D3D3	5
3901	#FFFFFF	#D3D3D3	32
3902	#FFFFFF	#D3D3D3	5
3903	#FFFFFF	#D3D3D3	5
3904	#FFFFFF	#D3D3D3	5
3905	#FFFFFF	#D3D3D3	5
3906	#FFFFFF	#D3D3D3	5
3907	#FFFFFF	#D3D3D3	5
3908	#FFFFFF	#D3D3D3	5
3909	#FFFFFF	#D3D3D3	5
3910	#FFFFFF	#D3D3D3	5
3911	#FFFFFF	#D3D3D3	5
3912	#FFFFFF	#D3D3D3	5
3913	#FFFFFF	#D3D3D3	5
3914	#FFFFFF	#D3D3D3	5
3915	#FFFFFF	#D3D3D3	5
3916	#FFFFFF	#D3D3D3	5
3917	#FFFFFF	#D3D3D3	5
3918	#FFFFFF	#D3D3D3	5
3919	#FFFFFF	#D3D3D3	5
3920	#FFFFFF	#D3D3D3	5
3921	#FFFFFF	#D3D3D3	5
3922	#FFFFFF	#D3D3D3	5
3923	#FFFFFF	#D3D3D3	5
3924	#FFFFFF	#D3D3D3	5
3925	#FFFFFF	#D3D3D3	5
3926	#FFFFFF	#D3D3D3	5
3927	#FFFFFF	#D3D3D3	5
3928	#FFFFFF	#D3D3D3	5
3929	#FFFFFF	#D3D3D3	5
3930	#FFFFFF	#D3D3D3	5
3931	#FFFFFF	#D3D3D3	5
3932	#FFFFFF	#D3D3D3	5
3933	#FFFFFF	#D3D3D3	5
3934	#FFFFFF	#D3D3D3	5
3935	#FFFFFF	#D3D3D3	5
3936	#FFFFFF	#D3D3D3	5
3937	#FFFFFF	#D3D3D3	5
3938	#FFFFFF	#D3D3D3	5
3939	#FFFFFF	#D3D3D3	5
3940	#FFFFFF	#D3D3D3	5
3941	#FFFFFF	#D3D3D3	5
3942	#FFFFFF	#D3D3D3	5
3943	#FFFFFF	#D3D3D3	5
3944	#FFFFFF	#D3D3D3	5
3945	#FFFFFF	#D3D3D3	5
3946	#FFFFFF	#D3D3D3	5
3947	#FFFFFF	#D3D3D3	5
3948	#FFFFFF	#D3D3D3	5
3949	#FFFFFF	#D3D3D3	5
3950	#FFFFFF	#D3D3D3	5
3951	#FFFFFF	#D3D3D3	32
3952	#FFFFFF	#D3D3D3	32
3953	#FFFFFF	#D3D3D3	5
3954	#FFFFFF	#D3D3D3	5
3955	#FFFFFF	#D3D3D3	5
3956	#FFFFFF	#D3D3D3	5
3957	#FFFFFF	#D3D3D3	5
3958	#FFFFFF	#D3D3D3	5
3959	#FFFFFF	#D3D3D3	5
3960	#FFFFFF	#D3D3D3	5
3961	#FFFFFF	#D3D3D3	5
3962	#FFFFFF	#D3D3D3	5
3963	#FFFFFF	#D3D3D3	5
3964	#FFFFFF	#D3D3D3	5
3965	#FFFFFF	#D3D3D3	5
3966	#FFFFFF	#D3D3D3	5
3967	#FFFFFF	#D3D3D3	5
3968	#FFFFFF	#D3D3D3	5
3969	#FFFFFF	#D3D3D3	5
3970	#FFFFFF	#D3D3D3	5
3971	#FFFFFF	#D3D3D3	5
3972	#FFFFFF	#D3D3D3	5
3973	#FFFFFF	#D3D3D3	5
3974	#FFFFFF	#D3D3D3	5
3975	#FFFFFF	#D3D3D3	5
3976	#FFFFFF	#D3D3D3	5
3977	#FFFFFF	#D3D3D3	5
3978	#FFFFFF	#D3D3D3	5
3979	#FFFFFF	#D3D3D3	5
3980	#FFFFFF	#D3D3D3	5
3981	#FFFFFF	#D3D3D3	5
3982	#FFFFFF	#D3D3D3	5
3983	#FFFFFF	#D3D3D3	5
3984	#FFFFFF	#D3D3D3	5
3985	#FFFFFF	#D3D3D3	5
3986	#FFFFFF	#D3D3D3	5
3987	#FFFFFF	#D3D3D3	5
3988	#FFFFFF	#D3D3D3	5
3989	#FFFFFF	#D3D3D3	5
4043	#FFFFFF	#D3D3D3	4
4044	#FFFFFF	#D3D3D3	155
4045	#FFFFFF	#D3D3D3	4
4046	#FFFFFF	#D3D3D3	4
4047	#FFFFFF	#D3D3D3	4
4048	#FFFFFF	#D3D3D3	4
4049	#FFFFFF	#D3D3D3	4
4050	#FFFFFF	#D3D3D3	4
4051	#FFFFFF	#D3D3D3	4
4052	#FFFFFF	#D3D3D3	4
4053	#FFFFFF	#D3D3D3	4
4054	#FFFFFF	#D3D3D3	4
4055	#FFFFFF	#D3D3D3	21
4056	#FFFFFF	#D3D3D3	21
4057	#FFFFFF	#D3D3D3	21
4058	#FFFFFF	#D3D3D3	21
4059	#FFFFFF	#D3D3D3	21
4060	#FFFFFF	#D3D3D3	21
4061	#FFFFFF	#D3D3D3	21
4062	#FFFFFF	#D3D3D3	21
4063	#FFFFFF	#D3D3D3	21
4064	#FFFFFF	#D3D3D3	21
4065	#FFFFFF	#D3D3D3	155
4066	#FFFFFF	#D3D3D3	21
4067	#FFFFFF	#D3D3D3	21
4068	#FFFFFF	#D3D3D3	21
4069	#FFFFFF	#D3D3D3	21
4070	#FFFFFF	#D3D3D3	21
4071	#FFFFFF	#D3D3D3	21
4072	#FFFFFF	#D3D3D3	21
4073	#FFFFFF	#D3D3D3	21
4074	#FFFFFF	#D3D3D3	21
4075	#FFFFFF	#D3D3D3	21
4076	#FFFFFF	#D3D3D3	155
4077	#FFFFFF	#D3D3D3	21
4078	#FFFFFF	#D3D3D3	21
4079	#FFFFFF	#D3D3D3	21
4080	#FFFFFF	#D3D3D3	21
4081	#FFFFFF	#D3D3D3	21
4082	#FFFFFF	#D3D3D3	21
4083	#FFFFFF	#D3D3D3	21
4084	#FFFFFF	#D3D3D3	21
4085	#FFFFFF	#D3D3D3	21
4086	#FFFFFF	#D3D3D3	21
4087	#FFFFFF	#D3D3D3	155
4088	#FFFFFF	#D3D3D3	155
4089	#FFFFFF	#D3D3D3	155
4090	#FFFFFF	#D3D3D3	4
4091	#FFFFFF	#D3D3D3	4
4093	#FFFFFF	#D3D3D3	155
4094	#FFFFFF	#D3D3D3	4
4095	#FFFFFF	#D3D3D3	155
4096	#FFFFFF	#D3D3D3	4
4097	#FFFFFF	#D3D3D3	4
4098	#FFFFFF	#D3D3D3	4
4099	#FFFFFF	#D3D3D3	4
4100	#FFFFFF	#D3D3D3	4
4101	#FFFFFF	#D3D3D3	4
4102	#FFFFFF	#D3D3D3	4
4103	#FFFFFF	#D3D3D3	4
4104	#FFFFFF	#D3D3D3	21
4105	#FFFFFF	#D3D3D3	155
4106	#FFFFFF	#D3D3D3	21
4107	#FFFFFF	#D3D3D3	21
4108	#FFFFFF	#D3D3D3	21
4109	#FFFFFF	#D3D3D3	21
4110	#FFFFFF	#D3D3D3	21
4111	#FFFFFF	#D3D3D3	21
4112	#FFFFFF	#D3D3D3	21
4113	#FFFFFF	#D3D3D3	21
4114	#FFFFFF	#D3D3D3	21
4115	#FFFFFF	#D3D3D3	21
4116	#FFFFFF	#D3D3D3	155
4117	#FFFFFF	#D3D3D3	21
4118	#FFFFFF	#D3D3D3	21
4119	#FFFFFF	#D3D3D3	21
4120	#FFFFFF	#D3D3D3	21
4121	#FFFFFF	#D3D3D3	21
4122	#FFFFFF	#D3D3D3	21
4123	#FFFFFF	#D3D3D3	21
4124	#FFFFFF	#D3D3D3	21
4125	#FFFFFF	#D3D3D3	21
4126	#FFFFFF	#D3D3D3	21
4127	#FFFFFF	#D3D3D3	155
4128	#FFFFFF	#D3D3D3	21
4129	#FFFFFF	#D3D3D3	21
4130	#FFFFFF	#D3D3D3	21
4131	#FFFFFF	#D3D3D3	21
4132	#FFFFFF	#D3D3D3	21
4133	#FFFFFF	#D3D3D3	21
4134	#FFFFFF	#D3D3D3	21
4135	#FFFFFF	#D3D3D3	21
4136	#FFFFFF	#D3D3D3	21
4137	#FFFFFF	#D3D3D3	155
4138	#FFFFFF	#D3D3D3	155
4139	#FFFFFF	#D3D3D3	4
4140	#FFFFFF	#D3D3D3	4
4141	#FFFFFF	#D3D3D3	155
4143	#FFFFFF	#D3D3D3	155
4144	#FFFFFF	#D3D3D3	155
4145	#FFFFFF	#D3D3D3	155
4146	#FFFFFF	#D3D3D3	4
4147	#FFFFFF	#D3D3D3	4
4148	#FFFFFF	#D3D3D3	4
4149	#FFFFFF	#D3D3D3	4
4150	#FFFFFF	#D3D3D3	4
4151	#FFFFFF	#D3D3D3	4
4152	#FFFFFF	#D3D3D3	4
4153	#FFFFFF	#D3D3D3	4
4154	#FFFFFF	#D3D3D3	21
4155	#FFFFFF	#D3D3D3	155
4156	#FFFFFF	#D3D3D3	21
4157	#FFFFFF	#D3D3D3	21
4158	#FFFFFF	#D3D3D3	21
4159	#FFFFFF	#D3D3D3	21
4160	#FFFFFF	#D3D3D3	21
4161	#FFFFFF	#D3D3D3	21
4162	#FFFFFF	#D3D3D3	21
4163	#FFFFFF	#D3D3D3	21
4164	#FFFFFF	#D3D3D3	21
4165	#FFFFFF	#D3D3D3	21
4166	#FFFFFF	#D3D3D3	4
4167	#FFFFFF	#D3D3D3	21
4168	#FFFFFF	#D3D3D3	21
4169	#FFFFFF	#D3D3D3	21
4170	#FFFFFF	#D3D3D3	21
4171	#FFFFFF	#D3D3D3	21
4172	#FFFFFF	#D3D3D3	21
4173	#FFFFFF	#D3D3D3	21
4174	#FFFFFF	#D3D3D3	21
4175	#FFFFFF	#D3D3D3	21
4176	#FFFFFF	#D3D3D3	21
4177	#FFFFFF	#D3D3D3	155
4178	#FFFFFF	#D3D3D3	21
4179	#FFFFFF	#D3D3D3	21
4180	#FFFFFF	#D3D3D3	21
4181	#FFFFFF	#D3D3D3	21
4182	#FFFFFF	#D3D3D3	21
4183	#FFFFFF	#D3D3D3	21
4184	#FFFFFF	#D3D3D3	21
4185	#FFFFFF	#D3D3D3	21
4186	#FFFFFF	#D3D3D3	21
4187	#FFFFFF	#D3D3D3	21
4188	#FFFFFF	#D3D3D3	4
4189	#FFFFFF	#D3D3D3	155
4190	#FFFFFF	#D3D3D3	4
4191	#FFFFFF	#D3D3D3	4
4192	#FFFFFF	#D3D3D3	155
4193	#FFFFFF	#D3D3D3	155
4194	#FFFFFF	#D3D3D3	155
4195	#FFFFFF	#D3D3D3	155
4196	#FFFFFF	#D3D3D3	155
4197	#FFFFFF	#D3D3D3	4
4198	#FFFFFF	#D3D3D3	4
4199	#FFFFFF	#D3D3D3	4
4200	#FFFFFF	#D3D3D3	4
4201	#FFFFFF	#D3D3D3	4
4202	#FFFFFF	#D3D3D3	4
4203	#FFFFFF	#D3D3D3	4
4204	#FFFFFF	#D3D3D3	21
4205	#FFFFFF	#D3D3D3	21
4206	#FFFFFF	#D3D3D3	4
4207	#FFFFFF	#D3D3D3	21
4208	#FFFFFF	#D3D3D3	21
4209	#FFFFFF	#D3D3D3	21
4210	#FFFFFF	#D3D3D3	21
4211	#FFFFFF	#D3D3D3	21
4212	#FFFFFF	#D3D3D3	21
4213	#FFFFFF	#D3D3D3	21
4214	#FFFFFF	#D3D3D3	21
4215	#FFFFFF	#D3D3D3	21
4216	#FFFFFF	#D3D3D3	21
4217	#FFFFFF	#D3D3D3	4
4218	#FFFFFF	#D3D3D3	21
4219	#FFFFFF	#D3D3D3	21
4220	#FFFFFF	#D3D3D3	21
4221	#FFFFFF	#D3D3D3	21
4222	#FFFFFF	#D3D3D3	21
4223	#FFFFFF	#D3D3D3	21
4224	#FFFFFF	#D3D3D3	21
4225	#FFFFFF	#D3D3D3	21
4226	#FFFFFF	#D3D3D3	21
4227	#FFFFFF	#D3D3D3	21
4228	#FFFFFF	#D3D3D3	4
4229	#FFFFFF	#D3D3D3	21
4230	#FFFFFF	#D3D3D3	21
4231	#FFFFFF	#D3D3D3	21
4232	#FFFFFF	#D3D3D3	21
4233	#FFFFFF	#D3D3D3	21
4234	#FFFFFF	#D3D3D3	21
4235	#FFFFFF	#D3D3D3	21
4236	#FFFFFF	#D3D3D3	21
4237	#FFFFFF	#D3D3D3	21
4238	#FFFFFF	#D3D3D3	4
4239	#FFFFFF	#D3D3D3	155
4240	#FFFFFF	#D3D3D3	4
4241	#FFFFFF	#D3D3D3	155
4242	#FFFFFF	#D3D3D3	155
4243	#FFFFFF	#D3D3D3	155
4244	#FFFFFF	#D3D3D3	155
4245	#FFFFFF	#D3D3D3	155
4246	#FFFFFF	#D3D3D3	155
4247	#FFFFFF	#D3D3D3	4
4248	#FFFFFF	#D3D3D3	4
4249	#FFFFFF	#D3D3D3	4
4250	#FFFFFF	#D3D3D3	4
4251	#FFFFFF	#D3D3D3	4
4252	#FFFFFF	#D3D3D3	4
4253	#FFFFFF	#D3D3D3	4
4254	#FFFFFF	#D3D3D3	4
4255	#FFFFFF	#D3D3D3	4
4256	#FFFFFF	#D3D3D3	155
4257	#FFFFFF	#D3D3D3	21
4258	#FFFFFF	#D3D3D3	21
4259	#FFFFFF	#D3D3D3	21
4260	#FFFFFF	#D3D3D3	21
4261	#FFFFFF	#D3D3D3	21
4262	#FFFFFF	#D3D3D3	21
4263	#FFFFFF	#D3D3D3	21
4264	#FFFFFF	#D3D3D3	21
4265	#FFFFFF	#D3D3D3	21
4266	#FFFFFF	#D3D3D3	21
4267	#FFFFFF	#D3D3D3	4
4268	#FFFFFF	#D3D3D3	21
4269	#FFFFFF	#D3D3D3	21
4270	#FFFFFF	#D3D3D3	21
4271	#FFFFFF	#D3D3D3	21
4272	#FFFFFF	#D3D3D3	21
4273	#FFFFFF	#D3D3D3	21
4274	#FFFFFF	#D3D3D3	21
4275	#FFFFFF	#D3D3D3	21
4276	#FFFFFF	#D3D3D3	21
4277	#FFFFFF	#D3D3D3	21
4278	#FFFFFF	#D3D3D3	4
4279	#FFFFFF	#D3D3D3	21
4280	#FFFFFF	#D3D3D3	21
4281	#FFFFFF	#D3D3D3	21
4282	#FFFFFF	#D3D3D3	21
4283	#FFFFFF	#D3D3D3	21
4284	#FFFFFF	#D3D3D3	21
4285	#FFFFFF	#D3D3D3	21
4286	#FFFFFF	#D3D3D3	21
4287	#FFFFFF	#D3D3D3	21
4288	#FFFFFF	#D3D3D3	5
4289	#FFFFFF	#D3D3D3	4
4290	#FFFFFF	#D3D3D3	155
4291	#FFFFFF	#D3D3D3	4
4292	#FFFFFF	#D3D3D3	4
4293	#FFFFFF	#D3D3D3	155
4294	#FFFFFF	#D3D3D3	4
4295	#FFFFFF	#D3D3D3	155
4296	#FFFFFF	#D3D3D3	155
4297	#FFFFFF	#D3D3D3	155
4298	#FFFFFF	#D3D3D3	4
4299	#FFFFFF	#D3D3D3	155
4300	#FFFFFF	#D3D3D3	4
4301	#FFFFFF	#D3D3D3	4
4302	#FFFFFF	#D3D3D3	4
4303	#FFFFFF	#D3D3D3	4
4304	#FFFFFF	#D3D3D3	4
4305	#FFFFFF	#D3D3D3	4
4306	#FFFFFF	#D3D3D3	4
4307	#FFFFFF	#D3D3D3	4
4308	#FFFFFF	#D3D3D3	21
4309	#FFFFFF	#D3D3D3	21
4310	#FFFFFF	#D3D3D3	21
4311	#FFFFFF	#D3D3D3	21
4312	#FFFFFF	#D3D3D3	21
4313	#FFFFFF	#D3D3D3	21
4314	#FFFFFF	#D3D3D3	21
4315	#FFFFFF	#D3D3D3	21
4316	#FFFFFF	#D3D3D3	21
4317	#FFFFFF	#D3D3D3	21
4318	#FFFFFF	#D3D3D3	4
4319	#FFFFFF	#D3D3D3	21
4320	#FFFFFF	#D3D3D3	21
4321	#FFFFFF	#D3D3D3	21
4322	#FFFFFF	#D3D3D3	21
4323	#FFFFFF	#D3D3D3	21
4324	#FFFFFF	#D3D3D3	21
4325	#FFFFFF	#D3D3D3	21
4326	#FFFFFF	#D3D3D3	21
4327	#FFFFFF	#D3D3D3	21
4328	#FFFFFF	#D3D3D3	21
4329	#FFFFFF	#D3D3D3	4
4330	#FFFFFF	#D3D3D3	21
4331	#FFFFFF	#D3D3D3	21
4332	#FFFFFF	#D3D3D3	21
4333	#FFFFFF	#D3D3D3	21
4334	#FFFFFF	#D3D3D3	21
4335	#FFFFFF	#D3D3D3	21
4336	#FFFFFF	#D3D3D3	21
4337	#FFFFFF	#D3D3D3	21
4338	#FFFFFF	#D3D3D3	5
4339	#FFFFFF	#D3D3D3	4
4340	#FFFFFF	#D3D3D3	155
4341	#FFFFFF	#D3D3D3	155
4342	#FFFFFF	#D3D3D3	155
4343	#FFFFFF	#D3D3D3	155
4344	#FFFFFF	#D3D3D3	4
4345	#FFFFFF	#D3D3D3	4
4346	#FFFFFF	#D3D3D3	155
4347	#FFFFFF	#D3D3D3	155
4348	#FFFFFF	#D3D3D3	155
4349	#FFFFFF	#D3D3D3	4
4350	#FFFFFF	#D3D3D3	155
4351	#FFFFFF	#D3D3D3	4
4352	#FFFFFF	#D3D3D3	4
4353	#FFFFFF	#D3D3D3	21
4354	#FFFFFF	#D3D3D3	4
4355	#FFFFFF	#D3D3D3	4
4356	#FFFFFF	#D3D3D3	4
4357	#FFFFFF	#D3D3D3	4
4358	#FFFFFF	#D3D3D3	21
4359	#FFFFFF	#D3D3D3	21
4360	#FFFFFF	#D3D3D3	21
4361	#FFFFFF	#D3D3D3	21
4362	#FFFFFF	#D3D3D3	21
4363	#FFFFFF	#D3D3D3	21
4364	#FFFFFF	#D3D3D3	21
4365	#FFFFFF	#D3D3D3	21
4366	#FFFFFF	#D3D3D3	21
4367	#FFFFFF	#D3D3D3	21
4368	#FFFFFF	#D3D3D3	155
4369	#FFFFFF	#D3D3D3	21
4370	#FFFFFF	#D3D3D3	21
4371	#FFFFFF	#D3D3D3	21
4372	#FFFFFF	#D3D3D3	21
4373	#FFFFFF	#D3D3D3	21
4374	#FFFFFF	#D3D3D3	21
4375	#FFFFFF	#D3D3D3	21
4376	#FFFFFF	#D3D3D3	21
4377	#FFFFFF	#D3D3D3	21
4378	#FFFFFF	#D3D3D3	21
4379	#FFFFFF	#D3D3D3	155
4380	#FFFFFF	#D3D3D3	21
4381	#FFFFFF	#D3D3D3	21
4382	#FFFFFF	#D3D3D3	21
4383	#FFFFFF	#D3D3D3	21
4384	#FFFFFF	#D3D3D3	21
4385	#FFFFFF	#D3D3D3	21
4386	#FFFFFF	#D3D3D3	21
4387	#FFFFFF	#D3D3D3	21
4388	#FFFFFF	#D3D3D3	21
4389	#FFFFFF	#D3D3D3	5
4390	#FFFFFF	#D3D3D3	155
4391	#FFFFFF	#D3D3D3	4
4392	#FFFFFF	#D3D3D3	155
4393	#FFFFFF	#D3D3D3	155
4394	#FFFFFF	#D3D3D3	155
4395	#FFFFFF	#D3D3D3	4
4396	#FFFFFF	#D3D3D3	155
4397	#FFFFFF	#D3D3D3	4
4398	#FFFFFF	#D3D3D3	155
4399	#FFFFFF	#D3D3D3	155
4400	#FFFFFF	#D3D3D3	4
4401	#FFFFFF	#D3D3D3	155
4402	#FFFFFF	#D3D3D3	4
4403	#FFFFFF	#D3D3D3	21
4404	#FFFFFF	#D3D3D3	21
4405	#FFFFFF	#D3D3D3	4
4406	#FFFFFF	#D3D3D3	4
4407	#FFFFFF	#D3D3D3	4
4408	#FFFFFF	#D3D3D3	4
4409	#FFFFFF	#D3D3D3	21
4410	#FFFFFF	#D3D3D3	21
4411	#FFFFFF	#D3D3D3	21
4412	#FFFFFF	#D3D3D3	21
4413	#FFFFFF	#D3D3D3	21
4414	#FFFFFF	#D3D3D3	21
4415	#FFFFFF	#D3D3D3	21
4416	#FFFFFF	#D3D3D3	21
4417	#FFFFFF	#D3D3D3	21
4418	#FFFFFF	#D3D3D3	21
4419	#FFFFFF	#D3D3D3	155
4420	#FFFFFF	#D3D3D3	21
4421	#FFFFFF	#D3D3D3	21
4422	#FFFFFF	#D3D3D3	21
4423	#FFFFFF	#D3D3D3	21
4424	#FFFFFF	#D3D3D3	21
4425	#FFFFFF	#D3D3D3	21
4426	#FFFFFF	#D3D3D3	21
4427	#FFFFFF	#D3D3D3	21
4428	#FFFFFF	#D3D3D3	21
4429	#FFFFFF	#D3D3D3	21
4430	#FFFFFF	#D3D3D3	155
4431	#FFFFFF	#D3D3D3	21
4432	#FFFFFF	#D3D3D3	21
4433	#FFFFFF	#D3D3D3	21
4434	#FFFFFF	#D3D3D3	21
4435	#FFFFFF	#D3D3D3	21
4436	#FFFFFF	#D3D3D3	21
4437	#FFFFFF	#D3D3D3	21
4438	#FFFFFF	#D3D3D3	21
4439	#FFFFFF	#D3D3D3	21
4440	#FFFFFF	#D3D3D3	155
4441	#FFFFFF	#D3D3D3	155
4442	#FFFFFF	#D3D3D3	155
4443	#FFFFFF	#D3D3D3	155
4444	#FFFFFF	#D3D3D3	155
4445	#FFFFFF	#D3D3D3	4
4446	#FFFFFF	#D3D3D3	4
4447	#FFFFFF	#D3D3D3	155
4448	#FFFFFF	#D3D3D3	155
4449	#FFFFFF	#D3D3D3	155
4450	#FFFFFF	#D3D3D3	155
4451	#FFFFFF	#D3D3D3	155
4452	#FFFFFF	#D3D3D3	4
4453	#FFFFFF	#D3D3D3	4
4454	#FFFFFF	#D3D3D3	21
4455	#FFFFFF	#D3D3D3	4
4456	#FFFFFF	#D3D3D3	4
4457	#FFFFFF	#D3D3D3	4
4458	#FFFFFF	#D3D3D3	4
4459	#FFFFFF	#D3D3D3	4
4460	#FFFFFF	#D3D3D3	21
4461	#FFFFFF	#D3D3D3	21
4462	#FFFFFF	#D3D3D3	21
4463	#FFFFFF	#D3D3D3	21
4464	#FFFFFF	#D3D3D3	21
4465	#FFFFFF	#D3D3D3	21
4466	#FFFFFF	#D3D3D3	21
4467	#FFFFFF	#D3D3D3	21
4468	#FFFFFF	#D3D3D3	21
4469	#FFFFFF	#D3D3D3	4
4470	#FFFFFF	#D3D3D3	21
4471	#FFFFFF	#D3D3D3	21
4472	#FFFFFF	#D3D3D3	21
4473	#FFFFFF	#D3D3D3	21
4474	#FFFFFF	#D3D3D3	21
4475	#FFFFFF	#D3D3D3	21
4476	#FFFFFF	#D3D3D3	21
4477	#FFFFFF	#D3D3D3	21
4478	#FFFFFF	#D3D3D3	21
4479	#FFFFFF	#D3D3D3	21
4480	#FFFFFF	#D3D3D3	155
4481	#FFFFFF	#D3D3D3	21
4482	#FFFFFF	#D3D3D3	21
4483	#FFFFFF	#D3D3D3	21
4484	#FFFFFF	#D3D3D3	21
4485	#FFFFFF	#D3D3D3	21
4486	#FFFFFF	#D3D3D3	21
4487	#FFFFFF	#D3D3D3	21
4488	#FFFFFF	#D3D3D3	21
4489	#FFFFFF	#D3D3D3	21
4490	#FFFFFF	#D3D3D3	5
4491	#FFFFFF	#D3D3D3	155
4492	#FFFFFF	#D3D3D3	155
4493	#FFFFFF	#D3D3D3	155
4494	#FFFFFF	#D3D3D3	155
4495	#FFFFFF	#D3D3D3	155
4496	#FFFFFF	#D3D3D3	4
4497	#FFFFFF	#D3D3D3	4
4498	#FFFFFF	#D3D3D3	4
4499	#FFFFFF	#D3D3D3	155
4500	#FFFFFF	#D3D3D3	155
4501	#FFFFFF	#D3D3D3	155
4502	#FFFFFF	#D3D3D3	155
4503	#FFFFFF	#D3D3D3	4
4504	#FFFFFF	#D3D3D3	21
4505	#FFFFFF	#D3D3D3	21
4506	#FFFFFF	#D3D3D3	21
4507	#FFFFFF	#D3D3D3	21
4508	#FFFFFF	#D3D3D3	4
4509	#FFFFFF	#D3D3D3	4
4510	#FFFFFF	#D3D3D3	4
4511	#FFFFFF	#D3D3D3	21
4512	#FFFFFF	#D3D3D3	21
4513	#FFFFFF	#D3D3D3	21
4514	#FFFFFF	#D3D3D3	21
4515	#FFFFFF	#D3D3D3	21
4516	#FFFFFF	#D3D3D3	21
4517	#FFFFFF	#D3D3D3	21
4518	#FFFFFF	#D3D3D3	21
4519	#FFFFFF	#D3D3D3	21
4520	#FFFFFF	#D3D3D3	155
4521	#FFFFFF	#D3D3D3	21
4522	#FFFFFF	#D3D3D3	21
4523	#FFFFFF	#D3D3D3	21
4524	#FFFFFF	#D3D3D3	21
4525	#FFFFFF	#D3D3D3	21
4526	#FFFFFF	#D3D3D3	21
4527	#FFFFFF	#D3D3D3	21
4528	#FFFFFF	#D3D3D3	21
4529	#FFFFFF	#D3D3D3	21
4530	#FFFFFF	#D3D3D3	21
4531	#FFFFFF	#D3D3D3	155
4532	#FFFFFF	#D3D3D3	21
4533	#FFFFFF	#D3D3D3	21
4534	#FFFFFF	#D3D3D3	21
4535	#FFFFFF	#D3D3D3	21
4536	#FFFFFF	#D3D3D3	21
4537	#FFFFFF	#D3D3D3	21
4538	#FFFFFF	#D3D3D3	21
4539	#FFFFFF	#D3D3D3	21
4540	#FFFFFF	#D3D3D3	21
4541	#FFFFFF	#D3D3D3	155
4542	#FFFFFF	#D3D3D3	155
4543	#FFFFFF	#D3D3D3	155
4544	#FFFFFF	#D3D3D3	155
4545	#FFFFFF	#D3D3D3	155
4546	#FFFFFF	#D3D3D3	4
4547	#FFFFFF	#D3D3D3	4
4549	#FFFFFF	#D3D3D3	4
4550	#FFFFFF	#D3D3D3	4
4551	#FFFFFF	#D3D3D3	4
4552	#FFFFFF	#D3D3D3	4
4553	#FFFFFF	#D3D3D3	4
4554	#FFFFFF	#D3D3D3	4
4555	#FFFFFF	#D3D3D3	4
4556	#FFFFFF	#D3D3D3	4
4557	#FFFFFF	#D3D3D3	4
4558	#FFFFFF	#D3D3D3	21
4560	#FFFFFF	#D3D3D3	21
4561	#FFFFFF	#D3D3D3	21
4562	#FFFFFF	#D3D3D3	21
4563	#FFFFFF	#D3D3D3	21
4564	#FFFFFF	#D3D3D3	21
4565	#FFFFFF	#D3D3D3	4
4566	#FFFFFF	#D3D3D3	4
4567	#FFFFFF	#D3D3D3	4
4568	#FFFFFF	#D3D3D3	4
4569	#FFFFFF	#D3D3D3	21
4571	#FFFFFF	#D3D3D3	21
4572	#FFFFFF	#D3D3D3	21
4573	#FFFFFF	#D3D3D3	21
4574	#FFFFFF	#D3D3D3	21
4575	#FFFFFF	#D3D3D3	21
4576	#FFFFFF	#D3D3D3	21
4577	#FFFFFF	#D3D3D3	21
4578	#FFFFFF	#D3D3D3	21
4579	#FFFFFF	#D3D3D3	21
4580	#FFFFFF	#D3D3D3	21
4582	#FFFFFF	#D3D3D3	21
4583	#FFFFFF	#D3D3D3	21
4584	#FFFFFF	#D3D3D3	21
4585	#FFFFFF	#D3D3D3	21
4586	#FFFFFF	#D3D3D3	21
4587	#FFFFFF	#D3D3D3	21
4588	#FFFFFF	#D3D3D3	21
4589	#FFFFFF	#D3D3D3	21
4590	#FFFFFF	#D3D3D3	21
4592	#FFFFFF	#D3D3D3	4
4593	#FFFFFF	#D3D3D3	155
4594	#FFFFFF	#D3D3D3	155
4595	#FFFFFF	#D3D3D3	4
4596	#FFFFFF	#D3D3D3	4
4597	#FFFFFF	#D3D3D3	4
4598	#FFFFFF	#D3D3D3	155
4600	#FFFFFF	#D3D3D3	4
4601	#FFFFFF	#D3D3D3	4
4602	#FFFFFF	#D3D3D3	4
4603	#FFFFFF	#D3D3D3	4
4604	#FFFFFF	#D3D3D3	4
4605	#FFFFFF	#D3D3D3	4
4606	#FFFFFF	#D3D3D3	4
4607	#FFFFFF	#D3D3D3	4
4608	#FFFFFF	#D3D3D3	4
4609	#FFFFFF	#D3D3D3	21
4611	#FFFFFF	#D3D3D3	21
4612	#FFFFFF	#D3D3D3	21
4613	#FFFFFF	#D3D3D3	21
4614	#FFFFFF	#D3D3D3	21
4615	#FFFFFF	#D3D3D3	21
4616	#FFFFFF	#D3D3D3	4
4617	#FFFFFF	#D3D3D3	4
4618	#FFFFFF	#D3D3D3	4
4619	#FFFFFF	#D3D3D3	21
4620	#FFFFFF	#D3D3D3	21
4622	#FFFFFF	#D3D3D3	21
4623	#FFFFFF	#D3D3D3	21
4624	#FFFFFF	#D3D3D3	21
4625	#FFFFFF	#D3D3D3	21
4626	#FFFFFF	#D3D3D3	21
4627	#FFFFFF	#D3D3D3	21
4628	#FFFFFF	#D3D3D3	21
4629	#FFFFFF	#D3D3D3	21
4630	#FFFFFF	#D3D3D3	21
4631	#FFFFFF	#D3D3D3	21
4633	#FFFFFF	#D3D3D3	21
4634	#FFFFFF	#D3D3D3	21
4635	#FFFFFF	#D3D3D3	21
4636	#FFFFFF	#D3D3D3	21
4637	#FFFFFF	#D3D3D3	21
4638	#FFFFFF	#D3D3D3	21
4639	#FFFFFF	#D3D3D3	21
4640	#FFFFFF	#D3D3D3	21
4642	#FFFFFF	#D3D3D3	155
4643	#FFFFFF	#D3D3D3	155
4644	#FFFFFF	#D3D3D3	4
4645	#FFFFFF	#D3D3D3	4
4646	#FFFFFF	#D3D3D3	4
4648	#FFFFFF	#D3D3D3	155
4649	#FFFFFF	#D3D3D3	4
4650	#FFFFFF	#D3D3D3	4
4651	#FFFFFF	#D3D3D3	4
4652	#FFFFFF	#D3D3D3	4
4653	#FFFFFF	#D3D3D3	4
4654	#FFFFFF	#D3D3D3	4
4655	#FFFFFF	#D3D3D3	4
4656	#FFFFFF	#D3D3D3	4
4657	#FFFFFF	#D3D3D3	4
4658	#FFFFFF	#D3D3D3	4
4659	#FFFFFF	#D3D3D3	21
4661	#FFFFFF	#D3D3D3	21
4662	#FFFFFF	#D3D3D3	21
4663	#FFFFFF	#D3D3D3	21
4664	#FFFFFF	#D3D3D3	4
4665	#FFFFFF	#D3D3D3	4
4666	#FFFFFF	#D3D3D3	4
4667	#FFFFFF	#D3D3D3	4
4668	#FFFFFF	#D3D3D3	4
4669	#FFFFFF	#D3D3D3	4
4670	#FFFFFF	#D3D3D3	21
4672	#FFFFFF	#D3D3D3	21
4673	#FFFFFF	#D3D3D3	21
4674	#FFFFFF	#D3D3D3	21
4675	#FFFFFF	#D3D3D3	21
4676	#FFFFFF	#D3D3D3	21
4677	#FFFFFF	#D3D3D3	21
4678	#FFFFFF	#D3D3D3	21
4679	#FFFFFF	#D3D3D3	21
4680	#FFFFFF	#D3D3D3	21
4681	#FFFFFF	#D3D3D3	21
4683	#FFFFFF	#D3D3D3	21
4684	#FFFFFF	#D3D3D3	21
4685	#FFFFFF	#D3D3D3	21
4686	#FFFFFF	#D3D3D3	21
4687	#FFFFFF	#D3D3D3	21
4688	#FFFFFF	#D3D3D3	21
4689	#FFFFFF	#D3D3D3	21
4690	#FFFFFF	#D3D3D3	21
4694	#FFFFFF	#D3D3D3	155
4695	#FFFFFF	#D3D3D3	4
4696	#FFFFFF	#D3D3D3	4
4697	#FFFFFF	#D3D3D3	4
4699	#FFFFFF	#D3D3D3	4
4700	#FFFFFF	#D3D3D3	155
4701	#FFFFFF	#D3D3D3	4
4702	#FFFFFF	#D3D3D3	4
4703	#FFFFFF	#D3D3D3	4
4704	#FFFFFF	#D3D3D3	4
4705	#FFFFFF	#D3D3D3	4
4706	#FFFFFF	#D3D3D3	4
4707	#FFFFFF	#D3D3D3	4
4708	#FFFFFF	#D3D3D3	4
4709	#FFFFFF	#D3D3D3	4
4710	#FFFFFF	#D3D3D3	21
4712	#FFFFFF	#D3D3D3	21
4713	#FFFFFF	#D3D3D3	21
4714	#FFFFFF	#D3D3D3	21
4715	#FFFFFF	#D3D3D3	4
4716	#FFFFFF	#D3D3D3	4
4717	#FFFFFF	#D3D3D3	4
4718	#FFFFFF	#D3D3D3	4
4719	#FFFFFF	#D3D3D3	4
4720	#FFFFFF	#D3D3D3	4
4721	#FFFFFF	#D3D3D3	21
4723	#FFFFFF	#D3D3D3	21
4724	#FFFFFF	#D3D3D3	21
4725	#FFFFFF	#D3D3D3	21
4726	#FFFFFF	#D3D3D3	21
4727	#FFFFFF	#D3D3D3	21
4728	#FFFFFF	#D3D3D3	21
4729	#FFFFFF	#D3D3D3	21
4730	#FFFFFF	#D3D3D3	21
4731	#FFFFFF	#D3D3D3	21
4732	#FFFFFF	#D3D3D3	21
4734	#FFFFFF	#D3D3D3	21
4735	#FFFFFF	#D3D3D3	21
4736	#FFFFFF	#D3D3D3	21
4737	#FFFFFF	#D3D3D3	21
4738	#FFFFFF	#D3D3D3	21
4739	#FFFFFF	#D3D3D3	21
4740	#FFFFFF	#D3D3D3	21
4744	#FFFFFF	#D3D3D3	4
4745	#FFFFFF	#D3D3D3	4
4746	#FFFFFF	#D3D3D3	4
4747	#FFFFFF	#D3D3D3	4
4750	#FFFFFF	#D3D3D3	155
4751	#FFFFFF	#D3D3D3	4
4752	#FFFFFF	#D3D3D3	4
4753	#FFFFFF	#D3D3D3	4
4754	#FFFFFF	#D3D3D3	4
4755	#FFFFFF	#D3D3D3	4
4756	#FFFFFF	#D3D3D3	4
4757	#FFFFFF	#D3D3D3	4
4758	#FFFFFF	#D3D3D3	4
4759	#FFFFFF	#D3D3D3	4
4760	#FFFFFF	#D3D3D3	21
4762	#FFFFFF	#D3D3D3	21
4763	#FFFFFF	#D3D3D3	4
4764	#FFFFFF	#D3D3D3	21
4765	#FFFFFF	#D3D3D3	4
4766	#FFFFFF	#D3D3D3	4
4767	#FFFFFF	#D3D3D3	4
4768	#FFFFFF	#D3D3D3	4
4769	#FFFFFF	#D3D3D3	4
4770	#FFFFFF	#D3D3D3	4
4771	#FFFFFF	#D3D3D3	4
4773	#FFFFFF	#D3D3D3	21
4774	#FFFFFF	#D3D3D3	21
4775	#FFFFFF	#D3D3D3	21
4776	#FFFFFF	#D3D3D3	21
4777	#FFFFFF	#D3D3D3	21
4778	#FFFFFF	#D3D3D3	21
4779	#FFFFFF	#D3D3D3	21
4780	#FFFFFF	#D3D3D3	21
4781	#FFFFFF	#D3D3D3	21
4782	#FFFFFF	#D3D3D3	21
4784	#FFFFFF	#D3D3D3	21
4785	#FFFFFF	#D3D3D3	21
4786	#FFFFFF	#D3D3D3	21
4787	#FFFFFF	#D3D3D3	21
4788	#FFFFFF	#D3D3D3	21
4789	#FFFFFF	#D3D3D3	21
4790	#FFFFFF	#D3D3D3	21
4797	#FFFFFF	#D3D3D3	4
4798	#FFFFFF	#D3D3D3	4
4801	#FFFFFF	#D3D3D3	155
4802	#FFFFFF	#D3D3D3	4
4803	#FFFFFF	#D3D3D3	4
4804	#FFFFFF	#D3D3D3	4
4805	#FFFFFF	#D3D3D3	4
4806	#FFFFFF	#D3D3D3	4
4807	#FFFFFF	#D3D3D3	4
4808	#FFFFFF	#D3D3D3	4
4809	#FFFFFF	#D3D3D3	4
4810	#FFFFFF	#D3D3D3	21
4811	#FFFFFF	#D3D3D3	21
4812	#FFFFFF	#D3D3D3	155
4813	#FFFFFF	#D3D3D3	21
4814	#FFFFFF	#D3D3D3	4
4815	#FFFFFF	#D3D3D3	21
4816	#FFFFFF	#D3D3D3	4
4817	#FFFFFF	#D3D3D3	4
4818	#FFFFFF	#D3D3D3	4
4819	#FFFFFF	#D3D3D3	4
4820	#FFFFFF	#D3D3D3	4
4821	#FFFFFF	#D3D3D3	4
4822	#FFFFFF	#D3D3D3	4
4824	#FFFFFF	#D3D3D3	21
4825	#FFFFFF	#D3D3D3	4
4826	#FFFFFF	#D3D3D3	21
4827	#FFFFFF	#D3D3D3	21
4828	#FFFFFF	#D3D3D3	21
4829	#FFFFFF	#D3D3D3	21
4830	#FFFFFF	#D3D3D3	21
4831	#FFFFFF	#D3D3D3	21
4832	#FFFFFF	#D3D3D3	21
4833	#FFFFFF	#D3D3D3	21
4835	#FFFFFF	#D3D3D3	21
4836	#FFFFFF	#D3D3D3	21
4837	#FFFFFF	#D3D3D3	21
4838	#FFFFFF	#D3D3D3	21
4839	#FFFFFF	#D3D3D3	21
4840	#FFFFFF	#D3D3D3	21
4846	#FFFFFF	#D3D3D3	4
4847	#FFFFFF	#D3D3D3	21
4848	#FFFFFF	#D3D3D3	4
4852	#FFFFFF	#D3D3D3	4
4853	#FFFFFF	#D3D3D3	4
4854	#FFFFFF	#D3D3D3	4
4855	#FFFFFF	#D3D3D3	4
4856	#FFFFFF	#D3D3D3	4
4857	#FFFFFF	#D3D3D3	4
4858	#FFFFFF	#D3D3D3	4
4859	#FFFFFF	#D3D3D3	4
4860	#FFFFFF	#D3D3D3	4
4861	#FFFFFF	#D3D3D3	4
4862	#FFFFFF	#D3D3D3	155
4863	#FFFFFF	#D3D3D3	21
4864	#FFFFFF	#D3D3D3	21
4865	#FFFFFF	#D3D3D3	4
4866	#FFFFFF	#D3D3D3	21
4867	#FFFFFF	#D3D3D3	4
4868	#FFFFFF	#D3D3D3	4
4869	#FFFFFF	#D3D3D3	4
4870	#FFFFFF	#D3D3D3	4
4871	#FFFFFF	#D3D3D3	4
4872	#FFFFFF	#D3D3D3	4
4873	#FFFFFF	#D3D3D3	155
4874	#FFFFFF	#D3D3D3	4
4875	#FFFFFF	#D3D3D3	4
4876	#FFFFFF	#D3D3D3	4
4877	#FFFFFF	#D3D3D3	21
4878	#FFFFFF	#D3D3D3	21
4879	#FFFFFF	#D3D3D3	21
4880	#FFFFFF	#D3D3D3	21
4881	#FFFFFF	#D3D3D3	21
4882	#FFFFFF	#D3D3D3	21
4883	#FFFFFF	#D3D3D3	21
4885	#FFFFFF	#D3D3D3	21
4886	#FFFFFF	#D3D3D3	21
4887	#FFFFFF	#D3D3D3	21
4888	#FFFFFF	#D3D3D3	21
4889	#FFFFFF	#D3D3D3	21
4890	#FFFFFF	#D3D3D3	21
4899	#FFFFFF	#D3D3D3	4
4903	#FFFFFF	#D3D3D3	4
4904	#FFFFFF	#D3D3D3	4
4905	#FFFFFF	#D3D3D3	4
4906	#FFFFFF	#D3D3D3	4
4907	#FFFFFF	#D3D3D3	4
4908	#FFFFFF	#D3D3D3	4
4909	#FFFFFF	#D3D3D3	4
4910	#FFFFFF	#D3D3D3	4
4911	#FFFFFF	#D3D3D3	4
4912	#FFFFFF	#D3D3D3	4
4913	#FFFFFF	#D3D3D3	155
4914	#FFFFFF	#D3D3D3	21
4915	#FFFFFF	#D3D3D3	4
4916	#FFFFFF	#D3D3D3	4
4917	#FFFFFF	#D3D3D3	21
4918	#FFFFFF	#D3D3D3	4
4919	#FFFFFF	#D3D3D3	4
4920	#FFFFFF	#D3D3D3	4
4921	#FFFFFF	#D3D3D3	4
4922	#FFFFFF	#D3D3D3	4
4923	#FFFFFF	#D3D3D3	4
4924	#FFFFFF	#D3D3D3	155
4925	#FFFFFF	#D3D3D3	4
4926	#FFFFFF	#D3D3D3	21
4927	#FFFFFF	#D3D3D3	4
4928	#FFFFFF	#D3D3D3	21
4929	#FFFFFF	#D3D3D3	21
4930	#FFFFFF	#D3D3D3	21
4931	#FFFFFF	#D3D3D3	21
4932	#FFFFFF	#D3D3D3	21
4933	#FFFFFF	#D3D3D3	21
4934	#FFFFFF	#D3D3D3	21
4936	#FFFFFF	#D3D3D3	21
4937	#FFFFFF	#D3D3D3	21
4938	#FFFFFF	#D3D3D3	21
4939	#FFFFFF	#D3D3D3	21
4940	#FFFFFF	#D3D3D3	21
4949	#FFFFFF	#D3D3D3	4
4953	#FFFFFF	#D3D3D3	4
4954	#FFFFFF	#D3D3D3	4
4955	#FFFFFF	#D3D3D3	4
4956	#FFFFFF	#D3D3D3	4
4957	#FFFFFF	#D3D3D3	4
4958	#FFFFFF	#D3D3D3	4
4959	#FFFFFF	#D3D3D3	4
4960	#FFFFFF	#D3D3D3	4
4961	#FFFFFF	#D3D3D3	4
4962	#FFFFFF	#D3D3D3	4
4964	#FFFFFF	#D3D3D3	4
4965	#FFFFFF	#D3D3D3	4
4966	#FFFFFF	#D3D3D3	4
4967	#FFFFFF	#D3D3D3	4
4968	#FFFFFF	#D3D3D3	21
4969	#FFFFFF	#D3D3D3	21
4970	#FFFFFF	#D3D3D3	4
4971	#FFFFFF	#D3D3D3	4
4972	#FFFFFF	#D3D3D3	4
4973	#FFFFFF	#D3D3D3	4
4974	#FFFFFF	#D3D3D3	155
4975	#FFFFFF	#D3D3D3	4
4976	#FFFFFF	#D3D3D3	4
4977	#FFFFFF	#D3D3D3	21
4978	#FFFFFF	#D3D3D3	21
4979	#FFFFFF	#D3D3D3	21
4980	#FFFFFF	#D3D3D3	21
4981	#FFFFFF	#D3D3D3	21
4982	#FFFFFF	#D3D3D3	21
4983	#FFFFFF	#D3D3D3	21
4984	#FFFFFF	#D3D3D3	21
4985	#FFFFFF	#D3D3D3	4
4986	#FFFFFF	#D3D3D3	21
4987	#FFFFFF	#D3D3D3	21
4988	#FFFFFF	#D3D3D3	21
4989	#FFFFFF	#D3D3D3	21
4990	#FFFFFF	#D3D3D3	21
5000	#FFFFFF	#D3D3D3	4
5004	#FFFFFF	#D3D3D3	4
5005	#FFFFFF	#D3D3D3	4
5006	#FFFFFF	#D3D3D3	4
5007	#FFFFFF	#D3D3D3	4
5008	#FFFFFF	#D3D3D3	4
5009	#FFFFFF	#D3D3D3	4
5010	#FFFFFF	#D3D3D3	4
5011	#FFFFFF	#D3D3D3	4
5012	#FFFFFF	#D3D3D3	4
5013	#FFFFFF	#D3D3D3	4
5015	#FFFFFF	#D3D3D3	4
5016	#FFFFFF	#D3D3D3	4
5017	#FFFFFF	#D3D3D3	4
5018	#FFFFFF	#D3D3D3	4
5019	#FFFFFF	#D3D3D3	21
5020	#FFFFFF	#D3D3D3	21
5021	#FFFFFF	#D3D3D3	4
5022	#FFFFFF	#D3D3D3	4
5023	#FFFFFF	#D3D3D3	4
5024	#FFFFFF	#D3D3D3	4
5025	#FFFFFF	#D3D3D3	4
5026	#FFFFFF	#D3D3D3	4
5027	#FFFFFF	#D3D3D3	4
5028	#FFFFFF	#D3D3D3	21
5029	#FFFFFF	#D3D3D3	21
5030	#FFFFFF	#D3D3D3	21
5031	#FFFFFF	#D3D3D3	21
5032	#FFFFFF	#D3D3D3	21
5033	#FFFFFF	#D3D3D3	21
5034	#FFFFFF	#D3D3D3	21
5035	#FFFFFF	#D3D3D3	21
5036	#FFFFFF	#D3D3D3	4
5037	#FFFFFF	#D3D3D3	21
5038	#FFFFFF	#D3D3D3	21
5039	#FFFFFF	#D3D3D3	21
5040	#FFFFFF	#D3D3D3	21
5050	#FFFFFF	#D3D3D3	4
