x	y
-2.15451821389688	0.46533654820635
0.361731113967025	0.076032888564632
-0.4737470176026	0.115740974734865
-2.15451821389688	0.46533654820635
2.52495249403963	0.634914613115007
0.394267593430983	0.135422900862502
0.361525050252763	0.075983014787952
0.361731113967025	0.076032888564632
-0.557074062543211	0.243988580759618
0.3613975270033	0.0759646004195066
0.388827160142778	0.109222251636938
-2.15451821389688	0.46533654820635
-2.15421911362844	0.465312945107294
2.52495249403963	0.634914613115007
-2.15421911362844	0.465312945107294
2.52480998418306	0.634922772878525
0.361525050252763	0.075983014787952
2.52495249403963	0.634914613115007
2.52495249403963	0.634914613115007
-2.15421911362844	0.465312945107294
2.52495249403963	0.634914613115007
-2.15421911362844	0.465312945107294
3.38796186933602	1.05431693943058
-2.98655368438579	0.76047297320997
-2.98625935690659	0.760136336044329
0.361858698487145	0.0760513170465834
2.52480998418306	0.634922772878525
2.52480998418306	0.634922772878525
0.361858698487145	0.0760513170465834
2.52480998418306	0.634922772878525
2.52480998418306	0.634922772878525
1.75587756983696	0.662351717842998
-2.15451821389688	0.46533654820635
0.922019141063965	0.335550153126829
2.52495249403963	0.634914613115007
2.52480998418306	0.634922772878525
0.3613975270033	0.0759646004195066
-2.98655368438579	0.76047297320997
0.361525050252763	0.075983014787952
-2.15421911362844	0.465312945107294
2.52480998418306	0.634922772878525
0.361858698487145	0.0760513170465834
-2.15451821389688	0.46533654820635
-2.15421911362844	0.465312945107294
0.3613975270033	0.0759646004195066
0.361525050252763	0.075983014787952
0.083025250328212	0.031234955378807
0.0149000204978088	0.00880925644292611
-0.166277278296218	0.211968803643328
-0.315550339576589	0.366034472592618
0.353859260999351	0.488077499964229
0.501082931563783	0.724280360909279
-1.28226207376343	0.866160490813602
0.594570422603698	0.347528657313905
0.389804060095939	0.345611583567045
0.322661826684089	0.320064399687743
1.53868748123669	1.01789180342578
0.393913102316058	0.135306113972711
0.380299215351684	0.192028879544537
1.53822798670443	1.0175260975171
0.129249730439928	0.0552181208721092
-0.776135871246149	0.386118775966781
1.75607006828438	0.662519756737108
-0.300076100830081	0.199769964396802
0.0327565274006341	0.0162907100476571
-0.0908609712373021	0.0575697913910202
0.383917315388124	0.232181956917002
1.06668723218526	1.07312669651957
0.129782482723068	0.055444175672436
0.0831971335594494	0.0312840819959135
0.692036487515261	0.332044606705841
-0.525993123843889	0.181359528182694
-0.701152419350158	0.526861439134342
0.693160519703166	0.332829202038881
-0.833991967938541	0.336575780117401
-0.272091243109116	0.134354832803417
0.385325625429868	0.251056245738229
0.939850185791323	0.525845907565753
-2.35977002399762	1.35976890970338
0.196562535872001	0.103456755441209
-0.776135871246149	0.386118775966781
1.53837452374644	1.01747859751324
-1.69670265447988	0.705803285671984
-0.83386970704689	0.336531070045138
-2.15451821389688	0.46533654820635
0.570142263706774	0.362464883970776
-0.182595979302323	0.0942067543932056
0.781755986761583	0.520105210973261
0.384193707562296	0.23236397917735
-0.186405306554122	0.113556644367664
0.381573078826233	0.211935667199879
0.165970347389982	0.0791823014085662
-0.172633540805796	0.0706266937852931
0.735963197365987	0.527764906360462
0.693246418188508	0.332870493589968
1.3350806714925	0.960533703258935
0.940232074320689	0.526094116233645
0.779933366340845	0.330815108755646
-1.08953942317794	0.503106815479701
-0.391339548859351	0.183189716949853
-0.953082703159762	0.753593691741009
-0.444917018984374	0.378584366041983
0.0764639571723576	0.0593205303796709
0.0573756796899836	0.0425249025475319
0.701619484219947	1.03851411682332
-1.21870224546272	1.78029291854374
0.396867800662153	0.475284607742205
0.656338143333579	0.899302625965024
0.0638564037343851	0.0536873027185116
0.756615677665304	1.17939870208679
0.123101713073708	0.10787333904856
-0.587464891236514	0.406507529555143
0.261619601719882	0.182900353819704
0.958303188757079	1.04024588745061
0.100824972214919	0.0589276369289714
-0.183127825098029	0.0944992699355236
-0.172790630805708	0.0706913846673543
-0.172252235423921	0.0704621510143207
-0.172712037746331	0.0706637074876884
-0.301056826050713	0.114043873194428
0.7804925175075	0.331224333986828
-0.390200454139005	0.182647076841076
-0.953034948661898	0.753074732537251
-0.278438974871196	0.20640213222022
0.0715082302011756	0.0387989839825231
1.08198636274264	0.545434888367528
-1.69625840182905	0.705523772543061
-0.557446515240923	0.244186902210422
-1.69637927695393	0.705629000239378
0.394687815538314	0.135590291209972
-0.302011923493779	0.114426137674261
0.0062310269186943	0.00200636502427652
-0.139258708787851	0.0397553524568051
-1.39010946113578	0.501715035035032
-0.834101218840082	0.336744813199495
4.30945327498026	1.83737636861503
-0.526558069458088	0.181629780901929
0.389148735446968	0.109285725974399
-0.583693463507145	0.356790012099362
0.782866740058969	0.520939182656066
-0.171792383076516	0.0702394472739714
0.0230925901527401	0.01932759573977
0.253320622973156	0.571602876173466
-0.69809896284984	2.68754613762699
0.278393503615729	0.676701504677688
0.34211413403677	0.636733393770945
-1.15649267507723	1.05052506598854
0.948672462581905	0.709380729505775
0.591358734833097	0.57077826633309
0.640543165212929	0.544444170642969
0.939312382892888	0.525313855216088
0.165970347389982	0.0791823014085662
-0.444374992943106	0.378104530357655
0.666751993099551	0.720466077961844
0.0349671281839445	0.0246787548853949
-0.135005646547914	0.0840566873298067
0.68484010557574	0.714470136400597
1.03128088392841	0.715289510325625
-0.578536636948972	0.305125011360688
0.569332540485264	0.361830188474866
-0.55698719456961	0.243941671319354
-0.404566615154199	0.292022274552552
0.641403733598303	0.54551443009823
-0.891327498577047	0.576155119018224
-1.75467378561413	1.5958938684053
-1.13343953946609	0.698640117289706
-0.249844494587615	0.148152220863438
2.55869692027955	4.03259720747127
1.35422681306779	1.34704354287098
0.38494159345256	0.250778475101884
-0.183187862994009	0.0945275789839454
0.693160519703166	0.332829202038881
-1.49919315551814	0.866177289798674
-0.743728913653519	0.436392445705082
0.272718290229215	0.201100423981864
0.666353904867903	0.539302718396171
0.273110723555985	0.201385381126741
0.383610425505103	0.266401171944054
-0.591588370779012	0.453574249796409
0.0955440490933993	0.0672440296287466
0.693246418188508	0.332870493589968
0.129249730439928	0.0552181208721092
-1.08898589378082	0.502786075903476
-0.17202863771562	0.0703563818212956
0.692958099242859	0.33267335418904
0.00657339541385382	0.00211145699724071
-0.965850850267007	0.537858079779196
0.532155678876004	0.388661414781685
-0.0704475773639454	0.0500841006222598
-0.197268895320551	0.271888022551544
0.630891182872127	1.24389977966847
0.615453563868203	1.42730616336534
-0.164371851519188	0.200985320545026
0.141147240570189	0.207187388238303
0.268163440455262	0.484405449989298
-0.272097659948924	0.389148768908803
0.58712066552038	1.15065426400053
0.0719971014316231	0.0789978045770171
-0.355045971154876	0.328561698139012
0.0229930570026102	0.019243500291506
0.148509344283935	0.12046859285365
-0.933969586367013	1.27167931573942
-0.670170438732121	0.639500135041221
-0.437028405952228	0.241393233431787
0.940075758275313	0.525897343097394
-1.95278077205687	1.46267789331622
0.128991369818196	0.0550944149477172
1.19764201343257	0.929129447137171
-0.183345151932474	0.0946113815907912
0.0443647413142825	0.0279275622961692
-0.227001501155172	0.169869491036389
0.283753103137093	0.219999663434947
-1.13360891831536	0.69875734400831
-0.775376519280648	0.385555445111345
0.16534100378112	0.0788257953267188
0.39172317888763	0.157018219232949
1.75619757669117	0.662562396233098
3.38796186933602	1.05431693943058
-1.38966535397044	0.501535825497968
-1.3075840245393	0.679456622186958
-1.69734960440132	0.705809715124441
0.922588895934719	0.33557157355421
1.85876496574011	1.11405708484143
-0.172330859760746	0.0704991966259504
0.384821339806977	0.174680639182499
0.177597349076324	0.184050182985488
0.0248720387101699	0.0409079580638121
-0.0970545355718331	0.200176137544549
0.0795587565572603	0.169156638481599
0.303837972876549	0.604906160846747
0.0756563074279009	0.0586656306509692
-0.513831681540904	0.433393686437472
0.762306278046738	1.0260142026955
0.0107788066653034	0.00721546082454767
-1.81913561543248	1.25904450915388
0.570577450461842	0.362608053315123
-0.592903816756501	0.532773586225289
-1.52023130890311	2.2688179222004
-0.114651983534629	0.0883635726192065
0.213723414356181	0.173538842554093
0.831353314902181	0.703415638052942
-0.840470744855892	0.614603971586284
0.550077129999514	0.376722954323861
0.383424470525941	0.231665063154356
-0.716547219812701	0.480738406491479
-0.0903863963910803	0.057257801255664
-0.690509808256486	0.569206628822926
0.953905704034558	0.883491088029528
0.0717487900838293	0.0389313553315227
0.306685423739959	0.271700007593336
0.197154631898323	0.103785078945911
-0.239301719761169	0.162109170898922
0.641403733598303	0.54551443009823
-2.16865814881782	1.13472208209004
0.939694124827032	0.525649369689701
0.380538632848477	0.192157298875416
-0.526766443486322	0.181771361232728
-0.966198513599258	0.538168127121678
-0.583267887618803	0.356396580989563
-0.277539990129219	0.205573954473445
0.127087762756533	0.0794325890432734
0.0138117246516077	0.00817432236390381
0.393399184620961	0.405206753646105
0.390181361049292	0.346088100018322
-0.790480350006619	0.893609314476286
2.41005851761939	1.98610127025342
0.922019141063965	0.335550153126829
0.129249730439928	0.0552181208721092
-1.13343953946609	0.698640117289706
1.03186518685559	0.715744836224236
-0.115591359677705	0.061951610075415
0.632899140082289	0.337160256876808
0.0839730791945158	0.0315752408154401
0.73511750060613	0.526927044624564
0.0137205320809318	0.00812147174536276
0.136304377062495	0.123938622094442
0.205018030437334	0.267435372776097
-0.00527778388389712	0.0061742014153738
-0.505651158698641	1.02747269753459
-0.516598633920189	1.1561019954836
0.227870263680486	0.370845359124815
0.255422651442607	0.4785930413977
-0.0219736060449353	0.0276731097673197
-0.332904570138826	0.54706427176344
-0.45480725650474	0.753555776273108
-0.18089506341393	0.1710299997164
0.298220145268247	0.474358448145597
0.187197406139462	0.171177510593734
0.0461282873173843	0.0372594312200857
1.35724562958786	1.5228091244257
0.382243475920248	0.21221177852959
1.0973094372813	0.911294489133418
-0.583753488901756	0.356962102540156
-0.717137733813721	0.481323111636119
0.782172537600057	0.520373873799937
0.532304291055202	0.388588847835347
0.0281009626240919	0.0217716477327656
0.169729963625909	0.119106598882361
-0.0577660346287227	0.0451825822278554
0.101453761999707	0.0593267174309775
-0.526647663695847	0.181669906995782
-0.182535889947427	0.0941758280759728
1.03166776689825	0.715841374458579
0.693534330111916	0.332941184731304
0.0821917581188994	0.0309098469811642
-1.00215966499849	0.304734599194237
-0.139134492693926	0.0397113788160752
0.0836862021484241	0.0314820106158055
0.632807807399066	0.33712411861585
1.08143424728448	0.544827424797949
0.844607071483194	0.517201989566082
0.197529234441591	0.103976928781629
0.470825780128373	1.17192369723981
-0.102357307266497	0.169536790802967
-0.126503419140139	0.184533888066121
0.226286201313194	0.283850141985321
0.0719430838312818	0.0390290273255074
0.126707961181471	0.0791809283939442
0.0829391888686957	0.0312031930136134
-0.0183489613390689	0.00842765611787557
0.395744850831878	0.435096484615849
-0.486130012593881	0.531976359169002
-0.147261311609151	0.112479172528088
-0.0406642177378444	0.0292005145623708
-0.31219744147575	0.290496190091859
-0.995861914537081	0.921514355714377
0.102630890148953	0.0600289714634561
-1.30813039530621	0.679867277020895
1.19854474142083	0.930043308845492
-1.38077766552266	1.66189520772671
0.592321416403236	0.571809399372536
-0.372587081353577	0.242574156802219
0.0325192186563108	0.0161771034717757
1.01791757696914	0.896331155885542
0.382035327684257	0.212154568383739
-0.134246087697433	0.0835564385822814
-0.833419534036202	0.336382855166883
-0.578125665272558	0.304829459171569
0.94826236072804	0.708888486267877
-0.271993449480125	0.134278402059596
1.75587756983696	0.662351717842998
0.00668189768782888	0.00214296623646803
1.06723083363577	1.07398441379851
0.954420000729997	0.884073981143742
0.2915599849	0.236774232539224
0.386597867597607	0.3139859778665
-0.835470204046396	0.837360253293981
0.0148544671525002	0.00878296558624922
1.00782916690679	1.05558254471632
1.19785036745628	0.929514084725389
0.642264145422125	0.54621173341352
0.779698788448199	0.330681782764042
3.38796186933602	1.05431693943058
0.92214315665141	0.335592961203935
-0.13893734325624	0.0396671757223606
1.50052630661167	1.20108049542905
0.00633945431459683	0.00203784566389168
0.381781172449947	0.212071085126265
1.61040441759821	0.840900258021045
-0.0852475234869605	0.0371529560752757
1.88449230454514	1.54154304290916
0.711142091378539	0.876223750363893
0.221661092007532	0.231207119252527
0.00708569031588194	0.00776407613293113
-0.0726283412331464	0.0887682368269337
0.0766925664266925	0.110868967585923
-0.2347546007729	0.370913826570873
0.149712073474435	0.195177856227459
-0.349595705206557	0.794317584989941
0.376703603742238	0.813106606519734
-0.0788224827479693	0.100097209912759
-0.0397202540611869	0.0483324482714953
0.397304755062547	0.450332468321853
-0.344477760723634	0.438400339183632
-0.0951096324603035	0.0797467169525772
0.0626339816328048	0.0526094573304369
-0.104326187254981	0.0734066516428311
-0.776515707571059	0.38635152586693
1.17224930200558	1.27271382976176
-0.592928783006452	0.532781435691555
0.666875787571596	0.53984268674163
-0.390200454139005	0.182647076841076
-0.142717799548723	0.0992352390750748
0.0959201762561004	0.0675206749266297
-0.282886776752465	0.297307964428367
0.22399182293722	0.189680462523787
0.384074631825796	0.232296236286305
0.692872391964151	0.332670774022736
0.383363068549427	0.26613733008028
0.00588857467864678	0.00190103027715875
0.361731113967025	0.076032888564632
3.92199235159964	1.44989944320004
0.0824794953137127	0.0310209319627419
0.384977818824479	0.174730842529057
0.693160519703166	0.332829202038881
0.632807807399066	0.33712411861585
0.300134416761583	0.373015766174107
0.400260912598355	0.582318204704358
0.44114340258552	0.716012440115809
0.396640692061606	0.422948979083373
0.621773954388524	0.553259911168426
1.64887452802145	1.45357007493318
0.384844177724177	0.250724298382647
0.697785963381697	0.533890853841771
0.387132504499427	0.31454201574163
1.06751106287506	1.07452034289734
-0.115304122290715	0.0617863070979846
0.101851998239718	0.0595741865279368
0.569453553663671	0.361928018197525
0.219663030713871	0.126037205246425
-0.390898555337021	0.182999809053684
-0.55735975728574	0.244140038228301
0.1295077057463	0.0553313199790403
-0.372977964865057	0.242878747706938
0.261665423649274	0.182932102832565
0.129690974521995	0.0554121511236294
-0.743631442680116	0.436371870130056
0.385084895968046	0.250898880811666
0.958668976906929	1.04089990618125
-0.0211352082236801	0.0120071068515306
0.381781172449947	0.212071085126265
-0.557446515240923	0.244186902210422
0.0324803020931558	0.016159596676943
-0.966453487774123	0.538358739862374
0.56939299092269	0.361907468768735
-0.435989006505532	0.240746920738287
-1.02454449028483	0.723375162885455
-0.0194137643446456	0.00890179981691357
-0.33659176112135	0.246584127201005
0.261098336576459	0.182456231983872
0.306482554121437	0.271495666158744
0.186306819027511	0.137662180492515
-0.133526882639236	0.083053968852418
0.66648633303356	0.53946197676934
0.692786604586628	0.33262955025011
3.38782179781776	1.0539197118063
0.394477818320844	0.135546168947089
-2.35949833379706	1.35955177718033
-0.172409580035499	0.0705269291433486
0.667015811383789	0.539777196590565
-0.965850850267007	0.537858079779196
0.393821037840009	0.135261467918376
1.72083629870748	1.27307224454116
0.569514228330734	0.361884336241941
-0.587273927483431	0.406232046952704
0.604815654214112	0.560882357092423
-0.0642096959650339	0.0580892722110251
0.0503698523716924	0.0522506179980562
-0.0571872885066492	0.0642190967835058
-0.568713423756314	1.10078432738835
0.166114597017429	0.209366732291221
0.0796872433804323	0.0955727727109101
-0.674554106733285	1.74390979050342
-0.0597099855089463	0.0806950642086812
-0.227191429840033	0.313329667716844
0.634243386519494	1.08368024074616
0.646900605509992	0.908416682047431
-0.704911663703145	0.844085020024444
-0.182488540903532	0.172755963831137
0.219761286274332	0.12609218340535
0.637164528151234	0.735120604345811
0.384085612756223	0.282390342531933
-0.689750358539961	0.568450605218123
-2.16900263725554	1.13498742732658
1.75575011201309	0.662309103722083
-0.40494639806565	0.292390925335638
0.249890684094212	0.164841428016307
0.0454333653102078	0.0286067391047413
1.10645341958384	1.24588035448139
-1.33520925948352	1.36558299302879
0.196683457350435	0.103465556136337
0.736180089651216	0.527932841998446
0.63324913278278	0.337354017906739
1.08205635084253	0.54527351196234
1.61096338350584	0.841728315422669
-0.3016598593167	0.114296718545794
2.067449028111	1.39480126185139
0.39137045791545	0.156848885676898
0.632807807399066	0.33712411861585
0.381121567785693	0.192404313929507
0.478918500051782	0.812490248132047
0.450607548149119	0.617164230577918
0.154467252060719	0.221207185356635
0.139605304259271	0.251948439713315
0.430916168818023	0.812826598828058
0.178799805779849	0.235891995446304
0.397757968091697	0.775662768461997
0.336091498214787	0.377774587694051
0.327363538318358	0.335864459558487
0.149313634735694	0.0991129622070755
0.101205871028001	0.0591776735663387
0.580049853592656	0.581778554566507
0.385652924742379	0.298704362525035
0.392694425645388	0.377126265597267
0.474383866759836	0.491503125051907
0.235188424336278	0.20772565727766
0.187058174114262	0.138260889550225
0.551547798831547	0.613531960004815
-0.402242200878995	0.369666753707457
-0.238734871746232	0.161662180062301
0.165872139166741	0.0791356609109464
0.94895085025718	0.709598990537753
-1.85214273561102	1.78921706619762
0.385244188999261	0.298304140096356
-0.947365541401788	0.941565266770854
0.782450323491417	0.52085265618802
1.01911489482038	0.897503480949297
0.467437259826867	0.517026503169787
0.94870860800223	0.708558851925567
0.249750206089094	0.164736441383124
-0.44402062338442	0.377744759719275
0.507189415776214	0.411930019775313
-0.134146361022217	0.0834869347023627
0.789248493230908	0.701539195755903
1.19805873118007	0.929766795684458
0.51854329038173	0.40060581889704
0.789288190984197	0.701658382276565
0.29205966152669	0.237223336219255
0.16853098884467	0.118141921314828
0.383945839771359	0.282224178357702
0.391216256905615	0.36121651911856
-0.45728796769015	0.417443077056562
1.19898001392069	1.4445149609307
0.201199734108851	0.156064447195605
0.115592719775944	0.0855564547582611
0.0841459457620308	0.0316458595859174
-0.0183489613390689	0.00842765611787557
0.219761286274332	0.12609218340535
0.632457839881738	0.336889784000017
-0.0864121254387165	0.0376684304661824
0.693246418188508	0.332870493589968
-0.526439196579555	0.181637496851545
1.75594253343201	0.662243008531539
-0.30130788380924	0.114155707724385
0.388505511706938	0.109097507474847
0.921697424577091	0.33529426636157
-0.967241993945977	0.53885723031014
-0.182595979302323	0.0942067543932056
-1.49889707029447	0.865586047033355
-0.966453487774123	0.538358739862374
0.948358467325555	0.709136304566571
-0.689791640484864	0.568463440666527
0.0566078353520553	0.0419416893628395
-0.303999871018238	0.452268242976195
0.373634434494472	0.754235881918165
0.551589283619459	1.58954036236767
0.223341760976121	0.390405758678671
-0.161179324631124	0.257863015535184
-0.118928514712247	0.178257455821576
-0.439472947252082	0.928098088081819
-0.214040527770493	0.440707838331207
0.448567195368792	1.05608391761379
-0.222201141186335	0.328354764987215
-0.28943863513215	0.336512714513818
-0.134673612464123	0.164730521523779
-0.10513830153936	0.09444211716603
0.13915838805407	0.143401380272985
-0.0654831374005886	0.0665025759559092
-0.315407773293761	0.330959072683065
-0.487329178909947	0.533692933587642
0.604971529898777	0.561210547157584
-1.05842306708202	0.900134631280703
0.827203393067349	0.864734616529187
-0.512581259499698	0.432199645141202
0.393578345233114	0.378149084851624
-1.02447796654389	1.07553821016399
-0.354964464550516	0.328489243449985
-0.185882973179391	0.113202284867335
-0.173250351787335	0.0708623006217085
-1.25026798527808	1.20801393109759
0.594229182027783	0.347197144185524
0.101453761999707	0.0593267174309775
0.237333794055029	0.146746197885059
1.46642132113061	1.57811905117753
0.789148019325181	0.701485679102531
0.249890684094212	0.164841428016307
0.0231011090166511	0.0275612461761266
0.280274769242736	0.388969621491499
0.071205283020856	0.109913047270023
0.107302611852015	0.17168885247518
0.00426887501901171	0.00368481337260015
0.326070856022014	0.495748817000349
0.011191468184995	0.0117606872328692
0.290983520502209	0.43769315476364
0.282683947868294	0.21904640299876
-0.908902606525051	1.13042389263587
0.478608335566408	0.478622887500279
0.826509010543258	1.17739439754689
0.0464384135649758	0.0375161241097358
0.187552128802995	0.200523464435867
0.0785351811500768	0.0685251052662194
0.235188424336278	0.20772565727766
-0.444395758783835	0.378097173622837
-1.55516644388797	1.55554090642149
0.0725656884569676	0.0484032966228616
0.391303487615357	0.361441005735103
0.215947930294836	0.218723609902555
-0.150773155845748	0.12498978523617
0.149073270194291	0.120977024573239
0.569850471720482	0.592795979011221
0.396506744075981	0.449168712202818
0.311402004289608	0.286836898299034
0.499193327290331	0.42466225128932
-0.464346111100467	0.293885142019209
0.704271238942077	0.708176919363844
0.387301932725633	0.314717554500298
0.147541388074807	0.119543290547211
0.00415341707826851	0.00334935708884453
0.316132149373268	0.302149782905624
0.00321695446537512	0.00278156453505343
0.178122288741766	0.18469062626563
0.580049853592656	0.581778554566507
1.33542453785004	0.96015949773771
-1.64283571011412	1.73628799391844
0.518783838356694	0.400815032024818
-1.65029683992901	1.4052208211822
-0.526647663695847	0.181669906995782
0.394267593430983	0.135422900862502
-0.13893734325624	0.0396671757223606
1.1987068056709	0.929963815408506
-0.584307468636137	0.357198027117178
-0.578245908749132	0.304934080913825
-0.0852987059444918	0.0371777506716744
-0.272044616803678	0.134313553575837
0.236294222319857	0.146067915576764
0.386584766090949	0.313972303594229
0.38210548843586	0.212286728997392
-0.385606388556888	0.330816957041625
0.133334300318741	0.103476995519755
0.718052036650151	1.18987139178757
0.478577640332552	0.827761116822525
0.251066250637697	0.462655935564471
0.12465510179956	0.182019994215222
-0.18112381853463	0.27441869709397
0.162479530827812	0.256534268221629
0.451675925208082	1.0398998456715
-1.02150198164238	2.68917280709848
0.330320578651867	0.691454999463249
0.103765098876982	0.17205476872451
0.300516247080405	0.48666897644963
-0.263131305999417	0.305929859171137
-0.155448739771271	0.220252100570572
-0.159270797624089	0.168966270838095
-0.126693129891061	0.141747118611965
-0.627419793578643	1.04305066245932
-0.300175540982743	0.199822159757637
0.0097580244748862	0.0065365327294858
0.122899706687314	0.107683327460703
-0.051692150923145	0.0332313921251654
0.11563531189953	0.0855800611930327
-0.431263203938942	0.448482216177223
0.148338988973542	0.139690574156348
-0.0562532457724928	0.0541141214671724
0.00463616015368863	0.00373421171879028
-1.311283482483	1.50569659116713
-0.184608880762671	0.139631660991285
0.044534477103789	0.0280352457860581
-0.186652569760764	0.11371260792063
0.382521602502211	0.212505634530775
0.782242129780553	0.520688602678334
1.06702927878558	1.07392269525187
0.590982284727229	0.570108879743486
-0.104185763122438	0.173045169713263
0.0421533774783821	0.0833591630194792
0.13831930801225	0.158133781206255
1.01769152744014	0.896041606324066
0.306235905957452	0.27121692922313
0.469165062677741	0.519532869089859
0.0518660742094712	0.0883794610867351
0.13913870940293	0.238991947594931
0.127723854973696	0.189411981055345
-0.0349629636162574	0.0374840561103241
0.581025886368076	0.582717253774594
0.283329248853295	0.316113107819891
0.296545897835892	0.359184574185856
0.321563129481361	0.469673640169531
0.496720136860035	0.733228712553219
0.728301503991604	0.870457614859966
0.30616407516362	0.271148397841454
0.39690992571042	0.436685037546153
0.447699309676114	0.642088771307609
-0.18110816155251	0.171270293857863
0.538140535223135	0.63659833375373
0.30027009406345	0.25506715150536
0.482782813149487	0.464996993512938
0.206795810671727	0.202707306395207
0.57354099536023	0.99042295676862
0.531860939082069	0.877580774375771
0.646072607456977	1.23656995067978
0.662418432350455	1.22726593353999
0.279347319909747	0.302962897521309
0.109253695743002	0.092157278149377
-0.274226713261724	0.256423591962266
0.769957111142072	1.17265157087474
0.395901590039231	0.435334260930708
0.272107092815764	0.285934481969257
0.395765711276368	0.448023569176193
0.487861298068567	0.451819433414628
0.621067170802996	0.552285454442584
0.884241057903011	0.706613655314673
1.0063080081784	1.21089335206781
0.782658526934225	0.520957217373559
-0.142145659887733	0.0988317300014447
0.965324807125407	1.19791358837102
0.499375888145483	0.424861919593189
0.0449245593432894	0.028283646689031
0.0959416503322158	0.0675360244656495
-0.810901823231979	0.865157340270614
-1.08288459716493	1.06428593050388
1.608854694927	2.37277493613532
0.0716662953457017	0.047790900556173
0.11539089670569	0.0853974967130506
-0.448869246447174	0.619710684587492
-1.12380462313113	1.78133867257624
-0.290820141611706	0.338526924818598
0.0864499848807304	0.105945628640787
-0.0257755362824035	0.0263400480203869
-0.382754686181418	0.508037024446057
0.0273451777235996	0.0267568057263867
0.192297286334987	0.239183165106513
0.546099037298984	1.04300367992541
0.311569309298504	0.556418516720449
-0.251324129363308	0.512399652410021
0.172748513085542	0.24496975344162
0.400113676934642	0.531431861306708
0.0393723697374166	0.0341960481281364
-0.116880811377535	0.118038627425277
0.677749049440033	1.21154751551184
0.26641517097018	0.271392989263844
0.173239162713617	0.266633596481538
-0.323515557059997	0.576831168396849
-0.149634347819489	0.232124534869061
-0.535477743976454	0.918875396786013
-0.441188169223138	0.584473792408725
0.401136298421404	0.596357258194894
-0.909286037683683	1.29340051422776
-0.272931680795459	0.302425468774291
-0.0416212049755268	0.0299177849838132
-0.22775185489275	0.170545491719755
-0.0121895538438552	0.0111243813169383
-0.202010421362939	0.225092110176256
-0.41672051817917	0.408000888370401
0.266685733721309	0.271725401516414
-0.113289314269057	0.0872365322757954
0.934193090287969	1.77987815948013
0.471327162790195	0.505230835211428
1.18655564907155	1.75476378231633
-0.012900382737866	0.0110214699211577
0.421541609868698	1.06575315944649
-0.044708524149529	0.0405456673038427
0.908285200567492	1.6287326998183
0.770610770527275	0.863808472806674
0.397247622658524	0.450209496754153
0.685505356068227	0.715236637030631
0.249078501892303	0.291724569958607
0.362889209448412	0.941361149646088
-0.011992367382119	0.01226005496727
0.023306416936444	0.0195079844703852
0.336716748711908	0.378605450430137
0.464829621139912	0.530206343380212
0.461704367276688	0.919600497545731
0.269151788560674	0.349082666969777
0.282303898524893	0.399758420134215
0.148124802061602	0.139461091115252
0.538298848354909	0.636878369874185
0.0548605782100859	0.0493807258778672
-0.345597068171643	0.440146088374558
-0.718246418654861	1.06697631321168
0.638293323704488	0.736945976342488
0.796347652917833	0.862915807228552
0.635358449662653	1.39895347351453
0.400680498663539	0.607840466851373
0.711505438257417	0.876867550899834
-0.0714115812143155	0.0601865026345342
-0.0967398966404167	0.0812097832677144
0.282623376312849	0.315049848645929
0.39214308430802	0.362352314890187
0.102241433577605	0.0598048335979147
0.0349671281839445	0.0246787548853949
-0.0508058837996679	0.032638253983646
-0.113405640489751	0.0873341997586395
0.00792096599795755	0.00586662924051946
-0.759154239108024	0.718356947183772
-0.591895565099578	0.568985119882417
0.13261016694185	0.102853660778856
-0.142875010376222	0.0993802922691628
0.115868605905203	0.0857756306626789
-0.372676486865662	0.367039759978586
-0.11173310101329	0.106680530389651
-0.203837097291367	0.215623039977895
-0.781815765286539	1.1165243839599
0.0297226803648707	0.032854500735993
0.146044418103325	0.186917644445346
0.398082457166088	0.6384808642052
0.202568880056222	0.229279251469769
0.481551221726742	0.802627749787321
0.311528639269587	0.417023838979167
0.0387136348188937	0.0482227173146531
-0.0509134963757414	0.0686825107438041
-0.936469818507731	2.51411579987717
-0.0828590970304912	0.0841129692580437
0.0674673727746279	0.0627868421838652
-0.480620539621417	0.6633815332917
-0.781390422726356	1.11548583039654
-0.591919758318691	0.916163968962318
0.0418373037762933	0.0548186842014609
-0.304613990200392	0.557028513456705
0.212701009914917	0.354371456321609
-0.158608712943295	0.159569756050423
0.996316275188043	2.52151087872877
0.231109097701478	0.296775017177375
-0.0450146685065648	0.0408326852505502
0.645573265445794	0.905860326483064
0.684274641641062	0.713815495657922
0.531520244673267	0.646582373137402
-0.781390422726356	1.11548583039654
-0.639027071696377	0.842840995939297
-0.295487130543992	0.293149725995641
-0.154717266258434	0.137868940326722
-0.315026176990635	0.330462060439666
0.292436072243748	0.237605237196399
0.0579411369111792	0.0429466978715876
0.175548312117952	0.154581146004668
0.00190451087774165	0.00303487303112422
0.112233410327186	0.118227690408371
0.0530087883519972	0.04765228659666
0.0763004976787124	0.0591846353946232
0.00800287116736137	0.00592555780469706
0.222558200310725	0.232359238268364
0.400392693694836	0.691384183012894
0.118835719868668	0.115079881008402
0.286809399301429	0.415173284103843
0.322611891941315	0.320001029779278
0.35521908019474	0.500839788336947
0.2695125247816	0.424697646271032
0.481789507043157	0.803073589955636
0.325702974861361	0.495183322492225
0.508851220795026	0.948828130035891
0.253049975905027	0.362520781514097
0.0292877598538644	0.0286936914042349
0.259430242571109	0.386440638887812
-0.233084283586655	0.297222307288961
0.214779250329886	0.217380070936384
0.273590285096295	0.287838018600753
0.266529111675275	0.271515540669734
0.318328020755956	0.454958598586895
0.45104849637684	0.618010938035648
0.259366358452876	0.25554631291254
0.300056405083222	0.254810779344186
0.123056619461965	0.107840765552687
0.317545830094546	0.303900150420753
0.395648521453274	0.408266745991295
0.458146000841033	0.568356410306109
-0.205065110550486	0.205030893417029
0.145609970870651	0.170720122733256
0.069161290448444	0.0936387014307853
0.297510769255057	0.360644243472972
-0.0512868504599554	0.043459065367868
1.10806638700964	2.0132507592666
0.292124752488976	0.237333402423809
0.394422131337575	0.432957077886193
0.53228050448632	0.388732470553595
-0.228273011154359	0.171000412109928
0.389242899498173	0.330932381742407
-1.10502197287647	1.35495139829026
-0.0701613660942514	0.0498875015009258
0.651518673699975	1.07186021583752
0.596737931129789	0.954146994577524
-0.282404332988388	0.296619884669846
0.5221656940023	0.670429209231781
0.143004971332872	0.196810102724304
-0.0337204364483646	0.0360966827352323
0.0797927519724947	0.0897258220230358
-0.267465511794258	0.396332554049583
0.354930912084237	0.489985656329746
0.203212514147006	0.264668771694598
0.367673454609347	0.669771329077532
-0.0596732651256267	0.0806617532009704
-0.697071401276708	1.50984193996821
0.096633115889098	0.114197293288402
0.230617402741683	0.248239063141987
-0.514640368899252	0.709775998821349
0.103078858316192	0.124527820920797
-0.181622428271035	0.212579357889368
0.372695698647539	0.751726083881025
-0.0831122740618303	0.116481467447196
0.455808620850461	0.972023558152845
-0.319905169262257	0.441831296683198
0.258796944539391	0.319323790948197
-0.35115552245516	0.614249439730315
0.399407084742707	0.504663179646885
-0.202919083289888	0.214507007057331
0.975390396214483	1.65226927202364
0.0757794340839547	0.0587487954496099
0.25954775251532	0.320400817509711
-0.330706381867565	0.438868223905482
-0.810943086103707	1.06245938600235
-0.749789111013746	1.1995892335767
-0.249347297944502	0.218566828304842
-0.59240357494699	0.679346983610281
0.397417638718998	0.488806017239201
-0.104083547253977	0.0934099101570495
0.313133468544221	0.288663831674297
0.283218535534227	0.219545897965693
0.69584486151196	0.882361430841968
-0.206161640894995	0.206346707411872
0.474044572713444	0.847930222256037
0.00207925490586897	0.00331382185800994
0.191633332652454	0.457024774465359
0.024329685417176	0.0250706506859796
0.430842707770055	0.812379797463761
0.0167598692662033	0.0188178198118913
-0.183753607341201	0.16299588478376
0.23674842457757	0.262297608794756
0.236460390873141	0.523086069396397
0.110095836595613	0.178656022323698
0.314618382336922	0.439545595422712
0.207412614508764	0.308665621578482
-0.0734877455615264	0.0784622926505295
0.147386227156259	0.173121337497093
0.531293423267155	0.646124135526969
-0.0384189843381991	0.0484814501943682
-0.201413309520974	0.224303024353047
0.606508941747872	1.1116417324224
0.292747563325955	0.345376422950477
0.201150832945573	0.227387504997003
0.400002413720952	0.54400789458087
0.300808837952905	0.374096827153942
0.0390596006938097	0.033919266534543
-0.402646619463937	0.370168181665651
0.451792755442458	0.619331051972841
0.625805369955099	0.744849315861939
0.168676353557713	0.169522080034942
0.848281339462453	1.17861736907463
0.322303153688443	0.319543374780822
0.844774485074661	1.32671553501168
0.16978763143451	0.170794870034041
0.247959702760052	0.290213205362211
0.266805315007537	0.412996790008772
0.176633637128187	0.182839559625944
0.262345193737101	0.183454227210358
0.0952324073624469	0.0670169047324385
0.385468931038447	0.251161224375534
0.727121003143487	0.703191096328145
0.703540011251989	0.707072020782441
0.249269328035561	0.164363021881793
-0.478115308442989	0.494984147210403
0.225680576248629	0.191432243026543
0.0720356751813107	0.0390829290157902
0.115507458167298	0.0854910479369253
0.18724799330646	0.171227520227015
-0.549302935728232	0.725951514811073
-0.3498329255094	0.366097771560211
0.57246693054145	0.987705484231464
-0.521066957408327	1.00531631234699
0.320952966507835	0.617903955108627
0.121689851367925	0.185666937521005
-0.151522008294694	0.193053755737135
-0.169532873995901	0.248789946098828
-0.297499516657405	0.457881537825794
-0.0593161213286358	0.0801403092536313
0.518184681274374	1.58527386451136
-0.11967160576909	0.163579175361504
-0.721751152919362	1.60459298525074
0.156262778738186	0.170609565501863
-0.00256730190530984	0.00275677067029286
-0.0677585609089706	0.0759041513788305
-0.0310583402650443	0.0264298978771409
-0.125828979204436	0.18337764341665
0.153678444432821	0.219887394734249
0.18617918058147	0.279112454998219
0.500723248836933	0.977654112697703
0.0330892777052692	0.03060916937627
0.916155972057296	1.77666165249365
-0.0277584190858304	0.0252513319574412
0.398336021312602	0.52832830439589
-0.371511373431783	0.472270012610235
0.178866468954553	0.185568287124834
0.0795720932508732	0.0764776365358824
0.136461118778595	0.124098802503942
0.614701561117479	0.75307792319917
0.109570898653343	0.0924477780951759
-0.0700019780363739	0.0497649934227897
-0.70547747831572	0.845185588204232
0.320985184151304	0.317963533241737
0.115464788297797	0.0854496165240689
0.244500311376488	0.224489628509508
0.300025534508583	0.254868857857458
0.038960780418448	0.0338288140853831
-0.00446741073468895	0.00522491594423612
0.0441430404885427	0.0479609652411784
-0.0905773255373855	0.142456153230033
0.258370374771121	0.543104824685505
0.0184739371924259	0.0235231751402927
-0.180104920340049	0.210491003268536
0.171190232426457	0.279425059803041
-0.0170607369163449	0.0273000499632655
0.279347508280895	0.606976530733009
-0.109157325057151	0.177089913892243
-0.428536881747266	0.925405377941047
0.0929341486486347	0.12303509526856
-0.0999098684704841	0.161392390698164
-0.0178476050371236	0.0297985242568282
0.0619289158364471	0.0859938489250502
1.14184546480082	2.62844760201321
0.347826900226517	0.436061305118304
0.34530462897699	0.421846428804415
-0.711618131479911	1.38268135673043
-0.348361806078508	0.642076690110361
0.213871080499673	0.254949667469581
0.335308207225113	0.585427634711644
0.603510721124401	0.945446601825287
-0.127532206593883	0.142788934593426
0.848331804712907	1.17860059605847
0.499741073876285	0.425192869920128
-0.209413970155717	0.19743548011956
0.297276112365414	0.360331837159022
-0.0118013766632938	0.0107670341915394
0.146875159666975	0.155706593761415
0.826868870748007	1.4730624873685
0.684296875030511	0.713805963556938
0.656436589497933	0.899452362710423
0.394499316465207	0.406821897832731
0.487861298068567	0.451819433414628
0.383745131518443	0.282112923562482
0.385448561596048	0.298511433361762
0.560393856013007	0.603423722362706
0.397524009689293	0.46358570695728
0.472180245944787	0.506286417433782
0.265831066515499	0.27062919953472
-0.0500199136934498	0.0423560840755192
1.14041146053278	2.03049644090286
-0.0861209122244248	0.0375432998359443
0.214808055369528	0.174529533765958
-0.0714462684228478	0.0508332725954651
1.85867728649694	1.11406437570508
-1.53718779620602	1.21812071368544
-0.227564242883803	0.170385380231934
0.383985266212178	0.282332807211575
0.0725787811521161	0.0484055470335267
0.550166807415939	0.376646627417593
-0.308559607459159	0.247787454402326
-0.705073290197433	0.844409664280589
-0.104953471262381	0.111901167475226
-0.105133422967897	0.152419922624362
-0.0405924193963894	0.0562938326507372
-0.461192960866326	1.22750461363085
-0.210308188077897	0.387276802640798
0.129618452441207	0.204165615873627
-0.182220689173174	0.317139762411819
-0.135764235345169	0.23277111757773
-0.0957645229322919	0.15841582167558
0.120271154695267	0.211588317836304
0.00813936797145418	0.0104578394383338
0.524310952741036	0.897693817321406
-0.129341059245811	0.171154609676833
0.155962278403155	0.170234547512438
0.271551187588516	0.360035637041166
0.568543844927415	0.999791533340185
-1.1666503902434	1.63668448973179
0.162972240030231	0.137926848090109
-0.0503899410075868	0.042681654792183
-0.0848933230451267	0.0659623113334466
-0.478478566102633	0.495472471466464
1.24413681730533	2.41318833421265
0.040863486011844	0.0412546269186966
-0.147340583620979	0.172669345235132
-0.559760225695015	0.898392958778507
-0.147739307911916	0.112840646078793
-0.0635877739370384	0.0351910737599203
-0.184485401314195	0.139536529429146
0.860736277021426	0.867294225111389
0.129948950282375	0.0555267392668019
-0.95289038143298	0.753225764125801
-0.186139484065231	0.113377323003526
0.632899140082289	0.337160256876808
0.219904762473901	0.126183573689354
0.697324907966121	0.533369756821401
0.0384171330571054	0.0333465765939678
0.0230347071589351	0.0338906101616107
0.117786329206923	0.204693443797947
0.0226739338847614	0.0312357058707462
0.0770166298750229	0.12097457264844
-0.201817510687937	0.343367758544206
-0.42321633390806	0.676443730344959
0.0769141795546185	0.116035988395901
-0.144279741513411	0.266966127868638
0.175170375751193	0.364854108018458
0.0695944669253805	0.118112193339607
-0.215077558791738	0.424368152585038
0.424528743851673	1.07696440492846
-0.244514449721751	0.529426440428775
0.193009746229901	0.435161545000479
-0.0610779609316684	0.0876274353038319
-0.0362735025918248	0.0369432724565712
0.481410537601052	0.802260138142408
0.399781302076836	0.543625515007782
-0.0510300091464941	0.0432458458320092
0.172246565879179	0.24410503087737
0.296116546857819	0.563569083434021
-0.0110049786213675	0.0118030844263696
0.130221829401271	0.145019921717066
0.748669039841614	0.86758352632876
1.06393398734004	1.69192671059335
0.357107836785936	0.514803676962131
-0.0743724518204189	0.071417276239457
-0.113651702371323	0.0875488930367773
-0.0512435192570855	0.0434324674173077
0.299823593652835	0.254671711103961
0.696577817846413	0.883467176315937
0.283427678038081	0.219661349091364
0.273110723555985	0.201385381126741
0.236427454505378	0.146174028390621
0.394009888373982	0.392586747540094
0.729790294193038	0.872981938846587
0.312368957735833	0.287924173680038
-0.0735679057145387	0.0785649869247122
0.0617980527619781	0.065983675852099
-0.0387332512393351	0.0395362375869951
0.487803527426531	0.766554389855537
1.49985149257912	1.20019535810538
-0.0183489613390689	0.00842765611787557
0.306888225848184	0.271894046932804
-0.0423452849612208	0.0304437648205812
0.940232074320689	0.526094116233645
0.384822806539817	0.232790139609475
1.61096338350584	0.841728315422669
-0.717570656042604	0.481652915147123
0.899895996542643	1.18481710764307
-0.187122472606507	0.128555647558065
0.168283435527267	0.118000253379171
0.902511301299145	0.873440675753961
-0.373111493371038	0.242966235418229
-0.185173516695753	0.140114977779492
0.161281188385986	0.198884567560739
0.217841457165255	0.373859279147299
0.0676937835079223	0.11083397613752
0.0641841396347362	0.110624624485598
-0.0913201734816115	0.165397356327622
-0.235159439470103	0.5178830653885
-0.0676703094224786	0.118338198803764
-0.223581512522573	0.5175310451339
0.0406946783236387	0.0651120821175338
-0.0279436429737882	0.0479100455186735
-0.108031148579587	0.16131901580854
-0.664816767137859	1.50898558189664
-0.443121200587049	0.87071818563809
0.636492244202287	1.4027875661158
0.790858596257211	1.89655254117236
-0.148851035866157	0.182015655333662
-0.0618706362998395	0.0558701469778103
-0.401094893956615	0.441194253828506
-0.248176211183132	0.329684720743829
-0.0507600060058158	0.0430053267529193
0.76193881589427	1.02525355298969
0.0785922244000234	0.0685835750793679
0.0132435718788648	0.0132673700455752
-0.0800986321906471	0.081036105039616
0.504665586187895	0.7132726995799
-0.0182634515801642	0.0119003134883585
1.44995297984874	1.91546836563
-0.654860068013914	0.707412373898247
0.16866105874578	0.118317976716943
-0.0185568973382204	0.00852101377830011
1.45600893576066	1.74917525894971
0.56939299092269	0.361907468768735
0.620955977803026	0.552291850126861
0.385225047737704	0.283292238259544
0.195021420628491	0.214406982776024
0.256814264179823	0.375430890077914
-0.00572308505094255	0.00829912007572769
-0.0140274652838046	0.0260351278243432
0.278108942350747	0.815512955075146
-0.368226783139111	0.509537830272033
-0.555645560003228	1.27724997920285
-0.342336765772681	0.58075784329401
-0.522520612012913	0.779904647756691
-0.181914948263406	0.212972303682508
-0.292901941093955	0.420400772013921
-0.0502176576439614	0.0612050121069134
-0.16387680607681	0.283978850075161
-0.0207536595360781	0.0269776104538374
-0.131862996423513	0.15461097478132
-0.267713123834667	0.355848652118761
0.107907271625752	0.141252251998629
0.434160210760421	0.781778416053783
0.840861011472121	1.46870948249493
0.322870171645505	0.320293067504465
0.0279352512479449	0.0351890595072783
0.293088316509679	0.449169249966824
0.696978227045823	1.20097109860011
0.621160486239322	0.552582104448647
-0.181804419058132	0.17201935057946
0.521013559207942	0.66850805799629
-0.311632178651893	0.289821626129042
-0.203990103522422	0.215786149447245
0.454816132266337	0.594002509527254
0.625720880650457	0.7447624178643
0.62539922897469	0.74421548803187
0.149154138521745	0.1210494294743
0.605060608791073	0.762374510440689
0.386219617652201	0.299163916863817
1.00703851122468	1.05377509025966
0.148509344283935	0.12046859285365
0.551589659155362	0.613610335815329
0.0451278290146619	0.0284109350402454
-0.388363600779264	0.405249643869134
-0.0358014307736598	0.0282228184212173
0.265888262543657	0.27070425034764
0.244292302455168	0.224262165247157
0.552155332286492	0.61450607520275
0.337104892859704	0.379223145098326
0.147473338366168	0.156438878129637
-0.378778398582684	0.439004341130982
-0.519163062278603	0.745598666718886
0.13529354623536	0.122892291794114
0.449774272164199	0.630926559329186
0.196719679982082	0.103550825173407
-0.0857098253121175	0.0373635626054162
-0.115832903651755	0.0620802900548982
0.903131427993819	0.873743364642804
-0.586744198774934	0.405807823003872
0.665839873025344	0.538686714317142
-0.0189727397667903	0.0087063017900429
0.594957295836148	0.347788724731637
0.844726555842462	0.517383080983243
0.236311336470234	0.146077269754332
0.381619060107096	0.211935628180678
0.196622940772455	0.103474182219657
0.953641123115508	0.882977898315252
-1.31252136429411	1.50837768057705
0.579627535397917	0.581048810113833
-0.274067901800202	0.256239513441752
-0.220731978952631	0.180407345254299
-0.851639701354309	1.36053606063039
-0.474429223157517	1.00816232723554
-0.153441684287775	0.258383274673747
-0.247583331132453	0.470266004454064
0.151266997678158	0.258208265277878
-0.303998592152172	0.627773172497867
-0.112244527263521	0.172782388605587
0.198018310346285	0.410428966513974
0.295288051340912	0.725731407449735
-0.102758692270334	0.178788859085395
-0.261314967733739	0.485536449899837
-0.591919758318691	0.916163968962318
0.0162062797531749	0.0153939960942906
-0.499968723663052	0.801533185429617
-0.162132606583591	0.181115652720758
0.0479878117908792	0.0640623107907419
-0.256647043892798	0.41835535970492
0.369642865486373	0.694586090388579
0.080635516374256	0.0843654588952959
-0.179812216209907	0.210098946582334
-0.0254353405955793	0.0245831943010395
0.148509344283935	0.12046859285365
0.284129936741928	0.317214751105345
-0.546579641777441	0.691443699095854
-0.365175292331297	0.402792747498135
0.806327966899254	1.17635326910622
0.389637676757454	0.345392412723367
-0.678770109212149	0.604602181584517
0.283010069471376	0.219308770261086
-0.147016717354357	0.11225783260001
1.17152744359148	1.27156931643217
0.549736722294345	0.376466152873021
-0.185130134494018	0.140043160047469
0.12690799310166	0.079296975255135
0.236436057096486	0.146182064666656
-0.0209359569017703	0.0118948994226267
0.126808051718692	0.0792430882595019
0.488027711125793	0.452007696104731
0.174465858150749	0.289202527442368
0.239717436611563	0.452367957640669
0.231763440003636	0.462931251188515
0.247700279073896	0.44403609545023
0.221383378513434	0.386060976303712
-0.0427125530244765	0.0575241561780465
0.0647425201374063	0.0980990337578027
-0.259632003170136	0.495077269141469
0.210921281084846	0.440093704134457
-0.121208120008415	0.207237680856663
-0.120315864051557	0.200968121531645
0.127528542000195	0.209319015498139
-0.0573245127472953	0.0844094033258605
-0.146839935574171	0.264852276261254
-0.0715056362771117	0.108923541924221
-0.0991084834377627	0.100346207725428
0.100122441674895	0.110711430228271
0.159592625074	0.155445601359379
0.357888193723141	0.51619844823004
0.235873284401879	0.208437317105849
0.32240337622089	0.319751509012928
0.25978059515243	0.25598657417713
0.206311005388078	0.2021544623821
0.201488642331951	0.156344012957907
0.0904445867565312	0.089627115383682
0.695225756404736	1.50404942692244
-0.223539849900655	0.248583295500743
0.0668761019388304	0.0622056854845996
0.450979786915932	0.617870177204379
0.0104239967774869	0.00698064686781541
-0.333612855725513	0.288412511381304
0.0794464975605611	0.0693658888783958
-0.0639363168386329	0.0578270129953399
0.0757350739052746	0.0587206720358543
0.00755752889997461	0.00559951015260075
-0.331980798214432	0.366850539580961
-0.478276678482084	0.495192735354864
-0.263715043881206	0.262649334408888
0.463033558322736	0.544077615079477
0.122944773606436	0.107725300406817
0.0957535926072543	0.0674010745524995
1.06674921563909	1.07338712441656
0.0449245593432894	0.028283646689031
0.754909683569062	0.701266921040569
0.0568099668543814	0.0420967691632965
0.330132815674883	0.349656692406254
0.333812132482206	0.364580378557169
0.00196013463201955	0.00180474370861545
-0.223590109465074	0.248573331922774
-0.13771503419935	0.138900314779718
0.0439124072399642	0.0476982131246819
0.9478876920049	0.708363505997262
1.22322366076359	0.363853164293558
0.196562535872001	0.103456755441209
-1.08908765226552	0.503033420719407
-1.13343953946609	0.698640117289706
-0.134625873988569	0.0838105155869475
0.383745131518443	0.282112923562482
-1.94487388406608	1.98968981142741
0.0720356751813107	0.0390829290157902
-0.391155995835319	0.183090517671063
0.939772203559906	0.525776451084406
1.78447501599176	1.71928318997737
0.6334158566214	0.3373661653659
-0.464007096543198	0.293640871580907
-0.59353631169468	0.495470009908809
-1.33468883460422	1.36475097169314
-0.333368643388302	0.288137723960055
-0.903748181572077	0.784221843601744
-0.592916357795533	0.532806037333999
-0.591476749182989	0.677723952118138
0.10355661975478	0.106033923776274
0.17539479067175	0.270660978687514
0.225468418026469	0.469959799788447
-0.134931758460446	0.248331612528806
0.0576027547640358	0.102633355848997
0.162679158604424	0.351734219145459
0.04176403250692	0.0705694356024071
0.146943861524404	0.310571079757627
0.213410287442277	0.506017860993276
-0.103356321904351	0.191559376465949
-0.142482666851289	0.233010837055331
0.923091612006404	2.48031641414108
-0.116258834796229	0.169224255123343
0.0627513834761989	0.0717230286482382
0.138021225040221	0.172468286849686
0.619860946085527	1.26126476468797
0.123897202740321	0.108646268269307
0.0784355108147035	0.0684409820097385
-0.0827804655130096	0.0840369359336278
0.395015036019629	0.407445586846571
0.260374821430361	0.256771197964529
0.187464141661352	0.171415792261736
-0.591940949411707	0.94916455504842
0.0465831635335201	0.0445264653455171
0.171302072382892	0.197372585279033
0.938381221022931	1.343110935095
-0.114670685584944	0.0614067556876566
-1.70031734585202	2.20090051966662
-1.15701549170785	1.05119752893
0.384132391773634	0.266865615032953
0.38551483171184	0.25116549860861
-0.182378657393754	0.0940843966352096
0.594714610145977	0.347625297173765
0.16548529942611	0.0789211177350004
0.0960064019590172	0.0675494442792494
0.532421672899551	0.388933627124438
1.25280336186177	1.30602844128259
-0.114051862094071	0.133332645354988
0.0643486596148502	0.103975019611212
0.102472212375122	0.17604368064135
-0.285649200630109	0.726580196168209
-0.0653102985289484	0.116351690815441
-0.0758081906202517	0.130250458456815
0.3995757027631	1.24866698025595
0.148022604855581	0.275106184393009
0.291284895468381	0.438382354708683
0.0385327975554252	0.03344924032804
0.387119366146955	0.31454185152553
0.129318695199987	0.12922941177439
0.39507009790236	0.420974260766875
0.236818396402027	0.146439356159907
0.255630068115729	0.427624946774241
-0.305465972656807	0.484743028809733
-0.258086352853746	0.370029104369547
0.24143826223494	0.324717146468802
-0.0730586825530933	0.0616384235734286
0.201576593970131	0.156353659692377
-1.02340983450934	1.07405842766578
0.027019108854026	0.0209173955577331
-0.0700769964466152	0.049823422950371
0.00221087950899137	0.0021435615861374
0.0793164750540459	0.0762072936527935
0.0808894911583289	0.0778269933300593
0.585932306066448	0.776161610699828
1.03705931968848	1.52996896672723
-0.128923752208209	0.115373773198996
-1.0957092968678	1.21059057020432
0.853179209600474	1.0239505065217
0.291958316997655	0.237164213009988
0.550077129999514	0.376722954323861
-0.115930817477307	0.0621248164946878
0.466251167756123	0.532232820604427
0.267112601332632	0.272230732605948
-0.591562650378393	0.747166116756827
0.691302388158747	1.04686470119208
-0.073493279878339	0.0705356174556023
0.454135416836408	0.592789569661832
0.831877082155047	0.703996741199374
-0.455884544682664	0.655178694972181
0.221254663186398	0.270867231415461
0.521824080083438	1.11950383120537
1.30821836140776	0.580823896653826
-1.41541551190408	1.03918734604199
-0.329783682732456	0.189267657676448
-0.0188813774915431	0.00866679419428534
0.10952072015934	0.0923977510708432
0.148832494935227	0.120750272588385
-0.114723049960771	0.0614667628134295
0.261778086245984	0.183022787233715
0.00668189768782888	0.00214296623646803
0.391622922026958	0.156968227868279
0.532421672899551	0.388933627124438
0.0447293906764951	0.0281619491634537
0.00901093809496391	0.00666603495646937
-0.403051305497356	0.370625682520371
0.666229294862969	0.539172505821296
0.168504560535046	0.118181158181961
0.213723414356181	0.173538842554093
0.178988062232588	0.211788594698294
0.0518389583051238	0.063882793011728
-0.417131546422062	1.23626992926199
-0.188863545527735	0.385074672339541
0.141806074814333	0.295171530643259
0.139830218984278	0.288039549207122
0.338495261996205	0.950824926001348
0.154358535088912	0.336992035696595
-0.0528513217891789	0.0938686715209185
0.280786611372518	0.690519829574215
0.100728838230401	0.184660832993857
0.226040480419344	0.326841399323064
-0.39942810609368	1.03089102967609
-0.0281665972713036	0.0354252029964583
0.65486795451007	1.53225891426771
0.473400045732835	0.846596294252426
0.471488141227832	0.505428259215911
-0.0214575215444316	0.0121872127385017
0.526736075377974	0.65847826234335
-0.908902606525051	1.13042389263587
0.884032488046986	1.02733846255022
-0.209155118860453	0.197119107154163
0.356609196127516	0.513820671974459
-0.456405706537986	0.656190583359103
-0.148661261654259	0.181729429053018
0.163860637375691	0.138735296555644
-0.18281327517053	0.0943239763792054
-0.947681791557281	0.94198357662568
-0.0624150208481328	0.0345325739631605
0.0331098791735277	0.0164657663052345
1.30878296944529	0.581185280283374
-0.557273078545836	0.24401728972823
-0.17301495481325	0.070785908309144
0.51854329038173	0.40060581889704
0.218990887172958	0.125582066803989
0.236951615066843	0.146527490479051
0.126887163380796	0.0792843262906554
0.154888277523128	0.186555877592876
-0.119170281773981	0.198766166941873
-0.234062690080226	0.503828312986148
0.166172781796494	0.333480676672969
0.221626725960644	0.489830175083634
0.214948719403486	0.487259064615233
0.240197773166619	0.589585385512693
-0.347798251873575	0.853795660072374
0.00347572319545515	0.0041070391035757
0.347051897690503	0.434813562341747
0.398380710181293	0.464697614507662
0.676163686976382	1.95303548561235
0.130401542693879	0.205531169236315
0.146416936551932	0.171827685250695
0.22133584841544	0.271013505435597
0.162608538375409	0.137580532814525
0.261823908101208	0.18306362744424
0.162889131521092	0.137831505971749
0.240834962955627	0.375355978422682
0.646953633660419	1.23854175392711
0.0236517834030221	0.0243566084488949
-0.410414771280646	0.612420123023574
-0.0440303232812918	0.0399033247138078
0.666665108021169	0.720213477616069
-0.0214163883274787	0.012166097960855
0.397883739075827	0.489638762362107
-0.23977926970355	0.225111753388348
0.249007213429151	0.291720477168345
-0.273433637242253	0.303141931956259
-0.210624501630882	0.198675620366217
-0.592270838151145	0.84944960991078
0.0232492829765734	0.0194591242270027
0.206211691611886	0.202048063492904
0.311402004289608	0.286836898299034
0.325898156358878	0.334149472489087
0.550220480324106	0.376837736474223
-0.954090460853162	0.754466193015799
-0.273493650308108	0.255556773055359
-0.629343978245092	0.936007101234432
-0.769608096253669	1.14281672836482
0.13603417519987	0.12366274932722
0.202422028660836	0.229064968005555
0.979314706594665	2.08680111654556
1.14217561609327	2.33135125405643
0.0454631402012724	0.043412156465146
0.087551350192056	0.107456501067722
0.432942001596079	0.805143311171253
0.592235793905214	1.14289707885334
1.61119667859599	0.841632416279172
1.15035446889475	0.73527974718738
0.38456778840866	0.232626940896653
2.06760965338919	1.39503345466204
0.384725020709514	0.232741223930052
0.735865729478579	0.527694137782555
0.0564472931056745	0.0418198764590568
-0.586697007356842	0.405795631760332
-0.260674119420208	0.211124837866105
0.0324803020931558	0.016159596676943
-0.578245908749132	0.304934080913825
1.32953666191636	0.775189637706583
-0.185028463014186	0.139992606998261
0.272379266800044	0.200781710445018
-0.25027539459767	0.219487465282309
0.12808736366697	0.0800607217018655
-0.0634454710469464	0.0351118309764988
-0.593268273497332	0.533250975965252
-0.242196885015589	0.282597501666804
0.308714331372449	0.526971301173844
-0.115613218879652	0.224539154009264
-0.0970769119339042	0.171894968792312
0.176133827889491	0.37026964904428
0.109580281869433	0.22959721994168
0.0268786464796182	0.046456173546905
-0.256816199766699	0.634901943871977
0.134909910926388	0.261625996605654
-0.162305506959818	0.328372446828976
-0.0610014812591299	0.101993894344839
-0.299728282723128	0.490775094575546
0.162855119859519	0.305592504269196
0.178558123538484	0.279951114955366
0.281908513704968	0.483248883130624
-0.18215534718845	0.213254925485548
0.186140185547379	0.137533823108434
-0.28945586521904	0.252173485825989
0.681054128840795	0.886909275199821
-0.13438609678993	0.0836504200965177
-1.24902768394293	1.20723075452267
-0.228103212772518	0.240837597658388
0.752210498067079	1.32962160691897
-0.0339407538993657	0.0363465055588328
-0.307890162662089	0.408711054153876
0.283218535534227	0.219545897965693
0.261256809790941	0.182597357676459
0.317629227283368	0.303999767392504
-0.29993536714852	0.199651491268449
0.632807807399066	0.33712411861585
0.384439648829815	0.174502157155665
0.097574385255108	0.131463471345955
0.254324379756765	0.531559649016667
0.0621297140567734	0.100052981354365
-0.0391362156874562	0.06336114599794
-0.483060392506866	1.50080715334655
0.0103349618153462	0.015434196138091
-0.255136530315413	0.629239375433594
-0.244654707134462	0.529831336970678
0.0974145290143557	0.115217136166428
0.528603583303231	0.889197170905617
-0.401137164963908	0.509505941489783
0.242569533026706	0.276316410947749
0.277904477361755	0.301059081921999
0.0798906073572059	0.0835225304558576
0.426696292178814	0.888731064992525
0.290140173566418	0.436126752864048
0.292207300357234	0.533483592682831
-0.299173592644257	0.199001150294539
0.709039478522641	1.34531237892761
-0.366426923149678	0.547097784041577
-0.142275302109074	0.158824076336789
-0.160642765189688	0.179220847868284
-0.0395671460869969	0.0381292214804899
-0.150489244311308	0.124717434668888
0.389951842680142	0.331592288872075
0.149313634735694	0.0991129622070755
-0.184485401314195	0.139536529429146
0.762040896772696	1.02556052240881
-0.332183246808149	0.328485629121857
0.826471204720241	1.02250509094921
0.456973615591403	0.58208194394473
0.538304464338647	0.636785422901273
-0.0587058917957699	0.0459533079767484
0.826196655594002	1.17688038295362
0.549978595927915	0.376666352239561
0.736180089651216	0.527932841998446
-0.182693093423039	0.0942595441750744
-0.430530217271199	0.447546749724372
-0.442509836936926	0.486033448404655
0.960107754273144	2.07762937718142
0.125273591730417	0.109920933967665
0.0226226091490947	0.0189303933082948
0.334109492058164	0.364898096397445
0.478608335566408	0.478622887500279
0.136260792089047	0.123860673084117
-0.0659238428660733	0.0669933777614915
0.965525308630458	2.37044245239328
2.06815430157428	1.39575402995053
-0.30070511344484	0.113868586011911
-1.00196868605036	0.304687348735161
0.780041576343924	0.330969634796661
-0.834101218840082	0.336744813199495
0.130390244521113	0.055711754297703
-0.219688993208263	0.179472359282581
1.25331790219301	1.30679597098677
0.0328543582601426	0.0163435446561217
0.594282038563499	0.347245784994555
2.24933408297231	1.68687861999897
0.126467960482515	0.079018640776167
0.186682528687126	0.137971928538585
-1.46342449818342	1.38085610160074
-0.463524277970629	0.293201471568973
0.0765841779689183	0.0594225964991661
0.483578321135507	0.465888274520053
0.221875931466834	0.231486795256948
0.218518664025688	0.342953794165436
0.197713071101939	0.360104980097949
0.0527604171504037	0.0926337881728136
-0.0837251838209871	0.150847343677361
-0.000704618248621272	0.00114102446519138
-0.110155130384591	0.213478492792858
0.121471733178607	0.250651607795058
-0.00621381097000178	0.0105469743404534
0.057644508005885	0.102710621272884
-0.163572453367577	0.337677348969803
-0.149472085417843	0.231868252151563
0.919378727934536	3.57059722127546
0.120913133118707	0.164954662025336
0.237722650379731	0.364017186980393
-0.49974121675007	0.604600392900574
-0.444145697451945	0.377798453793871
-0.187672227235765	0.128977999072392
-0.333453332792916	0.288231355384299
0.640985050254223	0.544949467509714
-0.187502528168736	0.128849706845528
-0.0447958015579791	0.0406273460357905
0.187991073687234	0.201035380456104
0.112526122485742	0.118524082389181
0.339810898284717	0.39309388119987
-0.330255826349414	0.18948306423374
-0.890820684091557	0.575374074116223
0.236169732075341	0.145997444516298
-0.330531750478295	0.189739709538567
1.75562262763243	0.66203249427298
0.0833989200560777	0.0313759525619551
0.313624081748061	0.429243044580342
0.267381102810439	0.602189241459153
-0.294788676631414	0.738618268001028
0.367827203345825	1.02331827783036
0.267327226600922	0.726464028187384
0.0955482760665769	0.206484361397491
0.169308798305787	0.396392278916261
0.0723521048224791	0.124281373557838
-0.423660996509965	0.513923791262613
0.974530911297177	1.64999820688191
0.626896418760549	0.746324429156623
-0.591269591436653	0.677314428637167
0.400531288370192	0.544756388753302
-0.711699978746253	1.09873512644337
-0.0321642918661841	0.0376611504046497
-0.260354761386245	0.359065326010285
-0.125139501675352	0.198894693672803
0.288710953486727	0.331502596546141
-0.13544559141746	0.0843233140535723
0.115794475925667	0.085712691023278
-0.257637149103175	0.314247219269325
-0.065330757910152	0.0663486698499088
0.0270601518959733	0.0209585086845179
0.0582618980629448	0.057430788991711
1.1411527509031	2.03373578992112
-0.187051140902225	0.113970369069785
-0.250134919146312	0.148342283021271
-0.0163971380821196	0.0119005489435985
0.744201933797016	1.02658722655164
1.36749580448647	1.86110886655056
0.825246579163982	0.862662210441528
1.09736942743287	0.911325759054604
-0.436287958529514	0.240933086950153
0.147754010946101	0.139066669707641
-0.0423019194519108	0.0304095049167244
0.299664457667053	0.254506337134849
-0.387678082472501	0.404302611795431
-0.0122738998319494	0.011201083059721
0.46843103777807	0.518576189607157
0.126786639053387	0.0791981416832401
0.0351264897587569	0.0247917521644028
-0.726729762074444	1.03849717613039
-0.837917221959014	1.38810176683902
0.361179460189163	0.553892345197955
0.388827160142778	0.109222251636938
-0.526766443486322	0.181771361232728
-1.95326353965474	1.46328918461767
-1.95046019567308	0.91640212388427
-1.02547256424798	0.723772932157142
-0.577905430369686	0.304515250581364
-0.512229333650443	0.431760680747014
0.0132447835038289	0.00784189489626573
-0.0626725990284122	0.0346796738898543
0.166403298642601	0.0794037107176008
0.693160519703166	0.332829202038881
0.780384280304085	0.331153446143224
0.782566377278993	0.520871698734779
1.00798730898375	1.05577094401924
-0.187320263813087	0.128711059188858
-2.68196044668889	1.82774681551437
0.860373906010347	0.866792431945727
-0.790715156836761	0.893864240957507
-0.999802541688984	1.53243991456653
-0.0950928582476628	0.11622645140533
0.0537215045401966	0.0840331862345783
-0.556346412682063	1.78558108412881
0.354722831034421	1.08811754668929
-0.0812661670070763	0.145801036894377
0.101251516948346	0.179787517096963
0.078293614215974	0.137731654688526
-0.245737028816375	0.509182359935631
-0.324040010934369	0.776576800973469
-0.253099208997584	0.549368182211856
-0.284904612538821	0.422382161193363
0.0184980891500009	0.0275052002855842
0.464346478722819	0.898032692307267
0.331230291194408	0.541612952304453
0.391462665938581	0.3616234029673
-0.443270540455887	0.376882603846298
0.201300225266327	0.156178460302788
0.478493122584138	0.478482292691844
0.168843527580837	0.118458360031002
0.38456778840866	0.232626940896653
-0.42759248099073	0.336924245052945
0.160275692305878	0.156163187032726
-0.063334117047565	0.0572552149416035
0.288291006856459	0.33085680753735
-0.486582845082556	0.344868748938826
0.830962385082491	0.70282857363025
-0.0705223439128018	0.050157444688751
0.39182337772091	0.15704642066765
0.939772203559906	0.525776451084406
0.080495326554133	0.0905920780575121
0.667453795098049	0.891454499193683
0.61445348796088	1.10932499122991
0.0725270101236233	0.116449027900386
0.0511895109708477	0.0939014554298054
0.164531484243511	0.343289018216601
0.173493367050203	0.246141666921392
0.706961565085136	1.19419376694033
0.399405750365102	0.517522650090725
-0.459883964535975	0.557004431519762
-0.592580605369519	0.782764542675945
0.450369659766845	0.631975038194598
-0.650122464939608	1.74452073829476
-0.110924891915707	0.124184966926914
0.112599805015356	0.167907773082279
-0.251553655746434	0.320414671392119
0.178631756767946	0.211301436866135
0.0449245593432894	0.028283646689031
0.444675513765892	0.665793839718902
-0.00176208104786631	0.00189421943162943
0.0909940343117618	0.097920975771825
0.87212886997997	1.18001634250688
0.260061106974436	0.256382013528356
-0.0637211379699021	0.0352600514528307
0.0145372523484922	0.00859829511598981
0.31641186590216	0.302495531202498
0.594327731673635	0.3473329439691
-0.0211761514362427	0.0120307083287827
-0.526313402696433	0.509728769547615
0.394607784479197	0.406905915832149
-0.0720497395123599	0.0607549261478615
-0.457766354472615	0.417961856946587
-0.0276914837753785	0.0251906332266462
-0.155598259329589	0.147599689096242
0.185985929646429	0.169880283902732
0.499519565187923	0.42490177264092
0.0185339592213249	0.0165760924631398
-0.0587058917957699	0.0459533079767484
0.0472569228483522	0.0451890293757907
0.184313174497818	0.248451259154833
0.532296616867173	0.38876265822939
0.697304262629391	0.533381717138718
0.394031300967931	0.135384449132734
0.166790160301495	0.0795856942749382
1.61029585829738	0.840519725833731
0.393821037840009	0.135261467918376
0.940535616639033	0.526123220818518
0.0442205955937027	0.0278312655254522
0.56939299092269	0.361907468768735
0.219610066673152	0.125945599105109
1.30845506000794	0.581181730657887
0.393702933984558	0.135223212569187
0.167130852048004	0.0797519992418196
0.922267143569276	0.335532055324165
0.845892705385003	0.518159085396866
-0.372463298464792	0.242471644868516
-0.186405306554122	0.113556644367664
-0.085829740750209	0.0374157515734089
0.261757031379517	0.182938201668136
-0.760015714157008	0.719819038059435
-1.08047382434934	1.65380851395238
-0.114372242751183	0.13376591786427
0.126072347862468	0.263878582759734
0.0481880983838218	0.0856805518171825
0.0543637959585309	0.10580753596227
0.348577483983259	0.925092946019364
0.114764035016727	0.237707909912354
-0.160254874209288	0.323216418663268
0.213333269571506	0.535795241054507
0.399856844709045	1.14937980890204
-0.133735622443183	0.245674280412288
-0.0375512452848705	0.0382904197659607
-0.128298516033169	0.192627072004681
0.428635713529259	0.88209341864039
0.464351406651666	0.912227797802664
-0.432031689937927	0.547756049921894
-0.520402817483244	0.47138414927437
-0.953514311752845	0.753701661718461
-1.01748561240951	1.37935113665304
-0.384417974460306	0.329577237785946
-0.435826739782279	0.240637929437678
-1.07943161566453	1.651570882824
-0.0911054983802218	0.0871580785474933
0.696450383198866	1.19971433819973
-0.254475413500436	0.268110650416896
0.384124073185029	0.266839682201386
-1.81822305750114	1.25857200357293
0.127047928789963	0.0793985695469724
1.03205465522292	0.716238340122819
0.845668257023243	0.518189682168016
-0.0807811724618889	0.126365048504412
0.0530591323676862	0.074479661735982
-0.0374281989090528	0.0471652782436864
-0.455959651936121	0.655285423553366
0.0116579226485709	0.014554979385419
0.0861975326284665	0.134324932333494
0.268100626029584	0.60979567413552
0.565590865882108	1.8889864601977
0.13830862237394	0.186798876158987
0.337318974216173	0.379504019967292
-0.150491460846689	0.124693379967518
0.244500311376488	0.224489628509508
-0.0123226987823047	0.0119403512880176
0.209327223464674	0.243424920846341
0.0127751584786474	0.0127928091592628
-0.0725766265820258	0.0612235097210175
-0.167818630904467	0.222467619071082
-0.371900613873978	0.472879283695797
0.117019855841237	0.113189251486447
0.594911529690464	0.34769384971923
0.771132036291443	0.864807435820693
0.765504437366682	1.32868191341268
0.385132606636372	0.29822835011085
1.6048484816629	1.64195081730161
0.383605466281353	0.281965485651847
0.493027667815706	0.438059547024799
0.518583249870859	0.400604101223566
0.248888445354309	0.164049809185299
0.219466573174494	0.12588149118287
0.0450941260675235	0.0283925509547123
0.213564241105452	0.173374945806102
-0.147867735225264	0.112976848034583
0.201133698519179	0.156039149314289
-0.296014121865868	0.293811034251393
-0.41337373833892	0.478329158918562
0.245183602057433	0.225220145656295
-0.947727337663681	0.942137855019358
-0.527514804446402	0.510950161297935
-0.811277662146719	0.865646797276717
0.618538476738354	0.928648061232073
-0.253833935981832	0.267261330139881
0.627315684410716	0.921731188571591
0.24932861160865	0.164359319290645
0.549978595927915	0.376666352239561
0.380127474809668	0.191939501341434
-0.526885257595861	0.181763584301304
1.32881949848386	0.774654663801931
0.394806098704451	0.135628631431508
-0.593174053595203	0.495045257083913
-0.172790630805708	0.0706913846673543
-0.0866518518581191	0.0377580041472242
1.15044569919921	0.735343804681877
0.219564792930851	0.125967159655084
-0.967241993945977	0.53885723031014
0.939928071366978	0.525865036762263
0.632640202649106	0.336927129390137
0.00691568015675746	0.0022160791056137
0.384882281862328	0.232840038278335
1.72083629870748	1.27307224454116
0.0712213608475181	0.0386380393863111
0.939615949746836	0.525403955445257
0.273239869124297	0.201532344724668
0.8773232131828	1.47471926598698
-0.0621607958656633	0.075950633136376
-0.181071515675127	0.330470088183776
-0.0120910549938585	0.0184617050432342
-0.0687003101764533	0.11254437232352
0.146639530399769	0.284261092902213
-0.105983317760408	0.197185569552474
0.0876755571351654	0.163689156001639
0.104546575427453	0.188043658648387
0.308339125981891	0.748032844984231
-0.518046844721437	1.20883823026433
-0.197268895320551	0.271888022551544
-0.107677498005661	0.131629829540112
0.351174012240381	0.462507698211343
0.0632567214927498	0.0723350282431542
0.511964605935419	0.939580457311384
0.185473976662157	0.136962743872186
0.291371694242755	0.236569464347935
0.0348935692955326	0.0246213441669581
0.605114594492393	0.561290154105236
0.249990581517245	0.164911071457873
-0.232522437252333	0.231955894849404
0.603959016343749	0.760178523528074
0.136190910232413	0.123819449181729
-0.15297589927075	0.136140547883293
-0.0902486948820653	0.0571684200122262
-0.463524277970629	0.293201471568973
0.19762606767705	0.104021437365313
-0.115734971520482	0.0620277895595157
-4.20280622407087	1.57277162812451
0.0062310269186943	0.00200636502427652
0.509148475723159	0.703429881896379
-0.0123618592156307	0.0184409834839016
-0.0884568639742222	0.14592822740576
0.401158464435699	0.995813810882779
-0.18122939916391	0.330751425032292
0.178558123538484	0.279951114955366
0.0969978533456624	0.114660105772366
-0.030726477274841	0.0449691630900798
-0.565813139995029	1.62169264977243
0.384027939714186	1.1620883622235
-0.0604518082411525	0.0646905565829019
0.791887349338552	1.32054467435508
0.603208154648179	0.944717498342211
0.69623656493387	1.19871241138179
-0.0344518527645927	0.0369163620248691
0.522950303861729	1.10523118171577
-0.0749391698477734	0.0801556260158805
-0.211807106330006	0.292001699625157
0.312262687744873	0.426859611502645
0.132591768569428	0.162124960425757
0.470920951249277	0.504590701121574
0.261619601719882	0.182900353819704
0.697831470085559	0.533988155216248
0.115666730712548	0.0856139382680023
0.859806901019334	0.86583320994349
0.168830626854928	0.118448462603625
-0.593268273497332	0.533250975965252
0.292291220066222	0.237492816537353
0.395228507431726	0.421200288629782
-0.531428606940359	0.54745216643899
-0.0588645177548303	0.0460822505173121
-0.233759933567075	0.233418321543912
0.453178415108964	0.590948205417855
-0.794798203060931	1.08833815998392
1.00329280683087	1.5165187487611
-0.378392571687864	0.438388869475157
-0.346630481538669	0.402243847330106
-0.526583024025934	0.815837475480229
0.229816968597361	0.247239579331837
0.555899533051464	0.828580506959984
0.684773709036656	0.714437173951344
0.235920407766648	0.145805614242198
0.384725020709514	0.232741223930052
0.594570422603698	0.347528657313905
0.693074541421547	0.332748917047452
-0.689411924258204	0.568048941986671
-0.29983601086467	0.19959079123509
1.23113963789148	1.12303381090678
-1.25992341482144	1.04029868721796
-0.01876482349754	0.00861389005014956
1.53868748123669	1.01789180342578
-0.436612675651146	0.241179490901457
1.19780403786422	0.929291488853628
2.90401317417484	1.93761621409462
-0.839362095173233	0.613545737934723
-0.839506006386866	0.613700697464702
0.292334782084892	0.237489935742543
0.250552498955058	0.165275984945214
-0.867331486841892	0.813385496262791
-0.810271516031636	1.06120258032866
0.757022950937909	1.18002015022444
0.472627626454346	0.844519474540417
-0.108031148579587	0.16131901580854
0.103583446734941	0.19807804888538
-0.387454696807315	1.034106731873
0.108904100858706	0.192008964559136
0.116594300818225	0.21862665364031
-0.115045613001776	0.235666632272991
0.0656009722265101	0.1270857010576
-0.440306913180874	1.2705994258706
-0.218535863628756	0.412906009896149
0.470873066619307	0.855253554930538
-0.0145899796544468	0.0183551132048513
-0.210968374527548	0.301555574082201
0.618927632116159	0.92925331302619
-0.125948789073363	0.140806345305347
0.0772297642143904	0.0599263823612764
0.0387876968700832	0.0336767324900119
-0.441673927666464	0.4848190584667
-0.218720154424733	0.178511388812589
0.482941852550714	0.465212345192957
-0.295178351653657	0.292720911342589
0.225492943619951	0.191184360167165
-0.31701522786874	0.368290712037977
-0.824684211882379	1.22268681728911
0.650919668830634	0.727154482976004
1.15088688830856	0.735606424866247
-0.299554487015148	0.19933961049586
0.884196632592202	0.706374109741958
0.384135881010004	0.174338917171374
0.380418946163049	0.192101283872113
0.218816345846788	0.343450266000818
1.01728825431835	2.24637911281193
1.0184446875458	0.897059072700867
0.902169982465699	0.873187296689222
-0.331083607553079	0.365606808282064
-0.247002607706397	0.512818914281118
0.113695860734754	0.194704287592158
-0.0539943429781722	0.0919912548960516
0.253071852136225	0.467514316188671
-0.121075160326529	0.148119782949534
0.173613560574246	0.200446502467897
-0.291183317201928	0.531195914359449
-0.0882227196597645	0.152374738195569
0.279053749622537	0.673129603125885
0.280160681807878	0.763006779834292
0.254576525907585	0.580664554630871
0.512098742731058	0.939905574804178
0.109988288375766	0.0928233970278512
0.00751638882653835	0.00556945542988067
-0.390757532137016	0.474659241177477
0.0147139643419444	0.0139653828660199
0.0351835244331513	0.0372649436565751
-0.452741300758359	0.936444223595046
0.156484228132538	0.170886458393263
0.109546495354082	0.160997575990525
-0.38193456251462	0.50658446682984
0.237187328123639	0.262864199984506
0.236662795861208	0.262157292483493
1.05156679443572	1.22467281591362
-0.0190144977935541	0.0123881474668534
0.492715760375809	0.437585784140671
-0.0910650817930885	0.0576994512243588
0.292834066061319	0.237968371182877
-0.185883243116973	0.140662286121133
-0.0621574657566779	0.034383650999029
0.621160486239322	0.552582104448647
-0.330157715643049	0.189518424818333
0.0327950327654537	0.0163149276589421
-0.74338935857981	0.436170840222888
-0.308559607459159	0.247787454402326
0.0937656873213398	0.0759499317714169
-0.642281941607675	0.810201494839796
0.0791329947651172	0.0690785346440326
-0.492592048031178	0.567356810902742
-0.452340738931637	0.522756245735011
0.326691010733974	0.335039597093619
-0.478519162784813	0.495530306882134
0.395375072269973	0.434529679774525
-0.390078804645904	0.473508686482532
0.602684640551862	0.943346840154265
0.0920990989379382	0.0832719269829165
-0.546422408031307	0.691192222667303
0.544936532936462	0.625828748327225
0.474421102100921	0.491276490504074
0.85345343455097	1.0244339034337
0.939928071366978	0.525865036762263
0.621160486239322	0.552582104448647
-0.486469519868097	0.344790116942594
0.261778086245984	0.183022787233715
1.33490843247877	0.960257647174866
-0.13893734325624	0.0396671757223606
-2.16855341865255	1.13457403476967
-0.83376033571481	0.336583209390257
0.00657339541385382	0.00211145699724071
0.64154324165834	0.54564360288035
-0.0515352908616531	0.0331264967955522
-1.14677135487753	0.878334661177168
-1.30693223921585	0.67908476077082
0.385606544462054	0.298630925833934
-0.467919670372482	0.593331606857353
0.186827092028058	0.280318541204208
-0.56080024768373	1.46138990986335
-0.151342840233726	0.247922300781562
0.269366221322823	0.675421049170474
-0.585134892439183	1.91879579847841
-0.173215498618553	0.329878013523691
-0.0545859605952576	0.0871142777695513
-0.0332660006601268	0.054906370216298
0.00710867492928053	0.0120222492772987
0.246932803299659	0.442371406217789
-0.242130561258405	0.333505035836013
0.231591592897344	0.383494476372428
0.323997050954134	0.491843301134603
-0.271760517764958	0.300746212134414
0.307541989290009	0.401842057284089
1.00425132057199	1.36424845751666
0.478580994646585	0.478478067597283
0.123370494701454	0.1081461838296
-0.404648255002703	0.292082971313414
-1.49325332008026	1.69273298080194
0.117485879690699	0.113669941094675
-0.350313269738861	0.366695474162008
0.22963688227693	0.247032510316935
0.123585245266011	0.1083247759472
-0.141976083067552	0.0986975574396042
-0.905666103781396	0.786223878237118
1.00794071548289	1.05555363078734
-0.744018180136598	0.436625188976602
0.190606769673904	0.290940331741364
0.25778799552755	0.377138092944316
0.352650818550533	0.475562968495217
0.219617814582897	0.125992340058586
0.483303056545714	0.465655787009289
-0.490609787321669	0.731874711974317
-0.367985132859669	0.907172912920985
0.107401956202422	0.187438790345432
0.52348195586505	1.90701241245186
-0.132872679098477	0.211336816617016
-0.0243316875672773	0.0285323581199566
0.888744170452366	1.91069719479579
0.173462120931829	0.287068455955267
-0.343479416299011	0.858289454635145
-0.0402305699741461	0.0667548656940273
0.0454861178274186	0.0715407766243964
0.127010163591561	0.239551906778935
0.78304893152373	2.03173717773857
-0.799917914558985	1.28009869302119
0.000383703999726408	0.000376732126504024
-0.180473325342235	0.191100445184141
0.252177482649371	0.360864287889074
-0.316555880207472	0.549701394461306
0.126711805280034	0.196691088103713
-0.476929021373308	1.03681300787936
0.0193871664730972	0.0247146729677926
-0.0720394425233733	0.0879914951057078
-0.0592739919200035	0.0633501636252507
0.196178560497343	0.185667464979383
0.116356972907872	0.0861454472476802
0.0342869585347721	0.0241904987899364
0.342192391664775	0.40681894699441
0.159708192944927	0.155552766325746
-0.592116850718691	0.606530500123122
0.0922556769753168	0.0834242639443749
0.82628450549853	1.32536016750743
1.16034667824803	1.89333278918984
0.134333871965167	0.104285175407836
0.903131427993819	0.873743364642804
0.0710271447790068	0.0385287742291492
0.126328173211074	0.0789219603669186
0.187203601028006	0.138357302314051
-0.0319137333042239	0.0271678514565463
0.12026815972681	0.130128242904796
-0.347480983808485	0.403041742472609
0.0809366229452028	0.0846948384276701
-0.74236760303457	1.23143333253786
-0.332201585420532	0.404553728938331
0.312448494574973	0.288016573496946
0.1042106037712	0.0974309127296273
-0.0498773959670304	0.0507050695676865
0.0245556147909849	0.0253082278031121
0.47751340874755	0.825215975716304
-0.733527495074359	1.25751425688235
0.456447302394133	0.581245220629773
0.679949569881348	1.05172521266664
0.129690974521995	0.0554121511236294
0.939694124827032	0.525649369689701
-0.436359167736661	0.24098714637522
0.385196890801415	0.232983184546713
-0.299496842769671	0.199311811124143
0.94798379516421	0.708664601249616
-0.384918247982061	0.330185927759459
-0.773181959368443	0.9223320510953
0.384350938997925	0.232494789498917
-0.249604088678594	0.147989483806065
-1.30730215370881	0.679470716830338
0.394267593430983	0.135422900862502
0.948733137346288	0.709483966306261
1.03205465522292	0.716238340122819
0.384923695596064	0.283042401748158
0.072132799804968	0.0391388530265366
0.771487098546986	0.865371248824493
0.162608538375409	0.137580532814525
-0.953082703159762	0.753593691741009
-0.70101866367596	0.526806506591535
0.148590621784419	0.120546957840554
-0.401296585078393	0.576617671339069
0.19463009487082	0.302261427821241
0.0830418413164147	0.148311400157194
-0.15480838492022	0.273881690770888
0.0180867049747752	0.0296223481472534
0.256439528063762	0.532327615905247
-0.100002956448634	0.188729906906914
0.116792246264445	0.202639273805182
0.420184739852036	1.16550757089683
0.244730190256202	0.566455579027836
0.132602895645295	0.232689753093852
-0.0210979667871814	0.0225765402156335
-0.150134669197202	0.239331174914458
-0.0146479949669649	0.0171576267384398
-0.226558672282261	0.312259428567962
0.438013466437725	0.7367082960593
-0.295487130543992	0.293149725995641
-0.241458648963315	0.226921023855401
-0.555784493477446	0.829038619804584
0.487506529109647	0.451384439494561
-0.187866992074465	0.12911317257562
0.20174621516169	0.22819424982162
-0.178804913763285	0.189014969815566
-0.0119706054783859	0.0128481333113662
0.000917525545140395	0.000892411587838586
-0.186714489216443	0.128219229515723
-0.0524341518813728	0.0337092679026308
-0.384918247982061	0.330185927759459
0.0445597570583959	0.0280530572525121
1.34702280786932	1.15649746646666
0.297041222293723	0.359936243083049
0.825076663016269	1.468520670203
0.355910045212246	0.512386277219979
0.339478422527085	0.392702878297043
0.173302561105966	0.245882574211543
0.323706133523964	0.632991616723592
0.0889988691427597	0.10270093137064
0.398409789544244	0.490480456366817
0.632716390467768	0.337057393852656
-0.0853676009533447	0.0372014596010852
-0.0190144977935541	0.0123881474668534
0.105265678412257	0.127504185045098
-0.060080826359002	0.0642698360165511
-0.890184189733055	1.47167713054369
0.436931467240953	0.761729768682666
-0.262682993807769	0.488943713210177
0.348789110356301	0.697609204373693
0.39911326299361	1.15628099630561
-0.29229531587549	0.41917214464296
0.0897318486708332	0.103596150395803
0.265075694783554	0.335672176253396
0.465237098567103	0.900283346562094
0.35854358509778	0.527959786064581
0.12899396616679	0.12890898336756
0.0808703473605935	0.0777958433066695
0.330506495912694	0.531319042516856
0.0469393792120164	0.0448723266900728
0.206952443908029	0.202881531123262
0.871956155768721	1.62203428185355
0.646900605509992	0.908416682047431
0.526381823034693	0.658220937106994
0.0098591187504134	0.00660656710721141
0.292457719738352	0.237642631007617
-0.0859410266776562	0.0668009867430417
-0.655670106588301	0.708667973360098
0.31681799954849	0.303036132190932
0.219663030713871	0.126037205246425
0.273335012081395	0.287533691929211
-0.0414617839896385	0.0298010139171834
-0.715331846866006	0.813092755670805
-0.151215746535923	0.125377993538843
0.169547500558322	0.118981088447475
0.23567121092906	0.208230130686428
0.225405075939292	0.191160580571201
-0.104439924938293	0.0937661692457941
-0.315026176990635	0.330462060439666
0.445469432135819	0.667460393383816
0.22963688227693	0.247032510316935
-0.317474471301877	0.368974731720215
-0.253406654948094	0.266666760386345
0.454600508973418	0.593633803689591
-0.208776722047314	0.196707972958642
0.886402812832693	1.3312750746611
1.32890544628273	0.774833605996061
0.632457839881738	0.336889784000017
1.14072338856036	1.0981477226284
0.832252654812026	0.704267821441243
0.569985211355685	0.362360936504864
-0.301207197913351	0.114082475276051
-0.272333557581422	0.134487452099993
-0.390549463242047	0.182830031795741
0.51854329038173	0.40060581889704
0.493392969615102	0.438480407741548
-0.688792888561519	0.567199866133527
0.380538632848477	0.192157298875416
-0.0627968971488692	0.0347470382589038
-0.182161309551837	0.0939563331089012
0.0711705900231502	0.0386057371115999
0.101975946658321	0.0596497880548714
-0.586456768495383	0.405540439224847
0.782080051697287	0.520538563821462
-0.404507981604996	0.291986479317843
0.169039088400743	0.118589508170392
-1.04253413529559	1.22052895349148
-0.0190144977935541	0.0123881474668534
-1.00034797605545	1.23661705446032
-0.403210897062363	0.370810125109574
0.537880336840984	0.636228860411135
0.0397443351642878	0.0400873511655184
-0.135457230334718	0.191995880641102
0.230453033148184	0.381100967625055
-0.394586381665014	0.609919992743145
0.311499186500589	0.556223181978037
-0.280476631700277	0.430985877504908
-0.246546230175005	0.389740792063952
-0.0842474471439722	0.135305324195249
0.43857867636952	0.751875930768686
-0.441587352881097	0.682964204507533
-0.371547372075815	0.472127454018322
-0.331372833086908	0.439977876678641
0.400333951874674	0.531765650454439
0.111909325494351	0.138603886645667
-0.0556695346103995	0.0624138759696483
0.014637878706901	0.0138920075679446
-0.372108356952357	0.366302641167352
0.234752873828887	0.259490735597238
0.197256594103711	0.186838876223013
-0.120986763153766	0.100854389321524
-0.965583598160418	1.25544441485195
0.46456815417798	0.529709695737204
-0.556308564901626	0.830056796911732
0.0467557786808696	0.0377805833882912
-0.147346689113714	0.112547258869769
-0.363428777143597	0.289140846524725
0.175548312117952	0.154581146004668
0.0141289091183749	0.00836045154881416
0.252862781237834	0.240825686067932
0.391549714072095	0.36176082807039
0.392027221787044	0.362308512744206
0.22220821899166	0.231863826007237
0.260589675839077	0.321904354946163
0.201821996321027	0.228302660417454
0.248035362594279	0.29032605659192
0.777125749820748	1.32134104160724
0.0450247735349721	0.048965860476358
0.147403155739719	0.173140059280048
0.515438742992966	0.930480838250598
-0.139061640162998	0.039690044647997
-0.18231851369888	0.0940477132535558
0.948140777876843	0.708861171264319
0.478289982271033	0.478212955533669
-0.128806094393144	0.170345963525051
0.00420107156454959	0.00631310222420045
-0.0975573429693327	0.15358933456804
0.90192951691993	0.872827304953407
-0.513479697906238	0.433094375097304
0.236693847555049	0.14635874538675
0.655997141267396	1.53623572899123
0.396099232782546	0.461277074556162
0.930698431317098	1.1905843022981
0.532554634017505	0.389034913337553
0.666626340129107	0.539462545013593
-0.689510929098917	0.568178344518017
-0.700504544518292	0.526244916902392
-0.186396016294933	0.113547393716226
-0.185738314747862	0.140559947244486
-0.649990272973107	0.74219207288741
-0.261353639452117	0.211742475658703
0.195765006004781	0.185209155352343
0.50807343101721	0.412780935274248
0.101736356324768	0.0594719557187364
0.939592181978232	1.34575698585339
0.860689402342808	0.867285433423188
0.492350206690579	0.437165060812493
-0.372072392834882	0.242142849128352
-0.104680825025152	0.0736654947411091
0.129341213945837	0.0552556681547546
1.34708378868001	1.15658898255762
0.379716349191476	0.191689040885248
0.383169134035329	0.231517222421489
0.381989275826714	0.212190421712846
0.693160519703166	0.332829202038881
1.72083629870748	1.27307224454116
-0.583910772670489	0.356957275253707
-1.66810811829303	1.05945155406623
0.101205871028001	0.0591776735663387
-0.085829740750209	0.0374157515734089
0.0324803020931558	0.016159596676943
-0.329842810698226	0.189306253830455
-1.08918946732959	0.5029265384146
-0.526439196579555	0.181637496851545
1.4819260380403	1.39477803791831
-0.390384825222988	0.182675327209902
-0.272864815744907	0.134713366556739
-1.36520122318135	1.20773472735264
0.831095181366017	0.703007329462144
0.845018155976737	0.517692501299555
0.0332878437387028	0.0165520134011039
-1.38966535397044	0.501535825497968
-0.182161309551837	0.0939563331089012
0.948515450436049	0.709283347663531
-0.840229576544412	0.614427671805632
0.0560452512431845	0.0415083363325272
0.272849845328925	0.201115685352938
0.46250698434629	0.543232210906273
-0.654742921923999	0.707198118047289
-0.0583396487531075	0.0456543361286473
-0.296116567916284	0.293916867066751
0.0778512592374626	0.0678970087133654
-0.072778919606521	0.061388253014857
-0.759469192690891	0.719050241846315
0.0981823541545129	0.108329975364037
0.398959351276617	0.491260214717467
-0.0954273132220093	0.0800425273453045
0.80305332099112	1.02371735782918
-1.09573410819843	1.21086996070014
-0.228085342305647	0.170845714175316
-0.404806325599702	0.292230182053982
-0.179150690993767	0.199458065906496
0.560439673638554	0.816614926953095
-0.592145503104089	0.748206236523798
0.55279861228389	0.615371248514404
0.329849257570891	0.349110306540318
-0.255135581071279	0.268828924947829
0.383125153879704	0.281480651746214
0.169377995086306	0.118855733486807
0.506918764930369	0.411522386051748
0.517981702173606	0.399845738819577
-0.227918614899254	0.170699802805938
0.748554060862292	0.867192805755678
0.219716093376734	0.1260200520097
-0.135345453911057	0.0842710565027523
0.148384751754836	0.0984300245054624
-0.469065433330428	0.457313763108954
-1.05804346686583	0.899558209247292
-0.219560341609163	0.179316750151107
0.482653233453786	0.464729901108493
0.148568676829912	0.139905870886916
0.262140888421149	0.183299451348509
0.0718358620707431	0.0479078935232958
-0.444126817447789	0.377669946792146
0.24346550048042	0.277551447421841
0.0635983860888808	0.0534665110864294
0.184629688432562	0.223746451154804
-0.0946292624770381	0.105855194512342
-0.409447945783824	0.610573430256175
-0.0898495649453897	0.114170747437477
0.0160612844718695	0.0237963865035616
0.220551783445261	0.515633542064619
0.331961299999865	0.880405658204666
0.143153545032517	0.210720506460518
0.306780284994221	0.522821364361933
0.207066751359999	0.30801874036933
0.0353133860726595	0.0374105198002869
0.399968914384453	0.654839155652369
0.508574692854593	0.702412701157459
0.159222140511921	0.155042859225048
0.0941921642780501	0.076307047001443
0.0380864450844843	0.0330442887267892
0.398795976591867	0.554449551503639
-0.301572330830382	0.333779618228741
-0.400612765744798	0.50859384129794
0.614340648954303	0.752564259923536
0.0328021246623213	0.0303377038382171
0.396829184466175	0.475109183638377
0.241620893895207	0.325059855290982
0.321002847926262	0.468665225088595
-0.0655551424915028	0.0665912491028068
-0.366284712191148	0.506106083691224
0.439030029813826	0.739131387291701
0.19056412585705	0.262593598299619
0.341265413689271	0.405376594121104
0.46277704460722	0.543559241188842
1.43287838118257	2.90281645501674
0.666602793803641	0.539341864392069
0.384637635305914	0.267214318499683
0.641124637853556	0.545169144799326
0.100949136798007	0.0590148415030979
0.549880079569962	0.376556524469907
-0.115108239055747	0.0616850332279238
0.518503014739763	0.400492999713737
0.569018351469029	0.361544579853778
0.0279525525890015	0.0216588343006724
-0.26179905163358	0.212167229288823
0.0452637280522678	0.0285002538770533
0.272497779020799	0.200812216046524
0.197215087846011	0.103796156702697
-0.186528883029944	0.113640626783262
-0.0181410155505099	0.00833369805294695
0.384700873559426	0.250603917514679
-0.512399064609477	0.431984414646556
-0.829145253728285	1.03600434180912
0.474466053822425	0.4915784274496
-0.0525912485877867	0.0338160242943796
-0.068998641343984	0.0489974881438843
-0.0846115959168889	0.0657200968622497
0.137157288806953	0.124775480579322
-0.371874099398567	0.472751967715352
0.443842609695781	0.67876821822052
0.254127423476189	0.364407017471545
0.266886702462027	0.536403208006193
0.608064565034451	1.44639429092967
-0.273661709889845	0.509876354060191
-0.0788726939085506	0.126711680988907
0.0353180495399068	0.0416016567499469
-0.389028360191714	0.853062487417547
-0.0756198350708573	0.124277728762307
0.225662994904488	0.400241874810308
0.452512390204078	1.00202484182837
0.616131664433258	1.2736725011243
0.281269211414002	0.475246296580809
-0.253577717732601	0.376262227441663
0.342831180550568	0.638561383244651
-0.0982920568947592	0.146315221057691
0.0981823541545129	0.108329975364037
0.0790858630713348	0.0947648992591538
-0.153455257641725	0.203122993481395
-0.000338895546180791	0.000347749876047465
-0.30094783653203	0.332997399333723
-0.0901154579493178	0.0963024067525218
-0.621102062524768	1.20485061859337
-0.210731114996015	0.27890883677865
-0.514380591960179	0.708876811146122
0.12272892166781	0.133137389706284
-0.15623865243292	0.148294363141245
-0.227518270655359	0.240099853542448
0.561015747698843	0.817784072927192
0.169825053277137	0.170830399020393
1.22851621567313	2.70044500549088
-0.152352934599335	0.201371178737627
0.137583028914651	0.171828775447874
-0.316337127482381	0.367185636244384
-0.0145641427141102	0.0156586524960632
-0.0123033048071257	0.0138076832319638
0.0492748990412069	0.0572688281053754
0.519930585737314	0.905458596750815
0.522110676789809	1.12040266232765
-0.0297903366317695	0.025325057917456
-0.558362412821994	0.864965900974742
-0.248783134810986	0.217973200841502
-0.026260180631599	0.0253978860831515
-0.0425380137183854	0.0687768117832258
-0.0914363685166572	0.222559266254824
0.0113369390938614	0.020535098821267
0.656436589497933	0.899452362710423
0.288267956596917	0.425317379933759
0.202868876868648	0.229663987373045
0.537936568882296	0.636205978902732
0.659287455028033	1.06221953735821
0.301255094857691	0.374759974325419
0.0537495767638759	0.0483493934890218
0.0719927499216524	0.0480081897236157
0.930406923419033	1.18988332005768
-0.882583704134797	1.15234694028344
-0.102532274857611	0.091861996887702
0.0513902057766372	0.0533669377113087
0.0793346752452731	0.0762384725228401
0.138756058206449	0.158669090796297
0.105864941993214	0.138190637771255
0.326938134156458	0.506461587117837
0.339048616232857	0.392056746549009
0.497692918508093	0.735444174813995
0.706433826526646	1.19338117793757
0.333505945289479	0.564020892375147
-0.212962028503841	0.271001873223266
-0.059839794742483	0.0639738045071109
-0.495028590271601	0.765790061841879
-0.0719575260641155	0.0689536022424752
0.0624600910403138	0.0667206471707323
-0.227518270655359	0.240099853542448
0.236277172691739	0.208831983313187
-0.154504721918652	0.137667123888828
0.592067928749303	0.571753176695689
0.149274640889434	0.121156414511097
0.38456778840866	0.232626940896653
0.0448990595684333	0.0282696501364793
0.176965952612258	0.155911450140715
0.966413121696574	1.19994466952089
-1.46341262540429	1.38071915068029
0.482941852550714	0.465212345192957
0.605140911230235	0.561445082776503
-0.590727874976134	0.452551342258342
0.126568133183771	0.079084180561219
0.478580994646585	0.478478067597283
0.196562535872001	0.103456755441209
0.605154248050029	0.561438733575467
0.902068855563727	0.873042791499499
0.291980174476099	0.237152534228164
-0.0418670880960876	0.0300965468567898
0.518162384573891	0.400222740025432
-0.0518616897495014	0.0333416887780141
-0.277735101052393	0.205793300863032
0.666795395198637	0.720496744441609
0.283727028913391	0.219963291363813
-0.147335331562412	0.112492988535895
0.283209613589766	0.315916098253544
0.0231497288419036	0.0193759594042715
0.497994805914145	0.736127026600309
0.201782818687371	0.320029658889143
-0.230454437872003	0.362514478527522
-0.343622005338328	0.512366097731762
-0.126850527941489	0.167356120177762
0.105261157374893	0.152181783507891
0.0119580747266284	0.0144360239168031
-0.324978663699871	0.611223485937534
-0.201485558533197	0.410944991848872
0.292418595775103	0.447887318967123
0.227452364728993	0.370176543740984
-0.53055838558929	0.879472094070003
0.634764079974665	1.08513143617981
0.400063674484962	0.556855345052364
0.283951117688025	0.316939273045588
-0.152382421608085	0.256253297379008
-0.00404430352404414	0.00523313938253275
0.0205663030063377	0.0290832006822477
0.613172314242931	1.10579038968724
-0.0356048700275969	0.038193709982431
0.0341927209515895	0.0402253952218473
-0.253479611930564	0.266763964540767
0.0333937709057231	0.0308979568107871
0.222810770968068	0.23262889719206
-0.331724230176521	0.366522563322871
0.237339909963454	0.263068095502651
-0.832998819676836	1.57156480992244
0.027367814442822	0.0211957430496118
0.244450724646557	0.224439108798318
0.458146000841033	0.568356410306109
0.331085607386103	0.350835689385708
0.399632629424249	0.543343953778162
0.196291811382246	0.185822122210879
0.752579202519071	1.33092469205456
0.396614611824017	0.474764539819615
0.161281188385986	0.198884567560739
-0.486312225502636	0.698699914695752
-0.0416212049755268	0.0299177849838132
0.225233063200876	0.399208026707048
0.0400034907936856	0.049897711974754
0.0583324647256783	0.0574998609351738
1.07440264515213	1.54481824197752
0.389148735446968	0.109285725974399
0.337936458824909	0.390246545313898
0.342842713205077	0.407830755865813
-0.494344858695114	0.570084714868463
0.0720205045123086	0.0894986611263034
0.271243434108498	0.687046627864631
0.343268274302721	1.3071785466777
0.296177735728751	0.462813821883136
0.149203338204921	0.280189233627302
0.447859043873244	1.0937257378161
0.104307536394258	0.0975265606913918
-0.278973259916903	0.206822872009292
-0.658540571626665	1.13089098098754
0.653313838700423	1.22999956550009
0.443056880885334	0.691594438326696
0.46101891152389	0.556989581594346
0.20625364073903	0.202070886453844
0.929771371215111	1.18851343916161
0.453946897437732	0.592421077738382
0.841165174278125	1.46959944821079
0.58234693134695	1.15889140325173
0.278021458149076	0.301213671254997
-0.0505573691196099	0.0514336299295791
0.399810400326036	0.593786343242509
0.00114410110115063	0.00111144974247956
0.399033669457299	0.516905809627965
-0.289412497805608	0.252118449166412
0.802975404729862	1.02352806948657
0.306076611955608	0.271058217577165
0.482378324060382	0.464445371521406
0.95455965704166	0.884202518115433
0.29205966152669	0.237223336219255
0.666743349910029	0.539714223433784
-0.512373842205199	0.431860546139181
-0.182753240317485	0.0942982306112401
-0.239052292591719	0.161941372487397
0.249750206089094	0.164736441383124
-0.185873754422918	0.113165915307209
-0.806556184032374	0.653285748931602
0.00848641761517104	0.00628159729802193
0.0716053546706661	0.0388520670428053
0.236311336470234	0.146077269754332
0.2994624446479	0.254299852559142
-0.436287958529514	0.240933086950153
0.641682723119911	0.545743151435336
-0.0707986059607887	0.0503579143000613
-0.456684012507331	0.416715314368974
-0.363089601171979	0.288833281039867
-0.184985286804385	0.139958146048769
-0.114492567248408	0.0882422392529425
0.625602342840941	0.744547795725925
0.727004104258987	0.703388889340379
0.712029500531404	0.877656491087858
0.345289916816635	0.431861599679012
0.272906634869507	0.286997583813054
-0.102331251535723	0.144016536833434
0.0862736537553152	0.134468968383939
-0.37763677632759	0.642676286749686
-0.255010641039304	0.414866129481617
-0.263314356381741	0.490508975153721
-0.39078270978305	0.704959088992282
0.0901014354290607	0.148147827781392
-0.145412518806558	0.280430977209481
0.0853816656791432	0.127491648638631
0.39974963062041	0.724743434644168
-0.371547372075815	0.472127454018322
0.00956265715458329	0.0100374499631637
-0.649668068582065	1.26035958788014
0.513958495236714	0.926676331056101
0.500983466618081	1.47933116446582
0.137459679422432	0.211015302231925
0.268464849322738	0.485288409609743
0.518527816892861	0.920338484751214
0.467084433112614	0.875855533710386
-0.0210521498746447	0.0255659538784396
0.778174486512734	1.32441252834538
0.00417267877870322	0.00360213381527258
-0.591399173438898	0.88123477784521
-0.096162855530834	0.0807027580875955
-0.0823344027797154	0.0835551891819092
-0.258983398556332	0.316355744397083
-0.153871000291527	0.137047618756153
0.187089397061946	0.171060668606784
0.135763632817006	0.123371981996492
0.395963670018795	0.422183393549584
0.0804506507036982	0.0773827691926837
0.339848994064283	0.393246097880523
0.462933636066479	0.543848999744984
0.10621952232423	0.0994741898173998
0.0719430838312818	0.0390290273255074
0.0921860033059778	0.128213861016755
0.447402753396843	0.641509206714967
0.381943315219466	0.212186929048949
0.384074631825796	0.232296236286305
0.322078112438787	0.319257315026669
0.124253815054394	0.19218875024955
0.140487005486388	0.241752662226183
0.136011855509853	0.218315914132933
0.17553456536374	0.311603361533697
-0.047266709613015	0.0732068600708638
0.364151047928205	0.981968562067484
0.312448494574973	0.288016573496946
0.757416571986011	1.18098913710301
0.898483788147286	1.48141592377969
0.304882316941719	0.388979786476137
0.538666321646763	0.637426996180787
0.288949777497544	0.331825196915554
0.487861298068567	0.451819433414628
-0.0355428006823869	0.0280151481116993
0.112910166999391	0.118993935470691
0.147846962406396	0.156888345944418
0.147911383732929	0.156938229651781
0.0456108003688021	0.0435434069498103
-0.433152663586324	0.717612628641748
0.221509837695443	0.313872257612264
0.244073634690904	0.278315769582972
0.0931915186779303	0.0754505205534672
0.316901883656995	0.303133693450136
1.63454739278265	2.9319289237382
0.384844177724177	0.250724298382647
0.383675939907485	0.174087909739587
0.39172317888763	0.157018219232949
0.939312382892888	0.525313855216088
1.53868748123669	1.01789180342578
1.3354917191139	0.960914538907831
-0.588089012270016	0.406937645331534
-0.587033724198061	0.406040554766397
0.389098017268054	0.330754944858643
-0.181648797667389	0.160880726536792
0.382359480505373	0.212405860095182
0.0324209727839753	0.01613122861311
-0.966453487774123	0.538358739862374
0.00633945431459683	0.00203784566389168
-1.41546102434174	1.0392459607055
0.166986496782572	0.0796847627732679
0.633599041507284	0.337469296155243
0.735708592633415	0.527521413492922
-0.512933195410562	0.432593473944586
0.703892125977216	0.707656145085453
0.186515936157307	0.13784355976546
-0.404706728429696	0.292182997049605
-0.238734871746232	0.161662180062301
0.0561723644389578	0.041604428286563
0.39772837377741	0.489374442824725
-0.104385709175547	0.151200853271805
-0.270420089931746	0.637608758491897
0.123542442058996	0.199677428592475
0.205214413734171	0.413550817720868
0.237461336686688	0.526140301010797
0.23338074341933	0.509707810151582
0.0289258047306092	0.0482145213046434
-0.350835668630912	0.907992009783032
-0.539631132563442	1.64538757967171
0.258158942703278	0.542532794309687
0.094015017098049	0.117854427112065
-0.0125963523008451	0.0152864828604329
-0.218023576996043	0.342614714169425
0.0797482475320227	0.1067318050745
0.0723839363477511	0.0899879724525872
0.326317257142163	0.334692688406251
-0.236828502174158	0.289247977582366
0.539357455249496	0.854950350103099
0.00638382440520135	0.00473643372787227
-0.0825865111360689	0.0743963450386104
-0.36481737577295	0.402144380011485
-0.468836265005696	0.725984744603068
-0.16387263299938	0.200243813165442
0.324457797824746	0.492691554020743
0.389948281242982	0.345743503908352
0.0957535926072543	0.0674010745524995
-0.0411859418769228	0.0295923627556247
0.38494159345256	0.250778475101884
0.845548787089058	0.518148602075924
0.697850822022082	0.533884391675534
0.384135881010004	0.174338917171374
0.586946986773075	0.778463465463834
0.50215695272026	0.964675951793772
0.39172317888763	0.157018219232949
0.902208167546837	0.873212232384466
0.268389182242934	0.605299416230747
0.225405075939292	0.191160580571201
0.359022283582853	0.539191836948968
0.56992470923534	0.362317672416572
0.226079363022969	0.672472470723624
0.198449361692872	0.487989099585998
-0.418929651317597	0.578548939610017
0.475512036446023	0.492956073079761
0.632418572997329	1.24900561870738
0.652693911549528	1.22817430107806
0.604640973882976	0.761663942405008
0.173871759252565	0.152830033518761
0.235068833992574	0.20755891757406
-0.151136709647864	0.125324129548118
0.825670570549332	1.17574260046453
0.392389019936537	0.362700845845841
0.273079738009052	0.287150187934262
0.561437673863747	0.604763301099539
-0.835714067371175	0.837504064287644
0.0338390303755956	0.0238689111453298
0.381781172449947	0.212071085126265
-0.01876482349754	0.00861389005014956
0.860169275777132	0.866498682204359
0.242585202269792	0.276338313141143
0.465090767783157	0.530615938943349
0.399231847366381	0.529959580011728
0.00674767439234712	0.0050041227811929
0.12529039973237	0.162148956927485
0.361090586269731	0.55349391733897
-0.105553767541659	0.112607344516856
-0.873884112441079	1.49634634704849
0.0388860493856404	0.0337599114164657
-0.0417076276894017	0.0299786534859605
0.53254661418515	0.38905604434496
0.845429272841547	0.518063989020872
0.692958099242859	0.33267335418904
4.30987329254981	1.83679356096344
-1.49927408596185	0.865925056465716
-0.527212517247273	0.181872309976908
0.883515048067619	0.705770014334082
2.24887565939802	1.68563406710969
-1.08873769816625	0.502806249640919
0.549450021075244	0.376212304083995
0.788025749219243	1.17607956613172
-0.593423343498942	0.495335594146456
-0.390457511569293	0.182767055906993
1.32936494447391	0.775253525639745
-0.390990482399218	0.183036184348497
-0.967241993945977	0.53885723031014
-1.49965120470959	0.866198459833255
-0.743971048777164	0.436537686051128
-0.27243143272404	0.134532208149857
0.0833127477230793	0.0313441310436025
0.499362851119626	0.424836251113862
1.09718978825491	0.910736082466089
1.05105966768465	1.22302056343239
-0.587321173779376	0.406393743621821
-0.0211352082236801	0.0120071068515306
-0.143396668511171	0.099764184520356
0.61787797652688	0.926989995575895
-0.197704787850265	0.241447196768489
0.365145060509352	0.950157466240202
-0.123063397294094	0.240201887413736
0.204060514154764	0.463275166381943
-0.162764745334194	0.288429041439162
0.0678048189819418	0.121893568127511
0.200193726486799	0.448464028896595
-0.0121810789221092	0.018160446220932
0.0966706894616259	0.174769025905067
0.228985174733639	0.528068673508005
0.32869722248235	0.518729482157519
0.0294304235585076	0.0440863530407687
0.138914735344671	0.187697124177271
0.300748518053516	0.479272927351826
-0.103216010356971	0.0925449104865111
-0.503250905619057	0.391843081725258
0.930336520582337	1.18985416764178
-0.158543075743816	0.1594939750504
-0.835847194533901	0.838183229429345
-0.701008384685089	0.526760211584692
0.305714271618965	0.270656914597035
0.501247320561674	0.724719591435376
-0.0720056782352764	0.0690015833423619
0.535459351307412	0.866278965060954
-1.46354677752764	1.38109836432128
0.0140833190921492	0.00833357685317767
-1.4159007769755	1.52675576654877
0.845376520782495	0.517946155800233
0.381851668777592	0.212083566222231
0.384325623705715	0.282579578021168
0.168491525396171	0.11818225334972
-0.07027848914908	0.0499757502840278
0.261823908101208	0.18306362744424
0.0277443001490013	0.0214955446455591
0.384213816506551	0.174354437419922
0.394806098704451	0.135628631431508
-0.775676594799674	0.385800549211417
0.380818436970594	0.89723054047025
0.475190570181973	0.492543451735254
1.66911798646763	2.06112859247095
0.13848220789474	0.173130308260377
1.00103218263171	1.80756950209001
0.213136961719905	0.289973815700094
0.630621293564866	2.17025501902423
0.272953122298913	0.201231042602625
0.394707544293036	0.407107759025893
0.322086420698741	0.319389462153849
-0.0714037148051224	0.0508025228967145
0.685128555531444	0.714840193832473
0.8270185601785	1.02371645412104
-0.908750556302672	0.9623313656614
1.09724955743782	0.911103338088932
0.519305143380268	0.401228311053924
0.0703563070864099	0.038145273102794
0.3304462646425	0.350064735237733
0.668193497012369	0.893116949235281
0.0955870411048136	0.067278881141321
0.321986091312558	0.319223226198413
-0.315284183968157	0.33065208861579
0.139226045383589	0.159330569046592
0.352721464855011	0.475629619700084
0.399450467401002	0.580734851438058
0.474989023953299	0.492312809758067
-0.184119192701791	0.151656556456733
-0.851125790628833	1.01046902024069
0.789007820750719	0.701273600791829
0.92234078813355	0.335589606075705
0.391270287304609	0.156798957460016
0.779933366340845	0.330815108755646
3.92185204026389	1.44987301942414
1.30878296944529	0.581185280283374
-1.38998354636002	0.50163376719055
0.00646484563367621	0.00207938023640029
0.39182337772091	0.15704642066765
1.72083629870748	1.27307224454116
-3.51275490635894	1.03648648662477
-0.557905798081746	0.244331528329975
1.32956621324036	0.775009995652953
-0.277395788140204	0.205469101447324
-1.25992341482144	1.04029868721796
0.384057848830726	0.174304472771972
1.61141385637907	0.841641028598921
0.129690974521995	0.0554121511236294
-0.47361897908139	0.115707480624982
-1.49873505522517	0.865414461896405
0.380247102190651	0.191995480003362
-0.834101218840082	0.336744813199495
0.129948950282375	0.0555267392668019
-1.0894376921619	0.503213801499961
0.518683620428821	0.400733018854102
-0.309102105562351	0.248283866197002
-0.464828840991793	0.294195870921354
-0.427184713299327	0.336495854778479
-0.49974121675007	0.604600392900574
-0.560625283295056	0.95991088998809
0.0894708176986955	0.152339394172922
0.206699074182224	0.421254328400396
-0.176606325134791	0.386661370748062
0.0370008041977706	0.0646245761300815
-0.384422195324618	1.05968597291417
0.0400208278902202	0.0724880380215231
0.248618543385907	0.636235019186167
0.226507909795902	0.546358002114076
0.0287199707469811	0.0429736558923174
0.466951138517144	0.875474405683341
0.28298037779443	0.485716053144319
-0.19639096263587	0.260344718721044
-0.593510306616406	0.986403502374338
-0.0831879805887686	0.0749465129719028
0.549208155707253	0.375985283954355
-1.85214273561102	1.78921706619762
-0.400181642435038	0.439673974198088
0.54993378412155	0.376583821001256
0.236818396402027	0.146439356159907
-0.963570058432408	1.25176979983684
-0.378992426327717	0.439303051973661
-0.342090948848866	0.472440266701382
0.0924843249701029	0.0836259586253659
-0.33064991164873	0.18981823898626
0.939312382892888	0.525313855216088
-0.701646456602984	0.527092230578667
1.09790064107158	0.911774434488671
0.735431857702904	0.527312093230812
0.782658526934225	0.520957217373559
0.782774519601927	0.521035704849979
0.604802183227115	0.560948108422207
0.595769111177781	0.770729365373972
0.704440478792494	0.708425795909019
0.0951093131983534	0.0668970157876029
1.43718034185684	2.58011804643109
0.224998423684553	0.190765543152678
0.0829391888686957	0.0312031930136134
0.129948950282375	0.0555267392668019
0.0061225518867428	0.00197434479456719
-0.583813402457841	0.357028102443622
-0.0919643068626587	0.155573284776302
0.130448752768891	0.145303988494728
-0.219572345884553	0.179329486022748
0.636030883319425	1.0880930870574
0.0752085668524185	0.142518965238812
0.307220856633122	0.858402461679415
0.0400938270353058	0.0640724397069687
0.0498854261638405	0.0613369419172306
0.394414208273757	0.393065075736773
0.0889381871926656	0.0955242579752111
0.390181361049292	0.346088100018322
-0.468052459617134	0.455929377758231
-0.976383527000899	1.08780529038794
0.169912446478066	0.11922537640112
-0.715933416500126	0.814093062118175
-0.773504746428631	0.922885411919673
0.478652279686484	0.478696227557813
-0.134946395758974	0.0839628422030283
-0.74338935857981	0.436170840222888
-0.0523831473869719	0.0336775577128369
0.736120448852885	0.527826561271223
0.692872391964151	0.332670774022736
0.200634308627934	0.155584503579216
-1.33554633035981	1.36638558951892
0.0064668780316198	0.00479702610573964
0.109311812795523	0.0922042375100751
0.0623765627555272	0.0523909607214932
0.337730558109591	0.380013784427534
-0.503083913620675	0.635466573690458
0.136347661620697	0.123972837222184
0.825773722054727	1.17587357176552
0.532421672899551	0.388933627124438
0.0717487900838293	0.0389313553315227
-0.578245908749132	0.304934080913825
0.7804925175075	0.331224333986828
-1.00228771983009	0.304791362921327
1.53853119511365	1.0178808747532
0.921573432992183	0.335142688744928
-0.4737470176026	0.115740974734865
-1.30813039530621	0.679867277020895
-0.139258708787851	0.0397553524568051
-0.83376033571481	0.336583209390257
1.15070429445642	0.735542615083259
-1.38966535397044	0.501535825497968
-0.301408627280488	0.114196567167764
0.196937142974908	0.103671316118869
-0.271946757622245	0.134275185027705
-0.557446515240923	0.244186902210422
1.61096338350584	0.841728315422669
0.083485012704708	0.0314037713222183
-0.557819071033484	0.244364502966291
0.845840422021887	0.518325018042512
0.392075810346128	0.157165661368801
-0.833419534036202	0.336382855166883
-0.389595045515526	0.18227543759944
-0.775756141785268	0.385855670473159
0.236436057096486	0.146182064666656
-0.0633211170304949	0.0350452901670419
-0.776135871246149	0.386118775966781
1.03215337388993	0.716236335484119
0.0440510677219399	0.0277176152106246
-0.591031788177271	0.604724303882418
-0.00105720998322877	0.00114043916326929
0.237705519611828	0.447427683312371
-0.234331116110703	0.465326849753821
0.178299619911511	0.360235464438327
-0.625498508831747	1.83536887538844
-0.0300352082249743	0.0451101312171947
-0.327506776295848	0.74038161593157
0.157793449521952	0.288638605666077
-0.446778092866736	1.16536637378668
-0.116195949641918	0.188645136288761
-0.362541158101587	0.539764204276766
-0.395737144868585	0.673761953538793
0.0635900804510347	0.0772256220757644
0.307014659023216	0.40096473540979
0.00231845739440581	0.00201075587893764
0.621429561700278	0.552726690819415
0.0452855437685201	0.0285121715219649
-0.185173516695753	0.140114977779492
0.384646128302003	0.267273915399294
0.499349937485586	0.424769036891402
-0.876109225706413	0.983459248905182
0.604696087738422	0.761584741402592
-0.390692450381711	0.474566184437036
-0.334091238306827	0.28887008804013
-1.65041401407961	1.40454171866504
1.50067026537901	1.20103971552878
0.549978595927915	0.376666352239561
0.922019141063965	0.335550153126829
1.30824531612481	0.580773744092887
0.388378826936029	0.109035539644979
1.34717971611521	1.15663511184707
0.735805974765709	0.527663345410542
0.789568453377542	0.701887599555215
-0.0899322915380019	0.0569633728771811
0.781417514261618	1.02425026534784
0.261256809790941	0.182597357676459
-0.121988199394106	0.101769392099059
0.123269340211675	0.108047271393487
0.169743005968383	0.119100064132563
-0.114811369336774	0.0884799629907495
0.256882137996849	0.375569109621625
0.388700423012708	0.109160200857588
0.166697777637453	0.0795304020147335
3.24589775280055	2.60756889625515
-0.00455237914854772	0.00532424768323218
0.507915047756418	0.412659398482505
-0.678970224150761	0.972334829751365
0.318681543819753	0.596634987256252
0.083485012704708	0.0314037713222183
0.197372146645324	0.103890224793295
0.118406040689801	0.11464437212109
0.116219928089274	0.166043317602394
0.273294997404067	0.445263954357044
0.292598245674543	0.617869506741072
-0.0673488943354738	0.105048839702071
0.164110788027256	0.278235024985209
0.00791613164620679	0.0131672225613318
0.796702255541664	0.863501727169266
0.667921960643445	0.721870629441443
-1.31653609629316	2.06935466309738
-0.443311956538601	0.376919374319485
-1.05798113232457	1.36752617362881
1.08762141590314	1.39407719766349
-0.143358055610537	0.0997075920110492
0.493054296590658	0.438075720948024
-0.277917396201814	0.205962223094542
0.474223173107471	0.491270665429518
-0.0161964796919446	0.0117505311278373
0.506688268539893	0.411085661064465
0.283035978879727	0.219379646755372
0.175548312117952	0.154581146004668
-0.0187842679012435	0.0122377852371129
0.604485965659065	0.761131807779647
0.132972256327532	0.103168823954466
-0.0628253743789474	0.0567846097228745
-0.104347537482704	0.0734201932337505
0.844637949928198	1.32644315439334
-0.0338168398816659	0.0266198094381463
-0.103912824478463	0.0932546921150859
-0.150530073663175	0.124764207940941
0.292291220066222	0.237492816537353
-2.18742902993474	1.88261544224782
0.383610425505103	0.266401171944054
0.844845995880859	0.517511025180734
-0.966198513599258	0.538168127121678
1.08215668605391	0.545523936689859
2.06820152095886	1.39570837877404
-1.95046019567308	0.91640212388427
0.129599382152041	0.055374544630505
0.692326828560022	0.332298477183409
1.30845506000794	0.581181730657887
0.380127474809668	0.191939501341434
1.08245156163098	0.545677742747505
-2.16889798640267	1.13483944512761
-0.775756141785268	0.385855670473159
-0.404806325599702	0.292230182053982
0.0448990595684333	0.0282696501364793
-0.172790630805708	0.0706913846673543
1.0823571828587	0.545696583364153
0.692326828560022	0.332298477183409
-0.272044616803678	0.134313553575837
-1.13372955037217	0.698876373405479
1.08189937689856	0.545391539877195
1.30857335719328	0.58118850135549
1.17135033893311	1.2709577597251
0.219663030713871	0.126037205246425
-0.115493415338312	0.0618959747145958
-0.0624243474137874	0.0345335859973686
-0.839793814668473	0.613679384728126
0.385084895968046	0.250898880811666
0.387458391675328	0.314850222666962
-0.0121594275786912	0.0103860603009257
-0.268299766496546	0.397985074340714
0.172867880761857	0.358825079373221
-0.137829063846739	0.264771539381513
-0.022731420679394	0.0356900545086896
0.505329898208879	1.4359488731078
0.202386555544686	0.406230730963985
0.261080284651063	0.621564733123274
0.018946934595721	0.032706113682603
0.166901340171322	0.320652136873233
-0.0242299343728404	0.0363232684819876
-0.105796785110018	0.129079555922183
0.138964092033436	0.173797215742879
-0.145921600222272	0.170783279837254
0.198627477141662	0.253060595081365
0.00975986345199537	0.0102483604732302
0.0629034803324564	0.0528552283739394
0.117880199200015	0.114098895766092
0.669031045309451	1.05636144537709
0.305845718718964	0.270758729185422
0.771154723161215	0.864777020875457
-0.260875556637409	0.211322122167181
0.312208215604095	0.287730549584082
0.0223514146768004	0.0187015569610237
0.516403053155535	0.679472887243822
0.389221415985055	0.33089326869122
0.102365383839979	0.0598808357196475
0.641023895964106	0.54508675518201
0.549494859555772	0.376239065705743
0.594616076332456	0.347498367491258
0.780600706854381	0.331245529908097
3.08524656726018	2.26838335316185
-0.330216847495123	0.189563353167821
0.384603470827557	0.250534317667966
1.85850094771571	1.11371186974308
-0.29969523558502	0.19947231882622
0.382521602502211	0.212505634530775
0.0328543582601426	0.0163435446561217
0.0100691623696777	0.00674542485064012
0.482580602361148	0.464730939918335
0.206311005388078	0.2021544623821
0.681836200589555	0.88837127179102
0.177513700783679	0.209679495239472
-0.0825865111360689	0.0743963450386104
1.30789049826232	0.580409587113093
0.730118887446926	1.18588830655896
1.51921559486584	2.30479412486599
0.116736350339804	0.166873042013731
0.186225741735087	0.137561168065271
-0.0276059031834217	0.0251083854774779
0.13218291029375	0.147413167641588
0.44114340258552	0.716012440115809
0.100097951809408	0.169918857431126
-0.166510082359819	0.387536653931474
0.281350207704647	0.844778572178099
0.390985223507652	0.361033965513909
-0.44402062338442	0.377744759719275
-0.591755118532504	0.605984465478589
0.291205179842843	0.236400410659305
1.35762653190656	1.52379662954223
-0.907834130898615	0.961060161262237
-0.650756704033584	0.743326638936139
0.451131513473502	0.618130367798447
0.292312973809464	0.237501363293812
0.00775977760636605	0.00574798802530324
0.396797898497258	0.436559946284771
0.887087253183562	1.33317333070325
1.04295791424313	1.37696415098134
-0.147867735225264	0.112976848034583
0.122317181146393	0.10710224045069
0.550989852772693	0.839354651097029
-0.639251302323318	0.843256316856547
0.260587537346536	0.257012341966095
-0.209940738467364	0.198002789959829
0.330816217264648	0.350521371813313
0.604169217853614	0.760660799555557
-0.593044487368309	0.570376511938254
-0.227710051921794	0.1705195806077
-1.25881541790325	1.03850726542032
-0.186918260646186	0.113891941310612
-0.0624150208481328	0.0345325739631605
-1.08918946732959	0.5029265384146
0.381319140840389	0.211728948355717
-0.172790630805708	0.0706913846673543
1.32907118266159	0.774930821538498
0.692581465633294	0.332420818622936
-2.1873836289343	1.88329883701303
-0.744260288038901	0.436770424586074
-0.0188813774915431	0.00866679419428534
-0.526439196579555	0.181637496851545
0.6929884834798	0.332593867955138
-0.390990482399218	0.183036184348497
0.0328543582601426	0.0163435446561217
-2.3604972242138	1.36019404485175
-0.3016598593167	0.114296718545794
0.083025250328212	0.031234955378807
-0.527421152157757	0.181948809266462
-0.743678684939536	0.436209029890929
-0.0861209122244248	0.0375432998359443
0.0326376529720449	0.0162377856016969
-0.301408627280488	0.114196567167764
-0.952650331936472	0.752854103470398
1.1500045601287	0.734886794418282
0.0715082302011756	0.0387989839825231
0.388888390896038	0.330559324047125
-0.219572345884553	0.179329486022748
0.253655513291816	0.241695206786172
-0.88221862675207	2.31505804900562
-0.10571785545969	0.166810928855836
-0.0218435318861046	0.032620936971363
0.0283680498585961	0.0397654725662481
-0.474606926255884	1.40103001184636
-0.134360357752971	0.247072559003115
0.0892294265820347	0.187596022132506
-0.137081766725903	0.279288572189917
-0.11217788058908	0.200300968781225
-0.10545638870622	0.152971406578905
-0.408504036481283	0.67429241176121
-0.0445784786491951	0.05233321358156
-0.280467999167943	0.341983837165257
0.446327118008477	0.654424158067398
-0.491188757194878	1.04480391789027
-0.102554263979494	0.12025684941678
0.0697344275206117	0.0708545415370205
-0.300519693473928	0.332381341428134
0.329662765344708	0.348965513371306
-0.33203763248094	0.366952711123228
0.397453172957826	0.476252227943928
-0.180525069605677	0.170609636342392
-0.907818290692329	0.960969805433878
0.970306152544138	1.35434156142075
-0.300597697386102	0.200136624431954
0.726834798517764	0.703093891541202
-0.512581259499698	0.432199645141202
0.832909568564886	0.704667566703044
0.0833127477230793	0.0313441310436025
0.383675939907485	0.174087909739587
0.0061225518867428	0.00197434479456719
0.16601644258043	0.0792091325875855
0.384504773376227	0.282786699871077
0.383751035309307	0.266492415459498
-0.805521471256785	0.651871233681202
0.826330074732706	0.864192234764041
0.580903814813413	0.582847694896575
0.225158200780248	0.190927789807908
0.748422114931286	0.867146201783064
0.100057723929357	0.110619477791348
0.0581863556816846	0.0573547081708674
-0.0821078330420579	0.0833044629433896
-0.0441617436788959	0.0575886400922154
0.163646533052725	0.242997439434687
0.388700423012708	0.109160200857588
0.129158162749315	0.0551749725492299
0.262186697938186	0.183340850708768
-0.371376868495221	0.472049568150106
0.545687236810981	0.848692535495049
0.619113216950483	0.929759800289187
0.200853124125935	0.226953338751689
0.0270146167815316	0.0389040545084568
0.436266651980678	1.66123589000671
0.236960145252069	0.146508243761446
-0.330157715643049	0.189518424818333
-0.299115994708433	0.199000264381039
0.261619601719882	0.182900353819704
0.389242899498173	0.330932381742407
0.249609701310002	0.164622350280018
-0.405326167075073	0.292725548193684
0.397726253851765	0.476638929372989
0.872289442382316	1.18039278817305
0.615118847759664	0.753597934944541
0.136517721055436	0.124152342304006
0.392070598027928	0.36237712946781
0.135877456523624	0.123502717833061
0.0724215784241094	0.079493031048135
0.0584861839892998	0.0576619709569178
-0.592916357795533	0.532806037333999
0.273491481809035	0.287731098551366
0.176490061048742	0.155484976359711
-0.859724182988442	1.17359603348951
-0.690468894294586	0.569119495427177
-1.16514367551814	1.35224566140335
0.580404836294051	0.582254666997794
1.50013939847307	1.20058103226469
-0.583221610013229	0.356588056116416
1.08260943263141	0.545692286684696
0.518382050022862	0.400198503465453
0.39172317888763	0.157018219232949
1.78484977364159	1.71969551740022
0.384448720212249	0.232559219900392
-0.743486797195033	0.436219280331052
-0.55698719456961	0.243941671319354
0.129690974521995	0.0554121511236294
-0.743244699467359	0.436018288130519
0.845309714357572	0.51793585320065
0.381619060107096	0.211935628180678
1.538071761996	1.01733013049405
-1.14596453993866	0.877175488759698
0.632899140082289	0.337160256876808
0.0456473817971312	0.0287388431504108
1.0973094372813	0.911294489133418
0.902650788613702	0.873704775862355
0.389076423640754	0.330758403918119
0.109779635479406	0.0926367547364059
-0.592191450761823	0.748156948883237
0.0423709895622321	0.050981230545499
-0.334207538202766	0.615049728208704
-0.000297462516789577	0.000415581463251777
-0.0947652669142799	0.156521699143936
0.0270707022364892	0.0446751161638608
0.124168972629295	0.211414055522071
-0.283380660602367	0.606832242525269
-0.393722187253923	1.08767260461218
-0.214098120685686	0.411890210889142
0.501782120479949	0.980380290032033
-0.163518158709102	0.191419231142382
-0.402006916810846	0.642767481497371
0.480261432547609	0.815836215893819
-0.668438289333345	1.03290574380823
-0.158365347338885	0.238977263977676
-0.0410322729531523	0.0500102035597691
-0.477659219967549	0.790965297090051
0.196975463815034	0.186573523920065
-0.770303609264981	1.14469100969665
0.00337242974390465	0.00291508000080172
-0.417284030144647	0.408816896425183
-0.142497598720771	0.0991035134167607
-0.0854579770858256	0.0664223174319772
-0.146697979234959	0.112000719717952
-0.45704474787121	0.417167647331946
-0.973052403695315	1.54970467433092
-1.0586799142522	0.900447814589957
0.381527189093569	0.211900019936529
0.166258984494131	0.0793365080292949
-1.13348832978479	0.698378084268077
0.19687685317515	0.103637553625753
-0.18281327517053	0.0943239763792054
-0.134485905648513	0.0837165305806647
0.0328543582601426	0.0163435446561217
0.620546932239512	0.551602893219679
0.0710271447790068	0.0385287742291492
0.095022705932051	0.0668607855565689
-0.806166867316809	0.652806439253235
0.538298848354909	0.636878369874185
0.0351264897587569	0.0247917521644028
0.544044988305065	0.624349848185983
0.443342679298615	0.677670119640205
-0.0141360898464414	0.0112102221610298
-0.0411487805347539	0.0501586022488428
0.138546020825604	0.158436521230451
1.1710459963406	1.2701922346009
0.197727056983685	0.187381292682296
-0.443770096712952	0.872704357282888
0.400053611180916	0.73695356767096
0.104522379121326	0.0977531029963657
0.6929884834798	0.332593867955138
1.61085484507279	0.841669374755238
0.134536464866223	0.104447114686975
0.201966186149435	0.262629539812198
0.210137500265763	0.280269910729878
0.384163968144924	0.282463471340844
0.698170006415957	0.534264994563934
-1.10615422849053	1.35722273391196
0.918977930814366	1.0333893601167
-0.908188365286196	0.961612927129647
0.789629404782175	0.701960653911999
-0.312440348470452	0.290748786941485
0.0951893167427581	0.0669829340844801
0.69764279068335	0.53366880389575
0.307047502619063	0.272052853630311
0.701990292501304	1.03940448117196
0.87184120532861	1.17919439802947
0.508642040708663	0.70256433733816
0.299217367405833	0.254024375799015
-0.356039536653413	0.472688479767381
0.112461464018092	0.118483220589853
-0.314712154106097	0.330072172244445
0.74806009140456	0.866426259802109
0.283049106284765	0.21938764291333
-0.115349804768478	0.0618198052065707
-0.372596894930282	0.242559161476007
0.6319253061888	0.336447428573424
-0.436450332352015	0.241070371910981
0.196780027356607	0.103577238966402
-0.71692123508884	0.481118435580312
-0.172409580035499	0.0705269291433486
-0.138813074696716	0.0396232165072587
1.85905382935735	1.11400052146394
-1.38966535397044	0.501535825497968
-0.967149438260553	0.538778957559799
0.569453553663671	0.361928018197525
-0.0861209122244248	0.0375432998359443
-0.238893584109383	0.161807118362011
-0.716763715632268	0.480971363584149
-0.583221610013229	0.356588056116416
-0.0854186365609999	0.0372336127371123
0.780041576343924	0.330969634796661
-1.95302214677931	1.46302962287382
0.0062310269186943	0.00200636502427652
0.94820151323029	0.708939708769894
-0.487238245189884	0.345440279782239
-0.115349804768478	0.0618198052065707
-1.13327036166727	0.698202842657355
-0.114768682734007	0.0614819653852439
0.262140888421149	0.183299451348509
-1.06950781087708	1.51054041029322
0.00319233232981088	0.00377265501776216
0.0450521641112025	0.070810088973513
0.315878015753076	0.82287091893297
0.315463602497135	0.580932601106099
-0.091747927531693	0.155156258634058
-0.0406542791575947	0.0611070035010677
-0.494120448438049	1.53894558352088
-0.0752726283044035	0.155966938260021
-0.0826874556318252	0.142624935796943
-0.537972898406945	1.26087374426062
0.399154861826607	0.616904255646787
0.234397240255828	0.35245055706004
-0.106506118013864	0.11371149920942
0.401264437867304	0.558732798371521
-0.279975325902834	0.386715864046269
0.395646755084615	0.421770862095167
-0.413014915287107	0.477619372394353
0.109095137533824	0.0920079198966537
-0.104159547177559	0.0732824544978151
0.0758993522278551	0.0588616647197215
-0.519985480172298	0.471064727432009
-0.182218564395818	0.172467059552578
0.0952108348230544	0.0670022760812247
1.15017175546431	0.734943822541568
0.640302737534449	0.544064550367741
0.789288190984197	0.701658382276565
0.782080051697287	0.520538563821462
-1.49798083783941	0.864506615802743
-2.81887335846594	2.06732534757862
-1.95302214677931	1.46302962287382
0.273110723555985	0.201385381126741
0.0712213608475181	0.0386380393863111
-0.74338935857981	0.436170840222888
0.149201673391186	0.0990304720801254
1.09705538198825	0.910735145184755
1.71773619048594	1.89681566874418
-0.147101917554111	0.112348135284801
2.01101532920267	2.69348363437971
-0.362762771249648	0.288430119737943
0.685439580453328	0.714781883571499
0.645202433539318	0.905020615257274
0.110812818857473	0.116539153321347
0.536160674227885	0.867740078507005
0.478174900129663	0.477998300090472
-0.147506123536341	0.112682937700276
-0.370406850012818	0.570505140048716
-0.472183016618493	0.755841499376887
-0.0128492981379976	0.0117284740443513
0.953773425283353	0.883262524351772
0.318850705974669	0.455908042791336
0.344296533039432	1.13382679966534
-0.220369968228973	0.180096310199489
0.027635307076314	0.0214103740720833
0.283583702653926	0.219850887342385
0.521111344500844	0.668708962681827
-0.532112675516951	0.548315348696387
0.388866858628268	0.330520201003287
0.772174662528432	0.866232505076702
0.261732252097595	0.18296452603514
1.08750819168351	1.39356695870579
-0.0915434549503628	0.087613085914839
0.296904100822189	0.359770102659538
-0.393438023806289	0.607461445310545
0.226286201313194	0.283850141985321
-0.311954828829138	0.290201003865924
-0.180295736492183	0.220284778584913
0.391868021684804	0.362139705714258
0.186140185547379	0.137533823108434
-0.805910821056908	0.652493448435631
0.12694792042514	0.0793398988018407
-2.68137806686904	1.82721302390794
1.61119667859599	0.841632416279172
-0.47361897908139	0.115707480624982
-1.0015215661949	0.304428286168542
1.30869161952456	0.581044544589002
0.0829391888686957	0.0312031930136134
-0.3016598593167	0.114296718545794
-0.775376519280648	0.385555445111345
-0.104535544878745	0.0735557346087297
0.101081760301447	0.0590938250727769
1.03191057988233	0.716087964340133
-1.30832456867751	0.679914781647867
-0.301760517099524	0.114337551940054
0.384057848830726	0.174304472771972
0.0836862021484241	0.0314820106158055
-0.272575890878387	0.134611873496179
-0.330000277640246	0.18942069044567
0.384890096655756	0.25072874153578
-0.104116786264775	0.0732454159585282
1.03132611860849	0.715123450196536
0.948358467325555	0.709136304566571
0.507756668236699	0.412516371881638
-0.0137679389476797	0.0109180534481268
0.789683259526541	1.76010515057021
-0.0622112258144343	0.113284799930278
0.017471106638397	0.0271922017829623
0.238150057531858	0.614281203856597
0.0780482042240837	0.145573135953493
0.125911903904782	0.263509210942567
0.412950487870935	1.33989745922531
0.191795565912216	0.479551215505443
-0.175273323906876	0.41763456334802
0.320424713140057	0.749809597463302
0.185723262696787	0.25070254085313
0.0736240400359608	0.110577382915022
-0.226388200996949	0.311975825608349
-0.358138655166525	0.607464253151684
0.156110922618433	0.170420291399852
0.50827786763321	0.412956527650597
0.518342533646607	0.400346261596969
0.329649522785436	0.349002611605345
-0.253463798152723	0.266770134118993
-0.20104013793156	0.223818808174845
-0.201861432037949	0.224816388814959
-0.239573750273899	0.162335407706025
-0.0186811660459249	0.0121708831386037
-0.463909445752976	0.293531598088991
-0.301760517099524	0.114337551940054
0.394241336508039	0.135429440608252
-0.172712037746331	0.0706637074876884
0.384213816506551	0.174354437419922
-0.743534020411128	0.436250984982788
0.00588857467864678	0.00190103027715875
1.09758653661748	0.911439422555497
-1.13343953946609	0.698640117289706
-1.05907067422766	0.900904254056699
0.0324209727839753	0.01613122861311
-0.0964299514231288	0.0809257361989884
-0.806166867316809	0.652806439253235
1.13891302054776	1.41637014381031
0.730090959232347	1.0329287818518
0.479173745378209	0.479320675946984
-0.125943604603971	0.160516446260793
0.465673250725484	0.531422129486975
0.570140242570235	0.593102636545393
0.182667922441921	0.291220222604156
0.273381308577709	0.445463812068351
0.483187032604391	0.46546974373966
-0.015511896627635	0.0112591208868089
0.156570662883721	0.208917116115381
-0.145637209635175	0.206599302390316
0.487905331343915	0.451779039712455
0.377634491711984	0.816002736366961
0.0868477022371407	0.157187835748822
0.745149175609063	1.02878063389934
0.234903497849611	0.207409684706076
-0.0966316921750701	0.0811097814290172
0.174138277259074	0.153115912845861
0.844540527945315	1.32649053402501
1.00147641565927	1.66200511337695
0.102232595820952	0.059801640879509
0.394240980128688	0.406407912948427
-0.263299744018119	0.262179910911018
-0.181783430191337	0.182489314809511
-0.124472132727736	0.158400048553968
0.348596026820961	0.44778855786083
-0.283470360289644	0.298075019031466
-0.442456553982644	0.485915409078274
-0.0711594790948899	0.0506198357259247
-0.947161877590421	0.941209196727461
-1.25953836852562	1.03987062667955
0.219761286274332	0.12609218340535
0.691952815425412	0.331965859017518
0.00599692707761429	0.00193247849241394
0.633066165437144	0.337251009635842
0.00668189768782888	0.00214296623646803
1.32899131419534	0.774923556633592
2.69372320614331	1.60883220622834
0.00599692707761429	0.00193247849241394
-0.0193429783709898	0.00887149586815049
-0.272091243109116	0.134354832803417
-0.526112021289234	0.181460858177114
0.19731174810534	0.103871798085957
0.0327358174236784	0.0162844509384754
-2.18733814148449	1.88214250559811
0.640744828626308	0.544679887101482
0.262707993852094	0.183703183685026
-0.780548160592238	0.687576830206646
-0.440988436010441	0.584104368520769
-0.385089906386803	0.675427618378605
0.181904051850203	0.37258482294729
-0.168962015347629	0.349066912753292
0.000260202929133009	0.000424073154698983
-0.103546120461963	0.191976339040417
-0.00234717184581264	0.00373008028850626
-0.0335723495078601	0.0600801186094636
-0.171864187817628	0.41554127066631
-0.127381901412859	0.290231446337833
-0.061854965159015	0.096441167142145
0.0214408279314779	0.023135584977383
-0.0211293829620749	0.0265858505507012
-0.422208825004866	0.742267174843482
0.262220857806917	0.397891175348657
-0.0681784442883278	0.0764125653618424
0.570227200517479	0.592902472793823
0.333128882333463	0.363576744982063
-0.0944240156092649	0.0790930153885812
0.133131550863141	0.10330842243639
-0.3884133541288	0.405314768179737
0.679455756721973	1.05080030282457
0.249303859854169	0.292113731449677
0.213477639218805	0.173306716176721
0.883470582463656	0.705739933819475
0.196997544716947	0.103691001666309
-1.81851175519454	1.25890361756853
-1.66757428278338	1.05882894903135
-0.74338935857981	0.436170840222888
0.0062310269186943	0.00200636502427652
-2.16900263725554	1.13498742732658
-0.301760517099524	0.114337551940054
-0.182595979302323	0.0942067543932056
0.381989275826714	0.212190421712846
0.569235939555089	0.361751103647983
-1.16439457225358	1.35119269953932
-0.465357715567393	0.294553249564409
0.115985369399425	0.0858499166236555
1.20482444128639	1.92358016444316
0.126367638384059	0.0789454696590388
0.0375594586750378	0.0325744882947055
-0.0105327308753398	0.0101966461074041
0.311644568858116	0.287098701276135
-0.289504923828194	0.33663891462196
-0.196314471134958	0.280131659937714
0.125971234016406	0.195347499877482
0.0267430892339481	0.0207066890984525
-0.147681969573583	0.2162892077522
0.199419160391044	0.3153919124431
0.333598291035478	0.364305710676352
-0.939147717427952	1.10747394153591
0.149435591809863	0.12129171747697
0.397380429025671	0.437280200490249
-0.669731900145053	0.639266960298001
-0.103616984903868	0.0728732241330402
0.207223026479517	0.203166108914546
0.186682528687126	0.137971928538585
0.446700230389315	0.655173781070487
-0.227947503849275	0.240639463131886
-0.0560868805811633	0.0539529379053242
0.242653424530246	0.276443355810779
0.461381670107993	0.541237071758777
-0.59205009583554	0.643044217941702
0.958655325173529	1.04100561473988
-0.759311860663542	0.718847465160119
0.78302877164517	0.52105106203431
0.594858794673816	0.347694119607801
-0.301408627280488	0.114196567167764
-0.300955997008493	0.114002992802927
1.30812707835895	0.580766962829485
-0.556614735142323	0.243719575714471
-1.30804228201606	0.680044106432216
0.632016589667331	0.336548902521066
0.196284832216104	0.103290619278252
-0.583596176019162	0.356881055209611
-1.28216509922279	0.865781152609912
-0.390549463242047	0.182830031795741
1.17190730671983	1.27229099665814
-1.28129491608913	0.86505460736835
0.949325515512542	0.709634910991028
-0.52050676090218	0.471646413172279
0.72697749973122	0.70338200754807
-0.0642906263740738	0.0581535411192041
0.126258051522282	0.17556398117995
-0.377245252088319	0.87926846261454
0.00116887334830188	0.00182948453254657
0.0314334909183823	0.0500062329507174
0.168618777186893	0.344945925980785
0.0993053535089876	0.181642906441195
0.258334994567199	0.649284928133429
0.155709102056816	0.342970614151876
-0.146233277714348	0.287716789475802
-0.105343242870592	0.178907163727388
-0.619256561034131	1.26803971236149
0.307874234795146	0.532779042744994
0.0345178836213251	0.0365352899041802
-0.0815861877193063	0.0827389998080385
0.298307887458009	0.474572231397836
0.651396752642545	0.728052754566398
0.115464788297797	0.0854496165240689
0.390437029504127	0.346155216100769
0.321510714953226	0.318665322321624
0.0561723644389578	0.041604428286563
-0.546097275504974	0.690423515950664
0.0278929681503465	0.0216100647415891
0.621364985136881	0.552840581160498
0.249409722857289	0.164467881198167
-0.743244699467359	0.436018288130519
-1.81810157148589	1.25893593425052
0.148747075236981	0.0987017195324975
0.391975467353213	0.157115616540444
0.0837724852204606	0.0315138877810219
-1.36433778123374	1.20646694330389
-0.577834919744115	0.304616906853004
0.1295077057463	0.0553313199790403
-0.0855386111326405	0.0372858102338209
-0.760015714157008	0.719819038059435
2.29124154061631	2.41906604552986
0.853858286361462	1.02504599163929
0.385494941455581	0.298569991946979
0.592299572151762	0.571930887722286
0.748712958440075	0.867556737124264
-0.0146629730400534	0.0116272481053154
0.237645069782231	0.263457270075291
0.350166249449082	0.450338863885713
0.202195446339207	0.228795531705086
0.161290110062716	0.19894021167235
0.542511570703602	1.0523490159786
0.175372472456004	0.368215911049769
0.29264590149591	0.237810598420622
-0.0144534886967381	0.0114609025014236
0.5519529079103	0.614205324625427
1.10099685121548	1.71160732630448
0.393781267853324	0.378362642012313
-0.154449385279137	0.13761298156697
0.132943497003332	0.103056643578562
0.00499395732836871	0.00402195086214743
0.467956037563929	0.517843856142648
0.166624224212342	0.210145707499853
-0.054514589704812	0.0610202824607168
0.0533202541798275	0.0479487281026644
0.0769470069585158	0.059712999003595
-0.151095632542686	0.125286711058239
0.291726511685981	0.236933584450648
-0.0188813774915431	0.00866679419428534
0.594957295836148	0.347788724731637
-0.302213125190576	0.114473617777916
-0.526112021289234	0.181460858177114
0.389148735446968	0.109285725974399
-0.13893734325624	0.0396671757223606
0.388505511706938	0.109097507474847
-1.95113244394185	0.916841763510033
-0.840326828612111	0.614448914720548
0.168830626854928	0.118448462603625
0.213998672774015	0.173797965617835
0.953641123115508	0.882977898315252
-0.114866662670734	0.0615471926947323
0.387288861545611	0.314703167601749
0.463616752107852	0.544897093399036
0.676420333158963	1.36927290463952
-0.0405076027767623	0.0625492137043386
-0.3007845806318	0.728663906662082
0.231616675081599	0.575147871058277
-0.09667115363787	0.160132577221823
-0.0409466403408243	0.0748865645090683
0.323446545070754	0.900362351493891
0.00212901338559452	0.00355132152564387
0.355486334435536	1.0260523764703
-0.0732763428038154	0.114338664921744
0.0814594268088945	0.0917436961902076
0.104064321214699	0.143061648016858
0.0351835244331513	0.0372649436565751
0.393314833773879	0.363589872585441
1.13840583386659	1.41513520878329
0.1334068146297	0.10353353909416
-0.640586695864639	0.806808798201527
0.147473338366168	0.156438878129637
0.78240423830106	0.520800573690726
-0.967149438260553	0.538778957559799
-0.556155370173357	0.24332601211411
-0.526885257595861	0.181763584301304
0.392176095450059	0.157193895577234
0.633066165437144	0.337251009635842
0.92234078813355	0.335589606075705
0.380418946163049	0.192101283872113
0.384283039958887	0.174358326864531
0.166744011661166	0.0795749657251686
1.0974665601134	0.91143219532014
-0.172712037746331	0.0706637074876884
-0.228439726473155	0.171137953077056
-1.15777155459038	1.05210332710075
0.306410579433678	0.271357465804335
0.312328319379334	0.287898744893962
0.389826355513696	0.345637787004921
0.503634847041174	0.968981663594181
0.825727423398832	1.02143469065991
0.034924237759776	0.0246473036974365
0.219806512644529	0.126120669037846
0.94826236072804	0.708888486267877
0.349643663250702	0.449505350751883
0.540391208420674	0.85748090425549
0.137314076274953	0.124935908104691
0.124061092178313	0.108803034281437
0.0948994254114832	0.0667590488253165
-0.80630014939519	0.653003751834115
-0.520361002956686	0.471494329835881
0.782242129780553	0.520688602678334
0.00657339541385382	0.00211145699724071
-0.775597143020606	0.385616524550545
-0.0522136456554897	0.0335706929978465
0.126786639053387	0.0791981416832401
-0.83386970704689	0.336531070045138
-0.336071166451734	0.246103746203283
-0.288933756481083	0.25163712064566
-0.154506085189962	0.137625250154821
-0.120139424736573	0.146800666902841
-0.123696519020294	0.235901635413723
-0.510343055413868	1.49591053061129
-0.0187099618802539	0.0306610555868095
-0.00136848942176636	0.00226436137203472
-0.176195925326744	0.398576483185888
0.14151810919416	0.329490623527414
-0.160355808403721	0.329399288523219
-0.315868515167645	0.738914672111977
-0.224351055437085	0.443956506462857
0.439572139624284	0.72656955098113
-0.0525656118816497	0.0337967603150246
0.728544141373192	0.871042476417437
-0.263874442504156	0.307085858062744
0.198623274751106	0.188295557886524
-0.330059352563962	0.18944886748509
1.08160806889829	0.544981675805488
2.14238329526906	0.970406678927039
1.3353194773189	0.960741432213758
1.03191057988233	0.716087964340133
0.7804925175075	0.331224333986828
-0.89091184303618	0.575820995097577
-0.966801422188226	0.538589468369404
-0.13893734325624	0.0396671757223606
-1.14671255383974	0.878204384020223
0.380127474809668	0.191939501341434
0.392428352254686	0.157275669760559
-0.592689591658989	0.569913994468616
-0.309123291830723	0.248291590930997
0.507347784071734	0.412093803640283
0.38492824206271	0.298021129921583
0.532030738702111	0.388537304148174
0.261552753048673	0.182792915579419
0.384974634576334	0.298064842417503
0.748466125040868	0.867240538945393
0.482941852550714	0.465212345192957
0.0144916866982382	0.00857205360675691
-1.05894778585166	0.900689622679152
0.519064554762712	0.401047496315471
0.133493621186216	0.103612918651465
0.0461715651195982	0.0372831349520467
1.11756088442084	1.56398698057634
0.384231977196362	0.23239507920609
0.632549063530459	0.336925856246017
0.549548554601218	0.37624620639772
0.00668189768782888	0.00214296623646803
-0.182850267840774	0.0943343972146475
1.09709240642122	0.910965613187867
-0.272575890878387	0.134611873496179
0.305104633023975	0.269898236203484
-0.127857921738173	0.114346714861098
0.57386051946704	1.17628631172308
-0.130415637537033	0.244938202088129
0.243815639250402	0.514370206600376
0.00809566533069942	0.0140385106543427
0.327919048753727	0.812813914883186
0.22435915678442	0.497795037051368
0.168918871304714	0.36268000248228
0.307847843893194	0.867213146262785
0.186422274321767	0.367177984381283
-0.226977657115076	0.498342395797777
-0.101183671682456	0.118435070242728
0.316496085415496	0.302632800771126
1.35425429451007	1.34739635089769
0.225767607454842	0.191510665019359
-0.59243816897969	0.569761494842043
0.0787060585146767	0.0686906147626572
0.299823593652835	0.254671711103961
1.34708378868001	1.15658898255762
0.130831588368605	0.0558811024040407
0.166697777637453	0.0795304020147335
1.75619757669117	0.662562396233098
-0.473944132777953	0.11575139667589
0.129249730439928	0.0552181208721092
2.90401317417484	1.93761621409462
-0.114533756109633	0.061328711480154
0.391975467353213	0.157115616540444
-0.30130788380924	0.114155707724385
-0.172252235423921	0.0704621510143207
0.249850035221031	0.164796915097487
0.499558470330906	0.425039504938021
0.704257676847062	0.708208593255072
0.651352508569914	0.727956165595818
0.133580315959964	0.103664507088939
0.919316607755668	1.03360300666841
0.953905704034558	0.883491088029528
-0.593268273497332	0.533250975965252
0.59227778514683	0.571986927153601
0.0226226091490947	0.0189303933082948
0.214446554027659	0.174211840638275
1.06730923383051	1.07422195134602
1.50019332684034	1.20050634118753
0.00657339541385382	0.00211145699724071
-0.301056826050713	0.114043873194428
0.922019141063965	0.335550153126829
-0.42832093799795	0.337569298014793
0.384504839935772	0.250432878749774
1.2313817299091	1.1238990884563
0.0100909470800879	0.00675900615461704
-1.09556428518999	1.21042759953824
-0.473648191035132	1.00574999143513
0.0820851496676655	0.1407047224562
0.182420884990619	0.432515734333416
-0.0055540283734369	0.00903879387414259
-0.00480723306490401	0.00796757055569295
0.50831090229494	1.63339000476607
-0.144198934302399	0.304977066449442
-0.453962448558052	1.56878971584134
-0.0894539659694147	0.177990479239381
0.014775097364623	0.0229105060207775
0.314351267833098	0.430498965043575
0.0340540523484714	0.040057213878314
0.32565664783872	0.495086745975413
0.204367220731232	0.266442028407125
0.39933917437	0.605060542550603
-0.14766552696723	0.112814047100568
0.114754387287199	0.0848402360844566
0.0458615451540124	0.0370360668994529
0.0286260774177571	0.0221825861340238
-0.183435054105646	0.151043317821617
0.591336968032173	0.570685366081275
0.130132268540753	0.0555964671395384
-1.38979131814193	0.501617121519991
-0.436196905979094	0.240906518793572
0.939312382892888	0.525313855216088
0.570299345096173	0.362541627885638
0.166357176770458	0.0793849320895882
-0.0859497001478128	0.0374642140226781
-0.183067675047742	0.0944568537323945
-0.227543365581727	0.17037378469606
0.0140833190921492	0.00833357685317767
-0.0701613660942514	0.0498875015009258
0.6380132574475	0.736297837668203
0.605831851676514	0.562220694787184
0.0447660007150723	0.0281805827923654
0.901790151658004	0.872563497521928
0.47756525005257	0.477133741438496
-1.02394389339466	1.07494704954738
-0.115206189630162	0.0617393239780209
0.384911298402423	0.267450630614299
0.493040924710455	0.438087849727485
0.475149742796338	0.492527813435983
0.384135881010004	0.174338917171374
1.15070429445642	0.735542615083259
0.394359594817734	0.135507846198324
-0.0194595679895559	0.00892403502055851
0.0836862021484241	0.0314820106158055
0.384316863833395	0.250276453910905
-1.23920684067085	1.35538789794976
-0.637759714921468	0.840504310916607
0.0963857194271717	0.121129411735809
0.0156553713279899	0.0237533580006772
0.149770225807569	0.320215719788254
-0.021187496922121	0.033936156198745
0.180154548130234	0.365041260262524
-0.213679420117791	0.449293217072069
-0.137894102616153	0.28599212808036
-0.00671026883190753	0.0113605761449051
-0.128111979084646	0.239756322693743
0.518728024632269	1.35854108400329
0.193522084408341	0.271608965966237
0.173198512633075	0.245736153860846
-0.114512691599225	0.13395640759686
0.0534759850772408	0.048095272579363
0.22684334342568	0.328205999848202
0.333540862564697	0.364241979306024
0.230808651267763	0.248523436652503
0.911392331114243	1.33757930312903
0.291914765182769	0.237129030408447
0.883999043723778	0.706397345220266
0.633340490173948	0.337355376283306
0.388827160142778	0.109222251636938
0.735431857702904	0.527312093230812
0.394569497677951	0.135511860859858
0.0839448126739624	0.0315631143068396
0.0838586887743945	0.0315417448319039
-0.0630635270263836	0.0349012221661564
0.948672462581905	0.709380729505775
-0.0520695812993034	0.03347674436506
0.560960022470521	0.604146568756917
0.899575120317173	1.18424774359918
-0.05918168189611	0.0463356395893868
0.273422305138584	0.201674913627838
-0.0184087255708847	0.0119922186264184
0.165872139166741	0.0791356609109464
0.0723447681952923	0.0482469022229157
1.00159264389206	1.66241386347092
0.147842950333978	0.156872110356434
0.727512232245713	0.704064032726242
0.493914394133722	0.438985196621936
-0.583341203413514	0.356478706158023
0.101338527407549	0.0592567069890045
0.384350938997925	0.232494789498917
-0.0212757848816483	0.0120869001367899
-0.333209161024621	0.287970544526383
0.133898909441296	0.10394019058478
0.484388707461297	0.792746344897181
-0.0452746967884342	0.0717492649636961
-0.197794031881179	0.468980651909524
0.164485519807026	0.345707164033681
0.106023098280616	0.198883837426893
-0.120086118223928	0.242734380603303
-0.156004812553537	0.355869210941552
-0.114126012322371	0.233386128851337
-0.218685698023839	0.506289664150068
0.13503179516655	0.284345627070779
-0.402785990399088	0.707061844531731
0.158152598179261	0.245545933298316
0.261823908101208	0.18306362744424
0.263191811063688	0.332812703201752
0.169610101654585	0.170585683158433
0.166501507543095	0.0794584624384524
1.64973036956081	1.45494392735556
0.129690974521995	0.0554121511236294
0.219519553284914	0.125945833582448
0.262140888421149	0.183299451348509
0.383760027863942	0.232051184638508
0.395963670018795	0.422183393549584
0.277963032286081	0.301144225298836
0.399590100410695	0.530549037386013
0.826427818526091	1.47231438359561
0.394804197996821	0.420502340878984
0.591967014634595	0.571401455660008
-2.98655368438579	0.76047297320997
-2.16865814881782	1.13472208209004
-0.0216566675513297	0.0123010650161763
0.236693847555049	0.14635874538675
-1.13372955037217	0.698876373405479
0.236835365505701	0.146388826272045
-0.0513273174994365	0.0329872362070043
0.538406342384756	0.637063646834563
0.563653808467054	1.00834424603582
-0.0362729479401424	0.0488609277359576
0.24243255812723	0.549998189617863
-0.12926224213703	0.26175468083142
0.0856866717281269	0.148811965611427
-0.346992640313665	0.94490621205716
0.0210114524374027	0.0341119066079553
0.211260369848485	0.437153348914735
-0.0171196756160837	0.0268026821479305
-0.354321267941005	0.933261974250404
0.144599398517824	0.184798358433661
-0.0328264810574273	0.0468213935388693
0.0400802539383067	0.0454606336668041
0.442932994512208	0.676639895947168
0.549163337682179	0.375844316443516
1.72065343551873	1.27271029811686
0.569514228330734	0.361884336241941
0.266899206298564	0.271981768355903
0.168013608267708	0.212186718276966
0.540546764711202	0.857916782214304
0.159201671864973	0.19590364798485
0.390680587033694	0.346656905498516
-0.526439196579555	0.181637496851545
-0.249700929391401	0.148080019848136
0.10274582943176	0.0600938970907317
-0.0904068908922021	0.0572661444838066
-0.22810626324652	0.170854451279576
0.78240423830106	0.520800573690726
-0.716488162915798	0.480619189768108
-0.23941505331803	0.162220283724955
-0.35881452026279	0.43587297079326
-0.00479873604886398	0.00561258767761112
-0.301916118039823	0.691150207533947
0.153656752358056	0.292939975194864
0.0333185664728405	0.0559328935418106
-0.0506922894478367	0.0858763793318041
-0.013427093081188	0.0214765654877713
0.294788179616084	0.817700540133727
0.382639216886973	1.14633067017869
-0.145589841771223	0.291324678713193
0.0764676130152423	0.128940764687127
-0.170691253851199	0.258508837110005
-0.273229649899073	0.508907828363097
-0.0897437783721559	0.114068874114941
0.295476132045128	0.461256624091076
0.345219417886199	0.421715856784174
1.23177774471998	1.12450199778703
-0.0522518764423815	0.0335935843242209
0.693074541421547	0.332748917047452
1.34783320253381	1.15687530207984
0.540616727279674	0.858022817643643
0.333170375567198	0.363725786618649
0.12774443963539	0.127530076616418
0.261372170106936	0.257851504549633
0.831994646723041	0.704111041382206
0.083025250328212	0.031234955378807
-0.0855386111326405	0.0372858102338209
1.03225204317503	0.715986663382391
1.60503528859866	1.6428217146934
-0.583813402457841	0.357028102443622
0.0756973935692711	0.0586971926741157
1.14073063344282	1.09817550808629
0.831611425736021	0.703764229049497
0.390037362817677	0.345848902005715
-0.466305161212638	0.590268303278959
0.361424284808997	0.564602252861623
0.000834831173150608	0.00114958168568616
0.172621141813277	0.302213780647165
-0.16430504998913	0.311725974692725
0.0252957044318393	0.0395558881495874
0.0749453159517533	0.134244634600107
-0.0014991804741055	0.00216656646800471
-0.0313784978645221	0.0516189297043741
0.20099196311324	0.450922846209231
0.0959319793199408	0.141879563254285
0.0797927519724947	0.0897258220230358
-0.888724831983671	2.76660457923642
0.0723482301005248	0.0948265108165186
0.252667298113207	0.415708386678229
0.305801931508377	0.270745387226271
0.78014973845987	0.33104046106917
0.940075758275313	0.525897343097394
2.14225808194487	0.969987643973006
0.594570422603698	0.347528657313905
0.0639122942445563	0.0537387208013528
1.16092659766669	1.89547561015416
0.0825655256462077	0.0310592791689558
2.69383372206978	1.60918716010359
1.64898954883072	1.45391034589514
0.954427415859418	0.884126382427707
-0.743534020411128	0.436250984982788
0.169509247111508	0.11891544578306
-0.743873545514155	0.436545057713619
0.844898612458339	0.51751125290032
0.0141744870708041	0.00838662468838687
0.471124100481794	0.50491990142202
-0.165857575979499	0.203061200974194
0.0507129248727724	0.0761512698024148
-0.114559784323908	0.195613609098378
-0.0887205891606638	0.160056901497499
-0.0295151312913665	0.045436445392222
0.0315886345755503	0.0461981828557531
0.278870034267348	0.678347829207855
0.0186869262270837	0.0270885188643282
-0.278226884848945	0.621139321089633
-0.320063347029679	0.676903895822278
-0.147880602747463	0.180626655529584
0.265553806082103	0.526856087747842
-0.26662308103547	0.354094011034313
0.102060981244546	0.104370378056162
0.569767628338025	0.362213706599297
0.249850035221031	0.164796915097487
0.00771872035747336	0.00571812482866457
0.692872391964151	0.332670774022736
0.471453131293387	0.505358173977203
1.30824531612481	0.580773744092887
-0.271415458528306	0.133918139150206
0.7804925175075	0.331224333986828
-0.502231108480047	0.390984588410001
0.219564792930851	0.125967159655084
-1.53777942827713	1.21932683235464
-0.0214163883274787	0.012166097960855
0.948829503783258	0.709422498322258
1.0320999426661	0.716125119001743
-0.592903816756501	0.532773586225289
0.60521895335678	0.762646009193508
0.27794263315776	0.384892645359774
-0.128089228150514	0.235161165803514
-0.17419000476341	0.310382041559995
0.0214710098685298	0.0348837881361325
0.305393735055354	0.717754875357884
-0.133981718446181	0.251021621648232
0.234177717184332	0.54861429523225
-0.0396706311462681	0.0627431406189974
0.0224523354444588	0.0375346892131805
-0.250948034492171	0.542843111547016
-0.0609180673001452	0.0743249351981545
0.299040697574469	0.571240469823717
-0.696164498037019	1.50673245482492
-0.227397300173436	0.31369447236143
0.138617376033168	0.142783974997601
0.641364858566274	0.545403554527037
-0.52611164073451	0.509470652276945
0.729293631229918	1.0314739636719
1.75619757669117	0.662562396233098
0.0831112319372716	0.0312627334934207
-1.81764578039321	1.25763616271694
-1.65008047045966	1.40488777272471
-0.389667274779003	0.182282162800986
0.704244229565267	0.708169038385678
1.19805873118007	0.929766795684458
0.383978782237862	0.249986125164834
-1.49309464192341	1.69266321609881
0.555155083591204	0.827097955312269
-0.384254650837853	0.673508884821195
0.30653248123753	0.626742118907395
0.0916066769768075	0.157712056745059
-0.544433239422227	1.74418149622151
0.223307047539929	0.494820488787778
-0.372723490374735	0.887555366631833
-0.270976504631898	0.59115861184166
-0.162725537030508	0.335522618234537
-0.352057149623114	0.913338637719271
0.383309973849918	0.996145587142456
0.197933138441298	0.252019365919445
0.0528465270185047	0.0772461863402863
0.539433382031506	1.06296618572495
0.208381201070123	0.277469968772501
0.201344095641118	0.156219485332567
1.0185426272826	0.896979831423442
-1.3076721679963	0.679786212577572
0.168830626854928	0.118448462603625
1.53891236022539	1.01786740673689
-1.3076721679963	0.679786212577572
0.394359594817734	0.135507846198324
0.166068506547776	0.0792086459439754
0.569767628338025	0.362213706599297
0.79668028250828	0.863459631422609
-1.28202025652906	0.865970058818371
-0.329901828647139	0.189315386906608
-0.250084889272006	0.148307880928239
-0.0188055190861795	0.0122527306065442
-0.140306547331086	0.149192367131229
-0.346278174464179	0.704078903754675
-0.00807122942734982	0.0123167239087268
-0.15247134152436	0.306140581810523
-0.030581902060893	0.0447481312978216
-0.168142621227417	0.347004584853095
-0.31098310953374	0.713045297980394
0.0524066242605217	0.0788861188177899
0.267239810890378	0.657616848170652
-0.113705134701491	0.193933022878175
0.399047370065498	0.592221142044982
-0.0981524112435335	0.146079704628079
0.235418073657249	0.309188873497879
-0.0000577283533698736	0.0000619583182378009
-0.150611864375682	0.124834602123123
0.697974658452861	0.534104234126189
0.693074541421547	0.332748917047452
-0.0158338053974993	0.0114927460337089
0.683052133526335	0.889831260873141
1.30845506000794	0.581181730657887
0.129690974521995	0.0554121511236294
0.130040651421408	0.055564402041551
0.101595273423385	0.0594167671180128
0.0342438987553058	0.024160939906834
0.735274664726745	0.527139372878533
-0.591969199293569	0.453958851142532
0.115868605905203	0.0857756306626789
-0.216280502927589	0.264085314448414
-0.172199629283976	0.313412473762899
0.021740636200466	0.0299103148340826
0.0453607776067387	0.0713247206100595
0.438391931939568	1.24903480044241
-0.251533200902556	0.556912786720771
0.227851179840244	0.480938812109641
-0.389406624840944	1.00348741044175
-0.583154690787371	1.88216699726288
0.225797163240081	0.438552198974037
-0.0349231063460668	0.0374342659775003
-0.222513104595008	0.379395909787841
-0.40116245251204	0.57644842098864
-0.10919928930006	0.121977292301209
0.711624323241542	0.876958991013751
-0.0350169283915319	0.027593959367425
0.200701548246372	0.226770100447901
0.692700737246745	0.332549356313388
0.384057848830726	0.174304472771972
0.0712213608475181	0.0386380393863111
0.00646484563367621	0.00207938023640029
-0.115025775764971	0.0886752632699977
-0.249952900694498	0.219127322581146
0.573313695353186	0.989883516094519
0.0750527396373755	0.112969121405332
-0.152848340566124	0.263470508829377
0.106010243510765	0.217978029806292
0.149871397505066	0.294284401196277
-0.133293338033969	0.244705534549693
0.151061334844539	0.257782097987814
-0.298737817599651	0.629647833986434
0.11017251778711	0.186051480868588
0.399736805347504	0.946560312898024
0.00242281832188913	0.00234910152966607
-0.0131320194417986	0.0164992190097651
-0.311415713290431	0.446778159644054
-0.392398601484621	0.542451385334634
0.393688191951362	0.392172045408816
0.383760027863942	0.232051184638508
1.00819203549824	1.05604153192408
0.651759106647848	0.72860150361304
2.1262113103545	2.56009808693711
-0.261119197452014	0.211537302264436
0.176063984614838	0.155036758508766
0.0250717904543336	0.0258493259356828
0.668989575354062	0.894491734287699
1.22302566646593	0.363862190868261
0.0829391888686957	0.0312031930136134
0.7804925175075	0.331224333986828
3.38810192220864	1.05395385730694
-0.0186733903550922	0.00857336938658399
-0.114866662670734	0.0615471926947323
0.919188152346529	1.03357064105685
-0.227147980249939	0.239618431138607
-0.307810634990161	0.408544339068862
-0.115624524072803	0.168168591000149
-0.206633894769255	0.415877888290245
0.237854663185932	0.573123620420953
-0.611302776739712	1.85761530367449
0.280301050325052	0.705339110167291
0.0033822700992507	0.00529623914542648
0.32457927006975	0.786205747884025
0.0927707585897357	0.165449805200885
-0.125207603041034	0.208626731621277
0.15734038988314	0.210096212398829
-0.262827270210537	0.489271149546119
0.0862827373689624	0.111908189393906
0.400455981174545	0.619697156918033
0.787302768942549	1.17390140044706
0.130390244521113	0.055711754297703
-0.208407279402265	0.196279606401921
-0.199001440696282	0.24322742245779
-0.0917831355906352	0.0878492364320357
0.825471229147048	1.61763007650262
0.394149464700728	0.135422743432737
0.594714610145977	0.347625297173765
0.697401932915945	0.533434459926755
1.4819260380403	1.39477803791831
0.16228046729338	0.137218271432426
1.16010260520349	2.19931283856287
0.748354956944535	1.47860138294646
-0.0679529147959633	0.11408439096821
0.238433110074401	0.490052439521722
-0.146052508039804	0.292428394395793
0.327588949289549	0.667491228830548
0.238435145041554	0.490053764858246
0.204103434295626	0.382826350358003
-0.24851537926151	0.517081173753905
0.0690770085079576	0.113299632051496
-0.361387984808078	0.787205456541622
0.147319548905785	0.156225360266443
0.092037785174128	0.134064628343275
-0.198434871054959	0.263572345766805
0.399662063101783	0.63016824562261
1.05176388529941	1.22432459697285
0.545203176398611	0.626093474224109
0.726781807876363	0.702912334681785
-0.80630014939519	0.653003751834115
-0.21424218926047	0.188958167650332
0.121303734875567	0.131406685664157
-0.549187586259126	0.725840432851587
0.187615746399503	0.171596486502834
0.651281943927338	0.727790055026433
-0.018835559220915	0.00864516028046975
0.149313634735694	0.0991129622070755
0.782450323491417	0.52085265618802
1.72101882472439	1.27300644218726
0.735648781032721	0.5275261564335
1.08189937689856	0.545391539877195
0.883371815528864	0.705605354502822
0.291726511685981	0.236933584450648
-0.336342135333983	0.24634374920067
-0.083072200272665	0.0748562475662286
-0.326324592187659	0.552898162590312
-0.47545691988483	1.03175105547959
0.262463596292825	0.570876156924407
0.234619755808349	0.475147825305505
0.0799245777406711	0.117270876174445
-0.240648194520158	0.500139344307098
-0.188750397984007	0.37695554747295
-0.29972475204316	0.700163780391415
0.178906403282182	0.377529916184417
0.14392347564861	0.225225425018707
-0.0821100747084918	0.0833122571903722
0.0636491102117392	0.0728268934987956
0.191555088406712	0.238074116377867
0.225605843490976	0.282801239719888
0.187197776674924	0.200079280806487
-0.206119090057455	0.206329124536967
0.625560037232775	0.744501738288963
0.872813463849773	1.18141713725177
0.544569894686905	0.625253189438816
0.00235641824678002	0.00204374682340474
0.159963085444064	0.155841062437392
0.396857192274955	0.423215169091104
0.483505122685487	0.46588207272559
-0.240140565805788	0.162729266655973
-0.512411496073552	0.431975809229471
0.384074631825796	0.232296236286305
0.735865729478579	0.527694137782555
0.698170006415957	0.534264994563934
0.384448720212249	0.232559219900392
0.384024382492923	0.282361413729015
0.262753778752651	0.183733799658406
0.518783838356694	0.400815032024818
0.56087505539049	0.604112354821583
-0.638388413652022	0.841547030568444
-0.569713527911377	1.1333704969217
-0.169129807368024	0.24044761118169
-0.341153951958175	0.742980115032006
0.172056401354477	0.243749393059265
0.23159747834108	0.383493883361404
-0.0863133391341372	0.139048254407551
0.0207452686231209	0.0319709278733445
-0.215881698601378	0.488673333430914
-0.10549602118126	0.166407267495755
0.010002618535074	0.0124703153325628
-0.227926916676553	0.240572185136625
0.00099803239324277	0.000970239713417786
0.531841702526023	0.877262613374502
0.452632688085998	0.605515281915471
-0.0825076638955975	0.115528855774333
0.184467306838484	0.272338316490975
-0.183203787898752	0.278239013466294
0.169690822461624	0.170664319932914
0.128269169142071	0.128110604103492
-0.419749015782498	0.580080772716912
-0.0343918640085188	0.0270878302390235
-0.677859830607267	0.970126024080982
0.0109453918481859	0.0073257181692981
-0.15623865243292	0.148294363141245
-1.22979793219348	1.49453989470339
-0.401196602942898	0.441432039486365
-0.715453907021473	0.813123815740229
0.591923286210614	0.571559129249402
0.101586530641268	0.0594126956714627
0.632716390467768	0.337057393852656
0.384881835711522	0.297947787415575
0.883999043723778	0.706397345220266
0.24946916980164	0.1644978222892
0.386780479498153	0.314175863115507
0.965536672467659	1.1985423696173
-0.468500373169427	0.456599530340411
-0.364805009560757	0.402270267346339
-0.149763181055593	0.183201442890242
-0.140677244521874	0.186108863958786
0.173528120093919	0.267199098766405
-0.0413413981346205	0.0504063063723558
0.201627663531296	0.427184801601971
-0.431739337967616	0.953298160500056
0.079162022873818	0.135065916553515
-0.518011701196337	1.44343059994037
-0.0211382701765391	0.0292395055636185
-0.0312335926725243	0.0380037304627499
-0.423893101371704	0.514102861629186
0.259690895585362	0.320648652348309
0.209034659481728	0.243070845975486
0.618318384366955	0.928123170659023
0.39850554658032	0.744186847736
0.524127250494778	1.10906541310535
-0.284720578231873	0.377179167333199
0.340375345311792	0.39398363559768
-0.296064329282143	0.293871557610619
-0.24777265747017	0.275152726839815
0.326317257142163	0.334692688406251
0.0268517377579871	0.0207944144745903
-0.591683989703957	0.678113047379616
-0.0510867513781148	0.0432962638140375
0.1746059479061	0.153620607097089
-0.0899781790415987	0.0569923923187367
-0.14267997691398	0.0992423074798941
-0.278112190338071	0.206120824317246
0.249790634238237	0.164754858942682
0.381781172449947	0.212071085126265
-0.701275757501814	0.527048392499774
0.384521834508985	0.267173709816532
1.19778144446673	0.928950871662112
0.101346937148781	0.0592416817872691
1.3472406392993	1.15680444625838
1.10656392007729	1.2462224320604
0.621002627961068	0.552382202358639
0.970187250144239	1.35442114809684
0.800806490973198	1.76023925170046
-0.0369686475912423	0.0526086282673476
0.0403785769246474	0.0625103692034993
-0.0546958352484405	0.0850353189513903
0.112018678657171	0.206993188900072
0.0112012347859255	0.016344464050276
0.0454460839259772	0.077789063956882
-0.449029606796916	1.27830220085559
0.143939780298051	0.251279299751193
0.00820851221627893	0.0108759789796227
-0.0895452221092372	0.0956347886229847
0.223957666629761	0.358391912241285
-0.0242899634328915	0.0247993010915258
0.0454941660604169	0.0494886935533035
0.318801031663834	0.455865536467037
1.08753068944852	1.85341597172568
0.0796394545447475	0.0765517430842274
0.336560438353778	0.378413161859779
0.667185683004822	0.720945424972961
0.852845647339445	1.02309360368858
0.0682983920416915	0.0635832872280005
-0.33108650834401	0.402873550586597
-0.633555589962167	0.907911967439984
-0.719684906102695	1.0705587140015
-0.27845162837745	0.206422562975268
0.499010787735052	0.424441129112136
-0.135765150480365	0.0845215343467014
1.2861827507314	1.65009687802217
-0.43578109734165	0.240566424151432
0.129782482723068	0.055444175672436
-0.890496148627993	0.575338712826071
0.633157691159461	0.33731781457704
-0.0633302519116082	0.0350470163490283
0.220388257794862	0.126449829026858
0.384112344658447	0.250098737193349
-0.0147710963970704	0.0117137747790109
0.137078004157561	0.1409881209226
0.298101785223159	0.575568300923779
-0.77929753014692	2.95360403688242
0.486360435621445	1.54598979365686
0.0187075906230065	0.0334273903286341
0.282483967514527	0.702065441900557
-0.236243703228701	0.548422213739433
-0.163065484508878	0.342461543443024
-0.0147233747526005	0.0245766556569993
0.189733960796651	0.469882965616465
-0.159175545482043	0.260646819575052
-0.210399560345016	0.300531569039412
-0.333340376463313	0.64456998023574
-0.385900753159934	0.733485351983066
0.231372798976947	0.341618912793803
0.279340413699548	0.387434746179141
0.00666939351942941	0.00494581236033626
-0.697748781440568	0.878086201062725
-0.33220890192752	0.367137299162365
1.22151552439324	1.61530687700694
-0.334623263171135	0.28936628081625
-0.23977926970355	0.225111753388348
0.0922356977315247	0.0915732026185402
-0.393616418738773	0.607833096147383
-0.281436733086594	0.343360831138519
0.168843527580837	0.118458360031002
-0.586600486077955	0.405694107810445
-0.503160558155859	0.391881047964995
0.736239840591734	0.527942767095114
-0.389759359648101	0.182387947376199
0.383917315388124	0.232181956917002
-1.08883959716381	0.502699505381921
0.782126249031693	0.520511878284607
0.0722007391666191	0.0481589058383273
-0.689073843908811	0.56748501490864
-0.186272383722074	0.113470545102492
0.235188424336278	0.20772565727766
-0.103485856314513	0.0928280872343632
-0.195641266806936	0.278955458151743
0.322512985788744	0.764264003963658
-0.08148703090713	0.152921568934904
-0.253570872200395	0.635009929235879
-0.22641573476873	0.506467943041989
0.29456153380644	0.723184553322192
-0.149109930701771	0.310638321349308
-0.304943492133399	0.75167584290415
0.0173358261751119	0.0277862465958068
0.220154795470074	0.477524971544683
0.174021741085896	0.224798686571106
-0.163570856191305	0.276342815779198
-0.360432491089288	0.5748286937804
0.621712412911891	1.26690954310695
-0.823056147586469	1.60109792886641
0.236037139126421	0.208509115027425
-0.52707869137943	0.510626575499253
0.186042521894735	0.169957331781343
-0.700504544518292	0.526244916902392
0.0713647931403082	0.0387197170710698
0.159337855554168	0.155149349137742
0.398135829096474	0.477301543201611
-0.318148510545633	0.40479936738567
0.168987608528215	0.169893320246771
-0.0222778583505377	0.0126481262760835
-0.250038130696016	0.14829839657631
-1.44641646452109	1.81987158919254
1.15079563353385	0.735606766528936
-0.372453566160504	0.242448039725143
0.789047392856913	0.701342123090752
1.61062139347414	0.841128205958574
0.39182337772091	0.15704642066765
0.261778086245984	0.183022787233715
0.249790634238237	0.164754858942682
0.633157691159461	0.33731781457704
0.201611617616897	0.156386399120386
0.21483670396919	0.217434843549993
-0.166338362703281	0.227916265228137
-0.076937813482024	0.132458339031891
-0.621219211100073	2.10758746029573
-0.0472832615745747	0.0836622839447588
-0.0356742968231502	0.0564436287055632
0.349018317727301	0.959131498904055
0.144735057469187	0.326631287880754
-0.124330512397539	0.222521945051886
0.0877574359267097	0.169618069714011
0.534880428355329	1.65732433375668
0.217370139902604	0.301877688915733
-0.208022979279669	0.391578637086334
-0.464843559268635	0.819953526522603
-0.352095305979532	0.543258714872857
0.339767638931198	0.392972028742154
0.261369440316147	0.182671102528871
-0.947772898159206	0.942163318344537
-0.27459332016005	0.256832700747948
-0.42775040058041	0.337064407883488
0.126847762762839	0.0792735647391362
0.532203293299356	0.64780919050384
0.501385859292933	0.724976904617192
0.0113311708398346	0.0119078481612716
0.138999389507656	0.159034930791976
-0.333091907592448	0.287819465335491
-0.185237040494196	0.112734192635951
1.4671961022262	1.57927425000444
0.594616076332456	0.347498367491258
1.30845506000794	0.581181730657887
0.219564792930851	0.125967159655084
1.30833672805175	0.581081555762969
0.39137045791545	0.156848885676898
0.384821339806977	0.174680639182499
-0.0861209122244248	0.0375432998359443
-0.876673479581237	0.984533441109133
0.00183830412626475	0.001782817937525
0.47228933946439	0.843643985371165
0.0991180317236573	0.181237699779295
-0.303744559895061	0.803755938420062
-0.281772580858704	0.761328926827853
-0.118801359097923	0.212602648560608
-0.197396786544823	0.452076867542182
0.214652343211501	0.51362233402983
-0.0437223139606973	0.0741495219864699
0.159019776741486	0.310672850424308
0.140816818408317	0.254565673273457
0.486962516092207	0.781865809404811
0.0590469890434401	0.0844151518648751
0.0714158131198473	0.0886787255347812
0.430455144751843	0.837335178576488
0.178550682769473	0.211188744149169
1.82241104286179	2.15890445751644
-0.0417805952330384	0.0300334870467616
0.398509485716598	0.515977641444509
-0.183072944031762	0.150701651729355
0.704244229565267	0.708169038385678
0.0462364154299904	0.0373441506916913
0.483809902486095	0.791326527916382
1.10267025816068	2.45019751089036
-0.280021060318274	0.34125071181152
-0.312156749267177	0.290444336554659
-1.13327036166727	0.698202842657355
-0.183958224964232	0.15151917740734
1.23172282230119	1.1247902051434
1.53860938640763	1.01793266548625
1.19801236616156	0.92967613979561
-2.07550378999463	1.67149166702279
0.844845995880859	0.517511025180734
0.754388576783253	0.700579803152955
1.25309305312519	1.95210049542645
0.162930708395581	0.137883296223618
1.71760308761814	1.89651492211792
0.114540003683974	0.0846912228455014
0.317831818322182	0.30421570778489
0.0550357587630051	0.0495267642456935
-0.44525881920611	0.876796215494744
-0.122059889639841	0.228025265293548
0.155586258776419	0.255377428572912
0.0109007379527499	0.0149093949379062
0.0799531764316534	0.131974061591763
-0.354206844850334	0.821743872980771
0.172005115802413	0.335797787779047
0.317317046082002	0.820901479275849
0.308388771867322	0.748226275860355
0.150706528304943	0.283652108931653
-0.362132577348027	0.538986530454101
0.367898178194645	0.670339997264584
-0.285380573331128	0.466927080820299
-0.109527298393438	0.149609632064675
-0.211204487008019	0.290993668042442
-0.288760985742757	0.251367267295538
0.306235905957452	0.27121692922313
-0.0389702350288016	0.0375290040958904
-0.540884618846425	0.622128958172598
0.0758993522278551	0.0588616647197215
-0.161805345455276	0.189097504586389
-0.0608385269014987	0.0651345492104088
0.508985102655598	0.949217524415551
0.223890990487205	0.317997932680608
0.0398578580158881	0.0346249619481273
0.306685423739959	0.271700007593336
0.133247423722277	0.103404873939623
0.149405880536852	0.0991705005786008
0.166645835394084	0.0795256811066448
0.532562398984393	0.388889676763519
-0.436151242799794	0.24082752371999
0.735768514002829	0.527420610260964
0.499532410153066	0.424990145999691
0.545927447893073	0.627137765676755
0.795970954314655	0.862178478488885
0.300141959046735	0.254973094258271
0.300747550321472	0.255534070079646
0.484025326063769	0.466425053205376
-0.122245530676584	0.102010949765988
0.67917518286357	1.04946337530476
-0.26439814939369	0.307864292858276
-0.146598556992856	0.17168668482401
-0.183898987503009	0.271020809521241
-0.0963942837285023	0.139592832200053
-0.241354129411772	0.447702545159872
0.137131257597404	0.184960520520856
-0.310805795195102	0.554541541222729
-0.0134438117864252	0.0144426873859683
-0.154387849388449	0.260303738094056
-0.309366792513029	0.653383614424776
0.21651266803228	0.334585980851773
-0.0783517592869602	0.0994193645185405
0.0580396455369855	0.0571862691154967
0.218869831063572	0.267297804770479
0.0402831764792537	0.0456950107084612
-0.909491301230468	1.45129479824972
0.449000656802364	1.08451421245671
-0.289698011811656	0.569205250740883
0.222176800564665	0.387899734961377
0.764117071948008	1.90187091235485
0.173286848620505	0.223706140311509
0.172523493249582	0.244582219920844
0.196987595916578	0.186583336389317
0.0332415248977969	0.0307538671842944
-0.317925598866685	0.404466206340904
0.71174975507274	0.87720971472997
0.267515241790215	0.346528919837718
0.186134624926204	0.225960498633712
0.603522254469985	0.945246488902773
0.45650659403614	0.581324936649726
0.508422223544462	0.702138633799833
0.78800742771346	1.17542601681226
0.318236742141978	0.304612700243725
0.621773954388524	0.553259911168426
0.507506156085703	0.41223678678944
0.703905589784876	0.707702777096509
0.333112768718109	0.363642126654696
0.397703323154712	0.489225524399826
0.385907010885783	0.313093181894708
0.093874969512623	0.0760436401248611
-0.153395995777993	0.136565734142485
0.146950559012613	0.155798973803228
-0.0160752864928699	0.0116675322220143
-0.201039772827091	0.22382715339425
-0.473154691580272	0.883991716867751
-0.593936973388249	1.08617781562009
0.563794498380226	1.00881051781303
0.0407977112129955	0.0411857010402488
-0.170357091406888	0.242554454138935
0.0956180969378305	0.112852627592535
0.568997161686924	1.35674069911351
-0.150643464864315	0.246501979048343
-0.435073784394593	0.649256096773029
0.0617498309549548	0.0659219783887551
0.715727402426444	1.0362404621851
0.118561509568113	0.114802268009416
-0.410148036975674	0.54348684102313
0.00526346717722588	0.00423724386153546
-0.249521182371958	0.429223155589116
0.106321369146339	0.17694092610798
-0.322383059980369	0.683764990071064
0.0339154038403094	0.0398885618134979
-0.0651643852440599	0.0764263785635866
0.237220433959166	0.405272288172455
-0.116880811377535	0.118038627425277
0.127658724405491	0.127431870904078
0.384264598714541	0.282581434743212
0.385244188999261	0.298304140096356
0.272510339250613	0.200873974946563
0.0140158930715124	0.00829334102261518
0.137840769366437	0.12544788360879
0.0128820220253559	0.0076280668670016
0.539192148033905	0.63814835742386
0.475067957410553	0.492384097302597
0.185097997833495	0.13663343528308
0.387484518906246	0.314878304473413
-0.07027848914908	0.0499757502840278
0.384504773376227	0.282786699871077
0.299866403507049	0.25470345109749
0.292190333120381	0.23726507197424
1.16536809362264	1.58645937854763
0.260482733885427	0.256852173371344
0.326317257142163	0.334692688406251
0.826196655594002	1.17688038295362
0.0640692731059069	0.0538726695050173
0.0146502669960621	0.0146841038279736
0.0269980369347156	0.0339663504212462
-0.181915730433284	0.3003202262702
-0.279441535331963	0.469913700530208
-0.728202141095525	2.04570786365641
0.302153706841602	0.497525559569117
-0.241738698362302	0.392577084199853
-0.143794225816766	0.24137558042951
0.28427459455191	0.633840786318209
-0.0361587938944918	0.0486924470422533
-0.415871632620587	0.709135783945675
-0.0994824270812183	0.10075914313545
-0.216426650920336	0.264303950508069
-0.646516909639163	1.32651892978407
-0.0143918105902099	0.0168566318344778
0.296552661382466	0.557984298874377
0.0868786702777581	0.118665535240192
-0.315913229347927	0.518223668188065
0.04034417981518	0.0407140788730746
-0.095724639334333	0.107212334888716
-0.0952893165384896	0.106682747789423
0.350346493677671	0.461121694834683
0.399198811262209	0.629104685913607
-0.131990737479692	0.154783922546372
0.35116981453297	0.462561594105113
0.49319711864133	0.438232770044744
0.384513508280833	0.26716272760188
0.316496085415496	0.302632800771126
0.69859956141491	0.5346117517767
-0.587417656387196	0.406431459716704
0.130555833335621	0.0557677808362201
0.953925037102525	0.883409157488196
0.736397007055681	0.52804426746441
0.640985050254223	0.544949467509714
0.127127286505418	0.079446760937946
0.236942830363396	0.146502214395153
0.162483442094238	0.137426732762561
0.487274211663113	0.450973271167302
0.831869513758992	0.704057050707889
0.594714610145977	0.347625297173765
0.391268374649139	0.347264075976457
0.00695026720399927	0.0051531649595559
0.187079441983183	0.138267862265573
0.0955870411048136	0.067278881141321
0.492702257121165	0.437642535196367
0.175974246633637	0.154972046490296
0.0456669424547663	0.0496884991382989
-0.00413569070551211	0.00483607907167212
0.339433767472004	0.809757175557554
-0.0173243416789392	0.0265108207788839
-0.228327324300664	0.481613800666175
-0.239359227065837	0.485158882512297
0.517121283336302	1.3690663243104
-0.207872341042084	0.400648422877293
-0.397714692141804	0.968563464704521
0.0971244967855581	0.175720363024814
-0.0109366281454313	0.0150386296315018
-0.0126012621597547	0.0141483793328504
0.373520667006003	0.763955794453413
-0.391396589628846	0.763154021856179
-0.0983207878581946	0.133973885829219
0.144229728394861	0.184238650010977
0.00719403522422344	0.00533217358431564
-0.0720953204280637	0.0607962178535834
0.0994433713410959	0.109892105706755
0.346019654628325	0.433128596663838
0.321927986378159	0.319193279335412
0.0268850667695777	0.0262925233151425
-0.760020038573328	1.39111900800429
-0.116086024620942	0.136044366184342
-0.0649997308586514	0.0762182538692926
0.267269262660637	0.272432693401894
0.620751459809383	0.551967448725777
0.64154324165834	0.54564360288035
-0.30837174641347	0.247603423821521
0.697688286369232	0.533839339423719
1.097743574455	0.911636797351031
0.632457839881738	0.336889784000017
0.380299215351684	0.192028879544537
1.50009441155766	1.20063555890689
0.69831318677149	0.534413842204121
0.102612952381333	0.0600113690654156
-0.965410175695621	0.537417183335546
0.00588857467864678	0.00190103027715875
0.595055747582624	0.347818338968019
0.249609701310002	0.164622350280018
0.166258984494131	0.0793365080292949
0.249269328035561	0.164363021881793
0.704244229565267	0.708169038385678
0.735491616147676	0.527353423758431
0.4884043558442	0.452400924035222
-0.452441792011694	0.52277024134097
0.0565380992018045	0.0556210465620421
-0.518942002484426	0.974280777661456
-0.0345522898856703	0.0532434953322021
0.248514463911187	0.547429110595358
0.282978377357457	0.720842766253409
-0.0245951201140344	0.0359279771492527
0.203897040105613	0.437067914246206
-0.00172261114042411	0.00261800620154018
-0.0971866305825664	0.186732601291263
-0.287022178184079	0.680244841189086
-0.260099944069219	0.531043013392556
-0.359814850308952	0.611536186594688
0.175088005225546	0.310646494072539
-0.248807127901108	0.427642191463083
-0.170754410334536	0.280957317239503
0.246121920104143	0.338391406993466
-0.241199526417845	0.22661598780702
-0.907862647582804	1.12790137583644
-0.258535076433152	0.315706308762656
-0.1288110119067	0.115269955111156
-0.277188095793099	0.205230168874581
0.128622038390339	0.128503367236687
0.275064455786842	0.372920920404835
-0.591696360407049	1.0475435911
0.151053848283363	0.197393398925836
0.61454968000284	0.75296234508756
0.726834798517764	0.703093891541202
0.389618875503266	0.331286677108395
0.130040651421408	0.055564402041551
-0.336433455756814	0.246441115696819
0.954037959333013	0.88366843999349
0.7804925175075	0.331224333986828
3.38810192220864	1.05395385730694
-0.776436413149101	0.386296542223951
-1.02454449028483	0.723375162885455
1.53860938640763	1.01793266548625
0.692700737246745	0.332549356313388
0.78240423830106	0.520800573690726
0.735274664726745	0.527139372878533
0.94895085025718	0.709598990537753
-0.479571351725655	0.496608347960024
-0.195850621705683	0.259508646540541
-0.275004203004177	0.43579403674033
0.0595164452235708	0.101074088904384
-0.0554922114698273	0.0839814410970011
-0.288854594410028	0.686108220104455
0.0777835605271026	0.139962528583124
-0.227747199174914	0.490368029778297
-0.0337902423290737	0.0545818525161745
0.503971231326428	1.65811040518477
-0.333498410019778	0.935344440466349
0.220964255414247	0.449460936545448
-0.18269937507454	0.251502328046775
-0.0919045030059331	0.148017996485516
-0.477487800591232	0.917539955156176
-0.0131194630919084	0.0164847194057416
0.0258994075525704	0.0297785009122557
0.390869152622744	0.346874179809736
-0.147059304307425	0.112307058649336
0.550318633606765	0.837993295704307
-0.11453609467519	0.0882860150085757
-0.015914306873253	0.0115504505614707
0.244351372912862	0.224296715134638
0.177626127845013	0.209788939938179
-0.0247687779648761	0.0239251817037402
0.0711290009824752	0.0832841335573174
-0.456135144242148	0.415956241448035
-0.426980844211488	0.336260352944233
-0.0188689263816044	0.0122919121414464
0.38215139299251	0.212306266404081
0.39099437709121	0.156634106408857
0.532687571155007	0.389112245499192
0.196937142974908	0.103671316118869
0.149768177307748	0.0994216097108372
0.127087762756533	0.0794325890432734
0.383644553316633	0.282009850648996
0.101586530641268	0.0594126956714627
0.532046629730321	0.647535416781942
0.329122706368221	0.348267455919077
0.341667140922494	0.406023689832229
0.0157128578506285	0.0183413301422216
-0.238367394183808	0.353317257817374
0.323203654399446	0.631661862951659
0.342930478498407	0.647436623871101
-0.0693239733338591	0.0939607847140973
0.017891175385259	0.0227685813868557
-0.287704162379359	0.604650862064589
0.169786082530383	0.327521229796796
-0.00345477284008384	0.00460698302936247
0.366966904014072	0.648140529212723
0.26772531587897	0.34686563267225
0.58028264498907	0.984893867097575
0.235135753925984	0.308680363339368
-0.555265991920196	0.827810887244219
-0.00569701712809139	0.00737693452374109
-0.0566795722870841	0.063614276456147
-0.162468850556771	0.189986335454472
0.197800961761166	0.251770461459091
0.278645852856429	0.302062067993858
0.284477320771917	0.317605626081983
0.825564074673122	1.17543361122423
0.148338988973542	0.139690574156348
0.094021118772374	0.0761606628919853
0.468380697620219	0.518482437216037
-0.661397297119962	0.673048037255018
0.712112832037881	0.877729789729704
0.384264922646631	0.266961737317526
0.249750206089094	0.164736441383124
0.954030551476757	0.883592754297371
0.0716662953457017	0.047790900556173
0.0327950327654537	0.0163149276589421
-0.0217564688630036	0.0123563848611671
0.197058058023558	0.103693092252624
0.621364985136881	0.552840581160498
0.384816666151883	0.297885176018821
0.453574457501993	0.591720418288366
-0.28294304959337	0.297377958613688
-0.325481615849579	0.612579489310729
-0.123828848406242	0.179996348384948
0.133788523738248	0.225864349703539
0.149123901791287	0.209411665028488
0.314981266109846	0.572223456635777
0.120277320603022	0.183204915795876
0.140187150271895	0.228633267430348
0.0848875055736397	0.115645331771727
0.123767990771094	0.14752796907419
0.536142761636055	0.867924390832242
0.0807263646420147	0.0908731779365534
0.31738253033247	0.444478244219326
-0.0566360732383145	0.0716044175150279
0.0143256575770429	0.0167043120912305
-0.389233239737787	0.642723026937781
0.283561799529063	0.40202073714475
-0.201786377172304	0.22480656895369
-1.03354507051866	2.24581912918001
0.200628551668861	0.226647016025696
0.0378496789187108	0.0328329892629304
0.0533576661957866	0.0479804503536073
-0.592727930004047	0.816613325507633
0.26641517097018	0.271392989263844
0.569444860888897	0.592166068599188
0.196562535872001	0.103456755441209
0.569767628338025	0.362213706599297
-0.0188813774915431	0.00866679419428534
-1.02470184646212	0.723258019521202
1.09778089235362	0.911510719511162
0.569610576487529	0.362084403314652
0.532812628396835	0.38928162597619
0.605858345493466	0.562243762032159
0.31681799954849	0.303036132190932
0.0889988691427597	0.10270093137064
0.184951235288142	0.249496552310683
0.0442662283329079	0.0712300398853024
0.044603885892723	0.0632403066601371
0.012546089354468	0.0202287198590182
0.191144132053291	0.364032903834885
0.00667499067260615	0.0114762651266288
-0.0353435269768061	0.0585240159316612
0.0928153556881277	0.147351069312752
0.497630535143617	0.985460903451409
-0.0604834579574782	0.0647228897027172
-0.821716625481307	1.59675751949238
-0.210366065124133	0.198457807182076
-0.0503899410075868	0.042681654792183
0.213883154598167	0.254835628319728
0.469323516197427	0.519708859961928
-0.53696586190366	0.585913614876405
0.1599452117497	0.155771484985495
0.0676203372563199	0.0629344629812392
0.300429215002055	0.255232600543484
0.604788831191031	0.560952811386613
0.665707487127234	0.538494627471469
0.249890684094212	0.164841428016307
0.249809071257609	0.164699469600243
0.219134356843077	0.125692583795998
0.0720054631139157	0.0480229651321081
0.291770058693928	0.236986878447654
-0.953610463207281	0.754087448724641
0.9181180381963	1.03204692949448
0.900981961365165	1.18637328853202
0.976608387716122	1.79540711123358
0.0658826848269576	0.0846459953525501
0.137857224378564	0.211691502404951
0.233064132927639	0.426718261308055
0.278216384395214	0.533642613189564
0.351310232843506	0.731855012552682
0.183341091789433	0.335666622676093
0.120221247870488	0.24601262739683
-0.252111656042047	0.501944144265969
0.0916007497825067	0.133347487698748
0.145137145859005	0.185614677787595
-0.230899735968584	0.375019789354665
0.481269823357046	0.801876087958649
-0.0118913953407645	0.0115192433375304
0.398765518034774	0.56689174702444
-0.0354740864548494	0.0380494343644521
0.0351723146670051	0.0372555892876375
0.0914080342977301	0.0906761236977075
0.296394304605661	0.358962221242463
0.399121146981184	0.504293815438691
0.763085435466699	1.02710849472087
0.754639509341828	0.701020196354119
0.499180345005311	0.424615128554178
0.569828188022753	0.362231642221134
0.9181180381963	1.03204692949448
-0.33659176112135	0.246584127201005
0.384521834508985	0.267173709816532
0.387667124722406	0.315022377471411
0.306279616893154	0.271281638678188
0.595498156659987	0.770162806601935
0.19251023827018	0.34104220706433
0.186950973192117	0.368468727430484
0.111798640539185	0.221181147971539
0.179505057195483	0.343896413914963
-0.0940301047784357	0.14392367099107
0.121222639914864	0.165438790491272
0.144371378416936	0.199024388487049
0.20505227172014	0.330539364920501
-0.0745522393590891	0.0797140031130285
-0.0517568933429553	0.0527140771843126
0.179150261176271	0.212031449912914
-0.27269700492804	0.347437322029589
0.2024973552394	0.229134772768409
0.0040968534535593	0.0033044985499101
0.703004972799658	1.04141730474009
0.451420638303311	0.618686240504746
0.382475718611183	0.21248977803757
2.90410365538936	1.9376690356707
-0.302011923493779	0.114426137674261
0.569235939555089	0.361751103647983
0.384882281862328	0.232840038278335
0.349747953868722	0.460018060998863
0.0771576424580606	0.138708954295976
0.364445366629287	0.621998895169048
0.191818074318061	0.293241670482471
0.156860435858776	0.171351480948724
0.0449245593432894	0.028283646689031
0.478970685696838	0.479070499396481
0.128011281545634	0.127799599566198
0.148550004703944	0.120511556712112
0.261778086245984	0.183022787233715
0.974589958778766	1.6501617902162
0.438706711889832	0.738416989797479
0.780600706854381	0.331245529908097
0.632275139526711	0.33672153423294
1.01873082468016	0.897323069489476
-0.0190144977935541	0.0123881474668534
0.532296616867173	0.38876265822939
0.384316863833395	0.250276453910905
0.0326638746222469	0.0573573007437871
-0.00421233131769073	0.00492616423867016
-0.0236361193216423	0.0253648078005213
0.260363695687376	0.25669203400632
-0.0707664147805777	0.0503316666780081
0.133247423722277	0.103404873939623
-0.38437542094552	0.329590595151841
-0.0179091824901125	0.0116692683619281
1.23176696444213	1.12448801413054
0.380127474809668	0.191939501341434
0.94820151323029	0.708939708769894
0.478882907909611	0.478812537130378
1.25253905718884	1.30529521157388
0.487861298068567	0.451819433414628
0.136535304862202	0.265428319157445
0.0837725307220511	0.149794347712581
0.305917348597665	0.270889660273394
0.902448714617435	0.873572407696455
-0.52606952404173	0.509413531012852
1.61074625912723	0.841500066437798
0.383675939907485	0.174087909739587
0.789226655121897	0.70125571403303
0.456328332180518	0.580989870003497
0.132147216329235	0.263454180657386
0.163783989064138	0.359620431070889
0.536889979324204	0.869606698116649
0.55251843363803	0.615030729793238
-0.121878815190105	0.101681392580189
-1.02416248252397	1.07495622016551
0.0447421474317685	0.0281688340360441
0.384264598714541	0.282581434743212
0.845429272841547	0.518063989020872
0.692786604586628	0.33262955025011
0.826090052623144	1.02217750436035
0.533320255401407	0.389624719376281
0.168987608528215	0.169893320246771
0.562017099506081	2.20302548340785
0.0935776284690848	0.194678506273703
0.209020735298868	0.514546163338585
0.0647484840439692	0.135489638683906
0.266031210334074	0.658579055526892
0.245247413135502	0.389490035236704
0.107266758723539	0.140300016972551
0.173236326659563	0.223561647074241
0.229852278917801	0.247316333819612
0.0920837207617998	0.0914097865621823
-0.06204581823188	0.0560394125051269
0.457542198102961	0.567284030760657
0.532046629730321	0.647535416781942
0.326142995910522	0.806424730764587
0.143617022849759	0.288694855939945
0.385622299566706	1.20651620580874
-0.117493830801154	0.236432588127232
0.0829169827837046	0.152550317378139
-0.00550928036896201	0.00837998076512578
0.041559950666841	0.0665940789805963
0.330361519442598	0.539726312044485
-0.0189127717707935	0.0260939235842616
0.12902057753124	0.191643326336943
-0.0779883071286288	0.112382711158604
0.0637803511670193	0.0774723732474903
-0.347273844830623	0.403173755294189
-0.448498060899052	0.619203660950411
0.459866212593699	0.555252073702509
0.396595237011925	0.436220659035472
0.159444083803511	0.324932156233687
0.0236084330504683	0.0356647607488947
0.120888850742422	0.229886897836141
0.301987789735682	0.793754453927288
-0.309834705463215	0.682328383027598
0.0525528704438933	0.0681372429634952
0.123291304306732	0.179778280441005
-0.111093119764061	0.156374134544859
0.289374647186576	0.520220058052056
0.543549431714571	1.05548430134701
0.512390701076065	0.690937075407224
-1.50492576321943	2.95592677374305
0.301479853880378	0.37510497308713
0.508727160697272	0.702669045141786
0.0643293752205707	0.120573565230477
-0.0620802655236105	0.103978820190602
0.247044937160345	0.583058513685305
0.103100604580996	0.19698197676223
0.220392870186603	0.550768536363713
0.172692163937687	0.321727859827067
0.0965504782677564	0.121340449886349
-0.4149037737649	1.0351285029556
-0.436167664493213	0.900425055983666
-0.047901516598858	0.0605515361137289
0.147740562582354	0.173542391079337
0.0274270589475492	0.0212471755790403
0.186537247866192	0.137856806418561
0.244708235976677	0.22471052355632
0.283049106284765	0.21938764291333
0.453704100119807	0.592005075598853
0.0830026569307048	0.152744810172226
0.0589672914090679	0.113700259412905
0.222429716410268	0.585168050583163
0.429039535120603	0.858671793994946
0.059103649713636	0.0939770534188626
0.238311279608845	0.365147877231039
0.0953186139598461	0.119673512985324
0.271405976821187	0.359798144706547
1.00420659953168	1.36404467524883
-0.213351174591332	0.18803513315472
0.742764802212569	1.18220282551403
0.252653919321311	0.240596354391727
0.300386565384083	0.255211769245568
0.566482804187263	0.806961333958721
1.09811771915586	0.911650909060591
0.666795395198637	0.720496744441609
0.494934345407143	0.74748729352066
0.0362447381807187	0.0675725336489468
0.10808711667335	0.231669351877788
0.0811238752714358	0.157257193343799
0.18703216194066	0.389066931067183
0.191962470287918	0.293521952467053
0.109784297905081	0.161424246639595
0.813031986487769	2.04068170427764
-0.342194670418707	0.509640993729055
0.171742087953898	0.197998955642796
0.471488141227832	0.505428259215911
0.11607041397941	0.0859346794041322
0.651829971556385	0.728517275330294
0.392251554916921	0.376522693875822
0.68423033600864	0.713634687666806
-0.336500440996294	0.246454343766548
0.825741428362469	0.863250482360038
-0.451286343087363	0.521189644348705
-0.08881340010202	0.104077808641469
0.0753189290015219	0.122459648764885
0.249678242556411	0.653336253019641
0.176579557002916	0.460896509849926
0.0237583083579308	0.0425847366632929
0.112393062631374	0.24407590571339
0.0847072867958749	0.179737147146271
0.137247955785965	0.21062187693189
0.193113114817698	0.295651576361035
0.137883084770333	0.21179656575324
0.187918446515474	0.258205234764657
0.0344892291638231	0.0243348080250949
-0.948505322483732	1.56474562366599
-0.0553581049891307	0.0532125347849564
0.848072711401134	1.17822135063207
-0.404227513280514	0.29172931532976
0.391930288767545	0.376110832494248
0.899249395244309	1.18276500041868
0.291144355726311	0.531003649446689
0.234242105368999	0.552925569312142
0.121588421058939	0.25952010425465
0.301455784132652	0.892816286125854
0.137630006855122	0.291096478352505
0.144793904791342	0.213536234372183
0.33233318123089	0.543884409349095
0.321510714953226	0.318665322321624
0.215597922425313	0.257334273691765
0.0561284839059248	0.0415738627721337
0.235753391420217	0.208308610784895
0.20611231925061	0.201914208259101
-0.0822587803255551	0.0834745761967689
0.0807761485825689	0.0909278969812879
0.101990162534777	0.130822570388006
0.215306281633613	0.218004453957037
0.384132391773634	0.266865615032953
0.0444505976293332	0.0279704680700922
0.273048113553669	0.698886910986564
0.263873721183349	0.630618072789542
-0.269601720811321	0.635039916900035
0.18892323332183	0.259902880064931
0.202264042487075	0.156940588136315
0.460706015310945	0.556593477118242
-1.27552473409049	2.60291056190842
-0.519406933165283	0.975484864735354
-0.137069621998298	0.174425583604458
0.132083219618287	0.161435720927838
0.68410834982862	0.713547983511521
0.802530024712106	1.02288095350473
0.210110187844808	0.521592459435285
-0.12840029695042	0.219851533358457
0.108788779026844	0.142501006738366
-0.0453264138114897	0.0647388390116601
0.281998798273451	0.556059125060348
0.17051280245308	0.278150419935257
0.262834525944334	0.332263439438805
0.147547097585433	0.156516902844187
0.399293502543141	0.700477245976256
-0.135122907541739	0.191516871052975
0.107146348890208	0.140110960220629
0.147017698204445	0.11903851027278
1.17994949966176	2.06293200310121
0.939356261836442	1.3456078567987
0.153229995607691	0.345661109970018
0.161487228058617	0.23614467688318
0.120598373930401	0.212213269088055
0.0107186343918548	0.0138086123126942
0.0218905607325055	0.0301258449975017
0.14775721764011	0.221312411186583
0.162489152643246	0.137452335629399
0.502073816590327	0.72621495018537
0.718354075253803	1.33955044637899
0.0344501903622386	0.0442347792150421
0.162571082946273	0.256736119135534
-0.171523338983872	0.259870533291048
0.214314563244023	0.255583511959479
0.253121788593366	0.241065783316752
0.523049668346718	0.89433268711286
0.122432764100581	0.132778677108608
-0.0207680064467148	0.0269913156121873
-0.519157191825127	1.21305228921113
0.448737920537674	1.06984231642028
0.186027361997634	0.301273154747386
0.0875217064416509	0.113642195943395
0.427594204518539	0.903771299975674
0.0328772297618968	0.0435644192847175
0.204549689833869	0.329528083426143
0.0151821476108464	0.0198830724131485
0.196780057210059	0.381359295462895
0.180235207288371	0.325329280587843
0.104828494789822	0.126915416797364
0.24064009626037	0.417807072246358
0.0918393634722672	0.121401813396142
0.14370092194596	0.313042664229508
0.401941527216736	0.976516319172362
0.199231503276799	0.339466791974142
0.283185568321447	0.401357692007083
0.281107084512246	0.547344838085671
0.206737857349228	0.307417562948458
0.258760845618752	0.385121341727298
0.0995931224146941	0.134549894197659
0.15297765488405	0.233279656598646
0.517414118721909	0.917666654059719
0.242805386469232	0.276650216186864
0.777635533799634	1.32282686960214
