x	y
-2.15451821389688	0.46533654820635
0.361731113967025	0.076032888564632
-1.00196868605036	0.304687348735161
-2.15451821389688	0.46533654820635
-1.69637927695393	0.705629000239378
0.261210963308023	0.182548741178366
1.03244154888819	0.716482648646582
-0.526230952831322	0.181453225439456
0.83147856154513	0.703585266217036
-0.33659176112135	0.246584127201005
0.381248833339078	0.211622717079032
-0.892113369398327	0.576457691042834
-0.3016598593167	0.114296718545794
-0.172790630805708	0.0706913846673543
0.0888592193394088	0.102523310218688
-0.29993536714852	0.199651491268449
-1.49284618329525	1.69176593773144
0.0053076964856311	0.00427278540342982
0.316979009477973	0.303222458635652
-0.89095728605558	0.575802366178478
-0.556614735142323	0.243719575714471
-0.47361897908139	0.115707480624982
0.361731113967025	0.076032888564632
-0.474072115851475	0.115784867669351
-1.00215966499849	0.304734599194237
-0.322817042731325	0.48065680625446
0.0390018788444156	0.0338677096748935
-0.485824649564205	0.531217416812017
-0.640852582962151	0.807499009921822
-0.330216847495123	0.189563353167821
-2.94140735003116	2.30803927450498
-0.0853676009533447	0.0372014596010852
-0.436820545748234	0.24129442990172
-0.47361897908139	0.115707480624982
-2.15451821389688	0.46533654820635
-0.47361897908139	0.115707480624982
-0.4737470176026	0.115740974734865
-1.23601604298551	2.59741166700652
-0.302011923493779	0.114426137674261
-0.0132410333161947	0.0104992949637428
0.243169630200778	0.3333292936904
-0.536026169965979	0.584570632209068
-0.30186123248638	0.114344294945834
0.236169732075341	0.145997444516298
-0.364479437265017	0.401717631040237
-0.595126532250119	1.64977131842286
-0.30130788380924	0.114155707724385
-0.47361897908139	0.115707480624982
0.166501507543095	0.0794584624384524
-0.138813074696716	0.0396232165072587
-2.98625935690659	0.760136336044329
0.393913102316058	0.135306113972711
1.08253849926268	0.545527294177849
-1.02509799644325	0.72355234372023
-0.132197971781556	0.125753600776023
-0.945293709375251	1.72568928511929
-0.700504544518292	0.526244916902392
1.30866457828685	0.581085103400372
0.361858698487145	0.0760513170465834
-0.947523668368376	0.94182024216908
-0.439741934648068	0.581606659605781
-0.47987762492717	0.661977584460321
-0.389502685393829	0.182238823572662
-0.436866011417007	0.241284069109317
0.921945321570052	0.335276238918141
2.52480998418306	0.634922772878525
1.72109417534711	1.27338808992447
-1.00164972063249	0.304485048317087
-0.139704335528702	0.0398561976774745
-2.68137806686904	1.82721302390794
-0.28804914789122	0.25062396714948
0.197329529441976	0.25108742019492
0.531551147239204	0.876692971201256
-1.44624665264591	1.81957922644654
0.92234078813355	0.335589606075705
-0.186006607620029	0.113276482234153
-0.741771427413726	0.749617128515545
-0.247573462422707	0.274903939616603
-0.151492458121226	0.192915410220943
-0.700627826532553	0.526422050497928
-1.02377410871276	1.07475706019744
-0.359699986957737	0.611279071919091
-0.806822751454542	0.653461634838521
0.384784662757461	0.232737941823781
-0.183636181746564	0.151225574338381
-1.38902915951064	0.501050030773495
-0.473421998020537	0.115632916852932
0.780835212491461	0.331295807494157
-0.115251848392561	0.0617611892030661
-0.473421998020537	0.115632916852932
-0.966894085559289	0.538667825117157
-0.435968492392405	0.743476896380366
-0.781024900246088	0.688211310164904
0.770897937265363	0.864200289821049
-0.330894134735853	0.474641611789288
-0.105427633108491	0.128562974618957
-0.315721737545896	0.331373181755131
0.384603470827557	0.250534317667966
-0.28321292105691	0.297703788429184
-0.150378191968995	0.191341035485079
-0.481871757315914	0.951687725679297
-0.222308902319285	0.32855253626087
-0.270907983291579	0.554919409891794
-0.275228149925098	0.257412795998622
-0.103992874917395	0.0731551878037612
-0.504720672250481	0.63884150012984
-0.104340099552006	0.0936740545568188
-0.0408397676926865	0.0497658543958889
0.238505665514973	0.408050960768339
0.384778725021319	0.267370113977008
-0.584030602818931	0.357153975147905
0.253187265153804	0.241137091104411
-1.08292936470351	1.06430000246489
0.54872445794346	0.375436988005234
0.176123359475534	0.155139110214612
-0.263456806496082	0.262374507064586
0.292667605972605	0.237818563627567
-0.834442183400278	0.336868136059492
2.1674387561525	2.11675043695136
-0.436196905979094	0.240906518793572
0.457854505314335	0.567743290301624
1.32991041000857	0.775215581206008
-0.485861003949065	0.531610284677286
-0.0480482073305644	0.0667396183419058
-0.101913582823214	0.119428316885853
0.0233487788457561	0.0195398281519303
-1.00184058135726	0.304630571226253
0.693620339571007	0.332982534653599
-0.0631878242340126	0.0349692692370032
-0.0412592328344989	0.0296521990451249
-0.114782755689562	0.0884885590055008
0.77229625712623	0.865976498438388
-0.956561928917575	1.41486655603658
-0.248688483801296	0.3305271232545
-0.140306547331086	0.149192367131229
-0.404846868017177	0.292321818790962
0.683986817477481	0.713018484045746
-0.015632721630185	0.0113467336673018
-0.18450686260105	0.139540042049212
-0.121106210154193	0.165815330335466
-0.790362729441052	2.10736519108941
0.853540475317115	1.024540987551
-0.583656031966242	0.356902286202087
0.25223594312232	0.24011728640007
0.16866105874578	0.118317976716943
0.385274118429105	0.25099090984047
-0.151136709647864	0.125324129548118
0.325903066760312	0.333993722150002
0.00678910213874217	0.00503454485183877
0.00657339541385382	0.00211145699724071
-0.138813074696716	0.0396232165072587
-0.966453487774123	0.538358739862374
-0.413228366441914	0.477922844374369
-0.833419534036202	0.336382855166883
0.886718936057167	1.33226903227785
-0.11227302592237	0.142818855512855
0.333556676678431	0.564188097353361
-0.153977945053341	0.137147633388364
0.92214315665141	0.335592961203935
-0.30130788380924	0.114155707724385
0.38215139299251	0.212306266404081
-0.134485905648513	0.0837165305806647
-0.185028463014186	0.139992606998261
-0.277565462018901	0.205637034999288
-0.28823644606353	0.383190680750864
-0.29590535791912	0.293666212209163
-0.592638245083176	0.607186579346068
-0.181867539424121	0.161155760246022
-0.104159547177559	0.0732824544978151
-0.5436834734068	0.656821925302498
-0.10493946767564	0.0942203716267541
-0.333170856453553	0.738954460053346
-0.241745693029501	0.491630216410011
0.327517459760324	0.667228234963694
-0.363089601171979	0.288833281039867
-1.15700416367215	1.05130682897216
0.873058109988791	1.18173295310943
-0.502435051281634	0.391188927012563
2.52480998418306	0.634922772878525
-1.95253941555214	1.46222745311392
-0.704952047562281	0.844110885948881
-0.413272757631854	0.478168954370905
-0.143214313119395	0.0996352026838169
-1.38966535397044	0.501535825497968
-0.526766443486322	0.181771361232728
-0.249604088678594	0.147989483806065
-0.0646392134270657	0.0584895048413648
0.196562535872001	0.103456755441209
0.177530799370588	0.183970811337371
-0.127503254306733	0.191276909728186
-0.0127486342612191	0.0165387735770424
-0.0520695812993034	0.03347674436506
-1.95124422382435	0.916968023636844
-0.329842810698226	0.189306253830455
-0.781636371894601	0.689018924947057
-0.260716133174432	0.211161839692302
-0.385337105274765	0.330492236550598
-0.230149265301598	0.305608905497495
-0.254417897367862	0.26802147926722
-0.478317192926778	0.495263832805352
-0.0554957664468189	0.072717364582265
-0.0720158206287374	0.0943844638312198
0.0581878763599936	0.0830886826290244
-0.389607219528846	0.854612212460806
-0.689032194084848	0.567555866373119
-1.46392573728718	1.381190113351
-0.669128448637139	0.638665111923555
1.17286969717615	1.27283644780293
2.52480998418306	0.634922772878525
0.780257852589173	0.331061629231793
-0.0186389430482826	0.0121449180987514
0.579883603271509	0.581508081693274
-0.593468800395503	0.495308049425571
0.0831112319372716	0.0312627334934207
0.6334158566214	0.3373661653659
-0.486336385313585	0.344695396452043
0.258802161382631	0.319273479215539
0.78890726278779	0.70116950501465
0.0631726383863172	0.0530948733680815
0.0731528384907162	0.100656368174006
0.342357752320134	0.645882422825559
0.825150629134875	1.32258427815898
0.693246418188508	0.332870493589968
-0.0900699947764726	0.0570350339133808
-0.727627031431847	1.04057762829088
-0.433058745624782	0.549577372856091
-0.181235342141273	0.192096663198373
-0.279349720843058	0.340066045541273
-0.18061418213092	0.18114224142356
-0.451600581641347	0.521699752148427
-0.403051305497356	0.370625682520371
-0.487174500073616	1.15663809261413
0.0603378898123034	0.0799148880621614
0.198905349065281	0.284843641755828
-0.308559607459159	0.247787454402326
-0.182274511431104	0.16149067587058
-0.116967996987834	0.137180881554905
-0.180785616939824	0.239407293307014
-1.31216940826449	1.50786946142333
0.517540900321318	0.399510318833348
0.474342707282454	0.491410772219199
0.939545946142389	0.525529150731504
-0.47361897908139	0.115707480624982
0.394569497677951	0.135511860859858
-2.07492540362631	1.66980683646072
-2.52947036096503	1.59101501174067
-1.69637927695393	0.705629000239378
1.75587756983696	0.662351717842998
-1.28216509922279	0.865781152609912
0.00654870591220864	0.00746534850591646
0.262186697938186	0.183340850708768
-1.27910183004484	1.78403122382852
-0.0431451632983976	0.0505794582405674
0.513452422462522	0.925417320423722
0.047023133452962	0.0449597136780778
2.03192392035486	1.82235259477784
-0.250134919146312	0.148342283021271
-0.221080962123836	0.258353326736736
-0.295596070859923	0.293280577902326
-0.742376032857452	0.750059430085954
-0.443071220467103	0.376546194251166
-1.05761888730674	1.36680867876557
0.10898683282562	0.0918887035861489
-0.956089143490463	1.41378182490363
-0.392104853660411	0.821262247094962
0.0558391002968695	0.0699878575470053
-0.0167188462356949	0.0121317590027297
-0.699429874593716	1.15992070609982
0.144222046193616	0.212569523043725
-0.759663782441529	0.719375520365162
0.0720356751813107	0.0390829290157902
0.169026016111526	0.118594225415526
0.388827160142778	0.109222251636938
0.3613975270033	0.0759646004195066
-0.557819071033484	0.244364502966291
1.72083629870748	1.27307224454116
0.00588857467864678	0.00190103027715875
1.30845506000794	0.581181730657887
-0.301408627280488	0.114196567167764
0.0717951186005671	0.0389505396701999
-0.384727129183747	0.674581388208869
0.283570542115773	0.21985197643324
0.197928632085691	0.187586657304645
0.0168249794459445	0.0188904100832381
-0.340690061045141	0.610606543379673
-0.158827601940797	0.159812969870926
-0.172330859760746	0.0704991966259504
-0.336795742461947	0.246753835191953
-0.473914799595909	0.627180148431362
-0.116455726731022	0.169547624938622
-0.488203843939595	0.862571784012805
-0.227829792666675	0.240488950012066
0.57005317536841	0.593072196030855
-0.417485268691868	0.409090721415702
-0.122026978181803	0.101795562784274
-0.0417373904378884	0.0299991067325675
-0.69848386238609	0.87912033174791
-0.41496777784401	0.480528849896144
-0.560663185410312	0.900286002764398
-0.140081490282031	0.148923485008852
0.482113656728518	0.80393907920224
0.056311270386129	0.0668955591848032
0.570045825421381	0.362342465833943
0.569864319437971	0.362217544410741
-0.502866330218788	0.391518211407886
0.692498260961246	0.332419708071267
0.361858698487145	0.0760513170465834
0.0711242429739443	0.0385855700073999
-0.384730169396247	0.329985940833731
-0.134526132185227	0.0837397579827644
-1.38966535397044	0.501535825497968
-1.38979131814193	0.501617121519991
-0.47361897908139	0.115707480624982
-0.289285973832552	0.336303157947714
-0.90412898096486	0.784839725813651
0.187045281967907	0.170969540007385
-0.0907280500172182	0.127101654556662
-0.0921568512949826	0.129366660277589
0.299909187414331	0.254715129028652
-1.14612210424276	0.87745345592495
0.0062310269186943	0.00200636502427652
-0.503025125658734	0.39151328512323
-0.514574465196548	0.709605127320194
-0.53523243459857	0.918025155874471
-0.400346594109459	0.440111241083164
-0.294784730720182	0.375432745802082
-0.377580161282257	0.542904861856317
-0.012257389452675	0.0111863516180259
-0.139559038143347	0.148265549698831
-0.591808934631444	1.07992369492408
-0.747882869372698	0.982966538274341
-0.120747528439984	0.165261793452459
-0.533068733542576	1.16829671275328
-0.0274053911188526	0.0249253945749265
-0.640783899978898	1.48715483843003
-1.08211438488266	1.06316803245804
-0.579118217653428	0.305444570429297
0.0145372523484922	0.00859829511598981
-0.556329466669213	0.243495546664247
-2.15451821389688	0.46533654820635
-0.0858812438030872	0.0374352550027414
0.0325783806233575	0.0162083672083924
-0.583536208101129	0.356794814269034
1.85876496574011	1.11405708484143
-0.473293904201552	0.115599424911331
0.782866740058969	0.520939182656066
0.398641544060132	0.755873192046139
0.64154324165834	0.54564360288035
-0.592723436674331	0.607345267849919
0.243848365963539	0.386630300084032
0.0206167349596491	0.0254420007229312
-0.25394874918322	0.26743050941156
-0.0855386111326405	0.0372858102338209
-0.58756138040428	0.406585318283645
-0.159254051070958	0.168961112677042
-0.377434284320625	0.542654127829366
-0.0354240450820669	0.0379955302438948
-0.0644964825745052	0.0755895711720379
-0.161466684179215	0.180295735535154
0.174375197842193	0.247697286643278
-0.120774807246257	0.14772303417803
-0.615873072112537	1.42322644755927
-0.806433454461099	0.653131571998412
0.010988712491578	0.00735279649974952
-0.263624791072348	0.262488575093572
-0.139076974480384	0.177350399817467
-0.181642560152844	0.249625660877264
-0.253381100337821	0.375845759445144
-0.290654959340302	0.46143970969164
-0.137696203518142	0.13886862588485
0.0443647413142825	0.0279275622961692
-0.121353408891099	0.101198395228566
-0.180410984045228	0.210935887683486
-0.406085663396826	0.293293516696862
-1.16297357285001	1.20756099527661
0.201576593970131	0.156353659692377
0.082853047694958	0.0311647501072597
2.52495249403963	0.634914613115007
0.388700423012708	0.109160200857588
1.32936494447391	0.775253525639745
-1.00215966499849	0.304734599194237
-1.00196868605036	0.304687348735161
-0.435826739782279	0.240637929437678
0.310654873084556	0.54680139388777
-0.417325614078791	0.408645637551472
0.883389595438042	1.02666404203146
0.212631798426969	0.289102636783295
0.43041347174891	0.824293930365762
-0.423660996509965	0.513923791262613
1.50048129337543	1.20108063321702
0.390658493891755	0.346587375235693
-0.163240896622877	0.191079576585842
0.065820167115751	0.103731664966393
-0.235406227032803	0.518623177214434
-0.0432481100944729	0.0732719872736038
-0.0906934420566987	0.145775719520127
-0.351725354114664	0.54248185886815
-0.330953018696019	0.402621320341095
-0.223522486273124	0.248519254854771
-0.27448393950519	0.304427501604184
-0.515935103588552	0.711812385199051
-0.223674675126701	0.248737666566853
-0.133114592465227	0.16255451070168
0.137380278676154	0.210869644316728
0.0870835271819106	0.106827755595955
-0.210402806211088	0.377496978604632
0.159804200294628	0.196797005645585
-0.180344595351332	0.210848597705462
-0.147179919833621	0.172455291267932
-0.0902945819514569	0.0572031643877085
-0.104326187254981	0.0734066516428311
-0.261278630995327	0.211697685022725
-0.48511907820253	0.696295641045141
-0.0942388473086348	0.124125671397728
-0.0973227160110231	0.132437129678469
-0.0813903600236196	0.0992081808937522
-0.383978032232454	0.329072500463831
-0.0206958047478976	0.0117586425776246
0.158793507746391	0.154568959100221
0.148372248204022	0.174398783432448
-0.457010735414087	0.416921766751105
0.902448714617435	0.873572407696455
0.697974658452861	0.534104234126189
-0.138491725911058	0.0395242008307689
0.361858698487145	0.0760513170465834
-0.474072115851475	0.115784867669351
0.389148735446968	0.109285725974399
0.939468188510465	0.525510098214569
-1.00196868605036	0.304687348735161
0.0067903523564643	0.00217391063204789
-0.249510592908837	0.147944882664664
0.151321460978484	0.197738902906017
-0.103992874917395	0.0731551878037612
0.748784092154194	0.867789151972652
0.157138901982225	0.209808971120594
0.235053301828787	0.353568642725062
-0.627014744243999	1.00556119309048
-1.75501081832127	1.59573315879334
0.219519553284914	0.125945833582448
0.219632540832344	0.268499232390581
-0.0126236955442424	0.0205873062956185
0.110135888156709	0.230941938810056
0.336343862088017	0.935043342326229
-0.15154353215288	0.28693913832254
-0.515100858616862	0.938648232897431
-0.442350854374515	0.485833339554949
-0.121696982915015	0.129507235952333
-0.213717308664391	0.188422983915534
-0.268273129558819	0.39782395922856
-0.437541367324291	0.74741899650683
-0.242261873414673	0.333739089166515
-0.185550030592352	0.140416007800066
-0.127700950778801	0.114191492787381
-0.363623824296133	0.289359675440868
-2.68196044668889	1.82774681551437
-0.790076264898151	0.892980139733273
-0.103307044238478	0.109929685354286
-0.142692699929907	0.0992480824684191
-0.520736592962127	0.471860634119036
0.102356379321646	0.0598676014217797
-0.206546786349233	0.206821933229914
-0.891074176736512	0.575923405209755
1.34739751888891	1.15694206148775
0.394359594817734	0.135507846198324
-2.15451821389688	0.46533654820635
-1.08918946732959	0.5029265384146
-0.172330859760746	0.0704991966259504
0.361858698487145	0.0760513170465834
0.0827373465346443	0.0311187140854148
0.549064810466017	0.375819141785793
-0.13726853768333	0.17472059718331
-0.227168178949379	0.170023507115091
0.282827629313693	0.219115251764128
-0.200414665473304	0.234379982688512
0.138661175669518	0.173394804966465
0.273063081457775	0.28719485401443
-0.502389919878131	0.391164473912894
0.385132606636372	0.29822835011085
-0.126561521403816	0.14157403981294
-0.13010569611968	0.228129807198102
-0.242209766473431	0.534051612776228
0.205970222312178	0.472308791256992
-0.246329387064446	0.479609765132148
-0.367854252016585	0.508922910509368
-1.300052676307	2.88025739398418
-0.081590211701569	0.0913933262433326
-0.46283149404144	0.691165348653167
-0.0955861104822851	0.0801867371235615
-0.249844494587615	0.148152220863438
-0.372463298464792	0.242471644868516
-1.15700416367215	1.05130682897216
-0.333419712155394	0.368706435709731
-0.0633302519116082	0.0350470163490283
-1.04290972864702	1.22119412277312
-0.485567753864042	0.343889725382116
-0.468500373169427	0.456599530340411
-0.250038130696016	0.14829839657631
-0.090452777798752	0.0573042579758144
-1.05855702507273	0.900321877604312
-2.81817893137655	2.06677055949787
-1.69702609696698	0.705889215708539
0.92234078813355	0.335589606075705
-0.4737470176026	0.115740974734865
-2.98684801730304	0.760282467602195
-0.578125665272558	0.304829459171569
0.053614071981024	0.0696249980386665
-0.531629241611513	0.54774268564907
0.383610425505103	0.266401171944054
0.122126308583343	0.132408905290511
0.223622840096114	0.317540598241865
0.208513224757942	0.242346815348461
0.736554202352297	0.528105851509994
0.0447293906764951	0.0281619491634537
0.0224744005925225	0.0231167459029561
-0.250573057302202	0.554026710652946
-0.00491695971288355	0.0078339330522138
0.244629550892402	0.566253330431725
-0.254811884330946	0.462015136857947
-0.495096160203529	0.765857033501026
-0.59353631169468	0.495470009908809
-0.203881973353993	0.215708054029875
-0.206275686443343	0.206511039068333
-0.715371016451824	0.813166843240865
-0.583378923609912	0.356713788685056
-1.46380328851356	1.38136890355909
0.00650343874629077	0.00482409585361864
-0.521070239402641	0.472219907715536
-0.185195129712657	0.140133303772381
-3.05389449886037	2.55132858229098
-0.540367944681448	0.621525993083236
-0.468703030558874	0.456862278708607
-0.289774942588268	0.252458272464419
-0.468223824026023	0.456111535860289
-0.427230664753986	0.336554838975276
0.620435762838603	0.55153945418196
-0.238281443440404	0.161304296958796
-1.05907067422766	0.900904254056699
-0.716547219812701	0.480738406491479
-0.0870627570868673	0.110289327171074
-0.0696502628374573	0.0781832123871934
-0.0151407718567786	0.0120063393353241
-0.964416801317558	1.25364145920038
0.129690974521995	0.0554121511236294
-1.36529695291983	1.20789193367223
-0.55735975728574	0.244140038228301
-2.15421911362844	0.465312945107294
-1.00196868605036	0.304687348735161
-0.526320357908881	0.181536079478803
-0.526439196579555	0.181637496851545
-1.38902915951064	0.501050030773495
-0.0628059599093682	0.0347556752436137
0.26577351938665	0.410762361393154
-0.594102423485862	0.49605090357733
-0.38437542094552	0.329590595151841
0.283701418505654	0.402234923580572
0.0724019007241359	0.0900175870402261
-0.542102329505356	0.653730710107919
0.0956302519325873	0.0672939838283855
0.518062066970801	0.400114120214106
-0.394037841825882	0.608767139436169
0.0591273290965052	0.121836905318451
-0.163501236338521	0.386600934436412
-0.252304051297626	0.740675716086468
-0.21227762832354	0.463817318326429
-0.122807040572342	0.286005621825262
-0.00905592264732767	0.0172460455521133
-0.1244494235913	0.294201521396955
-0.175766673321145	0.377662967191158
0.0294323965466668	0.0288474565015728
0.0356474812679022	0.0251589174399909
0.0443398184006006	0.0279032146361517
-0.187234125484495	0.128621390220165
-0.363780694716707	0.289453681606457
1.30961564768356	1.98990762751694
-0.0149089244680746	0.0108208210957895
-1.49994774444566	0.866653987599819
-0.301746651113529	0.334085212268624
-0.430737833715218	0.447835706246355
-0.697442103355683	0.877324159408238
0.0272684819073923	0.0211221321548047
-0.59205009583554	0.643044217941702
0.0624770882645622	0.0524743784784657
0.826903773601289	1.02357929096252
0.474828340863198	0.492080193376087
-0.403370457818227	0.370975551273379
-1.24974601622387	1.20808861432311
-0.186661772969181	0.113726725452198
-1.14692897363725	0.878446836452343
-0.593207452893215	0.95246296901207
-0.592397093060674	0.816066517343266
-0.134246087697433	0.0835564385822814
-0.33690836050508	0.246822447052633
-0.443645550801048	0.377340764778769
0.237273025087706	0.262985242316572
-0.0193429783709898	0.00887149586815049
-0.0855899539103537	0.0373076953851877
-2.15421911362844	0.465312945107294
-2.15421911362844	0.465312945107294
0.0331013161369484	0.0388910953802604
0.532554634017505	0.389034913337553
0.338522241813949	0.391218190969417
0.0867497163111772	0.106374380284153
-0.23345065825401	0.356451104946701
0.1580327504737	0.153662149894301
-0.330216847495123	0.189563353167821
-0.405326167075073	0.292725548193684
-0.136771988486656	0.137825319355342
-0.611797542192499	1.82785809400581
-0.294214597375147	0.632607501997279
-0.035592791790035	0.0598865557452017
-0.371425626019011	1.03813113738934
0.0105871561748317	0.0154313289435707
-0.449946378089102	1.10772530628045
-0.200071442036562	0.222445776423595
-0.503001761928294	0.3917296626186
0.197251461394669	0.103837401666497
0.0142419171600923	0.00842566151845105
-0.114695545539217	0.0884114146482558
-0.583970743786624	0.357109169794188
-0.184280124544826	0.151786671585733
-0.219443717776605	0.179236276714058
-0.223674675126701	0.248737666566853
0.347219381510248	0.435181322154968
-0.0962132081724588	0.0807455537652873
-0.0707986059607887	0.0503579143000613
-1.04238810988833	1.22021768424446
-0.333336127109457	0.288032748550587
-0.909464990377411	1.13127522601912
-0.908375746839249	0.96188641280802
0.292291220066222	0.237492816537353
0.168843527580837	0.118458360031002
-0.678520628104201	0.604206493828841
-0.760015714157008	0.719819038059435
-0.44402062338442	0.377744759719275
-0.434714545343148	0.648450907962304
0.39902566966669	0.542111717701594
-0.249508553050513	0.218751280932838
-0.479286971101443	0.496458978557645
-0.909020361544362	1.44987289366683
-0.495096160203529	0.765857033501026
-0.122196148110184	0.101960098282683
-0.743728913653519	0.436392445705082
-0.904030703822323	0.784607532216943
-0.556329466669213	0.243495546664247
-0.145438593901389	0.206196179169638
-0.187438113801759	0.128786767697525
0.00969252070065823	0.00649589413572033
0.193188138875075	0.271023651949774
-0.262066810604147	0.451801697293444
-0.206432284056443	0.206686617088804
-0.436612675651146	0.241179490901457
-0.17172687365647	0.0701854149556601
-0.169671490653219	0.350914035369552
-0.259150622613749	0.541374492876462
-0.0862330449528328	0.158595739448099
0.115833991097531	0.232199662406725
0.0603065782750968	0.0993583570374133
-0.836475756155644	2.28105410872131
-0.158375689574221	0.167855561062123
1.32522548970727	2.32576859981252
0.201344095641118	0.156219485332567
-0.512411496073552	0.431975809229471
0.185619075683239	0.137098025325898
0.163013726657268	0.137962116790266
-2.72805808427684	3.21910294986244
-0.641754932666782	0.809236858965416
-0.271881464559971	0.300963789716414
-0.246545187146621	0.273490035318251
-0.450703406572016	0.520224328523109
-0.206233701721018	0.20643945112689
-0.430432920302194	0.447302048362462
-1.57217659985064	2.43292186500639
0.545036464706132	0.625921237956759
-0.214291034928075	0.189005333642041
-1.2400665511665	1.35674951895433
0.391954817644865	0.362221523991292
-1.23029883853527	1.49613032527034
-0.639666414779897	0.843963408090531
-0.185195129712657	0.140133303772381
-0.146740494667179	0.112040521053002
-0.512738421912977	0.432344974016667
-1.24878832372774	1.20683478903675
-0.228068414070689	0.30218412000886
-0.267623942167478	0.355725113877123
0.562914208616527	1.0065613567837
-0.761666441510782	1.3956871962674
-0.442937028495592	0.376461607576793
-0.427184713299327	0.336495854778479
-0.486227973000065	0.532188154958446
-0.213591635758581	0.283653699844456
-0.678204540739616	0.603697091124066
0.129782482723068	0.055444175672436
0.948358467325555	0.709136304566571
0.00633945431459683	0.00203784566389168
-3.51246745183048	1.03638668849477
-0.74250137496616	0.750505288323659
0.390414629322419	0.346240918786177
0.170037527303868	0.25759269547683
-0.351071939390173	0.614067461212487
-0.169807743014881	0.351279311800772
-0.191400471543015	0.399541376853282
-0.0978028566028006	0.165576932726096
-0.938703260153804	1.10670541166797
-0.335300951902334	0.245329243010323
-0.141988773644165	0.0987004483926664
-0.89095728605558	0.575802366178478
-1.76249156465776	2.37456748171346
-0.510001428134875	0.674399673038071
-0.0818880180714405	0.0737119202638884
0.655869263931559	0.898165028185168
-0.183516033701432	0.151097831921735
0.464667134088782	0.529698548390821
0.162608538375409	0.137580532814525
-0.97679995115446	1.08867099769711
-0.103992874917395	0.0731551878037612
-0.593437967101719	0.533430456005962
0.148631195761806	0.120574583459816
0.696419605178574	0.883202979452657
-0.429431112912604	0.445901539043342
-0.40212512767479	0.369498734061512
-0.362932511158741	0.28864569103365
-0.210200229520736	0.310847310849116
-0.338580768530113	0.637809382323518
-0.332499908989307	0.642337387054962
0.174254477531199	0.247464113071573
-0.13396305383883	0.189616331165658
0.467962980694421	0.517821056601111
0.0270601518959733	0.0209585086845179
-0.0519691831022719	0.0529428355935263
0.0234888224416424	0.026931291693087
-0.260112036287	0.210549671555554
0.734960365321714	0.526662746663424
0.620798123532665	0.552092013291304
-1.30804228201606	0.680044106432216
-0.308247174927023	0.247429271281714
-0.333846556494936	0.548706686767254
-0.23325234905475	0.356037320831947
-0.233325861571585	0.512381876413813
0.2153934905262	0.488582224248315
-0.173053705287446	0.336612667933025
-0.496528551619766	0.769109820128377
-0.363780694716707	0.289453681606457
-0.0138290368924384	0.0126239989529512
0.166888353217856	0.0796421959823403
-0.150893417530376	0.125100046524753
-0.391206448891456	0.540160939521363
-0.181318399131182	0.240289598861384
-0.046913279575248	0.0502278426164844
0.289321972818093	0.332326696682592
0.778767526229666	1.32595692186053
0.11170766292455	0.117598605145941
-0.142862336970024	0.0993778168552897
0.0351693176667117	0.0248224853279857
-0.0708833674118349	0.0504242245697291
-0.265428683580237	0.309335534135228
-0.547375875151137	0.692763937268154
-0.296643369760671	0.294557966849721
-0.592310874475863	0.78224865473565
-0.0418109290275294	0.0489383366258597
-0.127320088081126	0.16806805289705
-0.134951698887005	0.165129660707918
-0.0241447863454459	0.0259236333575293
-0.346747687173507	0.402428533303078
0.268033661508854	0.347369048234741
-0.20169219943693	0.236050796120429
-0.10185745083864	0.11931738073401
-0.717137733813721	0.481323111636119
-0.115493415338312	0.0618959747145958
-0.444374992943106	0.378104530357655
0.383753844141199	0.174122278287642
-0.272235731413024	0.134419762727605
-0.308935380093823	0.248131560652942
-0.332555497560395	0.512445990478354
-0.00505392126762562	0.00591184878635067
-0.321309164397509	0.444323968639659
-0.211069744176319	0.29077946988018
-0.315103065851294	0.516353969902214
-0.296809062836081	0.528333848847312
-0.347156547565086	0.402947198547023
-0.378507026895567	0.438618838669056
-0.331297074075755	0.365919655666607
-0.012417007431431	0.0126963955707804
-0.975014060868989	1.55450129609133
0.39283710371409	0.363170734721495
0.329436030325161	0.348695312798844
0.668022820622536	0.892787655197664
-0.284381227624885	0.299170300724488
-0.378465584351333	0.438481360681481
0.398071668686372	0.502485441021265
-0.296910902547136	0.294835863693741
-0.0849746068664063	0.0660216788418104
0.321193942078783	0.31824187123416
-0.121255207494537	0.101102412179011
0.0344032077111239	0.0242754955904128
0.579694845886364	0.581250066477846
1.17958024461374	2.06283189339393
0.396451733076677	0.461885307738559
-0.0588155323784044	0.0460409971093329
-1.56892576735876	2.14427185727132
-0.649304496683595	0.741165396899052
-1.16696845806097	1.63936980008183
-0.543054344348935	0.655643752207257
-0.712266768716194	1.09990485518783
-0.0412161609867127	0.0296193385831911
0.291646456114854	0.343607340731766
-0.366129499083419	0.404045596112651
-0.783114971712169	1.5229469703664
-0.316228410017957	0.367104031311672
-0.0621432328501628	0.0561357097576045
-0.105665627258623	0.0949397816983114
0.394031300967931	0.135384449132734
-2.98625935690659	0.760136336044329
-0.586937235044754	0.406028146644531
-0.775756141785268	0.385855670473159
-2.98625935690659	0.760136336044329
-0.099257723644258	0.100505014387277
-0.240146795253836	0.225529601536113
-0.404747487061936	0.292219909465696
-1.00184058135726	0.304630571226253
-0.834442183400278	0.336868136059492
-0.587080955764592	0.40618193287197
-0.487484916816739	0.34557209968363
0.0327358174236784	0.0162844509384754
0.697974658452861	0.534104234126189
-0.134426539417085	0.0836604234688562
-0.258907642674744	0.316244818850754
-0.448647506098867	0.619461657526996
0.0795542758974777	0.0764651674738097
-0.273811310428105	0.255934591067754
-0.0631968776123597	0.0349752105139653
-0.085470126621795	0.037244902358368
-1.1469877217709	0.878528604138502
-0.427471468342383	0.336574957529859
-0.518271381653263	0.743877423326644
-0.836757839249501	0.839186340883904
-0.181365847839739	0.171526831047428
-0.262043161052749	0.21236385335664
-0.593317344559717	0.53285861803645
0.222810770968068	0.23262889719206
-0.363454156075754	0.289197208331101
-0.354763544229712	0.328264253978482
-0.503319350460839	0.392001793363971
0.51854329038173	0.40060581889704
0.883855813882605	0.706232606725901
0.493562357456356	0.438653607955224
-0.45737183611564	0.41739874826208
0.860327018194352	0.866766748575293
0.728585130536973	0.871099036565846
0.259949155848805	0.256267708841673
0.162650146482894	0.137615157126117
0.492519520665251	0.437421772486389
0.0139703149538377	0.00826757430059525
-0.249460525091728	0.147917281057297
-0.592191605272942	0.606379393380075
-0.0584496214773656	0.0457440613237841
-0.239664497370778	0.162384974291138
-0.486336385313585	0.344695396452043
-2.11394888652659	2.39254433819032
-0.743776090905574	0.436452009690677
-0.669503331601853	0.639179371758951
-0.433430549916615	0.550193712408969
-0.117625646390417	0.205953072407937
-0.181900941164085	0.284053927978665
-0.102935789490439	0.17061598039193
0.562753666013815	1.37315001190418
-0.00356757271782682	0.0040077787095388
-0.621103145222722	1.16990880038685
0.152876802668658	0.233111459394356
0.175939412110363	0.332319760356584
0.604957680997422	0.762182984523259
-0.187502528168736	0.128849706845528
-0.0276914837753785	0.0251906332266462
2.16785643685165	2.11659285170884
-0.238689528859517	0.161646579802237
-0.354361959950208	0.327787163592429
0.151388945811346	0.197897659773873
-0.0633673192618761	0.0830343693518221
-0.264845933396942	0.530277863981645
-0.438952323529661	1.09921653475579
-0.0606650570682129	0.0821069539114943
-0.269301090173416	0.43904657818539
-0.38302690015596	0.670233513438989
-0.182056658231261	0.24146021094724
-0.179817160978126	0.219589638037017
-0.0835414379117567	0.0753093208477383
-0.451119238719788	0.52088636866505
-0.139112116001256	0.147729680210278
0.881623328391025	2.04975345955166
0.105030206796987	0.127189471333756
0.61387435081396	1.10751753334404
-0.321243325859143	0.444238072868106
0.222244287418984	0.272313788115386
0.138950946946608	0.158959961196951
0.0809072956395162	0.091089365174354
0.013680346480193	0.0137070315187346
0.25352150492357	0.363366977835331
0.21439797303904	0.255715582051853
-0.244519799857741	0.337653207105113
0.398457112240046	0.515862800955175
0.494567743605348	0.746778232721216
0.399976082007245	0.531206771952568
-0.0730025619869538	0.06159460927371
0.176490061048742	0.155484976359711
-0.549088895068559	0.725579568290877
-0.137696203518142	0.13886862588485
0.147691310634202	0.156680741098001
-0.145630878602759	0.170378660146932
-0.448199178409616	0.618627684266016
-0.331238903723071	0.403108738603844
-0.594075781904973	1.1511901023172
-0.0871366246891301	0.110352880262566
0.148662473731419	0.250325639133622
-0.266016507573593	0.408724197672744
-0.399871782656357	0.976304426360932
-0.594228147653951	1.11940303441126
-0.0376863946610523	0.0492023578683602
-0.0878995275573716	0.119507438467987
-0.106043812118918	0.140007788415097
0.493077559214174	1.28071109454896
0.690711780422513	1.93487821563394
0.309021887904114	0.535462137574634
-0.138702669065283	0.208851136994174
-0.261077060461499	0.211513029561762
-0.390806712221444	0.182936872483906
-0.413755879564646	0.478810694661679
-0.300955997008493	0.114002992802927
-0.0951597076869126	0.0797825828235151
-0.319723426592157	0.616662845276369
-0.274439964412114	0.511985344906041
-0.289093367480434	0.251808898731318
-1.3075840245393	0.679456622186958
0.236818396402027	0.146439356159907
-1.31162314598151	1.50679235817026
-0.332778285068314	0.367903026173065
-0.103501292694308	0.171697400764867
-0.0800327664837106	0.134925324808873
-0.238740689786632	0.398415366449784
-0.134901579576593	0.19117101923931
-0.189556202655624	0.329571493924534
-0.372932414347818	0.367318046151688
-0.110679545868064	0.123828487846398
-0.155786778018824	0.156215786473328
-0.121715086165146	0.149003147421675
-0.557691488971507	0.863553898055465
0.742609752527807	1.18181872282752
-0.0713100756888983	0.060089116614179
-0.418184492395144	0.577002836043917
0.0708212041449147	0.0776008898791798
-0.359557793837378	0.437076811628699
0.389970475087024	0.345815275672328
-0.272973715306796	0.302507634507405
-0.247357609841815	0.328359874235122
-0.203225083433094	0.214903097266047
0.236461708283915	0.26191176035404
-0.240355530826864	0.225764909855716
-0.876318612827044	0.984064264382352
0.0220381888555038	0.0184357443435491
-0.415744253611561	0.64170565363605
0.123516600897599	0.108219527337466
-0.133476558376182	0.163048479226519
-0.107574204938635	0.204186291005652
-0.0973351467983446	0.153192353726914
-0.091562836929222	0.136395495835803
-0.0643713830736749	0.089738228197536
-0.134284729926941	0.246897469008639
-0.0264302507361182	0.0342963288420444
-0.12298905304791	0.173776837593954
0.400608555107212	0.849992064410036
-0.445946742300601	0.966639904878761
0.428876389585579	0.845389291080491
-0.148866567351476	0.23684762805056
0.235238354689161	0.396038029708479
-0.630783456220163	1.65445345953523
0.796746371770748	0.863316368531045
-0.116315958266326	0.0623254809757516
-0.26231943409734	0.21258488836318
-0.966546258736471	0.53843717213339
-0.30085522540367	0.113929791311759
-0.996199738882161	0.921999566892459
-0.27218908576236	0.134407792765905
-0.378293247873484	0.438293610844884
-0.170169260943756	0.272295508042395
-0.00519359795544897	0.0065146039756476
-0.330059352563962	0.18944886748509
-0.22775185489275	0.170545491719755
-0.227576092199328	0.659207703604532
-0.480602222389736	0.663391043967888
-0.333335442579973	0.612923187124069
-0.350956334608644	0.577790486837301
-0.8329556505109	1.76345623525931
-0.227362511502363	0.239894844394432
-0.0131148284215253	0.0112048959465028
0.143247797044519	0.197236919149196
0.0132540610107109	0.0160196105757957
-0.111611172067	0.171696388853389
-0.0704753856635579	0.0956372443672216
-0.227400958250485	0.239931301835311
-0.346280252485372	0.40166432277516
-0.401003782552633	0.576117749249455
-0.237383700407798	0.450012579192635
-0.0824129648953282	0.115400529810345
-0.359326574032691	0.572273669853783
-0.447975730640659	0.618175276210912
-0.2153006149438	0.274480734804286
-0.165226676384653	0.210380490890794
0.350163951236268	0.45032097157923
-0.261602859062938	0.361310192299331
-0.0129587618052605	0.0110706777003584
0.136574239381372	0.124199388666156
0.267108243904605	0.345762255590941
-0.410072107784069	0.543409116471204
0.270516918598173	0.358260166759844
0.587960527843253	0.780323475960701
0.278392010412527	0.301724278977253
0.178560697058561	0.185210217699189
0.279017703697032	0.386869817356108
0.00429095091165496	0.00370311651131564
-0.121512150175907	0.101346246738492
-0.0720953204280637	0.0607962178535834
-0.185673173274713	0.140468488246258
-1.07007363985406	1.51167977419862
-0.661662152463404	0.673473983979896
-0.343750049638007	0.475456132121652
-0.344104523945206	0.437736530283673
0.0517780848697056	0.0537897119778135
0.311318126661881	0.416688394595535
0.022547560205896	0.0243474775619047
-0.593464655111244	1.08469575468914
-0.613665693432675	1.57657379489043
-0.00272065797131024	0.00423186091580339
-0.0859459128324526	0.145178005332267
-0.0766605003102947	0.137425786355336
0.187636365331928	0.326892032582972
-0.163589257387489	0.296888695196832
-0.476204946067187	1.15446029973497
-0.57730069677208	1.5364953042242
0.111486974687289	0.173695017546225
0.0194402786710153	0.0247839267652022
0.219661134832831	0.345179706858682
-0.181084277446246	0.160322294706039
0.266628810395132	0.271663615175125
0.0534612210629646	0.0595694712366553
-0.302009181732868	0.523438287279636
-0.934590843809783	1.27309508424609
0.166212843098082	0.079304190723737
-0.427799137355557	0.337095800465375
0.0833989200560777	0.0313759525619551
-0.473944132777953	0.11575139667589
-0.55735975728574	0.244140038228301
-0.834101218840082	0.336744813199495
-1.00184058135726	0.304630571226253
-0.52050676090218	0.471646413172279
-0.0581321448685394	0.045484780596366
-0.12243474314162	0.172840274140935
-0.103310489819541	0.158672608711272
-0.284993286639322	0.572375024377869
-0.34618739688437	0.803529667941355
0.449857454599454	1.0874693438991
-0.172980108736172	0.300288853005462
0.0421534079478399	0.0636965637508776
-0.0725033001643762	0.0950901582799115
-0.0938098976197382	0.143556712743999
-0.287567661108969	0.563414232728929
0.0134028913957009	0.0226353803368731
-0.119599528472299	0.146085555658555
-0.0237082241242833	0.024194474118674
0.203631893638317	0.26531830267593
0.0805270377805401	0.0966437286067525
-0.0397836439880382	0.0502832172755355
-0.342054709531923	0.509357740177617
-0.322080723874006	0.47922652594904
0.160919843063351	0.2351763853137
-0.304194960813745	0.370214456459577
-0.203204089811888	0.214840170672615
-0.247201699415506	0.27441048504348
0.626944905845764	0.920939712903445
-1.11398335259991	1.5025712255037
0.627806952295476	0.922612003009982
0.247810694949011	0.289993942403355
-0.0662204012692473	0.067307761811661
0.156711705051197	0.171161763179093
0.0793346752452731	0.0762384725228401
0.23073756839445	0.296183216260844
0.792158755433392	1.3207046757749
-0.183516033701432	0.151097831921735
-0.0306879184071812	0.0261084265438117
0.148594514459398	0.139924861489145
-0.154588424324981	0.146459287506169
-0.85104049860787	1.01030167287387
-0.227376646639666	0.170219607401702
-0.334016817610531	0.288820215775506
0.0571303463028025	0.0423356914156935
-0.372997700541494	0.367424202012688
-0.156990309069035	0.157700297096203
-0.331837382932434	0.44084056532454
-0.0118871502852797	0.01015323477294
0.00106357800874923	0.00103356251267006
-0.312156749267177	0.290444336554659
-0.720014710461529	1.07111404767008
-0.335783358557572	0.682781063845367
0.37679566734042	0.853252692850798
-0.114079964823499	0.145353488079353
-0.291133800600145	0.598544836979765
0.304191702814533	0.509462716250624
0.259289078395564	0.499464588060139
-0.210796545023926	0.301261834591199
-0.0647006498536108	0.075821232896721
0.18778961548406	0.2007889045868
-0.593607626293059	0.533568755549612
0.549880079569962	0.376556524469907
0.163174788107869	0.138115765719482
-0.246755710866793	0.327348211393751
0.292855773246468	0.237964709903383
-0.996959131419728	0.923010531994947
-0.134485905648513	0.0837165305806647
1.22302566646593	0.363862190868261
3.38796186933602	1.05431693943058
0.922464856315177	0.335632429730006
-0.526885257595861	0.181763584301304
-1.00196868605036	0.304687348735161
-0.493392761144224	0.56861655523406
-0.0243209976742294	0.0273395939417338
0.156484228132538	0.170886458393263
0.0451278290146619	0.0284109350402454
-0.268470339919749	0.398287545836485
-0.187327145263496	0.520542558885219
-0.115448328818104	0.256813425242564
-0.0812618875082677	0.15480389712579
-0.19129851408405	0.466325974546212
-0.0624707549954966	0.122294948111079
-0.402019205352553	1.39730944138454
0.0481838917477538	0.105475612695111
-0.0619583137621247	0.132369572545682
0.108339249104099	0.239263668970815
-0.401510962486964	0.441903127065782
-0.441723790451453	0.484940082928663
-0.127958902491353	0.114434397902892
-0.244700050463767	0.33798284080065
0.303619399244468	0.604473625711965
-0.342662338563265	0.615374391768491
-0.329772230357631	0.400650581466294
-0.891327498577047	0.576155119018224
-0.227355764465994	0.170201942958957
0.384291402965499	0.232460380266868
-0.0703629820625076	0.0500368855677373
-0.0141889321213743	0.0112523049848379
-0.0123992339056767	0.0120153537850427
-0.115524631997554	0.135295576102967
-0.248078064952774	0.275569479254962
0.962065626713618	2.22109115601767
0.231334477377988	0.249149084305351
-0.689791640484864	0.568463440666527
-0.336954040075034	0.246881561749256
-0.307620469001652	0.246776371543644
-0.104169598223573	0.0934893269456865
-1.95263564280577	1.46182653037145
0.116003077536322	0.112079353656599
0.0387053327984849	0.0335909961137169
0.526282856602895	0.658028903916192
-0.181783430191337	0.182489314809511
-0.592746626855599	0.532552940607008
-0.190752895628709	0.332217261829164
-0.113077686597374	0.143971010610555
-0.260335101353571	0.496777522614903
0.132310316518025	0.187631794278323
-0.285093538859504	0.423274940119577
-0.211609974506504	0.302651032173538
-0.28006508917072	0.386826149160413
-0.16460245461676	0.201312405383996
-0.0242899634328915	0.0247993010915258
-0.246239429421668	0.273073849140472
-0.299215099367101	0.199088179955189
-0.182535889947427	0.0941758280759728
0.30616407516362	0.271148397841454
-1.07121049980374	2.073686754242
0.390059761306701	0.345793278888155
-0.776436413149101	0.386296542223951
-0.891282034831212	0.57610783610383
0.594957295836148	0.347788724731637
2.52495249403963	0.634914613115007
-0.4737470176026	0.115740974734865
1.22322366076359	0.363853164293558
-1.69561173139594	0.704823448360847
-0.46723746240384	0.59203054683929
-0.169462368845799	0.241041396356599
0.22402273845501	0.358457281162992
-0.180492993326649	0.201254258690807
0.283375003193727	0.21966775457228
-0.168123100097984	0.222911087378038
-0.115150542311327	0.259254493849447
-0.0352633384861573	0.0653020078709475
0.0649899709142106	0.131072845852626
-0.189521980788381	0.38681227344399
0.1495634677307	0.344447999744735
-0.207716632170458	0.52605728839218
-0.209399371315055	0.498690261515046
-0.0433863365337485	0.0876401030452066
-0.264298971025319	0.759192447959259
0.0853439228332688	0.167667868328835
-0.0435763599956673	0.0511087855126463
-0.26281838186473	0.261598152460654
0.345389660065971	0.421925095221749
-0.781926892782276	1.11671904655671
-0.591553127616381	0.605656541821709
-0.100294758512998	0.149710656217299
0.0474331579302151	0.0550197453444501
-0.250949525448758	0.432259853874421
-0.427629276878474	0.336900059842116
-0.272962690308133	0.134792380143383
-0.512021958414735	0.431421239655315
-0.180633243389083	0.181137440140277
0.399583357645807	0.593334569007707
0.118250570458296	0.114483755516375
-0.0120542519287246	0.0109995907345446
-0.197953202812643	0.230903985658037
-0.18154986472692	0.160817760922027
1.05189130677889	1.22548509469768
-1.41723718198526	1.52874078721793
-0.309123291830723	0.248291590930997
-0.0505596219598082	0.0428338857401939
-0.436359167736661	0.24098714637522
0.0831112319372716	0.0312627334934207
0.261210963308023	0.182548741178366
-0.156822743472517	0.148910369327946
-0.058547236564954	0.0458229315377052
0.340063735368892	0.393544100178773
-0.720969679605059	1.07297777880809
-0.23904317898096	0.453804855741332
-0.136466833836854	0.173526087911532
-0.171355223823999	0.267216031316642
-0.180541842204703	0.28946020049553
-0.180385241245467	0.220396255101846
0.0275921692121837	0.0347306518248215
-0.0226872008331137	0.025464938747357
0.129794058771335	0.183379448292797
-0.229192124990712	0.303827699677229
0.309971562284414	0.414416306348053
-0.180121575330089	0.200755833883889
-0.137190482893345	0.138320019120557
-0.509479319669287	0.873845118177781
-0.486833753339784	0.699699982154918
-0.0831534583946452	0.0844357503719845
0.272731275820745	0.201097843006431
1.01748842838431	0.894896906519501
-0.0193476993694143	0.0126033589231201
0.186977924880283	0.199804093014253
-0.661821709078032	0.673693954585383
1.57125216865912	1.81568659767403
0.385371515104365	0.251093348187846
-1.08898589378082	0.502786075903476
0.361731113967025	0.076032888564632
1.75600500102582	0.662171698119537
-1.00196868605036	0.304687348735161
-0.408774870892387	0.799824053149056
-0.513970868970103	0.93553335265786
-0.273847951444019	0.392433341790825
-0.115153874383675	0.0616941969121551
-0.183757090025854	0.151336845168344
-0.176922298427168	0.387500103777305
-0.158077371533079	0.305837057477745
-0.179938439197201	0.365029306929242
-0.259519172490486	0.575682668329638
-0.177726287956483	0.39648475703133
0.262284840842493	0.687825386724069
-0.00750577516330646	0.0131788985144975
-0.16799276411235	0.340097460779462
0.440026864664331	0.713534161808481
0.468322982217508	0.518390974277622
-0.402284767652729	0.369720410323528
0.244866662159584	0.224887581466599
-0.887298211413122	1.31470232436377
-2.6817177667723	1.82765552735384
0.389409407820931	0.331092368723623
0.393216734299372	0.377751102097074
-0.117996226477919	0.119271970709831
-0.34973092219453	0.365942112531135
1.30882175792353	1.98861333250749
-0.999826224914363	1.23556643066515
-1.44624665264591	1.81957922644654
-0.227855664025879	0.170613349803054
1.23186594776423	1.12488821518855
-0.443624765490721	0.377295693696547
-0.330216847495123	0.189563353167821
0.249709462239579	0.164672310041976
-0.0591213156626903	0.0462877497962726
-0.120363638633019	0.100260745697481
-0.104326187254981	0.0734066516428311
-0.0966389740889956	0.0811121363051615
-1.7625038825114	2.37459082645572
-0.205692475871837	0.395213964619932
0.273673263059669	0.515658965824939
0.152576218230286	0.232453712473525
0.160844354074336	0.268700496779152
0.493672197005299	1.00660974294207
0.211975092560811	0.321492453517445
-0.0673672425874518	0.0853551761981642
-0.0453759315370864	0.0509669676573889
-0.099649472588076	0.126560303059156
-0.0320592704353558	0.0375313895502782
0.183339972579613	0.246858628360042
0.0930728181349631	0.123239294830036
-0.470799652680773	0.856501663858716
0.0238943204480535	0.0246125970255636
0.438891815257343	0.738924843833712
0.108190647252955	0.122737511952859
-0.121928143772974	0.101725150263234
0.572361332775458	0.796391034054471
-0.846199827308038	1.5488698421177
-0.591272613954455	0.947803649093294
-0.587608603795736	0.406575397883916
-0.272235731413024	0.134419762727605
-0.186015905770752	0.113295491069645
-0.13893734325624	0.0396671757223606
1.75587756983696	0.662351717842998
-0.55810519233975	0.244471729839749
-1.08953942317794	0.503106815479701
-0.74338935857981	0.436170840222888
-0.594150416689768	1.4305738953842
-0.160645641838129	0.179228616874126
-0.414197852907615	0.831549737000529
-0.370720421092491	0.843519944710866
-0.471104212282218	1.09468988129285
-0.0763460485449994	0.125610382776155
0.0493528627333894	0.0711358293093433
-0.171109998561373	0.28908319039527
-0.0197116339357024	0.0264148900750825
0.378675761399408	0.839455475608619
-0.666183159469242	1.86047371473046
0.213170133407924	0.290031619192494
-0.478665778207991	0.793505739993354
0.188448367805026	0.201564135842428
-0.668961631320817	0.638430582809253
0.027843471239362	0.0215730763089692
0.260689696005467	0.18208702368104
1.44621768822624	2.08217246675433
0.848806124964152	1.17954978046616
-0.132996341402859	0.126606302926738
0.0222521235833177	0.0186166163088043
-0.122136266325942	0.101911233991918
-0.882785727961306	1.15276698321403
-0.0359600868459826	0.0283492180924272
0.560513322126644	0.603630934633848
-0.502140881387866	0.390856079641577
-1.08263610786353	1.06378203954374
-0.336320827149862	0.2462770269836
-0.0184723344652895	0.0120366112868275
-0.278790927067844	0.206676143213985
-0.727054752460893	0.780736210405467
-0.82759910204748	2.47553678392336
-0.193027451436894	0.301907337810165
0.15591827942067	0.22357438804173
-0.0124709295526946	0.0156587412506292
-0.154558091597874	0.30546585254929
0.174395527516537	0.268814170839556
0.0214638010265797	0.0265129356548456
-0.29673879683455	0.456222697378024
-0.596060645275682	1.28408071259845
-0.442933359370406	0.780014348497864
0.524955307236406	1.11160413973888
0.0728178468914882	0.090561837195357
0.363854718334239	0.620512088929684
-0.308873324325324	0.410392078394932
-0.393948770260406	0.608547627045927
-0.0829617968400945	0.09309009088642
-0.0296335283002466	0.0251866459009639
0.58341619361788	0.969723793926561
-0.0261117993392759	0.0252512600261491
-0.165546174031019	0.210882375511479
-0.182693093423039	0.0942595441750744
-0.390898555337021	0.182999809053684
-0.184087594270725	0.139187042917017
0.00657339541385382	0.00211145699724071
-1.39010946113578	0.501715035035032
0.083485012704708	0.0314037713222183
-0.115108239055747	0.0616850332279238
-0.186538252524866	0.113635101043314
-0.4737470176026	0.115740974734865
-1.38947323849178	0.501440968749734
-0.578998151141248	0.305339990915278
-0.253577717732601	0.376262227441663
-0.531550367329648	0.547558812720146
-1.38979131814193	0.501617121519991
-0.583378923609912	0.356713788685056
-0.163160739353381	0.190974373346299
-0.267138947143753	0.354914282767308
-0.224882453910325	0.321491466441311
-0.338847315305273	0.671100079134147
-0.0561290978484804	0.0629626800733903
-0.441653483279636	0.683161300021057
-0.115552054856684	0.152411200255487
-0.0704944284178585	0.101513613742782
0.0675466682977145	0.117888299988245
-0.268070117108064	0.524783511767619
-0.697884218731882	1.51217356174104
0.151724019435101	0.198388182826542
-0.427813379778387	0.774346617502087
-0.0440519912720793	0.0399282393456924
-0.145347252859708	0.206110225291677
-0.62746300132596	1.00654217637792
-0.540258409219813	0.621300067720212
-0.935068103437512	1.27366957100393
0.312651275467739	0.288082160995628
-0.440878677594103	0.483609637718453
-0.728020871315551	0.782143291330421
0.690405366662969	1.04509620498039
0.395074069444082	0.407578658891583
-0.440902367162444	0.583978756890259
-0.223405515955972	0.248385378718525
-1.5652406149193	1.85876176025338
-0.219603198240501	0.179381890674393
0.30022740825716	0.255056131867553
-0.934894539073306	1.27338380178365
-0.486459560099884	0.344804347302225
0.0104023138900306	0.00696662545536381
-0.592797831715801	0.607305918501556
0.386923851952596	0.314309119375819
0.186829490256821	0.17079931782059
-0.50296891280458	0.995774872566526
-0.0989333019322111	0.147402395091387
-0.449659935578595	0.908350724465715
0.107837443482054	0.141097718248271
0.131639536423741	0.219465192754431
0.312149773856025	0.767760096141691
0.039107125893267	0.044312531987166
-0.551644275397164	1.23639626050335
-0.313904150222733	0.483065473229741
0.527914340007681	1.30692601384451
0.0929825241228332	0.116420842596743
0.451720747651583	1.05350710999485
-0.507157836796838	1.05525295625248
0.400646217446424	0.620068862596466
-0.0594192720028417	0.0635169854774561
-0.0330822512870749	0.0371218927988884
0.164033126953176	0.18408271817534
0.125324395888109	0.162190942356006
-0.0138134644767928	0.0126107223609124
-0.231905914124888	0.295311072236931
-0.0321439659472041	0.0360240774833291
-0.390990482399218	0.183036184348497
-0.775756141785268	0.385855670473159
-0.464104729696131	0.293706352109275
-0.0853676009533447	0.0372014596010852
-0.4737470176026	0.115740974734865
0.129599382152041	0.055374544630505
0.782658526934225	0.520957217373559
0.49902383865296	0.424468194856051
0.921573432992183	0.335142688744928
-2.16865814881782	1.13472208209004
1.33537223491344	0.960772805104006
0.118286897226926	0.114511235705353
-0.583498632291553	0.356732156784202
-0.908896905348305	0.962335210101189
-0.115284235850399	0.244742205870473
-0.0505029780610851	0.0427850808171261
-0.268838149744594	0.398981083172134
0.0470194255540378	0.0598549678862063
0.0320463902236948	0.0391163640742139
0.0134375917252811	0.0196660515280566
-0.141111726279449	0.254670518603103
-0.22036758874128	0.347151989566122
-0.181652236822393	0.240810033582659
-0.48743023541327	0.700829045903517
0.230557775257535	0.24819334816559
0.128116559890381	0.12794525906026
-0.227888584882897	0.240569959362349
-0.283784306120162	0.298453780576372
-0.239252860669072	0.224487117285938
-0.161061883256066	0.188050203350791
0.19687505000747	0.186477261103898
-0.0138193994058386	0.0109589216293765
-0.182710843592636	0.161977653873676
0.396892065597759	0.449752892869
-0.180641873790998	0.201440317214853
-0.049336169094816	0.0417511858433031
0.225608300636366	0.191348748333787
-0.103429065269784	0.0727287753744002
0.00775977760636605	0.00574798802530324
-0.301318115136756	0.333508127426265
-0.219891487164526	0.179659492624757
-0.183555338874109	0.151092814060462
-0.134765868672879	0.0838998473119463
-0.354723832632367	0.328222748752441
-0.0705223439128018	0.050157444688751
-0.402923019269763	0.370417253676572
-0.789874322189771	0.892624471845375
0.00734059631952264	0.0100042990737734
-0.130325862386146	0.233384518799954
-0.227700559270761	0.379682333716688
0.371703811480696	0.719511524046981
0.203939354503138	0.353456563180688
-0.43743032486114	0.989719945162979
-0.0627957924086444	0.0822220183484849
-0.638538708694962	1.51391710377147
0.327409911419284	0.507376424756861
-0.326892624799877	0.585509546490053
0.330675410594593	0.53157837680473
-0.568420065393561	1.12927043442401
0.0498773721566685	0.057997863234789
0.253153500383976	0.36264079986048
0.194791278444917	0.273735304033618
0.00641001333454153	0.00730697075529899
0.159622440524983	0.196525607742017
-1.12401596599643	1.78201236694461
-0.697798115336625	0.878156371412622
0.352348323799459	0.474973004335564
0.267952353468507	0.347234717468028
0.126808051718692	0.0792430882595019
-1.15701549170785	1.05119752893
0.385336961790517	0.298421220727097
-1.95292590372157	1.46226298002837
-2.15421911362844	0.465312945107294
-0.526230952831322	0.181453225439456
0.632807807399066	0.33712411861585
-1.26011713129865	1.04038350426488
0.384700873559426	0.250603917514679
0.361858698487145	0.0760513170465834
0.388378826936029	0.109035539644979
0.0837724852204606	0.0315138877810219
-0.26662308103547	0.354094011034313
-0.377040409526658	0.640742019758001
-0.621752229127967	1.17166854164917
-0.171883155388867	0.290628008670832
-0.284285366122214	0.670994781589088
-0.361078089479768	0.904421374361015
0.42946916976044	0.859889537954776
-0.550323136976366	1.1787785822277
0.484935808548502	1.30915035758271
-0.0551466704872159	0.0766381426624387
-0.06067752225155	0.0649481144564742
0.00315630781002168	0.00289865912954343
-0.296201504806483	0.377676835125939
-0.181316044006536	0.212176244264099
-0.346630481538669	0.402243847330106
-0.349786223573558	0.365973425857993
0.213318425889266	0.173150036721441
0.488027711125793	0.452007696104731
-0.308205048148279	0.247438526576831
-0.315452282531902	0.331026297543003
0.138854110311106	0.143064429334695
-0.0731034791864769	0.0616840205462604
0.398509485716598	0.515977641444509
0.046445752170973	0.0375196126282623
-0.147548888092506	0.112709992642269
-0.402646619463937	0.370168181665651
-0.184399034036556	0.139413374012201
-0.592452605236983	0.643638671017576
0.0559691249817275	0.0414486748383318
-0.999624259350289	1.23524688157074
-0.0191350463498559	0.00877957529210037
0.225652185525164	0.191361106954284
-0.308538412454802	0.247755590269435
0.478696195093919	0.478732388397832
-0.493542695744991	0.568919806301864
-0.240664487131744	0.226076950389505
-0.182118210143615	0.172367240663658
-0.0606407119201119	0.0739674228895928
0.175038185932353	0.290387025706343
-0.220061738395992	0.395548846595354
0.148469862931624	0.208416923279614
-0.043957008880182	0.0664228863614974
-0.260765789861861	0.41290627439977
0.0526837154073421	0.0683347174207794
0.550919947205525	1.22452056265804
-0.0339205884948953	0.0380975241651822
-0.0442274675570403	0.0400833962414255
-0.253036613573608	0.266163120545035
0.131070719387971	0.173154766751313
0.265837276449346	0.411184235905529
0.345200963993789	0.421572744554347
-0.127517656398013	0.142775289000129
-0.95274651508655	0.75315676365907
0.236236265066205	0.208792351806342
0.00731397128887328	0.0054206370519412
0.23537771785854	0.309131667170533
0.0319876881051067	0.0159156844389435
-1.33578531460317	1.36672124977467
1.34777222768068	1.15713195640418
1.22322366076359	0.363853164293558
-0.139258708787851	0.0397553524568051
-1.95057211414036	0.916528474190867
0.394031300967931	0.135384449132734
-0.833528978776724	0.336330827254763
0.922464856315177	0.335632429730006
-0.0864121254387165	0.0376684304661824
-0.446405494312403	0.987121439382427
-0.372844460016353	0.2427719181186
-0.291415852182867	0.741329859040691
-0.156035587649824	0.35597055728655
-0.249044508836244	0.602125089939352
-0.0755528299045573	0.0884723294629685
-0.01294972802612	0.0118181152694349
-0.000710377849262802	0.000725713231132165
-0.278318658137157	0.706166905806184
-0.0964174300247898	0.17052574184434
-0.195983893604728	0.392066505326206
-0.222642959724413	0.601584256789032
-0.162199009150008	0.411275358545773
-0.141176119988627	0.319684866554379
-0.0601934566070237	0.109264489749758
-0.195110620416518	0.258280032090103
-0.0020314084090889	0.00218230228170421
0.0211347483762211	0.029909514815311
0.0705908279642759	0.0825940482162706
0.0969585695648371	0.150022696023725
-0.229717832812537	0.304913972747174
-0.294712041961964	0.375304664102793
-0.402806202221421	0.370352533823233
-0.525666322935794	0.508815425207513
-0.329842810698226	0.189306253830455
0.641163389823192	0.545244573236561
-0.0131945441263932	0.0112705240415939
0.0401830348040468	0.0405444039276518
0.0997342990617557	0.110245193460883
-0.0592307804518059	0.0463774958208863
-0.467432733499733	0.59252082180824
0.236277172691739	0.208831983313187
-0.840085661617606	0.614272623579038
0.148905157951487	0.0988126814193068
-0.583318901491766	0.356606509103196
-0.592234036631923	0.606588141032638
-0.35528668992989	0.328859289280446
-0.0633211170304949	0.0350452901670419
-0.905045398796176	0.785620583070264
-0.330157715643049	0.189518424818333
-0.309499166516907	0.248585834491551
0.464881046057771	0.530290050916535
0.715182335285586	1.03548722693529
-0.121206194358504	0.101045375900769
0.399034332312769	0.54226195298336
-0.179449508998871	0.199863841319939
-0.645499124301446	0.775982505546105
-0.206322749965882	0.406035182811711
0.0608406916048881	0.0806327382008553
-0.0595933507326097	0.0805460075123156
-0.0124991856971471	0.0172210874699841
0.168033104375878	0.289360528924856
-0.104159111523046	0.17296741413529
0.207827827801546	0.309442051504717
-0.171445430616587	0.244356283241706
-0.0897239994580487	0.105259658414855
0.07203835219263	0.0895312890547914
-0.137537787966731	0.175119579539027
0.358562574585002	0.527941135929958
0.55665524179853	1.20431161366386
0.360669024063577	0.552840831174835
0.490170073585957	0.771824906310091
-0.507543129402187	0.869194599731686
0.244658735580377	0.224666632306118
0.918273636930582	1.0322404426952
1.03166587364485	1.67699040448871
0.192836304530753	0.211695100890462
-0.384896844351911	0.33015307849116
0.698170006415957	0.534264994563934
-0.390292597922951	0.182683575221982
0.394359594817734	0.135507846198324
-3.51275490635894	1.03648648662477
-0.47361897908139	0.115707480624982
-1.69670265447988	0.705803285671984
0.394241336508039	0.135429440608252
-0.526112021289234	0.181460858177114
1.22315328754905	0.363779620936383
-1.28177845779531	0.865724761748823
0.102302015934063	0.131264317891308
-0.622622587709714	1.13877275461789
0.220048243174063	0.126267046592483
-0.487228546117996	0.345406412838106
-0.232135390534735	0.459580887655342
-0.128447273664973	0.198014729287149
0.454789785333607	0.982411925039563
0.2720394502888	0.360697315947802
-0.120856355874204	0.186369298876209
-0.326356840017295	0.67624195990797
-0.13402308931242	0.267150538301574
-0.0878557016756917	0.151664076858832
-0.424744230373385	1.1828840544852
-0.15665247509163	0.290311577664722
-0.356931164493942	0.474015872817271
-0.512934707670243	0.907515208139834
0.0398524655637305	0.0497021682174551
-0.443459509454691	0.781262467234307
-0.663594672719289	1.57870319835512
0.540989899106752	0.858828945975116
-0.290967967181323	0.416791641457403
-0.205649308397433	0.205746254093519
-0.239528394585428	0.162285555857611
-0.781228715953174	0.688510546260948
0.174872817907409	0.153885029509097
0.30480583300278	0.388867294231238
-0.0308446795463015	0.026244495078586
-0.41368794689729	0.478738596015562
0.186453486825213	0.199168775749972
0.501701544723318	0.725528805370896
-0.184673573862937	0.139693215020179
-0.388304174811622	0.405114270757723
-0.114664048352737	0.0883804898248354
-0.494289597030725	0.570066438825218
-0.526674824301794	0.510188317771831
-0.384542108601947	0.329775292225605
-0.593437967101719	0.533430456005962
-0.135105552575328	0.0841209444567602
-0.806556184032374	0.653285748931602
-0.35528668992989	0.328859289280446
-0.443773253826553	0.487339569596692
-0.154688567016492	0.146544057888756
-0.430847895738701	0.447915545511672
-0.30073372799827	0.332692714709065
-0.210634656128977	0.198732290815392
-0.180469097244311	0.17053771330891
-0.0131081130898548	0.0175407914941024
-0.0814495992129448	0.140213789217722
-0.257870439260779	0.455828600724201
-0.0564981553636127	0.071414082707364
0.00686105727122062	0.00960849464118627
0.0699938187521904	0.0992706706375399
0.453865959663151	1.00649809190562
0.293657228091973	0.543951063507662
-0.297087441287507	0.529020780838229
-0.210629990207051	0.290025611130488
-0.34136617259081	0.507957122349097
0.0799833959955046	0.0899682112484203
0.100326879906244	0.128409272203477
-0.19510546911115	0.268163609908752
0.0617171422570188	0.0658887273775836
-0.162135969187002	0.181152911639892
-0.219774898377226	0.179511578094602
-0.531629241611513	0.54774268564907
0.333968646014576	0.364801773401017
-0.0750697445488532	0.0803026145628985
-0.363636406192394	0.289363974427113
0.384362775407836	0.250328945781915
-0.743631442680116	0.436371870130056
0.383979720123171	0.174250950865497
3.38796186933602	1.05431693943058
-0.436774988447206	0.241260158221318
0.0831112319372716	0.0312627334934207
-0.17202863771562	0.0703563818212956
-3.51304236462973	1.03622228321333
-2.15421911362844	0.465312945107294
2.90373246818461	1.93705625242241
0.0216707195593327	0.0233874114913373
-1.30739048284223	0.679294286449225
-0.439236737962286	0.927690346686653
0.160448795367462	0.156335857379779
-0.556701713000141	0.243766524436716
0.884241057903011	0.706613655314673
-0.541679617252066	0.623229755788458
-0.326926209575507	0.647060262169941
-0.38119734620069	0.706528412323139
-0.371114935855812	0.704633247149985
0.0863847664856618	0.129161799578973
0.0782884052816448	0.114531067039362
0.00893366309909601	0.0114886058395523
-0.223564393075915	0.381723074694653
-0.333930824238971	0.741177521339175
0.0478218932561185	0.065978134354795
-0.275057433438345	0.394577370030683
-0.0551572886366006	0.0647491500665227
-0.226676935464106	0.299713248148969
0.0373157009770073	0.0395846791190236
-0.165255638635205	0.202230243599185
0.400513579908824	0.557629559938263
-0.309245476034637	0.411008599395065
-0.768890188503927	1.58291840806174
-0.363245118786588	0.541303315685389
-0.591888772926591	0.642804349582029
-0.851764962710711	1.01106983684207
-0.0529304815287288	0.034031845054916
-0.159768148852138	0.169577037911962
0.826207181461193	1.47185104133005
0.921170840942283	1.48825495322102
-0.75109934009499	1.20294912759154
0.396996971015382	0.462781465330216
-0.457204199955429	0.417341065388464
0.560673935150799	0.603838605663289
-0.364170614673173	0.289829599150938
0.11539089670569	0.0853974967130506
-0.183194084463124	0.150816852690542
-0.104868871936642	0.0738011088411096
-0.486735857991128	0.344833015595499
1.03215337388993	0.716236335484119
-0.464535996564184	0.294005239624238
-0.976946196179765	1.08897565153591
0.0918275325029865	0.0830013665458348
-0.543896008690501	0.657169125992429
-0.249024648406941	0.218265358833356
-1.21096874073947	2.05459191447632
0.500666136997112	0.723286279763485
-0.401196602942898	0.441432039486365
-0.0181390196239846	0.0118185936481398
-0.0460232985944068	0.0748342767594764
0.0779320631865719	0.141236053774138
0.401550136912732	0.986235111060344
-0.100180966289073	0.136787412752977
-0.234708145584562	0.41322115869114
0.00955269004113687	0.0122904896944784
-0.195838090810322	0.288879933670779
-0.146752746093897	0.214691628546277
0.520534764225908	0.907131051859383
-0.021062027965476	0.024609729948547
0.237671076920095	0.363913465309304
0.0543347098231135	0.0606164487207879
-0.499371114431636	0.603984859315808
0.106082328199909	0.0993338699478847
0.284500558225983	0.410958204659609
-0.0878387217657739	0.102837461640674
-0.221151002775714	0.258458079302439
0.0452510537624211	0.0284919294194364
0.0142875071283488	0.00845295694594988
-0.59225130793896	0.643350387263055
-0.316475324590338	0.332170206201854
-1.05880291737702	0.900398372164758
-0.717570656042604	0.481652915147123
0.788867595305374	0.701018423812698
0.388632169003786	0.109098780678012
-0.473421998020537	0.115632916852932
-1.38998354636002	0.50163376719055
0.394359594817734	0.135507846198324
0.361525050252763	0.075983014787952
2.52495249403963	0.634914613115007
0.0326970353489839	0.0162653491666099
-0.697231604261868	1.80634699950718
1.29916068602998	1.82005676304286
-0.43115331675744	0.448379647702487
-0.0412338216666582	0.0502644127066496
-0.110133799475902	0.104991262420981
-0.390898555337021	0.182999809053684
0.38661108822555	0.313968828733343
0.0933672915345384	0.0844910916233499
-0.000049777998931059	0.0000807848812893816
0.0292777529050073	0.0488331654975378
0.0147704730011443	0.0210939184198388
0.363009465105226	0.578252428727183
-0.159473821386174	0.169230597901051
-0.373799836181535	0.672906550763037
-0.143245632124937	0.245912015785674
-0.175970227772431	0.35781123090242
-0.195500869848673	0.268926839854758
0.111487175527121	0.117349133644212
0.109679391363837	0.0925362626345302
-0.246611097670227	0.273597618394626
-0.593783681570347	1.05301308113004
0.759909635340318	1.47747790665688
0.0641505359602603	0.0893371993431274
0.0897644738467129	0.0965078045362133
-0.180493191269335	0.220589549598148
-0.530266051753999	0.851324045144784
-0.372577521445564	0.242496058965275
0.825415909014867	0.862972613200485
0.136831243834223	0.124469488416964
-0.197598210971088	0.251949161270343
0.0221373797407927	0.0185202042184159
0.229661672705218	0.2470171375264
0.306366953439051	0.271352673850655
0.214878139738326	0.217498092801329
0.51854329038173	0.40060581889704
-0.363636406192394	0.289363974427113
0.825950816903291	0.863897429313395
-0.430261103040034	0.447128380287797
-0.670024456241194	0.639730743167599
-0.334740037593072	0.289513981354952
0.550462375350983	0.376972309777316
0.949264789177347	0.709737994838102
1.34692696701096	1.15629246818406
0.300025534508583	0.254868857857458
-0.593086054304572	0.533022292767153
-0.355045971154876	0.328561698139012
0.392533997311185	0.376913370739895
-0.530988378129205	0.546701698319154
-0.151297933311406	0.125470389319951
0.168478609572617	0.118173182624025
-3.15838651976338	2.79854949498617
-0.217932283651945	0.352988915235019
-0.155831377983645	0.282320237784325
0.113820290147459	0.203873078883395
0.0524892778473027	0.0736317021178001
-0.140452335910415	0.18576243211579
0.233997348641922	0.351699564739317
-0.0832581675456195	0.116710632681506
0.100777413715871	0.129069177765036
-0.0501840251401666	0.0635859955665083
-0.0611760104621033	0.0746713912009383
-0.279706618526703	0.386300569633544
-0.273601578370917	0.348865301185227
-0.449690325499156	0.621410777829227
-0.363963702141868	0.400939848364928
-0.592145503104089	0.748206236523798
-0.689312278468899	1.22097748983406
-0.164130272232276	0.192261914932232
-0.7598210971947	0.719487687577845
-0.180637263423964	0.170724927972414
0.250271593875032	0.165112387034384
-0.38985152814976	0.182450980352605
-0.436151242799794	0.24082752371999
0.394031300967931	0.135384449132734
0.92214315665141	0.335592961203935
-0.139134492693926	0.0397113788160752
-0.473421998020537	0.115632916852932
0.845892705385003	0.518159085396866
-0.294042120815293	0.495540800033825
0.0102574560380416	0.00686992863039407
-0.103992874917395	0.0731551878037612
0.0395980922992893	0.0399335974999686
-0.210566316637613	0.289929267275964
-0.697809315314714	0.877824998822001
0.594668890383581	0.347567590449169
1.76073482475203	2.3099784368329
0.864565881246334	1.76120339476157
-0.0342478674760678	0.05661226531358
-0.161069712118509	0.31917170703075
-0.462649863406836	1.25216647103319
-0.101508115769463	0.164257749370385
-0.0823994734380585	0.0923910607129497
-0.265348979992653	0.309209440842344
-0.177431129466311	0.382208442017298
-0.118103189583892	0.196676222034552
-0.0229515078236627	0.0257728405594262
-0.35492401434816	0.470469534670538
-0.290839060655292	0.338518426281082
0.396921332874006	0.462523692525533
-0.593560328293621	1.01952068839548
0.445551198394585	0.667674695168052
0.315669836556914	0.44152738101163
-0.0650298814159957	0.0762552239520282
-0.291017698036697	0.416889998278298
-0.40508649688509	0.292529750547705
0.380299215351684	0.192028879544537
0.102232595820952	0.059801640879509
-0.514793190169694	0.71003754913426
0.313170360325207	0.428481149152287
0.0195631137526214	0.0175041020896356
-0.127335666443761	0.142441778986838
0.253028639485576	0.240986077473362
0.392518771482072	0.362819256175038
-0.22775185489275	0.170545491719755
-0.0708409739226933	0.0503927941541159
0.754685832216827	0.701023752874168
-0.540159462604749	0.621203636574595
-1.09628031152657	1.21172255945794
-0.669336473178986	0.638944687532683
-0.315979338959831	0.331635624111942
-0.183475106237073	0.151069914084256
-1.02415045238652	1.07519656501065
-0.085829740750209	0.0374157515734089
-0.172330859760746	0.0704991966259504
0.845309714357572	0.51793585320065
1.27001986641159	1.47934192779527
-0.418049273689873	0.409816581116855
0.393216734299372	0.377751102097074
0.273252772268189	0.201539383267111
0.0681901359336986	0.0634883130349068
-0.181758180166618	0.161032162936474
-0.947365541401788	0.941565266770854
-0.743631442680116	0.436371870130056
-0.841941306419325	1.20031851588218
-0.480249070599229	0.66269732367536
-0.230738017877168	0.306595783923114
0.65658761459421	2.13849842970123
-0.0970888015794281	0.156076885842608
0.0744724841467979	0.107352139400586
-0.145856534345835	0.170681858358305
0.0104576602166689	0.0109817087810246
-0.52055941585214	1.00389003244592
0.0795411280404242	0.106419888078322
-0.0882551571707753	0.103369769992748
-0.179439666992189	0.209571990801032
0.36376443331426	0.600223352482835
-0.222711299904129	0.24743146349393
-0.202875004673528	0.214436501732962
-0.45170187662045	0.521790265188037
0.625686816563017	0.744464789528797
-0.354302966917749	0.509051577133114
-0.290400804022069	0.337889098490783
-0.272333557581422	0.134487452099993
-0.0186600833739982	0.0121583471931639
-0.630370291331183	0.938609900012781
0.385281336878603	0.174856642599446
0.084232260086176	0.0316737504178014
0.845257110215614	0.517905108923992
0.780384280304085	0.331153446143224
1.75575011201309	0.662309103722083
-2.15421911362844	0.465312945107294
-0.556701713000141	0.243766524436716
-0.308226139038778	0.2474448038682
0.0725656884569676	0.0484032966228616
-0.753024157986703	1.42153269573245
-0.621509503113308	1.17099840158006
-0.083072200272665	0.0748562475662286
0.550265312359525	0.376819761670404
0.219617814582897	0.125992340058586
-0.26431351756032	0.307735734154478
0.0871301431880072	0.147729396747865
0.109317681696393	0.184377898495491
-0.294320385498027	0.673587413541918
-0.127979789073504	0.234892826257485
-0.289876557679556	0.337178111220777
-0.0352254504056027	0.0277616497134267
-0.346377342752762	0.401877170623389
0.0192114463557195	0.017188007558913
0.096446856926234	0.11394961654496
-0.301434563756978	0.333649315588505
0.178939611469105	0.211720187191871
-0.256971968737013	0.313258973270081
-0.592735072505113	0.643837047838398
-0.578536636948972	0.305125011360688
0.95919030983526	1.04185663307694
0.464778134865849	0.530088371567881
-0.0353252892943691	0.0278386518939506
-0.500010476990046	0.605079208158486
0.0725527112588988	0.0483970664875527
-0.468254920794318	0.456234703313089
0.101595273423385	0.0594167671180128
0.948044588130111	0.708687859004045
0.219519553284914	0.125945833582448
-0.0189720625890158	0.0123599872881389
-0.593450474369621	0.533460362845638
-0.249460525091728	0.147917281057297
-0.947810015462995	0.942047735440287
-1.63432430473044	2.02859859516931
-0.743873545514155	0.436545057713619
-0.436242477974631	0.240941083882222
-0.521237014256268	0.472350170008321
-0.278476576594008	0.206406522529855
-0.0419970384400032	0.03017714034421
-0.45760692350569	0.417813151336015
-1.10594075932686	1.35664583634363
0.478811467387024	0.47889230733178
-0.706366708950206	0.84654863147653
-1.35301342934091	1.79503336315577
-1.10544016169982	1.35617285164093
-0.411861314182145	0.546496057368612
-0.20011434936043	0.233963443786573
-1.27946389241287	1.78483682360069
-0.66898217395549	0.638419028917106
0.264848381277019	0.335343104613232
-0.0102449196724354	0.0136667654170816
0.157235002996247	0.258641555712708
-0.127396907142607	0.213005385042593
-0.190414147128787	0.331465758441676
0.307211265901147	0.52370405586102
0.241869028986221	0.425413535572264
-0.132081682956981	0.180997327313833
0.0657268921031104	0.0844228612624483
0.209720250029513	0.279611356896336
0.251157873303383	0.412598075002779
0.239797201779042	0.373219236633815
-0.161542264279884	0.1886594678019
-0.625534754041462	1.03867829307438
-0.0567705390944217	0.0637178113178929
0.501151962557527	0.724316594878435
-0.330308134671469	0.473383680284509
-0.404566615154199	0.292022274552552
-0.759638870868522	0.719203426415958
-0.0588155323784044	0.0460409971093329
0.0037791657689182	0.00326398686964607
-1.81810157148589	1.25893593425052
-0.583753488901756	0.356962102540156
1.22302566646593	0.363862190868261
-0.473293904201552	0.115599424911331
0.129249730439928	0.0552181208721092
-0.38985152814976	0.182450980352605
-2.98655368438579	0.76047297320997
0.384439648829815	0.174502157155665
-0.966894085559289	0.538667825117157
0.0578875939348576	0.0727588212468843
-0.459200060001481	0.555936094145546
1.09790064107158	0.911774434488671
0.948454830453824	0.709105627365542
-1.2234838509089	1.63799980819404
-0.109161327230281	0.149054610926761
-0.0283049096578793	0.036840690111291
-0.216724362427428	0.350546538621706
-0.678168783207753	2.00083514411859
-0.376449020470688	1.00108666843122
-0.201336494891072	0.351699600481754
-0.0974328995530639	0.153316527308379
-0.330186688547539	0.43792590952425
-0.0252176153957	0.0243673768272519
-0.274027824127625	0.349426019210968
0.0720906825442006	0.0895941364993525
-0.11828383385721	0.119587676621553
0.100808014155742	0.136374783181556
-0.400393817800118	0.508212289264699
-0.516126981754569	0.712244375780633
-0.741771427413726	0.749617128515545
0.149629827142067	0.0993207341650039
-0.964255371509069	1.25342109158172
0.615341395207998	0.753966830349499
0.222402366914451	0.23216590261349
0.656297355096651	0.899010014646405
0.0228364014190866	0.0191106124130745
0.39281466131798	0.37725717321434
-0.591468627303369	0.605375509765825
0.0344764885002683	0.0243219561563981
-0.427954295013352	0.337259139415646
-0.0894782896142718	0.0566454995580673
-0.526313402696433	0.509728769547615
-0.278464162277704	0.206423910146317
-0.999582221912067	1.23532246968575
-0.239868582428729	0.162519548165103
0.185619075683239	0.137098025325898
-0.249654174238142	0.14805291257855
-0.133766576167354	0.0832257285933966
-0.104138194163793	0.0732666828876459
-0.134625873988569	0.0838105155869475
0.224679877168826	0.190420165310262
-0.469354610031311	0.45755598509446
-0.0951185402318731	0.079754381760941
0.186047860111245	0.169876944923607
-0.592452605236983	0.643638671017576
0.0567687057695305	0.0420623731419718
-0.909103107103035	1.13075976611056
-0.240206027889655	0.225523317269312
-0.239521087835814	0.224791093358235
-0.332251133100542	0.404585707577363
-1.41598988327677	1.52700921884523
-0.390990482399218	0.183036184348497
-0.436729339769588	0.241156863238861
-0.689989829236714	0.568698412675759
-0.122298266831648	0.130280983323942
0.224437392290581	0.430754130121419
-0.149415006398116	0.225524852790525
-0.228804624459639	0.316023195309965
-0.0978175875696346	0.133200160708066
0.186797042525452	0.302829492448681
-0.156089255743822	0.221387398975967
0.0893201705055557	0.10310114827342
-0.252109776374696	0.373496268680275
-0.0577808940623648	0.0731615203170332
0.488822710358323	0.768904958869761
0.0339852246381508	0.0314558938975354
-0.182510908242396	0.203792284541323
-0.343284590535639	0.436381553296588
-0.390297375514043	0.47384198493017
-0.2649049085027	0.308594489145193
-0.502797806284444	0.391557264053725
-1.35322226873937	1.79553300666367
-0.54971411218529	0.726758019683413
-0.464731244372471	0.294177274901549
2.14218913184234	0.970255070587048
-2.98625935690659	0.760136336044329
0.00588857467864678	0.00190103027715875
0.166455319869042	0.0794206416678706
-0.47361897908139	0.115707480624982
-1.28235909638071	0.866129766686904
-0.159091798841306	0.16003384821611
-0.246483456132547	0.389571602801915
-0.213717308664391	0.188422983915534
0.0836862021484241	0.0314820106158055
-0.839988397275364	0.614217974012881
0.392113946801533	0.362417992530817
0.00326781751977744	0.00386151324414774
0.0592845890795767	0.0746295928844078
-0.0505274285302254	0.0616060926624224
-0.334775172630018	0.584357664245714
-0.213134516388899	0.43851702171164
-0.256582140393235	0.36722643720617
-0.232860508250781	0.461505833208583
-0.269051231292753	0.475913462611346
-0.0686408677678603	0.0985927854752049
-0.297504514252426	0.599761633555098
-0.189778533086273	0.371627508428359
-0.179897259570807	0.219713876512525
0.00352790366700804	0.00304857035663926
0.297359104104362	0.360438144471568
-0.343507624837537	0.436712809035818
0.00874698073922542	0.00917771326242895
-0.474352052082978	0.627993020068792
0.690034535378791	1.04424891024311
-0.16131834860303	0.180096656104789
-0.0109859267532646	0.0106382099884566
0.0384029307841891	0.0434805533499529
-0.249871560450452	0.219119557576502
-0.214559666029252	0.189253349100594
-0.513127724403446	0.432748630938964
0.85306399123442	1.02347008374102
-0.0730586825530933	0.0616384235734286
-0.0823726272259395	0.0741895344359312
0.465775657989404	0.531653575473738
0.611165219644941	0.937624287620909
-0.43094553351179	0.448113297214999
0.802612986860224	1.02294063080706
-0.441405724090364	0.484476705353551
-0.502276239696088	0.390978416886407
0.569082842211603	0.591603409105489
-0.403339536205862	0.37080497004084
-0.278973259916903	0.206822872009292
-0.0706393428238413	0.0502432793944982
0.0111335920548312	0.0074497806429392
-0.464150850959954	0.293741829852682
-0.332932327275071	0.287608487474204
-0.52611164073451	0.509470652276945
-0.384772822395162	0.329988049595205
1.00593123749696	1.21054892967341
-0.468254920794318	0.456234703313089
-0.219486566363173	0.179280259716492
0.395490106379738	0.408081584057556
-0.505147568160141	0.639651149778991
-0.289050097808186	0.251758676900308
0.0694335531963745	0.0705279142849523
-0.0918492004442823	0.0879240166747314
-0.929121310025069	1.58918892832735
-0.401720860486776	0.368974324750935
-0.308956514383094	0.248126481289878
-0.277565462018901	0.205637034999288
-0.556155370173357	0.24332601211411
-0.436034613767817	0.24079747670908
-0.583438834002424	0.356755276495767
-0.38985152814976	0.182450980352605
-1.53724985074335	1.21804908662671
-0.0214106712694149	0.0260131573295405
-0.364151946579966	0.672903066087905
-0.19348049123574	0.311669740147871
0.300531005806	0.486521926203094
-0.115901633964971	0.168636424311496
-0.130233110532814	0.152480573475451
0.016619797662021	0.0224841098939341
0.633389016841689	1.25192663629423
-0.393578585074207	0.607757575998977
-0.423192322855109	0.513101404454865
-0.930848774658186	1.43086955389327
-0.930959115417929	1.43125558249959
-0.138740395985668	0.039591027620515
-1.38934722502383	0.501359665513744
-0.428112206733992	0.337374955698302
-0.372463298464792	0.242471644868516
-0.0959344662867756	0.117355517850882
0.0954181620252759	0.119813322518637
0.00389840144182514	0.00336666757860316
-0.0625578236852824	0.0346054020710255
-0.0905445917000537	0.0573646286643749
0.079732142402213	0.0833476888112034
0.0430459935839676	0.0691417347813056
-0.137488661786546	0.300374920430981
-0.191418223895991	0.437612474289562
-0.0231638437878732	0.0355447586130319
-0.246677131670451	0.273692286911134
-0.00413569070551211	0.00483607907167212
0.0282472204789892	0.0457322737530405
-0.141101340564459	0.282442175716918
-0.111304845894034	0.227959838363892
0.175135770439958	0.42178070892887
-0.310550287260779	0.823075842744982
-0.229301284919345	0.531067826051398
-0.0781115996803337	0.145761830604222
-0.519388376420636	0.746118373495804
0.147473338366168	0.156438878129637
-0.400699296364372	0.508752038255196
-0.827442459929573	1.22875837662552
0.68993232051424	1.3505445086208
-0.637523340161772	1.54453822300292
0.483934845434347	0.791658156646951
0.22805517154404	0.410321737101881
0.48377019075195	0.791116515223987
-0.257938480416243	0.314817880879324
-0.642651561993078	0.810781471376994
-0.0414617839896385	0.0298010139171834
-0.404788554500062	0.292151507850831
-0.459300885687176	0.556008487872847
-0.172869319829857	0.0707032722249486
-0.759833560389748	0.71959036914973
-0.582629798397334	0.356017714403008
0.2915599849	0.236774232539224
0.00505032842749871	0.00406688341302694
-0.0609997140599016	0.0653130317469923
-0.181759640753507	0.192721819937155
0.399824495769945	0.530970585184268
-0.983466163340137	1.39370827560651
-0.427342641257132	0.336635969919629
-0.592814132007377	0.570248118453724
-0.405027978702147	0.292384861063912
0.72697749973122	0.70338200754807
0.117198956664625	0.113369476963223
-0.104514197339599	0.0735444336983086
-0.715170582053082	0.812809705362357
-0.295754992553654	0.293463823098906
0.396934429266398	0.449824938030083
-0.0581321448685394	0.045484780596366
-1.49965120470959	0.866198459833255
-0.781159665838418	0.68838408248782
-0.443437247475633	0.377059361606541
-0.938862984535948	1.10701804210944
-0.0724649935237917	0.0611220041429249
-0.045255103015434	0.0410505584967372
-0.348457340064399	0.364148964709442
0.039198653217679	0.0340312858205351
-0.442877973151001	0.486485262944717
-0.296201504806483	0.377676835125939
-0.298438482129109	0.411806016395277
-0.626122730467354	1.00330357537989
-0.232691690628102	0.232175636230785
-0.661502564501236	0.673210787955077
-0.13893734325624	0.0396671757223606
-0.578536636948972	0.305125011360688
-1.66791990697452	1.05922175640846
0.7804925175075	0.331224333986828
0.082853047694958	0.0311647501072597
-0.06383636527478	0.0353287819621935
-0.233959794331185	0.233700828237046
0.166790160301495	0.0795856942749382
0.0403834396348953	0.0458156622076431
-0.384085994418079	0.673072068817601
-0.109527298393438	0.149609632064675
-0.252005210862061	0.321143992560612
-0.0933509733242916	0.122842904345831
0.201778111060364	0.262340617110615
-0.34373679229181	0.47543525060716
-0.430994439837337	0.448163850093577
0.00554362811216878	0.00445684489355637
-1.04928076471487	2.52377690326051
-0.473421998020537	0.115632916852932
-0.335934244324161	0.245932843508102
0.0331065157742983	0.0306249445875721
0.279572015128665	0.387828378424199
0.456973615591403	0.58208194394473
0.384700873559426	0.250603917514679
0.261415286793937	0.182728802877286
-0.388730147776577	0.641546751743572
-0.0421931151532443	0.0758684597502448
0.207627550255182	0.584482158824895
0.0475310694013274	0.0839032143534487
-0.0442612943742491	0.0650484051360716
-0.333106565828082	0.368329486494423
-0.342276203049388	0.85421449131208
-0.26588634183181	0.602543860991565
-0.18428126342787	0.412436399702616
-0.181576162193778	0.447512179056093
-0.158059764159406	0.305788270714925
-0.180886725929135	0.181466221210164
-0.430004884886634	0.446795071203263
0.0468031846188314	0.0447434697965507
-0.181164398303108	0.17133049661302
-0.472887997770691	0.625110482660741
-0.158502469634744	0.232457523668912
0.359577146941435	0.540334718954338
-0.472377892593786	1.00152535246369
0.0990877907918236	0.109435947283797
-0.541152891925022	0.622623896416935
-0.263502862433169	0.306514899417188
0.11587546012083	0.0857436992554156
0.380299215351684	0.192028879544537
-1.30776038927358	0.679609559802568
0.726077534182543	0.701611325993332
0.506872690408571	0.411536364424578
-0.308747485328019	0.247963473914146
-0.115395453154369	0.0618320589207788
0.385178985763958	0.298257667400466
0.344797464927049	0.421015623784058
0.352354957049773	0.475042850358879
0.446031509870123	0.653818300951688
0.322453397493581	0.319825030763254
0.147175020623155	0.15607300738094
-0.59104530909926	0.641220219114439
-0.18243868916018	0.0941065076698602
0.697688286369232	0.533839339423719
0.806129040873353	1.17565147860355
0.10836734850466	0.0913254445261203
-0.15016678616807	0.124420830551808
0.110038234687582	0.0928635459637974
-0.114463344940761	0.0882202571388459
0.972813623791032	1.50460924657115
0.683798250575709	0.712798858565566
0.18584989110059	0.137272289138299
-1.02430815196124	1.07547872561393
-0.277565462018901	0.205637034999288
-0.583693463507145	0.356790012099362
0.845840422021887	0.518325018042512
1.50004933901513	1.20003914428077
-0.690708488603554	0.569289626892954
0.187305435830943	0.171269529745063
-0.184254165280808	0.139327471399549
-0.0719485349417639	0.0606537952103905
-0.727541902239649	0.78143260323204
-1.04255503256935	1.22060250142553
-0.354282904209515	0.32764098298483
-0.317496515987877	0.368909331278555
-0.0628838872942838	0.0568432725057597
-0.330531750478295	0.189739709538567
-0.464392245579449	0.293935836116276
0.19731174810534	0.103871798085957
-0.716980186459576	0.481175983098255
0.844673631128148	0.517162247446875
-0.172869319829857	0.0707032722249486
0.27303212882153	0.201293454118007
-0.373492722482685	0.243239998259869
-0.500055282866353	0.604992498308699
-0.0705646649234937	0.0501849392321488
-0.036335656719915	0.0408897089601721
-0.0699298714169493	0.0785191371699341
-0.395110945652513	0.610692246735384
0.160547118158606	0.197880705843039
-0.251873161500401	0.320840025933338
-0.812831824908433	1.44166444063713
-0.196497686366699	0.250249622217839
-0.83386970704689	0.336531070045138
0.922464856315177	0.335632429730006
-0.239355164723333	0.342055850750475
-0.0326665077834369	0.0382698355424862
0.0526757105480801	0.0473412274899771
-0.272044616803678	0.134313553575837
0.69802683071344	0.53408204844705
0.445031662512853	0.666627830117755
0.0986651272095075	0.173124120831025
-0.250737709478405	0.554559176113864
0.0658034155401852	0.0998655055164923
0.135398254663631	0.240734038056078
-0.065254715640398	0.0662683197504039
-0.289657560315529	0.336848506005901
-0.440766910189641	0.681118316394385
-0.646642221331321	1.90805000706061
-0.190823212734272	0.428446888048757
-0.108053013593323	0.196804652458174
-0.28341404136621	0.297991374436719
-0.1811011304053	0.181714160477089
-0.228436279633179	0.241210727823536
-0.114115927632959	0.165648651431832
0.18718606857851	0.227428293678254
-0.196299833141674	0.270277706541658
-0.379148809298135	0.439541484768156
-0.552114054642968	0.760817992425373
-0.283526807296712	0.298142572589099
-0.593335658668445	0.570771177812314
0.883613809231436	0.705951380510664
0.383303484738618	0.281606842474614
-0.274752071283209	0.25699650481679
-0.0633211170304949	0.0350452901670419
0.826472255900374	0.864565300565682
-0.586937235044754	0.406028146644531
-0.502231108480047	0.390984588410001
0.195341639711557	0.21496244573547
0.0908825198665806	0.0978107465588788
-0.532344168402189	0.883859412455413
0.348516883184728	0.447584120701629
-0.315093743327652	0.330497529355908
0.397309641045881	0.463271519725077
0.16867402668618	0.118322624603874
-0.653529512649853	0.704735219203175
0.133131550863141	0.10330842243639
1.25321144382687	1.95270340993529
-0.468617084018724	0.456702623567557
-0.532191954821917	0.548498777450079
0.387301932725633	0.314717554500298
-0.214449728853543	0.189164198750947
-0.278269340568904	0.206268642627317
0.0348935692955326	0.0246213441669581
-0.0522518764423815	0.0335935843242209
-0.363284453459869	0.289018330554539
0.0725527112588988	0.0483970664875527
-0.299976812809268	0.199695961940604
0.166744011661166	0.0795749657251686
0.483303056545714	0.465655787009289
0.0634414567954401	0.0533283076051298
0.176123359475534	0.155139110214612
-0.684187865115117	0.940518195233823
0.147910537779543	0.139228547378168
0.624789365694815	0.743038473776377
-0.312076789960408	0.290319849297881
-0.33317650626724	0.28780292415602
0.00516281950278665	0.0041559788106836
-0.0648788206270019	0.0658547289168871
-0.330216847495123	0.189563353167821
-0.464294600737144	0.293811238824043
-3.34788743955523	3.30054423795551
-0.0187191526480589	0.00859422588068306
1.0823571828587	0.545696583364153
-1.53745750290348	1.21845770376612
0.127427714442612	0.0796471957013373
0.148997456957413	0.0988862951959656
-0.0626818344089261	0.0346825393218521
-0.648673107056166	1.29581040391695
-0.297721092568416	0.530512760036693
-0.478754687476842	0.793718733657775
-0.149474589734941	0.189960370327371
0.0539170369673978	0.0601250399689502
-0.219810974336633	0.256635705838833
-0.157208809814558	0.157960038994693
0.0922556769753168	0.0834242639443749
-0.12602891616695	0.140908621591245
-0.467259056974775	0.722685266643499
-2.15421911362844	0.465312945107294
0.388700423012708	0.109160200857588
-0.30780826348398	0.246998841407737
-0.0663725024263048	0.0674781695462461
-0.0976156001657718	0.0986848824983977
-0.345792612557284	0.400979672592595
0.0719893612419267	0.0390618295985308
1.46668648525299	1.57875644363905
-0.0112819097617854	0.0109269834936322
-0.0372742902770723	0.0615534874678688
0.120365117644093	0.228740906350379
0.084348754714438	0.146231718079279
-0.212362518752661	0.361944832240177
-0.592932719501284	0.884509677043187
0.0468137828917773	0.0378228050785098
0.658915071555376	1.06125424153984
-0.217307943938237	0.429945099088267
-0.208617468324138	0.383341476853858
-0.299878033337088	0.33140429309183
-0.632222254436084	0.904962893602762
-0.031264737441633	0.0365646916735078
-0.192612483045055	0.301079769491192
0.0358656340306931	0.0380096313121259
0.144733836385586	0.185006955152279
0.0795720932508732	0.0764776365358824
-0.105508958634842	0.0947933293596286
-0.14770832715339	0.112845708404804
-0.13438609678993	0.0836504200965177
0.101984697123876	0.0596500420670942
-0.403529987776408	0.371120112092345
-1.49232524388826	1.69075451072371
-0.3884133541288	0.405314768179737
0.196622940772455	0.103474182219657
-1.16342593931658	1.2084045636699
0.532616924336397	0.648361401104603
0.0455361301660987	0.0434828446500233
0.0805652132165888	0.0774745706507473
-0.54690440884192	0.692011028773245
-0.432031689937927	0.547756049921894
-1.68205277352903	2.48068407337737
-0.953850467802474	0.754297120450412
0.249128906352171	0.164249082465444
-0.0628059599093682	0.0347556752436137
-0.143057302767967	0.0995091883743052
-0.0138747717541692	0.0110024040281375
0.394600502145902	0.420244095106621
0.175806305836602	0.1548208845913
0.0353286745566537	0.0249355062879189
0.00950417254904685	0.00637089406856697
-0.103950217992068	0.0731244776532653
0.386780479498153	0.314175863115507
-0.308350548305557	0.24756319655217
-0.135145626846235	0.0841407851265303
-0.0853676009533447	0.0372014596010852
-1.66801397165847	1.0597668202234
0.392075810346128	0.157165661368801
0.570125192179996	0.592977717233807
-0.655584395161956	0.708470053318202
-0.646539191469927	0.777621404579247
-0.499640217067932	0.604465541691325
0.158811207937632	0.154550850587633
-0.331865377578882	0.328039806769445
0.322870171645505	0.320293067504465
-0.0524088885350894	0.033699100642886
-0.0170014310376357	0.0123364246086957
-0.34313943895346	0.474390323733349
-0.206119090057455	0.206329124536967
-1.3076721679963	0.679786212577572
-0.891535311645158	0.576268539629034
0.129432613133912	0.0552876504728942
-0.18297056470199	0.0944154915212594
-1.66722873773529	1.05835205247788
-0.744018180136598	0.436625188976602
-0.444354169246883	0.378075583258279
-0.0233471686192061	0.0273492651146923
-0.542667503036313	1.02008723255048
-0.134262710212645	0.16417845446636
-0.0232730690329813	0.02496916883064
0.685721208558842	1.20214120085186
0.19639200190505	0.185919400072108
0.0389032141895504	0.0337797018466723
-0.105689566185247	0.112783712823227
-1.00184058135726	0.304630571226253
-0.23337582046867	0.233018695590884
-0.330581515387882	0.402032181276665
-0.69141884834856	1.22657905049296
-0.557533352275733	0.244154034678395
-0.187150562886154	0.128576152867721
-0.0890778886237296	0.0951078418149926
-0.299303606577037	0.698760530383409
-0.263715576293715	0.562025293025431
-0.101741630093218	0.173229911759664
0.164328813715248	0.278702403870841
0.117724752002694	0.113933037783715
0.0953989465223389	0.067141656999629
-0.495175120944748	0.766107648756518
-0.171039636954755	0.259123343242938
-0.609579743076448	1.94380420289038
-0.359645028057063	0.437134530775001
-0.0988844973514493	0.100097408250841
-0.0791161356630349	0.10748153404471
-0.151252234284783	0.192659621016486
0.043624286444827	0.0572935477474829
-0.559985938120081	0.898888382696046
-0.0245478806539092	0.0237005727213131
0.781460016703862	1.02429167257443
-0.502299692201747	0.390976797784221
0.0715082302011756	0.0387989839825231
0.126847762762839	0.0792735647391362
-0.59215930010763	0.60658261982572
-1.24869046142511	1.20643660540342
-0.741208505636319	0.748696794166452
0.384821339806977	0.174680639182499
0.88414227795789	0.706517161959234
-0.44224432650589	0.485647852421827
-0.20104013793156	0.223818808174845
-0.295805054843179	0.29354928529882
0.28825267498578	0.330798160106242
-0.431251359426991	0.448426663303195
0.327053097807753	0.335583618065305
0.383225679806566	0.281565128659838
-0.238734871746232	0.161662180062301
0.697929140741962	0.534073782000578
0.186370740868989	0.13771715342603
0.551226352787913	0.612968751030987
0.507710606249508	0.412459440155001
-0.0522392523211487	0.0335886637937043
0.488969193359038	0.452781395457964
0.0449245593432894	0.028283646689031
-0.249941322426366	0.148235683550258
-0.742313648257817	0.750302250039969
-1.02378636360619	1.07474644730931
-0.307974869900367	0.24715081944988
0.884339855500212	0.706585620256253
0.166888353217856	0.0796421959823403
-0.578536636948972	0.305125011360688
0.0716516720234727	0.0388759845521833
0.79632563093558	0.862862832960987
0.825498791013202	1.02090250483311
0.311200235552666	0.286589498490664
0.46843103777807	0.518576189607157
0.393136128662058	0.377586992832912
-0.146017784848645	0.111401802039869
-0.134445989210804	0.0836709149409788
-0.355125595228806	0.328681805835128
-0.449242871308645	0.620625524106917
-0.0715686415413264	0.0603278601242072
-0.431104383313414	0.448308657302993
0.0713272648091526	0.0475508539113841
-0.679447961773506	0.605420091498211
0.782450323491417	0.52085265618802
2.24925512792236	1.68689373830343
1.61085484507279	0.841669374755238
-0.966198513599258	0.538168127121678
-0.390549463242047	0.182830031795741
-0.181691498615576	0.171911270340255
-0.669523917391861	0.639168054155845
-0.140677244521874	0.186108863958786
0.0399800087676497	0.0453433483021741
-0.0221188705488108	0.025878729383319
0.226076293043986	0.283491507080744
-0.496156460482392	0.768322398516836
-0.128070933336057	0.114556658795301
-0.158040398822711	0.158905401931594
-0.782343025726899	1.11750788494623
-0.332888510903839	0.513191949871071
-0.365658805856106	0.403441533376826
-0.363067138863049	0.540877402421139
-0.111421943885574	0.106353353994063
-0.690509808256486	0.569206628822926
0.131406375512766	0.146503125656333
-0.0925992437592376	0.184196564751301
-0.185643455050762	0.416316949420809
-0.019875694526637	0.0352141916798978
0.154742888590046	0.281997811478138
-0.359536736563188	0.437037858703808
0.488592652215895	0.452561966872693
-0.0983623248701157	0.0995181086577492
0.00735231313360304	0.0105723109634982
-0.0560898779910417	0.103714188160931
-0.528757349085106	2.03905545052709
-0.704694541597673	1.12722170953249
-0.34124168639431	0.644812831428788
-0.14741761400098	0.221967627933075
0.253474286483838	0.304710045625089
-0.432686964706667	0.548931742707624
-0.283796976478105	0.298454226660393
0.507393858439235	0.412152608421362
0.384700873559426	0.250603917514679
0.5947602440863	0.347533157886781
0.391079845216664	0.347090835432565
0.261823908101208	0.18306362744424
0.882845971007888	1.02548988807473
-0.967149438260553	0.538778957559799
1.36189538488349	1.69230608369072
0.163860637375691	0.138735296555644
0.100420513989796	0.102489358953468
-0.158368225577827	0.159276928638874
0.117820645218286	0.11403802791677
-0.0823887618529542	0.07418279309807
0.614758626167732	0.753331844281862
0.149425585371301	0.0991725218188304
-0.0179787809281307	0.00825986740352684
-0.456725749771852	0.416751661271107
0.0270601518959733	0.0209585086845179
-0.058547236564954	0.0458229315377052
0.109412282779905	0.0923038664060198
0.31156276068503	0.287030310869028
-0.29042633151852	0.253065136566392
0.299187236406513	0.253945555018885
0.0145591246542475	0.00860822676662322
-0.142849548086812	0.0993673401350934
0.219179599652792	0.125723099982411
1.01864058607265	0.896615751422789
0.23656066292999	0.146270648856057
0.549593369460279	0.37635139231335
-0.583438834002424	0.356755276495767
1.6495218378517	1.45476468127725
0.123269340211675	0.108047271393487
0.965393487562315	1.19814859617613
0.0756563074279009	0.0586656306509692
0.0780650750817777	0.0680975363431873
-0.150450537473172	0.124674789504222
0.277280280301624	0.300145057394897
-0.742334498155066	0.750303055028182
-0.0425480510107647	0.0305905613293643
-0.9916399508644	1.98160407478312
-0.0379235005886477	0.0386831803274055
-0.0832286114799633	0.0750091934669157
-0.551480861275524	0.759981517198922
-0.0894117836399408	0.0566091424400321
0.249509788253693	0.164553753833306
-0.0899781790415987	0.0569923923187367
-0.591767499413915	0.678046513987006
-0.700206281850501	1.47796617252074
-0.125943604603971	0.160516446260793
-0.0929587666032687	0.122262509417575
-0.3204217103463	0.442786899646011
-0.109100201335293	0.148946049903121
-0.0359350719633763	0.0385604234016349
0.320357094290743	0.467443429310303
0.198536795126875	0.25293180952994
0.400265159906505	0.631477258551993
-0.71878847563903	1.06837182607231
-0.74642202073714	0.980214538289747
-0.46764290753375	0.723411305705639
-0.441190677656859	0.682003465026585
-0.414641583429851	0.480000807543153
-0.637916914373461	0.840825082272458
-0.526605396226885	0.815700702978
-0.0543243309506731	0.105835465452206
-0.0787628986492157	0.155528082778594
0.147362907641101	0.333861422772248
-0.126160346270893	0.230932520637093
0.295580661750483	0.357623563892487
0.0936176961668269	0.0758127538645525
-0.0914773374917754	0.0875427703215184
-0.0911237226006997	0.143412157405669
-0.0199818336406017	0.0347816780896405
-0.208770550814824	0.52154562947335
-0.116363345694379	0.153638915907555
0.0802092466067866	0.117733095316367
-0.099332289498854	0.10056600797723
0.865392669868548	1.33057192822858
0.560714446226005	0.603904660066997
-0.209044330385555	0.197020787930818
-0.700627826532553	0.526422050497928
0.165970347389982	0.0791823014085662
-0.995102496780549	0.919929808434257
-0.0635787298155509	0.0351878562942711
0.958628390505127	1.04083928823626
-0.115734971520482	0.0620277895595157
0.262707993852094	0.183703183685026
0.292883081378189	0.345581434428567
0.179214984856111	0.212109829696314
-0.590774428329626	0.779294162145156
0.196931365020465	0.186535430851479
-0.796282106798089	1.09119881273839
0.392332730761216	0.376659496113657
1.1982756330912	1.44319959988119
0.692872391964151	0.332670774022736
-0.0193689366084406	0.0126171804601999
-0.0714671577673955	0.0602340041293551
-0.058547236564954	0.0458229315377052
-0.45688526448091	0.416971177617786
-0.0205139772778779	0.0116555273275499
-0.669503331601853	0.639179371758951
-0.690650081167914	0.56926055590727
1.37161951210166	2.02845098122909
1.22099478611628	1.61444107518684
-1.36481738976248	1.20730574951791
-0.835689770625029	0.837912958023551
-0.717570656042604	0.481652915147123
0.385084895968046	0.250898880811666
-0.436774988447206	0.241260158221318
1.2529212136419	1.3055502046466
0.552435324167874	0.614886628263282
0.322503359043794	0.31987823171002
0.391102042271681	0.347074583639651
-0.294810658603511	0.292234808944833
-0.362203507349483	0.287827423304095
0.31156276068503	0.287030310869028
0.386936819135936	0.314351934310155
0.0630717317253575	0.0530035780428053
-0.0161555706468523	0.0117247947097262
0.751534549709526	1.32789109984344
1.17452090883537	2.35967650812944
-0.182046493076578	0.193056264543505
0.0624328297966802	0.052441333340407
0.234866744245759	0.207351994027504
0.549109652339505	0.375868490463157
-1.85223801326771	1.7888614590887
-0.131966661837406	0.186293562126086
-0.670037207765118	1.0362398679065
0.25293090212253	0.466999863852286
-0.0615394593013747	0.075145755832521
0.468765298861801	0.865215533467601
0.155965392155657	0.170219486900957
0.93931588774444	1.92757044692644
0.148553098584535	0.139916980100958
0.329606208368257	0.348929389600838
-0.181165138460545	0.202128388238535
0.658915071555376	1.06125424153984
-0.182645383976133	0.172916239374277
0.359637938582075	0.529901165689891
-1.0894376921619	0.503213801499961
-0.374100103686063	0.674095408419801
-0.149065903471632	0.38344254156834
-0.209763462427773	0.465451754425064
-0.213717308664391	0.188422983915534
-0.512945589364583	0.432581556033303
-0.955665489450929	1.41287559935576
-0.0600819302262469	0.111274887640441
0.25870168741711	0.753393294166218
-0.116344540844644	0.270428403768557
-0.235716557336653	0.753473900105103
-0.189903888419164	0.330351529534996
-0.0645106875280898	0.0846505682958263
0.309949261399302	0.64367605688925
0.0153115793556382	0.0145380798877599
-0.417646533760313	0.409302966349417
0.0933500117994172	0.0755902266161771
0.0143330849519952	0.00847952787363233
-0.0631878242340126	0.0349692692370032
0.381527189093569	0.211900019936529
0.396540357728662	0.436200292014915
-0.22823100525669	0.170951354094902
0.384365079601432	0.282669719530436
1.15097805864742	0.735527208715128
0.532554634017505	0.389034913337553
-0.205492717054787	0.205539150105086
0.0457561973840679	0.0437008899805526
0.309808788346072	0.414142902631756
-0.122136266325942	0.101911233991918
0.186825643934278	0.199628219073784
0.645963672666376	0.906433013088217
-0.594166787019457	0.53415204329658
0.102099784607552	0.0597191813320251
0.384380864994182	0.267035946299843
-0.373250028782709	0.367730184246601
-0.363284453459869	0.289018330554539
0.307047502619063	0.272052853630311
0.560673935150799	0.603838605663289
0.19634830991462	0.185884145033339
0.620955977803026	0.552291850126861
0.789148019325181	0.701485679102531
0.187036963941872	0.138241592139202
0.622294183944673	0.553730768112202
0.101586530641268	0.0594126956714627
-0.436404795711243	0.241050168239748
-0.182753240317485	0.0942982306112401
0.384135881010004	0.174338917171374
-0.278960524186138	0.206778067063531
-0.33230833251752	0.367317212044775
-0.15085246725416	0.12505179399869
-0.214291034928075	0.189005333642041
0.027635307076314	0.0214103740720833
-0.213717308664391	0.188422983915534
-0.183516033701432	0.151097831921735
-1.08252185848991	1.06382406240111
0.0566942686098804	0.0420081491871974
0.117569303471963	0.113764503194616
-0.0920020749405961	0.0880761430249544
-0.410202708400188	0.612200271859137
0.0460596360598373	0.044006588576598
0.509691626116633	0.704346670815344
-0.0209359569017703	0.0118948994226267
0.071308415376416	0.0386770985082484
-0.891444363498082	0.576040672980628
-0.272380222512124	0.134456407532062
-2.16900263725554	1.13498742732658
-0.526885257595861	0.181763584301304
-0.591942165914137	0.949657924835149
0.0939497018205558	0.117780736923124
-0.130284905254713	0.152543529905521
0.280126030852649	0.388716145216734
-0.120639848238285	0.147537212722144
-0.410812189561583	0.613381685562828
-0.314342145991371	0.329566535233792
0.219713655475527	0.268610316250608
-0.135272072451825	0.165555841100864
-0.461567327578693	0.688525782174774
0.511934325198151	0.690092132370509
-1.17078176834498	2.05794025429407
-0.331624574601656	0.366332486260395
-0.628647879975607	0.972159635152256
0.00489006673623978	0.00751534018610701
-0.0400788337201987	0.0731811815018052
-0.181129628426997	0.494369895803875
-0.171552880821309	0.454150370265989
-0.0895572664094682	0.21984063335708
-0.554737890787545	1.27383308040051
0.0531734164206778	0.0690008096163519
-0.058429121853401	0.0740370946070019
0.258785028564233	0.319163221734213
0.651962303646576	0.728873794598232
0.645787943963964	0.906327208384422
-0.0902945819514569	0.0572031643877085
-0.249750969468336	0.148093375606031
-0.965757864408741	0.537779520770445
-0.202744238997136	0.214204101254922
0.383610425505103	0.266401171944054
-0.184159445695666	0.151697632326437
-0.249941322426366	0.148235683550258
-0.271415458528306	0.133918139150206
-0.282886776752465	0.297307964428367
0.00101280065430917	0.000984406000761084
-0.0819309200186083	0.073725833286231
0.0377156606565129	0.0327127148834501
-0.460166649940121	0.557529330948165
-0.228606409212858	0.17126643937334
1.06702927878558	1.07392269525187
-0.0204143751440674	0.011599708238592
0.0348077975677481	0.0245649420593408
0.00699161170444128	0.00518342445714171
0.614707965296761	0.753213911342811
0.386949905468211	0.314366313615221
-0.0897282099251586	0.0568254085627226
0.474223173107471	0.491270665429518
0.532929287172038	0.389321448553715
-0.592583579158097	0.569796932932515
-1.23121592151733	1.49756102076242
-0.239460420722	0.16224349199548
0.755002342087833	0.701502021050295
0.939850185791323	0.525845907565753
-0.437353103386329	0.241499955390455
1.61074625912723	0.841500066437798
-0.592313672286143	0.569502376197892
-0.209155118860453	0.197119107154163
0.200945244022593	0.155868308563223
-0.494548937448489	0.57040001788815
0.215264387983396	0.217919524995641
-0.154239172709967	0.13740747630617
0.0637443705360645	0.0535759753062152
0.830969763514445	0.702659709333193
0.395123746188473	0.407638841441455
-0.0301607356737681	0.025648837389484
0.214340239316969	0.29195759568539
0.201895053285862	0.228383626584779
-0.264921833849948	0.30860347019959
-0.159186350872527	0.168877188907624
0.0467557786808696	0.0377805833882912
0.127707535664443	0.0798287796789291
0.0331690907644853	0.0164967585556587
0.384603470827557	0.250534317667966
1.22302566646593	0.363862190868261
-0.139580143446672	0.0398333964039841
-0.526320357908881	0.181536079478803
-0.228596702812156	0.370277982725366
-0.426022324159964	0.611137591220503
-0.172162498329788	0.253446183973232
0.208156897924733	0.310001942809491
-0.207481527298043	0.326115446860569
0.229543931243429	0.338264622880746
0.4454869657189	0.6675679644059
0.147539680877356	0.138831117328824
0.126713180485689	0.126347689897899
-0.555978633588276	0.859308102449233
0.315524899715965	0.441257815970678
0.508134785219782	0.701503565980885
-0.331543697518934	0.403541836245081
-1.30776038927358	0.679609559802568
-0.121561365880344	0.101388921682691
-0.126292312719476	0.226691364359768
-0.0460942488826868	0.0918037930951043
-0.246964794874341	0.390477248996811
-0.364816371465441	0.761328158668775
0.13864346319932	0.158573670969999
-0.158893462926213	0.159878913147679
-0.0136159907346662	0.0107937735093972
0.666602793803641	0.539341864392069
-1.15623696270013	1.05005320903607
0.384517808821226	0.174536673752898
1.67097145507221	3.32634218831298
-0.18297056470199	0.0944154915212594
-0.184318709159847	0.139383420349145
0.632107788733574	0.336615434039362
-0.457178157454707	0.417252613357059
0.169884257105664	0.170904448330827
0.216150060157536	0.333900852129952
-0.0441396400877229	0.0400080375955437
-0.181150115525108	0.191974765309883
-0.30153234604075	0.333799871450368
0.225926944703764	0.191665831539567
-0.51310292153929	0.432759392263541
-0.661141680479103	0.672641142586379
0.384637635305914	0.267214318499683
0.261168038744293	0.257653051939822
0.221601935487533	0.231127158146198
0.0936670856594375	0.075862741075886
-0.23914301495898	0.161964144671118
0.197144394104668	0.186763913105412
0.109829667886031	0.0926793962781659
0.391665377688975	0.361888530323402
-0.457648917727525	0.41785622573826
0.0326970353489839	0.0162653491666099
0.0961296910664185	0.067668462082809
0.780257852589173	0.331061629231793
0.594039374959531	0.347050198222817
-0.701656382798331	0.527336999838832
-0.385041980386995	0.33021644071038
-0.219762647933732	0.179519490234157
-0.312803963353885	0.291157976995208
0.946221964402958	1.49680577247789
-0.0632749930106207	0.0572067423910349
-0.691212514700767	0.91058158692577
0.918977930814366	1.0333893601167
0.788486711004226	0.700396118897436
-0.0578417554775171	0.0452403829674613
-0.705841299771666	0.845815862502237
-0.130977441428042	0.153467598738467
0.399002150228777	0.59194798037564
-0.300519693473928	0.332381341428134
0.346999144091443	0.434826536853042
0.214606114364302	0.217149637678877
0.860736277021426	0.867294225111389
-0.486602677439441	0.34484951955903
0.38397685517036	0.232215293174705
0.394569497677951	0.135511860859858
-0.557446515240923	0.244186902210422
-0.31280661492301	0.55917800215657
-0.113042393922666	0.14392806013477
0.287360964898811	0.589829808616535
-0.0501962469919056	0.0611671658096874
0.084634990333423	0.131592737896579
-0.274671588508142	0.435197742724238
0.360533191901303	0.55252603134564
0.136831243834223	0.124469488416964
0.677435638570431	1.21086925875309
-0.0899692692030322	0.0961383526623132
-0.0225181777152499	0.0252743148418018
0.642565037968275	1.07771889795207
-0.082034527941523	0.0832304918551329
0.532288687839564	0.38880943783942
-0.953322715863741	0.7538418671244
-0.151620274488944	0.125748465330707
-0.487618830808524	1.15806775862097
0.122855357177481	0.179048830831779
-0.0883624490448816	0.138525662923181
0.276196405329877	0.374870959456056
0.112610000357459	0.118661148096457
0.0289877060375039	0.0283997831958975
0.163497016970322	0.138409929641608
0.0714619240234404	0.0387703593676782
-0.372339630190652	0.242337181124196
0.391144340142239	0.361244752152499
-1.95365004236447	1.46304108906913
-0.332183246808149	0.328485629121857
-0.329567062871245	0.189102748087155
0.115433550715496	0.0854238633621744
-0.254220398906328	0.2677669185127
0.0351330009586905	0.0372132046685824
-0.132239320180947	0.125758781842418
0.17842795925568	0.185048349604006
-0.0966316921750701	0.0811097814290172
-0.0135247666858093	0.0115559754478029
-0.14267997691398	0.0992423074798941
1.13871614130467	1.41585340673291
1.05101778461277	1.22371238686925
0.139226045383589	0.159330569046592
-0.213670284333363	0.188375409886179
0.397667774649397	0.476584616792097
0.201155658704029	0.156059359437565
-0.122196148110184	0.101960098282683
0.728786481909711	0.871431712685976
-0.121145535609454	0.101005550239722
0.72697749973122	0.70338200754807
-0.062815276681269	0.0347543556330975
-0.835701976905922	0.837770703893043
0.166357176770458	0.0793849320895882
-0.134625873988569	0.0838105155869475
-0.866561770409431	0.812391264990744
0.464881046057771	0.530290050916535
0.651962303646576	0.728873794598232
-0.210097812594195	0.198158935666948
-0.555935702802207	0.829341211824236
0.322194776043707	0.319492200214286
-0.355447748668601	0.329020906923907
-0.113811236599771	0.0876843312175733
-0.0631968776123597	0.0349752105139653
-0.908017795905161	1.12853271765969
0.0662846370226079	0.0616191665998489
0.104357518464066	0.126275113804593
-0.385462807591277	0.574561740069954
-0.54838987679151	0.724280116290449
-0.591158863271187	0.677288867421349
-0.22767403104764	0.240297918771295
-0.336862694111642	0.246731407407867
0.00971430342014395	0.00650985495086208
-0.904368574537505	0.785182119998015
-1.38998354636002	0.50163376719055
-0.743486797195033	0.436219280331052
-0.57126972286367	1.16752129017977
-0.204994754740248	0.32125964596935
-0.240326721583238	0.487840326010303
-0.146027190848608	0.213384874760841
-0.199936003576889	0.375954785969729
-0.61915983157221	1.33572958508373
-0.319506851008807	0.586426169728938
-0.106105691337779	0.140099953421271
-0.181530796985392	0.291450551308457
-0.332675553565577	0.44211053188277
-0.198625070499758	0.231889029967995
0.335666256113662	0.577743077399317
0.256545989987392	0.374963600662259
0.347769111393031	0.446262696000952
-0.202700215451365	0.214231319697123
-0.0629302001923287	0.0348252092274192
0.666229294862969	0.539172505821296
-0.35010067070011	0.366434657236932
-0.137941666752555	0.17569519531866
-0.11633632884428	0.173819794573642
-0.490608266269979	0.731924017678201
-0.319417704290746	0.406921874108226
-0.0742372246466309	0.071287781636439
0.109195474319314	0.0920750719600044
-0.186015905770752	0.113295491069645
-0.904086271105107	0.784612439664304
0.0350099917380816	0.0247086437173356
-0.115637021332132	0.0619668457483869
0.883789399384727	1.02710979383711
2.16785643685165	2.11659285170884
0.291415340196638	0.236620979030961
-0.0455187126869745	0.0413022579597427
0.322951023063336	0.480941039839069
-0.14936120583337	0.182729681483016
-0.12292950486142	0.102597442889508
0.75714215770443	1.18049278735143
-0.0138193994058386	0.0109589216293765
-0.593657224905741	0.533502299025894
1.22149311988489	1.61544307550688
-0.996719913922825	0.922737688217057
-0.468297782689436	0.456323315235259
0.326634323473378	0.33508022705282
-0.250516094429092	0.219728592690948
-0.214755446217403	0.189429597643511
0.196661853991381	0.186239407529073
0.394599010992312	0.406942930751109
-0.121928143772974	0.101725150263234
-0.655424689790252	0.708299031900561
-0.46405319436197	0.29360101182784
-0.876339883355143	0.984161429645635
-1.26016436755326	1.0405709193305
0.0717024983941542	0.0389007908424518
0.621569474513966	0.553067294327612
0.0343601563127182	0.0242434815958369
-0.122860663920056	0.102506379365632
-0.289093367480434	0.251808898731318
0.11741385362034	0.113593217852337
0.128774724522555	0.128671854816707
0.0463375349501484	0.0374339850119085
-0.38878106444125	0.405781445036312
0.24993101689205	0.164841881099876
-0.183797221317388	0.151375375307324
-0.0849339431210872	0.0659939234394934
0.48576331797205	0.779053409839289
-0.0367111945135247	0.0374089631360553
-0.302331477797243	0.334838247792942
0.287747267200593	0.330097362877323
-0.182333906998226	0.161621962748306
0.667265263141469	0.540150953968892
-0.104159547177559	0.0732824544978151
-2.35913506038858	1.35905578640504
-0.0175695617678597	0.0255871985904808
-0.122065692699541	0.213379917600238
-0.311742976649745	0.715435310765949
0.0614304881625821	0.107805964886939
0.12044597410114	0.183376802021546
0.47441247963954	1.14115402215767
-0.536444026918498	1.22993418629557
-0.0213424926327518	0.0268609038930705
-0.800691579498188	2.21436027611273
-0.431041995681582	0.713060711847351
-0.425242186426601	0.681032333270009
0.0734681658752867	0.101147744232716
0.306900494787589	0.523072224499348
-0.0138578936061915	0.0162237609088216
-0.311364372699089	0.446784102992592
0.517300201791244	0.681105548428616
0.0932409306300998	0.075489046275901
-0.468756859205265	0.725893461971765
-0.150178610073298	0.191044446232521
-0.0848933230451267	0.0659623113334466
0.0103604129695405	0.0108825739243579
-0.0125450875148093	0.0128287331210141
-0.100184938674066	0.127316489430055
-0.104083547253977	0.0934099101570495
-0.697173039103466	0.877079007386295
0.0760573241209483	0.0589725236182804
0.317426550003155	0.303773466188602
0.235802284775247	0.260985881168034
0.116027904682677	0.0858953542371148
-1.03291185151492	1.52299899426981
-0.312399529735809	0.290724208906625
0.521111344500844	0.668708962681827
-0.460537070955665	0.558138813711759
0.0807833878367149	0.0845328500189016
0.225564386804593	0.19132246252264
0.0773240896276524	0.0674016338109928
0.159650473157635	0.155503077014631
-0.590923443926849	0.641114746903481
-0.0413023322640129	0.0296832080976476
-0.122453648962044	0.102197109344279
0.116951773947696	0.0865928566711833
-0.746998211806706	0.981458601606995
0.0567379877628303	0.0420379083489562
0.321093105320661	0.318098273552418
-0.128070933336057	0.114556658795301
-0.181867539424121	0.161155760246022
-0.457086582841011	0.417213636272637
0.311805282428879	0.287303082023447
0.273120862139747	0.287269332724921
-0.531629241611513	0.54774268564907
-0.249105241275102	0.218348799569101
0.214519744107187	0.174257877179597
0.519164756997838	0.401123062932193
-0.40508649688509	0.292529750547705
-0.468617084018724	0.456702623567557
-0.296651664683899	0.294416434505946
0.395341846845845	0.394022138983065
0.293035287251166	0.345810022877686
-0.109958157518846	0.104768941940161
0.0388455197467668	0.0337289958411088
-0.423406435961817	0.513445192696509
0.398505185099946	0.490569011213831
-0.246413735900204	0.273234502078858
-0.485715327416298	0.697571242323268
-0.516326283044317	0.712689733777412
0.229446528522275	0.24674460125433
0.273647967695253	0.287920746347501
0.0391746597315809	0.0340175874446838
0.966057989902722	1.19945523600251
1.08824075331525	1.39525297017949
0.102099784607552	0.0597191813320251
-0.300034875717803	0.199689431018485
-0.239016649687	0.495759149725948
-0.747794122715129	2.78027971951459
-0.0941157967864274	0.152033522476561
-0.222389468450191	0.449198196396342
-0.041919723047251	0.0795820964431241
0.0490064484754449	0.0569406579374482
0.127757884062456	0.200659873429644
0.223673703919772	0.357817641879903
-0.0729137861835217	0.107833154539712
-0.0496942295865546	0.062942770046023
-0.0434248112067079	0.0637247052893375
-0.273697048200506	0.54806955883804
0.877673123580651	2.19406799739399
-0.133942661295767	0.163729644606061
-0.066418537974156	0.0840450752502345
-0.628505221017463	1.00903106861696
-0.458092990783849	0.781876524413885
-0.167600012224191	0.230058794804844
-0.319905169262257	0.441831296683198
-0.770683309260437	1.80334009237456
-0.464489872607689	0.294013680601077
-0.0857098253121175	0.0373635626054162
-0.121194638484745	0.101047167558872
-0.103969648507867	0.0933108699581776
-0.728692924596184	1.04265389501724
-0.0221498541479146	0.02485089815161
-0.252828603205954	0.322437453384292
-0.0518228390127273	0.0527875579191808
0.296600758871144	0.359283228296546
0.322244883976637	0.319575546295977
-0.988925555824307	1.68902759605695
-0.159338350023653	0.169061348329436
0.110563996603326	0.0933305341039926
0.0407318520500059	0.0411130259176705
0.139226040967922	0.143483430415548
0.251976106612886	0.239799753720691
-1.07052333745086	1.512214709465
0.80309466247766	1.02381387765508
0.0661317701483912	0.0614677782881795
0.393823926152164	0.40573778689525
0.278840728398925	0.302185825182298
-0.0158740347841221	0.0115219114524157
-0.0908208062005651	0.0868538803304116
-0.181588904235247	0.182251094535267
0.471852124734141	0.505901081246984
-0.592980888103201	0.570423316483657
0.591901507579023	0.571552437637395
-0.810922888376855	0.86520126097718
0.251817629805279	0.239611362597663
-0.727819143520104	0.781874193850495
0.26578880755282	0.270536054774024
-0.87621820653779	0.983815738972075
0.0939515453633166	0.0850410061525166
-0.296643369760671	0.294557966849721
0.047541249642637	0.0384244216919474
-0.342383195133029	0.472931053805714
-0.706180595676066	1.13156382652163
-0.0734259951594205	0.0704679841876579
0.0445470552564768	0.0280452283629606
1.0427991101232	1.37662632101086
-0.934749959670499	1.27338111915917
0.0782788135286918	0.0682966584271233
0.954709480556566	1.78658937425419
0.0464159655731785	0.0443507718122347
-0.0216818845099086	0.0243119246502482
0.609965043747679	0.934933767748581
-0.200517576803107	0.223129237336575
0.636035379756952	0.913448185985295
-0.402204983114939	0.442834493113256
-0.531589783784354	0.547673752427331
-0.526515231336579	0.509971358841466
-0.183837395259023	0.151403961806655
-0.0186177449389727	0.0121305664488413
0.49370567658321	0.438627043993753
1.66845759873389	2.0594386784022
-0.330216847495123	0.189563353167821
-0.557645854807335	0.24419493774738
-0.0250558959863766	0.0375874901525864
-0.339413115366319	0.672679264279648
0.247210887243657	0.583686377991546
0.0964587941242667	0.197901077167869
0.53217413750961	1.07920888975244
0.160627372131093	0.268221602172839
-0.142146145092586	0.188247820859643
0.40242754481428	1.04396531211573
0.156938638365661	0.209494186736178
0.471321621368588	1.18833085223695
0.425155148294942	0.993902619345095
-0.408706231447719	0.609075221046442
0.330363303301477	0.539523634353345
0.473534106699031	0.846925349115995
0.367832272467386	0.639953803172303
-0.0231108317307487	0.0235708705477419
0.245525885951975	0.337491411226668
-0.382531124217621	0.507497058714324
0.258759722587787	0.385087763127422
0.0829391888686957	0.0312031930136134
0.948637027249268	0.709255445167695
0.493223615996579	0.438287901150405
-0.701399209758961	0.527147695670027
-0.300955997008493	0.114002992802927
-0.12581709710919	0.140618172347791
0.270191981307206	0.432382868269993
-0.110504011484609	0.105387620079271
0.0911202257915266	0.0903770076617988
0.0059472159007224	0.00478432407284432
-0.257938480416243	0.314817880879324
-0.092573016177079	0.0886634821705745
0.578744966071666	0.980905065008243
-0.153451133468541	0.136607776199611
0.451973100453725	0.604329481505548
-0.507072265552165	0.642623464581215
-0.387431023386915	0.403768845926787
-0.115014355803363	0.0886491728486022
0.465719427354286	0.531486030785785
0.13603417519987	0.12366274932722
0.109153172834042	0.0920630743585035
-0.85088069855546	1.01010040449486
0.0221373797407927	0.0185202042184159
0.0231497288419036	0.0193759594042715
-0.262448619389553	0.261133335262131
-0.363089601171979	0.288833281039867
0.832002387976336	0.70419429283057
-0.307662725181165	0.246867679689734
0.604640973882976	0.761663942405008
-0.430676598419455	0.447671958048707
-0.142849548086812	0.0993673401350934
0.965158608995071	1.19761206700274
0.325949261142735	0.334216984999676
0.231764655634195	0.249653844980017
-0.240355530826864	0.225764909855716
-0.441147138621447	0.484064662529029
0.636428236525269	0.914313775359114
0.00515081869697143	0.00414740111779471
-0.796384850056335	1.0915181627153
-0.403529987776408	0.371120112092345
-0.457808385023759	0.418029753020156
0.277221706685505	0.300078866972356
0.252185307922896	0.240056193280952
0.326894545290482	0.335394832068987
-0.460109858004916	0.55749144410411
-0.035143633758057	0.0376837351818784
0.46593413268319	0.531863673639794
-0.494761366004368	0.570691483695116
0.331085607386103	0.350835689385708
0.396506744075981	0.449168712202818
-0.590431162931374	0.812012204644207
0.656552262750248	0.899741519837381
-1.08297414400985	1.06414577666124
0.861618793729671	0.868077133127918
-0.579118217653428	0.305444570429297
0.948733137346288	0.709483966306261
-0.249413784508257	0.147897284378335
-0.483961656904967	1.38824427169796
-0.412861522726052	1.08658931451482
-0.0538052572507577	0.0916519663414613
-0.38550682247642	0.974695255538428
-0.341217913280076	0.677635413993109
-0.121924412215756	0.188245186763805
0.126169175834259	0.206713839113181
-0.0824784026660002	0.11550058294221
-0.456478601364172	0.967120349749497
-0.371284393797081	0.572534643180438
0.399251014789574	0.688642312068075
-0.275735087022704	0.437355551781444
0.0030542155461182	0.00373364965661417
-0.619218704030298	1.26797734103492
-0.0568616010966445	0.0638196341699262
-0.300091846205486	0.331737509203476
-0.122222584753097	0.130191260186235
-0.379362885421689	0.4398312830695
-0.107472869358389	0.131398954998648
0.0714967629285843	0.0476719461247289
-0.27722607940465	0.205287754610509
0.0342008118224791	0.0241297746777585
-0.30186123248638	0.114344294945834
-0.332927554741458	0.405592746344356
-0.116661239161591	0.117790758070529
-0.142849548086812	0.0993673401350934
-0.134905889658589	0.0839839650241291
-0.486912826751395	0.533119337614412
0.0935578916553517	0.0757710287358372
0.0933993965434939	0.0756312650440261
-0.457648917727525	0.41785622573826
-0.17970063550427	0.190175861785061
0.225978156941045	0.28337701401998
0.452385066809542	0.620295134744566
-0.0413571308232552	0.0399008633871005
-0.0279298132003671	0.0254112884194174
-0.996059278752915	0.921617282020274
-0.0899781790415987	0.0569923923187367
-0.519630971242314	0.470603087144187
-1.38025593866603	1.66072640865466
-0.940837238570851	1.10978195822074
0.911499073360422	1.33779322038955
1.30866307188387	1.9881296735252
0.00703291146089545	0.0052133737443619
-0.836563442404049	0.839037967292963
0.307134390627426	0.27207749889056
-1.68189279851593	2.47968136594528
0.39601419788727	0.422248483150131
-0.219934488750364	0.179680639907435
-0.947523668368376	0.94182024216908
0.918836058054378	1.03317676170728
-0.0626818344089261	0.0346825393218521
-0.402487005879859	0.369965390433363
0.109203464286205	0.0921126787620004
0.259904274561031	0.256175341582637
-0.811444494834035	0.865790142777552
0.396663309419646	0.449367588540202
0.0774233950732419	0.0674916954046278
-0.388987043942213	0.471704878404597
0.326107748865131	0.334425950781139
0.0528906331418423	0.0475445761078867
0.0904447145047594	0.0973092009062978
-0.743936628790774	1.23506238130267
0.062314804496887	0.0665613753710608
0.193649256519551	0.212803233252634
0.395856415285897	0.408495372480843
0.299664457667053	0.254506337134849
0.0325783806233575	0.0162083672083924
0.215328820151183	0.174964721430944
-0.486336385313585	0.344695396452043
-0.436567082969449	0.24113081715485
-0.390292597922951	0.182683575221982
-0.260567693727901	0.497333551679345
0.0902302143483418	0.136981578345682
0.0944981325668259	0.157737619298499
-0.000516606788555014	0.000788479416355674
-0.255105917192608	0.462690424485454
-0.145656641973992	0.250956181047791
0.297557697985313	0.560438949405455
-0.0937349139586941	0.135212658344957
0.0119806674415239	0.0125920689188986
-0.0580048551762208	0.0734469559378319
-0.408932412665355	0.80045363902279
-0.160520546097744	0.249740985459881
-0.181716496511518	0.240849263436841
-0.434714545343148	0.648450907962304
-0.363259206346688	0.288995615705207
-0.402732029894124	0.370200873977255
-0.317321389043521	0.368758142650678
0.0868697975629428	0.112742475685879
0.569647700261358	0.592493929858288
-0.0213168231631936	0.0121093036771677
-0.586984440732056	0.406063110005478
-0.301408627280488	0.114196567167764
2.52495249403963	0.634914613115007
-0.948331933845155	0.942859072322923
-0.36364887249509	0.289341668191299
0.00731397128887328	0.0054206370519412
-0.385816062181473	0.331038514026779
0.0671819307018984	0.0625019929614275
0.398525388007789	0.516021591463826
-0.454766407976647	0.652870032808266
-0.161337215707853	0.171443772209844
-0.0480169688138915	0.0514701692582155
-0.233105844296606	0.232677358572608
0.102660902302516	0.105049298228483
-0.441773712429142	0.485027867821175
0.0564472931056745	0.0418198764590568
0.330559076136629	0.350181541365298
-0.141988773644165	0.0987004483926664
-0.296064329282143	0.293871557610619
0.667199880174951	0.72100686428192
0.0765025262573463	0.0593508378080809
0.214605810656569	0.174355722878504
-0.261077060461499	0.211513029561762
-0.593423343498942	0.495335594146456
-1.55530025696233	1.55563757927585
-0.26179905163358	0.212167229288823
0.394334794249794	0.419857178063305
0.00181238930686	0.0016696855804488
-0.263243921329417	0.262121399206364
-0.0264809299204562	0.0256140719280466
0.586732484300652	0.778009956811611
-0.401298367964785	0.441588645621002
0.532090262086968	0.647587329995103
-0.345948501355473	0.401234166420109
0.105653817795392	0.098910966140979
-0.35513757561481	0.510515490825643
-0.214823150752895	0.273925464857952
0.159847150856212	0.155702416519284
0.131779459603989	0.146958128016974
-0.63315400074602	0.906933531138609
0.300301188479458	0.255108677617557
-0.0210945813482111	0.0119802662721216
-0.0520441091487858	0.0334619404950575
-0.249797750746192	0.148149855464518
-0.436080129739286	0.24080384961771
0.0833989200560777	0.0313759525619551
0.00633945431459683	0.00203784566389168
-0.010761985972346	0.0156175673856719
-0.0140832613163763	0.0249110129716712
-0.197475450243694	0.49799478561546
-0.265849648187294	0.660580749523239
-0.473146555838783	1.24097346801869
-0.363358195628538	0.670853014407573
-0.302681168809977	0.65068295440342
0.154581192182688	0.253276300117149
0.199708024687806	0.315990092914451
-0.181555937593817	0.222112495344127
0.161975556873272	0.220597948990716
-0.303225010270211	0.45076311248738
0.399755491460723	0.556105898169037
-0.203528827557633	0.327953596855288
-0.0785667775830867	0.0997417847006169
-0.0338168826775066	0.0379758914530052
-0.783867185055498	1.52518085929845
-0.0710851272279927	0.0505710306443396
-0.23941505331803	0.162220283724955
-0.277722357681943	0.205760981955521
0.0696622381961416	0.0707712565835815
-0.26179905163358	0.212167229288823
0.852976735200179	1.02361547840644
1.01806063574197	0.896604324555969
-4.20308655127994	1.57272439397659
0.361858698487145	0.0760513170465834
-0.308205048148279	0.247438526576831
-0.18339504445186	0.151006922138021
-1.21793703313852	1.77840077627662
-0.239460420722	0.16224349199548
-0.0717221776112398	0.0510245525679184
0.348971258976857	0.448332573601831
-0.570207137584969	1.10492505763241
0.0156118184803836	0.014825543428097
-0.201487798825558	0.224415020132777
-0.265946519892053	0.310026771403299
-0.487477570692351	0.533827360121001
0.0571303463028025	0.0423356914156935
-0.15329368055948	0.136467021510729
-0.332907577906658	0.329227456924707
0.235349317659024	0.20790084655308
-0.977321390748836	1.08956224565949
-0.143214313119395	0.0996352026838169
-0.0905445917000537	0.0573646286643749
0.125987834824802	0.0786835517816151
-1.05997512876546	0.901480350839332
-0.299976812809268	0.199695961940604
0.186494681923522	0.137819522957562
-0.331724230176521	0.366522563322871
0.222383544152654	0.231914933929807
0.0784924746492699	0.0684943618653607
0.0704039212615535	0.0715738913831061
-0.154347586594857	0.137511930756481
0.787342766606666	1.17439821989163
0.384389270719563	0.267077546829527
0.0183339546202948	0.0163944331798735
-0.877755401351588	1.65488480752903
-0.59264263788291	0.850169366394302
0.193346889079017	0.240694127998611
0.0629124311513126	0.0672296788566526
0.296628371081616	0.359242592051855
0.498489193632107	0.423788883773208
-0.388472790573156	0.405326649619335
0.101595273423385	0.0594167671180128
-0.436774988447206	0.241260158221318
0.921821387462206	0.335337035394708
-0.271751186505207	0.13412590863609
0.00646484563367621	0.00207938023640029
0.39172317888763	0.157018219232949
-1.38998354636002	0.50163376719055
-0.0634158258607681	0.150026272305323
0.095323227814274	0.215002134861571
-0.355366369823338	0.791082840496382
-0.0047991555045258	0.00659223729847542
-0.029002192993129	0.0364960768124734
0.0143922312314906	0.0205489879130854
0.507732320663077	1.1901876360644
0.23213231170848	0.424540076718208
0.428558778860026	0.894418328191725
-0.207434219894159	0.316079313867252
0.164707382091297	0.184962490325179
0.219259431063296	0.267914342373952
-0.410361692425405	0.612538854574959
-0.00283993925640534	0.00319179429832671
0.0705242358326717	0.0825142680091166
-0.229549279378941	0.304641657885144
-1.16342593931658	1.2084045636699
0.475430495628199	0.492815765980712
0.517144262058789	0.680821642368401
-0.110583609075339	0.123771854847393
-0.260875556637409	0.211322122167181
-0.689510929098917	0.568178344518017
0.197372146645324	0.103890224793295
-0.966453487774123	0.538358739862374
3.38796186933602	1.05431693943058
-0.187866992074465	0.12911317257562
-0.144220346630995	0.16131728172153
-0.280701285285942	0.431425672075464
0.0716997684341953	0.0840059813672111
-0.355669168892982	0.471909841310907
-0.841893063302629	1.20016421614862
-0.261555158455564	0.211933481136974
-0.247775961382884	0.216862479086138
0.133769035887627	0.103830227977547
-0.185528367684867	0.140394930581979
-0.248692547761734	0.147385274496048
-0.717255420395927	0.481295567955092
-0.2491733834332	0.147734590135752
1.14956347119265	0.734158176353616
1.36287266390436	1.69447484391748
0.463246868139273	0.544377154541798
0.105809860800033	0.0990714102394427
0.596196248076299	0.771451949934478
0.999802832904564	1.94996353559982
-0.0124093960832564	0.0113257707425815
0.0229930570026102	0.019243500291506
-0.0211761514362427	0.0120307083287827
0.338366560391702	0.390951038923771
-0.700321938082571	1.16246702767022
-0.255736827174704	0.365864291001958
0.125251386336831	0.149534681109208
-0.116417622570077	0.136449770143366
0.0395423255962579	0.0448191428582524
0.106336313120003	0.0995979504032638
0.479898164142242	0.480058199911055
0.51840293348801	0.400456643147028
1.19805873118007	0.929766795684458
0.692660603687496	0.332346925837852
1.32927896589875	0.775163463836946
-0.302565106292815	0.114581124956745
0.0833127477230793	0.0313441310436025
-4.45457122125189	1.83973722902758
-0.13893734325624	0.0396671757223606
-1.08908765226552	0.503033420719407
-0.551262512002002	0.759551882100972
-0.204138219176968	0.485544679171314
-0.0397926512531043	0.0886492233725712
0.0486115335586914	0.0996977971001014
-0.102534252090638	0.157309115748161
-0.420187560779318	0.945754796177362
0.219502467207158	0.441381736314291
0.212895184639209	0.38581811334855
-0.0716782138556464	0.120164141174522
-0.024286383865232	0.0354618127768318
0.122897295630111	0.198473445838475
0.216011572427462	0.333634431404378
0.651870650590636	1.68892572760619
0.317450527673568	0.453348520484519
0.213675300300489	0.290863804883236
0.611140801693389	1.4352126095425
0.532179698988583	1.2872995763186
-0.0960688508061438	0.107643018947469
0.309229872449193	0.535828874975129
0.782820584128218	0.521069144199077
-0.656395001448372	0.709557702378356
-0.179561575671555	0.179864671646556
0.0668777163468695	0.0860178796190251
-0.65551033165996	0.708408896246319
-0.0520441091487858	0.0334619404950575
-0.512933195410562	0.432593473944586
-0.13893734325624	0.0396671757223606
-0.591969199293569	0.453958851142532
-0.183837395259023	0.151403961806655
-0.465776264544825	0.822266071370647
-0.592513781463562	0.67948399188367
-0.592271419302771	0.569549220607367
-0.317321389043521	0.368758142650678
0.397297655211992	0.488634787061573
-0.364748723211214	0.402172542646085
-0.401243027693587	0.441473075698634
0.00505032842749871	0.00406688341302694
-0.655062477563035	0.707758282063781
-0.0587549084036104	0.0459905820717919
-0.679888346146083	0.605949460263229
0.0762621736835828	0.0591591696612689
0.230162754869356	0.247704107638402
0.178845872786133	0.185528197280514
-0.345734191448469	0.400900848595928
-0.37152907770132	0.4722857736853
0.267369204941376	0.272564255611264
-0.364064555623824	0.401155010612853
0.0442077564005035	0.0278262092650394
-0.273675124877355	0.303392100354841
-0.0270822506726679	0.0262052464527222
0.353852578826822	0.477566454962141
-0.343112740282675	0.511410549505074
0.00122457765045325	0.00118927258720687
0.263669879689931	0.333491061457229
-0.316035636080434	0.331738251073269
0.23530808346016	0.207855503693498
0.0106122532839173	0.00710495564060514
-0.503364518348564	0.392036790485142
0.384350938997925	0.232494789498917
0.78014973845987	0.33104046106917
-0.967241993945977	0.53885723031014
-0.138740395985668	0.039591027620515
0.197372146645324	0.103890224793295
-1.08863585561208	0.502558962703898
-1.95389145805024	1.46310875744493
-1.38947323849178	0.501440968749734
-1.08883959716381	0.502699505381921
-0.297230484806942	0.457356041729684
-0.091039577086196	0.0870849333620277
0.0672901688946414	0.13077643782417
-0.110724501945644	0.269552685163072
-0.17660169805503	0.469432014422032
0.0227186181316795	0.0428917431949304
0.442160692222471	1.2022420930608
-0.284781675628674	0.709532162928937
-0.307479955802997	0.867053453472956
-0.231879591324969	0.549172446250087
-0.0823002454160073	0.157060841853435
0.197905946620647	0.336579477362851
-0.155583038460418	0.287869537825402
-0.0883802674279968	0.145785379318674
0.156461769386815	0.271679903124625
-0.291462271655446	0.573691124804933
0.398905394010433	0.77906534968567
0.0734556067957875	0.101133777215071
0.0711471820061768	0.109804771868158
-0.41450389507809	0.893844424704699
-0.0152436640181175	0.0185455888795768
-0.159861951411413	0.169689349929073
0.10972954337211	0.0925890331252573
0.0459474749750593	0.0500091542169574
0.14407743986042	0.212324497552045
-0.638981895530944	0.842885902236739
0.0356901754042823	0.0251907105553407
-0.182174269106801	0.182904215687755
-0.172173707179262	0.0704100607810889
3.92199235159964	1.44989944320004
0.0833989200560777	0.0313759525619551
-0.45724607133114	0.417410163821972
-0.209044330385555	0.197020787930818
-0.235336683783837	0.286961054690855
-1.48216915201876	2.39370345556876
-0.280245009086247	0.341593720388762
0.621031704753056	1.10175030975175
0.195440899988133	0.215095679682531
-0.442401678352724	0.485887586833781
-0.737833053238508	1.01312336356935
-0.520569721357031	0.47163735355602
-0.829025345578755	1.03555722428177
-0.0351258493305631	0.027679102048622
0.171791714483266	0.198022970368334
0.0181143983605006	0.0161954344096897
0.250555818219455	0.293702387890274
-0.24827911188904	0.329883891697219
0.399317299654348	0.555479902574964
0.612510817672592	1.10370043845212
-0.249548337229008	0.218786098803235
-0.259905714235271	0.358280107399865
0.399402063840667	0.605244280232473
-0.0600159946844743	0.064199607699068
-0.0897571805381532	0.0958957896346083
0.0808256872453923	0.0909748478973415
-0.632206834555902	0.942414521284812
-0.0314858866181724	0.0267996244293707
-0.650312900171728	0.742866777230936
0.0461282873173843	0.0372594312200857
-0.104847420548429	0.0737830545669667
-0.0190893548624456	0.0087597289300724
-0.182693093423039	0.0942595441750744
-0.183127825098029	0.0944992699355236
0.00644783397520056	0.00206878805564617
0.381364995005655	0.211784211967323
-0.018511191067904	0.00850083106806699
0.0328543582601426	0.0163435446561217
-0.839362095173233	0.613545737934723
-0.717413052739547	0.481505703460375
0.632366531836119	0.336823150413934
-1.95326353965474	1.46328918461767
-2.168313737578	1.13435412333997
-0.583813402457841	0.357028102443622
-1.95215292140962	1.46081082164028
-0.556573095514361	1.3350729034284
0.31640875496608	0.590736880284641
-0.182316767736073	0.259671568544968
-0.209399371315055	0.498690261515046
-0.251797714139924	0.70160373795428
0.108557567915145	0.19797776706838
-0.128070061078289	0.278763069709487
-0.102694210373351	0.250535374233423
-0.257724390176811	0.490185731197347
0.0323774177270529	0.047413562318363
0.377446320063573	0.825376604037989
-0.170841766804877	0.373227702271464
-0.220259362240864	0.453583382546664
-0.116874581968754	0.260694240748781
0.24112716403498	0.5927868101781
0.401213805566087	0.907350231067294
-0.83792249185059	2.78464940714206
-0.0655916137891707	0.0968916288689952
-0.288500504130992	0.456729047219451
0.515094977896774	1.58703599062435
-0.401963545998632	0.941436896817369
0.0366354929171007	0.0559331296908883
-0.759663782441529	0.719375520365162
-0.188024200628992	0.129233448667756
-0.0967398966404167	0.0812097832677144
0.168687113980682	0.118317004644669
0.381943315219466	0.212186929048949
0.384974634576334	0.298064842417503
-0.0751653278409087	0.0804124691661735
-0.179426467543388	0.209508604968798
0.0175302159868748	0.0196949596167437
-0.182497945360599	0.232888866284887
0.0493182302940707	0.0510979085274816
-0.0675061323468529	0.0855459520181197
0.039745279661651	0.0450668628753087
-0.0307448716357381	0.0261570829672391
-0.0958452995964952	0.0804166102826914
-0.370786075916208	0.471028133299394
-0.459867148451454	0.786496952960222
0.186353802382216	0.170283618024487
-0.842522919792757	1.20153240380407
-0.315878695028091	0.331562181192673
-0.402033249411727	0.510905385435819
-0.331924091355526	0.366726756964266
-0.934590843809783	1.27309508424609
-0.318149359525249	0.404850020445909
-0.128859052688612	0.17040551457829
-0.225545675582727	0.322660923521817
-0.321393641320295	0.477836536804396
-0.044489606570913	0.0403403982331464
0.298391999606727	0.361919682232818
-0.645021933655627	0.775107137163776
-0.0118508807535594	0.0121143400394173
0.0346434931618337	0.0320732534780606
-0.258607946310368	0.315788286536766
-0.536019446510916	0.947543616236452
-0.157344648257837	0.223519588898025
-0.180419275711885	0.201161830244842
0.628151963132003	0.923237285033023
-0.291795569363788	0.418371530514283
-0.811215299320948	1.25016218654485
0.0465970817798124	0.0376488558936265
0.865335120133742	1.3304490084957
-0.182758855526008	0.17302502912441
0.729720983546541	1.03223790283497
0.244192896533968	0.224134185146327
-0.227791796200899	0.24043436710435
0.229231309737768	0.246466626491365
-0.464489872607689	0.294013680601077
-1.35357714759853	1.79631498522924
-0.313047376484508	0.291365161643442
0.133971767982301	0.103998900748928
-0.741812980290684	0.749531965513791
-0.513285141398291	0.432942517880216
-0.669670157358345	0.63936866063216
0.102108701747932	0.0597289482398715
-0.587130193699581	0.40593971281562
0.283922537889614	0.220138935654511
-0.14267997691398	0.0992423074798941
-0.591351203150408	0.605307822067658
-0.219124664490802	0.178922232192551
-0.104159547177559	0.0732824544978151
-0.146227545180454	0.171187017415578
-0.0571392907804375	0.0641568243986875
-0.0664146336569513	0.103436440777642
-0.164953508487442	0.359309907767432
-0.0963283302445556	0.167228931689817
0.0727560682978528	0.154435461118119
-0.00386499029798218	0.00500026877594575
-0.1908907878586	0.341122308832201
-0.170156569392015	0.249965422213806
-0.0252873717726113	0.0389165341580501
0.0794230258044236	0.116448019550993
0.0257284959489612	0.0435188141999205
0.257585226095948	0.701337744190141
0.0930050103910386	0.1417048870615
-0.0049910033318696	0.00583678557480933
-0.593280123867878	1.61090286168918
-0.180914767122047	0.290153351157266
0.000332857700190355	0.000495978797877582
-0.0172678440679422	0.025133572845192
0.063475601048077	0.0922033900676189
0.549593369460279	0.37635139231335
-2.07504181689082	1.66984737915511
-0.0319559421640943	0.0272041384421202
-0.428527483347402	0.337597958787007
-2.15451821389688	0.46533654820635
1.48182934873969	1.39446080013988
0.128097423000566	0.127918173575254
0.455765385754779	0.580031767560835
-0.195548659188577	0.297674555540688
0.00433365632057772	0.00529860179492728
-0.246831342675213	0.327421041096018
-0.163306562514844	0.191168627745792
-0.122136266325942	0.101911233991918
-0.104116786264775	0.0732454159585282
-0.367201316328913	0.507617264528679
-0.276932842308573	0.439703689823709
-0.119460070751748	0.145841327938749
0.317790225659774	0.304186280669022
0.326634323473378	0.33508022705282
-0.349408289754722	0.36551800923892
1.28970047976292	3.38253564150616
0.278976865459818	0.302490982008937
0.465724484927464	0.531555028148551
-0.196760952493081	0.260926320838135
0.174393752811112	0.289057693064143
0.59616946952645	1.1308868296147
-1.13579246505138	2.1956078929175
-0.344552657728173	0.438464753289669
0.398564963201524	0.477926861974414
-0.443038558769009	0.486654238149447
-0.248178403928262	0.217324610189928
-0.183234012214423	0.150857208881542
0.826145127230523	1.17665683600491
-0.121670862348475	0.101490762092849
0.728342620053029	0.870629144085991
0.474626704737985	0.491829272592192
-0.403456259767199	0.371039891077535
0.300343889940883	0.255170282075542
0.0764639571723576	0.0593205303796709
-0.908663142272515	1.12986581294612
-0.219486566363173	0.179280259716492
0.704244229565267	0.708169038385678
-0.668961631320817	0.638430582809253
-0.27845162837745	0.206422562975268
-0.0212757848816483	0.0120869001367899
0.12694792042514	0.0793398988018407
-0.111481343735254	0.106406496160259
-0.249952900694498	0.219127322581146
0.0716534505016146	0.0477800537314435
-0.0458762708664478	0.0873118045165508
-0.0827967386774827	0.14894591558439
-0.197036425339071	0.481592363964957
-0.0357734317040971	0.0602157452213031
-0.541697867951409	1.65515587807017
0.0546631305595991	0.0856180056411511
0.19762838804212	0.43444636122942
0.26705135006755	0.59567604868336
-0.0131733253614942	0.0206093250094242
0.257122210149606	0.593689681333849
0.494620042474499	1.49672487646086
-0.41180691385859	0.947025621066812
-0.126516578522513	0.211283035429008
0.000859369827696936	0.00121278586266846
-0.346506994276163	0.704826103505217
-0.295963974041854	0.293732583528528
0.0447293906764951	0.0281619491634537
-0.0315854973875546	0.0268852792647035
-0.966198513599258	0.538168127121678
0.129341213945837	0.0552556681547546
-0.187438113801759	0.128786767697525
0.169026016111526	0.118594225415526
-0.763646584696086	1.61592006364853
-0.38200907808145	0.506725852829528
-0.224131248417875	0.24935313139568
-0.305983672788492	0.373018640687125
-0.592210323202914	0.782135348068184
0.399913050448847	0.518245959179603
-0.638398509214294	0.841797866472568
-0.63405693224906	0.908727019821012
-0.160741071229587	0.170751964904874
-0.247925360635674	0.275364984671065
-0.499135593334919	0.799440133589463
0.186977924880283	0.199804093014253
0.300881551988004	0.374194445518881
0.434814571960242	0.75644665602877
0.131991818629597	0.161300986308718
0.359078386271771	0.528965411997925
-0.0986607797695055	0.0998559453953241
-0.317693260077115	0.369285063824879
-0.0442493169155752	0.0401084514446247
-0.317561973350915	0.369054589458961
-0.154029814350107	0.137199867941905
-0.128070933336057	0.114556658795301
0.0936670856594375	0.075862741075886
0.918300986600206	1.03238326627265
-0.715894044721131	0.81401665376684
0.201300225266327	0.156178460302788
-0.308205048148279	0.247438526576831
-0.485947008895925	0.344322881708419
-0.976779315154599	1.08871364085882
0.235188424336278	0.20772565727766
-0.59081319148433	0.452357814451297
-0.594351771396851	0.496298882150727
0.127507131072189	0.0796856149899113
-0.367674058262258	0.976008028724716
0.188664132089543	0.396603293624723
-0.516763097793949	1.91611422259311
0.400334744192385	1.05703159094744
-0.188398573402645	0.383887730213944
0.0792890810364307	0.144021107990347
-0.0704750581191332	0.125844663442425
-0.61574634164624	1.45491048237802
0.163219508380337	0.257952159212398
0.270530411104009	0.558051375071588
0.229981866506273	0.491251407521548
0.302471332105861	0.694695165589898
0.0664750748871958	0.104884426404827
-0.0261879899847135	0.0253246995602563
-0.182860069818448	0.16215273270425
-0.0702362806102852	0.0499400087169707
0.456543502062061	0.581370181359299
-0.272091243109116	0.134354832803417
-2.15451821389688	0.46533654820635
0.361731113967025	0.076032888564632
-0.27218908576236	0.134407792765905
-1.15674840876939	1.05094157808827
-0.52469859127725	1.0412932377187
0.354573048163588	0.499621348789167
0.136134050213998	0.123750464092093
-0.359492066139186	0.436933288000614
-0.627164635434491	1.0060054363672
-0.238893584109383	0.161807118362011
0.0762621736835828	0.0591591696612689
-0.780910900972547	0.688151358794512
0.346999144091443	0.434826536853042
0.144657827714656	0.169333559685053
-0.0246604886700869	0.0264841050863611
-0.518344937449517	0.744069090509916
-0.0241198104376639	0.0282698289613331
0.152046684963497	0.182527772528601
0.397161994135801	0.525869895007543
-0.154029814350107	0.137199867941905
0.172271761911951	0.198693630552838
-0.0120966739240541	0.014137355785104
-0.681223883965382	1.65516038905918
0.479893226451087	0.814887060479683
0.0534759850772408	0.048095272579363
0.337282664912209	0.598771540166482
0.399590100410695	0.530549037386013
-0.0412592328344989	0.0296521990451249
0.0281607209976147	0.021821621850852
-1.02378636360619	1.07474644730931
-0.249557359362722	0.147994203311502
-0.5878488137519	0.406766976027492
-0.839844483625764	0.61406294500989
0.0353714400810065	0.0249654852127483
-0.186263172800575	0.113446529586672
-0.249557359362722	0.147994203311502
-0.329941092824388	0.189365351737144
-0.701152419350158	0.526861439134342
-0.714931224605451	0.812302530501617
-0.304630267780335	0.683109144532304
-0.433584556561132	1.04395170640707
0.261742197627113	0.685714184270616
-0.0808332277652148	0.136460001857309
-0.14536624874424	0.27488536389737
0.108356964755072	0.141915205992917
0.49526283019854	1.25755224339439
-0.128477322103118	0.193000662089119
0.235108617696085	0.471536859636469
-0.201200050275815	0.3513955264929
-1.46674451025506	2.10835714542415
0.380538632848477	0.192157298875416
0.361858698487145	0.0760513170465834
-2.358679897004	1.35824881414253
-1.81793439919649	1.25815376100923
-0.83331013594503	0.33621391949861
-0.882220081354113	1.15154362067271
-0.274287581912773	0.256424792712382
-0.551392653046171	0.759700407091277
-0.413441892341467	0.478216202002921
-0.759399369526481	1.17173309396758
-0.0717256852917122	0.0604675225822553
-0.668855419595117	1.03360397952052
-0.290991600908517	0.338694481267035
-0.110277366172444	0.123396671758407
-0.741187635645601	0.748534241835911
-0.308038317649882	0.247260909402693
-0.371938809535006	0.242016796759973
-0.587801575510689	0.406755989047342
0.108576503909586	0.091525715233926
-1.01422470010339	1.96807388699651
-0.36657784582344	0.506640734275849
-0.0223459310617364	0.0239509477864823
0.55163232456736	1.0381473296788
0.0917797633532392	0.0910771266628866
-0.511369476312436	0.676848309259788
-0.485861003949065	0.531610284677286
-0.218990060763477	0.255464345614851
-0.146017265418619	0.170862578213167
-0.0959791855258311	0.107536055912506
-0.560138203398342	0.92914908765182
0.652715023540785	1.22822778827175
-0.74082057888549	1.22713321716792
0.703668101595435	1.04231863120548
-0.18233168145495	0.172590049099674
-0.0698755702653032	0.0496694684229433
0.200989214482994	0.155907916239709
-0.458009913173737	0.418233267954336
-0.0703207229031006	0.0500080109775949
-0.18819386253907	0.129346757132938
-0.503046929535785	0.391705410513783
-1.28202025652906	0.865970058818371
-1.14643714609076	0.877397897046267
-0.593042720144409	0.607711656501777
-0.456725749771852	0.416751661271107
-0.385106344433573	0.330375469541461
-0.429186688411095	0.927387218655277
-0.468609812456718	1.20291887566436
0.199499306092493	0.417968000340618
0.542647104230208	1.44728123144985
-0.138452399429495	0.243683020387077
-0.0504256572107065	0.067978620597397
0.184850489193797	0.249342520101802
-0.00395126034566301	0.00542456155908131
-0.199807447510118	0.366654772079538
-0.436877468217987	0.745543818495693
-0.160657536224058	0.243123236858411
-0.53537569949126	0.583574063492791
-1.16301861617829	1.20774966761617
0.0100909470800879	0.00675900615461704
0.633507491039179	0.337433029417091
3.92171171355439	1.44928193714777
-1.08803804751398	0.502134124110649
-0.248452113421563	0.147194188700982
-0.587321173779376	0.406393743621821
-0.371663531466142	0.472535429816931
-0.953610463207281	0.754087448724641
-1.08324733244605	1.06456297877265
-0.24088199560031	0.226324811470939
-0.0242569789433889	0.0247581375597947
-0.0264847084530819	0.0256184806648291
0.222675887755025	0.232500258268836
-0.125802758437282	0.140619769518121
0.0539431695500598	0.0485283674680216
-0.473696281705135	0.626755467137742
-0.0518872664176108	0.033358803318687
0.292071097155998	0.34435321129529
0.0792405019595835	0.0890538394891767
-0.209930270488242	0.299745441652025
0.400164038523678	0.643338418196663
-0.676949307274128	0.967805936627026
0.563238329360455	1.00745180734055
-0.253776719864761	0.267155544438504
0.108835979403003	0.0917727953996259
-0.531750924607712	0.547865560625008
-0.40494639806565	0.292390925335638
-1.13285964021353	0.698020211094783
0.130040651421408	0.055564402041551
-1.0241699350574	0.723030642546189
-0.330000277640246	0.18942069044567
-0.0436419637417069	0.0395296036107465
-0.1509344118969	0.12514049313332
-0.0204143751440674	0.011599708238592
-0.742807921994817	0.435381460479965
1.0973094372813	0.911294489133418
-0.302112495471293	0.114466940015057
0.389430895571587	0.33111717482189
0.201488642331951	0.156344012957907
-0.0162362302242819	0.0117842403022801
-0.700236967847101	0.525956734313644
-0.0290751000695021	0.04689214687398
-0.0586583882284367	0.0910225028775773
-0.20339748006087	0.337247834246612
0.0137504285393029	0.0166267815666825
-0.295265707361032	0.740300803445492
-0.4019171162559	0.823558683053507
-0.023144829341476	0.0346394676255002
-0.328818514120041	0.774298769175848
-0.239163251684772	0.399319418628175
0.0283446624478481	0.0312775770207741
-0.232276377920509	0.407545109942205
0.0715545735057476	0.0388163423737022
-0.152666588669466	0.13580757314319
-0.336479135982619	0.246452459940959
0.00633945431459683	0.00203784566389168
0.0282101639710822	0.0218598619211976
-0.776436413149101	0.386296542223951
-0.185892437937538	0.113201100422931
-0.387886696583651	0.404582783187266
-0.34973092219453	0.365942112531135
-0.147420674679134	0.11260540767574
-0.0581321448685394	0.045484780596366
0.580540067057345	0.789663850549905
0.159574505501822	0.155382443188739
-0.760214674033689	0.953921214042996
0.102811337510196	0.105203962915826
-0.105024010951597	0.0943286066935906
-0.363015170880934	0.540833224856908
0.400779160306986	0.620300775418245
0.393039330956861	0.391264282550014
0.288119439336545	0.330654056908479
-0.0588039838040606	0.0460253630243932
0.0933500117994172	0.0755902266161771
-0.146899914987067	0.112176063409813
1.08738715366867	1.39390940035874
-0.333453332792916	0.288231355384299
-0.525792380483095	0.508947740855216
0.101462584153876	0.0593376877785001
-0.249413784508257	0.147897284378335
-0.464150850959954	0.293741829852682
-0.0219378715543557	0.0124575286315997
-1.28211724719994	0.865996739867962
0.385290582315218	0.298377086701218
-0.526876724416616	0.510415390723932
-0.115447743265296	0.0618711095029766
-0.436034613767817	0.24079747670908
-1.02460424902532	0.723467475022379
-0.103595678062505	0.0728558678953261
0.0718459274360917	0.0389825240431775
-0.417726694077768	0.409372449448501
1.28639323783091	1.65076172696063
-0.715571535802333	0.813500047166602
-0.432055289789239	0.547683282792302
-0.143000430244088	0.233967164470275
0.206903860290932	0.478745478748702
-0.0357701274649539	0.0724687552869639
0.132946318068594	0.265375462971236
0.0780168317866999	0.157209562218509
-0.0391032035083832	0.0738435368291171
-0.0350390992167842	0.0553890335035887
-0.239367175001965	0.442949837684758
-0.0299875227122365	0.0473188210031764
-0.0696298349417205	0.114231068954525
0.0394284342898087	0.0532487195179021
-0.0377787206123593	0.0476335232586563
-0.789325202134688	2.10180268825209
-0.493919833212913	0.56951543901323
0.0326970353489839	0.0162653491666099
2.52495249403963	0.634914613115007
-0.373111493371038	0.242966235418229
1.19833088943943	1.44287012576317
-1.63470075760429	2.02929916673254
-0.187799922974164	0.129051152121456
-0.833188331846657	0.336055878270721
0.92214315665141	0.335592961203935
-0.336387788919509	0.246404983872412
-0.400393817800118	0.508212289264699
-0.288485030706602	0.251155141014374
-0.18151069643169	0.182162465466898
-0.0136091656165156	0.0107919748885966
-0.103912824478463	0.0932546921150859
0.0464887630236504	0.0375541995893242
0.148725224363354	0.14007924591417
-0.0960040919255828	0.080560919037382
0.659343635190778	1.06217273415023
0.71790027261029	1.18945249427305
0.52614364995874	0.902074486990804
-0.628797769132028	0.972412955328182
-0.37809514768988	0.437888635608096
-0.639240109850065	0.843233958779549
0.0680584497732378	0.0633624178739198
-0.273078572978264	0.255040459603612
0.149274640889434	0.121156414511097
0.570096722722678	0.593113362014122
-0.059094422049131	0.0462523229946221
0.169743005968383	0.119100064132563
-0.512399064609477	0.431984414646556
-0.372720620210223	0.242680985048687
0.50703105121616	0.411744877487858
-0.593423343498942	0.495335594146456
0.0135619453933022	0.00802865672810763
-0.583596176019162	0.356881055209611
-0.806689456253227	0.653413546075872
0.499545378530654	0.425035910430045
-0.839311376957983	0.613013444777805
0.235349317659024	0.20790084655308
-0.0159947059548639	0.0116089870980505
-0.148112936144322	0.113161528331231
-0.0520695812993034	0.03347674436506
-0.372358806109622	0.366595734810993
-0.478397503351254	0.495237664952342
-0.0942457199294744	0.163093161433588
-0.213953976437672	0.354751585224295
-0.227615338504371	0.240212413293066
0.0154741152965071	0.0263924122467869
-0.0717675821103096	0.156645267500344
-0.119820148469051	0.254928874234322
-0.273784469456861	0.90939263732027
-0.20845731673676	0.452749145327293
-0.320973211204902	0.737833252711604
-0.124385623125691	0.251575241507036
-0.196380310876849	0.441511087822684
-0.0120659535042051	0.0184235964221846
-0.329183745215857	0.77540973532144
0.0301139220047546	0.0410505302219599
-0.377689571082458	0.736272854138038
0.252498414416881	0.466159370447537
-0.480080717143835	1.21093223999445
-0.124840002096565	0.158935376934556
-0.115493415338312	0.0618959747145958
2.52480998418306	0.634922772878525
0.361858698487145	0.0760513170465834
-0.834101218840082	0.336744813199495
-0.526558069458088	0.181629780901929
-0.0864121254387165	0.0376684304661824
-0.139134492693926	0.0397113788160752
-0.578656865271653	0.305181939487086
-0.0179723133458038	0.0117088481370852
-0.226564237957675	0.41681949308506
-0.836029360172492	0.83844572641597
-0.383644740305405	0.328686070677443
-0.0898864174265475	0.0569293504305817
0.0448864952332875	0.0282594148867798
-0.504464155932673	0.63838512092247
-0.392289042018371	0.476728848695256
-0.143474327531973	0.160375049849339
-0.111843362734227	0.125339339647921
0.400334955455626	0.569944413390857
-0.462752328952614	0.690972125419145
0.0548862150862607	0.0612670348427789
-0.0587549084036104	0.0459905820717919
0.220216444176994	0.269382141791989
0.271161267290393	0.359303297964822
0.398872906085757	0.554561072607834
-0.633273034924963	0.907354805130573
-0.689993220736803	0.908447189466069
0.550688522840388	0.838747578689373
0.223825909033973	0.233867400471615
-0.715131493400174	0.812710722592845
-0.0852968893233633	0.066291032765648
-0.260195770423841	0.210613112508813
-0.390457511569293	0.182767055906993
-0.171949790361075	0.0703285960960095
-0.187672227235765	0.128977999072392
-0.967149438260553	0.538778957559799
-0.363089601171979	0.288833281039867
0.393550772019147	0.377975120795359
-0.74158377036611	0.749337273585194
-0.384354065525386	0.32955349035113
0.149926279936826	0.0995326966588643
-0.591828261289837	0.453809092898902
-0.330216847495123	0.189563353167821
-0.463282853069344	0.29294643666098
-0.0629302001923287	0.0348252092274192
-0.456364962013924	0.416251721271983
0.213882618491046	0.173695629976342
0.133334300318741	0.103476995519755
-0.0975166859985226	0.17280400262033
-0.0113186556292368	0.0176602420683829
-0.31959643030425	0.806697395664735
-0.342380732307705	0.545848138799482
-0.261932519302371	0.361847065247554
-0.341414332809058	0.471086295329007
-0.645547939279648	0.776098459675387
0.00360989444549932	0.00441209684193713
-0.205560941195793	0.332057313736879
-0.383161348394962	1.21044684736078
-0.0425094099854301	0.0703643202036133
-0.101151024160093	0.215896739820955
-0.0504970616857602	0.0800984463910165
-0.153987711159314	0.253063799111734
-0.107886786366936	0.196453735369951
0.127857611437642	0.189630338960351
0.302645821655134	0.79576912279553
-0.30764109180815	0.620500417270293
-0.380814954776375	0.852405757113071
-0.121982540811556	0.1721117198732
-0.515399985016343	1.15225046680967
0.0434003084295005	0.0569767543152418
0.0163919506626102	0.0183981736769126
-0.138109735648113	0.213297733529515
-0.90697902196632	1.12578592132754
-0.33074835118073	0.189872432213084
-4.20224555346983	1.57220916126614
-0.138491725911058	0.0395242008307689
-0.526558069458088	0.181629780901929
-0.300175540982743	0.199822159757637
-0.471296476908958	0.753575795105168
-0.891282034831212	0.57610783610383
-0.556723263921554	0.861270273097363
-0.627829077438603	0.970113853978462
-0.296486120334451	0.294365488660261
-0.332232597177227	0.328522978633289
0.398779417288694	0.478218178987117
-0.645596812482063	0.776153976129979
-0.441140986941959	0.584343742248457
0.243009386493196	0.276910797488337
0.627470836706746	0.922035883941969
-0.228436279633179	0.241210727823536
1.22015917090555	2.54744483175724
-0.499956314807565	0.80142618352751
-0.314505851148612	0.484306341658036
-0.137934407107676	0.139141200696145
0.508556739324469	0.70236866232417
-0.26573269822925	0.309734500948515
0.35870725130202	0.528248347060522
-0.182915691864495	0.173190989902651
0.244401078561257	0.224374792587097
-0.183435054105646	0.151043317821617
-1.1136603945865	1.50141997235776
0.478333996068897	0.478250016697123
-0.104180845445451	0.0732928772303358
-0.469268228902151	0.457550336570778
0.0104675187903884	0.00700734754885839
-0.839459377649611	0.613582170896697
-0.308683744042201	0.247824010260742
-0.0906109698853807	0.0574019932671928
-0.363454156075754	0.289197208331101
-0.228085342305647	0.170845714175316
-0.403168072541653	0.370752102268957
-0.866969240526311	0.813047934689436
-0.134725765022468	0.0838733809435757
0.00940324060117885	0.00630051647373263
0.0533576661957866	0.0479804503536073
-0.182601794876771	0.161896958905498
-0.287719143969984	0.604676587381487
-0.239651864429094	0.342649887417693
-0.209256041065271	0.298539003879264
-0.117537902648479	0.155387316674366
-0.156709178145706	0.148781755831255
-0.0000982684437094763	0.000103298588034188
-0.151822667101266	0.125929222601447
-0.317710660394448	0.8432742621943
-0.479743468435256	1.32868705872919
0.618658343235457	2.04632400819579
-0.212348235246766	0.436397487679629
0.0093293089033901	0.0127412018320835
0.286117401896876	0.573299640030867
0.0424541411957674	0.0600257125481232
0.142135631117663	0.208900503545852
-0.340008336386069	0.641758340659743
-0.474915967910792	1.00958108978801
-0.172361548832596	0.269088118800052
0.475707582884227	0.83667852790094
-0.292912002554307	0.420243887560556
0.226671014939857	0.368520185728079
-0.242822440745735	0.394833590813879
-0.30055640748684	0.2001023004453
-0.390108394003911	0.182584068814176
-0.967497535866392	0.53891561775128
0.569767628338025	0.362213706599297
0.682701586867926	1.80280351166522
-1.36496143420517	1.20741101419235
-0.206974781475931	0.20729889344843
-0.330770053862089	0.365126830229778
-0.716173604775147	0.81435912496524
0.132566546445698	0.102822553607858
-0.057721692254846	0.0451461486992691
0.104737146757893	0.0979776819981704
-0.546275803278299	0.690587479537422
0.40139779049607	0.584363460085062
-0.461860678874009	0.689190891251581
0.304432711582685	0.388283569997218
0.447177555070295	0.641031310543178
-0.000584477367459771	0.00063620800199349
-0.427660887679082	0.614678261638996
-1.08575451674154	2.35805733896956
0.123182155556425	0.13363231441293
0.032869638869707	0.030401415278191
0.159007861676788	0.154807574530486
0.0799592124827204	0.0836052659010971
0.827495961012277	1.02400428674943
0.206268892166934	0.202105144618121
-0.334133765398838	0.28894093844229
0.25349690925981	0.241536187905537
-0.182693093423039	0.0942595441750744
-0.780548160592238	0.687576830206646
-1.5367174285181	1.2176077338942
-0.299736806651049	0.199508323962674
-0.142145659887733	0.0988317300014447
-0.249797750746192	0.148149855464518
0.487484544126366	0.451343546712908
0.478696195093919	0.478732388397832
1.18707697854406	1.75598324509627
-0.717137733813721	0.481323111636119
0.0784494678428431	0.0684411228839152
-0.109892835784911	0.150126146427171
-0.523960413483398	1.30402642019509
-0.151478105491909	0.254381405233614
-0.0427340050687493	0.0644682689980019
-0.170924642160311	0.360601408122522
-0.321753572662399	0.478476605370349
-0.112075390588783	0.142544176428597
-0.252443085822761	0.321824530010187
-0.543471014734638	0.65645951522171
-0.0898405565712563	0.0568899352632078
-0.0733725932284533	0.0619165019080264
-1.85314979867233	1.79083031459323
-0.0869414496253416	0.166192410230921
-0.594980640267907	1.5876260035584
0.0141241320947655	0.0223602451642628
-0.314994494773487	0.651600693276787
0.227125758660046	0.408065491414298
0.14819280920377	0.207945668359602
0.29429789952568	0.451578833194604
-0.397759306138371	0.796277381386228
-0.267229477851162	0.485740604242399
-0.053117485817543	0.0693911518334158
0.621127779089696	1.42366697804106
-0.181321336488633	0.171506944724525
-0.0184934217190925	0.0120495228743474
-0.206546786349233	0.206821933229914
-0.615652883327087	1.45512792145728
-0.23941505331803	0.162220283724955
-1.00164972063249	0.304485048317087
-0.834333006267973	0.336699119729129
-0.427968962470905	0.337269712799533
-0.23400933155016	0.453113220542989
-0.78362119722606	1.11985250625521
-0.935309631564189	1.27395330953175
-0.182061698340175	0.172306829575528
-0.30837174641347	0.247603423821521
1.00481739328677	1.36522570271476
-0.249316956674352	0.147831479835287
0.386923851952596	0.314309119375819
0.666602793803641	0.539341864392069
0.20603958356809	0.201813908246382
0.0774708990619846	0.060124924553206
0.198958878544721	0.253547162514162
0.203897711638952	0.265600374022366
-0.728580958824614	1.58197082391774
0.0228213750915726	0.0190971255015742
-0.0831134006281402	0.0749019118816006
-1.72322210106982	1.91490270644376
-0.683538733671271	0.938994593186557
-0.1986587140732	0.242891374957376
-0.082591850354815	0.100837329725119
-0.342589690265136	0.581369840306736
0.153074844664557	0.184038438121269
-0.501385716248418	0.804636127847319
0.396996971015382	0.462781465330216
-0.0954273132220093	0.0800425273453045
0.114827865415422	0.0849392545637862
0.249128906352171	0.164249082465444
-1.6682656101881	1.05953908825131
-0.556701713000141	0.243766524436716
0.0824794953137127	0.0310209319627419
-0.390108394003911	0.182584068814176
-1.65088720553772	1.40528146574511
-0.372864158482682	0.242635997596057
-0.583596176019162	0.356881055209611
-0.776515707571059	0.38635152586693
-0.372463298464792	0.242471644868516
-0.142836643687587	0.0993484770620998
-0.147101917554111	0.112348135284801
-0.715732808294982	0.813783252348723
-0.116361660997571	0.0623523869817068
-0.183732890466988	0.138865411896528
-0.023065153356019	0.0280722787803581
-0.423054662471401	1.0362356258138
-0.217856241141873	0.548310650795214
-0.190896128470878	0.436071368284202
0.261591485689492	0.680439752831529
-0.227445291243824	0.489521077830068
-0.101252077740241	0.186965510744523
-0.252401457121777	0.642697882412854
-0.458944430995234	1.08719837130748
-0.870634155475299	1.84293661866577
-0.118971547548949	0.198363035959003
-0.294860359827716	0.375558047133349
-0.662233474617815	1.10007275768649
-0.18450686260105	0.139540042049212
-0.487617863954519	0.345695591448075
0.168517715011647	0.118168692056449
-0.905369768141384	0.786193189742932
-3.51246745183048	1.03638668849477
-0.743436646833634	0.435977090365809
-0.12560160035087	0.204675152459905
-0.279695895518577	0.710917472116718
-0.258064669244394	0.525268011956431
0.605974663188517	1.77730835983398
0.0915498446726627	0.133264192049334
-0.242183801180375	0.393479442771203
0.0471333733454251	0.0546560059677585
0.514606599652399	0.928641250846652
-0.281459376536536	0.538522169805457
0.206512911381931	0.306994016416719
0.279190804645612	0.470764466064549
0.0129579304642564	0.0156571019451567
-0.384918247982061	0.330185927759459
0.645319654237475	0.905218540630891
0.44459384743269	0.665666852641734
-0.324234359876183	0.516260264896234
-0.780662179835471	0.687731215754064
0.394477818320844	0.135546168947089
-2.15451821389688	0.46533654820635
-0.292771175393204	0.560935237962369
-0.996959131419728	0.923010531994947
0.288138354304218	0.330655160418018
-0.638342678395284	0.841706993863393
-0.31697170004666	0.36820779672937
-0.697173039103466	0.877079007386295
0.272900771699219	0.201252044532928
0.0950659003285198	0.0668894668544765
0.641023895964106	0.54508675518201
0.236693847555049	0.14635874538675
0.235920407766648	0.145805614242198
-0.0591705045591294	0.0463230175142664
0.2520528224764	0.302483240730881
0.544857775785962	0.846991761001234
0.00364677585886231	0.00315034278456537
0.186351210354175	0.199021404984555
-0.769800334551526	1.36639994495013
-0.549557806200124	0.726507608850206
0.187045281967907	0.170969540007385
0.444301945560227	0.664951520888505
0.013389168043668	0.0134141240633801
0.0417848685311102	0.0422003060276268
0.325188848225976	0.502794131453422
-0.555860023793233	0.829256125578563
0.301631576985192	0.375336038078056
0.356663890884038	0.503589760962997
0.0760193398658649	0.0589642304212207
1.66932078552005	2.0611503852956
0.507097229723732	0.411721693209759
-2.168313737578	1.13435412333997
0.550077129999514	0.376722954323861
0.394359594817734	0.135507846198324
-0.526439196579555	0.181637496851545
-0.330000277640246	0.18942069044567
-0.0630727527914156	0.034901473630272
0.00588857467864678	0.00190103027715875
0.130206541159422	0.0556306744898664
-0.373235332324392	0.243065213858136
-0.744162817499065	0.436583097044994
-0.300955997008493	0.114002992802927
-0.58387320379766	0.3570281304047
-0.55773242323011	0.244317689807602
-0.329507772580433	0.189019538786363
-0.404666279530156	0.292041447928685
-0.59148954354181	0.453468760711425
-0.442141750037154	0.485547033484569
0.0153145711268325	0.0145398300269075
-0.215171533552617	0.35772755339279
-0.346882560241059	0.88237052246189
0.0533711901195353	0.0911691405454897
-0.368956649124702	1.06205413697707
-0.265056499487767	0.565944950794037
0.349747376751233	0.953921546376303
0.0512385964760967	0.0846221895576085
0.0594803097538478	0.117491896019807
0.383199743302545	1.02518160460034
-0.275451967395139	0.476000154099719
-0.278597965605954	0.584838144406531
-0.373028411718064	0.576257538728352
-1.21208444585507	2.05747291576456
-0.0510867513781148	0.0432962638140375
-0.050441940705264	0.0614957833355767
-0.467563589493466	0.723317210288488
0.729428463339121	0.872503899260669
-0.0215161057081173	0.0122218679389174
0.0442077564005035	0.0278262092650394
-0.018810402647879	0.00863229750716966
-0.967334632975447	0.538735074735431
-0.587080955764592	0.40618193287197
-0.350180500465897	0.762211854853782
-0.253229668835875	0.504965468744448
-0.0267922430986529	0.0359477481343134
0.229559868765551	0.41378311108613
0.36193457992484	0.575887852410244
0.436553121949135	0.747156456008591
-0.184044089529187	0.27128900703617
-0.257449545453231	0.454865903772823
-0.869081151443815	2.18279434146159
-0.0761919887493062	0.0892788316733122
-0.331509906811656	0.327592238085906
-0.535335146733634	0.583466818580425
-1.13670643997211	2.19740812739963
-0.77583578382403	0.385775442908969
0.00025745613930408	0.00036501135349381
-0.279947104987149	0.341057496224175
-0.240823377015704	0.226262563281282
-0.537332177811541	0.586374126910026
-0.459883964535975	0.557004431519762
0.197401824053044	0.187044879857386
0.717072819154627	1.18696181944093
0.17622247201968	0.155203248905597
0.771109400203924	0.864756109848334
0.0946679613677235	0.0665924867170165
-0.330000277640246	0.18942069044567
0.165970347389982	0.0791823014085662
0.383917315388124	0.232181956917002
0.148510994607947	0.120432328275621
-0.199745933674873	0.233458992208667
-0.478519162784813	0.495530306882134
-0.0507698209106328	0.0516650138113244
-0.559015268235178	0.896626860140006
-0.344999971505768	0.43923218221171
-0.305461290136796	0.372277318446625
-0.28961541917174	0.252322425515145
-0.546366674551547	0.691046600073149
-0.110836637535726	0.105739018122784
0.0157572962556435	0.0149635523272036
0.274919726195594	0.372681329177311
-0.0258873056696768	0.0250304905464407
0.0166574958507358	0.0158256931011867
0.0788102673402073	0.0756907159074876
0.195965040978211	0.185410532519242
-0.186281840354813	0.113460053513999
0.101843168345207	0.0595673714508446
1.85867728649694	1.11406437570508
0.845257110215614	0.517905108923992
0.129690974521995	0.0554121511236294
-1.1473617381102	0.878784753733543
-2.81715981198779	2.06485305872901
-0.83376033571481	0.336583209390257
-1.38979131814193	0.501617121519991
-0.583970743786624	0.357109169794188
-0.660898954191964	0.67236198470842
-0.587224671595168	0.406295701025261
-1.81855779338199	1.25882240158322
-1.30776038927358	0.679609559802568
0.780275995343499	0.330998801325498
-0.743873545514155	0.436545057713619
0.38231354058057	0.21240605852907
-0.13438609678993	0.0836504200965177
-0.31171250913731	0.289860476198667
-0.828620475983867	1.03476490466955
-0.0633122361328957	0.0350336293585967
-0.591547105275769	0.91532235212719
-0.0760919657249909	0.089142338837815
-0.0992886831357451	0.160225887151271
0.133989187375298	0.2487185967302
-0.0140631673151833	0.0234490193832061
-0.157084965773157	0.291298905949592
-0.447432246254517	1.18582583058336
0.399770681664287	1.14903021971612
0.099416790685843	0.188805413387538
0.401163437834804	0.66942747391089
0.568912475279296	1.88680646710429
-0.313210104144513	0.560119943812415
-0.108025283472499	0.147282628389979
-0.442668858862077	0.486171090590497
-0.0854988014431718	0.0664531059350029
-1.80029121584622	2.09828565550086
-0.26415210193482	0.263135757646277
0.0283866900521012	0.0278040546756523
0.0216224547486869	0.0233327484312458
0.0920158502075205	0.0913411862663608
0.475389659693829	0.492687352222046
-0.717354207498118	0.481501301619838
-1.15674840876939	1.05094157808827
-0.115545663634876	0.061914948401187
1.33513313400025	0.96022448738601
0.101329871603075	0.0592553699462372
0.392176095450059	0.157193895577234
-0.577544215954488	0.304376817410782
-0.227021291209669	0.429226114960547
-0.291489632592422	0.599557638300918
-0.540907472326755	1.3496932273769
-0.298218016290305	0.558249520769061
-0.145202240044845	0.205861102791164
-0.218957832252687	0.413904709658745
-0.359014256073093	0.850394731102138
0.398937318641359	0.855584266700274
-0.282766503510764	0.501847975735314
-0.402149206900484	0.442786799092918
-0.457086582841011	0.417213636272637
-0.512216849705747	0.431751887176327
-0.513309839556968	0.432899279592007
-1.08873769816625	0.502806249640919
-0.22193111698775	0.3891015000466
-0.147101917554111	0.112348135284801
-0.810213412798348	0.864031620651451
-0.722063148656418	1.32176599003652
-0.256345443967002	0.270331981752866
-0.182671124494821	0.150317686346293
-0.400873408906366	0.440928435054212
0.0635983860888808	0.0534665110864294
-0.128070933336057	0.114556658795301
0.201973256766594	0.228491131119892
-0.150530073663175	0.124764207940941
0.391268374649139	0.347264075976457
1.00474581535864	1.20780115231959
-0.278099671434405	0.206123441305219
0.273070302796222	0.201396799012611
0.273063081457775	0.28719485401443
0.195205510894559	0.214818131105941
0.18711289159276	0.199993781400525
0.128688542361278	0.128568936209829
-0.243276272339621	0.335564870324646
-0.0894648684383267	0.095550312029009
-0.272085704882975	0.346381592970011
0.0138117246516077	0.00817432236390381
-0.181688629473186	0.212672793006358
0.315008433830381	0.440276463110345
-0.223511391954581	0.318991904445018
0.0723156125819338	0.0898976085155209
0.399710222980898	0.61811416433184
-0.823809081424969	1.60345646321853
0.35027468360474	0.460987858841446
1.00271722596319	1.51522395293217
0.852412735446871	1.02242384518231
-0.104159547177559	0.0732824544978151
0.196502243026819	0.103424070088793
1.08198636274264	0.545434888367528
0.394687815538314	0.135590291209972
-0.139134492693926	0.0397113788160752
-0.0855386111326405	0.0372858102338209
0.129948950282375	0.0555267392668019
0.0837724852204606	0.0315138877810219
-0.556788769606713	0.243733913647252
0.130739753700493	0.0558489640110716
-0.183556040758864	0.151150652246319
-0.0184087255708847	0.0119922186264184
-0.776056450475121	0.386063720407993
0.595488383472829	0.348018602273062
-0.390108394003911	0.182584068814176
-0.271508942552937	0.133948747873007
-0.0861209122244248	0.0375432998359443
-0.582787084386744	0.356187527615365
0.667008201830389	0.539940222432631
0.498684966904981	0.424014610357453
0.493914394133722	0.438985196621936
-1.44701333124187	1.82015105794306
-0.404987033873702	0.292440183228284
0.0395323585786196	0.0398606381911118
-0.13793833289198	0.207505146984532
0.0330510733751797	0.0554646022172188
-0.101754389482849	0.176776571126189
-0.0408565701146958	0.0733129666986383
-0.272161241673744	0.710328761548298
-0.0994591745650357	0.187532112070912
-0.11877099907235	0.22637853912842
-0.134273939182395	0.267689474400844
-0.012669459661194	0.0159089740408271
0.209728769465108	0.432954579899478
0.0348075053573561	0.0462285670851825
-0.18147243874344	0.275071359300008
0.138634271192478	0.142812822992694
0.160687431157885	0.198081581653551
0.710757066000359	1.49355266166548
-0.0112197026943404	0.0114639519619204
0.273083274622229	0.201394637722052
1.00730816954592	1.05469406423397
-0.239732443318007	0.162439804084733
-0.114964625151516	0.0616045755073083
-0.390108394003911	0.182584068814176
-0.0185568973382204	0.00852101377830011
-0.115930817477307	0.0621248164946878
-0.583813402457841	0.357028102443622
-0.511419636758137	1.50138510845841
-0.670204301733652	2.15407126056375
0.0400656793679698	0.0619633474729864
0.567419750025166	1.54136609932743
0.473226889747876	1.15148309381269
0.0958790360719794	0.167490514499553
-0.23713549403198	0.406809510054731
-0.777193325184844	2.1490166662536
0.147784233506078	0.119795095790887
-0.451757676162822	0.521923021693518
-0.242867087196549	0.334808895038866
-0.059340220097596	0.0464598405350845
-0.187684770912977	0.128983751372794
-1.00196868605036	0.304687348735161
-1.2817305790115	0.865306374552898
-0.181943935883664	0.0938208034316995
-0.359699986957737	0.611279071919091
-0.104202089109567	0.0732978539564536
-0.442350854374515	0.485833339554949
0.0326499272842751	0.0301931822580726
0.0273773306480198	0.0212079138657998
-0.0406862019456508	0.0392443970471063
-0.539424627941186	0.619980008311793
0.260273068050182	0.256622146663429
0.637407942433056	0.735496711126052
-0.790842275262484	0.894198469492943
-0.531790422259439	0.547964332385098
1.08790829623803	1.39490858374424
-0.143383912967169	0.0997553104360757
0.966224194323858	1.1996595192709
-0.316643332268529	0.367722996018654
-0.157515365668386	0.158312764645085
-0.201825472141377	0.21308928234101
-0.123340880045166	0.131496280649167
-0.440683337001987	0.583565907635698
-0.159270797624089	0.168966270838095
-0.378507026895567	0.438618838669056
-0.646281914128356	0.777234079204012
-0.144753659285072	0.161968676639776
0.20940767157412	0.24357185171798
-0.156531405701154	0.222077422521792
0.202240008751528	0.263100893640551
0.131161457413353	0.160139037299977
0.0676203372563199	0.0629344629812392
-0.387837081755298	0.404541563504977
0.762730142113664	1.02624200151639
-0.308768622407733	0.24796649465637
0.101462584153876	0.0593376877785001
-1.66776270558682	1.05905892866318
-0.30130788380924	0.114155707724385
0.392075810346128	0.157165661368801
0.16601644258043	0.0792091325875855
-0.173093324223146	0.0708228861667735
-0.271946757622245	0.134275185027705
1.72083629870748	1.27307224454116
-0.966639112746351	0.538315294228818
1.0974665601134	0.91143219532014
-0.512581259499698	0.432199645141202
0.0730871114138813	0.0487506242379448
-0.135485326356473	0.0843603481130194
-0.0633302519116082	0.0350470163490283
-0.464248489954245	0.293834858211746
-0.486839206693173	0.345069722081061
0.939468188510465	0.525510098214569
0.384798295647784	0.250640871017619
-0.249700929391401	0.148080019848136
0.12722757867006	0.0795213094723885
0.384746781390699	0.25063925597187
0.0555629419848767	0.0411342575897753
-0.372463298464792	0.242471644868516
-0.227459551206493	0.240021413798369
-0.145789656452728	0.206828523829335
0.114496198839066	0.243356977708925
-0.157587508106419	0.336098941297163
-0.0119397471279484	0.0206787986144492
-0.0528788967781084	0.084182886771602
-0.478101171106872	1.30134589344899
-0.380491453981969	0.704591657806617
-0.478317192926778	0.495263832805352
-0.0455849285017318	0.0413612378487265
-0.0246613550888444	0.0251853687106575
0.561522907440586	0.818524619230502
0.242569533026706	0.276316410947749
-0.52602743310174	0.509310900055264
-0.868237191174545	0.814098578948613
0.492858251217792	0.437867039470441
0.549450021075244	0.376212304083995
-0.55735975728574	0.244140038228301
-0.464104729696131	0.293706352109275
-0.996340225159105	0.92226399140214
-0.225269652724441	0.503307789802597
-0.414234466115616	1.15039097252644
-0.206097474673601	0.39627575506911
0.0607992373034635	0.094284899688489
0.379878464735075	0.924180392496153
0.0597343744406555	0.0983305133754728
-0.0990010570359962	0.1679414008094
0.130653119625845	0.2175197273046
-0.23491751618125	0.455439820447762
0.149747794325773	0.224819551036657
0.059575064340248	0.0787873720500266
0.363820206016825	0.579960590237583
-0.660819956359694	1.09624212895635
-0.0125366984299041	0.0140730327939391
-0.237918278520211	0.35249569825038
-0.0625484157849568	0.0346085598869108
-0.502797806284444	0.391557264053725
-0.363089601171979	0.288833281039867
0.196816675695344	0.103590170953903
0.39137045791545	0.156848885676898
-0.557446515240923	0.244186902210422
-0.780955822534272	0.688144520900211
-0.535195669952038	0.918201865502346
0.149359764406569	0.0991461450879672
-0.103115666313098	0.0924576922238032
-0.389148824440637	0.406221056203223
-0.555635011236878	0.828653586116572
0.0336307382617039	0.0311183380199387
-0.0133686687237752	0.0114227109033938
0.159476543136625	0.15530798741903
-0.274604950549359	0.256688486522742
-0.535537231962495	0.583827375577407
0.0473825168206078	0.0382935976287927
-0.696964846027559	0.876675749570281
-0.403008516177072	0.370586706141046
-0.332243559988179	0.328522921007424
0.00969252070065823	0.00649589413572033
0.0938148999045372	0.0759870190937084
0.213980433476971	0.216403132046921
-0.214034733464672	0.188747610785939
0.102585534148438	0.104965711906999
-0.158806375894468	0.159754849847526
-0.229177465137353	0.242109157146541
0.00158468988533592	0.00146155346286529
-0.371139695690997	0.471626054396333
-0.255331757336317	0.2691698014824
-0.0734441759260534	0.0704749965489753
-0.0958050111237444	0.107318186146729
-0.237507578465426	0.290251719047154
-0.0245964765345864	0.0251199901653923
0.495320265729864	0.748258611993211
-0.30168841742942	0.334001549596524
-1.01837093877234	1.38139095262343
0.0286752901748852	0.0222182593887134
-0.592478627612012	0.60702249140661
0.148997456957413	0.0988862951959656
0.219421309729497	0.125883709534914
1.34739751888891	1.15694206148775
0.014650292292696	0.00866417064978894
1.00541036071127	1.20965669773395
-0.463765692505222	0.293430664949806
0.0717024983941542	0.0389007908424518
-0.186006607620029	0.113276482234153
1.05067947125729	1.22269705767479
-0.486326504616144	0.344651999833271
-0.271946757622245	0.134275185027705
0.129690974521995	0.0554121511236294
0.0761803663895427	0.0590949421597813
2.32972650319787	3.80930616994447
-0.2491733834332	0.147734590135752
0.384350938997925	0.232494789498917
0.518302699911504	0.400371839860981
-0.330374313460103	0.189661122443498
-1.95316726513504	1.46261452457688
0.594668890383581	0.347567590449169
0.958641796377553	1.04098510921735
-0.661301294725201	0.672949371190593
0.551792173395611	0.613934974352918
0.579883603271509	0.581508081693274
-0.592521174576517	0.607091847318105
-0.835652456551588	0.837721822217096
-0.645070667778683	0.775099463089471
-0.28694854235395	0.381151939854671
0.12817226884346	0.190164448175304
0.117947827784432	0.221616755421416
-0.0238713358117901	0.0392381510151505
0.00526346717722588	0.00423724386153546
0.0919425195377963	0.0831175027897814
-0.545737731880764	0.689865517394409
0.0530319224554053	0.0590403647614209
-0.0242250638327134	0.0247333398589825
-0.0737306514308593	0.0707738111569434
-0.0418967148733168	0.0301123126196983
0.0955655178172579	0.0672638395772373
0.252653919321311	0.240596354391727
-0.228418699358075	0.171111667090183
0.883766909566292	1.02725480196479
-1.36486567168692	1.20672228004928
-0.300175540982743	0.199822159757637
-0.372844460016353	0.2427719181186
-0.363623824296133	0.289359675440868
-0.0710851272279927	0.0505710306443396
-0.12653554675742	0.113008192667536
-0.418170290884689	0.409930798337696
0.0234983804364384	0.037487024064021
0.120937760383229	0.203073120739415
-0.471489222012467	1.4406499737919
-0.174401392272724	0.339928343565369
0.0552180967367541	0.0841980486556437
-0.0606448394558658	0.101342788250021
0.356772396364128	0.802879464328029
-0.297524010432825	0.530006637166671
-0.392125904997352	0.821401791934436
-0.253084622283305	0.504578545774763
0.158073614619674	0.245424504160426
0.256138653695717	0.48027610963705
-0.20356044784728	0.337530977720499
0.0353199460845149	0.0327053318434566
0.400497634202821	0.607425793310534
-0.371932788233363	0.573902994802325
0.17886526252648	0.301482094664775
-0.81108973386884	0.865416414496935
-0.436774988447206	0.241260158221318
2.44500339827156	1.28613374239014
-0.587128150081854	0.406130998050476
-0.143396668511171	0.099764184520356
-0.159929671237028	0.169783260977521
-0.143975582250975	0.253028884565783
-0.42827175154695	0.615731187213713
0.00795760934346729	0.0087234765851997
-0.241526048926225	0.28166812385464
0.273606603674244	0.287833556498126
0.0464839247207652	0.0444111923300289
-0.525624354853322	0.508676358654444
-0.316305415046117	0.332069551303211
0.223299426671511	0.233262704853879
-0.223472621591032	0.248489864938114
0.730224383256	1.33915259057297
-0.110955218249184	0.105842352431299
-0.0458458108183475	0.0415996747791235
-0.136732614840694	0.137788396286526
0.186835725691214	0.170739839904118
0.0341277160590902	0.0240740766346207
-0.907874920863475	0.960904520928343
-0.0631878242340126	0.0349692692370032
0.479535977621206	0.479710344348148
-0.0346596912160474	0.0272962341968011
0.397394463187246	0.476158511785527
-0.662084343728198	1.09983830067298
0.22963688227693	0.247032510316935
-0.24227239892166	0.282723989422062
-0.296422187658269	0.377937401685878
0.651288724858607	1.07125250465126
0.199951035117487	0.225692148807601
-0.0409875337089777	0.0395487675852903
-0.180357932556127	0.191018589115677
-0.456844901362622	0.416913404491375
0.704102033249804	0.707895357673288
-0.773906861780913	0.92359977379292
-0.46487500253365	0.294278276651813
-0.372329725591541	0.242364824091801
0.38397685517036	0.232215293174705
-0.0860010559550892	0.0374911230341806
-1.95326353965474	1.46328918461767
0.0725168222829429	0.0393416859923953
-0.114723049960771	0.0614667628134295
0.219179599652792	0.125723099982411
1.33466965622918	0.959893715338321
0.900258043455723	1.18544525164504
0.176747495384754	0.155704546611983
0.101338527407549	0.0592567069890045
0.0708837043009238	0.0384495620714717
0.262186697938186	0.183340850708768
-0.115108239055747	0.0616850332279238
-0.0210355064083422	0.0119515129711711
0.621364985136881	0.552840581160498
-0.299017041930087	0.198887180097991
-0.14766552696723	0.112814047100568
0.0566505205532358	0.0419757667634351
0.226042502004362	0.19176777898426
0.58019374878137	0.581987231916914
0.235510246518667	0.208068944034902
-0.227209895085503	0.170056440440442
0.112012540915283	0.117964381520185
-0.43052344236221	0.781228054075632
0.305846620601711	0.719146486931731
0.360596116707127	0.914833065307155
-0.0524344225368663	0.08123716424648
-0.182595284221838	0.357037956063379
-0.182275081107533	0.172533126729464
0.0137205320809318	0.00812147174536276
-0.0821100747084918	0.0833122571903722
-0.359404858905145	0.436845942622088
0.096355643841868	0.113832645167498
0.40016176713995	0.643248811754987
-0.810213412798348	0.864031620651451
-0.669128448637139	0.638665111923555
1.22118337491507	1.61457099279207
-0.690130090401581	0.568866562331166
0.384272915176338	0.266877688521883
-0.947523668368376	0.94182024216908
-0.0203564653439664	0.0115629086227773
-0.390108394003911	0.182584068814176
-0.0637211379699021	0.0352600514528307
-0.486981982198239	0.345239336325901
-0.300076100830081	0.199769964396802
-0.297068129122511	0.295028393591697
-0.419216403493381	1.00567125567434
-0.024845109276062	0.038205854910539
-0.0981227282004088	0.1661938491551
-0.0765583824085155	0.131719039218779
0.382265660715848	1.00151803309118
-0.083133955039537	0.137129898900584
-0.314704469080804	0.650796182888919
0.0316152769388282	0.0431802870951914
-0.274866509307637	0.513052155887877
0.270780582980676	0.433661371098433
0.14376306528553	0.224979156296758
-0.134756598235508	0.190934613629746
0.196139289142583	0.305237313755029
0.0992232733793634	0.133994572902348
-0.301162019137089	0.333295554030484
0.24162048517463	0.274949341789889
0.0167306691184329	0.0158963031348865
-0.776436413149101	0.386296542223951
-0.4737470176026	0.115740974734865
0.0173880418108544	0.0221147318309931
-0.280840300905861	0.431704406995585
-0.553462002503839	0.79394012017106
0.0696581757987573	0.0707719655003889
0.0297288435512352	0.0291433945257234
-0.213306319986264	0.187992006831888
-0.273150029897208	0.302734239067344
-0.280765971780176	0.342426815346152
-0.645804830220165	0.776481694229386
0.235105833943555	0.207635792117153
0.0798591053443081	0.0767786223635616
-0.441874796377134	0.485108423586006
0.0803163401029738	0.0772363392926817
-0.417767707663612	0.409394322580698
0.186349376143611	0.137709542521141
-0.840182907659372	0.614210017273857
-0.172712037746331	0.0706637074876884
0.0277443001490013	0.0214955446455591
-0.850316211589229	1.00906455609686
0.24316142573866	0.277130772766689
0.497099081618749	0.73415553541794
0.636250563334838	0.913942117303947
-0.370987515061372	0.471331642553697
0.810284038942013	1.46939380727376
-0.412633310941815	0.477166778325128
-0.289637870028631	0.336842967297766
0.110817201728544	0.11654174930064
0.0139703149538377	0.00826757430059525
-0.0188478481961407	0.0122797539726644
-0.0190893548624456	0.0087597289300724
0.19731174810534	0.103871798085957
-0.389943780151038	0.182487537638541
-0.272916182847222	0.134752097906437
-0.463909445752976	0.293531598088991
0.883559547939913	0.705535917476235
0.219663030713871	0.126037205246425
0.0325192186563108	0.0161771034717757
-0.592653365281189	0.494316251919992
0.38512474676446	0.283249108722133
0.384264922646631	0.266961737317526
-0.272333557581422	0.134487452099993
-0.557819071033484	0.244364502966291
-0.833528978776724	0.336330827254763
-0.965664961432846	0.537510357203146
0.789388733331575	0.701751359461779
0.236960145252069	0.146508243761446
0.0098591187504134	0.00660656710721141
-0.0522392523211487	0.0335886637937043
0.0773097789655087	0.0599998305051372
-0.536264628102497	0.584914863399393
-0.300456951861651	0.20004576912434
-0.332444619283219	0.287054715095646
0.169261551315046	0.170194767783208
0.187033079008942	0.280645138734797
-0.328594022858811	0.77353089700414
-0.0750529108252127	0.137198168633627
-0.230583331575645	0.535085894167996
-0.592366004556369	0.714270873190108
-0.946912718556859	0.940623879440457
0.0788059085815487	0.0687813977108615
-0.141275708591446	0.150343662917839
0.365859202172516	0.615157936501295
0.399369729121431	0.530187482296869
-0.371460852186344	0.365359594083271
1.00694531291657	1.0539087666045
-0.594147892877211	0.496121455564586
0.299419510205202	0.25424945133072
-0.578998151141248	0.305339990915278
-0.336524829735055	0.246437182993924
-0.172633540805796	0.0706266937852931
0.796746371770748	0.863316368531045
0.102250024880307	0.0597895732827764
-0.594034975888259	0.495927379070074
0.0448990595684333	0.0282696501364793
-0.502956606261684	0.391708638897136
-0.532353106949372	0.548690695379948
-1.05705450595681	1.36550209574128
-0.242298686076711	0.522928258355869
-0.13127080313925	0.328803936993079
-0.356359937090939	1.14079813322244
-0.197849504509811	0.388357504126775
0.242441954370632	0.469336088256936
0.168592574349851	0.342297045713515
-0.112466115379846	0.191290561039289
0.163854528570515	0.293112339538811
-0.116968082836089	0.174924608771815
-0.233740787049474	0.411043747171335
0.028377567631151	0.0357545766580777
-0.00314026642308942	0.00337053368248203
-0.12136340245908	0.191945777852177
-0.040476987153713	0.0493017238756775
0.10816628254947	0.141624787404418
-0.000811604693754853	0.000828430593288608
-0.829306809876061	1.03633277686203
-0.984040232418618	1.39526388585052
-0.0901154579493178	0.0963024067525218
-0.0844291787192708	0.10329142537399
-0.486858865120966	0.345081951768737
-0.180100728260305	0.312536976123509
-0.23941505331803	0.162220283724955
-0.0144014592032068	0.0114208067554851
-0.907636079961361	0.960597987003301
-0.525985367727974	0.509159672629403
-0.157663542039138	0.149751444394919
-0.0447361866408992	0.0502189979839964
-0.454766407976647	0.652870032808266
-0.206119090057455	0.206329124536967
-0.401693444691478	0.577418228812844
0.136674474250525	0.124312591007218
0.00775977760636605	0.00574798802530324
-0.289006856456563	0.251689642590362
-0.0322123555932609	0.0274165195712274
-0.240673181495497	0.226094579981995
0.0630041495517046	0.0529342250713899
-0.215072851408047	0.189754591498989
-0.935164541437641	1.2741554353353
-0.0642361824600854	0.0355434505791106
-0.142875010376222	0.0993802922691628
-0.301260081334008	0.333411589850575
0.105341727854647	0.0985826831564576
-0.592415899458092	0.714354469474294
0.566823856655882	0.807792317637378
0.201510552494012	0.156364829467298
0.0776946013602062	0.0677510942589331
-0.0452336087688745	0.0410374795444431
-0.0308446795463015	0.026244495078586
0.146626010003844	0.172084156816779
-1.02650539447078	1.81015246207847
0.148793231218423	0.0987381865500341
0.0146958578165966	0.00869083759546273
-0.173171789932545	0.0708505061620851
-0.743486797195033	0.436219280331052
-0.776595097406459	0.386270956895494
-1.95023616963669	0.916156787863712
-0.744018180136598	0.436625188976602
-0.587033724198061	0.406040554766397
-0.329783682732456	0.189267657676448
0.902448714617435	0.873572407696455
0.299823593652835	0.254671711103961
0.101586530641268	0.0594126956714627
0.381943315219466	0.212186929048949
0.220335218046002	0.126406081943179
-0.172712037746331	0.0706637074876884
0.391522607248462	0.156881533743494
0.949011691560322	0.709390717769633
-0.743534020411128	0.436250984982788
-0.557074062543211	0.243988580759618
-0.486203273812509	0.344571853234149
0.149926279936826	0.0995326966588643
-0.700761592646913	0.5265390907778
-0.261236457711548	0.211663586864838
-0.531948830928998	0.547904515539832
-0.0897282099251586	0.0568254085627226
-0.237734283954919	0.396122660216486
-0.0638354444818657	0.111645511196979
-0.327206145969265	0.872404537943918
-0.296434137269369	0.843250574101568
-0.220925210166664	0.564072510413781
-0.144528147800926	0.305903901252574
-0.0200972041145315	0.0336816829795263
-0.110794297006006	0.124046045916181
-0.123043884918603	0.131158005450799
0.293255116388471	0.346125343851138
0.116516189120467	0.0862715690334416
-0.679086172312626	0.605014538531344
0.0456156984189667	0.0287204916175741
-0.586600486077955	0.405694107810445
-0.172252235423921	0.0704621510143207
0.94826236072804	0.708888486267877
0.845257110215614	0.517905108923992
-0.577664577229696	0.304481405888821
0.0137205320809318	0.00812147174536276
-0.0857098253121175	0.0373635626054162
-0.271704448369369	0.134133840380632
-0.543738762729186	0.656918551405998
-0.0240624609612861	0.0387252895213662
0.068849978516639	0.162084243552226
0.118302017032935	0.249538503791063
0.0909314511972547	0.177799602613973
-0.0636416971401786	0.0886026912443596
-0.205295730353681	0.412493766195954
0.151061334844539	0.257782097987814
0.0442553548300447	0.073446417396002
0.235333445053874	0.436913114860682
0.0134076679544726	0.0185990527922917
-0.138606912214936	0.214252995882714
-0.42830495829146	0.924428106030208
0.0158898951628441	0.0178251630498123
-0.286577213613188	0.38052668223995
0.0256304444542825	0.0332955127690911
-0.120037420258352	0.164149876456208
-0.317424797076953	0.521476890977957
0.609632509273925	1.42892122367649
-0.259591903712244	0.209979673554516
-0.220775183845347	0.180455893641378
-0.485566864829396	0.69724548439296
-0.140683304418845	0.21808520265613
0.0963392497495487	0.0678017197284024
-0.35416129574831	0.327534451670262
-0.357204295559422	0.761523479357231
-0.329941092824388	0.189365351737144
0.214648803442564	0.174385633101069
0.164850578205622	0.185116933505108
0.36113144015047	0.553756532899624
0.643382819928455	1.0795179958603
0.50556212009789	0.71491263320599
-0.0255110839532244	0.0246593726459433
0.00483711238034317	0.00389644434904943
-0.654093492930764	0.705972192008142
-0.0576073151386113	0.0450494468312457
-0.0133998377662486	0.0106255927515714
0.0525200560023642	0.0471938638804605
-1.03243393180227	1.52175075271893
-0.52144597615326	0.472518014895478
-0.213973559151412	0.18866640755119
-0.591939796859878	0.678634905794069
-0.334740037593072	0.289513981354952
-1.36457759110601	1.20691961439594
-0.220081455054401	0.179765969288207
-0.413699427945653	0.478786236476422
-0.182492723088191	0.161788325989058
0.300503114396327	0.255305873378838
0.179436631671757	0.186200132296685
0.440176227407751	0.69928530083767
-0.182105781148821	0.172305647958799
0.13353698245053	0.103642339951344
0.054587352075429	0.0491288744871642
-0.133482928039971	0.127113002326686
-0.473653462895844	0.759261558120343
-0.111005111734862	0.124296533752386
-0.684715437841125	0.941522420147367
-0.239570698261682	0.224865754034213
0.795660548991135	0.861445722874264
-1.33482962382548	1.36501385059616
-0.172252235423921	0.0704621510143207
-0.583536208101129	0.356794814269034
-1.69670265447988	0.705803285671984
-0.74338935857981	0.436170840222888
0.0833989200560777	0.0313759525619551
-1.08908765226552	0.503033420719407
-0.436196905979094	0.240906518793572
-0.172712037746331	0.0706637074876884
-1.28187541645137	0.865806304883901
0.186182848636175	0.137569900631863
-0.716094656710993	0.814326505229244
-0.240503317593766	0.162954092703361
-0.436242477974631	0.240941083882222
-0.578536636948972	0.305125011360688
0.00646484563367621	0.00207938023640029
0.782288271065317	0.520702622232727
0.383979720123171	0.174250950865497
-0.775676594799674	0.385800549211417
0.383404294874283	0.281759325706359
1.0074013428884	1.05454356491206
0.832135238212058	0.704289652522168
-0.669128448637139	0.638665111923555
-0.0204143751440674	0.011599708238592
-0.204212589785359	0.329355276436009
-0.177970850417388	0.3904749587843
-0.0883757274377518	0.171900881158409
-0.0361782848729003	0.060943649758921
-0.042214725111849	0.0714133717238368
0.0540196100524777	0.0845257206345971
-0.649707602926408	0.741908555174811
-0.388472790573156	0.405326649619335
-0.730075059672093	1.29644573359958
0.398745588882222	0.516415778206069
0.0921514682146005	0.0914745581098308
0.771819600270381	0.86582347472197
0.939390334042507	0.525440763394845
-0.309144423427378	0.248278075133652
-0.239777811051656	0.162483362670592
0.130223801507199	0.0556180133216022
-0.271704448369369	0.134133840380632
0.631848659383317	0.336302209073357
-0.271848947526976	0.134213470671699
-0.904749360147363	0.785637557070974
-0.0857800457489014	0.0666775851057963
-0.371097355276554	0.364821465414544
-0.0289584551628648	0.043418595643999
-0.236535594499188	0.740917184373393
-0.283706165859321	0.85643503154916
0.0295525131758062	0.0568040337778786
-0.0285990404578196	0.0439653897957388
-0.281222506694539	0.724601768847142
-0.0656986775511095	0.128747449219418
-0.101051829031292	0.191046703739948
0.282958867221299	0.703637000616811
0.05795466714208	0.0951206425972291
0.262772639086123	0.627136413578006
0.356980412119696	0.803604136953923
-0.443672264517684	1.04782207053645
-0.242764488288812	0.438901784338403
-0.118476509382403	0.177543094706624
0.10133020904447	0.159327346005147
0.0335881954035039	0.0478776358993946
0.105600418497101	0.175541109852114
0.260490233268231	0.449578971300953
0.292815384789848	0.345486934763146
0.340063735368892	0.393544100178773
-0.0234822414483301	0.0239587476257163
-0.0615114169815153	0.0833327142003217
-0.364327728683131	0.289954367463912
0.0165941322915904	0.021773112391237
-0.592928783006452	0.532781435691555
-0.331975061985227	0.328224193189956
-0.683280432950553	0.938732119836185
-0.110277366172444	0.123396671758407
0.224293211649838	0.318645189592432
0.156938638365661	0.209494186736178
-0.23129508808759	0.294350678731627
0.226269159487146	0.283803290414348
-0.12065862173301	0.128281801694974
0.0213959219472444	0.0178911305520939
-0.423817223388407	0.514160857989229
-0.332133955307834	0.328427036751017
-0.0143459873634505	0.0113768268361228
-0.290143227884067	0.337538493364892
-0.644924639597534	0.774934935240823
-0.457178157454707	0.417252613357059
-0.908824388602798	1.12998404340585
-0.0514142641504918	0.0435755537744872
0.158793507746391	0.154568959100221
-0.0824101245510223	0.0836328697910425
-0.180419275711885	0.201161830244842
0.275164604289681	0.373108109660671
-0.179226863889657	0.20925881180472
-0.27344209253642	0.348620581648103
-0.246611097670227	0.273597618394626
0.0514864916793031	0.0534711984670013
0.0615883028792797	0.0657476202707194
-0.925233850518924	2.379522176228
0.226709521418531	0.327934353201006
0.0236349113390869	0.0243329055040807
-0.11185191946137	0.106793129033553
-0.289369158847519	0.252043370583076
-0.531747865645195	0.54767637850668
-0.952842679087402	0.753307108510666
-1.14661370711018	0.878056350983829
-0.390641498712677	0.182866469506345
-0.139382953336115	0.0397781881823515
-0.55735975728574	0.244140038228301
0.53228050448632	0.388732470553595
0.31685996440381	0.303095021298204
0.0142875071283488	0.00845295694594988
-0.592631939321882	0.454302859536775
-0.583753488901756	0.356962102540156
-0.953610463207281	0.754087448724641
0.196405420824725	0.103353717273248
-0.300175540982743	0.199822159757637
1.0677911843612	1.07481984098941
-0.947116358832149	0.94106681646964
0.621253745621112	0.552638757416913
-0.457405528517049	0.417583623853717
-0.907636079961361	0.960597987003301
-0.0864050596124793	0.183247716525194
-0.0634596740513382	0.131934162275634
0.0512497318639407	0.106659833043571
-0.279977093447389	0.698525432731205
-0.495595677665513	1.25430658648681
-0.440855891110071	0.583702481882489
-0.494656533763437	0.764904925381581
-0.392174725947019	0.542040030306978
-0.478841879854247	0.495922287894102
-0.303895800790293	0.369778752037902
-0.419674872336959	0.579985476593076
-0.0153108202686955	0.011113199783758
-0.185750063770528	0.113101473355432
0.292436072243748	0.237605237196399
-0.185626483744638	0.113021827490398
0.129415945437755	0.0552773639675743
1.25423598292786	1.30744061238697
-0.776595097406459	0.386270956895494
-0.485957143115723	0.344273862241121
-0.0853676009533447	0.0372014596010852
-0.513115382821158	0.43277654611974
-0.121512150175907	0.101346246738492
-0.449695510478846	0.5184076346508
-0.184926587173388	0.414330480048061
-0.147776780451039	0.423693597927118
-0.048863657997899	0.101456277860795
-0.265135538453687	0.690030801551139
-0.633739773501684	2.31591619919549
-0.0554959433611679	0.0984265060012787
-0.239740535533844	0.597101573603684
0.12302462225375	0.228790285726049
-0.262403985680825	0.604521969893277
-0.493354445026633	1.514503444084
-0.261761131103297	0.569389499668505
0.0868560316946822	0.124313051245481
-0.0734547050771818	0.102658622585022
0.0370019229155011	0.0550329076127506
-0.196208189046771	0.409171805997251
-0.0323770873584745	0.0447858893700172
-0.269931802913767	0.440502122288628
-0.273713792074692	0.25575542536842
-0.689521074485071	0.907535846196924
0.328396412979038	0.518192648060376
-0.380423888338455	0.704321205081897
-0.333235239414213	0.329714815581292
-0.679086172312626	0.605014538531344
-0.308413977295726	0.247620701039942
-0.966198513599258	0.538168127121678
-2.98684801730304	0.760282467602195
0.0716053546706661	0.0388520670428053
-0.421640527273004	1.01399014661095
0.175498467857535	0.154530763723472
-0.182393404855159	0.161686034607768
-0.171321731179251	0.274621375852796
-0.33130580644852	0.403217857690057
-0.592856481692793	0.570199412937202
0.299664457667053	0.254506337134849
-0.214115926350147	0.272844665906235
0.00325577675770802	0.0038471274746745
0.770134218456878	1.76463816149449
0.109367807433637	0.124197127487337
-0.594446918255876	1.21599042140782
0.159905182488284	0.155775604792906
-1.00022608591079	1.53372671497563
-0.644398869955571	0.773880945066987
-0.514268773962192	0.709056032208291
-0.248789394658567	0.1474564468985
0.848382209876588	1.17848099766741
0.00266716076162812	0.00231007106598535
0.485006716756964	0.794038533646966
-0.143540779578595	0.160460240031319
-0.196455536775416	0.260493199193081
0.32616508678237	0.504868055860412
-0.0815883569828861	0.0827385399667611
0.395632086852171	0.434914560273266
0.121451663095468	0.131578947329835
0.322439561049078	0.480126857736355
-0.0314112784505639	0.0382431299102254
-0.0523135495934831	0.0612304004566364
0.034439270117436	0.0364524862892926
-0.0369226718490293	0.0376292525943466
-1.49806204645116	0.864929799830635
-1.3076721679963	0.679786212577572
0.0061225518867428	0.00197434479456719
-1.53646452861343	1.21627358324569
-0.373101861474633	0.242958388895163
-0.532392849151804	0.548742829210168
0.531933588658844	0.647353242158616
-0.404566615154199	0.292022274552552
1.25331790219301	1.30679597098677
-0.249413784508257	0.147897284378335
-1.41562339306952	1.03945385037958
-0.271848947526976	0.134213470671699
-0.329941092824388	0.189365351737144
0.0322043177952758	0.0160238886498474
0.0443647413142825	0.0279275622961692
-0.591914788762373	0.60622200598291
0.0567687057695305	0.0420623731419718
-0.280020390257616	0.341280581699321
-0.113843101296391	0.229191541770155
-0.269234272679243	0.679776246402113
-0.039416165346916	0.0731932999558403
-0.227118136262738	0.563023301628598
-0.272007637623573	0.696820894672659
-0.00521654535099253	0.00795826872891521
-0.0988924386517594	0.134845658635425
-0.148700533730832	0.224269693596763
-0.531869542516686	0.54802631303248
-0.219241420392008	0.179033628786629
-0.520861305574575	0.471983673984282
-0.300216861220768	0.199875123159404
-0.115108239055747	0.0616850332279238
-0.436034613767817	0.24079747670908
-1.64970645681234	1.4042174115204
-0.527093762011952	0.18188013473994
0.735805974765709	0.527663345410542
-0.389502685393829	0.182238823572662
-0.349408289754722	0.36551800923892
-0.114989039890429	0.210101580427469
0.0252686629899852	0.0395141987359935
-0.10023325396649	0.178323807084972
-0.0281661543217528	0.0432701761360064
-0.859251899212529	2.52833829034485
-0.36596425244927	0.764602395420669
-0.0244441212430156	0.0347260444388757
-0.454166622861052	1.25031825503053
-0.0824047799271218	0.129221316291122
0.221687764478814	0.386787875039924
0.00323056513850301	0.0029666992385821
-0.359776554810451	0.437428597456827
0.951953696319667	2.76119114905646
-0.181750717523892	0.231756008666571
-0.182118210143615	0.172367240663658
-0.678408301519533	0.604023562527658
-0.249992104199551	0.21925086169419
-0.586697007356842	0.405795631760332
-0.0181867011482412	0.0083537744323553
0.0798929133806782	0.106943222608061
0.860169275777132	0.866498682204359
-0.825156008985004	1.22395687691226
-0.290168317533151	0.570220114177288
-0.249537392424429	0.429238387560447
-0.0505431980114846	0.0514219348892615
-0.247194931836333	0.391004352689591
0.0250805423402885	0.0288149651923639
0.190794881255879	0.236905636190144
0.0664488322631482	0.0809256942013779
0.615115055722361	1.11098115242194
-0.0144014592032068	0.0114208067554851
-0.592571436993501	0.748878265613359
-0.303147948306488	0.368504944509223
-0.156282331423297	0.148321377068153
-0.203225083433094	0.214903097266047
-0.441121469174384	0.584380796710671
-0.370347778070337	0.47022215429917
-0.0151965163935901	0.0120501893882971
0.9181180381963	1.03204692949448
-0.132527664896681	0.126107584049342
0.350494879745859	0.461375508137432
-0.0357045742963059	0.0383050942846182
-0.140082400505447	0.148924495679429
0.0857481469835174	0.10497685635269
0.47765185781945	0.825652408952853
0.0397443351642878	0.0400873511655184
-0.737250322549741	1.01214091662188
-0.0889316956932309	0.0949362293516135
-0.0746478255717317	0.0798147196219814
0.269163983616504	0.424121426617457
0.355236922250424	0.500955349940097
0.0964900470484324	0.113981321072438
-1.0249788091698	0.723728007889313
-0.74338935857981	0.436170840222888
-1.95413289169596	1.46305928915382
-0.329842810698226	0.189306253830455
-0.182475688796528	0.0941313907174703
-0.891165083439906	0.575952040520612
0.633157691159461	0.33731781457704
0.471655855962436	0.505593129712926
0.316985586285691	0.30314667675033
0.493549182733915	0.438607041357182
0.0330117100588303	0.0164206861966252
0.666345896871459	0.539131371444057
-0.0903863963910803	0.057257801255664
0.78240423830106	0.520800573690726
0.262345193737101	0.183454227210358
0.860437861625254	0.866822466107139
-0.146496110197087	0.11182185771395
-0.0715686415413264	0.0603278601242072
-0.249427631053807	0.218690639132691
-0.543258632601209	0.656081618635377
-0.530625096189316	0.879617525483656
-0.290871068780996	0.461639209190977
-0.129351705774248	0.242468329767098
-0.295129278674656	0.815254244765866
0.0037803915640447	0.00668177518496381
-0.102174501883957	0.177619703915429
-0.165898284395042	0.368115784490615
-0.00191149938443403	0.00290480374525098
-0.45664583677793	1.05922454869864
-0.183132980617879	0.286379440207419
0.0389275991723009	0.0485016172361129
-0.182497945360599	0.232888866284887
-0.069758334423099	0.0495845264383209
0.0762621736835828	0.0591591696612689
0.0288355387587429	0.0282522080779546
-0.0589135616827965	0.0461210045663018
-0.384354065525386	0.32955349035113
0.0100474295860321	0.00673143254272369
-0.278803595538285	0.206702795399073
0.129599382152041	0.055374544630505
-0.890587084206619	0.575252793847026
-0.0901363823601788	0.057099164686356
-0.182234642098203	0.161530994505582
-0.0748748403607131	0.139820935536101
-0.00813932393195878	0.0127045209637401
-0.333767766538235	0.58195090980005
-0.205079980958865	0.411933304212482
-0.148769029339744	0.274889435183633
-0.315382305690576	0.681378468559727
-0.592266837105101	0.782200712098056
-0.155755178374843	0.147766519463149
-0.0130382576049268	0.0146410035724055
0.591844411258427	1.81981077996013
-0.473543193386348	0.62646160886786
-0.238848241081	0.16178079036033
0.4638829694068	0.528534224484246
-2.07492540362631	1.66980683646072
-2.98625935690659	0.760136336044329
-1.30804228201606	0.680044106432216
-0.187150562886154	0.128576152867721
0.0735345935912691	0.122451314099428
0.0464962555699058	0.037564627604218
-0.531629241611513	0.54774268564907
-0.0525641572370295	0.0686184171439605
-0.150129872457289	0.239311975415257
-0.181689023574867	0.202783613634973
-0.481954746483054	0.951861102900476
0.0242653537468601	0.0250030618993801
0.0889547347356802	0.109313171359159
-0.121552712924121	0.129385717888486
0.0927976968613156	0.0839421508168519
-0.263927894824474	0.262902527124418
0.104005909150937	0.106504020910474
-0.107537700892145	0.131484505999063
0.240877879700227	0.323858818975744
0.32582759360167	0.504197122060551
0.498746235204312	0.737549428982733
-0.4643772248775	0.818732250006566
-0.592206920276298	0.714035320495439
-0.134426539417085	0.0836604234688562
0.0451278290146619	0.0284109350402454
0.853540475317115	1.024540987551
0.333952932139465	0.364729175128542
0.215510221411196	0.25729045356602
-0.116957612077714	0.137164503272946
0.556683153511324	1.03158801863948
-0.18240368884021	0.250998654975914
0.358172418950229	0.527223018589477
0.154294597494589	0.185723509612899
0.271950713345686	0.285721751863608
0.751570050800162	1.76709488314559
0.364809717378101	0.62288906987295
0.196706553023886	0.306310313385303
-0.289738895671725	0.527512381378194
-0.10136192896358	0.128981288460975
-0.068088302253445	0.0762991979118489
-0.776869564234254	1.33215741684208
-2.16934720283687	1.13515014344097
-0.578656865271653	0.305181939487086
0.0829391888686957	0.0312031930136134
-0.587321173779376	0.406393743621821
-1.08803804751398	0.502134124110649
-0.248692547761734	0.147385274496048
-0.717354207498118	0.481501301619838
-0.587033724198061	0.406040554766397
-0.150691288158566	0.124910330419924
-0.132469741133177	0.126049598201035
-0.593128161698863	0.607796665266289
-0.444416466899972	0.378053931392986
0.101338527407549	0.0592567069890045
-0.464438345867243	0.2938157587266
-0.584030602818931	0.357153975147905
0.384654374931456	0.267254202316701
-0.271993449480125	0.134278402059596
-0.592941092423286	0.532696157199773
-0.427277307375114	0.336519788499293
-0.591988338410801	0.678732530843349
-0.683437557237065	0.939030046960916
-0.331849876287531	0.440771729360957
-0.12229558007294	0.130267305905861
-0.232227846868989	0.366024178169479
0.149172319648289	0.332162677682653
0.137849766023695	0.293567682181606
-0.197317484505306	0.482545124528553
0.0901840215963123	0.170212809674635
0.154388625667195	0.310062964370957
-0.100413577168222	0.201230179300489
-0.320339172938554	0.836419628568444
-1.03155432723794	1.51944402773384
-0.0710882902898771	0.0598878382265482
-0.0890119424074556	0.0950265117638184
-0.333495716874303	0.288243890974946
-0.427981256252872	0.337243217183785
-0.59205009583554	0.643044217941702
0.093300567948667	0.0755448733554893
0.704569804894515	0.708329763312719
-1.0894376921619	0.503213801499961
-0.55735975728574	0.244140038228301
-0.903606960033024	0.783888239391875
-0.185759449282802	0.113115012407723
-0.185361764600117	0.140267622068899
-0.249387234941767	0.218638313326843
-0.278438974871196	0.20640213222022
0.122136595701875	0.132409450254875
0.0676203372563199	0.0629344629812392
-0.459413232284231	0.556325734537481
-0.260790282517994	0.579307919817783
-0.0392780579802798	0.0650751215172416
-0.126094824332611	0.140990073645877
0.0024826491477627	0.00228222680285269
-0.442494844291593	0.86881353854797
0.262872909994461	0.627404096854358
0.121835615976772	0.132062285519875
1.37842968811239	2.36620768475831
-0.241227113664932	0.281248112841102
-0.373492722482685	0.243239998259869
-0.583693463507145	0.356790012099362
-0.0850075000218524	0.0370449028907983
0.00691568015675746	0.0022160791056137
-0.743342154472188	0.435949755216993
-0.0704800484754635	0.0501266077445172
-0.0921683326390862	0.15597284761528
-0.213265205335774	0.187940598065846
-0.0826440062942535	0.0744490099410288
-0.389931506036333	0.855909858929893
0.035422164779923	0.049113365007199
-0.421139613293968	1.01238957994585
0.134658409635318	0.215776223687102
-0.366115815022022	0.640153346660416
0.788808468851383	1.75690975115076
-0.225386021104009	0.31015158038014
-0.0963140940706659	0.0808184453321707
-0.0129982530910001	0.0111056397448776
-0.946036613579105	1.72804206839507
0.123397711128782	0.133919484288022
0.310636471304815	0.415576816110826
-0.433058745624782	0.549577372856091
-0.0828580658418206	0.074653258671415
-0.247395164303869	0.328441269564187
-0.517971874524505	0.743284898681968
-0.909973708466491	1.45252208116269
-1.00260108833487	1.53849802060328
0.10952072015934	0.0923977510708432
-0.0889577970988853	0.0562875352286039
0.551505893101825	0.613406992388943
-0.136074775556032	0.1370462215182
0.400894025740592	0.68072355163979
-0.137502630391041	0.175064488761975
0.360181071232818	0.54152947062453
-0.194582066451508	0.286586127399738
-0.19606646581771	0.269887106158851
-0.0224852940841419	0.0241046727991291
-0.301162019137089	0.333295554030484
-0.124670423974401	0.15867326675133
-0.033652730952563	0.0394674095513049
-0.27581422308692	0.437450348881886
0.214145770000729	0.329905871000082
-0.266743437143817	0.410060605420337
-0.314075013649521	0.483510789725141
-0.137104810760852	0.174461988375196
-0.464196938324626	0.293605597947412
0.0833989200560777	0.0313759525619551
1.3354917191139	0.960914538907831
-0.299736806651049	0.199508323962674
-0.435872291082484	0.240660305444682
-1.28250390943307	0.866293500173373
-0.0579734565424553	0.0453530723638265
0.266258555644058	0.271191347408787
-0.11453609467519	0.0882860150085757
-0.700884931521114	0.526689483216691
0.219904762473901	0.126183573689354
-0.390108394003911	0.182584068814176
0.532679633246149	0.389180295485691
-0.781114732297648	0.688420040332203
0.283740008390859	0.219991267832969
-0.213992948709281	0.188691040629633
-0.365759076706773	0.40358009048449
0.0779507072946078	0.0679815913744988
-0.31171250913731	0.289860476198667
-0.229818157718963	0.305131656950011
-0.0643713830736749	0.089738228197536
-0.287348854321267	0.603621257306868
-0.245201552950434	0.65377510434458
-0.215433680244565	0.540344402920758
-0.0945445978940369	0.197854502215712
-0.151688703927591	0.298658007177256
0.0906463998930362	0.166249282985685
-0.0602756465975218	0.103087125214067
-0.272074851849395	0.594276629035606
-0.339913782328335	0.983299961529795
-0.423759541238801	0.514024211590975
-0.426688988455497	0.612688416754106
0.156781543898958	0.171240370817437
-0.402848929000358	0.370402305705333
0.395688511240621	0.435018823085339
-1.04234636467205	1.22013407338563
-0.372463298464792	0.242471644868516
-0.46386333749446	0.29351240701007
-0.143396668511171	0.099764184520356
-1.02288818758485	1.07294182992507
-0.0839663679733822	0.065188694949038
-0.0726325688609557	0.0612697832724179
0.0104023138900306	0.00696662545536381
-0.343509200228994	0.436692066296614
-0.107311854264647	0.240628246773974
-0.329060395359242	1.01537307017585
-0.12071448882436	0.269681984206506
-0.294853954147265	0.850840889784001
0.304980354614796	0.938134715676902
-0.40676091633897	1.08965194741545
-0.108462628947769	0.197672478766819
0.158235011177021	0.352291722809645
0.656418010470346	3.08754487808658
0.45422980728676	0.592983046357515
0.714811606960391	1.03464700627488
-0.0826918691895225	0.0927625773187698
-0.430786654524644	0.447897543737265
-0.249306571336136	0.218485720335907
-0.651241888583846	0.744116512301865
-0.152666588669466	0.13580757314319
0.130831588368605	0.0558811024040407
-0.578125665272558	0.304829459171569
-0.670045143452671	0.639793261249967
0.0855073176119837	0.122169965777883
-0.45724607133114	0.417410163821972
-0.180716986974705	0.20154870423475
-0.0170063553016957	0.0260082273772446
0.155004005792736	0.296048070244667
-0.197690267379136	0.241470072782323
-0.286830107900127	0.469988638744215
0.16888762197071	0.255442560937327
-0.0791546171603154	0.114240786999152
-0.025931188915274	0.035841179163008
0.0122541234723083	0.0147972938761082
-0.359839116511915	0.611565978625924
0.0939497018205558	0.117780736923124
-0.592899128697243	1.05088129417863
-0.155340205439364	0.213188396105888
-0.140677244521874	0.186108863958786
-0.424095629375524	0.678470084856336
-0.0434911791517541	0.0487490594438582
-0.359336967113486	0.610452615606467
0.0896823740204159	0.103509374573912
-0.233520728341833	0.297864750504542
0.27938987654661	0.387512276621062
-0.0653336690381926	0.0766400018490897
-0.168852787587344	0.224034979379266
0.278199126116023	0.468319221355404
0.429249457373196	0.85892405666348
-0.0275531608659466	0.0358218681629299
0.646072607456977	1.23656995067978
0.0395632537524115	0.0493238073046799
0.117087666309425	0.136338857976299
0.00984088501269118	0.0130587605594093
-0.353629770309261	0.668084825663798
-0.392232045730137	0.708655242970168
0.28828724762403	0.425258311483774
0.14355877025363	0.197734583204324
-0.21207578069029	0.281193083989144
0.472248763851672	0.858959368128881
-0.344552657728173	0.438464753289669
-0.181390983927739	0.160640062540112
-0.18367631614509	0.151248257186647
-0.42759248099073	0.336924245052945
-0.0848527464057152	0.0659268193192791
-0.260875556637409	0.211322122167181
-0.213509932844342	0.188207947062531
-0.0215161057081173	0.0122218679389174
0.176123359475534	0.155139110214612
-0.909465304602191	1.60804726443522
0.223299426671511	0.233262704853879
-0.526472990934628	0.509945679424723
-0.388264271391365	0.405036422548895
-0.228085342305647	0.170845714175316
0.38215139299251	0.212306266404081
0.108936608143539	0.0918556067501935
0.474585672364911	0.491791765604895
-0.187854503424484	0.129112092801626
-0.233746191852683	0.233452108716573
0.17844749805376	0.185016158528715
-0.117404730155334	0.11862112979513
-0.331610580429055	0.366349698638749
-0.232902562551617	0.367359758626183
0.111538703121122	0.18134827642056
0.526023927537067	1.71619501051695
0.275889964226126	0.590866271754649
0.0595905322341682	0.088799712152307
-0.0618083291296703	0.100902086594419
0.0367902817275165	0.0526617347500068
-0.324977785762986	0.702410131879755
-0.0294705910251128	0.0430407049202371
-0.127359430801057	0.217683688686279
-0.365462608489152	0.763207941471249
-0.181302670130306	0.249172193000844
-0.380814954776375	0.852405757113071
-0.750454999633269	1.66959947051822
0.146516408842681	0.205075576918321
0.314124628822427	0.570167443761631
-0.179591855154482	0.219250179662508
0.184649190486948	0.248958426491791
0.0118410241787755	0.012445459005703
-0.453240420721166	0.845935696195706
-0.300274324784644	0.563461632768879
-0.0932506170411897	0.0893398743529119
-0.228165104510675	0.314968933287462
-0.677119683939454	0.968332939742786
-0.423192322855109	0.513101404454865
-0.156069020010752	0.148086866651415
-0.258907642674744	0.316244818850754
-0.157281682278274	0.392526226999272
0.0244278771137519	0.0484991875879746
-0.038353757446016	0.0809604988006475
-0.195848599196489	0.578079686236583
-0.122115655339206	0.313712596704131
-0.398270353796822	1.53947364945022
-0.123449321387775	0.235322277553058
-0.252378035512107	0.601748042902829
-0.26527343271975	0.763282313766002
-0.16479120201289	0.412401391484738
-0.34329863387763	0.474679368991113
-0.181867539424121	0.161155760246022
-0.317534048306606	0.52177074203117
-0.758826085024451	0.950830499608142
-0.300597697386102	0.200136624431954
0.123157459894593	0.179533849061496
-0.186015905770752	0.113295491069645
-0.274002035608782	0.303862185057141
0.282888964498785	0.629816127156725
0.168917875877982	0.32549093125693
-0.181619420878842	0.231604964451368
-1.02444680618209	0.723230443037319
-0.236357388721504	0.405099509495206
-0.0491218763801078	0.0621814961574435
-0.214266169889667	0.34522043233316
-0.0898497279737485	0.133529346083642
0.184723005204968	0.295196884988478
-0.0841608284225293	0.102935747067503
0.307057116300465	0.523401161040963
-0.0852982766053008	0.104427998999169
-0.549790107094512	1.12282374846533
0.430820193734067	0.850908003842425
0.159265407756325	0.232353821455909
0.188320393907761	0.258884881411162
-0.181439384544232	0.231317710067133
0.00975986345199537	0.0102483604732302
-0.303801293665789	0.451821011511759
-1.02190748594663	2.98038994489508
-0.417073054844511	0.712011771241237
0.398765591467937	0.745069755869936
-0.305110682085192	0.585851154518201
-0.317961577553155	0.611882889074887
-0.500682827859688	1.142796981243
-0.13640525264735	0.19923795727299
-0.41377365299644	0.891514916802093
-0.506809723113035	1.03085413408711
0.283260224925943	0.486304391334146
0.684195614834861	1.6551283331196
0.158552581812332	0.23109331051244
0.39844909916024	0.686722012499406
-0.158843178541047	0.232985056871344
0.0588592762148088	0.0580485003592681
-0.287014595078545	0.381221971769763
0.0467557786808696	0.0377805833882912
0.169157220520718	0.118663392563609
-0.810972620575506	1.24952845738726
-0.0735111876261415	0.0705497591074921
-0.206061976229561	0.206258677291744
0.646432066998041	0.907542654118321
0.455921012036001	0.580330724299346
-0.227710051921794	0.1705195806077
-0.477711795135931	0.49438386768515
-0.526271224214702	0.509687504920789
0.580238573396928	0.582009294827713
-0.0634307734309934	0.0573573318411862
-0.473041160866984	0.625404123184991
-0.111697869724969	0.125159015516066
-0.162432623060164	0.181513669428153
-0.299130679812312	0.413043817488465
-0.520509733865642	0.775315386484293
-0.0187080286623297	0.0258053233195528
0.0739677343387241	0.123244090939872
-0.215902461654924	0.436182646777121
0.203724770373177	0.353009391171804
-0.388314643594885	0.906021904854931
0.0366388178294722	0.0508930234941427
0.0927565749401264	0.147263530648544
-0.623719036755383	2.05739735036025
-0.00124947371565127	0.00185323115927039
0.00799039205773754	0.0105850838391478
0.102195295997972	0.160872335187843
-0.38200907808145	0.506725852829528
0.00184218649426765	0.00232595111537801
-0.104400027775468	0.137583844741803
0.150697443046508	0.257018704912837
-0.182410798065511	0.276830811243301
-0.252085078461074	0.321259519599896
0.103925382157831	0.142838407151958
0.597671079507652	1.80508635988795
-0.382804408461555	0.818937310752415
-0.14149089198527	0.18735081609147
-0.254220398906328	0.2677669185127
-1.00010376476937	1.23625474313214
-0.514574465196548	0.709605127320194
0.129804037540385	0.129769195001593
-0.555933978366175	0.829394471825562
-0.0624551082125457	0.0564323844194608
-0.0250976870346451	0.0256332700590065
-0.305088034540951	0.371705509619892
0.0560425994541848	0.112401115135038
0.16483201666315	0.393401204543746
0.288678349385168	0.97096140877178
-0.0254013254097112	0.0509457550527945
-0.185332622560782	0.501300039833832
-0.0988184088444697	0.232195981027313
-0.215391378818882	0.531529542215245
-0.116567130387014	0.23940208432073
0.329370323372141	1.27886043761598
0.235341904176561	0.787717603222996
-0.0735783227215138	0.0706217244527034
0.176073714602172	0.155092647990338
-0.470017636540224	0.974151779382553
0.184909984087622	0.136460777973349
-2.15451821389688	0.46533654820635
0.0156118184803836	0.014825543428097
-0.0518274994853167	0.0439385400335516
-0.0861209122244248	0.0375432998359443
0.0319876881051067	0.0159156844389435
0.86100491271675	0.867606998991071
0.0267915894858373	0.0336986169567206
-0.186927622314739	0.113873819887781
-0.203902907095133	0.215724772951592
-0.0692577692127926	0.0938608438879303
-0.240080826745757	0.444689768879327
-0.386632012279439	0.576928470000398
-0.0978395051966301	0.0989379274785338
-0.0788443565143487	0.100116523327913
-0.148774257067121	0.280513819163369
-0.134498440250251	0.225032263213124
-0.225201880512564	0.385372245731397
-0.57512134592388	1.41106362256561
-0.193105147401299	0.302068312958381
0.319193819953618	0.605551228756375
0.0209752777020278	0.0226196746845667
0.247858489032972	0.444476070510616
-0.227247060087482	0.378758330368888
-0.415344388676257	0.707614676071322
-0.179543413996747	0.237382683583689
-0.0994775147352555	0.126313052932405
0.260276390558874	0.449102996306408
0.289760687336748	0.332918510987256
0.83999953799128	1.61848197791813
0.00173571476384946	0.00159970937045867
-0.443765875909548	0.782119250379882
-0.447176745962424	0.715495225853461
-0.0394196230026059	0.0479349459850859
-0.181694648375296	0.26714373128267
0.506948997340094	1.18753446280311
-0.216288979447942	0.349684144540956
-0.636028280636606	1.53886228690113
0.470434018095134	0.854272372433488
0.0857811628083999	0.111193323256809
-0.111954033030815	0.157776185214683
-0.0428422231756033	0.0502066207009755
0.0243453862157869	0.0325998311307811
-0.546351423232587	1.08534283719919
-0.12158372351839	0.192352735451686
0.320308571656025	0.467370730034894
-0.0422420874126715	0.0494679989493732
-0.0325311134901121	0.0396525516028824
-0.0425800154074383	0.049880893564634
-0.386490336729355	0.576665557290401
-0.0460438425791064	0.041790686053856
-0.837587378107746	1.38740215334903
-0.29601427184564	0.29372172808153
-0.908563143820962	0.962126021436486
-0.363441524448583	0.289182802989698
-0.0499073960368156	0.0422451957805167
-0.157799257267629	0.158649445050427
-0.0568339544303011	0.0547048538748877
0.465090767783157	0.530615938943349
0.806129040873353	1.17565147860355
0.0061602344753958	0.0049546285570109
0.397394463187246	0.476158511785527
-0.0161156410040839	0.011695849049865
0.00820250709514565	0.00607309920397623
-0.232848596724965	0.232378095626986
-0.0238182194791633	0.0255590784348218
0.351531555284697	0.473502057500866
0.347135728543146	0.43502401594862
-0.401947125744082	0.510812136103259
-0.315781375806301	0.486889406606527
0.0545515071663411	0.0709112063324961
0.11825207108848	0.20563322211769
-0.0423246051530031	0.0638110576221654
0.373160482155538	0.733194289866259
-0.380413758661447	0.704493175990953
0.0703415445422502	0.0872187744048985
-0.502802133149558	0.99550226423674
0.475059480617396	1.1434429578027
-0.170596546158227	0.295340721470771
-0.150718199954793	0.191831141674687
-0.154656433376838	0.204977405124399
-0.107437931383892	0.131352396072108
-0.237693739982	0.352078964791278
-0.182913856854378	0.277741833836825
-0.251204053201218	0.597838982828635
0.0564225555888791	0.0829099346906191
0.477443441356232	1.10660343010021
-0.0130342986064259	0.0174434493563696
-0.160325557554694	0.249392237470775
0.0661661851683623	0.0850411156523593
-0.368400020909733	0.697095748356088
-0.00394440667081544	0.00526108818436528
-0.499194777133512	0.961799394902774
-0.135970428678329	0.198528703025783
-0.197041238069623	0.28137285047046
-0.461555799905692	0.688508941361253
-0.33372991827601	0.288516100121342
-0.198552679410729	0.231771837796485
0.0691411360987396	0.0701989963987703
-0.0815152799987881	0.0826457768461474
-0.198104523656918	0.231126649966331
-0.558642789073804	0.895678321631727
-0.246844378318927	0.390266874236883
-0.273455793252403	0.747786209971485
0.0157817318845159	0.0274173161318562
0.0575136498462	0.119956877316778
-0.119614348260881	0.292489893459679
-0.0425835468844108	0.0944547871848224
0.268825414328556	0.964637456255561
-0.0509162065620454	0.0518210278189487
0.0801457235102382	0.0770722778115859
0.0280114266261207	0.0352863590563169
0.332157196123545	0.362216460734612
-0.0855899539103537	0.0373076953851877
-1.34207792280426	2.88924366199325
-0.19982504021893	0.233550069107358
-0.207230304743712	0.207588948036272
0.632289933096456	0.336652685322149
-0.27213795420696	0.134315084685377
0.9181180381963	1.03204692949448
-0.225115454602203	0.321908027953614
0.735214959588305	0.527052040178334
-0.181164398303108	0.17133049661302
-0.414833718248823	0.833375505376842
-0.278838518075254	0.570591255764063
-0.154976027996493	0.138104034839873
-0.0669393948420758	0.104331965503043
-0.107177108408059	0.17337758235598
-0.147161270626765	0.265632127121134
-0.131299248557643	0.208412060402803
0.342357752320134	0.645882422825559
0.399720710022101	0.713105841701459
-0.0550530097037325	0.0721095976613725
-0.170904123623467	0.258895899818737
-0.0837746098216016	0.110215475512082
0.107007725742525	0.13990884938134
-0.0826971738038663	0.100965819910028
0.0591056565317936	0.0880125826966994
0.515255582027898	1.13249829836915
0.535284408781847	1.06976221315718
-0.276195818324751	0.396573014054523
-0.0479153775583715	0.0513442927321646
-0.18352210122744	0.261722201605552
-0.208137664479374	0.306983484437823
-0.143617119117151	0.197005664136647
-0.157641030955286	0.230939853405612
-0.222577086710712	0.39057226979841
-0.0383359306896693	0.0546675041532437
-0.266955957820137	0.485180089680657
-0.140279413954052	0.217357073818948
-0.172099843111206	0.298556891983871
-0.224954121127374	0.321518507991178
-0.519002391040513	0.974291604648039
-0.632388122018778	1.62654289584725
-0.136605921910408	0.205083737975192
0.558554229613151	1.3956867280274
-0.143459768092209	0.240673673504013
-0.371527954340991	0.705722076999503
-0.000299306486918186	0.000307305329469209
-0.195783338243486	0.288778769241151
0.399416439699183	0.653659273344005
-0.197457792712381	0.251723254058276
-0.241053411755313	0.345157590095883
0.303011388365776	0.385917054239041
-0.797419989267603	1.86211822203508
-0.371511373431783	0.472270012610235
-0.431300469055705	0.448402194722994
-0.045255103015434	0.0410505584967372
-0.0308880302147054	0.0262767633786389
0.0357756676322766	0.0379138638688632
-0.105092795890623	0.112084297830383
-0.0122063362050442	0.0111382981726592
0.187457119052608	0.171434586437075
0.187502384853664	0.200416666877233
-0.181530162437198	0.182200204223326
-0.30516243590423	0.371798659616907
-0.273936403627342	0.303798638773007
0.348444133159738	0.447517894704989
-0.411139319102801	0.680347699897013
0.208585353866012	0.242461259041088
-0.199758267128589	0.233407228295592
0.0301013782848474	0.0295134470367426
-0.0994817438065544	0.100752403261491
-0.0694349179287932	0.0881764168434491
-0.147179919833621	0.172455291267932
0.0129366570710178	0.0129574583420642
0.353775801062462	0.477472641272329
0.131617791410307	0.160781412261266
0.580765245404919	1.15426185771168
-0.343036759907355	0.582355509700457
-0.214398726737223	0.273294590304202
0.193800982226565	0.213006267015802
0.168031516219645	0.168768229524645
0.675493776461277	1.36665678669014
-0.46470855461358	0.819611915487352
0.0158308623890786	0.0184841082530752
-0.0953769700318407	0.165340781833276
0.751436195641875	3.37623288394156
-0.0969249682704584	0.163863393279652
0.031511717946316	0.0460727395838375
-0.179502190956189	0.303307975186395
0.0934364748544444	0.142440778074361
-0.0444018095106855	0.0579238042741868
-0.0781720814425882	0.0991786968086926
-0.296371422554224	0.455503159090207
-0.0344122396285943	0.0530150246862865
-0.214831024332609	0.357000096341431
-0.571083422754583	1.19609298013399
-0.29729270502811	0.457407450400163
0.197379318200678	0.251156878183756
0.087567130931017	0.100878467546621
-0.181209688604961	0.23096667652967
0.250129383004909	0.351323947877142
0.0398797547387829	0.0452248596280906
-0.022952552901978	0.0246160767914313
-0.156952945567354	0.222870680273811
-0.613750684483996	1.51224388797905
-0.147672917055089	0.324290030720944
0.00364363473663603	0.0067637870351566
-0.168790993894619	0.428511063367637
-0.0524504173925012	0.116303855208668
-0.0879491400025777	0.194716585155855
-0.0193154789514937	0.0403599910637054
-0.0831500079175957	0.209137545424223
-0.281537442416914	1.00373631909023
-0.0119851023633903	0.0262156678687879
-0.162907501035075	0.482705454457489
0.00542033504057595	0.00436286611606683
0.202119717742124	0.228686509925846
0.149343841239978	0.237908727345509
-0.489493081423504	0.729151265521808
-2.15451821389688	0.46533654820635
0.488317127040641	0.452084092383197
0.172823766780543	0.22298511501961
0.104895579977485	0.127006346508015
0.112458016854197	0.118490324305745
0.948733137346288	0.709483966306261
0.1295077057463	0.0553313199790403
0.383760027863942	0.232051184638508
0.253474286483838	0.304710045625089
0.735963197365987	0.527764906360462
-0.649828276532157	0.741836562745848
-0.305654026332302	0.559603391227988
-0.434178100134953	0.809254863530773
0.0062310269186943	0.00200636502427652
-0.503046929535785	0.391705410513783
-0.0954273132220093	0.0800425273453045
-0.18303305595111	0.150667189891706
-0.0187842679012435	0.0122377852371129
-0.0549023520491551	0.0527489129780019
-0.343349013486786	0.82665104159785
-0.202157784780988	0.463257165576618
-0.0445427561918157	0.0722663500449665
-0.0349915690044103	0.0470617116041837
-0.333411068650235	0.85997719026254
0.0764811644397028	0.115336990536434
0.127748031860362	0.189414707635127
0.0401321221885771	0.0404880832305557
0.32732122802208	0.515928153486104
-0.332717434121693	0.512891325483098
0.255101949092383	0.372254526410202
-0.256579061822024	0.418210790785288
-0.326715412861409	0.553651784064959
0.0164327937977147	0.0215550221639154
-0.238397974337297	0.397678308480376
0.126293191390479	0.163605620718956
-0.197789405664967	0.252248466418521
0.244136738345537	0.335091365916543
-0.332789522903675	0.512940681717838
-0.214167987001386	0.272933505307796
0.399185801489601	0.653112678543907
-0.167315805553812	0.221676441272585
-0.104640135232941	0.194341936564723
-0.12989323342305	0.243759796587184
-0.452113251550197	1.22330277148884
-0.108009435972146	0.147242962191959
0.5453069487973	1.24323192496691
0.0965448945752984	0.142951157054399
-0.351288264041913	0.578588319042129
-0.248420171705026	0.330098965167967
-0.286005516824746	0.534429425956661
-0.231256760466928	0.479073179137783
0.0303280898823573	0.0335445939218178
-0.512909142881295	0.907650661263475
0.44351450613543	0.677657719615505
-0.142026982702809	0.194451370521053
-0.194583123567441	0.277028844165099
-0.384085994418079	0.673072068817601
0.0415570724838918	0.0471924734068458
-0.179822366835423	0.200369553866138
-0.420867853802045	0.582085199583647
-0.448424121057158	0.619009088969162
-0.247354504971388	0.27460697010163
-0.0242250638327134	0.0247333398589825
-0.130233110532814	0.152480573475451
-0.180643365669114	0.201453109226297
-0.0795719903046365	0.0804908318301602
-0.29909370531137	0.413067054643185
-0.0142443987413214	0.0112959574236468
-0.160494321781815	0.179030146683847
0.0390410725074716	0.0442351166707187
-0.0832864096515808	0.0750579573005791
-0.536248380304915	0.948179910014417
-0.157799257267629	0.158649445050427
0.132496072641962	0.162004228471526
-0.0654790251486337	0.0665117816705373
-0.111814339306606	0.142131398225614
-0.108167058153583	0.175242476953518
0.0395001614082778	0.0492459971727391
-0.273411126753176	0.303085747420545
0.0929622874603185	0.0923191022101037
0.230282847972633	0.247867758214323
-0.0883457278645617	0.103492172298353
-0.12776910173676	0.168765982304256
0.720057451562545	1.34434867562698
-0.104439924938293	0.0937661692457941
0.656007912297497	0.89841398173932
0.0288311185126831	0.0282477676944686
-0.528170818645675	0.846640149923788
0.50104758593788	0.978405520144776
-0.276344231600376	0.664831306138161
-0.376443770503121	1.08481244081705
0.328967712612631	0.839264881440263
-0.438523787034778	1.01160175835264
-0.0278621303529114	0.0374339343483043
-0.0454995077285952	0.0756757990459688
-0.348926773813714	0.608872995826087
-0.694554217425065	1.54305682031722
-0.36665018467866	0.853818645906064
-0.225447063117466	0.32249586896365
-0.195753707591849	0.288719905452475
-0.0311877040951748	0.0379604073535207
0.369211463934704	0.673617582744246
-0.0343206461456676	0.0385632437511488
-0.500173383207517	0.964488669302764
-0.393778462447105	1.08795494142711
0.216471091482575	0.52305678589435
-0.0526062189227832	0.115225013616391
-0.116824527153494	0.271791952563787
0.0369359422202248	0.0632157713136039
-0.281458177066528	0.578035706087405
-0.0226331075192462	0.052679637354669
0.148388111642241	0.518082343602204
0.00568118557313472	0.0111803470938644
0.137769517291516	0.291432323328971
-0.249548337229008	0.218786098803235
-0.0188055190861795	0.0122527306065442
0.0554493728464595	0.0755506327236562
-0.40933037430594	0.676306183889768
2.52495249403963	0.634914613115007
-1.20992068788084	2.19392068999753
-0.224992758436298	0.435000622413839
0.641274720124974	1.39314957630459
-0.592617010275376	0.748896951916548
-1.02395446082231	0.722748103142254
-0.018511191067904	0.00850083106806699
-0.172936681857214	0.0707338132116393
0.109470481599255	0.0923427077224553
-0.526320357908881	0.181536079478803
0.570255811307206	0.593321588566468
-0.0840641955336331	0.110627987585527
0.191021180955069	0.23725838347591
-1.16301861617829	1.20774966761617
-0.834442183400278	0.336868136059492
-0.301509428217989	0.114203380422749
0.197191286891043	0.103787265849576
0.249228834997642	0.16431529262687
-0.840229576544412	0.614427671805632
-1.28274576347234	0.86636025099649
-0.241616605918467	0.436131577865625
-0.15668644632643	0.284192314801957
-0.303928273910454	0.452104938063282
-0.267221569572783	0.640194740708003
-0.101188578887035	0.163763512192437
0.975643633075366	1.65305511681114
-0.909960894108158	1.29498431347004
0.756592097747492	1.17888241429414
-0.353223855365166	0.582694084364379
0.565926405169605	0.805925644755367
0.454808940273606	0.578197140075429
0.195481903066912	0.327658401842484
0.0656853379834157	0.0956980338190385
-0.333273779703349	0.580821609117336
-0.0561290978484804	0.0629626800733903
-0.0622408300719724	0.0562255497078144
-0.300363521290793	0.33215826380008
0.569060051537745	1.00105382725768
-0.427672630546789	0.614571292527477
-0.555786168181555	0.829073753230511
-0.195998472625682	0.448042924916914
-0.331096625821148	0.701254688512038
-0.286882571040584	0.381038377193122
0.0992814454666545	0.109690903268646
0.265335072998335	0.410165455949444
-0.347391648967918	0.403311851318614
-0.359450005315653	0.436813907759701
0.00463932442427206	0.00400296623480765
-0.0433250505256864	0.048550531394482
0.305628405200712	0.390096416603914
-0.0952737505661623	0.106647478002648
0.0235083096939303	0.0314390339652558
-0.251975434716526	0.373227973685554
0.0267474919366553	0.0307829231879656
-0.196816774768543	0.280989629275587
-0.51837948866262	0.972728100961769
-0.0727008032294979	0.0697195678966832
-0.7899586337488	0.892480928709244
-0.0280634545721407	0.0255357210977679
-0.549114841568766	0.725217325696668
-0.167280448282608	0.221596327416543
0.189760486236722	0.261291924991818
-0.453295741984357	0.846147785858333
0.432364991144095	0.80342912462701
0.2218786865659	0.314527960281654
-0.40164189394583	0.5103051446333
-0.228377033601547	0.241161529921093
0.05400221899714	0.0485861209669437
0.438646181207842	0.724334744193617
0.0627401675776642	0.0761046074804228
-0.21622599347448	0.359881166662496
-0.628654278827727	1.0093193327628
-0.64206976780657	0.80984777399263
-0.372566142715592	0.366846408209782
0.272523022966983	0.20091620562354
1.11640416186301	1.56235564650818
-0.535820879943548	0.584271300070204
0.657432761337689	0.901001619700503
-1.11759966726753	1.63746651805152
0.79668028250828	0.863459631422609
-1.38523169222714	2.08655021335656
-0.592276494575936	0.606732647795631
1.14055866331325	1.73003511233337
-0.122612296659887	0.102334721037487
0.236833873868017	0.262406748736585
0.0905346759366039	0.148944756726758
-0.0950278756245414	0.185915545865606
-0.336128393601947	0.928028867048305
0.0999460849000207	0.127880230038969
-0.275116474533834	0.475339795469771
-0.0751253381465301	0.128953752305108
-0.0587184470063039	0.0792492146585885
-0.111803322509954	0.176175345153527
-0.044750751947493	0.05841384350086
-0.29971011886224	0.658549173143315
-0.0619334045170306	0.118967215061552
-0.341550976895041	0.612644959638845
-0.227896273280834	0.380126488176901
-0.168838518483629	0.388535924297752
0.000772910806985632	0.00121112025717063
-0.0272560712883264	0.0526366281825706
0.145617874098629	0.365285349132195
-0.400553176171345	1.09061050193609
-0.0644360373933286	0.0898310984174292
-0.178551487959494	0.405515509857926
-0.181245589953068	0.361132641358841
-0.077958848791112	0.21572711390764
0.100670604145213	0.293141721506893
0.0362122385915206	0.0776664876946054
0.136484857806677	0.288130714836725
-0.333899793993103	0.288634380085881
1.17228718297863	1.27283657738708
-0.0895519093149102	0.113812087854261
-0.0125965602324687	0.0128821146512997
0.236986377472625	0.26259798150787
0.174948688266843	0.34593653579375
0.290225726932102	0.522222875205131
-0.0850950632303332	0.0661274302101821
0.780600706854381	0.331245529908097
2.14250848126825	0.970545701001764
-0.55698719456961	0.243941671319354
-0.228627431671652	0.171287135494086
0.780600706854381	0.331245529908097
-0.219891487164526	0.179659492624757
0.222956267019089	0.356365899856835
-0.683459420665572	1.28984817211935
1.09768358802437	0.911660855748337
-1.00196868605036	0.304687348735161
0.00657339541385382	0.00211145699724071
-0.0861209122244248	0.0375432998359443
-0.22768906342491	0.170485018707542
-0.0520695812993034	0.03347674436506
-0.598629697305626	2.26267894021098
0.0610307662771444	0.110082112813088
-0.100601461328819	0.182412487933854
-0.610722843586858	1.75927514112582
-0.513909730670368	0.935100261425389
-0.325925623951912	0.867572278446867
-0.552158921659909	1.2645242531911
1.3312678141773	2.49002542076907
0.21456279094235	0.174313097075079
0.770640293004999	1.17480764102311
0.160035306653461	0.197134114405083
0.340531148116623	0.394187991170295
-0.105092795890623	0.112084297830383
-0.0132210193781865	0.0182291722447662
-0.0214227786702107	0.0278643603951885
0.100760465074622	0.129061400972943
-0.317891122572056	0.369490884774901
0.206852828768212	0.202759701135529
-0.400174941975744	0.507821167702413
-0.621739521755638	1.13644126043012
0.454506020716845	0.593454830124243
-0.18109170989365	0.20202650650996
-0.295857742886757	0.765716213915864
-0.33995874078919	0.925017197515198
0.284823556422069	0.569983730918887
0.129833132234909	0.144528769085507
-0.343881106805102	0.437412380200071
-0.424402169798088	0.67900851332367
-0.18196132279366	0.172195953922542
0.0162090767542848	0.0153972789940144
-0.316947318210735	0.520518082878266
-0.128396564930932	0.114858792349682
-0.332351039514015	0.36732977339197
-0.120574616972295	0.147436508678644
-0.377164947036499	0.641381287739039
-0.162440415413979	0.267182360155053
-0.086778362698438	0.132715337257584
-0.475122414873915	1.1504452313485
-0.194884312682714	0.305496441431782
-0.0388534779926033	0.0490558857588148
-0.207203817259911	0.315565639505358
-0.436878203163887	0.652681817224704
-0.540208906414762	0.621274043227466
-0.122185740062539	0.101947015641565
0.895469159979126	2.05347774437746
0.0692894630674688	0.0703650391348793
-0.0249368373198954	0.025456646133243
0.150145838114248	0.211165035687629
0.254773488762132	0.42582738758589
0.0860245491094853	0.117383432269843
-0.12192291695945	0.129826814815234
-0.479317219559401	0.794863496652026
0.286935825545469	0.328843129096525
-0.45603212858482	0.65537095654024
-0.154431403427407	0.146284228920449
0.0021159071208415	0.00205183744470918
0.512137665128391	0.939877810496266
-0.242720736603083	0.283317390688514
-0.631616300438394	0.941315497286747
-0.641960463707953	0.809530399540247
0.226245710536015	0.191956044775104
-0.104680825025152	0.0736654947411091
-0.513309839556968	0.432899279592007
-0.142849548086812	0.0993673401350934
0.560915710987312	0.604152246255655
0.493040924710455	0.438087849727485
0.299621585586276	0.254465186566562
-0.219934488750364	0.179680639907435
-0.0902945819514569	0.0572031643877085
0.187079441983183	0.138267862265573
0.213980433476971	0.216403132046921
0.291835786840348	0.236913203230307
-0.0350078319350249	0.0470839833321509
-0.349069192100329	1.01437062878966
0.419283493636122	1.18439098215495
-0.453572443001109	0.750739571641577
-0.309998718638673	0.655226913567386
0.147021352760751	0.247018634236819
-0.0514355990407009	0.0523728012109563
0.00557721934598921	0.0044884233710686
-0.661620429143757	0.673432437847465
-0.181112129077928	0.298624613590795
-0.192409556033737	0.309532660617862
-0.21343758930144	0.624581338513515
-0.0372878473844729	0.0725014873035886
-0.289329507067833	1.03558745037889
-0.0889102239749578	0.160459109991847
0.0137618031955163	0.0264072261645487
-0.200296542516567	0.621501827322419
-0.244758923206174	0.843026224261116
-0.182243008525021	0.498452188475818
-0.0272916393010744	0.0467293216973233
-0.101016923668892	0.237395322364915
-0.102414331284191	0.263075132118632
0.353843573364058	1.65468084573891
-0.169827035883697	0.49909245167496
0.230865120045646	0.750762445801179
0.266044849997669	0.270913814543893
-0.283514877088049	0.298064172538442
0.222533818542852	0.388701427346725
0.0688404379315101	0.0698788017122868
-0.443458037884531	0.37711886092681
0.169615625654373	0.256836215035268
0.251904064947857	0.360278021343035
0.545385318341981	0.848156364687015
0.379596692650611	0.191598033881522
0.84548156913166	0.517930732836794
0.755430811287991	0.701753413271006
-0.742670991346157	1.23228267839427
-0.272333557581422	0.134487452099993
-0.485195574130639	0.696262478473798
0.0770509748620451	0.116277993350889
-0.244611261091853	0.430719770780242
0.148338988973542	0.139690574156348
0.780835212491461	0.331295807494157
-0.182693093423039	0.0942595441750744
0.0140158930715124	0.00829334102261518
-0.228433151108888	0.432672331949984
0.0538438712166102	0.0972958772734335
-0.0912512412758541	0.154187634313124
0.317521786048885	0.71822210768641
0.121017254402536	0.21312312939954
-0.390123101414292	1.0590563380626
-0.405831301870265	0.850779149466536
-0.0120684306998766	0.0179958048608821
0.306071257720649	0.618328816344558
-0.309832531987299	0.443859482030298
-0.196947544265027	0.240341671352307
0.446854963436499	0.655487436710033
0.0801001421921866	0.10723767539275
0.0194148047020508	0.0209114500754128
-0.0125687865242731	0.0134963011454159
-0.281603943970599	0.538910540819924
0.132963617883831	0.200729764440577
-0.23168994867084	0.417893707926479
-0.195085456368184	0.277955267396194
0.521046935706384	0.908433138126379
-0.380592948819533	0.504013096666753
0.439030334416804	0.739212853991293
-0.180048059132225	0.200621273421472
0.0592527028107646	0.0745968182078032
-0.150492332378774	0.240016891590831
-0.17049696036948	0.273014324291863
-0.269261745675693	0.550381356567816
0.0550215349787697	0.0942170518719817
-0.199848542192505	0.366716759574812
-0.235331508052336	0.467832533973855
-0.23893071272475	0.495513081791424
-0.0139966374818316	0.0163879782829173
-0.0829127677019615	0.108963600428835
-0.0584225449727271	0.0740280554124086
-0.0508905462892171	0.0620759673717396
-0.248048721943001	0.329509595749188
0.0398905732084216	0.0402404028512688
-0.311122142652389	0.446367782025616
0.288291006856459	0.33085680753735
-0.217410756337798	0.26574758056764
-0.180831113602348	0.230393296532412
-0.202700215451365	0.214231319697123
-0.222930893821611	0.247723102264863
-0.543424220965112	0.656329871741553
0.164788040280013	0.185012373940626
0.10600495036047	0.0992570956798638
-0.0439864661858341	0.0398651273561504
-0.399143370425663	0.572177108577601
0.253288037967147	0.241306667536635
-0.252681514135435	0.265658978941677
-0.121625726135222	0.129477036331852
0.102660902302516	0.105049298228483
0.0628184232334493	0.0718120875763065
0.82509271715526	1.17422845233242
-0.0565887006837651	0.0635090527886339
0.440496148478484	0.700237771345565
-0.0115840242994874	0.0112208678461358
0.0295044942210175	0.0289201227093599
-0.182061258373901	0.284367087779969
-0.0418530944631365	0.0563007383936947
0.0855215904261174	0.116623457918339
-0.463533484536299	0.692017635596291
-0.0560868805811633	0.0539529379053242
-0.274275730493717	0.256474400220418
0.222499163682705	0.232271801705798
-0.0413023322640129	0.0296832080976476
-0.120539745234563	0.147398849751822
-0.592067854456069	0.916518181166554
0.447479592400738	0.641660416562611
0.453614138184338	0.60726084537426
-0.146740494667179	0.112040521053002
-0.128597868835356	0.11506446070998
0.358078637211652	0.516608562611312
0.318983024572619	0.456187901802436
-0.319104872122395	0.777576801413023
0.242383580987208	0.554701893784614
0.165640771798052	0.348792016086672
-0.202537793877717	0.344888018129868
-0.058047296719028	0.0809872396341453
-0.248655939887697	0.517455903567946
-0.311364715874887	0.555907128740528
-0.0829593175458992	0.101332791903164
-0.153123277887797	0.202602640402247
-0.0537851212979909	0.0630639503629199
-0.0261664369888136	0.0545587173359018
0.130021146639652	0.3483732508803
0.0685381362579479	0.157340488284729
-0.319093878744323	1.09275537649862
-0.0179931424059189	0.036670561696319
-0.152813747895964	0.402645585037695
-0.125601834483194	0.305997632342705
-0.412753392384735	1.5609716813308
-0.0254865485132883	0.0513133215181545
0.0216324139144603	0.0460184138486323
0.00855901388392607	0.0148506977832622
0.111274634756868	0.235221551796501
-0.183705120393759	0.509513604270753
-0.00392161344265568	0.00795613826541892
0.0240394466065147	0.0247656589241724
-0.0625527618868363	0.0565166295612759
-0.407352956208934	0.916031371095852
-0.263456806496082	0.262374507064586
0.845137655254765	0.517820554026929
0.225042499185786	0.190797192567435
0.0951129191247671	0.0770789422140064
0.781620756856843	1.02460803103708
-0.464248489954245	0.293834858211746
-0.0861209122244248	0.0375432998359443
0.00618105600521628	0.00458721688388464
-0.205284297814893	0.331530499415706
-0.0714462684228478	0.0508332725954651
0.808822561450276	1.32376390947167
0.025225340495989	0.0338070611802042
-0.135789441813323	0.227585734959692
-0.179822366835423	0.200369553866138
0.169157220520718	0.118663392563609
-0.593581755183689	0.495540001547722
-0.592580605369519	0.782764542675945
-0.122290052641465	0.19368040906985
0.281046278002835	0.481277984770923
-0.0747783182686961	0.0799738491649655
0.401407987487868	0.559082063793883
-0.0685296460200996	0.0927860549799503
-0.0535524607554986	0.0700099279541288
-0.0976244908138146	0.153712312483623
0.365800455803511	0.635239540667908
0.39984302254336	0.82570950996761
0.113695860734754	0.194704287592158
-0.373276920565379	0.762092138166009
0.0366665028948739	0.0472111244220241
0.310706310850052	0.660595148577788
-0.0567664794666968	0.0790734748552837
0.0158468464608523	0.0214146450262418
0.298311660342471	0.474568189342538
-0.0901949010905877	0.105854562305704
0.367016981028965	0.638160401582803
-0.227035971110115	0.378318317989339
-0.153356414182386	0.202969347446635
-0.107010817139904	0.145674547064767
0.0925231602050887	0.128642723341679
-0.21029395594176	0.300389139304886
-0.160500660685318	0.178971726874515
-0.0596607644695025	0.0637864692639393
-0.0577808940623648	0.0731615203170332
-0.533195851208449	1.19374054832028
-0.469608154118422	1.08969313972268
-0.0535739818845957	0.0767456900555906
-0.156552335004383	0.148623829492038
-0.0958033840344674	0.0803565098844811
0.872010617159316	1.17952643457414
-0.525909945350407	0.509196743924446
0.342687555646327	0.40761496681406
-0.829508463086592	1.0366847569687
-0.0957950593928061	0.0803746466100784
-0.311793521474675	0.290017388203382
-0.0836570528703054	0.0754113548496765
0.123740212247767	0.108501063259645
-0.179881776381668	0.190353332895642
0.0580764429826762	0.069101272296956
0.320265491161066	0.467234353552063
0.125391466212183	0.149723366427098
-0.545783225757699	0.689952585780606
-0.430371334247772	0.447331103541761
0.353917909970241	0.47765759849744
-0.208831903041843	0.196778407634543
0.323135251772682	0.481408809234002
-0.113578827924045	0.144668265843036
0.0407172228730203	0.0411027514410702
-0.425929288995954	0.610865379023566
-0.0602788539049538	0.081524127758169
-0.260310056770737	0.531620883900491
-0.0741150698905682	0.109818651746153
-0.121830332758614	0.16689398133364
0.168256656194344	0.254319619658668
-0.152487236821777	0.201591927786564
-0.138977487193711	0.177208274703784
-0.192804393776947	0.301419449053497
-0.00275343067766605	0.00309489289389131
-0.326020801371826	0.583427051401469
-0.312805249481673	0.58783007908553
-0.344403012888527	0.438275770902986
-0.109809614173423	0.150049949869406
-0.482067755724003	0.952318398019487
-0.0421522204820549	0.0514389167587985
-0.430540330787024	1.015335344867
0.134440999664062	0.215370037344123
-0.409132709681648	0.800871541399306
-0.256507414701044	0.452530488821386
-0.576317179635454	1.386207435289
-0.29576091909974	0.454309280563937
-0.0856101024536579	0.191588365582804
-0.102863817910318	0.261309979087282
-0.0348248102190938	0.0755861814574068
-0.0256909379069192	0.0568786433226755
-0.16114989606828	0.412820363508346
-0.0560617326074695	0.122107427060959
0.00594415087672047	0.0119691140595429
-0.498340084857542	1.45834214117251
0.134197621450862	0.22666447243146
-0.0615004345115214	0.118044415113993
0.184458175750523	0.541548739055973
-0.236517868577617	0.349851884242377
0.173286848620505	0.223706140311509
-0.15600510322734	0.221246816003454
-0.103783617541511	0.0730003792710761
0.380366685287794	0.192032801183076
-0.668774233532473	0.638138303114985
-0.309123291830723	0.248291590930997
-0.678928142629291	0.604831888106295
-0.776215387250608	0.386038366371006
-0.0189271044254853	0.00868713491483945
0.579838678194943	0.581480988963631
-0.103454399534967	0.18364450280898
-0.493597526441465	0.569055614557725
-0.0699598169154901	0.0497367448482661
-0.272837614113391	0.390586246056223
0.249409722857289	0.164467881198167
-0.269931802913767	0.440502122288628
-0.199846536253967	0.222195661856115
-0.162191257493413	0.189647756367583
0.127115128215332	0.176926378556437
0.232920473828501	0.299532261731571
0.108191728035237	0.166135773194623
-0.103686439191587	0.11035561905768
0.190751288426965	0.291211979556085
-0.0651584672177248	0.0961886797349013
0.288399503425152	0.665315239984383
0.194181242348841	0.371361642208813
0.0702111932778037	0.103961446473327
0.047861724703811	0.0688386467727191
-0.368662075605947	0.735260154888531
-0.170096423028564	0.24985307554185
-0.241025937322372	0.345084814174954
-0.123877457505915	0.157471948345887
-0.154984602959688	0.267947792189325
-0.169959510070435	0.249570451555669
-0.2815116160913	0.343512327572593
-0.25411494710212	0.460354436862361
-0.460291661704432	0.685616773298258
-0.633773813476924	0.908316967745177
-0.0583396487531075	0.0456543361286473
-0.15085246725416	0.12505179399869
-0.278633896329049	0.206569217545354
-0.715772140225658	0.813809795001057
0.29264590149591	0.237810598420622
0.711225988951442	0.876275860258941
0.465566012832733	0.531344969573314
0.57125426220016	0.594211683602943
-0.44290174082943	0.376366524334784
-0.669169582079469	0.638664601065508
-1.05818352077925	1.36784356304718
-0.261652793172118	0.361398408499798
0.112084941969674	0.118054863207344
0.0905964706191926	0.0898004769974956
-0.0347588315800739	0.027384103683493
-0.59265398784786	0.64390916695666
0.0933500117994172	0.0755902266161771
-0.03496718413747	0.0275528518784485
0.303982884949648	0.387555058144995
-0.180930531934686	0.191713202178909
-0.198498627350406	0.242644042538859
-0.163360658597298	0.31578448507091
-0.26530967514078	0.517554134423606
-0.00683170882723469	0.0101672982374998
-0.281619939358553	0.538835715442131
-0.24767461863012	0.437652931445228
0.53052355754042	1.5051222487171
-0.245920203244394	0.478507747885613
0.291034740265816	0.613347761826376
0.147729086103715	0.248454438208658
-0.316027581802511	0.518417320384869
-0.170607429837075	0.295345484302061
-0.333907186331252	0.646052104673315
-0.225109320839731	0.424379243611024
-0.0771048044726541	0.117359561287916
-0.485938760814604	0.697795749762074
0.16792224967217	0.212042380572383
-0.00405589762006011	0.00508511453053393
0.0932003949307405	0.123412042293056
0.0206548561049146	0.0222709535286231
-0.210903586605714	0.198981781610227
-0.427208771466786	0.613778780339919
-0.0765001370945156	0.155283181602446
-0.0536636642073937	0.110370876728975
-0.0924800829660972	0.211108743304172
-0.265219357547953	0.64616702063617
0.0507677862164013	0.0863348274274609
-0.0210558178370375	0.0392953399863355
-0.101475476166542	0.242116316876649
-0.293643992917181	0.867417147655541
-0.165275626582828	0.210413811662565
-0.541614024251998	1.01648475505165
0.276508482691074	0.592790275529275
-0.0538343604362896	0.115640016739776
0.117862279208181	0.149103177212928
0.0798785475626699	0.0835131122373652
-0.708927143408338	1.41841355993109
0.62161608417972	0.553059901173144
1.30878296944529	0.581185280283374
0.594957295836148	0.347788724731637
-0.300357648275789	0.199966007087567
0.0711705900231502	0.0386057371115999
0.394267593430983	0.135422900862502
0.831869513758992	0.704057050707889
-0.851733676373431	1.0112024807361
-0.0280508821991007	0.0508583733977488
-1.08374447538724	1.06465979374988
-0.0116656728732981	0.0106441359099103
-0.128720295162815	0.170206541589922
0.762566317010997	1.02660294015075
-0.198845884754463	0.232180660244367
0.0901266164994218	0.142583532963389
-0.12636346218941	0.246270382963911
0.00584039827937668	0.00838590497003526
-0.160252827174714	0.262779099620213
0.49468869228546	1.25484563283991
-0.0566848247742851	0.0789468138202526
-0.0249678902663277	0.0255061563046338
-0.273280328789114	0.30293961529788
-0.246421671887009	0.326783214275517
-0.233721670822706	0.411012884309499
-0.373111493371038	0.242966235418229
-0.249363671673003	0.147819186045245
0.219519553284914	0.125945833582448
0.219421309729497	0.125883709534914
0.26100663124635	0.182359350594625
-1.6348706707982	2.02971713442016
-0.51255614208422	0.43211228161095
0.0452637280522678	0.0285002538770533
-0.688553624393275	0.566805611695109
0.901650759820529	0.872245929450848
-0.525422914953421	0.508328287892023
-0.0762225686266671	0.0893284931843789
-0.228668550641837	0.303211094419375
0.975660635421919	1.65085842764386
-0.512034614758051	0.431500334131681
0.102232595820952	0.059801640879509
-0.0627209524423627	0.116033740004133
-0.369938510073903	1.03230394002465
0.350346113910751	0.964722303913476
-0.379520198862761	1.09783503249641
0.278492005836919	0.671274329392388
-0.0636167555547538	0.111222457743701
-0.102017201196575	0.19633138607347
-0.234917205536886	0.52730255039843
0.427951112940815	0.842336790552538
-0.0819991929135822	0.13502079113728
-0.748905629598893	2.10486257936062
-0.162897436068705	0.281941794222709
-0.295724077805512	0.525659051861088
-0.505631926490778	0.640499052760351
-0.442017242297098	0.585931086281291
-0.0423119976646834	0.0495547513202261
0.255116036775012	0.307060986469659
0.0539641262906955	0.048548347500482
-0.706817534330759	0.847238450632888
-0.114579650779605	0.088323915507914
-0.289774942588268	0.252458272464419
-0.655744069904081	0.708587608730819
-0.0502895991417135	0.0425971043816341
-0.15592497490136	0.147947717279991
-0.16863187263422	0.422457093547042
-0.125364577574465	0.239719987621157
-0.429220766822062	1.21825159467463
-0.377062967819287	0.541970738726748
0.272670190391487	0.50737782872118
-0.262566947341582	0.69254277328165
0.620494026710904	1.10030569371342
0.808270532729291	1.3222748539072
-0.495119317143386	0.765842026965951
-0.436658176849522	0.241185283945239
0.166305040492795	0.0793363171771111
0.948419257294292	0.70914034838683
0.595298381499331	0.347868072905271
1.53860938640763	1.01793266548625
1.19743366915795	0.92849788043775
0.312047509250931	0.287526062338133
-0.221121509273339	0.455940192126303
-0.825267307762215	1.22429926530309
-0.726683487102132	1.5766285859581
0.2915599849	0.236774232539224
-0.157799257267629	0.158649445050427
-0.171896510682784	0.283256316373989
0.313564943287253	0.683853697808576
0.225006389013857	0.43215738573647
-0.194840648844529	0.296341439429198
-0.182352498315656	0.309345255348037
-0.032174691908425	0.0360663012160497
0.14724883430461	0.156164628683384
-0.349777785230719	0.366007371151942
-0.464392245579449	0.293935836116276
0.249269328035561	0.164363021881793
1.0823571828587	0.545696583364153
0.0333857651393327	0.016601589036614
0.236294222319857	0.146067915576764
0.684296875030511	0.713805963556938
0.831736615598494	0.703878013908249
-0.300175540982743	0.199822159757637
-0.249557359362722	0.147994203311502
-0.186272383722074	0.113470545102492
0.928312208115257	1.63385946737945
0.330389732316654	0.349975437981733
-0.110740264542042	0.105619960631248
0.236045127223554	0.145909786830306
0.0719893612419267	0.0390618295985308
-0.587464891236514	0.406507529555143
-0.48710520920448	0.345345626024005
-0.592856481692793	0.570199412937202
-0.3879464699581	0.404679121658034
-0.130452435412403	0.283395645780432
-0.0946265513913785	0.213615329312004
-0.267710259527957	0.674209176969974
0.0199420643747518	0.0352957988781898
0.00970402380092257	0.0165858385369275
-0.157247563335156	0.329557830091606
-0.121072291667165	0.25808986408424
0.0454772582066271	0.0778415059068275
-0.28481127156993	0.506564751411011
0.107710816287659	0.196140922345008
-0.136887994455866	0.24035111514725
0.184681630359671	0.338681209800895
-0.169216872531969	0.270461806685605
-0.0957950593928061	0.0803746466100784
0.580169378665392	0.789008672462938
0.109013829441447	0.123770884754817
-0.110718565269677	0.105617379209766
-0.0455397073762566	0.0413207595834442
-0.0000747765132888195	0.000102243841519356
-0.134585863880993	0.0837747443340519
0.91202470476389	1.33893354813254
-0.239823190710316	0.162509724108542
0.711987767137775	0.877509466576657
-0.184695034151218	0.139692495929785
-0.0724093023607171	0.0610665726225276
-0.773060030055092	0.921914096725205
-0.330276577430166	0.401550105211602
-0.372357176473054	0.47343741729911
-0.249813408438005	0.604755537819896
-0.246916807598117	0.273998333825082
0.0310260285599526	0.0286446523514637
-0.0137552323186095	0.0172947120388659
0.246119152059622	0.575563465275693
-0.274680375572379	0.393893234735112
0.109721075741263	0.0925672917130571
-0.0856598924630986	0.0665844251628035
-0.502639002381869	0.39137730580378
-2.15451821389688	0.46533654820635
0.0061225518867428	0.00197434479456719
-0.701666561865677	0.527319500194511
-0.0183489613390689	0.00842765611787557
-1.00196868605036	0.304687348735161
-1.66732301395666	1.05889678266094
-0.335979871866386	0.246016647550902
-0.432234067068593	1.18523304854887
-0.122598412514313	0.130628392443408
-0.882627842960729	1.81799688377897
-0.181607257722192	0.192542620549435
-0.595941992666672	1.15607157385883
-0.50900920602229	0.672518278833543
-0.181198708707739	0.181825038949999
-0.0573532311577913	0.0725811599596597
-0.2099996446671	0.37673885894606
-0.205062452903842	0.321408449459004
0.182936902344251	0.246225263593293
-0.0677489584206537	0.0916282312538884
0.496889125002396	0.99970065827711
0.40014552699637	0.556844330539268
-0.136838270416469	0.137914413451095
-0.490779064258247	0.892079744983654
-0.701275757501814	0.527048392499774
-0.996678295595354	0.922585406558597
-0.329724445103633	0.189200395630237
0.196562535872001	0.103456755441209
0.261732252097595	0.18296452603514
-0.186139484065231	0.113377323003526
0.38397685517036	0.232215293174705
0.283753103137093	0.219999663434947
-0.436359167736661	0.24098714637522
-0.185340100683535	0.140242257067
-0.36290729631328	0.28863524617218
0.160177191464552	0.15606582816674
0.604485965659065	0.761131807779647
-0.313246770013845	0.291601009617586
0.0344462319308466	0.0243059562243881
-0.186148861508067	0.113381586910251
-0.700494083943601	0.526250890486936
-0.464679742900963	0.294009702486468
-0.181164398303108	0.17133049661302
0.0560384698970432	0.109342536897247
-0.159755630335009	0.358900919865228
-0.0204451178666793	0.0342802123457693
-0.135000768408806	0.289429487976224
-0.128873742506182	0.256548510235957
-0.315684545335248	0.852097275723534
-0.430706077224564	1.36229505522557
0.0659108770132906	0.113904759154329
0.0546381415145316	0.080100225068925
-0.236129854545805	0.458546108845804
-0.122630851054554	0.173191598495491
0.212258861130168	0.384304803932969
-0.229950858471606	0.37307051531328
-0.201487780329927	0.224408788763281
-0.0314858866181724	0.0267996244293707
0.154808494658641	0.186405249773982
0.122731795984715	0.107510973788605
0.0919998195286102	0.0831695825322557
-0.18258801108313	0.233029513212973
-0.0186468583352113	0.0257147279326317
-0.372977964865057	0.242878747706938
-0.185571641745369	0.140425567513733
0.044572582514372	0.0280586628944611
0.467905617425803	0.517801221389621
-0.0157532913508261	0.0114330066216267
-0.333284868164957	0.329791516363339
-0.205905353812268	0.206076792593754
-0.179896250783808	0.20046509169709
0.266571802609887	0.27158688695124
-0.0564497278484002	0.0633420648530895
-0.238367394183808	0.353317257817374
-0.366895656834948	0.507159683567847
-0.191900626288076	0.334728918009418
-0.419870162525999	1.1464384567976
-0.531228057350414	0.547145533568032
-0.0504464178047789	0.0427343524162097
0.1672289628419	0.0797801074183664
-1.41557782492924	1.03895649903317
-1.08873769816625	0.502806249640919
-0.180546586353804	0.321452186295184
-0.401455534210454	0.441797886698855
-0.295456741564339	0.376522000162783
-0.665747169151959	1.06792937821828
-0.416766761131879	0.71126127242496
-0.128657441115303	0.198399703168501
-0.236323418847758	0.40508010780064
-0.0728714208634983	0.0890705556617145
0.237634487588907	0.406164117051407
-0.806322715562775	1.84195380632693
-0.593255923055981	0.749879201909479
-0.265722006881354	0.309638817414156
-0.477414695871044	0.79043082734819
-0.840470744855892	0.614603971586284
0.517681159419603	0.399682714624596
-0.272720351892617	0.134676791179326
0.38168941367747	0.211999811371672
-0.182535889947427	0.0941758280759728
0.126607721296452	0.0791112190149933
0.831869513758992	0.704057050707889
0.0144461089668634	0.00854505948895739
0.90168900976223	0.872402293827634
0.0323824761117227	0.0161036413929695
0.245489936767531	0.225507795027544
0.0573468855889159	0.0424907553362408
-0.810901823231979	0.865157340270614
-0.335867195422771	0.245914933527285
-0.717413052739547	0.481505703460375
-0.557161009431051	0.243955833867403
0.0822249216139607	0.168806198687074
0.143947065258117	0.336754503995388
0.0391636294090402	0.0737979838613403
-0.228893994757668	0.539784788829106
0.027929994845293	0.0483554527375489
0.195913522871245	0.453403182110706
-0.474737849456629	1.69257415722781
0.200216343480113	0.469786139040395
-0.00623970990250226	0.0105579291533628
-0.0614534751189924	0.0750317146129898
0.24451442885603	0.52123087904011
-0.39111706546304	0.705789326971909
-0.10160713325763	0.155677669741148
0.226157831020681	0.401320838830244
0.0801152136945827	0.0837748340528144
-0.0253660297798673	0.0245151758777784
-0.033147645040109	0.0372009699029264
0.607483288822622	1.11503919458484
0.0780650750817777	0.0680975363431873
0.489150673726058	0.769817131015644
-0.0411174331527833	0.0501203354062764
-0.0368919075261687	0.0481172247552395
-0.187515003081883	0.128848726543308
-0.385041980386995	0.33021644071038
-0.0905148619894041	0.086539047183312
0.138028117369758	0.157762006162656
-0.0667878123561705	0.0747166491461192
-0.22574863966455	0.310818691635174
-0.229307868051239	0.304289729147584
-0.189379627735349	0.43878472802459
-0.533147807457304	1.16840936983574
-0.0949834867870185	0.106296688441126
-0.689932035355266	0.568517573615326
-1.41598988327677	1.52700921884523
-0.401467641295658	0.577001583364068
0.0145171723588535	0.0169318876441798
0.530509553637281	1.29892261871943
-0.0386164613970997	0.055093494057969
-0.0880530469527939	0.119741689257318
0.288333540954674	0.425345462546641
0.207537780599938	0.240980797699285
-0.311722114806717	0.4474907875514
-0.717137733813721	0.481323111636119
-0.71692123508884	0.481118435580312
1.65005415512982	1.45489669982504
-0.115251848392561	0.0617611892030661
0.666610888881949	0.539554901709172
0.903030630672882	0.874047732098637
0.532554634017505	0.389034913337553
-1.15740472396621	1.05130654343743
0.95428765633912	0.883845268655425
-0.240548721754523	0.162990583068229
-1.33274309273942	1.93316501024125
-0.071201945021052	0.0506556615669033
-0.0904986780222251	0.0573369304710138
0.560714446226005	0.603904660066997
-0.457086582841011	0.417213636272637
-0.0598875089657977	0.108649852384421
-0.086632836722301	0.180582096547315
0.182579935541408	0.417757085678666
0.0128773807851885	0.0217267008910858
-0.340118901308267	1.06913946798862
0.261123913976546	0.724243043137184
-0.288377281932602	0.816318865287475
-0.230855802766504	0.609861178836184
-0.172120822898638	0.38948802043199
-0.118274291173867	0.23832115753208
0.0037362252239617	0.00471534841032048
-0.0304937072021837	0.0433523548739562
0.307626078687092	0.524678304294354
0.373037775972303	0.742966887276757
-0.106458872885888	0.158584033264566
-0.256375791313712	0.367037315113057
0.468187475862622	0.87880934725855
0.0867311200409856	0.112547604489108
0.214918599415149	0.256475011709006
-0.289723946022563	0.336968489208599
-0.0845633542355897	0.103466824192952
0.111021377737981	0.155784114536979
-0.0129340142682778	0.0145264038967995
-0.0608478170377307	0.0823506894100301
0.00158667761486435	0.00146365131021907
-0.345149827114013	0.399955194603025
-0.457690937266165	0.417863059412598
-0.22898187647352	0.171559118601694
0.126568133183771	0.079084180561219
-0.205691692080725	0.205820435936996
0.0104893582055002	0.00701994881925424
-0.520673476378016	0.47177660863003
-0.209515720539124	0.197530836888292
-0.132938499239805	0.126537859564678
-0.509881876391151	0.674191415330892
0.00431020129526541	0.00347492067380301
-0.127173990650496	0.113658819837424
0.0284308059102649	0.0358341866650531
-0.261435745236295	0.414208610049059
-0.074581087355468	0.144144290151972
-0.183274073737373	0.395487473258991
-0.295829115220205	0.377107357032806
-0.717354207498118	0.481501301619838
0.169013063230402	0.118588851044695
-0.578125665272558	0.304829459171569
0.226042320405471	0.283448580251877
0.511412548285668	1.16994086566739
0.0507033140857305	0.0761352694291347
0.147966209575811	0.235374651661994
-0.0305970604420457	0.0386014152906578
-0.0837815275209334	0.110208702753238
0.401445062973466	0.596918629686757
-0.111051465273775	0.105963263029755
-0.541103138527337	0.622537891681838
-0.775676594799674	0.385800549211417
-0.0630635270263836	0.0349012221661564
-1.08873769816625	0.502806249640919
-0.776515707571059	0.38635152586693
-0.48608015330698	0.344446413676395
-0.71692123508884	0.481118435580312
-0.744260288038901	0.436770424586074
-1.30721390223234	0.679141218144758
-0.0217972561816482	0.0123796478873038
-0.103907341047926	0.0730709594648994
-0.31694954156433	0.36821307103763
0.175389804045758	0.154419756741784
0.272953122298913	0.201231042602625
-0.187280295030318	0.128674676604713
0.83147856154513	0.703585266217036
-0.583378923609912	0.356713788685056
-0.0211293829620749	0.0265858505507012
-0.19070264325018	0.389879800092975
-0.0923406508126381	0.201881628326726
0.398549485227923	1.25377466241524
0.0309689444847518	0.0555711761115153
-0.16948506461746	0.356889458303407
0.208429576824212	0.45707008130303
0.079522737066779	0.157690029045586
0.208496395493045	0.483662355871971
0.038355721723095	0.0705376605549423
0.316967093562642	0.847518609807718
0.0539035652739241	0.0700234475514275
-0.2233515018246	0.441400581214067
0.425454662373508	1.00709079180449
0.113701011853652	0.151823919329588
-0.214821034003642	0.367181560051912
-0.301590606808135	0.333872594602861
0.0609741888397906	0.0650495788466656
-0.284209980411859	0.464358272240167
-0.295232683832534	0.376164781026501
0.056853680408321	0.0421305396060678
0.158242812397215	0.21150973726022
0.341838068861789	0.635876010762665
-0.02141929214581	0.0311386716440624
-0.0126293108328597	0.0115271378597982
-0.591048108386666	0.677102487810963
-0.372329725591541	0.242364824091801
-0.776515707571059	0.38635152586693
0.272718290229215	0.201100423981864
-0.591665189768842	0.568350677009049
-0.134186926413603	0.0834931870832173
0.388678813681785	0.330292839043739
-0.185216690870641	0.140140920414392
-0.147537286391543	0.112668460192282
-0.697166374032814	1.19841894351531
-0.0916963271107175	0.0877696270840407
-0.180025121312302	0.210355554220722
-0.390336871772524	0.703772865603725
-0.0904350425392804	0.19466452384084
-0.0719756612848584	0.148923125000828
-0.326422931480402	0.614942115183876
-0.288719992794197	0.647068869880953
-0.249413784508257	0.147897284378335
-0.503478138826409	0.392083405416049
-1.72341754217921	1.91534520216291
-0.262715201715899	0.402169584627101
-0.179971259982058	0.200570033960589
0.0137609980412553	0.0137889539175255
-0.332847693437424	0.579786975425913
-0.0131858201336184	0.0165692176607892
-0.296518481288719	0.527651319225017
0.42662036158936	0.924889577237135
-0.270426366146371	0.441544033461152
-0.0322314798917674	0.0377347250960588
-0.410293921958602	0.543748833766408
-1.02390925842342	0.722531375849048
0.0327950327654537	0.0163149276589421
0.735334480091229	0.527141063263483
0.38460517192676	0.282859080490973
-0.781387617384582	0.688579808805568
0.726990740399628	0.703423347575251
0.384504773376227	0.282786699871077
-0.40494639806565	0.292390925335638
0.788587063980333	0.700334487734834
0.464988030884531	0.530449109912179
0.00723525208663508	0.00536194106020644
-0.105081114367757	0.0943876660538759
-0.0214163883274787	0.012166097960855
-0.300357648275789	0.199966007087567
-0.108817962368345	0.148492441909926
-0.0367211422351595	0.0632229688657069
0.0692261580935022	0.141431830134394
-0.0323889687332612	0.0556588028366361
0.471471110461553	1.45210195957494
-0.166214418833203	0.322798279102045
0.382538205813688	1.01284466056375
0.175761447999864	0.369228386042528
-0.054687875057837	0.0988848786059153
-0.347782599178762	0.885666158990526
0.195205407501121	0.399612583030405
0.00695128956613814	0.0076160174235916
-0.217112294659802	0.409444118931434
-0.0131203769719333	0.0153413330130432
0.0323971999198569	0.0442894579349977
-0.101479110257156	0.184257990574915
-0.0335168253823761	0.0376306532023513
0.189023668887723	0.260078933846823
0.095895572453641	0.113224190622422
0.0973667264222376	0.115144232230118
0.139127116884382	0.174060069042877
-0.458292962600709	0.879615344244509
0.246975239978373	0.447424358206255
-0.268419473229665	0.474360137308906
-0.0361908969214873	0.0471627714298879
-0.153016936526027	0.202378632331308
-0.0273195369837413	0.0248448799658548
-0.0126482813660867	0.0129347205323691
-0.0191811148480266	0.012496036617706
0.225883099826403	0.191626083210401
-0.18804919168261	0.129237775238204
0.00626427645864485	0.00464812541324261
0.317265583940188	0.303576859544616
-0.841523386893854	1.19917863179827
-0.644655039046657	0.774345155950791
-0.696964846027559	0.876675749570281
-0.417213715743637	0.645056585935742
-0.195419492196196	0.570345371475636
-0.152916763679292	0.341756730857088
-0.391965987330154	0.764804582549939
-0.0861209122244248	0.0375432998359443
-0.908024209770884	1.29051075407116
-0.35919780856411	0.610139689709619
0.00528601295224363	0.00602301278584575
-0.0842020523425252	0.11083435193989
-0.0590388496729783	0.079731048959855
-0.613650463765713	1.54397428933712
-0.355118592413684	0.707005660458521
-0.120182234180928	0.164370381393868
-0.137169075546752	0.174575654384288
-0.444374992943106	0.378104530357655
-0.503001761928294	0.3917296626186
0.385035594075047	0.26754860013475
-0.45688526448091	0.416971177617786
0.394009888373982	0.392586747540094
-0.143031939657001	0.0995028980376292
-0.444166584088547	0.377879965772327
-0.0524341518813728	0.0337092679026308
-0.0598648671009344	0.0468696403541614
-0.0243549448525343	0.0248631658300506
0.130969747043375	0.15984612262142
-0.202159699744619	0.225241563265327
-1.0422211552113	1.21972003775146
-0.741604577734273	0.749360501998257
-0.37335928562248	0.243133184079014
-0.118541221533874	0.177656755141511
-0.446568686223981	1.07683970279462
0.121042756544796	0.222684467108515
-0.76352846186214	2.23275887136924
-0.140117381131856	0.252503098591865
0.0385683857575611	0.0520277094509319
-0.203444432538572	0.337303386637037
-0.110331721097976	0.16941796587568
-0.536589933818091	1.2560630048284
0.0813624486948684	0.124735209221233
0.0658838769220757	0.0888420651543029
0.812152590264712	1.61812957695195
0.126836306886755	0.176481003619549
0.0174266518248984	0.0195766064913875
-0.367778113327994	0.906548992146657
-0.122883857172674	0.229864119546234
0.344503771111195	0.651472424849891
0.265000859520576	0.465335422517835
0.28099651072626	0.553283993170475
0.0301490495283576	0.036724214631243
0.39948869011774	0.769463285960402
0.187711990478901	0.304599962378026
0.355447591836746	0.789588687738299
-0.220308209312055	0.336139393949849
-0.0202207056815509	0.0262663550884398
-0.0311725228875863	0.0265266815101634
-0.891097368525667	1.47426419700689
-0.705436935934449	0.845086551582398
-0.41716263127557	0.408607168892672
-0.430066726709822	0.446802977682231
-0.392474144559057	0.542565451845426
-0.408952952747771	0.541201180973646
-0.169825035412926	0.241657543731529
-0.304341254602315	0.930402113978422
0.165036831078157	0.42074662118584
-0.0206628139549025	0.0418508990538062
0.075738435710438	0.0587250296740268
0.0694335531963745	0.0705279142849523
-0.594191288197949	0.533989992246502
0.361731113967025	0.076032888564632
0.726077534182543	0.701611325993332
-0.146262047590513	0.111605500681502
0.120339183768937	0.130226742594211
-0.548973744984205	0.725438641064992
-0.304731597596133	0.657003052413881
-0.349579641026381	0.794259668919624
0.277098904602743	0.459820462087017
0.0889499921986127	0.102633416683495
0.355400101723173	0.501242954382908
0.161017085917354	0.198514898722834
0.0266087722007304	0.0346047018091695
0.499778042754739	0.974952211286418
-0.0736629311068884	0.0786876864406302
-0.451230558903961	0.521121669473291
0.504361744896118	0.712677279925158
0.146875159666975	0.155706593761415
-0.628494746534861	0.971842023340193
0.207636133837079	0.203602998029519
0.0316342211507298	0.0292215554858886
-0.552566395107496	0.791966004213942
-1.00206315199305	1.82681619750392
-0.365527651146742	0.504605430116227
-0.359251925013368	0.436601143555276
-1.25129879706199	2.18935915778539
-0.389140580151581	0.471993026411647
-0.501014813359979	0.8038534023355
0.0121202813154558	0.0127384308483149
-0.0241447251826979	0.0342802626540575
-0.37354714984483	0.762870610791783
-0.182135234392728	0.250570561274777
-0.061129006978286	0.0654610732977579
-0.292164377937703	0.419062585708731
-0.279186850816868	0.428244386755002
0.296251004075779	0.557058195447131
0.134035582110754	0.202633796557882
-0.341685227169708	0.508602901359828
0.399441537355119	0.568275869723973
-0.623144807196037	1.06854413582614
-0.146503096709655	0.171551176864116
-0.0249031146171873	0.0254392751213271
0.439794960660189	0.712986337191861
-0.114293440947393	0.208604133886298
0.0842123446487276	0.150691544834385
-0.0509253743322363	0.0882590487002644
0.236995562659182	0.362590027343183
0.400534824307964	0.860693814687495
0.100160234315733	0.170037517769352
0.435018177113336	0.756827429114646
0.203862941418873	0.26568157258657
-0.181084081672459	0.239914566371609
0.352425656303047	0.475150663664285
-0.0456220622386265	0.0651817709894259
0.0315047231216029	0.0348802099642915
-0.0326438730914478	0.0366131953279044
0.0108626996651359	0.0114135088901696
-0.259385961099662	0.357257780227663
-0.531473823407324	1.13795315093969
-0.0345862369587848	0.0464901261900867
-0.116077994268994	0.17334644234455
-0.144565142408153	0.37043908627212
-0.0746374195554617	0.163131352507196
-0.0380392053302666	0.0388014007521387
0.325161787158809	0.333139304385061
-0.62694139367409	1.00543930188373
1.04300185408357	1.37712655925626
-1.28226207376343	0.866160490813602
-0.12147713473253	0.129297920818196
0.0684962686566659	0.0637855183963429
0.0269016060582925	0.0208329246187303
0.0829391888686957	0.0312031930136134
-0.200834853899235	0.350580632236923
-0.133758022828019	0.189302786581289
-0.307229570388315	0.591432619112271
0.287582782624672	0.583864749153984
0.474172467161777	0.848416402293753
0.399440408069002	0.746866764800288
0.0615883028792797	0.0657476202707194
-0.570767377299951	1.1660217599834
-0.322031614296429	0.479098378178265
-0.851328352244387	1.01074477512192
-0.25726666914925	0.313777592160643
0.618927632116159	0.92925331302619
-0.090952577081898	0.0869995365515027
0.0319562804987666	0.0295199234107925
0.0174845835188409	0.0156240662354738
0.148881788120728	0.140248807796679
-0.216041135247015	0.263677988713806
-0.727851651432647	1.0407291645684
-0.393156988872134	0.606823898219688
-0.287197924603031	0.427231110419924
0.0305385389166856	0.0416538439547433
-0.889559134529343	2.7709916822139
0.0205640899577145	0.0221727539023585
-0.0686477717309275	0.0870971509888655
-0.124005132047018	0.157718267971444
0.172408205368883	0.198893409338754
0.342691108848692	0.638232626669596
0.0873831958424785	0.113439649717683
-0.340856787165164	0.577222711402875
-0.0530144632747207	0.0621040705607665
0.080584463873244	0.0775161959996195
0.252378000070674	0.361348750524017
-0.21179684366374	0.280752488661958
0.00631703191573496	0.00692009699565388
0.0451750512566516	0.0772879817953197
-0.022767980000618	0.036560047085779
0.0508909230941509	0.0813511774076596
-0.0910194590268701	0.127566464384468
0.14363184747717	0.224712170731626
0.0461533573111174	0.063527972577647
-0.0297057036753883	0.0346624084118006
0.0266827952108001	0.03070621543418
0.167369132141029	0.21120063810549
-0.166883735910634	0.220998424034854
-0.149920989586782	0.238917597122941
-0.111397915368367	0.171319638277644
-0.145856534345835	0.170681858358305
-0.483470922897269	0.827846462138723
0.0392107910014221	0.0488701863304334
-0.426688988455497	0.612688416754106
-0.133476300093455	0.188834654447806
-0.369472468634731	0.700202576904383
-0.446614879334431	0.987843796461068
-0.156761695041144	0.418652070834138
-0.108577280183519	0.263218089825335
0.158833020110803	0.154581485343681
-0.737352231350144	1.01209005929464
0.275888441388469	0.374343192968974
-0.41279046457821	0.477417646816225
-2.98655368438579	0.76047297320997
-1.3076721679963	0.679786212577572
-0.591783750713837	0.781356722601377
0.00654975216010524	0.0048563506092869
0.236639974516072	0.209172926082187
-0.556527836168635	0.24359690780091
-0.403512408103463	0.708919024967126
-0.245538842258477	0.387672731954018
0.217335513181975	0.30173830877873
-0.425012855839632	0.680539051812503
-0.211747529630058	0.28067308743996
0.523640332055678	1.10755938405666
-0.133434582969173	0.163012163483874
-0.529526025758082	0.876446979845633
-0.200190391257077	0.234076178706408
0.137366144743809	0.141331991580958
-0.104226348710655	0.0935555251440971
-0.301300571569183	0.333327449504486
-0.223557809264817	0.248569781516607
-0.202010421362939	0.225092110176256
-0.778058648537908	1.33512434145402
-1.1681419780184	1.91711427005322
-0.593201470544949	1.01878615049135
-0.143231234067462	0.196388295035895
0.220172957418178	0.346242553484624
0.163665244144734	0.183580773510801
-0.320290069646536	0.442456817781544
-0.309910044602148	0.412052723309028
0.0437382225024448	0.0474818823413118
0.172826321589736	0.222993655871435
-0.448978695939213	0.71958403145851
0.309517061209124	0.413619180831353
-0.0120375224331988	0.0109850035333675
-0.841365852918641	1.19858747502781
-0.440245492053364	0.582706777910262
-0.251407683765669	0.320172866468752
0.649644407096952	1.06712291634022
0.108617202121806	0.183022749752443
0.484679378978704	1.58080465125989
-0.235817898951058	0.509008439655422
0.313543375226289	0.676403348357143
-0.048129051453415	0.066855671032871
-0.343333547997644	0.728929783413095
-0.317394879645882	0.521478682720449
-0.16798855010102	0.222715619301799
0.100950751220831	0.129334188938616
0.268662046413082	0.423102611200057
-0.217560080152508	0.410519470838288
-0.222371661013899	0.339953589157625
-0.0572781790907648	0.0643239722035299
0.120081453322156	0.163650912176722
0.0579769027786191	0.0689841798056628
0.520954784281882	0.908118674806756
-0.240388363347535	0.343987687773326
-0.00413715039388126	0.00864946722890532
-0.0294927927826257	0.057807617816628
0.560597406693352	0.603674598541195
0.517440483229542	0.399371826353348
0.300539273532839	0.486456970520219
0.52611017824611	0.657671734075741
0.261369440316147	0.182671102528871
-0.380652136208977	0.60786992298969
-0.222576953222028	0.247278697666504
-0.0822582223604815	0.0740717321291545
-0.776436413149101	0.386296542223951
-1.13256975209268	0.697614763762774
-0.330374313460103	0.189661122443498
-0.366143855050084	0.677845519652424
-0.0118177278955732	0.0107836426482082
-0.459200060001481	0.555936094145546
-0.208619552739078	0.196531441176378
-0.61939146857282	1.26841029102976
-0.138673141664843	0.176754881435861
-0.782936411691226	1.11868109592561
-0.0829242415027619	0.101276985714732
-0.03758670408468	0.038322787256571
-0.101634426115959	0.119067273236695
-0.115765751101463	0.135617921468275
-0.295646107013362	0.293354934481283
0.159181544792171	0.154966308595885
0.0763823152204703	0.0592595480268793
-0.0383740657581669	0.0369294229900204
-0.331340632226949	0.365911508778539
-0.508775325243588	0.671849419046164
-1.01829095719293	1.38123886643341
0.685150584185594	0.714914776606943
0.584309661992506	0.972083705848277
0.345237263480282	0.421721942679463
0.0397074758958996	0.0576224995357177
0.155076588332966	0.353098494419522
0.278459052230345	0.745690503024693
0.144801084632556	0.185111766792433
-0.191613795016768	0.367935350951292
-0.199492421234761	0.365878937167861
-0.0309641430431111	0.0376775020849881
0.0150173127154272	0.0142531158435082
0.0698064683413279	0.0709309621723787
0.0907636951332977	0.0899943026238692
-0.424350400463985	0.894825495155325
-0.120146032199173	0.185102099958232
-0.492837259724022	0.897759132906625
-0.185609151934574	0.502216877959734
-0.336229479575169	0.246262004082091
-0.908208837555438	0.961641180511319
-0.212804912156112	0.282406022412605
-0.330648128123382	0.402163346881929
2.52480998418306	0.634922772878525
0.479782518030981	0.479940569209297
0.359594204438119	0.529938001567429
0.0264796944308667	0.0304653142546718
-0.498945253714579	0.603184895157688
1.08180421380207	0.545274821389481
-0.776816482725713	0.386498970561457
0.0061225518867428	0.00197434479456719
0.214128133497566	0.17390470461304
-0.356570765170898	0.640499623261016
-0.515404484766423	0.710781413054533
0.462763310758568	0.543664495850857
-0.33128766190782	0.403107048000681
-0.518012177904242	0.971720956730046
-0.318745831468205	0.405850099117256
-0.0963215904207828	0.0808420419921123
-0.7267772567788	0.780210487124286
-0.591317820852475	0.677524588510521
-0.149077261645834	0.123342446037448
-0.27459332016005	0.256832700747948
0.00468028385337916	0.00377088907278457
-0.485396572344149	0.530822061761513
-0.715693517726729	0.813683329358249
-0.499968723663052	0.801533185429617
0.97286531880543	1.50448086641539
0.304780635940873	0.614607583085299
0.162385724239887	0.337625274122696
0.0866279997600318	0.156731327485385
0.138031741662236	0.186362377799801
0.194579072570947	0.34933627645018
0.322754469754392	0.749865062870385
-0.00303726283977002	0.00326070769056329
0.292307341088884	0.344692080552274
0.0180953646855666	0.0161798088642799
-0.371359216415571	0.471990185361797
0.122497692225835	0.178442729507751
-0.13285130837174	0.211219186869054
-0.39447259638907	0.828361799446882
-0.264919470986903	0.480343151437639
-0.206777104457549	0.314765379155554
-0.204839848191686	0.320957965305602
-0.182234642098203	0.161530994505582
-0.519164868099122	0.745696895542303
0.788806552204023	0.70097532973941
-0.359164921378352	0.436421732572135
0.267482591657044	0.272673921589617
0.0630717317253575	0.0530035780428053
-0.436404795711243	0.241050168239748
0.782288271065317	0.520702622232727
-0.0861725755050264	0.0375604049720505
-0.136665908848515	0.137723785423131
-0.743776090905574	0.436452009690677
-0.746358259978277	1.45113612279385
-0.358442918607825	0.435237682861607
-0.392695422753865	0.542981551637943
-0.539583702083266	0.620260789559289
-0.719100981650871	1.06922223952706
0.0130173371446595	0.0130391568416878
-0.107321830838745	0.173652206847391
-0.0585137488369038	0.0907761266982299
-0.204618728690713	0.419576027011018
-0.555625108651477	1.30443619256939
0.0499363438847622	0.0720250877505622
0.276395636380499	0.522791362873516
0.494660788249151	1.00934892102593
0.0208281122772613	0.0247744042636964
-0.301484907379909	0.44719971140911
0.121084788053442	0.131152851323958
0.142422691339524	0.235396365839338
0.117416764134545	0.18633532864444
-0.0644360373933286	0.0898310984174292
0.139477297244816	0.227234988297422
-0.154923481675551	0.21250607203822
-0.483699636353674	0.828397712373319
-2.15421911362844	0.465312945107294
-3.51246745183048	1.03638668849477
-1.41541551190408	1.03918734604199
-1.15610338981741	1.04968885662384
-0.48608015330698	0.344446413676395
-3.15817799331282	2.7980372153045
-1.30730215370881	0.679470716830338
0.518783838356694	0.400815032024818
0.192439620064145	0.317775981443938
-0.0278163780656988	0.036182828844987
-0.161911706782563	0.180868576166601
-0.139260810686696	0.147868442364876
0.201719644879099	0.319894390925629
-0.109308739127034	0.122164911858149
-0.202985050896169	0.214571989254007
-0.452092895908955	0.934559658860835
-0.114035483665167	0.165503466532937
0.0807840057790662	0.118670359700366
0.314621669237968	0.686961162025917
0.483727722896587	0.791170491457662
0.296311625916397	0.358846519118864
-0.181722837135562	0.240925851450788
0.361609946254442	0.565082868310036
-0.184941902068178	0.139877661946704
-0.596446168764819	1.25374726487199
-1.01796777098936	1.38067914268349
-0.833991967938541	0.336575780117401
-0.250181704068037	0.148384232437103
-0.272575890878387	0.134611873496179
-0.436080129739286	0.24080384961771
0.550121951927356	0.376756724942771
0.0555427839552118	0.0722788188440666
-0.0626818344089261	0.0346825393218521
-0.130019197820759	0.200877242629444
0.0277982921459999	0.0389357762559757
-0.629240953232507	0.973615418023209
0.124517025997331	0.148551150816689
-0.128216816218424	0.192508591680367
0.302517167956222	0.498335126890404
-0.0128421317869912	0.0109719198012717
0.438290901792098	0.737423299185374
-0.136870652100576	0.199995525951868
0.655901467977264	2.27618791097049
-0.0829054982989669	0.130097578564907
-0.350373844764724	0.539503684955144
-0.181387560182076	0.202382727934904
0.158042567509759	0.21119175852507
0.456644284988794	0.565609128421054
-0.1527166548906	0.135869898296208
-0.292114978823534	0.418935483750268
0.532671440719784	0.389128951808697
-1.30730215370881	0.679470716830338
-0.372587081353577	0.242574156802219
-0.578005465590871	0.304647905871406
0.00691568015675746	0.0022160791056137
-1.81781285565495	1.25851740561759
-0.0509969285227695	0.0622069490648217
0.196284832216104	0.103290619278252
-0.839446253638606	1.9189441834601
-0.22222371229161	0.328369996293009
-0.147119749821174	0.215312439097537
-0.159371248862293	0.240830465418543
0.32616508678237	0.504868055860412
0.632835131273924	1.24987223448054
-0.110870761450603	0.155988819108625
-0.417735270947123	0.713514814622546
0.241298211263844	0.324511610853024
0.0723543671410346	0.0948265975468276
0.29465157148647	0.546423253793442
0.401048919874984	0.840290944313344
0.025564526588287	0.0332064292535972
-0.00132655278872921	0.00142802915151116
0.118665269094004	0.150252903917909
-0.146548803239969	0.214325246295269
-0.0551615689688331	0.0618042749999566
-0.06204581823188	0.0560394125051269
-0.301590606808135	0.333872594602861
-0.623605927914634	1.06989856719256
0.0450941260675235	0.0283925509547123
-0.188161730085196	0.129300037582445
-1.16439926966563	1.20932875563587
1.85867728649694	1.11406437570508
-0.527212517247273	0.181872309976908
1.34702280786932	1.15649746646666
0.399066544837587	0.529602511043439
0.7804925175075	0.331224333986828
-1.08301893521692	1.06380361348522
0.105478383053691	0.0987343340378667
0.164711849968882	0.18493868403824
0.061264695256983	0.0653733167359822
-0.304939531408354	0.371468722224119
0.508108943473442	1.17514093413063
-0.0743888639199136	0.127521241778359
-0.133368865027903	0.244873535249251
0.0738155173091888	0.0866304559614347
0.332106712185636	0.55224221808645
-0.295591470350726	0.525357459870944
0.253553944608869	0.3047359484101
0.253695020347573	0.305016702456643
-0.343433943720142	0.436631924967107
-0.0905807378062034	0.0866094756522498
0.281615422784641	0.482649094630529
0.149156899814201	0.251312376039304
0.00841146615322745	0.0114761390238505
-0.0417805952330384	0.0300334870467616
-2.15421911362844	0.465312945107294
-0.405466251460722	0.292843881940239
-0.711635198310176	1.0985443766114
-0.354964464550516	0.328489243449985
-0.776974914197695	0.386473170479692
-0.57807556816897	0.304778520092845
-0.390108394003911	0.182584068814176
-0.495084686869686	0.571092444452444
-0.556242379062069	0.243448571326217
0.0141289091183749	0.00836045154881416
-0.482446030879927	0.824723229752304
0.242653424530246	0.276443355810779
0.653581711747193	1.23072040789676
-0.453723983231899	0.650488552577859
0.152756303676215	0.247169704055706
0.21948543404037	0.441317849161911
-0.291883535473484	0.600491439832133
-0.0310181326443618	0.0377414998684871
-0.452465804347166	0.747919764821363
0.347003125047262	0.692408765458623
0.221812015476708	0.314412409469407
-0.716058443433208	1.35044173932888
0.214918599415149	0.256475011709006
-0.162657713234139	0.190245816182298
0.259790255870361	0.500756005291033
0.0104198546136293	0.0138374646794764
-0.468385541650689	0.725098187918917
-0.231825905980355	0.295206397517215
-0.444062000417611	0.377675240402371
-0.526439196579555	0.181637496851545
-0.416398986851171	0.710354239244353
-0.486131439591898	1.13134708104881
-0.0682191435242913	0.0764619482995471
0.177170567168341	0.294668507283033
-0.120215592260803	0.185227317048855
-0.15826334819043	0.225061596221093
0.398582753147712	0.687071233722433
0.143270775856863	0.237070972170685
0.369867980600996	0.705018763022755
0.0869494963102418	0.106646183082822
-0.0384796633193755	0.0485517553956386
0.256492007611554	0.481264875267515
-0.150315171974587	0.233419584645147
-0.125947800697142	0.205337159116267
0.230302938072401	0.380795395296917
-0.951016631012358	2.17349233751985
-0.342194670418707	0.509640993729055
-0.263725768524523	0.262669247696001
-0.147510405835844	0.180087098505063
-0.103928807090166	0.0731008000284382
-0.172252235423921	0.0704621510143207
-0.835689770625029	0.837912958023551
-0.296438332521038	0.527444484556375
-0.303693849721054	0.451663443110133
-0.296469740845543	0.455756698198048
0.202579555345597	0.350559853445418
0.185723262696787	0.25070254085313
0.274298145007148	0.447388487357264
0.0659326832818565	0.0888979669846881
-0.362452003363375	0.668155759343411
-0.124203400971728	0.157998595107439
-0.0521205063626043	0.0679886691114976
0.622203308673292	1.58145419468204
0.24981793956809	0.454387533481767
-0.352955111781857	0.701154151500025
-0.15693365654757	0.229679130208816
-0.178169695967777	0.507546480513133
-0.0815910205274488	0.0827173627030003
-0.301260081334008	0.333411589850575
-0.168150888080605	0.238765431089207
-0.209413970155717	0.19743548011956
-0.583378923609912	0.356713788685056
-0.401094893956615	0.441194253828506
-0.876485376598901	0.98420858765332
-0.300061577336229	0.491469374459944
-0.0730363825460153	0.0700601900962047
-0.0116461824391415	0.0124975083235461
-0.370269345769354	0.610718165319225
-0.301178536386927	0.493928561194293
-0.0931470332393796	0.142359588669328
-0.16980652558713	0.249349241700318
0.29173471182243	0.532546627316023
-0.0831271755254173	0.11651079546495
0.257898345251787	0.438140253182592
0.0984938785015648	0.146187386570333
0.261412795792125	0.457167019042455
0.0169509760090284	0.0222510638700042
0.0647366408023077	0.0830564251485897
0.104360247162677	0.15070687281656
-0.135545679867567	0.221652305051061
-0.699429874593716	1.15992070609982
0.339848994064283	0.393246097880523
-0.130083304922864	0.200995498040057
-2.15421911362844	0.465312945107294
-0.182693093423039	0.0942595441750744
-0.97750901278338	1.08979953647937
-0.0457114827653016	0.0513627517812337
0.283855359955314	0.316844127391607
0.835124298361786	1.90182802530199
-0.0366457276227218	0.0373381333872385
0.216227892954352	0.333978651056558
-0.262066810604147	0.451801697293444
0.230239122384704	0.380637159051828
0.0660910019694178	0.0849378372866022
0.10897737437342	0.167508743054091
0.349525362817438	0.699907874317633
-0.299057391688395	0.412978589954211
-0.0408636199336978	0.0548863056093983
0.178150794721128	0.299984402360242
0.201577446423892	0.348363280456615
-0.265314029721555	0.481285377571698
-0.414898707520605	0.833560471235249
-1.12788646900338	1.91737236465408
-0.781681317862118	0.689082271304702
-0.677546862170762	0.969327389694374
-0.459739533590872	0.556858740150598
-0.668774233532473	0.638138303114985
-0.526439196579555	0.181637496851545
-0.0723959503104414	0.0694108124616099
0.465458794245836	0.531184046989268
0.536680126413105	0.86900857974711
0.252814206416883	0.362089560682806
0.824056647514095	1.61321034075516
0.106140525266641	0.146312399507233
0.625851625354875	1.72638097105628
-0.296027349131472	0.526419246807635
0.110194386820219	0.162099137222965
-0.18283902090078	0.302173411146736
-0.321715728366519	0.621676760945808
0.202160127139881	0.320557294000669
-0.253423578601565	0.424792727494302
-0.168059338206013	0.222734066093377
-0.0837583048075832	0.10239050107131
0.0471235029990671	0.0380833251861806
-0.128646537836173	0.170087792447563
0.0218636498863106	0.0260417888410758
0.328762646826311	0.527491690742398
-0.158425394034578	0.300554674360296
-0.0549656025930665	0.0763456908924293
-0.3591806372728	0.731547181935011
0.22723318440931	0.369699501018755
-0.107377261429918	0.146268773282479
-0.376824983495166	0.640731182975665
0.275011773836533	0.455063685299226
-0.225155889300526	0.385347738086673
-0.0385481348129462	0.0486372051832392
-0.673005895104936	1.7757480130936
-0.493440207987	0.568820927217917
-0.77501028871088	1.55075588538439
-0.0831925643093681	0.0933661699954038
-0.0259502627870549	0.0347779803203838
-0.191628884536417	0.334073902107435
-0.424133827052981	0.678590203852453
-0.595746477153878	1.59061463711927
0.66800603411158	1.37184734586495
-0.196090056757833	0.279742618712071
-0.304474277410573	0.529119847678545
-0.149409990457271	0.189818725074535
-2.15421911362844	0.465312945107294
-0.211337836326476	0.369781301426296
0.035213859564732	0.0414722709763656
0.0285610989571015	0.0359925769539555
0.204513265611833	0.266648391778486
-0.292640754413939	0.465430573447344
-0.538710010609593	1.31525222605961
-0.367035804003746	0.767491921493997
-0.128111846620844	0.16929441723194
-2.15421911362844	0.465312945107294
