x	y	clickSelects
-0.032652638777732	1.18740030586768	21
-0.110851264553032	0.109285725974399	21
-0.110978053917626	0.109223658439003	21
-0.111621173063971	0.109035539644979	21
-0.111494488293062	0.109097507474847	21
-0.111299576987292	0.109160200857588	21
-0.108024532646787	0.157115616540444	21
-0.111367830996214	0.109098780678012	21
-0.105640405182266	0.135507846198324	30
-0.105732406569017	0.135422900862502	8
-0.111172839857222	0.109222251636938	8
-0.110724502433668	0.109286979214529	46
-0.020170042597361	1.08579775488458	21
-0.00632780299470098	1.00660974294207	21
-0.00541213225088599	1.0092160118524	21
-0.050229079789644	0.630892813592315	21
0.078954038697732	0.981752096795442	21
-0.037743374561419	0.921242092322014	21
0.063567900205749	1.00837560877545	21
0.0175409003213181	0.399510318833348	21
-0.114835549171623	0.250840620929093	21
0.105831851676514	0.562220694787184	21
-0.114797078332761	0.174821995976427	21
-0.11789451156414	0.212286728997392	21
-0.115404127689215	0.174552241887107	54
-0.108024532646787	0.157115616540444	54
-0.105850535299272	0.135422743432737	54
-0.105968699032069	0.135384449132734	47
-0.114867393363628	0.29822835011085	21
-0.105850535299272	0.135422743432737	21
-0.012970286766926	0.450565813394073	21
-0.120283650808524	0.191689040885248	21
0.050605728919049	0.377062671045093	30
-0.105522181679156	0.135546168947089	30
-0.106178962159991	0.135261467918376	30
-0.105193901295549	0.135628631431508	20
-0.011219068637338	0.452692891875003	30
0.018202313798041	0.400241189816208	16
-0.116402061035094	0.174034494073862	16
-0.110851264553032	0.109285725974399	16
-0.111621173063971	0.109035539644979	16
-0.118751166660922	0.211622717079032	7
0.00108293156378303	0.724280360909279	8
0.094570422603698	0.347528657313905	8
-0.110195939904061	0.345611583567045	8
0.055292839169935	0.827339198885529	18
-0.106086897683942	0.135306113972711	8
-0.119700784648316	0.192028879544537	8
-0.116082684611876	0.232181956917002	8
-0.114674374570132	0.251056245738229	8
0.070142263706774	0.362464883970776	8
-0.115806292437704	0.23236397917735	8
-0.118426921173767	0.211935667199879	8
0.094616076332456	0.347498367491258	145
-0.111299576987292	0.109160200857588	2
-0.105968699032069	0.135384449132734	2
-0.103132199337847	0.475284607742205	8
-0.105312184461686	0.135590291209972	8
-0.110851264553032	0.109285725974399	8
-0.115743316400532	0.266966405570818	46
-0.025455403845786	0.491718004954317	46
0.08038244910569	0.582245333763651	46
-0.118056684780534	0.212186929048949	11
-0.108124933419248	0.157028833949212	29
0.095101494083787	0.347857553765364	29
-0.109441411993081	0.346508589865763	29
-0.11789451156414	0.212286728997392	29
-0.04154141972691	0.56891092153996	29
0.011053341719849	2.34442735649052	21
-0.063237177319434	1.25411128616423	21
-0.100306270498658	0.701453975246505	21
-0.028266927737762	1.9128719483449	21
-0.033308546785072	0.889546413050572	21
-0.082190496445218	1.67316357164071	21
-0.098785446037525	0.818641964807129	21
-0.032512085714315	0.517140255686162	21
-0.109108702535273	0.346901943104243	21
-0.022187318322193	0.47745607031633	21
-0.115560351170185	0.174502157155665	21
-0.115100372523913	0.174715224295631	21
0.070142263706774	0.362464883970776	21
-0.115560351170185	0.174502157155665	54
-0.115177193460183	0.232790139609475	54
0.094570422603698	0.347528657313905	21
0.0519529079103001	0.614205324625427	21
-0.000454621469345995	0.425035910430045	30
-0.11768645941943	0.21240605852907	16
-0.118380939892904	0.211935628180678	16
0.091358734833097	0.57077826633309	8
-0.111278072962427	0.330371118134332	18
0.018162384573891	0.400222740025432	18
0.01802204239048	0.400050115002982	18
0.069828188022753	0.362231642221134	18
0.0693325404852641	0.361830188474866	8
-0.11505840654744	0.250778475101884	8
-0.116389574494897	0.266401171944054	8
-0.114821014236042	0.298257667400466	145
0.04983524436873	0.376551576271716	145
0.095101494083787	0.347857553765364	2
0.032155678876004	0.388661414781685	8
0.115453563868203	1.42730616336534	8
0.08712066552038	1.15065426400053	8
-0.10827682111237	0.157018219232949	8
-0.115178660193023	0.174680639182499	8
0.00759829247495902	0.412352519850003	46
-0.043552697605867	0.581245220629773	46
-0.106292136095422	0.40561858726201	46
-0.108493796105801	0.361706078805146	46
-0.114964405924953	0.26754860013475	46
0.07927182055301	0.787211872374976	46
0.113187213900716	0.750090515973946	46
-0.108024532646787	0.157115616540444	29
-0.114969884705508	1.45098693271565	21
0.06957598825402	0.592378461048485	21
-0.101567567712036	0.721392804983247	21
-0.102702821994895	0.475987543081694	21
0.012581126103813	0.691398927796432	21
0.095344174495752	0.347983841600368	54
-0.11826475276351	0.212051498876644	54
0.032937570703607	0.389401424577372	21
-0.103848269305132	0.448633191193068	21
-0.103435935025427	0.449291324258045	21
0.021755074515967	0.669821080001782	21
0.018583249870859	0.400604101223566	21
-0.103336690580354	0.449367588540202	30
-0.10817662227909	0.15704642066765	20
0.094229182027783	0.347197144185524	20
0.0179438586819189	0.682021068979244	16
-0.031360317646968	0.518862100512618	16
-0.107365265597214	0.362978133503188	16
-0.087113238899691	1.31845668269893	18
0.018138677922056	0.682385385754267	18
0.065248735197498	0.804302510972238	18
0.0705774504618421	0.362608053315123	8
0.050077129999514	0.376722954323861	8
-0.116575529474059	0.231665063154356	8
-0.119461367151523	0.192157298875416	8
-0.106600815379039	0.405206753646105	8
-0.109818638950708	0.346088100018322	8
0.079642533738467	0.787983756941981	145
-0.026139384012734	0.4907129514237	145
-0.105850535299272	0.135422743432737	2
-0.117756524079752	0.21221177852959	8
0.0323042910552021	0.388588847835347	8
0.019024343811975	0.400995766230683	46
-0.056721012829457	0.677409782819137	46
0.020740407767015	0.668010408698135	46
-0.115076304403936	0.283042401748158	46
0.054548578171055	0.825695662526901	46
0.019064554762712	0.401047496315471	29
-0.046291928380302	0.978661885848956	21
-0.115923077717007	1.11532102203726	21
0.120837987299328	1.26440718817466	21
0.044210499200079	0.624342027205007	21
-0.099681524423894	0.518820105992791	21
-0.037179829478322	0.543760054951397	21
-0.025735672246321	0.491308461302171	54
0.00707712564985896	0.411758830264511	21
-0.113984730641765	0.299002011739038	21
0.00759829247495902	0.412352519850003	21
0.120909313561829	0.552140054780378	21
-0.115482191178774	0.174536673752898	21
-0.10817662227909	0.15704642066765	20
-0.108729712695391	0.156798957460016	20
0.0598720385043841	0.602575717224502	16
0.050166807415939	0.376646627417593	16
0.06992470923534	0.362317672416572	16
-0.029174219871627	1.17192369723981	8
-0.096821878776751	1.11099181327123	18
-0.062990692536422	1.31549860896968	18
0.044828276774597	0.625635093199455	18
-0.115836031855076	0.282463471340844	18
-0.104255149168122	0.435096484615849	8
0.092321416403236	0.571809399372536	8
-0.117964672315743	0.212154568383739	8
-0.113402132402393	0.3139859778665	8
-0.116141217381555	0.266526543857945	2
-0.110724502433668	0.109286979214529	2
-0.118218827550053	0.212071085126265	8
-0.123296396257762	0.813106606519734	8
-0.102695244937453	0.450332468321853	8
-0.115925368174204	0.232296236286305	8
-0.116636931450573	0.26613733008028	8
-0.115022181175521	0.174730842529057	8
-0.000272072730825024	0.425213477158594	46
-0.101794674645008	0.515365155638605	46
0.087259532166383	0.77905031206513	46
-0.000102580600724989	0.425367325058624	46
0.080171412981265	0.581900172457458	11
0.069767628338025	0.362213706599297	29
-0.100091296276104	1.20035592194888	21
-0.026363781280446	0.847190127986191	21
-0.115867608226366	0.266865615032953	21
0.069767628338025	0.362213706599297	54
-0.114433634019328	0.25119096510318	54
-0.028553901812447	0.505297163941104	21
0.092256055255445	0.571985261401741	21
-0.021259918017993	0.47872988532258	21
0.049593369460279	0.37635139231335	20
0.105492980507824	0.561881637367278	20
0.0693325404852641	0.361830188474866	16
-0.106086897683942	0.135306113972711	7
-0.115482191178774	0.174536673752898	16
0.059990985784379	0.602850519149006	16
-0.099739087401645	0.582318204704358	8
-0.05885659741448	0.716012440115809	8
-0.103359307938394	0.422948979083373	8
0.121773954388524	0.553259911168426	8
-0.115155822275823	0.250724298382647	8
-0.112867495500573	0.31454201574163	8
0.069453553663671	0.361928018197525	8
-0.114915104031954	0.250898880811666	8
-0.118218827550053	0.212071085126265	8
0.06939299092269	0.361907468768735	8
-0.00605894391373202	0.438936884000109	2
-0.115257044028507	0.174626933414007	2
-0.105522181679156	0.135546168947089	8
-0.106178962159991	0.135261467918376	8
0.069514228330734	0.361884336241941	8
0.104815654214112	0.560882357092423	8
-0.115914387243777	0.282390342531933	8
-0.10862954208455	0.156848885676898	8
-0.118878432214307	0.192404313929507	8
-0.00714174878220802	0.437867039470441	46
-0.103588240138709	0.46184959822581	46
-0.100030606644888	0.581774290308878	46
-0.016176662822242	0.466220747097464	46
0.06939299092269	0.361907468768735	29
-0.119169878580937	0.192300259287982	29
-0.116132740014047	0.266627872453811	29
-0.114663038209483	0.298421220727097	29
-0.067854786377023	0.816107792271516	21
0.074815633246733	1.859051794884	21
-0.037605260952514	0.921617280182474	21
-0.00717480918493602	0.760474423472381	21
0.09460100164981	0.7683644623341	21
-0.026341369955329	0.490386924372796	21
0.069329526470399	0.592054847356521	54
-0.028189796169498	0.505769664321484	54
0.069550071345579	0.362036768107965	54
-0.108254431890681	0.347706702098058	21
0.050989852772693	0.839354651097029	21
-0.118218827550053	0.212071085126265	21
-0.113219520501847	0.314175863115507	21
-0.115634920398568	0.282669719530436	20
-0.115551279787751	0.232559219900392	20
0.091713344231534	0.571292123645005	20
-0.01601750889126	0.466361204871745	20
0.060714446226005	0.603904660066997	20
-0.011158829025347	0.769108985237068	20
-0.053637401148933	0.669103427368688	16
0.1136890921919	1.10727557762154	16
-0.101694886469853	0.515614962097629	16
-0.042068302963492	0.568013552616761	16
0.031551147239204	0.876692971201256	7
-0.021081499948218	0.812490248132047	8
-0.049392451850881	0.617164230577918	8
-0.069083831181977	0.812826598828058	8
-0.102242031908303	0.775662768461997	8
-0.066952837616403	0.818321561286651	18
0.080049853592656	0.581778554566507	8
-0.114347075257621	0.298704362525035	8
-0.107305574354612	0.377126265597267	8
-0.025616133240164	0.491503125051907	8
0.051547798831547	0.613531960004815	8
-0.114755811000739	0.298304140096356	8
-0.032562740173133	0.517026503169787	8
0.00718941577621401	0.411930019775313	8
0.01854329038173	0.40060581889704	8
-0.116054160228641	0.282224178357702	8
-0.108783743094385	0.36121651911856	8
-0.00677638400342101	0.438287901150405	2
-0.108377077973042	0.156968227868279	2
-0.105850535299272	0.135422743432737	2
-0.111494488293062	0.109097507474847	8
0.051589283619459	1.58954036236767	8
-0.051432804631208	1.05608391761379	8
0.104971529898777	0.561210547157584	8
-0.106421654766886	0.378149084851624	8
0.094229182027783	0.347197144185524	8
-0.036966441677264	0.544077615079477	46
-0.10687728801153	0.391410638138731	11
-0.115716960041113	0.174358326864531	11
-0.116646430148717	0.266158942278597	29
0.069453553663671	0.361928018197525	29
-0.114458692457123	0.298599312587628	29
-0.016899076962265	0.465409190751498	29
-0.11568590966278	2.18650650828601	21
0.017052943790022	1.13854753956877	21
-0.043612118153481	0.581133408411972	21
-0.040133787406301	0.555252073702509	54
-0.014028551334835	0.77953395168417	54
-0.100493134958939	0.857470076351202	54
0.020838712202902	0.668132760548163	54
-0.109041958854294	0.346806661398479	54
0.046130604160567	1.04307394728476	21
0.060473912180862	1.19672242200932	21
-0.108942300284581	0.347077535007662	20
-0.10398580211273	0.422248483150131	30
0.076268493376246	1.16252434044451	16
-0.00611852023655202	0.762467711255647	16
-0.115215337242539	0.232737941823781	7
-0.115396529172443	0.250534317667966	7
-0.021391664433592	0.478622887500279	8
-0.108696512384643	0.361441005735103	8
0.069850471720482	0.592795979011221	8
-0.103493255924019	0.449168712202818	8
-0.000806672709668998	0.42466225128932	8
-0.112698067274367	0.314717554500298	8
0.080049853592656	0.581778554566507	8
-0.119581053836951	0.192101283872113	2
-0.118426921173767	0.211935667199879	2
0.018783838356694	0.400815032024818	8
-0.105732406569017	0.135422900862502	8
-0.113415233909051	0.313972303594229	8
-0.11789451156414	0.212286728997392	8
-0.021422359667448	0.827761116822525	8
-0.048324074791918	1.0398998456715	8
-0.117478397497789	0.212505634530775	8
0.01824192603585	0.400144996461631	46
0.090982284727229	0.570108879743486	8
0.05223282241619	0.614561771038602	29
-0.108942300284581	0.347077535007662	29
-0.101594858418083	0.5284417375823	29
-0.000454621469345995	0.425035910430045	29
0.0583340267175631	1.01542352539339	21
-0.120670998142475	0.9122047028423	21
0.00141765102277802	1.23243000042587	21
-0.067753524851472	2.1714522843257	21
-0.09777509995836	1.03240669187946	21
-0.120835814256074	0.861177758957841	21
-0.062533473944474	1.29368035468032	54
0.050439957054196	1.03520312807707	54
0.114743027498399	1.11008959600083	21
0.018758203218196	0.921040338909293	20
-0.073266528153933	0.97443556677686	16
0.074667195081685	1.68573916633078	16
-0.115221274978681	0.267370113977008	7
0.04872445794346	0.375436988005234	7
-0.042145494685665	0.567743290301624	7
-0.030834937322259	0.519532869089859	8
0.081025886368076	0.582717253774594	8
-0.00327986313996498	0.733228712553219	8
-0.10309007428958	0.436685037546153	8
-0.052300690323886	0.642088771307609	8
0.038140535223135	0.63659833375373	8
-0.017217186850513	0.464996993512938	8
0.07354099536023	0.99042295676862	8
0.031860939082069	0.877580774375771	8
0.086420026610598	0.777331261932678	92
-0.104098409960769	0.435334260930708	8
-0.104234288723632	0.448023569176193	8
0.069285754076567	0.591957976774466	2
-0.114235469103716	0.29873408125528	2
-0.033539263699629	0.532523419448777	2
-0.000454621469345995	0.425035910430045	2
-0.012138701931433	0.451819433414628	8
0.121067170802996	0.552285454442584	8
-0.000624111854516996	0.424861919593189	8
0.046099037298984	1.04300367992541	8
-0.099886323065358	0.531431861306708	8
-0.098863701578596	0.596357258194894	8
-0.028672837209805	0.505230835211428	8
-0.048668145380004	0.633282572625737	46
-0.100598831201555	0.592854570206797	46
-0.108537334061419	0.3616234029673	46
-0.105242665313287	0.407168370040157	29
-0.106109598446041	0.392418262603318	29
0.05404549933151	1.02452737735891	21
0.023105050233402	1.73462227825903	21
-0.096996380249284	0.912993151592521	21
-0.123389417915911	0.792751571795686	54
0.0423508408739111	1.25136511483826	54
-0.101491947684387	0.541280707696518	21
-0.00531114921055698	1.25518950997149	21
-0.024706480971412	0.835702413575976	16
-0.015293019534683	1.05698740779713	16
-0.114725881570895	0.25099090984047	7
-0.11784860700749	0.212306266404081	7
-0.078458390131302	1.06575315944649	8
-0.102752377341476	0.450209496754153	8
-0.035170378860088	0.530206343380212	8
-0.038295632723312	0.919600497545731	8
0.038298848354909	0.636878369874185	8
-0.099319501336461	0.607840466851373	8
-0.10785691569198	0.362352314890187	8
-0.101917542833912	0.6384808642052	8
-0.018448778273258	0.802627749787321	8
0.031520244673267	0.646582373137402	8
-0.040643918318286	0.570258919847994	46
0.0545808073956791	1.58437445205494	46
0.0316324723899341	1.87223704870105	21
-0.099305848056397	0.983012510251286	21
-0.099048422928719	0.950986710771192	21
-0.034412685357611	0.886695365779461	21
-0.097253529328676	0.956643742424169	21
-0.010102579655974	1.02703072466942	54
0.043370406675921	1.23636369345363	21
-0.101085679418194	0.811789670018076	21
0.0547002066233681	0.826077282390294	21
-0.046485402791353	1.01831688846143	63
-0.098241103141679	1.00899032307671	16
-0.099607306305164	0.691384183012894	8
-0.018210492956843	0.803073589955636	8
0.00885122079502598	0.948828130035891	8
-0.04895150362316	0.618010938035648	8
-0.104351478546726	0.408266745991295	8
-0.041853999158967	0.568356410306109	8
-0.114663038209483	0.298421220727097	2
-0.105577868662425	0.432957077886193	8
0.03228050448632	0.388732470553595	8
-0.110757100501827	0.330932381742407	8
0.096737931129789	0.954146994577524	8
0.0221656940023	0.670429209231781	8
-0.044191379149539	0.972023558152845	8
-0.100592915257293	0.504663179646885	8
-0.102582361281002	0.488806017239201	8
0.114970282020165	1.11063273620968	46
-0.099580459931607	0.518804573115019	46
-0.067999262604395	0.789487722831991	46
-0.051218255812499	1.05682908082755	46
0.004168126649162	1.84769124584253	21
-0.005996882579892	1.26858559277704	54
-0.00495275792563199	1.25675946114916	54
-0.023875170668169	0.837386495252282	21
0.085535169752601	1.14605753085083	21
0.00567539230118097	0.957470146846465	30
0.102712615561531	1.6156276372563	30
-0.117145894294587	1.19363803444553	30
-0.038933343871928	0.932105802666905	16
0.030084461038579	1.29733443176216	16
0.079883603271509	0.581508081693274	7
-0.025955427286556	0.847930222256037	8
-0.069157292229945	0.812379797463761	8
0.031293423267155	0.646124135526969	8
0.106508941747872	1.1116417324224	8
-0.099997586279048	0.54400789458087	8
-0.048207244557542	0.619331051972841	8
-0.114531068961553	0.251161224375534	8
0.07246693054145	0.987705484231464	8
0.018184681274374	1.58527386451136	8
0.000723248836932977	0.977654112697703	8
-0.101663978687398	0.52832830439589	8
0.114701561117479	0.75307792319917	8
-0.106674902259347	0.391683975673648	46
-0.050523440162027	0.630313894795093	46
-0.051198051761671	0.629029484604463	46
0.055387318399749	1.02832715864707	46
-0.066315538582168	0.793884811054507	46
-0.105750933233089	0.392717035506672	46
-0.036383247892148	0.544897093399036	29
-0.016359530756738	0.806939136115041	29
0.027796929968733	0.887097511877514	29
-0.103035599917612	1.50905066203684	21
-0.055650514363641	1.13386794965733	21
-0.07752384080969	1.09302329037092	21
-0.123746436722824	0.791735027677435	21
-0.00207446547675599	1.23570372705806	21
-0.105292455706964	0.407107759025893	21
-0.00662027083922701	0.438453577682456	21
-0.061754827600276	0.737452050343041	54
-0.106218732146676	0.378362642012313	54
-0.040406088887948	0.55476024348965	54
-0.103275648756093	0.462365640433761	21
-0.101864170903526	0.477301543201611	21
0.020038684792946	0.666437828477601	30
-0.073028882111023	0.962845704284866	63
0.0175409003213181	0.399510318833348	7
-0.025657292717546	0.491410772219199	7
-0.105430502322049	0.135511860859858	7
0.013452422462522	0.925417320423722	7
0.103510721124401	0.945446601825287	8
-0.000258926123714975	0.425192869920128	8
-0.105500683534793	0.406821897832731	8
-0.012138701931433	0.451819433414628	8
-0.017260353332321	0.464946236197083	92
-0.116254868481557	0.282112923562482	8
-0.114551438403952	0.298511433361762	8
0.060393856013007	0.603423722362706	8
-0.102475990310707	0.46358570695728	8
-0.027819754055213	0.506286417433782	8
-0.10716289628591	0.363170734721495	2
0.070238958251112	0.362436423716567	108
-0.10827682111237	0.157018219232949	108
-0.111299576987292	0.109160200857588	108
-0.118635004994345	0.211784211967323	2
-0.116014733787822	0.282332807211575	8
0.050166807415939	0.376646627417593	8
0.024310952741036	0.897693817321406	8
0.0685438449274151	0.999791533340185	8
-0.103588240138709	0.46184959822581	46
0.00916682255200296	0.703501401645847	46
-0.011857178241467	0.784316956695546	46
0.102623872656528	1.1254279078531	46
0.06087505539049	0.604112354821583	29
-0.116167030206689	1.9689015653785	21
-0.066279982936527	1.32418222384495	21
0.00991132266224703	0.704712276152074	21
-0.102675527115252	0.437191110694957	21
-0.00608560586627799	0.438985196621936	54
0.079896239387211	0.78845751315566	21
-0.050305333962865	0.630688577204735	30
0.049253007845013	0.37598319373837	63
-0.104900979543291	0.393801862246224	30
-0.111172839857222	0.109222251636938	7
-0.075471256148327	1.07696440492846	8
-0.018589462398948	0.802260138142408	8
-0.100218697923164	0.543625515007782	8
0.0700531753684101	0.593072196030855	7
-0.105990111626018	0.392586747540094	8
-0.012196472573469	0.766554389855537	8
-0.115012513404877	0.25082925720697	108
0.04983524436873	0.376551576271716	2
-0.115177193460183	0.232790139609475	8
0.00466558618789503	0.7132726995799	8
0.06939299092269	0.361907468768735	8
0.120955977803026	0.552291850126861	8
-0.114774952262296	0.283292238259544	8
0.00124732056167398	0.724719591435376	46
0.070009600312998	0.592981303428761	11
-0.059272245844647	0.714994497269193	29
-0.055766326180485	0.679617299449561	21
-0.056962093981014	0.691548892895321	21
-0.052778839078896	0.656147350133586	21
-0.051405439595753	0.643761682898398	21
-0.101145785324226	0.756609874049943	21
-0.105139150135448	0.420669097116181	63
-0.118264953715528	0.960317057264892	63
-0.101383706333929	0.710268396815349	16
-0.054431379525035	0.667709475967271	16
0.091654027871346	0.965929249486014	16
-0.017886343271482	0.80393907920224	7
0.070045825421381	0.362342465833943	7
0.069864319437971	0.362217544410741	7
-0.065839789239579	0.781778416053783	8
0.121160486239322	0.552582104448647	8
0.021013559207942	0.66850805799629	8
-0.045183867733663	0.594002509527254	8
0.105060608791073	0.762374510440689	8
-0.113780382347799	0.299163916863817	8
0.051589659155362	0.613610335815329	8
0.0521553322864921	0.61450607520275	8
-0.050225727835801	0.630926559329186	8
-0.11768645941943	0.21240605852907	108
-0.118148331222408	0.212083566222231	108
0.094957295836148	0.347788724731637	8
-0.118380939892904	0.211935628180678	8
0.079627535397917	0.581048810113833	8
-0.110362323242546	0.345392412723367	8
0.049736722294345	0.376466152873021	8
-0.011972288874207	0.452007696104731	8
-0.038865716897674	0.55725535427569	46
0.060335972669054	1.19629155474353	46
-0.061033219011683	0.72506320734184	46
0.056051203010889	0.828840669221462	46
-0.000832513920317024	0.424525823861741	29
-0.041599514704122	0.568821310273066	29
-0.095947644275245	2.12389308577527	21
-0.116280416111061	1.78037472245011	21
-0.103749007604997	0.448828463280262	21
-0.105948771213577	0.39263244873638	21
-0.109984984280709	0.345868790179505	21
-0.101118432442395	0.516632492497677	54
-0.046842898692963	0.606476641517741	54
-0.109674456468738	0.346250187604095	54
0.10410391436183	0.946796990896422	54
-0.100392128797537	0.642103937531452	21
0.036060798591073	0.867749855917201	21
-0.061894131396561	0.750857853237608	21
-0.108045182355135	0.362221523991292	30
-0.119872525190332	0.191939501341434	63
-0.055840955202377	1.5119959034429	30
-0.050709729012527	1.08509656753152	63
-0.100144447947607	0.606193669446894	16
-0.112880633853045	0.31454185152553	16
-0.041228846153416	0.569402468853771	16
-0.101358455939868	0.755873192046139	7
-0.049020213084068	0.617870177204379	8
-0.036966441677264	0.544077615079477	8
0.094426232068895	0.347404217335644	108
-0.10817662227909	0.15704642066765	108
-0.110978053917626	0.109223658439003	108
-0.116254868481557	0.282112923562482	8
0.119860946085527	1.26126476468797	8
-0.104984963980371	0.407445586846571	8
-0.115867608226366	0.266865615032953	8
-0.11448516828816	0.25116549860861	8
0.094714610145977	0.347625297173765	8
0.032421672899551	0.388933627124438	8
-0.047638023502915	0.605036689063412	46
0.07081999058723	0.593914552168348	46
-0.115183333848117	0.297885176018821	29
-0.114300708821148	0.298748109983305	29
0.018041361141329	0.682254103400744	29
-0.00282171996451802	0.984011353305311	21
-0.124122054357772	0.770556625913404	21
-0.101841208153003	0.490063314523997	21
-0.104218494441027	0.448032033142417	21
0.110268526483825	0.935627436556472	21
-0.043923363179586	0.580613756650302	21
-0.101146779741097	0.503784906490525	63
-0.114913786260103	0.298169823663592	30
0.069550071345579	0.362036768107965	63
-0.118056684780534	0.212186929048949	63
-0.115538742015238	1.01025058782387	30
-0.010536010206895	1.02553662652211	30
-0.119333710409322	0.916837260374101	63
-0.073626787736515	0.9366443458322	16
0.00807343101721003	0.412780935274248	16
-0.111299576987292	0.109160200857588	7
-0.06958652825109	0.824293930365762	7
-0.109341506108245	0.346587375235693	7
-0.1004242972369	1.24866698025595	8
-0.112880633853045	0.31454185152553	8
-0.10492990209764	0.420974260766875	8
0.085932306066448	0.776161610699828	8
0.050077129999514	0.376722954323861	8
-0.033748832243877	0.532232820604427	8
-0.045864583163592	0.592789569661832	8
0.0218240800834379	1.11950383120537	8
-0.108377077973042	0.156968227868279	8
0.032421672899551	0.388933627124438	8
-0.026599954267165	0.846596294252426	8
-0.028511858772168	0.505428259215911	8
0.026736075377974	0.65847826234335	8
0.01854329038173	0.40060581889704	8
-0.031986505136906	0.517950330553843	46
-0.064226145943823	0.77243885122328	46
-0.105627010225347	0.393020213454612	29
-0.114300708821148	0.298748109983305	29
-0.102856128389758	1.48328210829524	21
-0.104382929549877	1.82313856114654	21
-0.057678855718527	0.704344676638767	21
-0.090622385058306	1.73900905409838	21
-0.102244677002231	0.775583746637563	21
-0.037023211847502	0.543999447139054	21
-0.037379530466594	0.543250970814987	21
-0.11094511279134	0.330733286868421	54
-0.104588758064044	0.447401996755682	54
0.00848229560844005	0.413103496323734	54
-0.00660703038489802	0.438480407741548	54
-0.114969083935516	0.250798950407957	54
-0.115743316400532	0.266966405570818	54
-0.011972288874207	0.452007696104731	54
-0.028106000174825	0.505995727873515	54
-0.099608424075915	0.594970335439417	54
0.037677498978457	1.4634162811193	21
-0.020531648112812	1.1141434631186	21
-0.016335785625916	0.466060708225345	21
-0.104681362005971	0.43445269024932	21
-0.015006228116766	1.32514778952602	30
0.0330795517210331	1.08197391257104	63
0.012028012139201	0.939505577413864	63
-0.012356001090456	0.783254068671999	63
-0.110851264553032	0.109285725974399	7
-0.101619289818707	0.464697614507662	8
-0.102116260924173	0.489638762362107	8
0.050220480324106	0.376837736474223	8
-0.067057998403921	0.805143311171253	8
0.092235793905214	1.14289707885334	8
-0.020985468658905	0.479142466934061	2
-0.11543221159134	0.232626940896653	8
-0.115274979290486	0.232741223930052	8
-0.105403993065958	0.135546314972945	2
-0.115560351170185	0.174502157155665	8
-0.101996626731837	0.489785648375014	46
0.0311583584005271	1.50777981033701	46
-0.063170341490159	0.761470190899508	46
0.00904874028651204	0.949368000760621	46
-0.017413988851357	1.08016552142445	46
0.078222532072303	1.32846846161022	46
-0.099609962798339	0.506134583941047	46
-0.112671567194591	0.314656425241582	29
-0.106297066015442	0.135223212569187	29
0.094668890383581	0.347567590449169	29
-0.116001433196856	1.36944105821549	21
-0.030435764354547	1.19627554275592	21
0.009892637795196	0.704658940717493	21
0.03268875187997	0.879543899324549	21
-0.10979634254943	0.346085930274572	21
0.049109652339505	0.375868490463157	54
0.018924209983413	0.40094228505603	54
0.04993378412155	0.376583821001256	54
0.00666824655401899	0.411291247522909	54
-0.037977028161217	0.542449250262626	54
-0.051198051761671	0.629029484604463	54
-0.107772563400596	0.15713875802259	63
0.03254661418515	0.38905604434496	63
-0.100030606644888	0.581774290308878	63
0.092111437295917	0.571761537443385	63
-0.105640405182266	0.135507846198324	7
0.049064810466017	0.375819141785793	7
-0.114867393363628	0.29822835011085	7
0.028603583303231	0.889197170905617	8
-0.073303707821186	0.888731064992525	8
-0.110048157319858	0.331592288872075	8
-0.043026384408597	0.58208194394473	8
0.038304464338647	0.636785422901273	8
0.049978595927915	0.376666352239561	8
-0.021391664433592	0.478622887500279	8
0.094282038563499	0.347245784994555	8
-0.016421678864493	0.465888274520053	8
0.0380896348547261	0.63656510605253	46
-0.120216620688946	0.191657779619184	29
-0.017058147449286	0.465212345192957	29
0.00707712564985896	0.411758830264511	29
-0.11768645941943	0.21240605852907	29
0.017456140034979	0.681371014804997	21
-0.117478397497789	0.212505634530775	21
0.031647655604282	0.388022368755338	54
-0.118543021829466	0.211758049603512	54
-0.118056684780534	0.212186929048949	54
-0.115115385471601	0.283078298106881	54
-0.116389574494897	0.266401171944054	54
-0.061015777005009	0.739136638699275	54
-0.105667736731553	0.406434332779365	54
-0.03648339295501	0.544661108998131	21
0.054323199446949	1.02544673610393	21
0.114854447514466	1.59798243299028	21
0.032937570703607	0.389401424577372	30
0.013071913227468	0.69224532226661	63
-0.012138701931433	0.451819433414628	63
-0.107466002688815	0.376913370739895	63
0.080598317222719	0.789734784455644	63
-0.116389574494897	0.266401171944054	7
-0.099468711629808	0.544756388753302	8
0.120435762838603	0.55153945418196	7
-0.03156896222193	0.518576189607157	8
-0.111172839857222	0.109222251636938	8
-0.035653521277181	0.898032692307267	8
-0.108537334061419	0.3616234029673	8
-0.021506877415862	0.478482292691844	8
-0.11543221159134	0.232626940896653	8
-0.10817662227909	0.15704642066765	8
-0.000989212264948025	0.424441129112136	46
-0.103628093475771	0.43596841989984	46
0.079649921460368	0.581168839961529	46
0.00586729431704403	1.18343334734163	46
-0.116020279876829	0.174250950865497	11
0.00718941577621401	0.411930019775313	29
-0.028106000174825	0.505995727873515	29
0.070212299391023	0.593257537489579	29
0.091380558278366	0.57081590344877	29
-0.04140368751338	0.568940233745481	21
0.105675653249876	0.562079387686141	21
0.04993378412155	0.376583821001256	54
0.049736722294345	0.376466152873021	133
-0.00134128605543499	0.424003903953655	54
-0.115274979290486	0.232741223930052	54
-0.021506877415862	0.478482292691844	21
0.00662214743177703	0.411230117303475	21
-0.118056684780534	0.212186929048949	63
-0.118218827550053	0.212071085126265	63
0.06992470923534	0.362317672416572	63
0.121411608266629	0.55286730513946	30
0.000944097461013982	1.85873222934279	30
-0.064681660657548	0.757803073574076	63
-0.115875054292987	0.282464509813154	63
-0.115925368174204	0.232296236286305	63
0.031876940595846	0.647199647290888	63
-0.111494488293062	0.109097507474847	23
0.018062066970801	0.400114120214106	7
0.11445348796088	1.10932499122991	8
-0.100594249634898	0.517522650090725	8
-0.049630340233155	0.631975038194598	8
-0.055324486234108	0.665793839718902	8
-0.025171659136802	0.492080193376087	7
0.0943277316736349	0.3473329439691	8
-0.105392215520803	0.406905915832149	8
-0.000480434812076991	0.42490177264092	8
0.032296616867173	0.38876265822939	8
-0.108377077973042	0.156968227868279	2
-0.105968699032069	0.135384449132734	8
-0.106178962159991	0.135261467918376	8
0.06939299092269	0.361907468768735	8
-0.106297066015442	0.135223212569187	8
-0.100143155290955	1.14937980890204	8
-0.071364286470741	0.88209341864039	8
-0.035648593348334	0.912227797802664	8
-0.115875926814971	0.266839682201386	8
-0.115215337242539	0.232737941823781	46
0.084691537103072	0.973028127094707	46
0.00766453180109605	0.412358305620136	29
-0.110757100501827	0.330932381742407	29
-0.100526650736724	0.724079400055937	21
0.068337214538561	0.999270769240481	21
0.054837804287585	0.826192493755961	21
0.080049853592656	0.581778554566507	21
-0.106740641103602	0.377794374234029	21
-0.032144862917672	0.517723371113436	133
0.095055747582624	0.347818338968019	54
-0.00695907528954498	0.438087849727485	54
0.085678487358647	0.775567211183781	21
-0.059736355875637	0.713883433633586	21
-0.115637224592164	0.250328945781915	63
-0.120403307349389	0.191598033881522	63
0.094957295836148	0.347788724731637	63
-0.119940378341638	0.191808081685015	63
0.059682724514156	1.01916169823378	63
0.042071847295884	1.0511380182343	63
-0.105312184461686	0.135590291209972	23
-0.105640405182266	0.135507846198324	23
0.032554634017505	0.389034913337553	7
0.0655908658821081	1.8889864601977	8
0.094911529690464	0.34769384971923	8
-0.114867393363628	0.29822835011085	8
-0.116394533718647	0.281965485651847	8
-0.006972332184294	0.438059547024799	8
0.018583249870859	0.400604101223566	8
0.118538476738354	0.928648061232073	8
0.049978595927915	0.376666352239561	8
-0.119872525190332	0.191939501341434	8
-0.105193901295549	0.135628631431508	8
-0.115117718137672	0.232840038278335	8
0.011964605935419	0.939580457311384	8
0.105114594492393	0.561290154105236	8
0.103959016343749	0.760178523528074	8
-0.115560351170185	0.174502157155665	46
0.0941835548125231	0.347208554563495	46
0.094957295836148	0.347788724731637	46
0.00908145285023898	0.703356789837826	46
-0.026331833204938	0.847239410580395	29
0.044519725154226	0.6251376270501	29
0.049691897257322	0.376412458357532	29
-0.116082684611876	0.232181956917002	29
-0.115786183493449	0.174354437419922	29
-0.115526948778621	0.29745195730394	29
0.049494859555772	0.376239065705743	29
0.0960173125299501	1.46804535698325	21
-0.097840497641096	0.97740123983603	21
0.010686680008222	0.936000455660182	21
0.0260113936355461	0.657561150376376	133
-0.00695907528954498	0.438087849727485	54
-0.039664647595349	0.556014691582338	54
0.035787098626664	0.866821424595476	21
-0.102546827042174	0.476252227943928	63
-0.001849741466389	0.423283915234171	63
-0.109108702535273	0.346901943104243	63
-0.025253601718066	0.492006696066932	63
-0.064193869109915	0.772503194417676	63
-0.10097433033331	0.542111717701594	7
0.00914847572315902	0.703429881896379	8
-0.098841535564301	0.995813810882779	8
-0.115972060285814	1.1620883622235	8
0.103208154648179	0.944717498342211	8
0.022950303861729	1.10523118171577	8
-0.029079048750723	0.504590701121574	8
0.045036464706132	0.625921237956759	7
-0.108045182355135	0.362221523991292	7
-0.104771492568274	0.421200288629782	8
-0.046821584891036	0.590948205417855	8
0.055899533051464	0.828580506959984	8
-0.115274979290486	0.232741223930052	8
0.094570422603698	0.347528657313905	8
-0.027372373545654	0.844519474540417	8
-0.029126933380693	0.855253554930538	8
0.118927632116159	0.92925331302619	8
-0.017058147449286	0.465212345192957	8
-0.115864118989996	0.174338917171374	8
-0.119581053836951	0.192101283872113	8
-0.039705456777941	0.555947316967962	46
-0.011304449595212	0.768773343616265	46
0.044986528646111	0.625897696580441	29
0.092212766267914	0.5718193083924	29
-0.106086897683942	0.135306113972711	9
0.079861115231626	0.581520497443028	29
-0.00130172166106501	0.423947457040363	29
-0.057292014801687	1.16642832507913	21
-0.031201924199374	0.519072499227641	21
0.026809589223959	0.658936114479868	21
-0.115442425892454	0.250466350687236	54
0.060863528539286	0.817438999610101	54
-0.045468263239809	0.593170357738314	21
-0.105222869558713	0.393468992531671	21
-0.116522142520025	0.266256755081183	63
-0.116324060092515	0.174087909739587	63
-0.11831058632253	0.211999811371672	63
-0.032037019305579	0.517821056601111	63
0.062914208616527	1.0065613567837	7
-0.044479467583464	0.971039716269497	23
-0.109585370677581	0.346240918786177	7
0.012098742731058	0.939905574804178	8
-0.007284239624191	0.437585784140671	8
-0.035332865911218	0.529698548390821	7
0.121160486239322	0.552582104448647	8
-0.104624927730027	0.434529679774525	8
0.102684640551862	0.943346840154265	8
0.044936532936462	0.625828748327225	8
-0.025578897899079	0.491276490504074	8
-0.111621173063971	0.109035539644979	2
-0.106086897683942	0.135306113972711	2
0.121160486239322	0.552582104448647	8
-0.114393455537946	0.298630925833934	8
-0.021419005353415	0.478478067597283	8
0.060580206380085	1.38404522411334	46
-0.04917194103213	0.61759525200146	46
-0.101009086971019	0.567365275007913	29
-0.016899076962265	0.465409190751498	9
-0.114884862823732	1.25032452626707	21
-0.098808827583219	1.02833488818	21
-0.109108702535273	0.346901943104243	21
0.069225045016118	1.0015519219163	21
-0.031460884486622	0.518675847519208	54
-0.103649805009444	0.448956788978864	54
0.027179847085647	0.659511782730042	63
-0.075466642988102	1.0649691132137	63
-0.099628329026324	0.992730074454638	63
-0.032037019305579	0.517821056601111	7
0.120798123532665	0.552092013291304	7
-0.108797909693987	0.347183034279863	23
-0.016696943454286	0.465655787009289	8
0.02348195586505	1.90701241245186	8
-0.02248659125245	0.825215975716304	8
-0.043552697605867	0.581245220629773	8
-0.114803109198585	0.232983184546713	8
-0.115649061002075	0.232494789498917	8
-0.105732406569017	0.135422900862502	8
-0.115076304403936	0.283042401748158	8
-0.079815260147964	1.16550757089683	8
-0.061986533562275	0.7367082960593	8
-0.012493470890353	0.451384439494561	8
0.049593369460279	0.37635139231335	46
-0.116381429772706	0.266396389495809	46
0.018783838356694	0.400815032024818	46
-0.036866577855355	0.544222727995019	29
-0.107014909661631	0.3773729402594	29
-0.115274979290486	0.232741223930052	29
0.07149992077483	0.594468399751718	29
-0.10785691569198	0.362352314890187	9
-0.108696512384643	0.361441005735103	9
0.104906124919998	0.762009502105521	9
-0.061930655955872	1.18421086253198	21
-0.053587547081382	1.12844707255187	21
-0.063581119370154	0.746839255755771	54
0.079642533738467	0.787983756941981	54
-0.037436230844835	0.543259932197834	54
0.056242267633333	0.828789312131986	21
0.00228145872667496	0.726696549837809	21
-0.100902106518226	0.554979410679805	21
-0.040776867319487	0.55408401797216	63
-0.100721751570158	0.653334740843013	63
-0.116246155858801	0.174122278287642	7
0.06939299092269	0.361907468768735	23
-0.11789451156414	0.212286728997392	23
0.069489678639481	0.361934169115967	23
-0.115058132884772	0.23285220442743	23
-0.101590210455756	0.490480456366817	8
-0.063068532759047	0.761729768682666	8
-0.10088673700639	1.15628099630561	8
-0.034762901432897	0.900283346562094	8
0.0263818230346931	0.658220937106994	8
-0.10716289628591	0.363170734721495	7
-0.101928331313628	0.502485441021265	7
0.079694845886364	0.581250066477846	7
-0.103548266923323	0.461885307738559	7
-0.054530567864181	0.667460393383816	8
-0.045399491026582	0.593633803689591	8
0.069985211355685	0.362360936504864	8
0.01854329038173	0.40060581889704	8
-0.00660703038489802	0.438480407741548	8
-0.119461367151523	0.192157298875416	8
0.037880336840984	0.636228860411135	8
-0.06142132363048	0.751875930768686	8
-0.099666048125326	0.531765650454439	8
-0.03543184582202	0.529709695737204	8
-0.115155822275823	0.250724298382647	46
-0.108450285927905	0.36176082807039	8
-0.107972778212956	0.362308512744206	8
0.015438742992966	0.930480838250598	8
-0.101114307966605	0.604088067392666	46
0.095298381499331	0.347868072905271	29
-0.106192401290068	0.392326729633301	29
-0.017144435145328	0.465035885236952	29
-0.026382774627325	0.490291132594282	21
-0.099110043171293	1.05943673374262	21
0.101832225664348	1.12347705013999	21
0.039246067750743	1.86252340531872	21
0.104091387562183	0.946648279064254	21
-0.005734936364171	0.746084688053566	21
-0.040388612408647	0.554694253985455	133
0.105479905969051	0.762965483169979	54
0.104589366187511	0.761538246181494	21
-0.104194801825941	0.421983722942583	21
-0.109419114206359	0.346478031974554	63
0.03088045317185	0.645420739868941	63
-0.038766892431562	0.557329224494831	63
-0.101492680167734	0.675112845468049	63
-0.105968699032069	0.135384449132734	7
-0.11507175793729	0.298021129921583	23
-0.021710017728967	0.478212955533669	8
-0.103900767217454	0.461277074556162	8
0.01854329038173	0.40060581889704	7
-0.00643764254364398	0.438653607955224	7
-0.00748047933474899	0.437421772486389	7
0.032554634017505	0.389034913337553	8
0.00807343101721003	0.412780935274248	8
-0.00764979330942101	0.437165060812493	8
-0.120283650808524	0.191689040885248	8
-0.116830865964671	0.231517222421489	8
-0.118010724173286	0.212190421712846	8
-0.03749301565371	0.543232210906273	8
-0.101040648723383	0.491260214717467	8
0.060439673638554	0.816614926953095	8
0.05279861228389	0.615371248514404	8
-0.116874846120296	0.281480651746214	8
0.00691876493036903	0.411522386051748	8
0.017981702173606	0.399845738819577	8
0.00698496447034902	0.411684749339755	46
0.018783838356694	0.400815032024818	46
-0.116257029785139	0.266527749726688	46
-0.115708597034501	0.232460380266868	46
-0.017346766546214	0.464729901108493	8
-0.108421655442015	0.361667101838031	46
0.02756461565309	0.65972954026818	11
-0.115253218609301	0.25063925597187	29
-0.115387690477691	0.297678081638205	29
0.0919015075790231	0.571552437637395	29
-0.115743316400532	0.266966405570818	9
0.060110814045697	0.603008389896887	9
0.032937570703607	0.389401424577372	9
0.018583249870859	0.400604101223566	9
-0.111565441387087	1.48674468398694	21
0.036493483388806	1.2671393951787	21
0.086205293502653	1.14818520308916	21
-0.063285426611277	0.774500486432066	21
-0.039142128008336	0.931320946876514	21
0.0677429067976471	1.17867370413041	54
-0.027063753170088	1.16519826083338	54
-0.099531621945624	0.737830473512453	54
-0.100676064219388	0.653425157951858	54
-0.070545505632833	0.847278412935032	21
-0.017281167228094	0.805315278634782	21
-0.025323229664522	0.849515757999607	30
-0.102638197234487	0.450428399248256	63
-0.043911465249881	1.33343908114375	63
0.0627536660138151	1.37315001190418	7
0.104957680997422	0.762182984523259	7
-0.100031085615547	0.654839155652369	8
0.118910859907982	0.929463768608405	96
0.11387435081396	1.10751753334404	7
-0.101542887759954	0.515862800955175	7
-0.005432256394652	0.746778232721216	7
-0.100023917992755	0.531206771952568	7
0.008574692854593	0.702412701157459	8
-0.101204023408133	0.554449551503639	8
0.114340648954303	0.752564259923536	8
-0.103170815533825	0.475109183638377	8
-0.060969970186174	0.739131387291701	8
-0.03722295539278	0.543559241188842	8
-0.007676487863718	0.437150010605598	2
-0.115362364694086	0.267214318499683	8
0.049880079569962	0.376556524469907	8
0.018503014739763	0.400492999713737	8
0.069018351469029	0.361544579853778	8
-0.115299126440574	0.250603917514679	8
-0.025533946177575	0.4915784274496	8
-0.056157390304219	0.67876821822052	8
0.108064565034451	1.44639429092967	8
-0.047487609795922	1.00202484182837	8
0.116131664433258	1.2736725011243	8
0.061015747698843	0.817784072927192	8
0.019930585737314	0.905458596750815	8
0.022110676789809	1.12040266232765	8
-0.072037446624255	0.855463648918184	46
-0.105450806486006	0.406896001357638	29
-0.00677638400342101	0.438287901150405	29
0.037936568882296	0.636205978902732	29
-0.115790473578229	1.11589969076886	21
-0.056141189624078	1.53409654911235	21
-0.115331858678094	1.46453108555381	21
-0.099053979633352	1.11251983926799	21
-0.061108184742657	0.738924843833712	54
-0.071948250843169	0.880555497801015	54
-0.119955921069777	0.904751204527214	21
-0.032607339172933	0.86122595568789	21
-0.101360564777244	0.627817978280515	21
-0.041657739384081	0.568699301877238	63
-0.00692244078582599	1.28071109454896	7
0.068643709985314	0.361111196997725	23
-0.105522181679156	0.135546168947089	23
0.105377326423616	0.762893756417221	23
-0.113245708342356	0.31414781098361	23
-0.105640405182266	0.135507846198324	23
-0.107924189653872	0.157165661368801	23
0.037936568882296	0.636205978902732	8
-0.098476914569635	0.808364464117559	96
0.0251718187018341	0.655867201369552	96
-0.060260599705277	0.712444850593344	96
0.000280501934118993	0.976386987970978	96
-0.110029524912976	0.345815275672328	7
-0.002307081491907	0.735444174813995	8
0.092067928749303	0.571753176695689	8
-0.11543221159134	0.232626940896653	8
-0.017058147449286	0.465212345192957	8
0.105140911230235	0.561445082776503	8
-0.021419005353415	0.478478067597283	8
0.105154248050029	0.561438733575467	8
0.018162384573891	0.400222740025432	8
-0.00200519408585498	0.736127026600309	8
-0.099936325515038	0.556855345052364	8
0.113172314242931	1.10579038968724	8
-0.041853999158967	0.568356410306109	8
-0.100367370575751	0.543343953778162	8
-0.103385388175983	0.474764539819615	8
0.096655713425006	0.954056329145909	29
-0.03749301565371	0.543232210906273	29
-0.028469861708799	0.505523702192543	9
0.113196497108298	1.91531724675355	21
-0.021873448903502	1.10983363079823	54
0.0158992230974631	1.13455847030028	54
0.042747262532851	1.05301162393041	54
-0.034976118919428	0.89992961825253	21
-0.070398862426042	0.847508801445949	21
-0.060427860375716	0.72656955098113	21
0.090611489711098	0.963796718980412	21
0.085731891121736	1.14671417785029	30
-0.051499321143971	0.628410586008076	63
0.067552617699845	0.996738537831832	30
0.054054507934689	1.9378350691263	63
-0.099391444892788	0.849992064410036	7
-0.071123610414421	0.845389291080491	7
0.080149127976231	0.581761772252462	23
-0.110851264553032	0.109285725974399	8
-0.052140956126756	1.0937257378161	8
0.087960527843253	0.780323475960701	7
-0.056943119114666	0.691594438326696	8
-0.03898108847611	0.556989581594346	8
-0.046053102562268	0.592421077738382	8
0.08234693134695	1.15889140325173	8
-0.100189599673964	0.593786343242509	8
-0.100966330542701	0.516905809627965	8
-0.017621675939618	0.464445371521406	8
-0.10025036937959	0.724743434644168	8
0.013958495236714	0.926676331056101	8
0.000983466618081019	1.47933116446582	8
0.018527816892861	0.920338484751214	8
-0.032915566887386	0.875855533710386	8
-0.104036329981205	0.422183393549584	8
-0.037066363933521	0.543848999744984	8
-0.063645274996223	0.746620895714369	46
0.044411646953867	0.624990721234628	9
-0.100373717980746	0.50495475456218	9
0.031361777574454	0.876309590990001	9
-0.107929401972072	0.36237712946781	9
-0.121836445798195	0.878174320828539	21
-0.088951974745057	1.50265334288223	21
-0.00687491378187799	1.02082831950979	21
-0.052597246603157	0.641509206714967	133
0.087647921821157	0.779690414023512	54
-0.103459642271338	0.436200292014915	54
0.121507168846309	1.26613715799012	54
0.121140429623095	1.42371240955674	21
-0.017177414562876	1.06587671881354	21
-0.00520906258428699	1.27157452313208	21
0.0521553322864921	0.61450607520275	21
-0.103935334408789	0.42228563120491	21
-0.119752897809349	0.191995480003362	30
-0.012327070150769	0.451591481931451	30
-0.116774320193434	0.281565128659838	63
-0.052597246603157	0.641509206714967	8
-0.118056684780534	0.212186929048949	8
-0.115925368174204	0.232296236286305	8
-0.050142545400546	1.0874693438991	7
-0.101145734263022	0.710991065836132	96
-0.108398865515125	0.347601310062049	96
0.038666321646763	0.637426996180787	8
-0.012138701931433	0.451819433414628	8
-0.115155822275823	0.250724298382647	8
-0.116324060092515	0.174087909739587	8
-0.10827682111237	0.157018219232949	8
-0.110901982731946	0.330754944858643	8
-0.117640519494627	0.212405860095182	8
-0.10227162622259	0.489374442824725	8
0.039357455249496	0.854950350103099	8
-0.110051718757018	0.345743503908352	8
-0.11505840654744	0.250778475101884	8
-0.115864118989996	0.174338917171374	8
0.086946986773075	0.778463465463834	8
0.00215695272025995	0.964675951793772	8
0.050837233893586	0.83899944237211	11
-0.106899880623516	0.377596840903342	11
0.00759829247495902	0.412352519850003	29
-0.102644268920435	0.476041483964195	9
-0.100753319559913	0.491645887797979	9
-0.045833464097819	0.59284409000498	9
0.013167258442177	0.692434233866482	21
0.050121951927356	0.376756724942771	133
-0.101925793470111	0.489828225196221	133
-0.115396529172443	0.250534317667966	54
-0.031526455919809	0.518286138911282	54
-0.105222869558713	0.393468992531671	54
0.051708574998502	0.613780326197022	54
0.00468025939281003	0.713081589572244	21
0.059588289099418	0.602178380763166	21
-0.114616672434983	0.298435724097971	21
0.0174404832295419	0.399371826353348	63
-0.12320433265958	0.853252692850798	7
-0.065641588669117	0.782324800201498	63
0.049880079569962	0.376556524469907	7
-0.10827682111237	0.157018219232949	8
0.06992470923534	0.362317672416572	8
-0.024487963553977	0.492956073079761	8
0.104640973882976	0.761663942405008	8
0.102071243572823	1.27589812068293	96
-0.115708597034501	0.232460380266868	7
-0.107610980063463	0.362700845845841	8
0.061437673863747	0.604763301099539	8
-0.118218827550053	0.212071085126265	8
-0.034909232216843	0.530615938943349	8
0.026282856602895	0.658028903916192	7
-0.100768152633619	0.529959580011728	8
0.03254661418515	0.38905604434496	8
-0.108377077973042	0.156968227868279	2
0.049450021075244	0.376212304083995	8
-0.000637148880374028	0.424836251113862	8
0.11787797652688	0.926989995575895	8
0.00124732056167398	0.724719591435376	8
0.035459351307412	0.866278965060954	8
-0.118148331222408	0.212083566222231	8
-0.115674376294285	0.282579578021168	8
-0.115155822275823	0.250724298382647	46
-0.115735077353369	0.266961737317526	46
-0.051859624105089	1.09490599503037	11
0.00739385843923501	0.412152608421362	29
-0.000806672709668998	0.42466225128932	29
0.088273198419108	0.780866065773278	9
-0.055991125532528	0.693497994590026	21
-0.077818737959746	1.15051532339207	21
0.111027206779203	0.936955770195597	21
0.00253053587891205	0.965841583814767	21
-0.054804952396905	0.666941347035814	21
-0.100150951597359	0.556190779962707	21
0.08038244910569	0.582245333763651	54
-0.116014733787822	0.282332807211575	54
-0.118102553881801	0.212151298592954	54
-0.115836031855076	0.282463471340844	54
-0.024973001067741	0.492256818492849	54
0.00232778573709003	0.965338320124077	21
-0.103634601295483	0.448941261877351	21
0.049593369460279	0.37635139231335	30
-0.115560351170185	0.174502157155665	63
0.069767628338025	0.362213706599297	63
-0.058496551155829	1.19949326534989	63
-0.015755986671925	0.792415488723188	63
-0.109940238693299	0.345793278888155	7
0.094957295836148	0.347788724731637	7
-0.115786183493449	0.174354437419922	8
-0.105193901295549	0.135628631431508	8
-0.119181563029406	0.89723054047025	8
-0.024809429818027	0.492543451735254	8
-0.100580255889417	0.593010521731059	96
-0.101194816177107	0.541830147125318	96
-0.100416642354193	0.593334569007707	7
-0.105292455706964	0.407107759025893	8
0.019305143380268	0.401228311053924	8
-0.100549532598998	0.580734851438058	8
-0.025010976046701	0.492312809758067	8
-0.108729712695391	0.156798957460016	8
-0.10817662227909	0.15704642066765	8
-0.115942151169274	0.174304472771972	8
-0.119752897809349	0.191995480003362	8
0.018683620428821	0.400733018854102	8
-0.033048861482856	0.875474405683341	8
0.049208155707253	0.375985283954355	8
0.04993378412155	0.376583821001256	8
0.104802183227115	0.560948108422207	8
0.095769111177781	0.770729365373972	8
-0.067321371036044	0.804365086863474	46
-0.00806007159891498	0.758670678399298	46
0.115566033259799	1.27240632673977	46
-0.105103000131351	0.393585120315071	46
0.072504772940284	0.796542237943627	11
-0.109092520136587	0.156590277529067	11
0.069671193687822	0.362075256096675	15
0.018162384573891	0.400222740025432	29
0.018823923584621	0.400838188068927	9
-0.10408691821569	0.42209100510671	9
-0.035852061573025	0.528894074506325	9
0.00892890597426399	0.703064674101662	21
0.115284096162925	0.754151102944312	133
0.035313548229547	0.865906766334198	54
-0.000780338019779003	0.424630351637346	54
-0.115274979290486	0.232741223930052	54
-0.049703184360367	0.63187746853155	54
-0.104311488759379	0.435018823085339	21
0.094426232068895	0.347404217335644	30
-0.039450408558204	0.556370952610411	63
-0.114628484895635	0.251093348187846	7
-0.105585791726243	0.393065075736773	8
-0.059973135335669	0.713534161808481	7
-0.031677017782492	0.518390974277622	7
0.053027773215777	1.02145398363567	96
0.00858345461871601	0.947997625423292	96
-0.099081235630019	0.738939910688011	96
-0.034750845731156	0.530875552223082	96
-0.115012513404877	0.25082925720697	96
-0.116355446683367	0.282009850648996	96
-0.110590592179069	0.331092368723623	7
-0.106783265700628	0.377751102097074	7
-0.109818638950708	0.346088100018322	8
-0.021347720313516	0.478696227557813	8
0.032421672899551	0.388933627124438	8
-0.107924189653872	0.157165661368801	8
0.121429561700278	0.552726690819415	8
-0.115353871697997	0.267273915399294	8
-0.000650062514414018	0.424769036891402	8
0.104696087738422	0.761584741402592	8
0.049978595927915	0.376666352239561	8
-0.111621173063971	0.109035539644979	8
-0.099587553078429	0.570100249889757	46
-0.115638607509046	0.174448538504531	15
-0.107408480510089	0.36292430872593	9
-0.107924189653872	0.157165661368801	9
0.111645570756493	1.43659267698529	21
-0.019485687673425	1.07295538767849	21
0.110997489978462	1.43471336288632	21
0.00871071272680202	0.948361678221159	21
-0.058647810445372	0.702247883304162	21
0.096096641717915	0.771172106812177	21
-0.035225919637239	0.530043697881549	54
-0.010312468512517	0.770898636588374	54
0.095826204778566	0.770817342658087	54
-0.043182056766005	0.581844997496643	54
-0.055993620621451	0.679150592472954	21
-0.105907475161496	0.392650218574969	21
-0.00632780299470098	1.00660974294207	7
-0.061108184742657	0.738924843833712	7
0.072361332775458	0.796391034054471	7
-0.111299576987292	0.109160200857588	8
0.00791504775641805	0.412659398482505	8
-0.121324238600592	0.839455475608619	7
-0.098944573801553	0.851095853448243	96
0.023709922145102	0.895932289598058	96
-0.113232673989761	0.314176406853624	96
-0.029392796145556	0.503904581330554	96
0.060513322126644	0.603630934633848	7
-0.00694570340934197	0.438075720948024	8
-0.025776826892529	0.491270665429518	8
0.00668826853989302	0.411085661064465	8
0.104485965659065	0.761131807779647	8
-0.116389574494897	0.266401171944054	8
-0.119872525190332	0.191939501341434	8
-0.114915104031954	0.250898880811666	8
-0.112541608324672	0.314850222666962	8
0.00532989820887897	1.4359488731078	8
0.016403053155535	0.679472887243822	8
-0.110778584014945	0.33089326869122	8
0.049494859555772	0.376239065705743	8
0.094616076332456	0.347498367491258	8
-0.115396529172443	0.250534317667966	8
-0.117478397497789	0.212505634530775	8
-0.017419397638852	0.464730939918335	8
0.116731209930001	1.43179202461716	11
-0.031828118450838	0.518160595417	46
-0.112867495500573	0.31454201574163	15
0.01824192603585	0.400144996461631	15
-0.017303546498953	0.4648573523594	9
-0.104302001733055	0.408310192485719	9
0.094872272245439	0.768967489312826	9
0.018823923584621	0.400838188068927	9
-0.081857718002343	1.22447792760755	21
-0.099657442246889	0.58248728681637	21
-0.05548786625947	0.665510031592509	21
-0.043122838890019	0.581922906178744	133
-0.00662027083922701	0.438453577682456	54
-0.024768645653445	0.492519022670249	124
0.00718941577621401	0.411930019775313	30
0.024955307236406	1.11160413973888	7
0.08341619361788	0.969723793926561	7
-0.05885659741448	0.716012440115809	8
0.00842222354446198	0.702138633799833	96
-0.043375208542366	0.581384213208234	96
0.0380896348547261	0.63656510605253	96
0.012460408300497	0.691054249918413	96
-0.104925930555918	0.407578658891583	7
-0.109014776492348	0.361033965513909	8
-0.048868486526498	0.618130367798447	8
-0.103202101502742	0.436559946284771	8
-0.113076148047404	0.314309119375819	7
0.050989852772693	0.839354651097029	8
0.104169217853614	0.760660799555557	8
-0.118680859159611	0.211728948355717	8
-0.115442425892454	0.250466350687236	43
-0.111111609103962	0.330559324047125	8
-0.053672881991523	0.654424158067398	8
-0.102546827042174	0.476252227943928	8
-0.116324060092515	0.174087909739587	8
-0.115495226623773	0.282786699871077	8
-0.116248964690693	0.266492415459498	8
0.080903814813413	0.582847694896575	8
-0.071736915249808	0.89310660569624	46
-0.027776041182563	1.14771601986527	46
-0.115499259723203	0.297460779626299	15
-0.118380939892904	0.211935628180678	15
-0.115683136166605	0.250276453910905	15
-0.017174046858882	0.46500869192496	15
0.091713344231534	0.571292123645005	9
0.081750052752087	0.791388747873812	9
-0.082526049687417	2.0231845661351	21
-0.031031838396712	0.865798495961821	21
-0.04097448472947	0.569676801629029	133
0.06108339523824	0.817827966111643	133
-0.011219068637338	0.452692891875003	21
0.0259700330229971	0.657387632055425	21
-0.103288143473816	0.47500670718158	21
0.027914340007681	1.30692601384451	7
-0.048279252348417	1.05350710999485	7
-0.099353782553576	0.620068862596466	7
-0.000976161347039983	0.424468194856051	7
-0.111299576987292	0.109160200857588	8
0.045687236810981	0.848692535495049	8
0.119113216950483	0.929759800289187	8
-0.063733348019322	1.66123589000671	8
0.091809053223467	0.966442185786946	96
-0.103107934402241	0.449752892869	7
-0.110757100501827	0.330932381742407	8
-0.102273746148235	0.476638929372989	8
0.115118847759664	0.753597934944541	8
-0.107929401972072	0.36237712946781	8
0.080404836294051	0.582254666997794	8
0.018382050022862	0.400198503465453	8
-0.10827682111237	0.157018219232949	8
-0.115551279787751	0.232559219900392	8
-0.115482191178774	0.174536673752898	43
-0.118380939892904	0.211935628180678	8
-0.110923576359246	0.330758403918119	8
0.00178212047994897	0.980380290032033	8
-0.019738567452391	0.815836215893819	8
-0.118472810906431	0.211900019936529	8
0.120546932239512	0.551602893219679	8
0.038298848354909	0.636878369874185	8
0.044044988305065	0.624349848185983	8
-0.056657320701385	0.677670119640205	8
-0.059456327024404	0.714368980331976	46
-0.069530468677055	0.862371516800763	46
-0.013056444885096	0.781802366712802	46
-0.051850377023809	0.643000390740515	46
0.018122139339328	0.40008362097426	15
-0.012392708615447	0.451292512033429	9
0.09566970714312	0.770506768522288	9
-0.104154744574224	0.435243212558533	9
0.0655503379429811	1.88862768779351	21
-0.116518679079837	1.03603891323246	21
0.10861698810282	1.59491052864927	21
-0.100392128797537	0.642103937531452	21
-0.033195863894118	0.515943849625421	21
0.080540067057345	0.789663850549905	54
-0.021347720313516	0.478696227557813	21
0.087844669709784	0.780140796962224	21
-0.101374961198258	0.490818784282888	21
0.00192238647003695	0.725980098957551	21
-0.102574415465751	0.46339594939842	21
0.0324602065120549	0.648167574647614	30
-0.110029524912976	0.345815275672328	30
0.018162384573891	0.400222740025432	124
-0.104739981192711	0.393945926718	30
-0.114663038209483	0.298421220727097	7
-0.115299126440574	0.250603917514679	7
-0.111621173063971	0.109035539644979	7
-0.099946388819084	0.73695356767096	8
-0.07053083023956	0.859889537954776	7
-0.015064191451498	1.30915035758271	7
-0.099730030412505	0.74879580919517	96
0.106266591565484	1.44009583246661	96
-0.100712758893683	0.688790297502761	96
-0.011972288874207	0.452007696104731	7
-0.101490514283402	0.515977641444509	7
-0.115836031855076	0.282463471340844	8
-0.021303804906081	0.478732388397832	7
0.00864204070866304	0.70256433733816	8
0.069453553663671	0.361928018197525	8
-0.12057514662087	0.191492373707827	43
-0.120164038478582	0.191761335568766	43
-0.100845138173393	0.616904255646787	8
-0.098735562132696	0.558732798371521	8
-0.104353244915385	0.421770862095167	8
0.0361606742278851	0.867740078507005	8
-0.115743316400532	0.266966405570818	9
-0.061570184291097	0.737855188683319	21
-0.114096368497507	0.298910001258298	21
0.06992470923534	0.362317672416572	54
0.00775666823669896	0.412516371881638	21
-0.00581242604351501	0.745857893223178	21
-0.060475218890829	0.726472123830077	21
-0.120336084913251	0.191620495355835	124
-0.11928962453592	0.192244212210932	124
0.050919947205525	1.22452056265804	7
-0.105968699032069	0.135384449132734	7
-0.021825099870337	0.477998300090472	8
0.021111344500844	0.668708962681827	8
-0.111133141371732	0.330520201003287	8
-0.035118953942229	0.530290050916535	7
-0.100965667687231	0.54226195298336	7
-0.108131978315196	0.362139705714258	8
-0.110851264553032	0.109285725974399	43
-0.115942151169274	0.174304472771972	8
-0.115109903344244	0.25072874153578	8
0.00775666823669896	0.412516371881638	8
-0.087049512129065	1.33989745922531	8
0.00827786763321003	0.412956527650597	8
0.018342533646607	0.400346261596969	8
-0.105758663491961	0.135429440608252	8
-0.115786183493449	0.174354437419922	8
-0.020826254621791	0.479320675946984	8
-0.034326749274516	0.531422129486975	8
0.070140242570235	0.593102636545393	8
-0.061077440924091	0.725079923590288	11
-0.00625499643272998	0.438831789390862	46
-0.115012513404877	0.25082925720697	15
-0.000624111854516996	0.424861919593189	9
0.068995085229454	0.591196487583279	9
0.069078917222635	0.361560238027218	9
-0.104670044863175	0.421304841684288	9
-0.102644268920435	0.476041483964195	133
-0.100030606644888	0.581774290308878	21
0.121095886594202	0.55237844254833	21
0.044670053973761	0.625350907202567	54
-0.023088465409202	0.823787361613531	54
0.070081819199636	0.36239444470013	54
0.12213630255766	0.553585276331756	54
0.105167703876547	0.561374051176919	21
-0.106031496634401	0.392513826688137	21
-0.02549652413322	0.491608216868654	21
-0.102273746148235	0.476638929372989	21
0.104585746018018	0.761413643352	21
-0.115183333848117	0.297885176018821	30
0.12172734434636	0.553240061088112	124
-0.104994745041085	0.433935397481817	124
0.05665524179853	1.20431161366386	7
-0.00982992641404301	0.771824906310091	7
-0.105640405182266	0.135507846198324	7
-0.105758663491961	0.135429440608252	7
-0.016812967395609	0.46546974373966	8
-0.012094668656085	0.451779039712455	8
-0.122365508288016	0.816002736366961	8
-0.045210214666393	0.982411925039563	7
0.040989899106752	0.858828945975116	7
-0.109463658307653	0.346509131644196	96
0.031663540569974	0.646790079014425	96
0.00170154472331796	0.725528805370896	7
-0.105759019871312	0.406407912948427	8
0.0491545286435709	0.375780734070606	43
0.070227200517479	0.592902472793823	8
-0.118010724173286	0.212190421712846	8
0.069235939555089	0.361751103647983	8
0.042268822226409	1.05154663357045	46
-0.00225377729502002	0.985289945405993	11
-0.116456174522368	0.281876045344162	15
-0.115649061002075	0.232494789498917	15
-0.119581053836951	0.192101283872113	9
-0.109693722694649	0.331874731097097	9
0.097051191986705	1.13360536151753	133
0.104169217853614	0.760660799555557	133
0.038672308707841	0.637321013304692	54
-0.012559264499514	0.451142657644058	54
-0.00208707579620998	0.735714968764652	54
-0.025694561372622	0.491308051072612	54
-0.10687728801153	0.391410638138731	21
-0.042028506730547	0.568085382674016	21
-0.01690826943797	0.806106550763368	21
-0.000272072730825024	0.425213477158594	30
0.052637739065626	0.615187493215462	124
-0.115984740481146	0.232214402477018	124
-0.00135422760078902	0.423930472935819	124
0.01840293348801	0.400456643147028	124
-0.104562326551149	0.421492282028178	124
-0.016942171457105	0.46532160914552	124
-0.032036243611912	1.23305029866692	124
-0.046134040336849	1.00649809190562	7
-0.10219656636625	0.476678104215221	3
-0.115637224592164	0.250328945781915	7
-0.116020279876829	0.174250950865497	7
0.108046476078662	1.11650580172861	96
-0.099486420091176	0.557629559938263	7
-0.021347720313516	0.478696227557813	96
0.044303591771473	0.624733634401958	96
-0.103003028984618	0.462781465330216	7
0.060673935150799	0.603838605663289	7
-0.102619570974329	0.437280200490249	8
0.000666136997112043	0.723286279763485	7
-0.053299769610685	0.655173781070487	8
-0.038618329892007	0.541237071758777	8
0.094858794673816	0.347694119607801	8
0.095298381499331	0.347868072905271	43
-0.111367830996214	0.109098780678012	43
-0.115253218609301	0.25063925597187	43
-0.115984740481146	0.232214402477018	43
-0.109562970495873	0.346155216100769	8
0.121364985136881	0.552840581160498	8
-0.108024532646787	0.157115616540444	8
-0.114505058544419	0.298569991946979	8
0.092299572151762	0.571930887722286	8
-0.102944559085149	0.436783103715387	11
-0.10071521533101	0.641381560038183	11
0.110915692068337	0.937168670515598	11
-0.120455593582852	0.191564601046248	15
0.069671193687822	0.362075256096675	15
-0.110800010484811	0.330825837150489	15
0.069126678076695	0.591727099556025	9
-0.011906312903734	0.451940130688382	9
0.021482242794029	0.669368340443216	21
0.031156059254937	1.48971733758985	21
-0.053193007642291	1.10335447423714	21
0.021554798992649	0.909703355034675	21
0.025756157170669	0.657019679439329	21
-0.103628093475771	0.43596841989984	133
-0.115442425892454	0.250466350687236	54
-0.109630016260576	0.346305290779164	54
-0.028791707233055	0.505077492735402	54
-0.115274979290486	0.232741223930052	54
-0.116389574494897	0.266401171944054	21
-0.109652261960308	0.346291902133592	21
0.012605896674496	0.691291748108025	21
-0.100701676005866	0.723596718445626	21
0.00703105121615999	0.411744877487858	21
0.032554634017505	0.389034913337553	21
0.0331954851649779	0.389594013398003	124
-0.11789451156414	0.212286728997392	30
0.069767628338025	0.362213706599297	124
0.023676781238498	1.10767729191373	124
-0.098449863087268	0.986235111060344	7
0.0205347642259081	0.907131051859383	7
0.111178938208252	0.937148272548601	3
-0.111367830996214	0.109098780678012	7
-0.105640405182266	0.135507846198324	7
0.042511570703602	1.0523490159786	8
-0.11338891177445	0.313968828733343	7
0.01854329038173	0.40060581889704	7
0.0519529079103001	0.614205324625427	8
-0.106218732146676	0.378362642012313	8
0.050462375350983	0.376972309777316	7
-0.107466002688815	0.376913370739895	7
-0.032043962436071	0.517843856142648	8
0.094957295836148	0.347788724731637	8
-0.110851264553032	0.109285725974399	8
-0.111494488293062	0.109097507474847	8
-0.112711138454389	0.314703167601749	8
-0.036383247892148	0.544897093399036	8
-0.106685166226121	0.363589872585441	8
-0.107823904549941	0.157193895577234	8
-0.119581053836951	0.192101283872113	8
-0.115716960041113	0.174358326864531	8
-0.110173644486304	0.345637787004921	8
0.00363484704117401	0.968981663594181	8
0.077037998334888	1.16486032883135	11
0.122319157380716	1.26851753895597	11
-0.119581053836951	0.192101283872113	15
-0.115560351170185	0.174502157155665	9
-0.103728642175623	0.435861099566748	9
-0.100248982504608	1.30920403736987	21
-0.00537580090228601	1.00938838554598	21
0.094858794673816	0.347694119607801	21
0.031897763697598	0.388389375139318	54
-0.116324060092515	0.174087909739587	54
-0.00113237194480498	0.424214236113137	54
-0.102546827042174	0.476252227943928	21
-0.034490041660964	0.531214737106264	21
-0.108652939047388	0.361509757354277	21
-0.105746651197413	0.392864443021217	21
-0.016451934026675	0.465889459266454	21
0.059862004032522	0.814991519681979	21
0.049691897257322	0.376412458357532	124
-0.111046130086665	0.109223498718798	124
0.0331954851649779	0.389594013398003	3
-0.116495044674277	0.281878307655241	3
-0.105968699032069	0.135384449132734	7
0.094668890383581	0.347567590449169	7
-0.103078667125994	0.462523692525533	7
-0.054448801605415	0.667674695168052	7
-0.115836031855076	0.282463471340844	96
-0.119700784648316	0.192028879544537	7
-0.107481228517928	0.362819256175038	7
-0.106783265700628	0.377751102097074	7
0.040391208420674	0.85748090425549	8
-0.111299576987292	0.109160200857588	43
0.00771060624950803	0.412459440155001	43
-0.060427860375716	0.72656955098113	8
-0.119872525190332	0.191939501341434	8
-0.107571647745314	0.157275669760559	8
0.00734778407173398	0.412093803640283	8
-0.11507175793729	0.298021129921583	8
0.032030738702111	0.388537304148174	8
0.080216135534716	0.582023912912196	11
0.03272975612393	0.648618664552086	11
-0.09897074145487	0.669158447973211	15
-0.105659032245159	0.406610206058735	11
0.023350331486895	1.10634024716532	11
0.049593369460279	0.37635139231335	15
-0.112724090429064	0.314660316161012	9
-0.028183282873283	0.505842349946404	9
-0.00694570340934197	0.438075720948024	9
0.030564473682319	2.36909522759211	21
-0.082319251500058	1.93672603377907	21
-0.073071372224857	2.09476134526676	21
-0.017042653181863	1.58613845308059	21
0.068729021268748	1.00010381800655	21
0.111371295335149	0.938246777157108	133
0.00473399391752705	0.713431678941719	21
-0.04345322693096	0.565433280134556	21
-0.109585370677581	0.346240918786177	21
-0.115012513404877	0.25082925720697	21
0.021111344500844	0.668708962681827	21
-0.100298932744414	0.543425576752858	21
0.017339913578583	0.399171293413186	21
0.0926539977094451	0.572285614493987	124
-0.10827682111237	0.157018219232949	124
-0.105522181679156	0.135546168947089	124
0.105140911230235	0.561445082776503	124
0.069864319437971	0.362217544410741	3
-0.114718663121397	0.174856642599446	7
0.043211704603029	1.05448399556958	3
0.050265312359525	0.376819761670404	7
0.085880249100464	1.49276726872475	3
-0.116297982663162	0.977445656450393	3
-0.036596491248279	0.544616673281367	3
-0.105031644816399	0.420789049948083	96
-0.115743316400532	0.266966405570818	96
0.094616076332456	0.347498367491258	96
0.03241357125236	0.388907941140959	96
-0.035221865134151	0.530088371567881	7
-0.115025365423666	0.298064842417503	8
-0.017058147449286	0.465212345192957	8
0.019064554762712	0.401047496315471	8
-0.021188532612976	0.47889230733178	7
-0.115768022803638	0.23239507920609	8
0.049548554601218	0.37624620639772	8
-0.11773230788059	0.212370464916645	43
-0.10817662227909	0.15704642066765	43
-0.105640405182266	0.135507846198324	43
-0.10827682111237	0.157018219232949	43
0.069828188022753	0.362231642221134	43
0.07386051946704	1.17628631172308	8
-0.108024532646787	0.157115616540444	8
-0.000441529669093999	0.425039504938021	8
0.060432091317142	0.603401289080161	11
0.059356356402029	1.01839789090792	15
-0.099876091485756	0.569416801329335	15
-0.119700784648316	0.192028879544537	15
0.095199962525019	0.347915008696785	9
-0.115253218609301	0.25063925597187	9
-0.110757100501827	0.330932381742407	9
-0.015507684082825	1.05625578615317	21
0.047875337259653	1.23326844942137	21
0.075917744551731	1.34113450419259	21
0.050319026220888	0.376857533227591	21
-0.007297742878835	0.437642535196367	21
-0.115637224592164	0.250328945781915	54
-0.115768022803638	0.23239507920609	54
0.121476213415498	0.552900268367369	21
-0.115887655341553	0.250098737193349	21
0.118758494811225	0.929145480354618	21
-0.107144934688774	0.377325421252427	21
-0.101184210053726	0.503759007020073	21
-0.059094624720965	0.715377749775802	21
-0.019053792182061	0.801108283651564	21
0.121773954388524	0.553259911168426	21
-0.11768645941943	0.21240605852907	124
0.095101494083787	0.347857553765364	124
-0.118102553881801	0.212151298592954	124
-0.114743637674891	0.233033170735804	124
0.00115196255752703	0.724316594878435	7
-0.115560351170185	0.174502157155665	7
0.105167703876547	0.561374051176919	3
-0.028749679716383	0.505102810041437	3
0.115911520361586	1.42880205944852	3
-0.120038440138287	0.894423072358365	3
0.090554060566851	1.81429863219054	3
0.115341395207998	0.753966830349499	7
-0.10718533868202	0.37725717321434	7
0.09227778514683	0.571986927153601	8
-0.105522181679156	0.135546168947089	43
-0.105850535299272	0.135422743432737	43
-0.115638607509046	0.174448538504531	43
0.069864319437971	0.362217544410741	43
-0.115486491719167	0.26716272760188	43
-0.115495160064228	0.250432878749774	8
0.00831090229494003	1.63339000476607	8
-0.10066082563	0.605060542550603	8
0.0913369680321729	0.570685366081275	8
0.070299345096173	0.362541627885638	8
0.060151530613149	0.603102399569969	11
-0.045433566360014	0.593509806657195	11
0.095298381499331	0.347868072905271	15
-0.120336084913251	0.191620495355835	15
0.121820550623167	0.553212483249402	9
0.007552230475244	0.412316431596319	9
-0.11768645941943	0.21240605852907	9
-0.100283509676884	1.594572293759	21
0.030379181282579	1.68687274769719	21
0.023814764294342	1.1081429951262	21
-0.101343380401401	0.54156160760989	21
-0.050904345919436	0.629515419663352	21
0.081425212392682	0.583318412834798	21
-0.108775866341891	0.347239201266954	54
-0.037023211847502	0.543999447139054	54
-0.115867608226366	0.266865615032953	54
-0.115118164288478	0.297947787415575	21
-0.018026435494391	0.463811908592551	21
-0.025578897899079	0.491276490504074	21
-0.000441529669093999	0.425039504938021	21
-0.011950351139649	0.452026964059122	21
0.069707180843949	0.362140744984604	124
0.094668890383581	0.347567590449169	124
0.094714610145977	0.347625297173765	124
-0.105767420711109	0.406431012061224	124
-0.011177289641677	0.768904958869761	7
-0.115864118989996	0.174338917171374	3
0.00871733811616904	0.948421605481955	3
-0.107886053198467	0.362417992530817	7
0.00327249253678796	1.20701932829909	3
-0.043708346927369	0.580977606520862	96
-0.034224342010596	0.531653575473738	7
0.111165219644941	0.937624287620909	7
0.069082842211603	0.591603409105489	7
0.105831851676514	0.562220694787184	8
-0.02243474994743	0.477133741438496	8
-0.115088701597577	0.267450630614299	8
-0.00695907528954498	0.438087849727485	8
-0.104509893620262	0.408081584057556	7
-0.024850257203662	0.492527813435983	8
-0.115864118989996	0.174338917171374	8
-0.105640405182266	0.135507846198324	8
-0.105850535299272	0.135422743432737	43
-0.115178660193023	0.174680639182499	43
-0.115786183493449	0.174354437419922	43
-0.115683136166605	0.250276453910905	8
0.018728024632269	1.35854108400329	8
-0.10398580211273	0.422248483150131	101
-0.111172839857222	0.109222251636938	8
-0.105430502322049	0.135511860859858	8
0.060960022470521	0.604146568756917	8
-0.034280572645714	0.531486030785785	11
0.104692520130973	0.761738001076194	15
0.069175431435177	0.361700906016139	15
-0.115442425892454	0.250466350687236	90
-0.111154616701876	0.330452790009128	9
-0.00714174878220802	0.437867039470441	9
0.091945121851264	0.571510603003598	9
0.047012658665177	1.04544239205973	21
-0.049813369095341	1.43367479164844	21
-0.010184843190736	0.771272293617288	21
-0.099641664339335	0.679485090405352	133
0.050093647156796	0.837542436102648	21
0.0521553322864921	0.61450607520275	54
0.120389086032307	0.551403236307023	21
-0.027497861581207	0.50669858554309	21
-0.099341393798419	0.680213527603025	21
-0.100549532598998	0.580734851438058	21
-0.115274979290486	0.232741223930052	21
0.094858794673816	0.347694119607801	21
-0.107886053198467	0.362417992530817	21
-0.00749381837486102	0.437413346745373	124
-0.103222238917604	1.20550393479869	21
-0.037904645277256	1.53849524486019	21
-0.115238348226391	0.26722389948252	3
-0.115638607509046	0.174448538504531	3
-0.119820559508782	0.191937724819398	3
-0.016065154565653	0.791658156646951	7
-0.01622980924805	0.791116515223987	7
-0.119461367151523	0.192157298875416	96
-0.100175504230055	0.530970585184268	7
-0.103065570733602	0.449824938030083	7
-0.00608560586627799	0.438985196621936	8
-0.115942151169274	0.174304472771972	43
0.094668890383581	0.347567590449169	43
-0.111299576987292	0.109160200857588	43
-0.105075652906748	0.13562878811966	43
-0.115649061002075	0.232494789498917	8
-0.015611292538703	0.792746344897181	8
-0.115257044028507	0.174626933414007	11
-0.072822800261918	0.90226186636987	11
-0.105559283591797	0.406703233546403	15
-0.105640405182266	0.135507846198324	15
-0.115560351170185	0.174502157155665	15
0.017781492558566	0.399792589356243	9
-0.115735077353369	0.266961737317526	9
-0.029806338848818	1.7063636005468	21
-0.098203195896746	1.73228485491599	21
-0.102310963339823	0.450786481719963	21
-0.043671667819482	0.580989870003497	21
0.036370526646176	0.868431687042333	133
0.069488597958058	0.592285789866121	21
0.00864069011900604	0.413201393425252	133
0.080094881941255	0.581642418809758	133
-0.006789690177049	0.438280362047363	133
0.0600316991030559	0.602874272426489	21
-0.114347075257621	0.298704362525035	21
-0.00695907528954498	0.438087849727485	21
-0.11826475276351	0.212051498876644	21
0.114350599956159	1.10896997237708	3
0.033070599897201	0.389502793736825	3
0.069453553663671	0.361928018197525	3
-0.114393455537946	0.298630925833934	3
-0.118426921173767	0.211935667199879	3
-0.043026384408597	0.58208194394473	7
-0.115299126440574	0.250603917514679	7
-0.119700784648316	0.192028879544537	7
0.00687269040857097	0.411536364424578	7
-0.114821014236042	0.298257667400466	7
-0.053968490129877	0.653818300951688	7
-0.116239972136058	0.232051184638508	8
-0.104036329981205	0.422183393549584	8
-0.100409899589305	0.530549037386013	8
-0.105195802003179	0.420502340878984	8
0.091967014634595	0.571401455660008	8
-0.105522181679156	0.135546168947089	43
-0.108024532646787	0.157115616540444	43
0.038406342384756	0.637063646834563	8
0.063653808467054	1.00834424603582	8
-0.057067005487792	0.676639895947168	8
0.050363835087763	0.376928106118944	101
0.049163337682179	0.375844316443516	8
-0.025414327635089	0.491791765604895	11
0.00780271789859399	0.412528082030998	11
-0.102020573603513	0.685519609081483	11
0.120539067417612	1.26332401758794	15
0.091735118821597	0.571327057350694	90
-0.09985447300363	0.556844330539268	21
0.121493627304427	1.57850974271033	21
-0.059454679255094	0.728665360728834	21
-0.029094866552117	0.855511066318067	21
0.00743992048814401	0.412167284006779	21
-0.103568055263879	0.422732727928274	21
-0.00676296279188698	0.438253952474087	54
-0.114235469103716	0.29873408125528	54
-0.025896290969274	0.491038160957027	21
-0.105746651197413	0.392864443021217	21
0.121522850972733	0.553013323465341	21
0.105323596945613	0.561673276723762	21
-0.021754060378418	0.47813853473543	21
0.080782182373938	0.582624797842297	21
0.055292839169935	0.827339198885529	21
-0.100013221141232	0.556705489187268	3
-0.105758663491961	0.135429440608252	3
-0.054968337487147	0.666627830117755	7
-0.116696515261382	0.281606842474614	7
-0.102690358954119	0.463271519725077	7
-0.112698067274367	0.314717554500298	7
0.069514228330734	0.361884336241941	8
-0.016696943454286	0.465655787009289	7
0.124789365694815	0.743038473776377	7
0.040546764711202	0.857916782214304	8
-0.109319412966306	0.346656905498516	8
-0.115942151169274	0.174304472771972	43
-0.115865885375349	0.232346090494917	43
-0.115100372523913	0.174715224295631	43
0.094039374959531	0.347050198222817	43
-0.117360783113027	1.14633067017869	8
-0.114709417684782	0.298377086701218	101
-0.105968699032069	0.135384449132734	101
-0.010494380069643	0.770549350019827	11
-0.070460123997975	0.860061992617752	11
0.082016415129052	1.15766142094802	11
-0.119992196778249	0.191867148004975	15
-0.116324060092515	0.174087909739587	9
-0.022204872378991	0.477349488801212	90
-0.111654228179841	0.329930806263137	9
-0.031702411163243	1.49095245944	21
0.058892619380395	1.01712813660916	21
0.091967014634595	0.571401455660008	21
-0.018172898507682	1.37141062769728	21
-0.099403193052374	0.619991090896972	21
0.00116521499474997	0.724544890436763	21
-0.023043302141351	0.823692167473554	133
-0.025253601718066	0.492006696066932	21
-0.100666049369482	0.62939346135241	21
-0.000441529669093999	0.425039504938021	21
-0.115925368174204	0.232296236286305	54
-0.108291147549623	0.36195720792318	54
-0.006789690177049	0.438280362047363	21
0.01854329038173	0.40060581889704	21
-0.118010724173286	0.212190421712846	21
0.0213259988900411	0.669100584847268	21
-0.031360317646968	0.518862100512618	21
0.019164756997838	0.401123062932193	124
-0.119581053836951	0.192101283872113	124
-0.03230319180206	0.51747957390697	21
0.012757748068485	1.40199641955324	21
0.02173688873161	0.669667105518006	3
-0.105850535299272	0.135422743432737	3
-0.111299576987292	0.109160200857588	7
-0.103180108979066	0.449553055352295	3
-0.034802157673918	0.530792427752567	3
0.032616924336397	0.648361401104603	7
-0.105399497854098	0.420244095106621	7
-0.113219520501847	0.314175863115507	7
-0.107924189653872	0.157165661368801	7
0.070125192179996	0.592977717233807	7
0.040616727279674	0.858022817643643	8
-0.105522181679156	0.135546168947089	43
-0.110724502433668	0.109286979214529	43
-0.109962637182323	0.345848902005715	8
-0.120283650808524	0.191689040885248	50
0.094570422603698	0.347528657313905	8
-0.115649061002075	0.232494789498917	11
-0.030086690702291	0.502994614680402	11
-0.076065414889135	0.977413307678304	15
0.0214661854879959	1.11818080296584	15
-0.107772563400596	0.15713875802259	15
-0.111422809236559	0.330146214532225	90
-0.112189574258095	0.315157895675507	90
-0.099773470427007	0.815713819862176	21
-0.063651265845604	0.746509248138739	21
-0.016899076962265	0.465409190751498	21
0.01792179320944	0.399965107648212	21
-0.106863871337942	0.377586992832912	54
-0.021594864220595	0.47833453544212	54
0.00796109737143702	0.412691951707153	54
0.050220480324106	0.376837736474223	21
-0.115975617507077	0.282361413729015	21
0.044720044145007	0.625329984059489	21
-0.105283724405367	0.406921031328682	21
-0.119341724668929	0.192194639711006	124
0.094813094595454	0.34769206452317	124
0.073378378548744	0.798521150929849	124
-0.10493537835132	0.407434236634739	124
0.069707180843949	0.362140744984604	124
-0.011805843766359	0.452177118607699	21
-0.105968699032069	0.135384449132734	3
-0.025586238545379	1.1411775245024	3
-0.115178660193023	0.174680639182499	7
-0.116774320193434	0.281565128659838	7
0.051226352787913	0.612968751030987	7
0.00771060624950803	0.412459440155001	7
-0.011030806640962	0.452781395457964	7
-0.03156896222193	0.518576189607157	7
-0.106863871337942	0.377586992832912	7
-0.108377077973042	0.156968227868279	43
-0.028875899518206	0.50491990142202	8
0.069767628338025	0.362213706599297	8
-0.119992196778249	0.191867148004975	50
0.019064554762712	0.401047496315471	50
0.069214265537369	0.591823078312814	11
-0.114347075257621	0.298704362525035	11
-0.06586784363853	0.768159920322156	15
0.068027644135674	0.998426770459876	15
-0.060016504888236	0.713341205127114	15
-0.107249227835517	0.363064495839482	15
-0.119633314712206	0.192032801183076	15
-0.080976426268606	1.68129467675195	21
0.07966276901439	0.983327722113956	21
0.06939299092269	0.361907468768735	54
-0.106823547178735	0.377682944569719	54
0.095147154598366	0.347690579205582	54
-0.028511858772168	0.505428259215911	21
-0.000806672709668998	0.42466225128932	21
-0.106996392211936	0.39118090251701	21
-0.02419958200055	0.83694480178673	21
-0.102581234043984	0.450497003862942	21
-0.111980884253322	0.315307505889934	21
-0.038305250161753	0.54173081592662	124
-0.115560351170185	0.174502157155665	124
0.095055747582624	0.347818338968019	124
-0.115875054292987	0.282464509813154	21
-0.113949850977649	0.313327335819904	3
0.119975976631297	1.09892284001734	3
-0.116082684611876	0.232181956917002	3
-0.011407347784105	0.452561966872693	7
0.00739385843923501	0.412152608421362	7
-0.115299126440574	0.250603917514679	7
0.0947602440863	0.347533157886781	7
-0.108920154783336	0.347090835432565	7
0.114758626167732	0.753331844281862	7
0.049593369460279	0.37635139231335	7
-0.028546868706613	0.505358173977203	8
-0.119752897809349	0.191995480003362	43
-0.115708597034501	0.232460380266868	43
-0.115404127689215	0.174552241887107	43
0.10521895335678	0.762646009193508	8
0.070142263706774	0.362464883970776	50
-0.115100372523913	0.174715224295631	11
-0.00114561480472197	0.424253101855223	11
0.00196461309832796	0.980899108605118	15
-0.115326160856055	0.174532180824258	15
0.069767628338025	0.362213706599297	15
0.110930409413194	0.937279574791976	21
0.0666041405576731	0.807331895398874	21
-0.011547487976973	1.03783478623997	21
-0.106555649883331	0.391852729873819	21
-0.114663038209483	0.298421220727097	54
-0.110257478098897	0.331368349109603	54
-0.115589415059581	0.232496130469265	21
0.091879785820006	0.571492851311329	21
0.050077129999514	0.376722954323861	21
-0.108729712695391	0.156798957460016	124
0.094229182027783	0.347197144185524	124
-0.099734840093495	0.631477258551993	7
-0.115786183493449	0.174354437419922	3
0.067565213093587	1.17815263818205	3
-0.10007925961265	0.55647816254371	3
-0.10687728801153	0.391410638138731	3
0.060714446226005	0.603904660066997	7
-0.107667269238784	0.376659496113657	7
-0.114915104031954	0.250898880811666	7
0.052435324167874	0.614886628263282	7
-0.108897957728319	0.347074583639651	7
-0.113063180864064	0.314351934310155	7
0.049109652339505	0.375868490463157	7
-0.115178660193023	0.174680639182499	43
-0.116021217762138	0.249986125164834	8
0.055155083591204	0.827097955312269	8
-0.116690026150082	0.996145587142456	8
0.039433382031506	1.06296618572495	8
-0.116154439727219	0.282185279120019	50
0.0489663012857901	0.375729502536186	50
-0.119341724668929	0.192194639711006	50
-0.115178660193023	0.174680639182499	50
-0.000793567053914979	0.424667861059637	11
-0.1090865062675	0.346901341982062	11
0.069619641870166	0.592348365951819	15
0.060553873082886	0.603674943064117	15
-0.021462927138389	0.478500065182516	15
-0.019922474768583	0.815426724639251	15
-0.113622383823324	0.299267067563008	15
0.0807374569942621	0.582673909156321	90
0.032929287172038	0.389321448553715	90
0.092256055255445	0.571985261401741	90
-0.068963995478747	1.77331211147245	21
0.019064554762712	0.401047496315471	21
-0.058697865524542	1.21145945100574	21
-0.115786183493449	0.174354437419922	21
-0.115649061002075	0.232494789498917	54
0.045610844939135	0.626675080345297	21
-0.028630802079181	0.505309137131616	21
0.105167546005005	0.762552512253205	21
-0.114803109198585	0.232983184546713	21
0.0175409003213181	0.399510318833348	124
-0.119752897809349	0.191995480003362	124
0.069126678076695	0.591727099556025	21
-0.101009455915641	0.745679951442249	21
-0.031234701138199	0.865215533467601	7
0.032679633246149	0.389180295485691	3
-0.111299576987292	0.109160200857588	3
-0.118472810906431	0.211900019936529	7
-0.103459642271338	0.436200292014915	7
-0.115634920398568	0.282669719530436	7
0.032554634017505	0.389034913337553	7
-0.115619135005818	0.267035946299843	7
0.060673935150799	0.603838605663289	7
0.120955977803026	0.552291850126861	7
0.122294183944673	0.553730768112202	7
-0.115864118989996	0.174338917171374	7
0.00969162611663299	0.704346670815344	7
-0.107924189653872	0.157165661368801	43
-0.111172839857222	0.109222251636938	43
0.121634082279629	0.553017019141924	43
-0.105640405182266	0.135507846198324	8
0.069767628338025	0.362213706599297	8
-0.100952629934502	0.592221142044982	8
0.01854329038173	0.40060581889704	50
0.095586835843491	0.348033561031162	50
-0.105640405182266	0.135507846198324	50
-0.106060893419853	0.135261656771247	50
-0.110724502433668	0.109286979214529	50
0.032679633246149	0.389180295485691	50
0.079472789834361	0.983063432482088	15
0.091691626391814	0.571204287584553	15
-0.124035785475239	0.780866545555177	15
-0.029197756342584	0.504473910158537	15
-0.109252826072434	0.346697456131693	15
-0.112906553013221	0.314456189625558	15
0.00775666823669896	0.412516371881638	90
0.03281893133543	1.68245803224538	21
0.042472903532836	1.05234382406651	21
0.095769111177781	0.770729365373972	21
-0.107924189653872	0.157165661368801	21
-0.119872525190332	0.191939501341434	21
-0.1090865062675	0.346901341982062	21
0.032163689771423	0.388661421904062	21
-0.012138701931433	0.451819433414628	21
-0.031785050875149	0.518116544373314	21
0.013914398055785	0.926689881929385	21
-0.119700784648316	0.192028879544537	21
-0.108024532646787	0.157115616540444	21
-0.111494488293062	0.109097507474847	21
0.011934325198151	0.690092132370509	7
-0.104119354709982	0.448242961091726	3
-0.102449570991686	0.476397255824729	3
-0.115975617507077	0.282361413729015	3
-0.102475990310707	0.46358570695728	3
-0.10220386314502	0.463933893949788	3
-0.116389574494897	0.266401171944054	7
0.114707965296761	0.753213911342811	7
-0.113050094531789	0.314366313615221	7
-0.025776826892529	0.491270665429518	7
0.032929287172038	0.389321448553715	7
-0.104876253811527	0.407638841441455	7
-0.115396529172443	0.250534317667966	7
-0.111299576987292	0.109160200857588	43
-0.115482191178774	0.174536673752898	83
-0.061608068060432	1.24903480044241	8
0.050462375350983	0.376972309777316	15
0.025559793637449	1.09539591793748	15
0.00199169854875303	0.726160023554851	15
0.080360113001672	0.582185050771318	15
-0.016378719036139	0.465994441552598	15
-0.058616591353144	1.18652766255122	15
-0.119581053836951	0.192101283872113	15
-0.038808158247123	0.557336942455788	21
0.087862023170559	0.780010188802591	21
0.109578611224725	0.933832266952505	21
-0.00428953222200301	0.996347961581018	21
0.018783838356694	0.400815032024818	21
-0.115768022803638	0.23239507920609	21
0.032163689771423	0.388661421904062	54
-0.11826475276351	0.212051498876644	21
0.118453760165694	0.928437646116925	21
-0.035118953942229	0.530290050916535	21
-0.115875054292987	0.282464509813154	21
-0.108540275941603	0.156872099210498	21
-0.107571647745314	0.157275669760559	21
-0.105968699032069	0.135384449132734	21
0.071620064648848	1.16956445292435	21
-0.0545130342811	0.6675679644059	7
0.00813478521978195	0.701503565980885	7
-0.017174046858882	0.46500869192496	3
-0.119752897809349	0.191995480003362	3
-0.111367830996214	0.109098780678012	3
-0.043551202332384	0.973722746330539	3
0.01332256535455	0.692678982774867	3
-0.10304527340844	0.436744947951671	3
-0.115482191178774	0.174536673752898	7
-0.115362364694086	0.267214318499683	7
-0.108334622311025	0.361888530323402	7
0.094039374959531	0.347050198222817	7
-0.100997849771223	0.59194798037564	7
-0.11602314482964	0.232215293174705	7
-0.105430502322049	0.135511860859858	7
-0.108729712695391	0.156798957460016	43
-0.115942151169274	0.174304472771972	8
0.073313695353186	0.989883516094519	8
-0.100263194652496	0.946560312898024	8
-0.106311808048638	0.392172045408816	8
-0.116239972136058	0.232051184638508	8
-0.119341724668929	0.192194639711006	11
-0.105640405182266	0.135507846198324	50
-0.053292904030305	0.655176902067956	15
0.064124602564502	1.00988541524187	15
-0.108024532646787	0.157115616540444	90
-0.107471276488799	0.157303935163898	90
-0.115545651307246	0.297479254234791	90
-0.058097033055359	1.84030794696797	21
0.020798928110119	0.668116654071276	21
0.032588006348824	1.08036976199058	21
-0.058214206865561	0.703237659017739	21
-0.104176779188262	0.448146712880381	21
-0.012804033830365	0.45086677254391	54
0.094858794673816	0.347694119607801	21
0.032146820162169	0.647719155243723	21
-0.109108702535273	0.346901943104243	21
-0.115992010456542	0.266734852311285	21
-0.112711138454389	0.314703167601749	21
-0.05659945505405	1.48357054252768	21
0.032288687839564	0.38880943783942	7
0.018342533646607	0.400346261596969	3
-0.111299576987292	0.109160200857588	3
-0.107924189653872	0.157165661368801	3
0.087219485804783	0.778965738124782	3
-0.039159872100513	0.916957852407233	3
-0.108855659857761	0.361244752152499	7
-0.102332225350603	0.476584616792097	7
-0.035118953942229	0.530290050916535	7
-0.10827682111237	0.157018219232949	43
0.049781581176013	0.376392500240474	43
-0.116358834492942	0.231913777723076	43
0.018823923584621	0.400838188068927	83
-0.108537334061419	0.3616234029673	83
-0.099544018825455	0.619697156918033	8
-0.120111912496265	0.191776061056391	50
-0.104670044863175	0.421304841684288	15
-0.036619659956799	0.895192890869103	15
-0.030027710599049	0.868431035811824	15
-0.02091390491995	0.479100935301053	90
0.070238958251112	0.362436423716567	90
-0.11875867106557	0.192441697758135	90
-0.099947192065748	0.667031602141392	21
-0.115025365423666	0.298064842417503	21
-0.108088566614424	0.362194593293232	21
-0.039079811891873	0.556933034543348	21
0.057382226408128	1.20665046304781	21
0.01840293348801	0.400456643147028	21
-0.115708597034501	0.232460380266868	21
-0.115683136166605	0.250276453910905	21
0.050220480324106	0.376837736474223	21
0.031797795029452	0.877470373862033	21
0.096804058462829	0.954376470394418	3
-0.115875054292987	0.282464509813154	3
0.0693325404852641	0.361830188474866	3
-0.105400989007688	0.406942930751109	7
0.121569474513966	0.553067294327612	7
-0.01423668202795	0.779053409839289	7
-0.111046130086665	0.109223498718798	43
-0.115786183493449	0.174354437419922	43
0.032022646047339	0.388486045328343	43
-0.105850535299272	0.135422743432737	8
0.094714610145977	0.347625297173765	8
-0.100337936898217	0.63016824562261	8
0.0452031763986111	0.626093474224109	8
-0.105640405182266	0.135507846198324	11
0.06992470923534	0.362317672416572	50
0.049978595927915	0.376666352239561	50
-0.015736402076839	0.792346122918853	15
0.118470698605349	0.928441184114442	15
-0.043456497937939	0.581370181359299	15
0.094813094595454	0.34769206452317	15
-0.115774640619492	0.282537949964564	90
0.121364985136881	0.552840581160498	90
-0.115495160064228	0.250432878749774	90
0.02055157109883	1.33074093414337	21
-0.068563921581672	0.801093166489777	21
-0.103877829372544	0.422369713551735	21
0.119857472472824	0.931196307477028	21
0.066853356138178	0.807717874462794	21
-0.09994837994926	0.556503311302051	21
-0.101218953294922	0.75641073694098	21
0.114308710923105	1.10890848714641	21
-0.113402132402393	0.3139859778665	21
-0.105787908477957	0.392833051169815	21
-0.021518756739426	1.42785186313419	21
-0.02558752036046	1.14115402215767	7
0.017300201791244	0.681105548428616	7
-0.118472810906431	0.211900019936529	94
-0.118056684780534	0.212186929048949	3
0.070045825421381	0.362342465833943	3
-0.10398580211273	0.422248483150131	3
-0.044382316677202	0.595257713923946	3
0.021111344500844	0.668708962681827	7
0.019164756997838	0.401123062932193	7
-0.104658153154155	0.394022138983065	7
-0.101494814900054	0.490569011213831	7
-0.118218827550053	0.212071085126265	43
0.049593369460279	0.37635139231335	83
0.044569894686905	0.625253189438816	8
-0.103142807725045	0.423215169091104	8
-0.016494877314513	0.46588207272559	8
-0.115925368174204	0.232296236286305	8
-0.115551279787751	0.232559219900392	8
-0.115875054292987	0.282464509813154	50
-0.101642593800422	0.51567835233541	15
-0.025123423155255	0.818107945660678	15
0.00594264038499404	0.958292167741162	15
0.060439673638554	0.816614926953095	15
0.045830008664956	0.849079350106739	15
0.031734566274481	0.87726523127854	15
-0.116142114026661	0.232115562812506	15
-0.115495064065639	0.267069594226828	90
-0.012138701931433	0.451819433414628	90
-0.011446203311409	1.76457331084871	21
-0.052054726895117	1.10745971105976	21
0.09903706037337	1.45786680500136	21
0.065335183823195	1.01276581704107	21
-0.059917691939008	0.727660196545266	21
-0.00581242604351501	0.745857893223178	21
-0.104681362005971	0.43445269024932	21
-0.051730283117345	0.658044087267848	21
-0.047918634502137	0.619788678846654	21
-0.098990933082838	0.596084175495726	3
0.062677632474536	1.37278924875822	3
0.089265569708066	0.960308539310925	3
-0.100327091796484	0.530721939439557	3
-0.015900685549827	0.792068715059026	3
-0.071301102365862	0.894786091070993	3
-0.106176073847836	0.40573778689525	7
-0.028147875265859	0.505901081246984	7
0.0919015075790231	0.571552437637395	7
0.109965043747679	0.934933767748581	7
-0.00629432341678998	0.438627043993753	7
0.069767628338025	0.362213706599297	43
-0.115865885375349	0.232346090494917	43
0.069985211355685	0.362360936504864	43
-0.115975617507077	0.282361413729015	8
0.018783838356694	0.400815032024818	8
0.06087505539049	0.604112354821583	8
0.031841702526023	0.877262613374502	8
-0.047367311914002	0.605515281915471	8
0.091923286210614	0.571559129249402	8
-0.115118164288478	0.297947787415575	8
0.099482045076512	1.2913982892163	15
0.116869134604603	1.43221473977859	15
-0.109275073102068	0.346712458776625	15
-0.116193959531358	0.282032743499443	90
-0.101024510822374	1.27598470245286	21
-0.09988138256407	0.67885728059608	21
-0.00513626260251299	0.747417216653045	21
-0.101900988432825	0.489989748259937	21
-0.103217451952383	0.462454328491362	21
-0.038940319065662	0.556718116570906	21
-0.100434113447862	0.605528989369192	21
0.008574692854593	0.702412701157459	21
-0.00140653675473301	0.737330605312871	21
0.044999462334905	0.847002715529527	21
-0.100386452658842	0.556029772341076	21
-0.000671073753317986	1.4568403893672	21
0.03217413750961	1.07920888975244	7
-0.09757245518572	1.04396531211573	7
-0.028678378631412	1.18833085223695	7
-0.074844851705058	0.993902619345095	7
-0.026465893300969	0.846925349115995	7
-0.00677638400342101	0.438287901150405	7
-0.115177054983175	0.282878696537004	94
-0.101690007670101	0.502983473122444	3
0.00730169724917695	0.411991433792135	3
-0.103806337835998	0.4487319512977	3
-0.101998888106074	0.515081939565079	3
0.078744966071666	0.980905065008243	7
-0.048026899546275	0.604329481505548	7
-0.034280572645714	0.531486030785785	7
0.104640973882976	0.761663942405008	7
-0.03406586731681	0.531863673639794	7
-0.103493255924019	0.449168712202818	7
0.00734778407173398	0.412093803640283	43
-0.113219520501847	0.314175863115507	8
0.118318384366955	0.928123170659023	8
-0.10149445341968	0.744186847736	8
0.024127250494778	1.10906541310535	8
-0.118218827550053	0.212071085126265	8
-0.115478165491015	0.267173709816532	8
-0.102794792592721	0.450216215615595	15
-0.100753951637422	0.555298793120533	15
-0.071723059425371	0.881065160091024	15
-0.108420910173471	0.347575254855061	15
0.091004100531209	0.57020937118941	90
-0.100944687853547	0.491455096096707	90
-0.103791103664114	0.448661024783607	15
0.106041057272857	0.562368305188996	15
-0.019241483759056	1.08904595912163	21
-0.100371151650467	0.543362766497166	21
-0.103535238721028	0.449149840978055	21
0.041215327602516	0.859328953182204	21
-0.038964600668158	0.557098369021146	21
-0.108537334061419	0.3616234029673	21
0.012761236997734	0.691628428101036	21
-0.102408364814798	0.526857875952826	21
0.033598488228148	0.881450492663863	21
0.059746278034869	1.19430154749721	21
-0.116254868481557	0.282112923562482	21
0.033062398072349	0.389469668704939	21
-0.036170082397631	0.545156576849271	21
-0.100748985210426	0.688642312068075	7
-0.119872525190332	0.191939501341434	3
0.038924953496809	1.06115411236157	3
0.113671213186954	1.76642733600135	3
-0.076098348731862	1.05065095491935	3
0.120513645916581	1.10040164207625	3
-0.027104250430328	0.84528363802095	3
-0.047614933190458	0.620295134744566	7
-0.10398580211273	0.422248483150131	7
-0.103336690580354	0.449367588540202	7
-0.104143584714103	0.408495372480843	7
-0.117524281388817	0.21248977803757	43
-0.119752897809349	0.191995480003362	43
0.069707180843949	0.362140744984604	43
-0.115299126440574	0.250603917514679	43
-0.119872525190332	0.191939501341434	43
0.121002627961068	0.552382202358639	8
-0.000989212264948025	0.424441129112136	8
-0.115491800706849	0.232609080702982	11
0.04741453481864	1.04672247348378	15
-0.015446945618967	0.793088870291422	15
0.012605896674496	0.691291748108025	15
-0.111046130086665	0.109223498718798	15
-0.115875054292987	0.282464509813154	15
-0.107481228517928	0.362819256175038	90
-0.107262512322463	0.377156386297626	15
0.00771060624950803	0.412459440155001	15
0.083577351710077	1.84263141972847	21
-0.117486810076975	0.973407220686096	21
-0.098563569802867	0.819172513244888	21
-0.067447085672042	0.790915891288416	21
0.084760888842767	0.973223681997998	21
-0.022275641338439	0.477385197835345	21
0.087201291477908	0.778856311406699	21
0.12020362885037	1.09957586187728	21
-0.104198894176732	0.435147011816493	21
0.051708574998502	0.613780326197022	21
-0.113245708342356	0.31414781098361	21
-0.105971545939068	0.378568216324643	21
-0.118472810906431	0.211900019936529	21
-0.115634920398568	0.282669719530436	21
0.069647700261358	0.592493929858288	7
-0.111367830996214	0.109098780678012	94
-0.115735401285459	0.282581434743212	3
-0.099912623384673	0.859438720292051	3
0.097320203471467	0.955056374709991	3
-0.016865670277333	0.806223278014153	3
-0.101474611992211	0.516021591463826	7
-0.032569202729187	0.516961107148567	3
-0.106229016624119	0.392178487856463	3
0.091879785820006	0.571492851311329	3
-0.105665205750206	0.419857178063305	7
0.086732484300652	0.778009956811611	7
0.032090262086968	0.647587329995103	7
-0.115864118989996	0.174338917171374	43
-0.105640405182266	0.135507846198324	43
-0.116706077839398	0.173836091256421	43
0.03241357125236	0.388907941140959	43
-0.12057514662087	0.191492373707827	43
-0.115887655341553	0.250098737193349	8
-0.013639564378555	1.54598979365686	8
-0.116082684611876	0.232181956917002	8
-0.105772491317015	0.419618750570483	15
-0.102293606685698	0.476623289240725	15
-0.112007085478362	0.315318576143075	15
0.119619485869311	0.930406069166559	9
-0.034224342010596	0.531653575473738	9
-0.115495160064228	0.250432878749774	15
0.094767308870488	0.347535344356724	15
-0.120111912496265	0.191776061056391	15
0.090090243643698	0.962562136654162	15
0.109959420925922	1.27868338419766	21
0.029410696861853	1.31230313784875	21
-0.021391664433592	0.478622887500279	21
-0.115884491229885	0.266722648411163	21
0.114650994400814	0.753094897174016	21
0.094570422603698	0.347528657313905	21
0.067628240133119	0.809281379080946	21
0.079362402015335	0.580622965237865	21
0.066823856655882	0.807792317637378	21
-0.01660145938717	0.790214863597754	21
-0.100313542976948	0.530667370902035	21
0.120828169843571	1.5753106794939	21
0.050220480324106	0.376837736474223	21
0.032842249122632	0.648698886336867	21
-0.100244508539277	0.556105898169037	7
-0.071878265508147	1.47770806248687	3
-0.055830038816633	0.679416730974835	3
-0.115361611463706	0.250514697355033	3
-0.106622557792764	0.377923080061308	3
-0.115610729280437	0.267077546829527	7
-0.00151080636789303	0.423788883773208	7
-0.10827682111237	0.157018219232949	7
-0.105430502322049	0.135511860859858	43
-0.110851264553032	0.109285725974399	43
0.121712412911891	1.26690954310695	8
-0.101864170903526	0.477301543201611	8
-0.10817662227909	0.15704642066765	8
-0.115334511532674	0.232707910954119	15
-0.105829210152212	0.392773880545662	15
0.082257395682773	1.32154848965643	15
-0.040717189173259	0.954958791314758	15
-0.100210613238129	0.690004516714562	15
0.054258957040223	0.825086471427202	15
-0.111172839857222	0.109222251636938	15
-0.106415204902545	0.135144990388275	15
-0.11789451156414	0.212286728997392	15
-0.115806292437704	0.23236397917735	15
-0.115951970036625	1.72841222764485	21
0.025031834156454	1.53303965244003	21
-0.098209941550145	0.909015670904108	21
-0.076373794977485	1.03708903452072	21
0.0639351581951491	1.00925511184373	21
-0.10101256416042	0.504090953650955	21
0.120640272804859	0.55186366822935	21
0.033532176898578	1.08323764217254	21
-0.047394787427623	0.620627037278284	21
0.024720877632093	0.898846758626958	21
-0.039722563977541	0.555864227373965	21
-0.115136955306687	0.297878956982599	21
-0.118218827550053	0.212071085126265	21
-0.116132740014047	0.266627872453811	21
-0.097884284595629	1.16906386639661	21
0.00773232066307705	1.1901876360644	7
-0.071441221139974	0.894418328191725	7
-0.024569504371801	0.492815765980712	7
0.0171442620587891	0.680821642368401	7
-0.105640405182266	0.135507846198324	3
0.092798651508076	0.572532964519878	3
-0.034014781186252	0.531944104279152	3
0.068935860945491	1.00081816734137	3
-0.10785691569198	0.362352314890187	3
-0.114551438403952	0.298511433361762	3
-0.036753131860727	0.544377154541798	7
0.096196248076299	0.771451949934478	7
-0.020101835857758	0.480058199911055	7
0.01840293348801	0.400456643147028	7
-0.11773230788059	0.212370464916645	43
0.034880428355329	1.65732433375668	8
0.032203293299356	0.64780919050384	8
0.001385859292933	0.724976904617192	8
0.094616076332456	0.347498367491258	8
-0.10862954208455	0.156848885676898	8
0.060800889504487	0.6038965878051	15
-0.072209885853229	0.928774450077608	15
-0.099551018506914	0.714791925491246	15
-0.115274979290486	0.232741223930052	9
-0.116098504958364	0.174160883204906	15
-0.115774640619492	0.282537949964564	15
0.055072373158449	0.826899939000504	21
0.074184054060049	0.992239832960274	21
0.0548652569092431	0.826406012623063	21
-0.025582212670222	0.833389659485853	21
-0.100245568407443	0.60593288558611	21
-0.100159034342547	0.581395381794389	21
-0.066944011163138	0.778848581825429	21
-0.098999276148256	0.773415501027754	21
0.031647655604282	0.388022368755338	21
0.00775666823669896	0.412516371881638	21
0.016285100956118	0.679289720148455	21
0.111140801693389	1.4352126095425	7
0.032179698988583	1.2872995763186	7
-0.115560351170185	0.174502157155665	3
0.111371295335149	0.938246777157108	3
0.118978438636188	0.929615185522245	3
0.00525818683994095	0.714421820328685	3
-0.100781564528295	0.711902548622693	3
0.068853419267392	1.00063128373093	3
-0.107628370839272	0.376583465756843	3
-0.102702344788008	0.488634787061573	7
0.121569474513966	0.553067294327612	3
-0.115649061002075	0.232494789498917	7
-0.10767207675235	0.157225587827979	43
-0.10827682111237	0.157018219232949	43
-0.115178660193023	0.174680639182499	8
-0.02771066053561	0.843643985371165	8
-0.013037483907793	0.781865809404811	8
-0.069544855248157	0.837335178576488	8
-0.101490514283402	0.515977641444509	8
-0.016190097513905	0.791326527916382	8
0.049978595927915	0.376666352239561	11
-0.115735077353369	0.266961737317526	11
-0.058358736728685	0.702921660366145	15
0.103743444043284	0.945821752497233	15
-0.078136465766917	1.11434682237818	15
-0.055766326180485	0.679617299449561	15
0.100791312353553	1.62971419665793	9
-0.115495226623773	0.282786699871077	15
-0.116082684611876	0.232181956917002	15
-0.069736302521435	0.861854505577933	21
-0.043538204519335	1.34856271293182	21
-0.00592777955229501	1.0076817649821	21
-0.059320530157754	0.714986112758612	21
0.04493184747285	1.05875721612622	21
0.036989762718117	1.07472172240916	21
-0.10069529805888	0.580420083592297	21
-0.054804952396905	0.666941347035814	21
-0.074062314392045	0.935271954941794	21
0.10252895887798	1.12546429461377	21
-0.057839307777529	1.2022420930608	7
-0.101094605989567	0.77906534968567	7
-0.099091615026045	0.884075979642555	3
-0.054612381575341	0.667216960888788	3
-0.012471431929206	0.451385834430231	3
0.121031704753056	1.10175030975175	7
-0.104218494441027	0.448032033142417	3
-0.099848946823278	0.544239832225027	3
-0.110800010484811	0.330825837150489	3
-0.100682700345652	0.555479902574964	7
0.112510817672592	1.10370043845212	7
-0.100597936159333	0.605244280232473	7
-0.118635004994345	0.211784211967323	7
0.032679633246149	0.389180295485691	43
0.00775666823669896	0.412516371881638	43
0.00898510265559804	0.949217524415551	8
0.032562398984393	0.388889676763519	8
-0.000467589846934013	0.424990145999691	8
-0.00662027083922701	0.438453577682456	11
0.0116239634888911	0.689513300598533	15
0.114967487546405	0.753672360307567	15
-0.101998888106074	0.515081939565079	15
-0.096311133306771	0.926291754514645	15
-0.022059314344376	0.809947529693435	15
-0.10357185853167	0.436072560527944	9
-0.107322077841517	0.363001857408792	15
-0.104198894176732	0.435147011816493	15
-0.034643716748601	0.531018870423431	15
-0.05731507559257	0.690792503620508	15
-0.096731537959641	0.969987245191313	21
-0.043998523718078	1.33311673831118	21
-0.114968519926714	1.1094866366982	21
-0.07185182054888	0.905207488786501	21
-0.09944150227285	0.827833810560885	21
-0.122553679936427	0.825376604037989	7
-0.098786194433913	0.907350231067294	7
0.0150949778967741	1.58703599062435	7
-0.05209581888365	1.13374730931832	52
-0.118056684780534	0.212186929048949	7
-0.115025365423666	0.298064842417503	7
-0.106297066015442	0.135223212569187	3
0.029617664230464	0.891235556801855	3
-0.077018854910303	1.01065434556646	3
-0.114964405924953	0.26754860013475	3
-0.065701836789603	0.768754413670763	3
-0.078228794866467	1.09043207683273	3
-0.061339542673595	0.73829182110909	3
0.059226290406451	0.601528756424369	3
0.0911399091152551	0.965078335294958	3
0.110999048054602	0.937440861652197	3
0.045927447893073	0.627137765676755	8
-0.00677638400342101	0.438287901150405	43
-0.015974673936231	0.466425053205376	8
-0.050999343197636	1.08451421245671	8
0.103522254469985	0.945246488902773	8
-0.04349340596386	0.581324936649726	8
0.00842222354446198	0.702138633799833	8
-0.061247499122892	0.738403993410508	15
-0.050599418240081	0.630214806554926	15
-0.099904426780484	0.848314906203412	9
-0.054349772147996	0.667820993026156	9
-0.10126744452731	0.615914967458771	9
0.0608120507723861	0.817382222428911	15
-0.10472073850346	0.421266183025657	15
-0.102904805144907	0.462944202733304	15
-0.081603804771362	1.62869948288021	21
0.103873839814029	2.37548342326172	21
0.016155085252061	1.77758617508977	21
-0.116800876540589	1.10196688563158	21
-0.081233049009804	1.2601314281441	21
-0.045410793897943	1.37895341003136	21
-0.07333630211936	0.937499539313688	21
-0.120490512079764	0.862261139111701	21
-0.073002290819759	0.864910316451361	21
0.00554176724676003	0.957033234100156	21
-0.01262921336332	1.05015919247232	21
-0.101436033109858	0.755719883744802	21
0.047040850217542	1.799752662523	21
0.049593369460279	0.37635139231335	7
-0.044234614245221	0.580031767560835	7
0.00397424763059995	0.711715969625047	3
0.032671440719784	0.389128951808697	3
-0.021666003931103	0.478250016697123	3
-0.104581160073627	0.434572563029216	3
-0.098974323083814	0.862319570844237	3
-0.00844294478949298	1.01615113624062	3
-0.053074512293612	0.655627107522504	3
-0.110171606583377	0.331396092283404	3
-0.026568014601779	0.846629553017079	3
-0.017372951016133	0.805052396864214	3
-0.034275515072536	0.531555028148551	7
0.09616946952645	1.1308868296147	7
-0.101435036798476	0.477926861974414	7
-0.025373295262015	0.491829272592192	7
0.121773954388524	0.553259911168426	8
0.00750615608570304	0.41223678678944	8
-0.102296676845288	0.489225524399826	8
-0.114092989114217	0.313093181894708	8
0.063794498380226	1.00881051781303	8
0.0689971616869241	1.35674069911351	8
0.050021134618393	0.837271544194054	11
-0.106918955959757	0.391351651537041	11
-0.044175303786878	0.580079686519194	15
-0.105767401855751	0.419671605253846	15
-0.10179919621469	1.37870488723047	21
-0.100191241821669	1.23013352840913	21
-0.046536334044107	0.991627327261423	21
0.047672721845346	1.6099368743856	21
-0.123913163359828	0.821297704255475	21
-0.072072616735689	0.867877152131814	21
-0.067730468919292	0.816310081469198	21
0.038709756344619	1.27473332679417	21
0.078479791102765	0.980613023952174	21
-0.035899741266362	1.27377169133409	21
-0.00537995752550102	1.49672487646086	7
0.069707180843949	0.362140744984604	3
0.034354506954967	1.85323664727107	3
-0.098500484645562	0.874586360931499	3
0.104324380690525	0.761048895078439	3
0.00197843988586799	0.726104628553281	3
-0.100086949551153	0.518245959179603	7
-0.065185428039758	0.75644665602877	7
-0.115735401285459	0.282581434743212	8
-0.114755811000739	0.298304140096356	8
0.039192148033905	0.63814835742386	8
-0.024932042589447	0.492384097302597	8
-0.112515481093754	0.314878304473413	8
-0.115495226623773	0.282786699871077	8
-0.100801188737791	0.629104685913607	8
-0.00680288135867002	0.438232770044744	8
-0.115486491719167	0.26716272760188	8
-0.037279650829441	0.54354960461978	15
0.104431029548973	0.761266935134861	15
0.105337095962213	2.08556701732346	21
0.103768559905023	1.28224400234838	21
0.063892238068254	1.00928360851969	21
0.017507973102674	0.917907294941366	21
0.032090262086968	0.647587329995103	21
-0.113507877218575	1.22898312962602	21
0.00565656109155699	1.43767059695917	21
-0.099665255807615	1.05703159094744	7
-0.00599470931421497	1.26853473045873	52
-0.043456497937939	0.581370181359299	7
-0.100415626974091	1.24916142942668	3
-0.01070368270102	0.770153043150117	3
-0.053370197212379	0.655049423370605	3
-0.105075318436444	0.407234178837117	3
0.03272975612393	0.648618664552086	3
-0.102838005864199	0.525869895007543	7
-0.020106773548913	0.814887060479683	7
-0.100409899589305	0.530549037386013	7
-0.012725788336887	0.450973271167302	8
0.094714610145977	0.347625297173765	8
-0.108731625350861	0.347264075976457	8
-0.007297742878835	0.437642535196367	8
0.017121283336302	1.3690663243104	8
0.120751459809383	0.551967448725777	8
-0.100380826174787	0.556011271583281	11
-0.057221346447711	0.675707605251494	15
0.049771890620289	1.22043218802034	15
-0.042514055222645	0.949545985669757	15
-0.066373726867844	0.780174534308901	9
0.097189767232821	1.13393477852837	9
0.019024343811975	0.400995766230683	15
-0.045575917092942	0.981136319201568	21
-0.051278671031874	1.45060305492367	21
0.085639124505849	1.31134779157358	21
0.00874917314565404	0.948607520118751	21
0.068708835963027	1.00025444341391	21
0.0911399091152551	0.965078335294958	21
-0.115865885375349	0.232346090494917	21
-0.052813165493653	2.13969921260263	21
-0.00473716980146	1.25755224339439	7
-0.119461367151523	0.192157298875416	7
-0.108124933419248	0.157028833949212	3
-0.115482191178774	0.174536673752898	3
-0.114597832176051	0.298423615359557	3
-0.099030286342437	0.620734622911162	3
-0.025937484817186	0.4910199606864	3
0.080793989319744	0.789990152532492	3
0.05163232456736	1.0381473296788	7
-0.119700784648316	0.192028879544537	8
0.095055747582624	0.347818338968019	8
-0.115942151169274	0.174304472771972	192
-0.0115956441558	0.452400924035222	8
0.11454968000284	0.75296234508756	8
-0.110381124496734	0.331286677108395	8
-0.115867608226366	0.266865615032953	15
-0.038923360245926	0.557139473948915	15
-0.072643556808982	0.93974524878195	9
-0.100807345660083	0.641153659618837	15
0.037181665918689	0.870221037797287	15
-0.054577352708602	0.667388870612829	9
0.113254895444964	1.10602745859919	9
-0.119992196778249	0.191867148004975	15
0.092067928749303	0.571753176695689	15
0.012540107107162	0.941006779420702	21
-0.117449855192712	0.963611173005503	21
-0.00784589897079702	0.436917011108171	21
-0.109441411993081	0.346508589865763	21
0.022579672008285	0.912095615745259	21
0.088742325309313	0.781508336974251	21
0.03278954776994	0.879644211909099	21
-0.021347720313516	0.478696227557813	21
-0.013801263224643	0.780100908640042	21
-0.115025365423666	0.298064842417503	21
0.080049853592656	0.581778554566507	21
0.094911529690464	0.34769384971923	21
0.042647104230208	1.44728123144985	7
-0.11094511279134	0.330733286868421	52
-0.115638607509046	0.174448538504531	3
-0.107924189653872	0.157165661368801	3
-0.070460123997975	0.860061992617752	3
-0.089711724017696	1.43912589959643	3
-0.00698939332487902	1.00417982644489	3
-0.028791707233055	0.505077492735402	3
-0.111321186318215	0.330292839043739	3
0.120891409088515	0.552151877094673	3
-0.018659251089263	1.10554162067896	3
0.00781233184156704	0.700862548007504	3
-0.038396278648208	0.557823833751879	3
-0.114663038209483	0.298421220727097	3
-0.099835961476322	0.643338418196663	7
0.063238329360455	1.00745180734055	7
-0.116246155858801	0.174122278287642	192
-0.110569104428413	0.33111717482189	7
0.00397123132642796	1.65811040518477	8
-0.109130847377256	0.346874179809736	8
0.050318633606765	0.837993295704307	8
-0.11784860700749	0.212306266404081	8
-0.10900562290879	0.156634106408857	8
-0.115619135005818	0.267035946299843	15
-0.102020187580306	0.477075321925212	9
0.02817231031496	1.51215301078411	9
-0.102820315561649	0.475800417751268	9
-0.029316398841027	0.504268438945086	15
-0.117316245083055	0.212589331965569	15
-0.063702423448367	1.26424179637349	21
-0.01456148205346	1.02747326613386	21
-0.008014980790224	1.01748641617956	21
-0.099947611975399	0.782247973853409	21
-0.071797124595345	0.880991865099263	21
-0.099674112039202	0.679291621644544	21
-0.099326841011331	0.644391901050352	21
0.120066179925528	1.26187599076765	21
0.051177633547691	1.03726519926065	21
-0.106086897683942	0.135306113972711	3
-0.101500253026408	0.553797800007394	3
0.06992470923534	0.362317672416572	3
0.00316537934901295	0.967736878567278	3
0.038242154735972	0.636524797494806	3
-0.00967536576515798	1.02800880991013	3
-0.039878964551408	0.555641841257419	3
-0.106622557792764	0.377923080061308	3
-0.017058147449286	0.465212345192957	3
-0.033120379525902	0.533045586101883	3
0.080540067057345	0.789663850549905	7
-0.099220839693014	0.620300775418245	7
-0.106960669043139	0.391264282550014	7
0.032687571155007	0.389112245499192	8
-0.116355446683367	0.282009850648996	8
-0.114709417684782	0.298377086701218	7
-0.115529659560547	0.232455285033684	192
0.032046629730321	0.647535416781942	8
0.08028264498907	0.984893867097575	8
-0.031619302379781	0.518482437216037	8
-0.113206247851903	0.31414450050696	15
0.096196248076299	0.771451949934478	11
-0.100809307686793	0.779848728640197	15
-0.101825722991863	0.477223037552973	9
-0.110214657147229	0.331446653142791	9
-0.106353270436944	0.392126212209249	15
-0.02850496999866	0.505325623609965	15
-0.070720513797089	0.834036117844339	21
-0.037896404045007	0.920467757638131	21
-0.049426567531089	1.06310213399541	21
-0.101182842783161	0.745136284996206	21
-0.100251754986976	0.642291098008921	21
-0.101690007670101	0.502983473122444	21
0.00596163119675397	1.1837601008239	21
-0.0995306198003	0.915874584957283	21
-0.030262682582841	0.867816149528199	3
0.012437707162036	0.940778747089447	3
-0.057170071628951	0.691123967130814	3
0.016225930491244	0.679139516975133	3
0.050619648105306	0.838472618204239	3
0.02614364995874	0.902074486990804	7
0.070096722722678	0.593113362014122	7
-0.115735077353369	0.266961737317526	8
0.121364985136881	0.552840581160498	8
-0.115183333848117	0.297885176018821	8
0.00703105121615999	0.411744877487858	7
-0.000454621469345995	0.425035910430045	7
-0.046425542498007	0.591720418288366	8
0.036142761636055	0.867924390832242	8
0.069444860888897	0.592166068599188	8
-0.025373295262015	0.491829272592192	15
-0.100618072367075	0.665392849134538	15
0.079300182482132	1.33235170056892	15
-0.00205525106611298	0.986452169576083	15
-0.06167961863207	0.723619223967531	15
-0.012475903455108	0.782843379336748	15
-0.108378124876547	0.36179213477619	9
-0.031986505136906	0.517950330553843	9
-0.102336908005694	0.463600900154838	15
-0.032569202729187	0.516961107148567	15
-0.076120340251963	1.06216045255902	21
-0.097973851219231	1.0316206194782	21
-0.052617815830279	0.656395396635618	21
-0.061939663232824	0.736998394193978	21
-0.06350997899106	0.732942740916067	21
-0.101031530863164	0.504032816652405	21
-0.101384805419002	0.503492235845559	21
-0.041599514704122	0.568821310273066	21
-0.060480538372754	0.712174769161786	21
0.016199015678543	1.1522034910386	52
-0.105088282900959	0.420734556622256	52
-0.018272397995297	0.463290898234747	3
-0.055534833053022	1.19855784879146	3
-0.120674558906392	0.902268746895352	3
-0.00453164982543702	0.748604071445434	3
-0.028469861708799	0.505523702192543	162
-0.103003028984618	0.462781465330216	3
0.012796575678344	0.691795211479086	3
0.012546015547246	0.691273634579985	3
-0.099665044544374	0.569944413390857	7
-0.101127093914243	0.554561072607834	7
0.0506885228403881	0.838747578689373	7
0.069767628338025	0.362213706599297	8
0.069610576487529	0.362084403314652	8
-0.106449227980853	0.377975120795359	7
0.032812628396835	0.38928162597619	8
0.105858345493466	0.562243762032159	8
-0.00236946485638301	0.985460903451409	8
-0.030676483802573	0.519708859961928	8
0.104788831191031	0.560952811386613	8
-0.118056684780534	0.212186929048949	15
-0.115925368174204	0.232296236286305	15
-0.115887655341553	0.250098737193349	15
-0.050149802609844	0.631024746885482	15
0.055513231765524	0.827754859075959	15
0.028294190185984	0.888460761264905	9
0.018503014739763	0.400492999713737	15
-0.11789451156414	0.212286728997392	15
0.032812628396835	0.38928162597619	15
0.018442988358702	0.400498978562648	15
0.0263818230346931	0.658220937106994	15
-0.04252881099258	2.28500596970248	21
-0.047327885700692	1.38275817697603	21
-0.098134642788523	1.12633934830422	21
0.041228900894806	1.26549964085049	21
-0.070211333615146	0.822639239909282	21
-0.071445672885314	0.882085870336035	21
0.098704532694668	1.28854408212706	21
-0.086285008366563	1.35408879231367	21
0.018743437208761	0.400673625735641	52
0.00703105121615999	0.411744877487858	52
-0.108029022218208	0.376164445426377	3
0.014910958079542	1.1485379017964	3
-0.099246287178913	0.850422781674005	162
-0.100070045355863	0.518349746763965	162
0.124917015027191	0.743192038356441	3
-0.101220582711306	0.478218178987117	7
0.00855673932446899	0.70236866232417	7
-0.021666003931103	0.478250016697123	7
-0.012327070150769	0.451591481931451	192
0.120798123532665	0.552092013291304	192
-0.114551438403952	0.298511433361762	192
-0.018730176642954	0.801876087958649	8
-0.101234481965226	0.56689174702444	8
-0.100878853018816	0.504293815438691	8
-0.011783957827366	0.452215227579466	15
0.080404836294051	0.582254666997794	15
-0.034014781186252	0.531944104279152	15
0.105009175554823	0.762304805432382	15
0.086002565669531	1.31265380372828	15
0.113771674811905	1.10753266653677	9
-0.00192437072874502	0.7360973606648	9
-0.114096368497507	0.298910001258298	15
-0.000115535092476027	0.425322461204668	15
0.032303505120462	0.647953311178034	15
0.060110814045697	0.603008389896887	15
-0.025896290969274	0.491038160957027	15
-0.032923308373929	1.25749648270994	21
-0.082780335123473	1.24225169037257	21
0.012648604967354	1.15777009399076	21
0.035822904397963	1.07119160346327	21
-0.124781730059109	0.778393619886351	21
0.118658343235457	2.04632400819579	7
-0.024292417115773	0.83667852790094	7
-0.028875899518206	0.50491990142202	52
0.0693325404852641	0.361830188474866	52
-0.11602314482964	0.232215293174705	52
0.069767628338025	0.362213706599297	7
-0.102449570991686	0.476397255824729	3
-0.103941654275908	0.435558735503238	3
-0.09860220950393	0.584363460085062	7
-0.052822444929705	0.641031310543178	7
-0.000819654994689001	0.424615128554178	8
0.069828188022753	0.362231642221134	8
-0.115478165491015	0.267173709816532	8
-0.112332875277594	0.315022377471411	8
-0.110590592179069	0.331092368723623	192
0.094471905520907	0.347429554045934	192
-0.11477179681247	0.251003853345745	192
-0.011407347784105	0.452561966872693	192
-0.012515455873634	0.451343546712908	7
-0.021303804906081	0.478732388397832	7
0.095498156659987	0.770162806601935	8
-0.048579361696689	0.618686240504746	8
0.032288687839564	0.38880943783942	15
-0.115751801521514	0.266891278155788	15
-0.014609074270235	0.778104780766995	15
-0.101155906662	0.767750967524726	15
-0.037080465521151	0.90859476658867	15
-0.055475380784167	0.680212699077032	15
-0.111256430716856	0.330366750675055	15
0.069735019811522	0.592632952006185	15
0.03877395996788	0.637595932908123	15
0.105479777916669	0.561836138367674	15
0.011529167115048	0.689315286520564	15
0.090844050177836	0.964381626669194	21
-0.10133689057979	0.503472003354714	21
0.110930409413194	0.937279574791976	21
0.036889979324204	0.869606698116649	21
-0.073343164918584	0.900827893542716	21
-0.108855659857761	0.361244752152499	21
-0.099812713187212	0.569687730022412	21
-0.00731113116235799	0.437654880591526	21
0.049450021075244	0.376212304083995	21
0.00723549015847003	0.411967412545661	21
0.073313695353186	0.989883516094519	21
-0.066525488544087	1.58886119944311	21
0.121127779089696	1.42366697804106	7
-0.107770206458974	0.362545964342193	52
0.065596807313408	1.19235163934253	3
-0.102887067318022	0.462851636606661	162
-0.104218494441027	0.448032033142417	3
-0.106072926475204	0.392413695411652	3
-0.113076148047404	0.314309119375819	7
-0.103003028984618	0.462781465330216	7
-0.117524281388817	0.21248977803757	8
0.069235939555089	0.361751103647983	8
0.094137842109293	0.34701438768929	192
-0.115708597034501	0.232460380266868	192
-0.106899880623516	0.377596840903342	192
0.0941835548125231	0.347208554563495	192
0.070516897020629	0.362652369498222	192
0.069985211355685	0.362360936504864	192
-0.115117718137672	0.232840038278335	8
-0.021029314303162	0.479070499396481	8
-0.061293288110168	0.738416989797479	8
-0.112202443827615	0.315097459718802	15
-0.117940324508367	0.212235046293899	15
-0.121197262291764	2.07118646081926	21
-0.036704069593119	1.54481153079082	21
-0.099337398971302	1.14257442462513	21
-0.109907313960896	0.345801616854608	21
0.023277026533441	1.10636884506865	21
0.020545020009656	0.667465823762018	21
-0.102737731015487	0.488500592810252	21
0.078412742130597	0.785253158640172	21
-0.051045936959324	0.629226782285766	21
0.069162866455294	1.00135843837803	21
0.022183839736109	0.670451845146817	21
-0.016783033864119	0.465481615240093	21
-0.068583911401528	0.827094472411189	21
0.018342533646607	0.400346261596969	21
0.105974663188517	1.77730835983398	7
0.014606599652399	0.928641250846652	7
-0.05540615256731	0.665666852641734	7
-0.105522181679156	0.135546168947089	7
-0.108024532646787	0.157115616540444	52
0.094426232068895	0.347404217335644	52
-0.016856009006586	0.465458908581662	3
0.032246951937194	0.647801538852045	3
-0.115735077353369	0.266961737317526	162
-0.045708634516083	1.00777268496972	3
0.044857775785962	0.846991761001234	7
-0.055698054439773	0.664951520888505	7
0.00709722972373195	0.411721693209759	7
0.050077129999514	0.376722954323861	7
-0.105640405182266	0.135507846198324	7
-0.109607719216501	0.346289191098809	192
0.032296616867173	0.38876265822939	8
-0.115683136166605	0.250276453910905	8
-0.116800256697455	1.02518160460034	7
-0.099332072246096	0.749893359344333	15
-0.059924651954607	0.713611439473693	15
0.016537543425955	0.679650984802174	15
-0.032592040225223	0.891500612727952	9
-0.105450806486006	0.406896001357638	15
0.092588953996665	0.572311666614489	15
-0.110851264553032	0.109285725974399	15
0.094570422603698	0.347528657313905	15
0.087433742723143	0.779341688682643	15
-0.114728296731592	0.298218691564263	15
-0.078483101970815	1.55803366373868	21
-0.096992961142478	1.00246067845667	21
-0.056847276691602	1.19328552188147	21
0.0285408778778971	0.888960655184496	21
-0.099900218054192	0.725521687299554	21
-0.04382726192412	0.580753193478941	21
0.038615560718653	0.637377009120142	21
0.060331291604211	1.02087033339838	21
-0.099880900594424	0.594325708674909	21
-0.111321186318215	0.330292839043739	21
-0.048466993602236	0.603461008049467	21
0.091713344231534	0.571292123645005	21
0.108744820157611	1.11842182755473	21
-0.114915104031954	0.250898880811666	21
-0.112684876862158	0.314702774953367	21
-0.063446878050865	0.747156456008591	7
-0.039606816268224	0.556132566608404	3
-0.110590592179069	0.331092368723623	3
-0.065540460817206	0.782594889212888	3
-0.0115956441558	0.452400924035222	3
-0.10254703141825	0.488898832868725	162
0.069822228764669	0.592568656269045	3
-0.115213108049392	0.267316622801134	3
-0.099980747034594	0.606429489762939	3
-0.103490238581216	0.462012656523104	3
-0.116082684611876	0.232181956917002	7
-0.119872525190332	0.191939501341434	8
-0.11768645941943	0.21240605852907	7
-0.021117092090389	0.478812537130378	8
-0.012138701931433	0.451819433414628	8
-0.100229318335713	1.14903021971612	7
-0.098836562165196	0.66942747391089	7
0.068912475279296	1.88680646710429	7
-0.024610340306171	0.492687352222046	7
-0.107823904549941	0.157193895577234	7
0.032421672899551	0.388933627124438	15
-0.102078851052324	0.476968851765815	15
-0.063942093381537	0.759668520529769	15
-0.119341724668929	0.192194639711006	15
-0.108024532646787	0.157115616540444	15
-0.116014733787822	0.282332807211575	15
-0.076333505097649	1.00035789426963	21
-0.011311259227074	1.30993693219522	21
-0.049929210749794	1.0478814583475	21
-0.099639824820129	0.691256766349204	21
-0.046205855246971	0.592159215042197	21
-0.058358736728685	0.702921660366145	21
0.0599989754411731	0.815578238213784	21
-0.107059089765736	0.37738532817789	21
0.120576474491414	1.10057869888881	21
-0.012260946086244	0.451531437586746	21
0.061688183125542	1.38766220021941	21
-0.105787908477957	0.392833051169815	21
0.00780271789859399	0.412528082030998	21
-0.101062681358641	0.855584266700274	7
-0.013275844684181	1.04805267297187	52
-0.109983654073199	0.331497527039333	52
-0.116020279876829	0.174250950865497	52
-0.065572823538735	0.782498044038036	3
-0.098781959527096	0.596517902417571	3
-0.10357185853167	0.436072560527944	162
-0.108731625350861	0.347264075976457	7
-0.100289777019102	0.61811416433184	7
-0.105312184461686	0.135590291209972	7
-0.116324060092515	0.174087909739587	8
-0.10854311416236	0.347419454220229	192
0.095488383472829	0.348018602273062	7
-0.00131503309501901	0.424014610357453	7
-0.00608560586627799	0.438985196621936	7
-0.043671667819482	0.580989870003497	8
0.036889979324204	0.869606698116649	8
0.05251843363803	0.615030729793238	8
-0.115735401285459	0.282581434743212	8
-0.115708597034501	0.232460380266868	15
-0.114096368497507	0.298910001258298	15
-0.038651699634994	0.557559625567968	15
-0.097580011317401	0.877618662774464	15
-0.072365283797276	0.928346850424014	15
-0.101558513236518	0.515882205103695	9
-0.110735559808676	0.330943190584247	9
0.08038244910569	0.582245333763651	15
-0.10926130495838	0.360669540755449	15
0.012792644272122	1.15824280475614	21
-0.03032694839518	0.867641614079225	21
0.114081470549931	1.108337948217	21
-0.002752454530983	0.734503580538375	21
-0.099630351362559	0.518991843043882	21
-0.09944526689628	0.619840250068132	21
0.038406342384756	0.637063646834563	21
0.105533302595542	0.561663198915066	21
0.067419750025166	1.54136609932743	7
-0.026773110252124	1.15148309381269	7
-0.111172839857222	0.109222251636938	52
-0.10827682111237	0.157018219232949	52
-0.12200728775078	0.867496513008761	3
0.031633410255994	0.876990693399329	3
0.00466558618789503	0.7132726995799	3
-0.107924189653872	0.157165661368801	7
-0.115201704352216	0.250640871017619	7
-0.115253218609301	0.25063925597187	7
0.033320255401407	0.389624719376281	8
0.062017099506081	2.20302548340785	8
-0.042457801897039	0.567284030760657	8
0.061522907440586	0.818524619230502	7
-0.00714174878220802	0.437867039470441	7
0.049450021075244	0.376212304083995	7
-0.115589415059581	0.232496130469265	15
0.00473399391752705	0.713431678941719	15
0.114680720063955	1.10986793854427	15
-0.057229290052274	1.16670416557897	15
-0.097872618475358	0.887720027176633	15
0.120844773245195	0.552153770954049	15
-0.11558572062481	0.250306242079166	15
-0.11789451156414	0.212286728997392	15
-0.115735401285459	0.282581434743212	15
-0.043397049788654	0.581497471088453	15
-0.074212474856731	1.47613546738767	21
-0.09696203761731	0.991209251626396	21
0.091794569480769	1.3106371036039	21
-0.010033013368439	1.02718695539285	21
-0.030796871301449	0.866428376763094	21
-0.020249966638215	0.814603451583758	21
-0.035741238855653	0.897718833492598	21
-0.070398862426042	0.847508801445949	21
-0.098969501778379	0.795447438295964	21
-0.010461818799252	1.0259041444101	21
-0.103668824913408	0.422634537324825	21
0.022322013743337	0.670619806914865	21
-0.120121535264925	0.924180392496153	7
-0.10862954208455	0.156848885676898	7
0.016676434063344	0.679855783777004	3
-0.054684624705372	0.681370492720602	3
-0.000637148880374028	0.424836251113862	3
-0.099943315594636	0.815178112040746	3
-0.113063180864064	0.314351934310155	3
-0.024085144230684	0.493346587007765	3
0.023029603989472	0.894161434380393	3
-0.100672585544011	0.542768247651177	3
-0.00467973427013602	0.748258611993211	7
-0.115649061002075	0.232494789498917	7
0.018302699911504	0.400371839860981	7
0.094668890383581	0.347567590449169	7
0.051792173395611	0.613934974352918	7
0.079883603271509	0.581508081693274	7
0.032046629730321	0.647535416781942	8
-0.114377700433294	1.20651620580874	8
-0.040133787406301	0.555252073702509	8
0.032804517631611	0.389277121255338	15
-0.000806672709668998	0.42466225128932	9
-0.031828118450838	0.518160595417	15
0.052858504785585	1.41251039423772	21
-0.025914499893506	1.15473211275531	21
-0.052546975392437	0.656612847557018	21
-0.099502365797179	0.607425793310534	7
-0.111172839857222	0.109222251636938	52
-0.100351508240194	0.724469796689291	52
-0.11784860700749	0.212306266404081	3
-0.05423874680387	0.667943433157203	3
-0.035098091537376	1.23511538132649	3
-0.099753710726303	0.594692507655025	3
-0.020464022378794	0.479710344348148	7
-0.102605536812754	0.476158511785527	7
-0.00468576507045898	0.748367557151564	103
-0.103061136591188	0.46270576387685	103
-0.11602314482964	0.232215293174705	7
-0.114254356089214	0.298761186949648	103
0.121364985136881	0.552840581160498	7
0.08019374878137	0.581987231916914	7
-0.103404762988075	0.436220659035472	8
0.043549431714571	1.05548430134701	8
0.012390701076065	0.690937075407224	8
-0.09983823286005	0.643248811754987	7
-0.115727084823662	0.266877688521883	7
-0.00313733324655002	0.733211247254463	15
0.044936532936462	0.625828748327225	15
0.079994124214923	1.15169247474666	15
-0.007656847169904	1.00199067277294	15
-0.122973641243034	0.8441892814525	15
0.09066483445795	1.13845883491225	9
-0.039804156525488	0.555677930908519	9
-0.114913786260103	0.298169823663592	15
0.032030738702111	0.388537304148174	9
-0.100603561514036	0.530064579349268	15
-0.049966284324284	2.41974345149233	21
-0.04545833204071	1.63575406378586	21
0.055848883778201	1.77155042207812	21
0.012787118212741	1.1579187286242	21
-0.097411792316957	0.956531663319927	21
0.0664697226030761	0.806851269300207	21
-0.030059844177234	0.868365412570568	21
-0.040297435848728	0.928097977147298	21
-0.038142221277796	0.920064069387098	21
-0.036739373012635	0.909409468772142	21
-0.07048752970242	0.82179897611339	21
0.051428956937447	0.613317203845942	21
-0.117734339284152	1.00151803309118	7
-0.105424896734102	0.393252260366806	52
-0.10472073850346	0.421266183025657	3
0.034617095127651	1.4869304867518	3
-0.115482191178774	0.174536673752898	3
0.107226150256583	2.09602550315662	162
0.111067561246337	0.937551539400728	162
-0.106378028433826	0.378192350313715	3
0.066756811388876	0.807597882811959	3
-0.032195403671548	0.517610850909422	3
-0.00290091838125101	0.73415553541794	7
-0.053911832837418	0.668740121583466	103
-0.053975874016031	0.6537250092772	103
-0.034750845731156	0.530875552223082	103
-0.11487525323554	0.283249108722133	7
-0.115735077353369	0.266961737317526	7
0.00872716069727197	0.702669045141786	8
-0.100630270878569	0.530187482296869	7
-0.042340925619153	0.567563227696008	15
-0.115109903344244	0.25072874153578	9
0.050394794885618	0.838069908660119	15
-0.023136748488545	1.1348686810716	21
0.060191603173139	1.02051299036391	21
-0.120021969227829	0.873912132471558	21
-0.060162222246275	0.713024687016335	21
-0.030397548095112	1.1818007746961	21
-0.107144934688774	0.377325421252427	21
0.05128334803041	0.839629129420533	21
0.059822207803882	1.01945949327991	21
-0.101278969313044	0.478140383676008	21
0.078783653766714	0.786126103716354	21
-0.099437553949037	0.703424794468043	21
0.105831851676514	0.562220694787184	21
-0.115299126440574	0.250603917514679	21
-0.108450285927905	0.36176082807039	52
-0.10891880805636	0.156656208509779	52
-0.119581053836951	0.192101283872113	3
-0.091008341947937	1.47100869048333	3
-0.101470441546806	0.503346289724416	162
-0.098990803871697	0.762069766882895	162
-0.031677017782492	0.518390974277622	3
0.019204872649871	0.401128979975713	3
0.00930104792917097	0.703722094510066	3
0.066823856655882	0.807792317637378	7
0.0934860184697071	0.573025577299024	103
-0.118056684780534	0.212186929048949	7
-0.108477392751538	0.156881533743494	7
-0.046295899880193	0.592005075598853	8
-0.070960464879397	0.858671793994946	8
0.0664828041872631	0.806961333958721	8
0.017781492558566	0.399792589356243	15
-0.114674374570132	0.251056245738229	15
-0.114869199834349	0.250918749491884	9
-0.115154777342995	0.283029816903166	9
-0.113571556113118	0.313778977304943	9
-0.116579363759688	0.986626078641705	21
-0.10015697745664	0.82570950996761	21
-0.100376895089707	0.781085496886074	21
0.053024661264529	1.21208962081739	21
-0.01798304481204	0.46390505568728	21
0.044709605445258	0.846665240915955	21
0.096836367584698	0.772307176872655	21
0.105310327232529	0.561653448481871	21
-0.047367311914002	0.605515281915471	21
0.098753442234687	1.28885988676315	21
-0.058441510627037	0.716841142493363	21
0.021013559207942	0.66850805799629	21
-0.023964908656284	0.493505729979346	21
-0.109441411993081	0.346508589865763	21
-0.01199417254573	0.451949158456098	21
0.0700531753684101	0.593072196030855	21
-0.103094212688089	0.475283975260416	21
0.109632509273925	1.42892122367649	7
0.069828188022753	0.362231642221134	52
-0.108540275941603	0.156872099210498	52
0.00451366625493599	0.71298371164582	3
-0.086263535695957	1.38574281101417	162
-0.010931246251848	0.769639597301627	162
0.00479783785936905	0.955001283084961	162
-0.023088465409202	0.823787361613531	3
-0.042770115415724	0.56676241284052	162
0.00556212009789003	0.71491263320599	7
0.105111980904816	0.762390533298545	3
-0.115708597034501	0.232460380266868	3
-0.059823772592249	0.69928530083767	7
-0.116020279876829	0.174250950865497	7
-0.116595705125717	0.281759325706359	7
-0.00506565459285702	0.74748729352066	8
-0.028511858772168	0.505428259215911	8
-0.107748445083079	0.376522693875822	8
-0.101254411117778	0.516415778206069	7
0.00687269040857097	0.411536364424578	15
-0.032461491798996	0.51721843293813	15
-0.024797663645217	0.835319961539988	15
-0.116356324143283	1.26135515419883	21
-0.084336441431301	1.37430882680795	21
-0.099982552511991	1.05587703053707	21
-0.069250505094576	0.850650938942902	21
-0.099947192065748	0.667031602141392	21
0.020798928110119	0.668116654071276	21
0.060915710987312	0.604152246255655	21
-0.037928995116288	0.934781943862379	21
-0.099978569257814	0.678780348339748	21
-0.106716486686014	0.39163871497882	21
-0.025294638695104	0.491915495003641	21
0.011779145144594	0.689811750955129	21
0.105154248050029	0.561438733575467	52
0.050605728919049	0.377062671045093	52
-0.070357487701438	0.83508326276359	3
-0.103073443232629	0.475364382625983	3
-0.105705438075432	0.392866886316337	3
-0.110569104428413	0.33111717482189	3
-0.10162663724744	0.515761208506128	103
-0.116124508426959	0.266638775628936	103
-0.119872525190332	0.191939501341434	103
-0.11789451156414	0.212286728997392	103
0.03228050448632	0.388732470553595	7
0.121253745621112	0.552638757416913	7
-0.02606133118382	0.490738006376967	15
-0.105450806486006	0.406896001357638	15
-0.059953365742871	0.741339568707038	15
-0.038218860523032	1.30499659337606	15
-0.122225150638111	0.866827059354111	15
-0.0997726406007	0.702594330082683	9
0.066543391999218	0.806940152294258	9
-0.110757100501827	0.330932381742407	9
0.121569474513966	0.553067294327612	15
-0.03156896222193	0.518576189607157	15
-0.101826416958901	1.59339913718721	21
-0.030861163979327	0.866011998267718	21
0.057281201353635	1.20643357576389	21
0.0171442620587891	0.680821642368401	21
-0.09630752515416	1.02679506254336	21
0.079883603271509	0.581508081693274	21
-0.066143149145805	0.781087203747795	21
-0.00740027106871499	0.759986170010805	21
-0.007005966348681	2.29012592289869	21
-0.018062353733417	1.59483553191608	21
-0.105312184461686	0.135590291209972	52
-0.011194200302409	1.73753366154238	3
-0.10038432812119	0.879902725315052	3
-0.068670958079409	0.826892010454554	3
-0.101976810685045	0.502480476997555	3
-0.105450806486006	0.406896001357638	3
0.021598823429805	0.669534274600203	3
-0.016451934026675	0.465889459266454	3
-0.014993283243036	0.794038533646966	7
-0.104367913147829	0.434914560273266	7
-0.016464665306927	0.465741133106651	103
0.032937570703607	0.389401424577372	103
0.094426232068895	0.347404217335644	103
-0.119050176747628	0.192337620677599	103
-0.119820559508782	0.191937724819398	103
0.031933588658844	0.647353242158616	7
-0.108069711232455	0.376110832494248	8
-0.109962637182323	0.345848902005715	15
-0.064279707458013	0.75883091065538	15
-0.122337191628984	0.80585386833307	9
0.094813094595454	0.34769206452317	9
-0.021825099870337	0.477998300090472	15
-0.108899296488053	0.361161301041461	15
-0.044257775936769	0.579944673411877	15
-0.100860921971716	1.31593585231493	21
-0.00657021752951098	1.26618198964314	21
0.063086853646421	1.18451682090017	21
-0.123826448523922	0.831510354877983	21
0.03612115945771	1.07228547169315	21
0.00701699972926995	1.18775037678722	21
-0.024726766259256	1.14426529366528	21
-0.099854016971737	0.594337358769509	21
-0.00646057388560001	1.02189328247502	21
-0.031828118450838	0.518160595417	21
-0.119992196778249	0.191867148004975	52
-0.06019977409298	0.726919047026046	3
0.111643842165023	1.4370352136054	3
-0.022375953563299	1.10803615897133	3
0.057294830567913	1.20626188195193	3
0.038881619014109	0.637657461889205	3
0.115115055722361	1.11098115242194	7
-0.039450408558204	0.556370952610411	3
0.121773954388524	0.553259911168426	3
-0.02234814218055	0.825652408952853	7
-0.107683607200146	0.362626674518276	103
-0.116646430148717	0.266158942278597	103
-0.028344144037564	0.505593129712926	7
-0.00645081726608499	0.438607041357182	7
-0.115867608226366	0.266865615032953	8
-0.039293984689055	0.556593477118242	8
0.12127169690376	0.552609943865318	15
-0.01192835919696	0.452005598468369	15
-0.109463658307653	0.346509131644196	15
-0.024751953209901	0.835551019996494	15
0.096661177060309	0.954051475941111	9
-0.01713093316399	0.464978813083459	9
-0.112554493097645	0.314792358451917	9
0.049691897257322	0.376412458357532	9
-0.100791775444696	0.567696514635722	15
-0.098895078237263	1.14450409338685	21
-0.028859314407322	0.856106956525099	21
-0.067358811667059	0.791198213645016	21
-0.011076878322073	0.76930381587451	21
0.100574730473673	1.94017096924907	21
-0.101016288210467	0.68804855664677	21
-0.101026800514342	0.779095028064332	21
-0.075621000402691	1.54344331367541	21
0.090773412097538	0.964077910991777	21
0.069663268056158	0.592261841120414	21
-0.017058147449286	0.465212345192957	21
-0.069900514176696	0.849073650443101	21
0.091844411258427	1.81981077996013	7
-0.0361170305932	0.528534224484246	7
0.094426232068895	0.347404217335644	52
-0.102293606685698	0.476623289240725	3
-0.00125376479568801	0.737549428982733	7
-0.104004760173152	0.448353068830219	3
0.056683153511324	1.03158801863948	7
0.068923761731579	0.59137260983678	103
-0.115393933615682	0.232641469529953	103
-0.115345625068544	0.267254202316701	7
-0.100706497456859	0.700477245976256	8
0.03254661418515	0.38905604434496	15
0.029949018626962	1.09095128118083	15
0.053728042233197	1.59963510853237	15
-0.100227966453732	0.769767011868829	15
0.070263488576306	0.362374969161842	9
0.055319966546888	0.827184933063681	15
-0.100013221141232	0.556705489187268	15
-0.111299658117367	0.33034626160266	15
-0.00366651162475801	1.26122130173032	21
-0.081771552415525	1.24691946249574	21
-0.028308886108728	0.505721158493986	21
-0.111494488293062	0.109097507474847	52
-0.024568430625986	0.83604300101039	3
0.03975963148398	2.15523596862788	162
-0.10530296170645	1.40583057221114	162
-0.060388606954156	0.712473379803985	3
0.051505893101825	0.613406992388943	7
-0.099105974259408	0.68072355163979	7
0.049208155707253	0.375985283954355	103
0.050462375350983	0.376972309777316	103
-0.115456174903254	0.282769688866162	103
-0.114597832176051	0.298423615359557	103
0.032679633246149	0.389180295485691	7
0.00207381659032702	0.72621495018537	8
-0.104311488759379	0.435018823085339	7
0.016558943632244	0.679794330803302	15
-0.038091381200906	0.542153684840632	15
-0.073074397823679	0.889145073466244	15
-0.080572559338254	1.11600153039885	9
0.049978595927915	0.376666352239561	9
-0.112880633853045	0.31454185152553	9
-0.115470085830216	0.267104612994748	9
0.00525818683994095	0.714421820328685	15
-0.053104607719873	1.74295761962714	21
-0.090221732042004	1.42609093186589	21
-0.101169404418913	1.21522001479881	21
-0.079544547947634	1.13197373781498	21
-0.04577019271324	0.592983046357515	7
0.04993378412155	0.376583821001256	52
0.087537701694799	1.65989218812991	162
0.012292914553768	1.15644219815459	3
-0.073436137518191	0.912764655882497	3
-0.070750542626804	0.85892405666348	7
-0.027751236148328	0.858959368128881	7
-0.00431254485417898	0.749110124159209	103
0.022125774624097	0.670416346743652	103
0.121773954388524	0.553259911168426	103
-0.11784860700749	0.212306266404081	7
-0.025414327635089	0.491791765604895	7
0.023049668346718	0.89433268711286	8
0.026023927537067	1.71619501051695	7
-0.051262079462326	1.06984231642028	8
0.049719899103517	0.836718562214935	15
0.00806711152279405	0.701276079466584	15
0.077139964636053	1.16518508321604	15
-0.02896228734081	1.18720692860446	15
0.092295696134729	1.47528605338774	15
0.119130829132734	0.929933595566547	9
0.090753866259656	1.30725828969018	15
-0.10039149839805	1.5330649717244	21
-0.101332408120081	1.42791631473766	21
-0.075589559934692	1.01588246503148	21
0.029656935941577	1.51885114600997	21
-0.055130115126089	1.14892349067257	21
-0.113249430762991	1.47788920723518	21
-0.11768645941943	0.21240605852907	52
0.059950229434626	0.602778808289079	52
0.0807597940124281	0.582677632666222	52
0.069175431435177	0.361700906016139	52
0.069298772662137	1.18331521196067	3
0.018777309561461	1.12716460827723	162
-0.069179806265933	0.850908003842425	7
-0.100047673880253	0.678610462332164	3
0.080969877263399	1.15487001095037	3
-0.101234408532063	0.745069755869936	7
-0.10155090083976	0.686722012499406	7
-0.024809429818027	0.492543451735254	103
-0.107667269238784	0.376659496113657	103
0.088782929024644	0.781193049832699	103
-0.012804033830365	0.45086677254391	103
-0.044078987963999	0.580330724299346	7
0.080238573396928	0.582009294827713	7
-0.072405795481461	0.903771299975674	8
0.097671079507652	1.80508635988795	7
-0.014552358437294	1.35717567064994	15
-0.096557368607595	0.936816192892825	9
0.005326423534186	0.714559895859154	9
-0.074423457511675	0.90955179315069	15
-0.00822444300069203	0.758157188125311	52
-0.054723330912066	0.667053617861531	162
0.10517649421689	1.28670430728865	3
-0.060408239174776	1.22904527580358	3
-0.072889160123272	0.963506613561357	3
0.00694899734009402	1.18753446280311	7
-0.029565981904866	0.854272372433488	7
-0.034909232216843	0.530615938943349	7
-0.102605536812754	0.476158511785527	7
-0.024940519382604	1.1434429578027	7
-0.022556558643768	1.10660343010021	7
-0.098058472783264	0.976516319172362	8
-0.116843912255301	1.52597005944884	21
-0.036665450570368	1.76736412703864	21
-0.115341694593652	1.47363858686554	21
0.00908145285023898	0.703356789837826	3
0.088058973028034	0.780517067911702	3
-0.012327070150769	0.451591481931451	162
-0.044752827810907	1.32961862676663	3
0.018012756001403	1.35570347803321	3
-0.100279289977899	0.713105841701459	7
0.015255582027898	1.13249829836915	7
0.035284408781847	1.06976221315718	7
0.0585542296131511	1.3956867280274	7
-0.100583560300817	0.653659273344005	7
0.055899533051464	0.828580506959984	103
0.00811728056426997	0.701537227901494	103
0.080765245404919	1.15426185771168	7
-0.051215445572873	1.08383344088945	15
-0.01118036173653	1.02355742959925	15
-0.124992665571475	0.768156224137182	15
0.077863271975289	1.32709019362257	15
-0.074432512406832	0.90951836020755	15
-0.100514141418022	0.689227319103724	9
-0.078552231920623	2.03933489956269	21
-0.090502764667658	1.8233071653569	21
-0.079974523748055	1.70662053955857	21
-0.011682872959359	0.452084092383197	7
-0.116239972136058	0.232051184638508	7
-0.10388540933146	0.43563654783883	162
-0.100814198510399	0.653112678543907	7
0.0453069487973	1.24323192496691	7
-0.05648549386457	0.677657719615505	7
-0.101594499189994	0.662994333130227	103
0.0850644340135141	0.973911759755915	103
0.017414118721909	0.917666654059719	8
0.00104758593788001	0.978405520144776	7
-0.11987391298593	0.874538351222738	15
0.067476410706951	1.17782946414084	15
-0.069612298833676	0.849845120887378	15
-0.099156270639204	0.784305748717207	15
-0.12155854178122	0.858984642994738	15
-0.100106425628324	0.847782627866942	15
-0.101302897451689	0.77815661142787	9
0.0537364834579021	1.21428182427455	15
-0.081726201187729	1.78653833730306	21
0.070255811307206	0.593321588566468	7
-0.108175417651514	0.36205730303329	3
-0.114412340003245	0.298597574774446	162
0.00730648570535097	1.62860637884528	162
-0.00732440452052102	0.437625475455246	3
0.114182394848071	0.752288238951802	3
-0.097342920154567	1.21248418594374	3
0.065926405169605	0.805925644755367	7
-0.045191059726394	0.578197140075429	7
0.069060051537745	1.00105382725768	7
0.037722028557447	0.635948967413898	3
-0.067635008855905	0.80342912462701	7
-0.061353818792158	0.724334744193617	7
-0.123879035187842	0.781316187122137	15
-0.055539050957627	0.680069025228808	15
-0.051264438553975	1.07014733101386	15
0.079739974420564	0.581111484556805	162
-0.045493979283155	0.593454830124243	7
0.120940597388794	1.26470427479282	103
0.012137665128391	0.939877810496266	7
0.060915710987312	0.604152246255655	7
-0.00695907528954498	0.438087849727485	7
-0.080716506363878	1.18439098215495	7
-0.022153267652213	1.10881646749685	15
-0.119115254277215	0.927674395226376	15
-0.021221098357101	0.812174296725164	15
-0.038338733840101	0.557955958382627	15
-0.054221136327179	0.668137608942092	15
0.045385318341981	0.848156364687015	7
-0.120403307349389	0.191598033881522	7
-0.114597832176051	0.298423615359557	3
-0.00714174878220802	0.437867039470441	3
-0.116115229730135	0.282244550639291	3
-0.09807873510531	0.965367377239642	3
-0.053145036563501	0.655487436710033	7
0.0210469357063841	0.908433138126379	7
-0.060969665583196	0.739212853991293	7
0.091435755992567	0.965688448611347	3
-0.059503851521516	0.700237771345565	7
0.120411531746712	1.09998265700452	5
-0.052520407599262	0.641660416562611	7
-0.046385861815662	0.60726084537426	7
-0.020519315551186	1.08450974205561	15
-0.100456403301159	0.747011207748749	15
-0.064670814818123	0.78462356801719	15
-0.072170907131624	0.96566935685562	15
-0.062355956531886	0.735837854048463	15
-0.100537448280469	0.791724611708405	9
-0.042499337455299	1.57766331153838	21
-0.065641588669117	0.782324800201498	3
-0.071425538811708	0.869808219384242	162
-0.098355192873269	0.908781433273277	162
-0.071582980779917	0.93061297365493	3
-0.098592012512132	0.559082063793883	7
-0.10015697745664	0.82570950996761	7
0.120940597388794	1.26470427479282	3
-0.068407088552212	0.81462906481133	3
-0.101199066050571	0.745161832978492	5
-0.100322953120107	0.792327166218573	5
-0.055784592118362	0.679540649380381	15
-0.100084489472268	0.556586313216688	15
-0.013275844684181	1.04805267297187	15
0.00974531659598899	1.18075737284332	15
0.039795407808955	1.26085665107877	15
-0.00759277759568	1.00258128087755	15
-0.100537448280469	0.791724611708405	15
-0.099966469709385	0.630974610586005	15
0.022557699876272	1.33874522240812	21
-0.119633314712206	0.192032801183076	7
0.079838678194943	0.581480988963631	7
-0.101309345150345	0.778445344451567	3
-0.076875338682726	1.01121632902021	3
0.121186172188998	1.57682410727067	3
-0.054577352708602	0.667388870612829	3
-0.123224604313091	0.813423323138706	3
-0.034433987167267	0.531344969573314	7
0.07125426220016	0.594211683602943	7
-0.034020257199308	0.531686684130118	5
-0.00592767180859599	1.26860417124309	5
0.03052355754042	1.5051222487171	7
-0.044047301812223	0.972494787007536	15
-0.055716791377519	1.18538749399739	15
-0.047654689112486	0.605046983504971	15
-0.101865599709213	0.489991569495336	15
-0.100063518132293	0.814959054478014	15
0.073828855972344	1.1761689271894	15
-0.100677961515874	0.580277027956098	15
0.12161608417972	0.553059901173144	7
0.094957295836148	0.347788724731637	7
-0.105732406569017	0.135422900862502	7
-0.099651797872651	0.643747242427715	3
-0.022579367539641	0.825095393869736	3
-0.00531130771454003	1.25484563283991	7
-0.035487112810206	0.52967017426893	3
-0.115025365423666	0.298064842417503	3
-0.023920735525034	1.1171975195336	3
0.01273638262628	0.691661668994357	3
-0.115322551788395	0.297709549054516	5
-0.110005212763489	0.331570034983136	5
-0.116115229730135	0.282244550639291	5
-0.102273746148235	0.476638929372989	5
-0.072048887059185	0.842336790552538	7
0.065724531007851	0.80525341443404	15
-0.109507997128625	0.346425728263546	15
-0.100611040085636	0.517372574455989	15
0.052373342024733	1.03990477889961	15
-0.101978597666244	0.69724758502673	15
0.00384685761451598	1.19219767160325	15
-0.097779026101583	1.0214509706478	15
-0.124326954435821	0.789882104473263	15
-0.097385600245045	0.922972951929873	15
-0.020532334662875	1.09888448873311	15
0.121931828202067	0.553432691291488	9
-0.028954303385187	0.871040214972884	9
0.046055197547029	0.84953265331433	21
0.038530274178841	0.872712538779834	21
-0.101525046043885	0.675075484189544	21
0.120494026710904	1.10030569371342	7
0.095298381499331	0.347868072905271	7
0.0955554253341569	0.770327412655044	3
-0.110757100501827	0.330932381742407	3
-0.099772698075672	0.544395982453987	3
-0.105222869558713	0.393468992531671	3
0.052973866201119	1.21189049058068	3
-0.071390186074728	0.857403097004767	3
-0.023000141104225	0.839690691172909	3
-0.00741800072592203	1.00315330477684	3
0.079700904567769	0.788040575620046	3
0.019164756997838	0.401123062932193	5
0.080169378665392	0.789008672462938	7
-0.00153670344559897	0.423634062002606	15
-0.115109903344244	0.25072874153578	15
-0.098836562165196	0.66942747391089	15
-0.071319437508555	0.857627256989485	15
-0.077574081826545	1.12819262384276	15
-0.050080280040421	0.631132697808386	15
0.04983524436873	0.376551576271716	15
0.079466641376301	0.787528210878053	15
-0.101186359272467	0.516536858314316	15
-0.021329895683335	0.828002472755485	9
0.016856559678282	0.915898624953387	9
0.055202319946043	1.02794488908428	21
0.049494821710469	0.836223266823008	21
-0.035979858649699	0.897143895129292	3
0.12026321552637	1.42061280122492	3
-0.00311087499760399	0.99970065827711	7
-0.09985447300363	0.556844330539268	7
0.0991177522899051	1.29015193727336	3
-0.11602314482964	0.232215293174705	7
0.104485965659065	0.761131807779647	7
-0.039664647595349	0.556014691582338	5
-0.024891128047934	0.492474378163868	5
0.032812628396835	0.38928162597619	15
-0.032094382574197	0.517801221389621	7
-0.122039559036285	0.837284037189446	15
-0.044843948553378	0.983457075358731	15
-0.098987528658007	0.850852670587929	15
-0.053518044041359	0.654739017944037	9
0.105140911230235	0.561445082776503	15
0.080593518548434	0.582456216176528	21
-0.105450806486006	0.406896001357638	3
-0.100908171234106	0.699996048142869	3
0.017681159419603	0.399682714624596	7
-0.11831058632253	0.211999811371672	7
0.059226290406451	0.601528756424369	5
-0.103246875685615	0.436460304450948	5
-0.064092410404601	0.772754011264657	5
0.107483288822622	1.11503919458484	7
-0.010849326273942	0.769817131015644	7
-0.00731113116235799	0.437654880591526	15
-0.110569104428413	0.33111717482189	15
-0.103153385366699	0.475111993068922	15
-0.078166283120932	1.09033275950043	15
0.01840293348801	0.400456643147028	15
-0.025855140861624	0.491016024140723	15
-0.00945495036859501	1.31729347527927	21
-0.038536845086616	0.557647003152242	21
-0.118102553881801	0.212151298592954	21
-0.050862791019841	1.09813580168151	3
0.050696970710281	1.78126092143646	3
0.016119278572483	1.36514646307295	3
0.00851323999759601	0.947979158586071	3
0.030509553637281	1.29892261871943	7
0.111523160225796	0.938559774099159	3
-0.054822409218571	0.666919532929051	3
-0.028929013328398	0.856060087815449	3
0.032554634017505	0.389034913337553	7
0.060714446226005	0.603904660066997	7
-0.105263966207091	0.393425798360894	5
-0.031812524137378	0.87880934725855	7
-0.037549885086306	0.543169654179302	15
0.00739385843923501	0.412152608421362	15
-0.099213076762743	0.620326568149097	15
-0.112554493097645	0.314792358451917	15
-0.101983708069494	0.515011373202242	15
-0.065338230668682	0.783053994673739	9
-0.044784182348743	0.578997339696773	15
0.03274299453781	2.36909010297858	21
-0.12057514662087	0.191492373707827	21
0.103359438597343	0.945093457525567	3
-0.108204280661638	0.362010474484971	3
-0.101530420534366	0.721468669795291	3
0.011412548285668	1.16994086566739	7
-0.098554937026534	0.596918629686757	7
-0.021654527866031	0.827222243439579	3
-0.047282503403885	0.605733746617472	3
0.015946985359246	0.931769849069723	3
0.040017984564958	0.856614445516156	3
-0.029358631956904	0.50422496931004	3
-0.054940070697979	0.651663091077878	3
-0.035741238855653	0.897718833492598	3
-0.04824690964461	0.6039030140825	3
0.116126450301926	0.755105341601634	3
-0.115201704352216	0.250640871017619	5
0.095356760832615	0.769812033761794	5
-0.104925930555918	0.407578658891583	5
-0.104311488759379	0.435018823085339	5
0.00131665204130105	0.724866362893344	5
-0.101450514772077	1.25377466241524	7
-0.074545337626492	1.00709079180449	7
-0.109507997128625	0.346425728263546	15
-0.111321186318215	0.330292839043739	7
-0.100386452658842	0.556029772341076	15
0.029497080041206	1.08960583062695	15
-0.098231408480616	1.0735312565194	15
-0.045974054166396	0.993545484979883	15
-0.116082684611876	0.232181956917002	15
-0.050374582462547	0.630627728626917	9
0.111293804221152	1.92859843046275	86
-0.100244461527457	0.530831750073477	21
-0.111172839857222	0.109222251636938	3
0.0941835548125231	0.347208554563495	3
-0.113245708342356	0.31414781098361	3
-0.00221644524235198	1.23515861891044	3
-0.115774640619492	0.282537949964564	3
-0.122981881520803	0.82425843761019	3
-0.072511167797269	0.891163262747944	3
-0.07337963841064	0.924889577237135	7
0.018573650278747	0.920627972752919	3
0.069175431435177	0.361700906016139	3
-0.11539482807324	0.282859080490973	7
-0.115495226623773	0.282786699871077	7
-0.035011969115469	0.530449109912179	7
-0.00664640680432799	0.438277067121186	5
-0.114189088365888	0.298823867865278	5
0.049978595927915	0.376666352239561	5
-0.034229555755905	0.531459415852898	5
-0.028528889538447	1.45210195957494	7
-0.117461794186312	1.01284466056375	7
0.0318438134590741	0.646839113690897	15
-0.00822444300069203	0.758157188125311	15
0.023925875300807	1.32691535886388	15
-0.022085894230897	1.10908194932778	15
0.067239356545626	1.36985523368108	15
-0.103777327067709	0.408877991023846	15
0.039331713521138	1.06268024796708	21
-0.046893339466504	0.606352404815437	21
0.0000669467335699947	0.425499965423168	3
-0.100788840311231	0.757554681416837	3
-0.027559975759594	1.14825677774413	3
0.117061689233521	1.43263162073365	3
0.108910401739163	1.11882685867176	3
-0.064258438168105	0.772307086175125	3
-0.066042020655725	0.781344524631305	3
-0.051788796094308	1.08173453181534	3
-0.114964405924953	0.26754860013475	7
-0.105990111626018	0.392586747540094	7
-0.110713961801451	0.330924446104417	5
0.0170266060066731	0.680645642077671	5
-0.10051130988226	0.769463285960402	7
0.031193638927148	0.646029198241079	15
-0.038361066824517	0.933606130650704	172
-0.02642772825945	0.846859991108015	9
0.021326917339921	0.909038941602642	15
0.073521543434412	0.99059231450213	15
-0.067159596518361	1.37792338171452	21
-0.115673331275184	1.39694732982837	21
0.066792713840323	0.807693289154329	21
-0.107823904549941	0.157193895577234	3
-0.054417471693833	0.667544347796823	3
0.025421757065665	1.09496240139448	3
-0.098966844095761	0.60854382298697	3
-0.000221957245260973	0.974952211286418	7
-0.100781397316033	0.604647255552868	3
-0.100106670940516	0.53108370611029	3
-0.070778863868346	0.90828944662611	3
0.030597150019239	0.874317296548668	3
-0.051553749040714	0.643522591415527	3
0.087960527843253	0.780323475960701	3
0.00436174489611796	0.712677279925158	7
0.026282856602895	0.658028903916192	5
-0.00792078198816598	0.758945580459397	5
-0.105975642349781	0.406145384134356	5
-0.100558462644881	0.568275869723973	7
-0.060205039339811	0.712986337191861	7
-0.099465175692036	0.860693814687495	7
-0.064981822886664	0.756827429114646	7
-0.062974033941105	0.74834363952339	15
0.04318003545286	1.0544554958086	15
-0.059033667727775	1.18484278470702	15
-0.115959802475289	1.17144014525898	21
0.050319026220888	0.376857533227591	3
-0.110547559378174	0.331112695625492	3
-0.101590210455756	0.490480456366817	3
-0.099835961476322	0.643338418196663	3
-0.099072596005396	0.668921646571189	3
-0.118917557653328	0.887794732424067	3
-0.025827532838223	0.848416402293753	7
-0.100559591930998	0.746866764800288	7
-0.099689156761886	0.71450053603832	3
0.118927632116159	0.92925331302619	7
-0.067380493988241	0.764141454613386	5
-0.052694881228303	0.65631651963729	15
-0.029723483804439	0.869160256914403	172
-0.053765863132436	0.669018014289952	172
-0.063304329902639	0.761180451994332	15
0.055821758452187	1.22012223362957	15
-0.051472090211065	0.643672411201689	15
0.08768834955819	0.779880821520849	15
-0.045965373423413	0.993551980869325	21
-0.111172839857222	0.109222251636938	3
0.069731922568865	0.361995201039202	3
-0.115768022803638	0.23239507920609	3
-0.102741896056428	0.475759742439911	3
0.084594200926968	1.48768385805534	3
0.023640332055678	1.10755938405666	7
-0.015157508080729	0.7937669676614	3
-0.047197875067211	0.605875246233898	5
-0.102702344788008	0.488634787061573	5
-0.101739055963415	0.502785456309592	5
-0.015075372467965	0.79391992400241	5
0.025960745579839	1.09684348135986	5
-0.015320621021296	1.58080465125989	7
0.020954784281882	0.908118674806756	7
0.101316429048418	1.12175944965841	15
-0.067233609647067	0.80465084223864	15
0.072792249072101	0.79736720402997	15
0.090548179244475	0.963597126065879	172
-0.099444889403967	0.938475478365492	15
-0.073122837694457	0.975108614182499	15
-0.098032230118567	0.694695090772541	15
0.060597406693352	0.603674598541195	7
0.0174404832295419	0.399371826353348	7
0.02611017824611	0.657671734075741	7
-0.111494488293062	0.109097507474847	3
-0.106696529810434	0.377810852794395	3
-0.108709427409298	0.347229974658229	3
0.056254839201121	1.20264351561238	3
-0.066952837616403	0.818321561286651	3
-0.054968337487147	0.666627830117755	5
-0.041286996665673	0.569281361245853	5
0.084309661992506	0.972083705848277	7
-0.042040492057385	0.978443554213633	15
-0.100855528075951	0.676590247246456	15
0.045384556385224	1.24315266951621	172
-0.099640006428905	0.557356609049039	15
-0.067214878855386	0.817657204747954	15
-0.084392551996468	1.26761084741751	21
-0.00191294596608499	1.46683165505286	21
-0.020217481969019	0.479940569209297	7
-0.017144435145328	0.465035885236952	3
0.091358734833097	0.57077826633309	3
0.033461587772585	0.389772820556715	3
-0.098925436286916	1.07086999641304	3
-0.02258231849484	1.40980001286676	3
-0.037236689241432	0.543664495850857	7
-0.051049257678866	0.629342890170449	3
0.00867185694026895	1.17715201390118	3
-0.100481684413469	0.6891895435347	3
0.00326674351293599	0.967969511731924	3
0.111591627630762	0.938688885190286	5
-0.051400286446498	0.643851371143915	5
-0.101474611992211	0.516021591463826	5
0.040834200841937	0.858277474338785	5
0.10521895335678	0.762646009193508	5
0.048900053199702	0.834611221076272	5
0.0543925552893601	1.78271700711591	15
0.057732094228813	1.2078030855115	15
0.029183087162941	0.890473083653454	15
0.059789680820169	0.602526999284257	172
0.104255243749758	0.947105384390664	172
-0.063325020422705	0.73354316688686	15
-0.047261720829143	1.35692781509664	15
-0.121694366829302	0.858491722929083	15
-0.00468576507045898	0.748367557151564	15
0.0206701468864799	0.907382608053311	15
-0.097957894965401	1.02087108763332	21
-0.046425338297102	1.90239785687865	21
-0.053335956686479	1.77491690230085	21
-0.103884926668272	0.42229346702013	21
-0.108653334703679	0.347210838558376	3
-0.04639022135324	0.59176350303016	3
0.114489070078359	1.26900540819477	3
-0.098687693971124	0.896623218529179	3
-0.100410829321105	0.568556674797634	3
-0.029464226858795	0.854481302540118	3
-0.09945365691074	0.838805183319195	3
0.00590231767349003	0.715391561574911	5
0.05031470243765	0.838001969003495	5
0.00798236677626396	0.701229749141202	5
0.072325848831229	0.796416447597016	5
-0.040229151475559	0.928072809237755	5
-0.00533921175084901	1.00934892102593	7
-0.020713294411029	0.813511940812267	172
0.104957680997422	0.762182984523259	172
-0.016865670277333	0.806223278014153	172
-0.099981937289216	0.847938083973113	15
-0.029094866552117	0.855511066318067	15
0.083042886396661	1.50248752183278	15
0.076349486323222	1.34259352709372	15
0.018783838356694	0.400815032024818	7
0.00764434222029398	0.412342820833966	3
0.113172314242931	1.10579038968724	3
-0.099044852277513	0.895205258624875	3
-0.103634601295483	0.448941261877351	3
-0.031009211118938	1.22278420258711	3
0.016618699430286	1.13728124260558	3
-0.047045606550363	0.606121398209152	3
-0.02849342389832	1.15976559087837	3
-0.098713071452872	0.90763509658468	3
-0.112867495500573	0.31454201574163	5
-0.029469925387714	0.854481041385306	5
-0.100789144643353	0.723321151405006	5
0.092006248611651	1.47428974073952	5
-0.015028413873963	1.35505468248353	5
-0.016272277103413	0.791170491457662	7
-0.100765948633661	0.555199486807338	15
-0.073703307679382	0.985497083810083	172
-0.05117532461398	0.644253164651774	172
-0.010102579655974	1.02703072466942	15
0.046942403144709	1.62533069669911	15
0.016955236035634	1.5796801337361	15
0.018299416143299	1.35684633441853	15
-0.072220267708024	0.928791814357554	21
-0.09927556445575	0.607895162579509	21
-0.122540672819182	0.835711204788019	21
-0.117125423532388	1.20281955737804	21
0.083705173212173	2.29564574495209	21
-0.097697867632384	1.18020083110056	21
0.075579452599905	2.15706941537749	21
0.050121951927356	0.376756724942771	7
-0.114551438403952	0.298511433361762	3
0.00807343101721003	0.412780935274248	3
-0.043082435132432	0.566176801996956	3
-0.010536010206895	1.02553662652211	3
-0.00170361769206301	0.736719545138716	3
-0.124413342889288	0.79969979498684	3
-0.052740333123895	0.64108050540833	3
-0.099766555095094	0.804895769987708	3
0.059244520479854	1.19254350230421	3
-0.046668033442722	1.01829321442309	3
0.072031883779787	0.986370501029033	5
-0.114458692457123	0.298599312587628	5
-0.017505882735932	0.464551412745213	5
-0.061523917606429	0.737979430692534	5
-0.099575585274198	0.960014073503219	5
-0.061709098207902	0.737423299185374	7
-0.043355715011206	0.565609128421054	7
-0.010639997118314	0.770262325587886	172
0.023202633367682	1.34138730989016	15
-0.107625189440565	0.376687159764746	15
0.050853521611452	1.03629760460116	15
-0.116962125494476	1.2583197992684	21
0.032671440719784	0.389128951808697	7
-0.021700098373213	0.827180218610896	3
-0.098467287384371	0.621741287211882	3
0.024039994584208	1.10884662007865	3
0.026311674383827	1.09770538234829	3
-0.096987921753527	0.935451250819425	3
0.035519008295402	1.28137309850514	3
-0.100311780710115	0.689768769542452	3
0.038939268557826	1.27511414188027	3
-0.061321388751003	0.765311629966845	3
-0.06108861743814	0.752397337580687	3
-0.055441543265668	0.665403889524358	3
-0.100567166214033	0.580674528913229	12
-0.00642435276901499	0.438658613032708	5
-0.098951080125016	0.840290944313344	7
-0.061477699562496	0.738095556493703	172
-0.062263260572445	0.736147313105978	172
0.04852056282551	1.23539193826723	172
-0.124951011322801	0.778311518934837	15
-0.00573834703447701	1.25344176658277	15
0.016091267754597	0.678769176911409	15
-0.03504172043669	0.88488778179842	15
0.0257973269055251	0.657150625982094	15
-0.099041328712535	1.14385529525488	21
-0.079101554019513	1.08692195861542	21
-0.100933455162413	0.529602511043439	7
-0.020667009960844	0.47948043376402	3
-0.116000162458683	0.266754527843871	3
-0.105222869558713	0.393468992531671	3
-0.021435637460603	0.47851267415798	3
-0.04895150362316	0.618010938035648	3
-0.046825617848923	0.606517369129395	3
-0.029298379740825	0.855061104930523	3
-0.027614928877592	0.843644149899584	3
-0.101177428610293	0.640286148560078	3
-0.06337148564172	0.733374473896738	12
-0.030529775769447	0.867151710611618	5
0.021414556555746	0.909320089681105	5
-0.100644212404487	0.567940380712327	5
0.00810894347344204	1.17514093413063	7
0.063097349101605	1.18447239474059	15
-0.00501249429740203	1.01039364819156	15
-0.034750345450803	0.9005315632488	15
0.00383197473473396	1.20891867541908	15
0.096225470435857	1.46894676401644	15
0.00791472005255201	0.701020078097265	172
0.004954247907202	0.713860754196296	15
-0.045833464097819	0.59284409000498	15
-0.042250839472804	0.977741280846351	15
-0.033430768749295	1.95064640640598	21
-0.060993683227233	1.25100609273492	21
-0.00169118468255097	0.987508413093419	21
0.015699282396111	0.67810065869587	3
0.121522850972733	0.553013323465341	3
0.0693732708782741	0.592102367041529	3
-0.025536853113291	0.833523570838193	12
0.059591370274523	1.38067616478816	3
-0.098600531800594	0.669920596815529	3
-0.101676036988384	0.698036454639411	12
-0.046140919314804	0.592301568088539	12
-0.102211772354172	0.489447764061654	5
-0.046976544202712	0.590601795127274	5
-0.101947174947355	0.540209284232666	5
0.073893954062056	0.991537721192365	5
-0.099503220587204	0.631967997602048	5
0.049346134257272	0.835852686377702	15
0.057539473153167	1.39224310065632	15
-0.09929961505862	0.595559616167253	15
-0.122397246347643	0.836169081891247	21
0.091844411258427	1.81981077996013	21
-0.099619473532082	1.66598253991504	21
-0.063817544043994	0.746225559709377	3
-0.099800139065606	0.655011816265962	3
-0.099789479756742	0.714263182391385	3
-0.031978050002054	0.878354124015112	3
-0.065338596285336	0.796017243797444	3
-0.098113716221422	0.634642547286636	3
-0.034382788153613	0.5314270243267	12
0.059950229434626	0.602778808289079	12
-0.104255149168122	0.435096484615849	5
-0.049209323223202	1.05035183110473	5
-0.101417246852288	0.687071233722433	7
0.081898015123797	1.32022929606713	172
-0.070426112040028	0.872557268993769	172
-0.03903890177219	0.556805298588473	15
-0.055874724468192	1.17212155792666	21
-0.092366126851035	1.68443733475144	21
0.0869866757375	0.778376401074029	3
-0.021500384595658	0.81149588057429	3
0.060761481706154	1.57143759908504	12
-0.101384805419002	0.503492235845559	5
-0.101537405844108	0.503244140657225	5
0.0203858369944701	1.11472687478323	5
-0.001636452983932	0.736731453884852	5
0.122203308673292	1.58145419468204	7
0.054324548410893	1.21612550866204	15
0.00333073880021995	0.968185069619127	15
0.114288460054304	1.10892086975589	15
-0.100109454432325	0.690216634247256	172
-0.076033630200764	1.05069693864628	15
0.01712625939123	1.13856861353987	15
-0.123296396257762	0.813106606519734	15
-0.045028814228953	0.594253607060048	15
-0.060900811933368	0.711259279205454	15
-0.118428229489266	1.23274185700264	21
-0.040678732969542	0.554183281141003	3
0.097556777362289	0.956132125282162	3
-0.10045313273101	0.60555772965693	3
-0.10414272358777	0.435169291906869	3
-0.072152823787275	0.928967226353231	12
-0.026568014601779	0.846629553017079	12
-0.034715689439868	0.885622605605639	3
0.068619137365861	1.18122850999814	3
-0.100308011464653	0.847051928674033	12
0.095356760832615	0.769812033761794	12
-0.043767739905058	0.580881258900321	5
0.033984747478892	1.08441726530682	172
-0.011610963200383	1.02205790935823	172
-0.067458112405974	0.790917677921497	172
-0.037692114274485	0.906674925185439	172
0.017624502090351	1.14052956328142	15
0.068520734576541	1.1811620201952	15
-0.070807216151943	0.833776681588149	15
-0.072249888557238	0.854714675189816	15
0.044720044145007	0.625329984059489	3
-0.101685791029261	0.490327874003575	3
-0.042982190245061	0.961809441633738	57
0.10915173879775	1.27599939769965	3
-0.045751152316171	1.02115236222717	3
0.012367013444898	0.940504812458828	3
-0.017703034469632	0.804401838473637	3
-0.050821164743735	0.629639272009008	12
-0.00535504357013	0.74691708104362	5
-0.051346848937205	0.62870067504794	5
0.0129425403393491	0.941982735350373	15
-0.066143149145805	0.781087203747795	172
0.025303872592355	1.1125219415644	172
-0.099266971525568	0.583146431017002	15
-0.100717865056941	0.757698117466832	15
-0.036804462123376	0.909446882594177	15
-0.072695588912155	0.902896049513054	15
-0.00169953528230499	0.736502031784924	21
-0.120044470436405	0.191817274168632	3
-0.024689502593219	0.492725394661801	3
-0.109463658307653	0.346509131644196	3
-0.102533999796218	0.463497213114735	3
-0.016919409897282	1.08169618797844	12
0.075560301386555	1.33984026802829	3
0.045385318341981	0.848156364687015	3
-0.100379549251092	0.712870897859114	3
0.020718613739234	0.907616039092311	3
-0.1000583117467	0.630740262183681	5
-0.057334085933876	0.690759779582869	5
0.015299907535658	0.930414098781321	5
-0.016107964285546	0.791448555790263	5
-0.034541205754164	0.531184046989268	7
0.036680126413105	0.86900857974711	7
0.09149015442803	1.47192514832921	172
0.036434422110856	0.868612990249158	172
-0.059326419661597	0.714902146563635	15
0.00804136283636503	0.946668481348264	15
0.0374227926752641	1.27049221133563	15
-0.046690551693871	0.606753013045095	15
0.00524299252025895	1.82392445300481	21
-0.043418498260712	1.59753324621821	21
0.069671193687822	0.362075256096675	3
-0.104245416415902	0.421904718102942	3
-0.106297066015442	0.135223212569187	3
0.060597406693352	0.603674598541195	3
0.083119303582229	1.32446153015105	3
-0.050751678826558	0.629925066206711	3
-0.015239690096963	0.793580360452137	12
-0.07689187952377	1.08374141101229	12
0.025789776232791	1.31638684549239	12
-0.12348839969783	0.852369703034928	12
-0.070160298154869	0.822771431433042	3
-0.09989900221405	0.594402629179098	3
-0.029519472390095	0.503957796685663	3
0.044569894686905	0.625253189438816	3
-0.04349340596386	0.581324936649726	5
-0.030074890708789	0.852759800957595	5
-0.007842827646873	0.759158932722712	5
0.092049934573218	1.14244037511232	5
0.029960956838435	1.09091454842297	5
-0.030107431237729	0.882857457958209	15
-0.072229763090408	0.879779266693411	172
-0.037523377463419	0.8924595870732	172
-0.100319350061762	0.792315432897306	172
-0.102043686943361	0.697064631328806	15
-0.100499511613977	0.758250170433136	15
-0.117640519494627	0.212405860095182	3
0.094426232068895	0.347404217335644	3
-0.121544037829339	0.848870390960641	3
-0.109881625004876	0.331722565829715	3
0.055618555214949	1.02899949433873	57
-0.00924203164626802	1.02964045098374	12
0.01582970184237	1.13457654652856	3
0.120949318537787	1.10153180455405	3
-0.099787765601329	0.771402572235567	3
-0.099070968224983	0.906467473375131	12
0.069200428747642	1.1831117763861	12
0.03680804454737	0.869436922956425	3
0.079080778620536	0.982156426590794	12
-0.049776181640503	0.631704246706761	5
-0.103861186522481	0.461395546771687	5
0.061032240041699	0.817843530824787	5
-0.100491151617213	0.653869598273711	5
-0.00588289315490298	0.745757136724719	15
0.059772359242965	1.01932258480813	172
-0.099399715253838	0.59527840378746	15
-0.117305745296433	1.12799292851556	21
-0.029197756342584	0.504473910158537	3
-0.021839011876052	0.82686650420115	3
-0.115478165491015	0.267173709816532	3
-0.099373817865666	0.680127690695495	3
-0.073605947835056	0.961266123513818	12
-0.099272331933343	0.68030926849589	12
-0.065065453563415	0.770411308584215	12
-0.099544976000643	0.595037275061503	3
0.102426354547588	1.44841931130974	3
-0.124482761079312	0.759148936146658	12
0.021773059782598	0.66946228645118	12
0.011122937871648	1.1690743967537	5
-0.026087460430546	1.13928071943771	5
-0.025269578529625	1.15680403061029	15
-0.065000956747158	0.770443123227754	15
0.055017114586202	1.02731753000361	172
-0.101123333208794	0.676019123307658	172
-0.051476967458321	0.643702075619613	15
-0.055196017787515	0.666135892075417	15
0.0993220845386899	1.79111928167226	15
0.007552230475244	0.412316431596319	3
-0.042653263287835	0.949107087093872	3
0.092256055255445	0.571985261401741	3
-0.098727543604754	0.645602067615259	3
-0.019970273902208	0.815315441307017	3
-0.100480889957325	0.568419790668616	57
0.119758315218077	1.26088478321417	57
-0.072652869927154	0.915184446307334	3
-0.101434823728225	0.490706842486301	12
0.082922130600561	1.66042127767898	5
-0.09882954684557	0.583981542338523	15
-0.007600867137455	1.01878364905176	15
0.015111632045563	1.13195497718845	15
-0.070838362317746	0.908317296246081	15
0.011412548285668	1.16994086566739	172
0.00540814151671598	0.956578479598156	15
0.077948302613309	1.167345137005	172
0.00867892258831904	0.948399076979079	15
0.046007022739621	1.22657749977836	15
-0.061030129698238	0.725176308325105	15
-0.11784860700749	0.212306266404081	3
-0.068218424376377	0.8151693246297	3
-0.114960193066229	0.298082067118063	57
0.017573389831365	0.681457280152064	57
-0.028559646685586	0.85702879866421	57
-0.101261682674562	0.591510812673233	57
-0.046995247051498	0.606185162272305	57
-0.098863701578596	0.596357258194894	12
0.089971276386882	1.13626502149477	12
0.00259451176312098	0.966118480527016	3
0.032913803485407	1.0809284972926	12
-0.099239017569623	0.703541105835511	12
-0.060335792756946	0.726789635203107	12
0.042778958855952	1.05324838726915	5
0.072216322047422	1.17140735496414	5
-0.100382748721964	0.530477332477282	15
-0.032681181876571	0.876503141449266	172
-0.00227121386233498	0.968278254636396	172
0.024761220423151	0.89849400282876	172
-0.055633798060372	0.665175337679894	172
0.096494790074142	1.13210438642019	172
-0.101199066050571	0.745161832978492	15
0.035770066748216	2.49029067453137	21
-0.00140235193660099	0.73721803837312	3
0.095711932475266	0.77059134777505	3
-0.017144435145328	0.465035885236952	3
-0.118589059132793	0.211800237193388	3
0.013202142701595	0.692339231800289	3
-0.124872477073334	0.788490358756753	12
-0.062078156242901	0.736683728158305	12
-0.00836256118711098	1.01646666876192	3
0.066422088362046	0.806933907494	12
0.00434468911389996	1.21078176635785	3
-0.014290536246889	1.06021513117207	12
-0.051476967458321	0.643702075619613	5
-0.09927729287403	0.632220121368573	5
-0.100715233471519	0.723553607325908	5
-0.099635284649731	0.619517251373928	5
0.00855673932446899	0.70236866232417	12
0.00124732056167398	0.724719591435376	5
-0.101677408011394	0.528203035290014	5
0.021111344500844	0.668708962681827	15
-0.099845907455488	0.655331924800922	15
-0.099960626846643	0.793308870540657	172
-0.018772571749058	0.801826609506605	172
-0.101684555381652	0.686360752340121	172
0.029998897468498	1.09114506490434	172
0.097336533492142	0.95548963546371	15
-0.03409945643634	2.34006272869724	21
-0.107059089765736	0.37738532817789	12
-0.00505900224354999	0.747590146626433	12
0.027462675883469	1.08260257467285	57
0.083336338647435	1.32509291879639	57
-0.00460303019769698	0.99543344845609	12
0.035996807706793	1.0715651668639	12
0.055803900647964	1.02949880099148	12
0.0288933448923659	0.889871366376313	12
-0.049544156200333	0.61687465829116	5
0.00884458030373303	0.948649963615517	15
-0.019667370427614	1.08759495435788	172
-0.019782761570029	0.815727917769918	172
-0.0214688082252	0.827704099679156	172
0.066658505414865	1.17497674241466	172
-0.101283593418639	0.687408637526918	172
0.113852493646281	1.26683688108787	15
0.086946734315945	1.15026691393183	15
-0.07382132181579	0.960561613299591	15
-0.109652261960308	0.346291902133592	3
-0.109463658307653	0.346509131644196	12
-0.101805534852714	0.490129253866121	57
0.0811036425485731	1.15531009162754	57
0.104810993684861	1.28539094748832	57
-0.073876795252288	1.02160593505641	12
-0.100520399492199	0.846345429379922	12
0.0944445782105871	0.768030452031566	5
-0.106109598446041	0.392418262603318	5
0.087375757605003	0.779293586289731	5
-0.099753461318622	0.655542568906552	5
-0.066009673914093	0.781413851903953	5
-0.099411554554193	0.632154052574574	5
0.087254701876613	1.15105904800608	15
-0.075453780915682	0.942694042091803	15
0.0358510808965929	0.867159674229042	172
-0.053440774391521	0.654851720566127	172
-0.071032101127358	0.833104387815516	172
-0.00586270916424198	1.00785999118372	172
-0.100878853018816	0.504293815438691	15
-0.066543577873441	0.780028651154387	15
0.016620723804131	1.13726579108672	15
-0.05237210399397	0.641972216567387	15
-0.042520612864052	1.61504529728643	21
-0.017015043470686	0.465243513021274	3
-0.115355559337881	0.282888849425837	12
-0.108729712695391	0.156798957460016	12
-0.045900351363123	0.592667848640375	12
-0.014276863479813	1.04491508957185	57
0.030224836829673	1.09180822259049	57
0.095932879335847	1.30208540105019	57
-0.015211747345342	1.04156215976477	12
0.00752870142018802	1.18945039717224	12
-0.043692067189805	0.973500898483165	12
0.029236244740648	1.51708279582668	3
-0.051998695545466	0.642717588284978	5
-0.063354560539608	0.774406823693224	5
-0.101337484958533	0.478034804781324	5
0.00230473055371205	1.2196405216941	12
-0.030801997543018	0.866087922059242	172
-0.098547715714631	0.952728530557163	15
0.095369762623607	1.46573566835192	172
-0.063808104997934	0.759997993995428	172
-0.056284562818549	0.678498768116585	15
-0.064827348158024	0.743555301349017	15
-0.020349960823368	1.09991534728285	15
0.090791649732108	1.30740113474937	15
-0.099816365810981	0.793677221784089	15
0.018805944950759	0.920827958897629	21
0.0943277316736349	0.3473329439691	21
-0.113428216323551	0.313928758192594	12
-0.052836763935253	0.655744642713982	12
-0.058009819279093	0.703593381768324	12
-0.060890819244451	0.725479733284637	12
0.037563748950554	0.635647730887962	12
-0.100697991996946	0.802214689791335	57
-0.0386590302693	0.903947314544245	12
0.00601227259410597	1.43920101385826	12
-0.099539822572277	0.667789403446182	3
0.008543642342557	1.17655699601934	3
-0.029801545089348	0.85362990416463	5
-0.034643716748601	0.531018870423431	5
-0.032144862917672	0.517723371113436	172
0.039935363790139	1.06440765299066	15
-0.099823703987694	0.793642489121192	172
0.068708263116968	1.54666448780159	172
-0.05085779405286	1.08507176272003	172
0.0443361037334889	0.845779764997785	15
-0.077956300870504	1.05571646551239	15
-0.00884268019944401	1.01445586658459	15
0.01863333954057	1.12668568390705	21
-0.098830598108977	0.896060833820185	21
-0.030531743522916	1.95847015949487	21
-0.111172839857222	0.109222251636938	21
-0.077041288148058	1.0828853990509	57
-0.07827551983341	1.11382281845269	12
0.067874046742762	0.80957805590757	3
-0.00513626260251299	0.747417216653045	3
-0.103279374330792	0.449503322140932	5
-0.099867137927604	0.826599043276793	5
-0.115774640619492	0.282537949964564	5
0.00759829247495902	0.412352519850003	172
-0.073989509825843	0.984614080389488	15
-0.120966605469826	0.840511528797182	172
-0.063306726254313	0.74736564697414	172
0.00940146280998599	0.932179878973382	15
0.025569737183194	1.51748688556874	15
-0.100519776108595	0.543106138751683	15
-0.099236062145134	0.595676122655088	15
0.038247974269833	0.636824493351985	15
-0.11681830752905	1.05425218884205	21
0.037936568882296	0.636205978902732	21
0.089716842923831	0.961597122739136	21
0.094714610145977	0.347625297173765	12
0.095101494083787	0.347857553765364	12
0.032421672899551	0.388933627124438	57
0.09156876246747	0.571076151613936	57
0.0521553322864921	0.61450607520275	12
-0.013344238140278	1.04799181564806	12
0.00664611246659397	0.716549382450861	12
0.119332315763525	1.09681462848252	12
0.104381130423117	0.947044013953249	3
-0.015962573409883	1.06993385813829	12
0.072481317160765	0.796754948720121	5
-0.054950918996362	0.666606219433776	5
-0.115602569875879	0.267042203099591	5
-0.02277132169239	1.12152621419855	172
0.065470477593135	1.19141312448231	172
0.016270136538731	0.932671508255626	172
-0.105927659636638	0.378538702420244	15
-0.013428853274167	0.780967968226952	15
-0.113219520501847	0.314175863115507	15
0.050246022660186	0.837698745036994	15
-0.117442487053288	0.943618198528484	15
0.0106645850291131	1.40890220081239	15
0.022347575661979	0.911587625418407	15
0.063800314418331	1.00902191603695	21
-0.113597774324924	0.313753280983813	12
-0.115925368174204	0.232296236286305	12
-0.099502759781369	0.619651347203824	12
0.061278379441275	0.604579908512843	12
-0.048662653008912	0.61850520187267	12
0.0393634693913421	1.06271734494554	12
-0.00565182951156601	1.0085665301541	5
0.030597150019239	0.874317296548668	5
-0.00445474217767799	0.748667176776689	5
-0.00694570340934197	0.438075720948024	5
0.071918207835127	1.17065769278037	15
-0.103668824913408	0.422634537324825	172
-0.017621675939618	0.464445371521406	15
-0.116294172068443	0.282019208795266	172
-0.051170845992607	0.644112090031951	15
-0.101254411117778	0.516415778206069	15
-0.106943937535857	0.37756549924205	15
-0.044271931067961	1.86133431527134	21
-0.005964437507052	1.00769759302746	21
-0.115495160064228	0.250432878749774	21
-0.101841208153003	0.490063314523997	12
-0.09849490870752	0.863742026815317	12
-0.120275028670012	0.883427348712162	3
-0.101034283798728	0.516797489971534	5
-0.03996050649128	0.555354900302163	5
-0.101558513236518	0.515882205103695	5
0.052191116243038	0.614396648600545	5
-0.100232656361539	0.556305004759997	172
-0.011326330217726	1.0387678140887	172
0.04092265222467	1.24619615333776	172
0.073282512842344	0.798354066487949	172
-0.065940900667902	0.781575057481802	15
0.060575742442573	0.816932348885254	21
-0.105850535299272	0.135422743432737	12
0.049736722294345	0.376466152873021	12
-0.114869199834349	0.250918749491884	12
0.029018421431383	0.88991735240234	57
0.118808324465767	0.928952324759424	12
0.030597333779631	1.29891653105917	5
-0.017752271183231	0.804231697123762	5
-0.09631298495571	0.993651539975007	5
-0.100208500696884	0.814565159173734	5
-0.023158514531036	1.10514777165732	3
-0.00223223455882099	1.00189892494773	5
-0.00283315095646403	0.984047130606404	5
-0.103877829372544	0.422369713551735	5
-0.100048481247561	0.892130906261796	172
0.058544505177468	1.39589487833723	172
0.01200762563115	0.938620539940541	15
-0.053595413215353	0.654596338293384	15
-0.010203161045015	0.771073999677198	15
-0.098273542638876	0.931338907734023	109
-0.100357526949919	0.580951208774	15
0.033262149939896	1.29102683802278	15
-0.047062664198495	0.606113439998062	21
0.020878791252291	0.667893582629002	21
-0.10881205114743	0.361298888594308	12
-0.038190717047292	0.542063384991712	57
0.092049934573218	1.14244037511232	12
-0.122723625600074	0.814958665763468	12
0.018162384573891	0.400222740025432	5
-0.110445429032546	0.331169269656819	5
0.025752153778973	0.901196335200876	172
-0.050977328955715	1.03039024412475	172
0.033098848849118	1.29048381504536	172
-0.039509484771535	0.930455336495805	15
-0.066643740593058	0.806118361948847	15
-0.038865716897674	0.55725535427569	15
-0.061030129698238	0.725176308325105	15
-0.048466993602236	0.603461008049467	15
-0.027655065274655	0.859185482788723	15
-0.106152367166573	1.96065943059838	21
-0.061119092749258	1.54185619605443	21
-0.051873873403802	1.75046263792954	21
-0.111299576987292	0.109160200857588	21
0.095101494083787	0.347857553765364	21
-0.099823335956053	0.73726860699233	57
0.079506069892574	0.580965331006961	57
0.072792249072101	0.79736720402997	57
0.078562035636199	0.980857852756867	5
-0.020309145704419	1.11500853044178	12
0.08650404964098	1.31429203678896	12
-0.107683607200146	0.362626674518276	172
-0.099483236394269	0.607555613484178	172
0.071069583087833	1.51537719447019	172
-0.098350644788929	0.819758302516261	172
-0.098960931782622	0.84016679580544	172
-0.048194057171523	0.9995565677069	172
0.11540458854172	1.11160954243699	15
-0.00125376479568801	0.737549428982733	15
-0.101492680167734	0.675112845468049	15
0.043791955843851	1.05552192134452	15
-0.00768966289392897	0.437074394289598	12
-0.114869199834349	0.250918749491884	57
-0.119992196778249	0.191867148004975	57
-0.101884690546379	0.527903995920347	57
-0.106984258968496	0.377510990444541	57
-0.100945645616871	0.504205417785916	57
-0.045338922755882	0.593736273062022	5
0.068770931098511	1.00040106805557	5
-0.101488320704162	0.675000599822251	5
0.054479618601362	0.825592972826135	3
-0.051048737947029	1.07090889567544	12
-0.06988654033916	0.861617329548646	12
0.121569474513966	0.553067294327612	5
-0.112867495500573	0.31454201574163	5
-0.099917360169347	0.594319382889575	172
0.0788338960983011	0.981233155756424	172
-0.037328445337733	0.907716897189048	15
-0.107481228517928	0.362819256175038	15
-0.10213565642515	0.514763799872619	15
-0.100744733660894	0.542693081879168	15
0.04091986630707	0.858739565865836	15
0.071741828166688	0.985364233253659	21
-0.018505251740709	1.38445329277271	21
0.024170087240008	0.897378027669587	21
0.075962558323846	1.16146634582508	21
-0.110851264553032	0.109285725974399	21
-0.116142114026661	0.232115562812506	57
-0.110800010484811	0.330825837150489	57
-0.099370835902695	0.783741472329319	57
-0.056880078054479	0.691744789363031	5
-0.101036865195418	0.734223064806235	5
-0.036709927502484	0.544429735812657	3
0.00864204070866304	0.70256433733816	3
-0.00305451735780599	0.7337824875071	3
0.026707406103881	1.3021457726314	12
-0.036942473669816	0.909028079002408	5
-0.008014980790224	1.01748641617956	5
0.070142263706774	0.362464883970776	5
-0.105640405182266	0.135507846198324	5
-0.116239972136058	0.232051184638508	5
0.069175431435177	0.361700906016139	5
0.00753767796086302	0.945192002599881	172
-0.042770115415724	0.56676241284052	172
-0.00732440452052102	0.437625475455246	172
-0.101529634071238	0.566294196911059	172
0.08019374878137	0.581987231916914	15
-0.115610729280437	0.267077546829527	15
-0.115975617507077	0.282361413729015	15
-0.012305082946826	0.451612369838059	15
0.031990151637753	0.647465301100969	15
-0.099399779002654	0.749528038579649	15
0.0277147181824871	0.886967303624188	15
0.077066881673329	2.02028879725868	21
-0.115025365423666	0.298064842417503	21
-0.108729712695391	0.156798957460016	21
-0.056445123674946	0.692571194358593	21
-0.059412363744896	0.714730080829037	57
0.069828188022753	0.362231642221134	57
-0.043856658360176	0.59601133384068	57
-0.045709550936874	0.593086347324407	12
-0.020989301910328	0.812793900054738	5
-0.101542632854866	0.698396703292703	5
0.028919034497899	1.31063082901694	12
-0.033539263699629	0.532523419448777	5
-0.105383761251209	0.393281792974921	172
-0.124158069924779	0.790603722599216	172
-0.031835324488467	0.518129596206959	15
-0.116154439727219	0.282185279120019	15
-0.106652447692122	0.377796779684988	15
-0.021578062117509	0.478204833423987	15
0.044519725154226	0.6251376270501	15
-0.049049789816146	0.617556711249043	15
-0.097338577143992	0.934328244121325	15
-0.107726893179883	0.362600559072895	15
-0.102020187580306	0.477075321925212	15
-0.113972419370813	1.2454966120323	21
-0.100430634160937	0.617783910433247	21
-0.118501728397004	1.78783358885748	21
0.037636053908257	1.27121862698263	12
-0.100952361831519	0.652788338187503	5
0.00357078404074496	0.9684534929265	5
-0.098439360894499	0.875074913414449	5
-0.043278540225152	0.58165509520019	3
-0.101717030495852	0.540831075285056	3
-0.101170565677458	0.516505072875344	12
-0.000784728461473983	1.24053244948558	12
-0.0412935471494	0.953312816463684	12
-0.00151495011796399	0.987990145592578	5
-0.109275073102068	0.346712458776625	172
0.104091387562183	0.946648279064254	172
-0.120261723024424	0.893455320273275	172
0.053012008500404	1.59593020911914	172
-0.028064170661651	0.506053716849126	15
-0.00110518068760401	0.737863645575852	15
0.041292950783254	0.859522083980867	15
-0.041974099445964	0.965119563273517	15
-0.100878853018816	0.504293815438691	15
-0.059270641487644	0.72904217594746	15
0.0332690420824801	1.48092980215501	15
-0.101919309646389	1.76934404631593	21
-0.115942151169274	0.174304472771972	21
0.0175806737787541	0.399520627048552	57
-0.013573994432596	0.780650956080549	57
-0.119700784648316	0.192028879544537	57
-0.116239972136058	0.232051184638508	57
-0.101409229144728	0.698745109319244	57
0.061437673863747	0.604763301099539	57
-0.101196287539311	0.603922084459619	57
0.00409176433209002	0.952739235485104	12
0.100623519694923	1.11971384390045	3
0.019130373272479	0.921753576504292	12
-0.064068133168747	0.785966795493921	12
-0.056218114957811	0.693042110943776	5
0.069767628338025	0.362213706599297	5
-0.109252826072434	0.346697456131693	5
-0.046666627105061	0.591277003209935	172
0.020816643308847	1.11612973257541	15
-0.017896344180348	0.463960203562463	15
-0.028918064755052	0.504788040615705	15
0.065773753890582	0.805575853113418	15
-0.108204280661638	0.362010474484971	15
-0.044330004781863	0.998690801147897	15
0.00403496494546496	0.970080055942906	15
-0.034861712790724	1.29069131854512	21
-0.099743153189454	0.679302482482494	12
-0.111494488293062	0.109097507474847	21
-0.118589059132793	0.211800237193388	57
-0.115253218609301	0.25063925597187	57
0.069550071345579	0.362036768107965	57
-0.00777328366581898	0.75922129272061	57
0.103813281874225	0.94608536612123	12
-0.123583139693832	0.812306395905296	5
-0.024706480971412	0.835702413575976	12
-0.03438629444398	0.871502882254621	12
-0.00714174878220802	0.437867039470441	5
-0.118056684780534	0.212186929048949	5
-0.060600134836686	0.740000900845926	5
0.035932963196161	0.867254477030619	172
0.034325503844845	1.29466499646662	172
-0.00372639425357202	0.98090427501541	172
-0.107726893179883	0.362600559072895	15
-0.114709417684782	0.298377086701218	15
0.021853102668858	0.669988369592275	15
-0.123399682385547	0.782523335089084	15
-0.03037791938746	1.49717494065468	21
0.055202319946043	1.02794488908428	21
-0.115404127689215	0.174552241887107	21
-0.105968699032069	0.135384449132734	57
-0.020147324789989	1.10083596295925	57
-0.098361969310789	1.05161762745987	57
-0.05712626561766	0.691071449069536	5
0.0499147086956721	1.22109224469067	5
-0.100367370575751	0.543343953778162	5
0.04679793925922	1.22953861203649	12
-0.099108188064396	0.656911363858875	3
-0.065734110346678	0.768570172560549	12
-0.101086576747749	0.676127273841803	5
0.00646379407060704	0.411021795238798	5
0.069707180843949	0.362140744984604	5
-0.115221274978681	0.267370113977008	5
0.069610576487529	0.362084403314652	5
0.092089654525789	0.571784521427688	172
-0.06116946975471	0.724859282562587	172
-0.02721598776939	0.860298185929919	172
-0.01662386515144	0.465622074966609	15
-0.115076304403936	0.283042401748158	15
-0.073058433139543	0.987509862062531	109
-0.099732165564567	0.937424301496647	15
0.073250097108936	1.35178926881799	15
-0.064728803510943	0.771216543893666	12
-0.100427372447122	0.75852023274927	57
-0.099776080923226	0.619223461820829	12
0.08038388579665	0.789385190018129	12
0.114081470549931	1.108337948217	12
0.010954954048677	0.936839042465874	5
-0.099859128370617	0.815635376606682	5
-0.107726893179883	0.362600559072895	5
-0.112384861009082	0.314907609056914	5
-0.067684480426166	0.790324248982104	5
-0.021640072395993	0.811133179174142	172
0.105271010304584	1.28689978158338	172
-0.043863997740109	0.580694451268345	15
-0.099473641441595	0.691687411159646	15
-0.032547885716035	0.876869718889658	15
0.103648605654677	1.6198578301155	15
0.059386810496312	0.601803414394778	57
-0.100367370575751	0.543343953778162	57
0.00952420525462305	1.17990561979933	57
-0.10071521533101	0.641381560038183	57
-0.0720648276164	0.904620857014808	5
0.042494703173481	1.25192427873632	12
0.0424238819812009	1.25177664885902	12
-0.100753985911223	0.676902615003266	12
0.044638507171282	0.846472107596072	12
-0.064733512505808	0.770979524250967	5
-0.104771492568274	0.421200288629782	5
-0.034592430717382	0.531118468671176	5
0.070255811307206	0.593321588566468	5
-0.068011875406779	0.802676637299987	5
0.043499654581885	1.25529555034481	172
0.054978227229647	1.21827169442041	5
-0.100547585678996	0.530347105898391	5
-0.041130739927903	0.569487438434463	109
0.072031851737024	1.34766653567969	15
-0.101417246852288	0.687071233722433	15
0.082473547176513	1.32224286311015	15
0.04525317798387	0.626249441153457	21
-0.115100372523913	0.174715224295631	21
0.060673935150799	0.603838605663289	57
-0.000989212264948025	0.424441129112136	57
-0.112736923228867	0.314588249441865	57
-0.068818986604991	0.839250550820649	57
-0.113063180864064	0.314351934310155	57
0.051132680570611	1.03714058926029	12
0.026900758400827	1.09953665025132	5
-0.064461335009088	0.771886216427179	5
0.0393634693913421	1.06271734494554	5
-0.00677852109112398	1.0052212324338	5
-0.044699874247162	0.956434564958869	5
-0.052218679707399	0.642214131166357	5
-0.00624165729118498	0.438812470001772	5
0.091756950300286	0.571308200240005	5
-0.045462483283006	0.995142678098327	5
-0.00155507569342001	0.737033548280815	172
-0.05384753714336	0.66884907767531	172
0.04156719901742	1.24873759535713	172
-0.065908542818192	0.781684333247791	172
0.09156876246747	0.571076151613936	5
-0.039392666675757	0.556471993965502	5
-0.032947775554674	0.875725716461418	15
-0.055993620621451	0.679150592472954	15
-0.100889286319608	0.592312032748164	15
-0.03679285603582	1.26983562564601	109
-0.068312808174281	0.801479335278456	109
0.032614445910046	1.28884677217089	15
-0.062635455002231	0.749158833535073	15
0.095982718733347	0.771104506740945	15
-0.041498941494419	1.30429160908858	21
0.014375476333588	0.928013076876273	21
-0.040133787406301	0.555252073702509	21
0.094668890383581	0.347567590449169	21
-0.049323670360921	0.617305538310192	21
-0.102538628525547	0.450518072454883	12
-0.115178660193023	0.174680639182499	12
0.113709451214369	1.10730105671433	57
-0.040570862976548	0.941230138829219	57
-0.115743316400532	0.266966405570818	57
0.0409377295001661	1.26456567405217	12
-0.0441277338968	0.985661653360319	12
-0.021515498630972	0.827567064533844	5
-0.03024067252888	0.852397506342806	5
-0.036443698816231	0.895524344702758	5
-0.043411480854041	0.960551270824949	5
0.022183370272315	1.12059267509384	12
0.068279498570204	1.54470337432702	12
-0.100774766764961	0.700309871259372	12
0.0456047640081571	0.848603622747724	12
-0.099999622244328	0.606507389336307	5
0.0944445782105871	0.768030452031566	5
-0.000976161347039983	0.424468194856051	5
-0.107799437280471	0.362411626863201	5
-0.00244637328462199	0.73488152883698	5
-0.101530375373418	0.49057964931389	5
-0.102078851052324	0.476968851765815	5
0.0717396716594551	0.795080772421328	15
-0.098883563939163	0.8404660288439	109
-0.062870208325203	0.761929011474687	15
0.025174479906417	0.899932515029154	12
-0.00191726441194301	0.986842849429963	12
-0.023630809304962	1.11838880800696	12
-0.00677640911742899	1.52078119173873	12
-0.011451075033967	0.452534454228254	12
0.059670004066821	0.602275896250885	12
-0.026836130783168	0.845986633117606	5
-0.021316438344713	0.811975776212994	5
0.093964310834569	1.2954245156154	172
-0.022857286597092	0.824360252053505	5
0.037339653962326	1.26983444155851	5
-0.048768634431068	1.03827807047399	5
-0.070082111864569	0.898150273746019	5
-0.101129049498214	0.62835479509594	5
-0.102642288768827	0.488733665851867	109
0.121411608266629	0.55286730513946	21
-0.000780338019779003	0.424630351637346	5
0.031889589392012	0.388274035245203	5
0.071340722744903	0.5943594198113	57
-0.047874650626268	0.604635845865176	12
0.0742663630111871	0.992439097650555	12
-0.000353757376260977	1.24206396510165	5
-0.124297744165964	0.809845879641606	5
-0.100825725413696	0.790865580168652	12
0.0861425646794	1.14790139518869	12
0.045978232675039	0.849348307680604	5
-0.04558865161026	0.593196848335748	5
-0.039606816268224	0.556132566608404	5
0.0117627535906339	1.1711655339626	5
0.020566045639927	0.667452954299441	5
0.119503138548208	0.930670003802853	109
-0.099499957029686	0.905003888794676	109
-0.101297500497474	0.76738727618969	15
-0.026864324811661	1.43225026780331	21
0.035267365613515	1.06941232435106	5
-0.115875054292987	0.282464509813154	12
-0.100217064718171	0.814589056230689	12
-0.038607759069394	0.918771618500299	5
0.049736722294345	0.376466152873021	5
-0.112724090429064	0.314660316161012	32
-0.102319619551573	0.463811467616357	32
-0.066453554098675	0.793546725147037	5
-0.069804661350949	0.836558644695641	5
-0.00692615098071497	1.02064224028695	5
-0.101074847601561	0.756810451305118	5
-0.027946840326584	0.842988003439002	5
-0.051778919751632	0.643074044766457	5
-0.021188532612976	0.47889230733178	15
-0.100079075664145	0.770699123256304	15
-0.027954719699201	0.8585475570422	15
-0.105400989007688	0.406942930751109	21
0.117383122464054	1.58543678274502	21
-0.108829941362312	0.156712376042666	5
-0.00749381837486102	0.437413346745373	5
-0.111046130086665	0.109223498718798	5
-0.101281052870388	0.554312467242828	12
0.121522850972733	0.553013323465341	12
-0.114562121271134	0.174852310967258	12
-0.11826475276351	0.212051498876644	12
0.025948179287084	1.09648006975603	5
-0.018118650283198	0.803370455100719	5
0.018041361141329	0.682254103400744	5
-0.05945761609187	1.23355039657135	5
-0.036383247892148	0.544897093399036	12
0.035119373282319	1.06914090106108	5
-0.004151569143516	0.996784483503896	5
-0.033949717970816	0.872677969594886	5
-0.020110105395158	0.814967345476055	5
0.0943277316736349	0.3473329439691	5
-0.042979510416353	0.962052841757738	5
-0.109818638950708	0.346088100018322	5
0.094722341136004	1.46321980005818	5
-0.069810044783967	0.861786897153202	5
0.111895406178774	0.939292034670945	5
0.09524568931636	0.347892317482707	5
-0.107524451836907	0.36280926300525	5
-0.052070331273826	0.642541203436032	109
-0.09099128069778	1.77844493430497	21
-0.107571647745314	0.157275669760559	12
-0.00642435276901499	0.438658613032708	12
-0.056284562818549	0.678498768116585	12
-0.113826736131952	0.299105166377908	5
-0.051720589273176	0.627897754841792	5
0.074556475821817	0.993100434291243	5
0.00924277508514404	1.17908512181499	5
-0.04823063643256	0.603875043241252	5
0.101780479390102	1.12300551310268	5
-0.103535238721028	0.449149840978055	5
0.0957538517090331	0.770358537617152	5
-0.059790040002672	0.713906252383794	5
-0.108540275941603	0.156872099210498	5
-0.076024598981864	1.01355627831318	5
-0.101611288947073	0.515678785497045	5
-0.101034283798728	0.516797489971534	5
-0.0115956441558	0.452400924035222	5
-0.034592430717382	0.531118468671176	5
0.045036464706132	0.625921237956759	5
-0.068231981822811	0.814946403816042	5
0.025942896727333	1.11434942265535	109
0.079327235078084	0.982675904757394	15
0.050901783171073	1.03651586841668	15
-0.021259918017993	0.47872988532258	21
0.10257015558965	1.44902073160224	21
-0.000624111854516996	0.424861919593189	12
-0.114964405924953	0.26754860013475	12
-0.116402061035094	0.174034494073862	12
-0.115482191178774	0.174536673752898	12
-0.059183293672013	0.701039552598149	5
-0.0115956441558	0.452400924035222	5
0.056604757844596	1.2042184838391	12
0.078707539403554	0.98122382164291	5
0.085495184651623	1.14594351511603	5
-0.107506661761124	0.376872541375464	5
-0.100881637524182	0.711599008176897	5
0.02794182119803	0.887518021292777	5
-0.026402038961625	0.846854887038584	5
-0.1055446174188	0.39308113881167	5
0.00349542829345795	1.20773407131255	5
0.00585596760525697	1.19981659554157	5
0.016285100956118	0.679289720148455	5
-0.066778181675621	0.779418673231635	5
0.105297176510364	0.561578379547452	5
-0.111994044536801	0.31533062939554	5
-0.105787908477957	0.392833051169815	5
0.06992470923534	0.362317672416572	5
0.022067624875582	0.670338097838314	109
-0.106696529810434	0.377810852794395	109
-0.011222515384786	0.768951497871307	15
0.044411646953867	0.624990721234628	12
-0.120283650808524	0.191689040885248	12
-0.10891880805636	0.156656208509779	12
-0.108124933419248	0.157028833949212	5
-0.115865885375349	0.232346090494917	5
-0.070044587947082	0.84866917419122	5
0.051062705944521	1.22489633612357	5
-0.099946381507819	0.837331306357752	5
0.0171442620587891	0.680821642368401	5
-0.109885221482917	0.345918970838646	5
-0.115827337956423	0.232296684793902	5
0.04983524436873	0.376551576271716	5
0.0206242293814221	0.667679464797752	5
-0.101944525243965	0.72024601600762	5
-0.054740676319427	0.667105241424328	5
-0.104104059518113	0.448049694667183	5
0.121002627961068	0.552382202358639	5
-0.112515481093754	0.314878304473413	5
-0.049613036126042	0.616717910061118	5
-0.099105974259408	0.68072355163979	109
0.092251835294753	1.80070543500196	109
-0.099174386121911	0.545364265578536	109
-0.048427585180186	0.618946643453504	15
-0.115059860079452	1.99637662051686	21
-0.099116802591543	1.26511393895565	21
-0.014785922129585	0.794566411912691	12
-0.109152940946794	0.346818564985046	5
-0.115276131948413	0.297799144986888	5
-0.101395735538277	0.663589565830988	12
-0.028292041119816	0.857697501809759	5
-0.106461813797193	0.378081007308509	5
0.120576474491414	1.10057869888881	5
-0.053074512293612	0.655627107522504	5
-0.101196287539311	0.603922084459619	5
-0.100955951841252	0.664650809124684	5
0.099536016888069	1.45966586751721	5
-0.108920154783336	0.347090835432565	5
-0.115478165491015	0.267173709816532	5
-0.034536568704924	0.531078653998342	5
0.096881063442061	0.954613648605998	5
-0.048263161245953	1.02662244270018	5
0.07757932852479	1.16632969751812	5
-0.102007210792043	0.626217197766361	5
0.060075665060616	0.602852887762485	5
0.104850833599548	0.762033358100827	5
0.09156876246747	0.571076151613936	5
0.0886437170216891	0.781423598191345	5
-0.012515455873634	0.451343546712908	5
-0.099928188096065	0.64309804725127	15
-0.00707787135357302	1.53415590297006	21
-0.00408741419129499	0.749538962195155	12
-0.115495226623773	0.282786699871077	12
-0.115638607509046	0.174448538504531	5
-0.119461367151523	0.192157298875416	5
-0.023507162115132	0.838575392571832	12
0.051708574998502	0.613780326197022	5
0.079838678194943	0.581480988963631	5
-0.04639022135324	0.59176350303016	5
-0.041755775977406	0.568567835941295	5
0.0725212314332701	1.17252891981982	5
-0.067443061162813	0.82996118198113	5
-0.030773974558142	0.881314809702171	5
-0.098027718644783	0.876115613233598	5
-0.019458935864324	0.816485864014666	5
-0.064562796722125	0.771634601316115	5
0.079486400437421	0.787638720652958	5
-0.113232673989761	0.314176406853624	5
-0.099726649644636	0.619312987900539	5
-0.048980661169615	1.03758314524825	5
0.00530644636115096	0.95640388624667	109
-0.084389371287509	1.31058561292692	21
-0.00903987001488099	0.756398742257836	12
-0.115201704352216	0.250640871017619	5
-0.099009001232126	0.596103539357168	12
-0.10550685858354	0.420111075785333	5
0.108312244291178	1.11732660587704	5
-0.098900069335964	0.633193484103405	5
-0.101413142847321	0.651525815367358	5
-0.099823335956053	0.73726860699233	5
-0.124968805269776	0.827423545103705	5
0.020718613739234	0.907616039092311	5
-0.019878427893321	0.815487964425833	5
0.076567035189	1.16339504884781	5
0.053474927588066	1.21362818995029	5
-0.020154259483644	0.814871996463877	5
-0.00118154027377698	0.737755671985234	5
0.07386821697707	0.799378804013979	5
0.115503991379689	1.42760809685967	5
-0.122911277720167	0.804073812250648	5
-0.122839397922026	0.824710842580944	5
-0.00520702142165802	0.747262131461803	5
-0.109130847377256	0.346874179809736	5
0.00816551789457798	0.412838922342789	5
0.080071518759956	0.788762051517597	5
-0.100914002593003	0.554955511875122	5
-0.098945188287812	0.784822417575421	5
0.057607662159642	1.20738919669193	109
0.120576474491414	1.10057869888881	109
-0.100137216214786	0.701755346858612	5
-0.050573570182588	1.0992969473962	21
0.00243467572792799	1.45537737585682	21
-0.101399604897518	0.490591565111106	12
-0.112515481093754	0.314878304473413	12
0.032288687839564	0.38880943783942	5
-0.114616672434983	0.298435724097971	5
0.08019374878137	0.581987231916914	5
0.00207381659032702	0.72621495018537	5
0.041595695066922	0.860106373976089	5
0.054548578171055	0.825695662526901	5
0.00826975277749198	0.701846867356982	5
-0.057977043057146	0.689226211693162	5
-0.099365909880359	0.583007082413475	5
-0.102820315561649	0.475800417751268	5
0.023502287237661	1.10712817848649	5
-0.110547559378174	0.331112695625492	5
-0.012305082946826	0.451612369838059	5
0.017338373242635	0.681120598654009	5
-0.098223709984182	0.609889739770802	5
-0.100312255198957	0.880172331507701	5
0.059350258421477	0.601591601881876	5
-0.113232673989761	0.314176406853624	5
-0.011783957827366	0.452215227579466	5
0.040694479142191	0.858239765846177	5
0.00579757912495305	0.715079282987423	5
0.092426050292193	1.47584152139636	5
-0.09937747038965	0.783617708979303	21
-0.115560351170185	0.174502157155665	5
-0.120164038478582	0.191761335568766	5
-0.037336430747255	0.543504441305638	5
-0.024891128047934	0.492474378163868	5
0.020311420974905	0.667125183409223	5
-0.098566094305306	0.621618988250943	5
0.082905023368106	0.968024621798512	5
0.025194633375625	0.899799837389677	5
-0.01086760290718	0.769731475178971	5
-0.024932042589447	0.492384097302597	5
-0.044138454784226	0.580233770678103	5
-0.099772698075672	0.544395982453987	5
0.0799936255924511	0.788496004243163	5
0.06087505539049	0.604112354821583	5
0.104379334437447	0.761113601491986	5
-0.107174054042058	0.377130262125204	5
0.0919015075790231	0.571552437637395	5
0.00458204744436397	0.713125106506565	32
0.08038388579665	0.789385190018129	32
-0.022187318322193	0.47745607031633	5
-0.017837672816873	0.803931152139496	5
0.120721682317754	1.10093221766609	5
-0.111654228179841	0.329930806263137	5
-0.017419397638852	0.464730939918335	5
0.080315593417691	0.581910342130092	5
0.114024169582936	0.751987268995594	5
-0.108631393300163	0.347314523191363	5
-0.04044646652909	0.554661296331983	5
0.020896662531751	0.668296916443569	5
-0.105292455706964	0.407107759025893	21
-0.114387758657782	0.251250717126546	77
0.00960618813525804	0.704253270783306	77
0.018479430806098	0.920301250634201	12
0.061048120015753	0.817623309861496	5
0.054258957040223	0.825086471427202	5
-0.044891408624104	1.02367120749501	12
0.055109675873918	1.02769122492806	5
-0.100217383217211	0.770225578760891	5
-0.037692114274485	0.906674925185439	5
0.028748466509296	0.88954330226215	5
-0.051026946297287	0.644521815507144	5
-0.100386452658842	0.556029772341076	32
0.054599619397335	1.02597445777635	5
-0.006281329447692	0.438739357315239	5
-0.01766496783543	0.46435472283296	5
-0.069078592094878	0.838477199298154	32
-0.101363036309066	0.755999647661037	5
0.06834329738253	1.1805278642961	5
-0.104511659258241	0.421544700728746	5
-0.020018318078775	0.815123904319667	5
0.1136890921919	1.10727557762154	5
0.00930104792917097	0.703722094510066	5
0.00850721854174996	0.702223940228819	5
0.067717946558288	0.997471608664792	5
0.00657883803262804	0.960011452819666	5
-0.048853702643051	1.02427218007929	109
0.029719554932847	0.891649983631033	5
-0.027700488027967	0.506486257948424	109
-0.117802611093861	0.212290028699285	77
0.054769067769424	0.826157432885666	12
-0.016190097513905	0.791326527916382	5
0.017924264064585	0.919028847326245	5
-0.122256370043272	0.846685669500241	5
0.0608120507723861	0.817382222428911	5
-0.100073911887556	0.5438389315969	5
0.0220093903105369	0.670218479187942	5
-0.055411795229586	0.680284625515938	5
-0.00415307393367798	0.749056520369996	5
-0.100006894999254	0.702027696964004	5
-0.041900410652262	0.965318887981304	5
0.072756110624544	1.17322652485027	5
0.09218233337422	0.967146485473956	109
-0.091365893995153	1.7425693789382	21
0.049253007845013	0.37598319373837	12
0.00861529367362901	0.948218246544016	77
-0.115534589002741	0.282727253152857	5
-0.055925676753957	0.664460355390584	5
0.063224678642422	1.18502942985482	5
0.079681729889609	0.983584796931865	12
0.018152890003288	0.919114342179123	5
-0.102365635010419	0.753110342265482	5
0.028142163275714	1.10345028243853	5
0.00654691186574297	0.959882459848073	5
-0.049140435961626	1.09060276532414	5
0.011780850385295	1.38113524802871	5
-0.018502818685184	1.07603911779159	5
-0.074964890156952	0.956611496056012	5
-0.098793895027295	0.829686897037194	5
-0.047760634196699	1.02830076361525	5
-0.041170825281674	0.569490495461702	5
-0.016250655776147	1.06897292158056	5
-0.103877829372544	0.422369713551735	5
-0.03437389928513	0.886596379964241	5
0.068234143400202	0.998841064266394	5
0.044786704541456	0.846837781529376	5
-0.045244463367891	0.59388480532405	5
-0.00490478184927601	0.747830216840295	5
-0.055639154596642	0.679802892657949	5
0.105642828406824	0.763148697752501	5
-0.100666049369482	0.62939346135241	5
-0.022949519602922	0.824162588367652	5
0.017961888800073	0.681830254054402	5
-0.060394028589288	0.712491359744643	21
-0.077321671694865	1.11755552000822	21
0.121885217747004	0.553385548865045	77
-0.121324533618116	0.849616128225108	77
-0.070037001466474	0.823072181974165	5
-0.061015777005009	0.739136638699275	5
0.049787676218151	0.83672072262628	5
0.054924098081931	1.02706101754425	5
0.02442712746686	1.32881994446115	5
-0.040646596388256	0.955172190144082	5
-0.122696764505263	0.824880011450554	5
-0.12258035002275	0.815363957838915	5
0.095676361237687	0.951200762088008	5
-0.10066476166709	0.72373034551083	5
-0.018129886312326	1.077786020945	5
0.101460095873189	1.12239414484632	5
-0.042514055222645	0.949545985669757	5
-0.012689689352452	1.03430989051493	5
-0.10186224898677	0.809512366883588	5
-0.013634565394731	1.04688176015239	5
-0.071390186074728	0.857403097004767	5
-0.040207718838423	0.942555556159987	5
-0.023458131070827	0.822739992837614	5
-0.099927495138347	0.713914231860286	109
-0.01913191053466	0.817075016200297	5
-0.052591999639845	0.641439042456528	21
-0.100966330542701	0.516905809627965	77
-0.113258623590036	0.31409005056296	77
0.069453553663671	0.361928018197525	77
-0.099772105903075	0.594572801735088	12
0.049736722294345	0.376466152873021	5
-0.04917194103213	0.61759525200146	5
0.086147031406304	0.776696664031106	5
0.029320996962115	1.08903968380512	5
-0.100919691889045	0.52969878425401	5
-0.026159585337157	0.847625236547447	5
-0.016371801424628	1.05318458390496	5
-0.100154883061297	0.770187640040234	5
0.050808787149521	1.03625394954875	5
0.060575742442573	0.816932348885254	5
-0.104828401738943	0.42105054459556	5
0.11505272731157	1.1107759277497	5
-0.102356615620474	0.684620057052198	5
-0.00192862748579897	0.986672569219198	109
-0.062018300682736	1.55967721596288	21
0.102481131635413	1.12531128946606	21
0.018883903867375	0.400846475952243	21
-0.10929726868257	0.346698597379774	77
0.092067928749303	0.571753176695689	5
-0.110381124496734	0.331286677108395	5
-0.043804761051773	0.580742454467731	5
0.088214507056827	1.48052040551246	5
-0.097287045601594	0.844578788819763	5
-0.10099129355827	0.722774151911075	5
-0.061847197466153	0.737239043527481	5
0.028004463820779	0.887750820266363	5
-0.100106326135755	0.630682498060502	5
0.00537026272822805	0.95673463901219	5
0.046871139320389	1.04522238109416	5
0.019547038449238	0.922818584392012	5
-0.021364475490441	0.811753697659832	5
0.017182490401597	0.680892476610138	5
-0.029155561224863	0.504535705453237	5
-0.059018986949467	0.701386658524369	5
-0.045554520220387	0.59336767351898	5
-0.069484621344701	0.824702021785679	5
-0.00988741016204298	1.02770794642234	109
-0.00150983822626899	1.4844963347161	21
0.050077129999514	0.376722954323861	77
-0.115735401285459	0.282581434743212	77
-0.021347720313516	0.478696227557813	12
-0.100514746466843	0.82461442635741	5
-0.100068211927097	0.50546463662062	5
-0.10118144659067	0.47822143332997	5
0.000813445068663987	0.977809432021858	5
-0.063622038763936	0.773815902295124	5
0.0517067009064081	1.40732289195765	5
0.0308345964040691	1.2818151829381	5
-0.053286533349259	0.654983826086395	5
-0.041327139031646	0.569236833038455	5
-0.041685873448571	0.965941533359542	5
0.115650076289608	1.72708374500176	5
-0.047417912342222	0.605463726063649	32
0.017647113292656	0.918232325642793	5
0.076205550120264	1.34212667074994	5
0.0266947533313761	0.658703930230435	5
-0.023647675830262	0.838093086638157	5
-0.10138478153348	0.687138380256096	5
0.00163200997437496	0.72529372506855	5
-0.044820344337079	0.578941184113406	5
0.081977089706076	1.15788152482687	5
-0.100047673880253	0.678610462332164	5
0.032416356715671	0.648130408533804	5
-0.107924189653872	0.157165661368801	5
0.091756950300286	0.571308200240005	5
-0.099927306414595	0.815432052269465	5
-0.047760634196699	1.02830076361525	5
-0.103218270245416	0.728158242649757	5
-0.052321960031098	0.657002685658261	5
-0.10025828461636	0.530822584855358	5
-0.100379958724188	0.781010551511874	5
-0.072591758128306	0.878650250431022	5
0.00316537934901295	0.967736878567278	5
0.0952434014769949	1.30006897413619	5
0.106578103978722	1.60958008248798	5
-0.100379958724188	0.781010551511874	5
-0.057698481610153	0.704317645055941	5
-0.00200533972518702	0.986535065067719	5
-0.080672689839443	1.76655313256956	21
-0.029589927606104	0.869514939985394	77
0.045036464706132	0.625921237956759	77
0.114707965296761	0.753213911342811	5
-0.00348920520825802	0.750614226743797	5
-0.021232441882787	0.478801056099691	5
-0.060710297006657	0.725677204186903	5
-0.099353782553576	0.620068862596466	5
-0.101360872940049	0.756009732215342	5
-0.101578136349064	0.755410986815197	5
-0.012055832414252	1.05183288565098	5
-0.025655283626573	0.848873421247698	5
0.079700430138374	0.98355305378149	5
-0.100412766445149	0.677546065077925	5
-0.00058644558722798	0.97384495330899	5
-0.100171636713665	0.736381447250943	5
-0.046165364218006	1.01983626201942	5
-0.100753951637422	0.555298793120533	32
-0.10007057929092	0.825915513791177	5
0.050705982941581	1.22366233008096	5
-0.033822320567569	0.888315239193895	5
-0.099502447678506	0.772189571387031	5
-0.010390630638036	1.02614903311259	5
0.056692308581677	1.20451286649971	5
-0.102788683512271	0.463095489130062	5
0.03268875187997	0.879543899324549	5
-0.069785696664636	0.836442958759441	5
-0.032750080636649	0.876248146996854	5
-0.099957501635267	0.86994038727622	5
-0.106633362530077	0.391700542585847	77
0.032163689771423	0.388661421904062	5
0.00734778407173398	0.412093803640283	5
-0.115923835045437	0.250071187810467	5
-0.115925368174204	0.232296236286305	5
-0.100401909975842	0.72424565752136	5
0.0805928021337951	1.33652340207444	5
0.091706830284093	1.31033359411122	5
-0.099573511308095	0.726376310011716	5
0.00733352011420296	0.944569023540174	32
-0.072804747661786	0.89029395640627	32
-0.00829885760921301	1.01653939374745	5
-0.115975617507077	0.282361413729015	32
-0.039121026897499	0.556843930237378	5
-0.103164996430059	0.449696216461694	5
-0.099640006428905	0.557356609049039	5
0.118538476738354	0.928648061232073	5
0.079857064106867	0.788385752953144	5
-0.098147592155529	0.585080632865104	5
0.107342416040494	1.11461649952933	5
-0.065097724693615	0.770295521830364	5
0.031363641889806	0.646244529440706	5
-0.099890402841967	0.793532283302057	5
0.06426511239887	1.010248134737	32
0.021536128024812	1.11862477315918	32
-0.022781875416286	1.12124962174947	5
-0.069739506124398	0.862022081565255	5
-0.121172087163952	0.890441903977498	5
0.000385825001596007	0.959111414726142	32
-0.101793644086654	0.540649490080587	32
-0.099131697606205	0.632727210876997	32
-0.051053085014329	0.629261085368119	5
-0.099643134957285	0.631675588841107	5
-0.017787251370773	1.07853576165602	5
-0.045616760462486	1.0348889812413	5
-0.100016694608458	0.618502911417774	5
-0.115935857562273	1.44529372069648	21
0.00880871029080099	1.1774763507918	5
0.00458204744436397	0.713125106506565	5
0.030814590020471	1.09347687632476	5
-0.066768116920848	0.792736982192669	5
-0.100715674631095	0.757776736108686	5
0.116088256398387	1.58002219262311	5
-0.100950446530551	0.779477326212199	5
0.031488108755943	0.876659857514375	5
-0.101146779741097	0.503784906490525	32
0.016010849170218	0.678685565008576	32
-0.099799229393392	0.82678266033007	5
-0.10087892687894	0.688254347005399	5
0.0875940075935801	1.15177568190433	5
-0.030898292492889	0.866167423745297	5
0.00895325916914103	0.949012594573351	5
-0.068632655759148	0.814041395134678	5
-0.02392357073334	0.837550040895139	5
0.058705506556177	1.01652555664934	5
-0.072628255407204	0.988690654494251	5
-0.072473845898408	0.903526496583326	5
-0.124773442874526	0.798675603042843	5
0.0675943851126311	0.809084192297459	32
-0.044907952669674	0.594423263069723	32
-0.027034111511249	0.845315847050702	32
-0.027678733506268	0.84372044417246	5
0.021966734669802	1.11995457292913	5
0.0301749673132909	1.09159443678107	5
0.102576539257945	1.12550337188368	5
0.060659911633699	0.817098958838116	5
0.035753453388106	1.07118949974106	5
-0.040273348158075	0.57075385259	5
-0.100540649152473	0.555655421223952	5
0.00938674333109102	0.950284800114179	5
-0.033808640093041	1.22624497052517	5
-0.098991813796712	0.63299582938068	109
-0.071435256174248	1.79550815443757	21
-0.121100171363767	1.5350433649526	21
-0.1013391775279	0.541542520726133	12
0.115739167975006	1.27260329105861	5
0.043067933157539	1.25377908999841	5
-0.123824877715274	0.791406814650569	5
0.035996807706793	1.0715651668639	5
0.109763225549168	1.277729003998	5
-0.057996015334608	0.689294696577331	32
0.06652063603952	1.17451962447239	32
-0.100715674631095	0.757776736108686	32
0.120140821093173	1.09937923697406	32
-0.051198051761671	0.629029484604463	32
0.038406342384756	0.637063646834563	32
-0.035741238855653	0.897718833492598	5
-0.055616421312275	0.665046202870779	5
0.0633836764122821	1.00768107372925	5
0.012716453385013	1.15781214922132	5
-0.099966469709385	0.630974610586005	5
-0.056010212633512	0.693266977381179	5
-0.024923175216025	2.13241769424423	21
-0.115716960041113	0.174358326864531	12
-0.100668403606463	0.54283721429898	12
-0.042618833724804	0.582519864885549	5
0.025896009970842	0.657239538658742	12
-0.104511659258241	0.421544700728746	5
-0.064670814818123	0.78462356801719	5
0.057471619836201	1.39197182521554	5
0.0863079641072631	1.14850190088371	32
0.119559880348781	1.0974397790662	5
0.039935363790139	1.06440765299066	5
-0.045751152316171	1.02115236222717	5
-0.041867165178098	0.951614267756564	5
-0.101216699265432	0.756386772550756	5
0.091217276301304	0.965221987858803	5
-0.100844017487163	0.604634168707221	5
-0.015507684082825	1.05625578615317	5
-0.099147660236209	0.738801614988552	5
0.00547841740140198	0.71483182712388	12
-0.100999378022486	0.652597218708025	12
0.070327950034934	0.593279792625094	12
-0.115178660193023	0.174680639182499	12
-0.104681362005971	0.43445269024932	5
0.00603833466032999	0.958413589099663	5
0.037072472684121	1.26918415681982	5
-0.071975581978888	0.928951143461606	5
-0.033408428020482	0.889449745326355	5
0.032480139311455	0.879059003503188	32
-0.052229428364057	0.642132135721209	5
-0.035114163494228	0.899566855040946	5
-0.064124699034491	0.772648723366634	5
0.026752213764448	0.658840516258258	5
-0.099090773842172	0.595929773924593	5
0.00110828434355803	0.724318593566835	5
-0.099045533807683	0.739123698701557	5
0.089061559890533	1.30091705479821	5
0.042581848856911	1.0521521659764	5
-0.100334680556437	0.747443139466714	5
-0.117940324508367	0.212235046293899	21
-0.10760382823076	0.390320139337068	21
0.015132637672435	1.37792358806205	5
0.120492448391374	2.05661114768615	5
-0.123484222724307	0.802559318694053	5
-0.013700517295608	1.04672680542409	5
-0.100175504230055	0.530970585184268	32
-0.104613054304231	0.421413036735558	32
-0.037917176271889	0.920717052559816	32
-0.045906146242012	1.02045137307307	5
0.109786959949242	1.27788202530517	5
0.058603027236121	1.39601652608317	5
0.029804361044615	1.29618678802656	5
0.046357118234855	0.850079275933064	5
-0.068034861394789	0.853787725174511	5
-0.111090019761001	0.330570172959749	21
-0.100249082099391	0.792538894194507	12
-0.052295341607687	0.642108358144146	5
0.044886477368333	0.625715532053132	12
-0.107121512029504	0.391050428063394	12
-0.068082573568628	0.828397743932268	5
-0.010246616419982	1.0265975078056	5
-0.032035956094939	0.862866724229498	5
-0.052715441145242	1.09177971298843	5
-0.100864963905876	0.768553993586954	32
0.020459231974736	1.11497717791741	32
0.036206614691446	0.86808467684082	32
0.0628165241141691	1.00605425322602	32
0.032786044872816	0.648681699044969	5
-0.036063194708447	0.911359822346737	5
0.071007510206048	1.36341392730991	5
-0.043474332939905	0.974275717021153	5
-0.101640431203273	0.627099076323521	5
-0.059504295835145	0.714445919213608	5
-0.025317046532348	0.849563845034938	5
0.028748466509296	0.88954330226215	5
-0.100518545037125	0.677483330584904	5
0.050946669901032	1.03661894374888	5
-0.100886430428704	0.664650883722466	21
0.0358510808965929	0.867159674229042	21
-0.060211287807421	0.712774539170006	5
-0.115743316400532	0.266966405570818	21
0.105336985679594	0.561636511140407	12
-0.072398652137925	0.854221169032447	5
-0.013119514787202	0.781700291444432	12
-0.037424985910632	1.28124647459652	5
0.0785808409793191	0.980782058337726	5
-0.04142561797617	0.568989766105946	32
-0.044078987963999	0.580330724299346	32
0.040399047324704	0.857574851174588	32
-0.040035348987454	0.555403619247443	5
0.069225045016118	1.0015519219163	5
-0.077089180124018	1.01042445788228	5
-0.039651785330529	0.930067943825133	5
-0.098642294260972	0.874413796665813	5
-0.123195138301315	0.823433503260453	5
0.004969421736159	0.713798428186186	5
0.00265349020255201	0.727339221009786	5
-0.101722032015381	0.490129631614534	5
-0.028994688423039	0.504784725811441	21
0.018924209983413	0.40094228505603	21
-0.121968748853148	0.837492828358704	12
-0.100715674631095	0.757776736108686	5
0.035936077604637	1.47425569510442	5
0.018618467641306	1.37468809295433	5
0.033579603633097	1.50036770140293	32
0.017692720927162	0.918439717110139	5
-0.051642015040638	1.08215738790499	32
-0.034009667581239	0.531755168254388	32
-0.033684376252131	0.88870785116551	32
-0.072075224535925	0.92922474119685	32
-0.00813787989432102	0.75852498285655	32
-0.07048752970242	0.82179897611339	5
-0.068908711213797	0.813224676485884	5
-0.017935262406804	0.803866742144075	5
0.00448238460889605	0.712539713062401	5
-0.028463585775391	0.856970834769581	5
0.00580901668043798	0.957889674162109	5
-0.119908849574734	0.964184606010298	5
0.055526208548221	1.02873719723141	5
-0.039283104937508	0.916770328272398	5
-0.100094778010642	0.581616393031786	5
0.122327816099119	1.73513763208886	5
0.028519233831634	1.51392378881505	5
-0.102006829719909	0.464224177802517	5
0.016714832608602	0.680096664048975	21
0.095831042023177	0.951889955811954	21
0.036787798556715	1.28559277406775	21
-0.099927306414595	0.815432052269465	5
-0.032883371895408	0.875910919860108	12
0.088581244933463	1.48131114274588	5
0.115896822474444	1.90554779855128	5
0.115024622487654	0.753642838654671	32
-0.028147875265859	0.505901081246984	32
0.0721457609871921	0.795865610153915	32
0.063617851729868	1.54492299479816	5
0.076567035189	1.16339504884781	5
0.115495079609369	1.27205084441073	5
-0.100891359925713	0.6647957514076	5
-0.101096800776019	0.83369116395097	5
0.038428165296534	1.27383275078515	5
-0.048980661169615	1.03758314524825	5
0.02794182119803	0.887518021292777	21
-0.003574507473873	1.2460419442099	21
-0.11831058632253	0.211999811371672	21
-0.036439834252542	0.544840061775473	21
-0.037877590703344	0.542557625211068	12
0.00163909488872105	0.98021207960973	12
-0.098563569802867	0.819172513244888	5
-0.018815654218932	1.09043473141528	5
-0.046476498043738	1.03238291135211	5
0.044986528646111	0.625897696580441	5
-0.013511008426657	0.78071869535155	32
0.097628408903233	0.956270978826244	32
0.074203545102431	0.992211233140751	32
0.057825534282169	1.0139334185478	5
-0.06620786313746	0.780828920258968	5
0.064253775461717	1.37853040394736	5
-0.048106835230408	1.02700603441693	5
-0.099783079084175	0.631371234257524	5
-0.065199183631518	0.770070099416658	5
0.115003000267112	1.42571199278823	5
0.023279793080587	1.32435265439001	5
-0.102763836642294	1.52793400983794	21
0.121458217592351	0.552831324827367	12
-0.108131978315196	0.362139705714258	12
-0.123467910511946	0.79243247127332	12
-0.097846616995511	0.954704467439411	5
-0.099404610888081	1.0260462910218	5
0.0137058830246	1.38918247658716	5
0.108278246178989	1.44739342704004	5
0.074524858447534	1.70576273647373	32
-0.117844115925197	0.972103856904976	5
0.00844535555648296	1.40031132416162	5
-0.040933180021525	0.553797719088154	5
-0.069272324583771	0.812195789188029	5
-0.075592954465533	1.05235066210989	5
0.105471766869107	1.77385826210459	5
-0.023352300268253	1.13417787176945	5
-0.00528425800514398	0.747106102796044	5
0.039036225332357	1.46921573259011	5
-0.074145525719742	1.04494699264085	21
0.064124602564502	1.00988541524187	21
0.059427772717959	0.601903602857309	12
-0.115864118989996	0.174338917171374	12
-0.10953008994569	0.346341766714938	12
-0.016706382976194	0.789981928753746	5
-0.040441516265918	0.927678937175252	5
0.014513800809942	0.928351167772502	5
0.00860350097501605	1.17693907714758	5
0.013763913790835	1.14464835769722	5
-0.023737958385212	0.838048708557863	32
-0.100008304351501	0.690404739429065	32
-0.070618656779158	0.847068653443455	32
0.025834547447975	0.901420203368153	32
-0.103050956738154	0.449781947054726	5
-0.099651797872651	0.643747242427715	5
-0.070922550292064	0.871236453014311	5
0.00984416582054204	0.704547800627785	5
-0.100258016542887	0.581327169504259	5
0.096109133914843	1.30277473438071	21
-0.072924288419372	0.914439801707955	21
-0.077758909823543	1.01985194065029	21
-0.099439641108668	0.607413368167638	21
0.093636740172129	1.64313872714042	5
-0.072316793515598	1.87422231523216	21
-0.1055446174188	0.39308113881167	12
-0.115864118989996	0.174338917171374	12
-0.114628484895635	0.251093348187846	12
-0.115025365423666	0.298064842417503	5
-0.106740641103602	0.377794374234029	5
-0.065356928925525	0.756007162176421	5
0.025194633375625	0.899799837389677	5
0.015161441139133	0.93005820227848	32
0.040616727279674	0.858022817643643	5
0.0384571901838749	0.637137811620766	5
0.080481687106241	0.789543936540686	5
-0.072414372807122	0.9037306331814	5
0.105323596945613	0.561673276723762	5
-0.028266972898359	0.505798245967854	5
-0.110569104428413	0.33111717482189	21
-0.021550856378636	0.478426843109631	21
-0.035051654990231	1.52731760248157	21
-0.119442732811672	0.875870376566934	21
0.03643196905042	1.66555073016556	21
-0.061385310767875	0.738308113248615	21
0.044193896909993	0.845251004852589	21
0.008047912436974	0.946116567123065	5
-0.025806982654626	1.42326950794621	21
-0.101140307120636	0.529298917239891	12
-0.116495940225782	0.266240506649722	12
0.102285086167164	1.44778708353255	12
-0.064644257545449	0.757535940508133	5
0.00848141338729802	0.947811854793354	5
0.0488741884226091	1.4158678138454	5
-0.097944909659685	0.887595735157843	32
0.028458695280856	0.888832875093303	5
-0.106421654766886	0.378149084851624	5
-0.012327070150769	0.451591481931451	5
-0.105990111626018	0.392586747540094	5
-0.035118953942229	0.530290050916535	5
-0.066227273454138	0.794100129371365	5
0.00400295039543097	0.969958872712307	5
-0.108920154783336	0.347090835432565	5
-0.016971965812717	0.465234881416087	5
-0.119602677558261	1.92274385239521	21
0.105675653249876	0.562079387686141	21
-0.119820559508782	0.191937724819398	21
0.094813094595454	0.34769206452317	12
-0.056634309649034	0.692158061295184	12
0.056765516540058	1.38902457641524	5
-0.099987799826822	0.725362627890289	5
-0.101014219718815	0.768022512329652	5
-0.073214247896826	0.913539536146737	5
-0.010184843190736	0.771272293617288	5
-0.104403885858181	0.421705090324716	5
0.054795967994666	0.826156343617468	5
0.11012415331779	1.27908972552792	5
0.029038218445796	0.890181340897351	21
-0.03748083891362	0.907542586631659	21
-0.056445123674946	0.692571194358593	21
-0.078050032050494	1.01894294512905	21
0.027922173379616	0.887543986567708	5
0.106366509546349	0.562710834286891	21
0.094858794673816	0.347694119607801	21
0.03254661418515	0.38905604434496	21
-0.116246155858801	0.174122278287642	12
0.013597833361692	0.693122410240237	5
-0.070330486913706	0.84788976995607	5
0.041518247675935	0.859978111261281	5
-0.055600350272243	0.694231835937933	5
0.114552380450976	1.4240160378827	5
-0.099495934005514	0.738062849054382	5
-0.072660636209282	0.890759857214931	5
-0.011760640541884	1.03747344499714	5
-0.120812556493875	0.901777031273265	5
-0.1028757803434	0.76269440827892	32
0.05665524179853	1.20431161366386	32
-0.071033815829332	0.858441174909662	32
0.049048749993083	0.835047757450151	5
-0.020941651588286	0.479176240711399	5
-0.106514104088778	0.391912131095853	5
-0.112880633853045	0.31454185152553	5
-0.023045600674405	0.839575221523203	5
0.116477992925086	1.27469434151782	21
0.0405390068331	1.06603470596289	21
0.0521136778681131	0.614453825709668	5
-0.115334511532674	0.232707910954119	21
0.03359460321025	0.389822560414852	21
0.081607248262205	1.15682734802648	21
-0.118056684780534	0.212186929048949	12
-0.00659367488531398	0.438466123188785	12
-0.107408480510089	0.36292430872593	12
-0.041008082929489	0.954059668680652	5
-0.068205214179216	0.827987828913931	5
0.000270294475813948	0.976414388951641	5
0.099846320601917	1.29259889619583	32
0.021105434706028	1.11722057640798	32
0.108045997213057	1.27215166547522	32
0.00239171747488598	0.965412432861273	5
0.081008601644205	0.790366979154974	5
0.031307059179022	0.646216868263682	5
0.0689971616869241	1.35674069911351	5
-0.100743626992762	0.711970922453276	21
-0.050530443933757	0.630229364027656	5
0.021423930847796	0.669225727811183	5
0.017456140034979	0.681371014804997	5
-0.062399047560193	0.749704340601563	21
0.0710802818988871	1.1678696065998	21
0.048485239875691	1.43309431850259	21
0.049494859555772	0.376239065705743	21
0.094668890383581	0.347567590449169	21
-0.032043962436071	0.517843856142648	12
0.032629341964219	0.648427659826732	12
-0.118472810906431	0.211900019936529	12
-0.011617532461751	0.452384641983	12
-0.047045606550363	0.606121398209152	5
-0.101485978123779	0.686844951379872	5
0.0917241255628209	1.47305898893235	5
-0.066957331771685	0.805261742620215	5
-0.099784907491565	0.725633792309407	5
0.123270934096492	1.5851577662164	32
-0.099773470427007	0.815713819862176	32
-0.016249997281984	0.466068682618303	5
-0.107506661761124	0.376872541375464	5
-0.067767372431196	0.816331716581922	5
-0.013264683451676	0.781366990513163	21
-0.016899076962265	0.465409190751498	21
0.0447281714886399	0.625494732547705	21
-0.050581829374371	0.645239403632106	21
-0.072979709994225	0.975549672657476	21
-0.099834327314595	0.859678264334011	21
-0.003725064883843	0.732185824049365	21
0.037327501590215	0.870500056853848	21
0.00350147331995199	0.968582699044506	21
-0.100294560180012	0.630236136044791	21
-0.052772046040089	0.656206214461455	21
0.0943277316736349	0.3473329439691	21
-0.116246155858801	0.174122278287642	21
-0.012327070150769	0.451591481931451	12
-0.016899076962265	0.465409190751498	12
-0.106514104088778	0.391912131095853	12
0.021968090019448	1.11991813339258	5
-0.044047301812223	0.972494787007536	5
-0.072162731553968	0.879933043066329	5
-0.071804191726835	0.881022064527997	32
0.099896577638075	1.46109543173895	32
0.00752972637565497	1.17303063019437	32
-0.10093071922577	0.757198899794291	5
-0.020464022378794	0.479710344348148	5
0.096879408182361	0.772492915144024	21
-0.03739329533932	0.543425179945625	21
0.105101614505934	0.561124964333015	21
0.031933588658844	0.647353242158616	21
-0.100519776108595	0.543106138751683	21
-0.09966111049073	0.655729119269381	21
-0.100347905452608	0.677919339739423	21
-0.111172839857222	0.109222251636938	21
-0.097828367693959	0.899291054951433	12
-0.074627954088722	0.970154656838148	12
-0.114551438403952	0.298511433361762	12
-0.062465984669392	0.721564231754792	12
-0.076742054362208	1.08435979672428	5
-0.063132939800094	0.761492058677281	5
-0.008239947628221	1.01683222277371	5
-0.059973135335669	0.713534161808481	5
-0.124198995635572	0.790010322170395	5
0.0692452310706601	1.00147699435867	5
-0.110590592179069	0.331092368723623	5
0.0874158290060471	0.779310136400709	5
0.00603833466032999	0.958413589099663	5
0.124971650745749	1.41299163861901	21
0.032480139311455	0.879059003503188	21
-0.104925930555918	0.407578658891583	21
-0.105031644816399	0.420789049948083	21
-0.040093359497477	0.55525229686219	21
0.066298794369242	0.806737553798788	21
-0.050905334817137	1.07137538097185	21
0.01484015816329	1.14836643586331	21
0.027584885799999	1.32296968351615	21
-0.115025365423666	0.298064842417503	21
-0.011140628375044	0.769095294866177	21
0.0356412290270201	0.866366468823092	12
0.00945583795360905	1.17976474857011	5
-0.021867992141991	1.09475102150264	5
0.025000675041097	1.330920463428	5
-0.025988084082895	1.16874524770748	5
-0.102078851052324	0.476968851765815	5
0.027139119530922	1.10057637793685	5
-0.060938042602035	0.725410792511229	5
-0.021470430319495	0.827441300383061	21
0.10410391436183	0.946796990896422	21
0.02649667759467	0.658375539177575	21
-0.00536159477185	0.746915242597082	21
-0.100682700345652	0.555479902574964	21
-0.100993302745826	0.640716999529015	21
-0.01262921336332	1.05015919247232	21
-0.01633481058713	0.790930362888761	21
0.012792644272122	1.15824280475614	21
-0.118102553881801	0.212151298592954	21
-0.029519472390095	0.503957796685663	21
-0.02401651993317	0.837252652561457	12
-0.005432256394652	0.746778232721216	12
0.062141826411021	1.02461208696376	5
-0.098836693149839	1.17565598727522	5
-0.099486420091176	0.557629559938263	5
-0.098548112604301	0.97493005836436	5
-0.100812186200981	0.504355441914028	5
0.013382583482891	0.692789418663202	21
-0.011257723736368	1.03906013430988	21
0.097329215061989	1.13422599420336	21
-0.042017825249197	1.31551031072361	21
0.039261780922233	1.06233665423212	21
-0.011245292499747	1.30969771051397	21
0.11075938222272	1.28076387155058	21
-0.069811757982668	0.823689552340163	21
-0.070219310537512	0.835470940114768	21
0.073656389998549	1.52636556523061	21
0.048024643824695	1.61142444098483	21
0.104394152582732	0.947378527488701	21
-0.116142114026661	0.232115562812506	21
-0.043479445104842	0.960528229481025	21
-0.103628093475771	0.43596841989984	21
-0.068319549689366	0.81480130741468	12
-0.107262512322463	0.377156386297626	12
0.046244010661164	1.24610847642726	5
-0.021007650888992	1.09788820802656	5
0.087406741620721	1.47747432254754	32
-0.101145785324226	0.756609874049943	5
0.00955243289812602	0.950590670184377	5
-0.103237505757626	0.44937663648922	5
-0.017289869461764	0.464698391038637	5
-0.005840394236308	1.00783262292625	5
-0.052221185679805	1.05308394055603	5
-0.06489947171071	0.770762038350729	5
-0.030193395988813	0.868010919819093	5
0.018526662236658	0.920509912835973	21
0.0853593512355561	0.974598510807961	21
-0.100384638260919	0.677763273812734	21
-0.021792543169347	0.82693745754768	21
-0.002733607038165	0.984354232594636	21
-0.100499511613977	0.758250170433136	21
-0.00927476584054599	0.773074189352706	21
-0.04932950900748	0.632513216250891	5
-0.046174652097795	0.592147554877383	5
-0.10038432812119	0.879902725315052	5
0.121036540633064	1.72904823775356	5
0.122203308673292	1.58145419468204	5
-0.023856132289764	1.13253190985691	5
-0.059193735917845	1.20930979153249	5
-0.007539017699773	1.5170812074739	5
-0.051575326355847	1.08221711923616	5
-0.118441117456991	0.940167479412972	5
-0.101615509042688	0.590742917007185	5
0.058613382579384	1.01631657273961	5
0.027902269967216	0.887325873841524	5
-0.101900988432825	0.489989748259937	5
-0.107377416959864	0.376916371100175	5
-0.05820964826827	0.717285094345389	5
-0.017459576523633	1.064813321962	5
-0.016726111195131	0.790049856400371	21
-0.018738881353403	1.09073923086404	21
-0.100721751570158	0.653334740843013	21
-0.055248082708845	0.680664610743587	21
0.120968791838402	1.1015174146454	21
-0.100947584514471	0.688228681360856	21
-0.123843338633797	0.801346228301667	21
-0.099569616307324	0.655898848392299	21
-0.055005523440867	1.51634985521826	21
-0.00625499643272998	0.438831789390862	21
0.105274502099269	0.762605771616477	21
-0.118102553881801	0.212151298592954	5
0.121207122866347	0.552640628290601	5
-0.106633362530077	0.391700542585847	12
-0.074705278093351	0.982108735031623	5
-0.121698475819569	0.858556519789732	5
-0.100426349871945	0.735450590074693	5
-0.067585159815763	0.79057817477408	32
-0.059784503238457	0.713903418160024	32
-0.024046126189625	0.493328365569321	5
0.00836992982080798	0.41294687036858	5
0.048670628967573	0.834237005479986	5
0.073771939912302	0.799087727785337	21
-0.075173477799842	1.06581451629886	21
-0.102146954107219	0.625890463460822	21
-0.058956600131908	0.701571041675114	21
-0.115942151169274	0.174304472771972	21
-0.100356523100769	0.758720697021625	21
-0.123698649742039	0.821824554176612	5
0.114190604851829	1.26793743004895	5
-0.10013585898317	0.85864600891847	5
0.044822732626656	1.03867930630324	5
0.115714320115514	1.11230548561567	5
0.094616076332456	0.347498367491258	5
-0.115478165491015	0.267173709816532	5
-0.116008560487422	0.266695085065595	5
-0.028064170661651	0.506053716849126	5
0.068502049096093	0.999563943711357	5
0.114081470549931	1.108337948217	5
0.00681313160614605	1.18700352043911	5
0.111069134331909	1.4349864934986	5
0.103731689040302	0.945969433947102	5
-0.102116260924173	0.489638762362107	21
0.053304307687031	1.21300556891494	21
-0.021913225945067	0.47792470462871	21
-0.039878964551408	0.555641841257419	21
-0.012515455873634	0.451343546712908	21
-0.099377429529934	0.53212419124956	21
-0.100969747008241	0.542267740273458	21
0.105009175554823	0.762304805432382	21
0.040913120380364	1.45860164829006	21
-0.03745024479862	0.543312571985772	21
0.040632411893181	1.24529874925044	21
0.069453553663671	0.361928018197525	12
0.021032013998369	1.11680346694344	5
0.070299345096173	0.362541627885638	12
-0.099936752839602	0.606629489093798	5
-0.021013181002973	0.478867976917603	5
-0.100171636713665	0.736381447250943	5
0.015549423205223	1.57263838965765	5
-0.063926405809267	0.773067078639114	5
-0.101434823728225	0.490706842486301	5
0.029814597090947	1.29589317962264	5
0.00771060624950803	0.412459440155001	5
-0.031252150842182	0.518979994620575	5
-0.122483039469297	0.85594321990952	21
-0.099003079805707	0.669077975770165	21
-0.111068373208056	0.330551498890555	21
-0.105424896734102	0.393252260366806	21
-0.102027598195223	0.552765685913982	21
-0.115743316400532	0.266966405570818	21
0.094668890383581	0.347567590449169	21
-0.120164038478582	0.191761335568766	12
-0.07121088992009	0.870439989812964	5
-0.041928008695538	0.937103844398453	5
0.00108754373097397	0.978672395685807	5
0.00458204744436397	0.713125106506565	5
-0.051999826392272	1.12029129845016	5
0.036558299237986	1.07337362380294	5
0.049978595927915	0.376666352239561	5
-0.012471431929206	0.451385834430231	5
-0.023785836413211	1.132778549073	5
-0.10414272358777	0.435169291906869	21
0.038247974269833	0.636824493351985	21
0.0883432400306911	1.48145659797723	21
0.083796495164515	1.8437186049854	21
-0.103164996430059	0.449696216461694	21
-0.115404127689215	0.174552241887107	21
-0.10357185853167	0.436072560527944	21
0.121318348063096	0.552754811954348	5
-0.111172839857222	0.109222251636938	5
0.018683620428821	0.400733018854102	5
0.018924209983413	0.40094228505603	5
-0.105305107113882	0.39335305316445	5
-0.011011864119191	0.785768966074756	5
0.013221750004854	1.15965906317078	5
-0.099990773382598	0.543823586628801	5
0.0359969237955901	0.867551736606896	5
-0.061587667396445	0.723825568875972	5
-0.100579098934386	0.689128118973027	5
0.109661555063592	0.934145587470644	5
0.097480003701449	0.955972538182608	5
0.113936699871132	1.1078983777164	5
-0.064515513994082	0.75822722717242	5
-0.115117718137672	0.232840038278335	5
-0.06050829951984	0.740049190934356	21
-0.099430523818484	0.656216589132605	21
0.091172629212606	1.14000710655247	21
-0.0586675799163	0.70221639703021	21
0.023373814416712	0.895292168349156	21
-0.103640488182641	0.435633500161	21
-0.011573701536929	0.452373732081611	21
0.096501447630052	0.95348340485295	21
-0.04664530415767	0.591265316046264	21
-0.066227273454138	0.794100129371365	21
-0.068480592131362	0.814339288054166	21
-0.042811440633548	0.582412358289329	21
-0.103728642175623	0.435861099566748	21
0.00764434222029398	0.412342820833966	12
-0.021869148495618	0.477980739068288	12
-0.100551099127656	0.568220195547165	5
-0.121754510285192	0.838139850546711	5
-0.000441529669093999	0.425039504938021	5
-0.100463577342955	0.791925011616783	5
-0.100390957019888	0.835809586928176	5
-0.00560108888524902	1.00875309389542	21
0.0640327184851081	1.00964616320465	21
0.073986780068979	0.799378537665455	21
-0.102082520544194	0.719813149294401	5
-0.006169363853121	1.25174328320912	5
-0.102105316810794	0.464112134183711	5
-0.014023386077871	0.795996245834324	5
-0.040278559549617	0.942315591883034	5
-0.050950850634045	0.613862736079869	5
-0.00416449302877497	0.749388240798731	5
0.036506787707663	1.28479248673165	5
-0.04428096589545	0.985364060862822	5
0.050166807415939	0.376646627417593	5
-0.06466688470326	0.78440773836848	5
-0.055938777933929	1.15888498870499	21
0.069214265537369	0.591823078312814	21
-0.017520122406126	0.804731886290861	21
0.095242459942694	0.769730051823555	21
0.055791658709331	1.75218029054534	21
-0.030332015057847	0.867425334481349	21
0.026966069411924	0.659187381147349	21
-0.011783957827366	0.452215227579466	5
-0.105522181679156	0.135546168947089	5
-0.038758626881105	1.27512218249902	5
0.0638258050291251	1.18691147122011	5
0.104747731308481	0.761785845467742	5
0.0323347709009419	0.878690661547411	5
-0.098515860280939	0.84151380147549	5
-0.010184843190736	0.771272293617288	5
0.0850644340135141	0.973911759755915	5
-0.029328517421191	1.44817411371583	5
0.0333796348616851	1.29127082907979	5
-0.016451934026675	0.465889459266454	5
-0.014255858767325	0.778949922377915	21
-0.026868078811288	0.845893052039925	21
0.017961596772228	0.399958620386697	21
0.119045890928817	0.929714345728371	21
-0.101086153778646	0.628292473591464	21
0.012148821383547	1.15598592764134	21
-0.099401345711687	0.607710494791771	21
-0.0689279034724	0.800053862843546	21
-0.11826475276351	0.212051498876644	21
-0.106297066015442	0.135223212569187	5
-0.017058147449286	0.465212345192957	5
-0.114290329981313	0.251295939844581	5
-0.071301580146046	0.88252748751355	5
-0.056228454799977	1.53366785706141	5
-0.066173314300954	1.31269287337134	5
-0.118532546117937	0.949644883740849	5
0.034260453651305	1.08520975677513	5
-0.023088054632329	0.823690578524602	4
0.065243338931499	1.01258211828506	4
-0.077955818583255	1.10336928131751	5
-0.053981491133018	1.15323041327842	5
-0.02778087188322	0.843391894322297	5
-0.098806034034434	0.840709504931313	5
0.079057164847237	0.786760281652262	5
0.0564164787414571	1.20352582006049	21
-0.099508586983959	0.595066726735861	21
0.00886178379368696	0.702970577080943	21
0.105479905969051	0.762965483169979	21
-0.043397049788654	0.581497471088453	21
0.016344141771242	0.679401018039626	21
-0.065909860676465	1.33755612765323	21
-0.058399300903764	0.716707466632098	21
-0.115864118989996	0.174338917171374	5
-0.034888378492565	0.90016873987089	5
-0.115100372523913	0.174715224295631	5
0.113189752723689	1.91507683848109	5
-0.023251738450283	1.1197891199591	5
-0.000258926123714975	0.425192869920128	5
-0.00366120716991702	1.01369385377429	5
-0.013719140469682	0.780317909065591	5
-0.008290958767664	1.01654283951123	5
-0.065706306130212	0.782144871951742	5
-0.061617073461311	0.737536174554941	5
0.078271013010872	0.980062468097209	5
-0.01978667974589	0.815626835105189	5
0.007552230475244	0.412316431596319	5
-0.00459500923380302	1.2581620653679	5
-0.059270641487644	0.72904217594746	5
-0.027672943173135	1.1775041090034	21
-0.063602822583685	1.28897740749551	21
-0.098341864454429	0.997676511836289	21
-0.066211961323682	0.780793456923574	21
0.080110924456388	0.788884896965837	21
-0.017101277942453	0.465143039440041	21
-0.104054398470955	0.435323960970748	21
-0.031720163840124	0.518190267306035	21
0.0697614468661431	1.0027426504656	21
-0.014434688436079	1.77523344796758	21
-0.072484986139108	0.952421004295947	21
0.088545049251067	0.781214237056574	21
0.0857718531635761	1.14675707942348	21
-0.115178660193023	0.174680639182499	21
-0.00372289411256199	1.2289716486389	5
-0.104838061751666	0.434201345582073	5
-0.119992196778249	0.191867148004975	5
-0.032079123203214	0.878119489634461	12
0.00447569565278705	1.8498114913222	5
-0.051574454270743	1.08247964901443	5
-0.07398830504718	0.910918451082389	5
-0.00522294425488601	1.00951926934418	5
-0.099131103719751	0.861872514982097	5
-0.00579148672214302	1.52527356079112	21
-0.100280124233329	1.05460815278816	21
-0.066543577873441	0.780028651154387	21
-0.00243336936059901	1.23407537502693	21
-0.101519166162446	0.503186468947309	21
0.085637822970226	1.14626646242506	21
-0.080471683642706	1.23030814038876	21
-0.010461818799252	1.0259041444101	21
-0.101964752186236	0.56510664553084	21
0.099199483276601	0.959143287650955	5
-0.065885999890249	1.34907811598563	5
-0.102486947912296	0.489010926576208	5
0.045353001572439	0.626425583184604	5
-0.011573701536929	0.452373732081611	5
-0.116132740014047	0.266627872453811	5
-0.011217117560554	1.29476332045664	5
0.017711337520242	2.11307436069367	5
-0.118697803013618	0.968914460318424	5
-0.099358538475979	0.905467237652804	5
-0.033195863894118	0.515943849625421	166
-0.097835076891829	0.9774367387604	21
-0.098360578055365	0.875313556109132	21
-0.099753710726303	0.594692507655025	4
-0.004093646971149	0.749445474845433	21
-0.071422261027611	0.869682304417847	21
-0.077383854300084	1.06987468280024	5
-0.100036412204912	0.701911906180252	5
0.096028091888654	1.79743779018394	5
-0.05668877571464	1.14281856064673	5
-0.099061459058201	0.715919696522798	5
-0.063440983317892	0.746963929764315	5
0.09882205406363	1.78863962295192	21
-0.01266200691613	1.33498191909963	21
-0.100831657386763	0.711779769958339	4
-0.038804615989375	1.28884120276823	21
0.092632259298827	0.572356966562097	5
-0.11784860700749	0.212306266404081	5
0.00739385843923501	0.412152608421362	5
-0.115836031855076	0.282463471340844	5
-0.021825099870337	0.477998300090472	5
0.080360113001672	0.582185050771318	5
-0.030642049598045	0.851193119136841	5
-0.098889491340392	0.621004670674653	5
-0.098635522734653	0.693482336025597	5
-0.064344063257503	0.758599333829804	5
-0.103164996430059	0.449696216461694	5
0.0506161201507061	0.838635310679418	5
0.018479430806098	0.920301250634201	5
-0.101930691903432	0.515202557079936	5
-0.025332306488419	0.491829297616584	5
-0.027340425591523	0.844658588301845	21
-0.103941654275908	0.435558735503238	21
-0.099628063827504	0.607265910927332	21
0.066886868569628	0.807934203700116	21
0.00396558516636403	0.969785286927047	4
-0.10202829229445	0.673784880923772	21
-0.00855187099496502	1.01592123475232	21
0.09227778514683	0.571986927153601	5
-0.065434379205328	0.769476599774058	5
-0.059391586995364	1.18329783913695	5
-0.071436412465091	1.87140360052591	5
-0.055857457343564	1.80240958534699	5
-0.071572630689033	0.869317000195936	5
-0.079742699253761	1.13097433724235	5
-0.099861693460303	1.21169225178836	5
-0.118483304842097	0.959556615701048	5
-0.118092710950249	0.941299152825001	21
0.121391057272676	2.06036533561486	21
0.00401608379527396	1.4299651706663	21
-0.099187903075578	0.644646841487964	21
0.096992943785531	0.772571430149808	21
-0.101147669871935	0.745318995378732	21
-0.114835549171623	0.250840620929093	5
-0.087716460204708	1.94808862692532	5
-0.035263460458007	0.913480169828404	5
-0.114913786260103	0.298169823663592	5
-0.071336885083728	0.844962519146842	5
0.087728470967823	0.779761640388516	5
-0.12160908150951	0.838569843040131	5
-0.00691028622803702	1.02063590835317	155
-0.098165913779801	1.00926646204252	21
-0.048126214899732	1.36594204484625	21
-0.022403238285666	1.41047507620584	21
0.032937570703607	0.389401424577372	21
0.092191206891857	0.571653388351509	21
-0.047282503403885	0.605733746617472	21
0.077178771113956	1.16496358919972	21
0.091127154300346	1.13980153140453	21
0.052679232694277	0.615257908511245	21
0.033187110503508	0.38947646894033	5
0.106174356843008	1.94661678907544	21
-0.102239228520691	0.539769713079362	5
-0.058151860095825	0.70332447791431	5
0.0352525603441231	1.06960777960454	5
-0.031787447156677	1.21990451508535	5
-0.098285106151362	0.875280774838565	5
0.070009600312998	0.592981303428761	5
-0.11602314482964	0.232215293174705	5
0.104998456713189	0.56108012346698	5
0.017202896340167	0.680848724188954	5
-0.059436747692296	1.63046731080459	166
0.080715171166178	0.582616957010965	21
-0.100038145032143	0.793074230423041	21
0.098319283405045	1.45506432414736	21
0.097259909288173	0.955424589749496	21
-0.054285411369046	0.668015706482702	21
-0.00662027083922701	0.438453577682456	21
-0.059692689572835	0.714159603962037	21
0.105587022345769	0.763205317827153	21
-0.098997024114071	0.632891096403066	21
0.079095705079227	0.786747566431195	5
-0.101593139259187	0.639168812239761	5
-0.043004788823608	0.581975988324057	21
-0.058709777251849	1.98522209301737	5
0.000231035433626015	0.976330968010311	5
-0.017212737600515	1.36069101842349	5
0.104327577517393	0.760908256019704	5
-0.104509893620262	0.408081584057556	5
0.03651601320997	0.633623725281368	5
0.046189147936922	2.2562783728197	166
-0.025776826892529	0.491270665429518	21
-0.102111994923871	0.69691130087072	155
-0.00114291814474599	1.23923820656419	155
0.060337520271241	1.57071664882766	21
0.078707539403554	0.98122382164291	21
0.086478289408639	0.777408026181322	44
-0.064022237158941	1.2989000055759	21
0.094046450272344	1.97050204392028	21
-0.073030376547647	0.963043729281139	5
0.087252973184111	1.65888992999771	5
0.054514618866107	1.39991894946866	5
0.045681781600579	0.848790942950738	5
-0.046140919314804	0.592301568088539	5
-0.098069734064573	0.87596440193183	21
0.00180572666096801	1.21774147771549	155
-0.120685893919462	0.851551858422413	21
0.043004606604267	1.44858954072463	21
0.108910401739163	1.11882685867176	21
0.010986666430068	0.936944425182045	21
-0.017379350597842	0.805084075126346	21
0.065944545272103	0.805809505611479	44
-0.099782834038618	0.557078807481337	21
-0.100299922108584	1.02250606095225	21
0.069329526470399	0.592054847356521	44
-0.116623372876921	0.925809664122658	5
0.020396901385472	1.34780487248681	5
-0.12035021096099	0.862504950129607	5
0.016478875417744	1.13661882941139	5
-0.050004103142006	0.631321641009501	5
-0.027474484273887	0.844284424290789	155
-0.099753461318622	0.655542568906552	21
-0.038469681771529	0.919188830134889	44
-0.108580899990148	0.361512319563065	21
0.01322724910838	0.69252640055505	5
0.045194718596445	0.626183890102796	44
0.000724470295509039	1.8574028720921	21
-0.11874939635346	0.938747157729682	5
-0.053289384094176	1.07614944629349	5
-0.056650852105407	1.15603124520041	5
0.076741431852019	1.69511679374038	5
0.066079054954014	0.806254019859364	5
0.110778593313116	0.936943826639647	5
-0.100010476725585	0.531074476071444	5
-0.103164996430059	0.449696216461694	5
-0.024478626391705	0.836050588704062	21
-0.098524386180621	0.985854908672759	21
0.038829733615497	1.06116273179885	4
0.059682724514156	1.01916169823378	4
0.025380917843802	0.900374113707041	4
0.029255485336799	1.31143871836933	21
0.04949872154232	0.836015301797385	44
-0.117766900368655	0.962310128343319	44
-0.099247144534062	0.795272746267477	21
-0.073846269847124	0.985079580164762	5
0.016420231392981	1.38308476024904	5
0.043594031862543	1.43218118817429	5
-0.00468576507045898	0.748367557151564	5
-0.031647018422379	0.879116766996363	5
0.020911189132547	1.33245744295722	5
0.0329490397191981	1.51487977339043	155
0.000546060801821957	0.977248415414024	4
-0.115229688522475	0.267341146174403	44
-0.049641531784254	1.06240345379932	5
-0.071730455516304	0.881294720402052	5
0.000772521339845955	0.977877338871355	5
-0.09847599598026	1.14580652023262	166
-0.014283414765978	1.34332894017022	21
-0.101976810685045	0.502480476997555	4
-0.115274979290486	0.232741223930052	44
0.00759829247495902	0.412352519850003	44
-0.099441488803894	0.96063712651246	44
0.093204220835313	1.64168621181523	5
-0.011435541526519	1.32470889208474	5
-0.098232395140712	1.20877709403411	5
-0.021451392351851	1.09605375123037	5
-0.046039387715194	1.33667763959813	5
0.066577016643232	0.807288646326333	5
-0.027276579684878	0.844706252507457	5
-0.025987443895512	0.847608398826918	5
-0.072342218846392	0.940629797713682	5
-0.072153015719175	0.89224334592659	5
0.0928486249509099	1.63989456707241	155
0.066317104536718	0.806606536426516	4
0.051280568876358	1.22554309388558	4
-0.00969313048540599	1.73207652443416	21
0.069804042341113	0.362053075333624	44
-0.03141057099508	0.518786551067599	44
0.018362562838907	0.400292604520417	44
-0.11921380912158	0.966908147433981	21
-0.122048847252329	0.806609762624198	5
0.02973098676866	1.51922346136992	5
-0.00250075764669899	1.47985789424966	5
-0.07701152529179	1.09520322728731	5
0.104137963405099	1.79093898129262	5
0.0114046861111849	1.39658530214411	4
0.005158424045975	0.71405459926588	5
-0.002307081491907	0.735444174813995	5
-0.122847103836663	0.854508468482653	5
0.015495307587261	1.37960918078324	166
-0.072013887662768	0.892735351839413	5
-0.099801295180027	0.837760426244668	4
-0.032350209509965	0.877172231915615	4
0.0645893010383331	1.01102048103999	4
-0.101057731717833	0.711216873005267	4
-0.07287987419145	0.877679470044317	21
0.020582669375375	0.907162022964962	21
-0.124342536637607	0.819906639968229	44
-0.028076370878014	1.45447393776113	21
0.067476410706951	1.17782946414084	21
-0.098264803844864	0.953714021197889	5
0.000556033432606018	1.22945660645659	5
-0.098572483014734	0.819215941762894	5
0.053876444481977	1.78012555203511	4
0.00175791707945405	0.72571150831414	5
-0.10071783721917	0.641177954425003	4
-0.101830180408398	0.720532767488224	4
-0.00931488753748799	1.02936809395292	155
0.0292092181282621	1.31160706192457	21
0.034513326745377	1.27795320629572	21
0.018202313798041	0.400241189816208	44
-0.100269314114541	0.8034839354297	44
-0.107567702287663	0.362769415213176	44
0.093707368429229	1.64367594704431	44
-0.043408823090307	0.96073599843473	5
0.118321036927988	2.06703877290515	4
0.00773530916584797	1.17357555977176	5
0.038963168466928	1.06157872208364	5
0.004168336495884	0.970413528130283	5
-0.098807391187951	1.07098212216125	5
-0.014134424401379	1.34412326353177	5
-0.099007510408106	1.0276795315093	5
0.103603997976661	1.28160167677318	4
-0.01147267016982	1.0384134064437	4
0.062024031135808	1.74521396432809	155
0.018227650667893	1.56827854576307	155
-0.057292014801687	1.16642832507913	4
0.034985108020141	0.864798621837177	21
-0.111299576987292	0.109160200857588	44
0.09228360614553	1.31186789590243	44
-0.027104250430328	0.84528363802095	44
-0.112840861122933	0.314449374195558	44
-0.101129049498214	0.62835479509594	44
-0.00732469352116599	1.01957112008258	21
0.058969779346524	1.39738376377839	4
-0.00352187257990999	1.26218446014921	5
-0.071799627492244	0.893374672245186	5
0.110116398599883	1.60143279885644	5
-0.000662040812340003	1.22487310378189	4
-0.076131628901821	0.98951131105425	4
-0.098484113000597	0.975069048037051	4
0.050490113928705	1.40273052795793	21
0.039218850769891	1.25881011530198	21
-0.099527183173398	0.916051586631605	21
0.00734778407173398	0.412093803640283	44
0.032022646047339	0.388486045328343	44
-0.00259558557621797	0.984744606607828	21
-0.00141517511142197	0.988242330712894	21
-0.102176270740685	0.489526548151653	21
-0.080731640399912	1.1382480842466	5
-0.100152418783087	1.10776625402417	5
-0.115861986942021	0.978860112607886	4
0.093798048643793	1.45913870553974	5
0.018921302033479	1.12762684963731	5
-0.102982302763497	1.38178223657255	5
0.119227059848186	1.59210988452678	4
-0.072510272807348	0.927889835501367	155
-0.100484124003828	0.641911844757006	155
0.057563983568571	1.57823262673693	4
0.068357435640598	0.999103239136942	21
-0.07024534963749	0.860637944272365	21
-0.055624794116769	1.14709470853182	21
0.01216214012176	0.939761560248324	21
-0.100594249634898	0.517522650090725	44
-0.069986085311918	0.823282528094748	44
-0.115274979290486	0.232741223930052	44
-0.040269035470005	1.30984184527445	5
0.00418390667587298	1.62815551614465	5
-0.121669196101177	0.898679145537549	4
-0.084204934160263	1.31144561723467	4
-0.117395608254534	0.943206983732339	4
-0.068816523243368	0.787160980005513	5
-0.099827275090634	0.71419752564367	5
-0.023117715259557	1.12035481424192	5
-0.09690334219578	1.10005118285399	5
-0.099003079805707	0.669077975770165	4
0.009401063920361	1.16305832842044	21
0.0926539977094451	0.572285614493987	44
-0.036063194708447	0.911359822346737	21
-0.118147830834428	1.12413675423354	5
-0.116029331875676	1.15248129949948	4
0.061759992541493	0.819164494482849	5
-0.056075481969184	0.678973751605496	5
0.072038111254849	0.795138776481482	5
-0.099568854981234	0.655891202276838	5
0.090245442009747	0.962961530155754	5
-0.034550613257787	0.886273577088278	5
0.089569012891746	0.961216869677583	4
-0.057263263119055	1.25438490920461	21
-0.120909835355238	0.89069578423919	21
0.047406911967109	1.04643741853984	44
0.118978438636188	0.929615185522245	44
-0.011255481563149	1.03904600388963	44
-0.062744365344491	1.25635812364251	21
-0.083961843518798	1.3233357767813	5
-0.121683625061546	0.838318520378488	5
0.028985539684925	1.88995711225272	5
-0.064229968625376	1.31008627721646	5
-0.014399058740672	1.57107959638977	5
-0.035942015453745	0.89708753145845	5
-0.019688076163477	0.815646302686684	5
-0.024152360997315	0.837025463020435	5
-0.101379924592485	0.778226053814504	5
-0.00632780299470098	1.00660974294207	4
-0.014505102755688	1.05954703287282	155
-0.099766350266045	0.97034581722214	155
-0.027887044183835	1.17671236857879	155
-0.067178608651154	0.778239127744287	21
-0.057408500690007	1.21661959644135	21
-0.00646041367585698	1.53683464985397	21
0.059106625309614	1.1920361981864	44
0.051182463375448	1.95634309940068	44
-0.104461052224404	0.421569441716968	44
0.037224275475207	1.07534469738834	44
0.027178134324403	0.885597938870504	21
-0.049255013562056	0.617416233933196	21
0.005154579896539	1.64888530917498	5
-0.116125825306887	1.09544844946067	5
0.0198901694781169	1.57670823798593	5
-0.100777782015722	0.688404971498304	5
-0.06641010112483	0.780394707232252	5
-0.071988357387222	0.904970331593057	5
-0.064015931141747	0.745648467513805	5
-0.100285100512032	0.666228820359755	5
-0.101398950720733	0.789181537978624	5
-0.016753091696383	1.06726622499537	5
0.054554514868866	1.02609184494248	4
0.016405726509743	1.13651590131068	4
-0.079187515975059	1.13346151610902	4
-0.063038214940746	0.748124824759134	4
-0.078452789156307	1.1821775567129	21
-0.067057998403921	0.805143311171253	44
-0.120455593582852	0.191564601046248	44
-0.114915104031954	0.250898880811666	44
0.073653174322665	0.799027682788216	21
0.08559635237027	2.13942440254444	21
-0.099657875964426	0.569949510349089	5
-0.123125845733684	0.803597045178031	5
-0.039006329111737	0.931906224530109	5
-0.030945984758347	1.20867371796405	5
0.06424899544426	2.06069450096148	4
-0.068583911401528	0.827094472411189	4
0.0312503915906041	0.646144682492764	4
-0.044996050055739	1.38035533657171	4
0.00954460280900804	1.38784345125943	21
-0.11826475276351	0.212051498876644	44
-0.115867608226366	0.266865615032953	44
-0.100950314525426	0.516899480940983	44
-0.00727762872471099	1.51810960290368	21
-0.103744511716388	0.461570851873278	21
-0.073627394286146	0.99802349067836	4
-0.081319171927911	1.2488787353989	4
0.0542347241610161	1.95626878300494	5
-0.039649854173866	0.929943357023033	5
-0.00246293946523901	1.47991362263228	5
0.045086341324985	0.625897006594274	5
-0.107667269238784	0.376659496113657	5
-0.050824309969769	0.629786434891148	4
-0.058476210995865	1.1998459759905	5
0.012885511066685	1.60851166990329	4
0.083563023928299	1.66367552010267	155
-0.054857340562359	0.681328626832764	155
0.112434652379354	1.43964803111968	4
-0.063132939800094	0.761492058677281	21
-0.113232673989761	0.314176406853624	44
-0.044449653758415	0.579652059411423	44
-0.079985247625201	1.09503324749924	5
-0.07455541256617	0.97046927049096	5
-0.073375872393979	0.949482051161523	5
-0.031876985256599	0.878557814276956	5
-0.121768352345645	0.858313040880201	5
-0.036118603852019	1.27289813209357	5
0.107997675414848	1.11648119983447	5
-0.00446695539498498	0.748734996513173	5
-0.101724293411972	1.11110931665493	4
-0.077200635122832	1.10609691641811	4
-0.022056919158894	1.1239718725891	4
-0.099004005909323	0.692702738745299	21
-0.111172839857222	0.109222251636938	21
-0.100407110668457	0.701190085770752	21
-0.079536997907456	1.24536522327261	4
-0.10002051124962	0.642833796856158	5
-0.100181585957783	0.678318683982899	5
0.025854737327569	0.901406241519833	5
-0.114744703091531	1.07205201268381	4
-0.05878765879569	1.22380294338128	4
0.119752703171294	1.59351371016839	4
0.085262215766921	1.31018091714261	21
0.026039854692518	1.71642667934453	21
-0.114904623619628	1.01244242593011	44
-0.100566318817117	0.568170449723097	44
0.118960771414005	0.929368850909202	21
0.050764858733957	0.838926920203744	21
0.106006161070988	0.763728590669231	5
-0.04895150362316	0.618010938035648	4
-0.103773172761135	0.435710441839348	4
-0.037179829478322	0.543760054951397	4
-0.013037483907793	0.781865809404811	4
0.121634082279629	0.553017019141924	5
-0.115012513404877	0.25082925720697	5
-0.115495160064228	0.250432878749774	5
0.069610576487529	0.362084403314652	5
0.091424375655408	0.570719781496239	5
0.103821812058162	0.945741328523218	4
0.017319778515931	0.680770276569184	4
0.067587323499002	0.80890549154944	4
-0.115683136166605	0.250276453910905	4
0.00775666823669896	0.412516371881638	4
-0.017824021856777	0.464139572346544	4
0.069894082179113	0.592863988498944	155
-0.020897862898155	0.479169959858609	155
0.039192148033905	0.63814835742386	155
0.018683620428821	0.400733018854102	21
0.018883903867375	0.400846475952243	21
-0.012116712407463	0.45181989072775	21
0.032796152502677	0.389145834169962	21
-0.112528604332728	0.314878862659729	21
-0.115229688522475	0.267341146174403	21
-0.021842233010726	0.477877295807078	21
0.0886437170216891	0.781423598191345	21
-0.116394533718647	0.281965485651847	21
-0.017144435145328	0.465035885236952	21
-0.116513918270755	0.26628543241146	21
0.07254111517576	0.796867830642199	4
-0.039861827571782	0.555660383489122	4
-0.105192934317482	0.407201479190354	4
-0.108731625350861	0.347264075976457	4
-0.036709927502484	0.544429735812657	4
0.000502842711597951	0.723137572640653	21
0.044994723652888	0.625736250223142	4
-0.105400989007688	0.406942930751109	4
0.087259532166383	0.77905031206513	5
-0.114663038209483	0.298421220727097	5
-0.111299576987292	0.109160200857588	5
0.00725559783354202	0.411843176988877	5
-0.119529248503364	0.1920805571855	5
0.04993378412155	0.376583821001256	5
0.069985211355685	0.362360936504864	5
0.018723484403307	0.400685524001352	5
0.121207122866347	0.552640628290601	5
-0.119461367151523	0.192157298875416	4
-0.103877829372544	0.422369713551735	4
-0.116013099032909	0.249936364319972	4
-0.031785050875149	0.518116544373314	4
0.018262549792322	0.400283926508262	4
0.032812628396835	0.38928162597619	4
-0.11477179681247	0.251003853345745	155
0.052316099080631	0.614754626348382	155
0.00718941577621401	0.411930019775313	155
0.0693325404852641	0.361830188474866	155
-0.020333055518678	0.479716860689135	4
0.105662398747766	0.562064309853066	4
-0.100033389446138	0.736685433057477	21
0.081898015123797	1.32022929606713	21
-0.108334622311025	0.361888530323402	21
0.000875094131409959	0.723946251713047	21
-0.070167720977788	0.83556136799748	21
-0.035653521277181	0.898032692307267	21
0.00796480691542301	0.70120933010818	4
0.075073951377971	0.994194982563145	5
-0.103159339855893	0.462516531733867	5
0.038507977436426	0.637167511582984	5
-0.106984258968496	0.377510990444541	5
-0.104524645804518	0.434690263831971	5
-0.034331650045743	0.531474482619636	5
0.00177095494550095	0.725727535323435	4
-0.060801937264065	0.725571897110955	4
-0.043122838890019	0.581922906178744	4
-0.041345277043985	0.569127388154919	155
-0.037820461542219	0.5427045711038	155
0.0211697710277911	0.668813951506375	155
-0.109674456468738	0.346250187604095	4
-0.039977423618887	0.555522251573222	21
-0.047130206817217	0.60600990518357	21
0.08002741619399	0.58176582712191	21
-0.041867165178098	0.951614267756564	21
0.049450021075244	0.376212304083995	21
0.069767628338025	0.362213706599297	21
0.072481317160765	0.796754948720121	21
0.049109652339505	0.375868490463157	21
-0.120164038478582	0.191761335568766	21
-0.104367913147829	0.434914560273266	21
-0.10929726868257	0.346698597379774	21
-0.108652939047388	0.361509757354277	21
-0.104767519474161	0.407763764833359	21
-0.108204280661638	0.362010474484971	4
-0.109463658307653	0.346509131644196	5
0.021442588406987	0.669228186544109	5
-0.11477179681247	0.251003853345745	5
0.00734778407173398	0.412093803640283	5
0.079861115231626	0.581520497443028	5
0.094570422603698	0.347528657313905	4
0.018643439927256	0.40066579220361	4
0.049109652339505	0.375868490463157	155
0.032812628396835	0.38928162597619	155
-0.118148331222408	0.212083566222231	4
-0.115022181175521	0.174730842529057	21
-0.111172839857222	0.109222251636938	21
-0.119924946758872	0.191854576460933	44
0.092256055255445	0.571985261401741	21
-0.111367830996214	0.109098780678012	21
0.105506302133608	0.561871045093349	21
0.06939299092269	0.361907468768735	21
0.121476213415498	0.552900268367369	21
-0.112150249792785	0.315146275515832	21
0.04993378412155	0.376583821001256	21
-0.114244443665549	0.251322856286301	21
0.091713344231534	0.571292123645005	5
0.092422488409213	0.572161303228906	5
-0.119581053836951	0.192101283872113	5
-0.111494488293062	0.109097507474847	4
-0.111172839857222	0.109222251636938	4
-0.115393933615682	0.232641469529953	4
0.093652523281389	0.346586915901852	4
-0.11543221159134	0.232626940896653	4
-0.114915104031954	0.250898880811666	4
-0.112867495500573	0.31454201574163	4
0.094471905520907	0.347429554045934	4
-0.118680859159611	0.211728948355717	155
0.018583249870859	0.400604101223566	21
-0.116014733787822	0.282332807211575	21
0.04983524436873	0.376551576271716	21
0.00784875536970298	0.412489778768962	21
0.018362562838907	0.400292604520417	21
-0.105193901295549	0.135628631431508	21
0.059990985784379	0.602850519149006	21
-0.116431055237586	0.997037282930334	21
0.038666321646763	0.637426996180787	21
-0.101129049498214	0.62835479509594	21
-0.00110518068760401	0.737863645575852	21
-0.0407018928382	0.57015707094827	21
-0.106059405446079	0.378518860115477	5
-0.039077413071081	0.931714049231876	5
-0.10101256416042	0.504090953650955	5
0.05961099263274	0.814771339200994	5
0.070831089868954	0.362658854957343	4
-0.114875589529202	0.174768221591679	4
-0.063738498747917	0.760080950325385	4
-0.106674902259347	0.391683975673648	4
0.113978532363724	1.10799401124875	4
-0.012327070150769	0.451591481931451	155
-0.110195939904061	0.345611583567045	21
-0.104211164036458	0.435125800627783	21
0.0225365708727699	0.670969652852516	21
-0.107262512322463	0.377156386297626	21
-0.112893653014182	0.31451325046684	21
-0.034638925905407	0.886066255191484	21
0.028231589248186	0.888301843289642	21
-0.00125800088457501	0.737610769340986	21
-0.123224999310159	0.813470194690723	21
-0.069685560131839	0.849645758770587	5
-0.109885221482917	0.345918970838646	5
0.05223282241619	0.614561771038602	4
0.095299652862513	0.769797204543478	4
-0.120323788084587	0.903404117463946	4
0.102645923928684	1.61573246394872	4
-0.100473747653791	0.568300207195824	4
-0.101360995498391	0.52888668995543	4
-0.043397049788654	0.581497471088453	21
-0.048545324493816	1.0391592531132	21
0.035481166547689	2.32834341957465	21
0.0602480546361121	1.19596268132398	21
0.106555090970494	1.44124621338572	21
-0.063674117401274	0.760314204933145	21
-0.099502759781369	0.619651347203824	21
-0.043641515055151	0.987283412672019	5
0.063450973285332	1.18578935193035	5
0.080880714087013	1.33732434044599	5
-0.00645081726608499	0.438607041357182	4
0.09566970714312	0.770506768522288	4
-0.110569104428413	0.33111717482189	4
0.104065383210067	1.1289810671801	4
0.018712875499821	0.920936131823279	4
0.102993396536634	1.12666113253245	4
-0.099373659093713	0.644341230239656	4
-0.058112572675995	0.703311569756956	4
-0.051773643365688	0.643150693790846	4
-0.021462927138389	0.478500065182516	155
-0.00114561480472197	0.424253101855223	4
-0.100024736442433	0.725299564085876	21
-0.037863015525207	0.54260806271378	21
-0.104681362005971	0.43445269024932	21
-0.113219520501847	0.314175863115507	21
-0.116254868481557	0.282112923562482	21
-0.103600036174637	0.474407209390599	21
-0.11505840654744	0.250778475101884	5
0.104932031825509	0.560968493049228	5
0.095055747582624	0.347818338968019	4
0.094426232068895	0.347404217335644	4
0.070142263706774	0.362464883970776	4
-0.108565261282538	0.347439662526104	4
0.00802736894476697	0.412678885556373	4
-0.115183333848117	0.297885176018821	4
0.018302699911504	0.400371839860981	4
-0.116239972136058	0.232051184638508	4
0.069514228330734	0.361884336241941	4
-0.105522181679156	0.135546168947089	21
-0.110858623362497	0.330652656130867	21
-0.112319580631317	0.314970800490468	21
-0.11338891177445	0.313968828733343	21
-0.107842731698702	0.362430176328434	21
-0.103132199337847	0.475284607742205	21
-0.050371446764852	0.615116214079322	21
-0.115155822275823	0.250724298382647	21
-0.099184983229394	0.558078533630287	21
-0.102176205733805	0.476836368975041	21
-0.016292878439044	0.46608637324536	21
-0.101451922631461	0.503352024904833	21
0.03661890361679	0.633833176047862	21
-0.025010976046701	0.492312809758067	21
-0.112736923228867	0.314588249441865	4
-0.116124508426959	0.266638775628936	5
0.032030738702111	0.388537304148174	5
0.00771060624950803	0.412459440155001	5
-0.012305082946826	0.451612369838059	5
0.0919015075790231	0.571552437637395	4
-0.016899076962265	0.465409190751498	4
0.094813094595454	0.34769206452317	4
-0.115735077353369	0.266961737317526	4
0.049978595927915	0.376666352239561	155
-0.025051886211601	0.492276819719367	155
0.105297176510364	0.561578379547452	155
0.120751459809383	0.551967448725777	21
-0.115396529172443	0.250534317667966	21
0.00662214743177703	0.411230117303475	21
-0.112840861122933	0.314449374195558	21
0.027836774542522	1.30653455532711	21
-0.037634668461232	1.29391499019594	21
-0.099091615026045	0.884075979642555	21
0.095769111177781	0.770729365373972	21
-0.098877635799157	0.851383779216803	21
-0.052597246603157	0.641509206714967	21
-0.099928188096065	0.64309804725127	21
-0.014414338010266	0.795331914261746	21
0.107342416040494	1.11461649952933	21
-0.049475401060649	0.617000825387758	21
-0.10472073850346	0.421266183025657	21
0.105675653249876	0.562079387686141	4
0.031889982607398	0.647241308700001	5
0.084986419151883	0.973757186898292	5
-0.114821014236042	0.298257667400466	4
0.00872716069727197	0.702669045141786	4
0.06957598825402	0.592378461048485	4
-0.025698496477967	0.491281879353352	4
-0.108016182115668	0.362212145254951	4
-0.104714691996708	0.421174666200785	4
-0.107972778212956	0.362308512744206	4
0.00782994684692995	0.700938262058322	155
-0.102176270740685	0.489526548151653	21
-0.111299658117367	0.33034626160266	21
-0.098203173124207	1.27909482318802	21
-0.096122450145131	1.92611512552059	21
-0.116690283015644	1.14944689933585	21
-0.118858384676212	2.1651108687424	21
-0.108728233811152	1.64137071016746	21
0.0446621959650489	1.24110762810803	4
-0.113558852813684	1.34741760110803	5
-0.035118953942229	0.530290050916535	21
-0.116387371945688	1.05591956900666	21
-0.099975790635971	0.69054298217953	21
-0.067635008855905	0.80342912462701	21
0.050310263454677	0.837742927886188	4
-0.10165915655052	0.515416251631762	4
0.08038244910569	0.582245333763651	4
-0.115914387243777	0.282390342531933	4
0.051387058099192	0.613261775689539	4
0.037828741361332	0.87110935716603	4
0.00703105121615999	0.411744877487858	4
-0.101434823728225	0.490706842486301	4
0.044999462334905	0.847002715529527	4
0.0959387789124469	1.13045617142088	4
0.00811948062194501	0.412834988451336	4
-0.022028248689664	0.47772909497098	155
-0.10398580211273	0.422248483150131	4
0.105692734412671	1.43785309770344	21
-0.023830927643627	0.821250433282312	21
0.094668890383581	0.347567590449169	21
0.068808618468414	0.59119370933729	21
0.019637844205866	1.1299052371157	21
-0.074755108977007	0.957298267281952	21
-0.074230090519913	0.922283824955916	21
0.037780746199394	1.27172146068718	21
-0.100641362720206	0.700612207164695	4
-0.100986843805226	0.579751570153658	4
0.055618555214949	1.02899949433873	4
0.113502358852984	1.10643448285597	4
-0.104075619846439	0.461016707595381	155
0.014984132922212	1.14885759935384	21
0.058428841363259	1.01577189062974	21
-0.100392128797537	0.642103937531452	21
-0.101321775390296	0.789359567345695	21
-0.102702344788008	0.488634787061573	21
0.048052709738132	1.04843056460811	21
0.012028877036651	0.690123308274433	21
-0.081140263597973	1.92054225436487	21
-0.061135147383176	1.96832156196543	21
-0.080296208054726	1.1403475531562	4
0.049820321584751	2.09964798473497	4
0.00565645501218903	1.63601248296545	4
-0.039509484771535	0.930455336495805	21
-0.023467127658381	1.41999609227783	4
-0.039052841904362	1.30136976301309	4
-0.090716029194102	1.56914788106773	4
-0.061373183126475	1.26227699612181	4
0.098332933267106	2.40103470530492	21
0.006123521822889	1.82939843062748	21
-0.034810206620163	1.76617590949514	21
-0.086270232525843	1.32258743686464	21
-0.066236637168699	1.73034988592728	21
-0.005499276963911	1.00888672949719	21
-0.085529788468928	1.30487099801413	21
0.073993783203032	1.17661561725637	4
-0.029654919861517	1.19920103822736	4
0.107997675414848	1.11648119983447	4
-0.099812713187212	0.569687730022412	155
0.059869008879301	1.01934761668239	155
-0.039102806367945	1.28769916819948	21
0.061380113753258	1.38730761558344	21
-0.074616626416164	0.945674467803878	21
-0.098299327745742	0.942402282848969	21
-0.05237210399397	0.641972216567387	21
0.120576474491414	1.10057869888881	21
-0.041211820666999	0.939539884759739	21
0.085597873262258	1.14633098105487	21
0.095513225827608	0.770172062658633	21
-0.031777691352793	0.518272120428745	21
0.080171412981265	0.581900172457458	21
0.032421672899551	0.388933627124438	21
-0.104367913147829	0.434914560273266	21
-0.103093901974831	0.500421408668822	4
0.095055747582624	0.347818338968019	4
-0.119581053836951	0.192101283872113	4
0.04993378412155	0.376583821001256	4
0.018302699911504	0.400371839860981	4
0.092256055255445	0.571985261401741	4
-0.107144934688774	0.377325421252427	4
-0.025253601718066	0.492006696066932	4
-0.034960570069049	0.530549581607085	4
-0.038964600668158	0.557098369021146	4
-0.120336084913251	0.191620495355835	4
0.094471905520907	0.347429554045934	4
0.032945599598729	0.389358984027484	4
-0.120111912496265	0.191776061056391	4
-0.11826475276351	0.212051498876644	155
-0.114576933357454	0.251070544701418	155
-0.117524281388817	0.21248977803757	155
-0.111466142410495	0.330158090803365	155
-0.11602314482964	0.232215293174705	155
0.018162384573891	0.400222740025432	155
-0.037606839335547	0.543073340755812	4
0.022282069428773	0.670665510727	21
-0.00680288135867002	0.438232770044744	21
-0.119700784648316	0.192028879544537	21
-0.110851264553032	0.109285725974399	21
-0.115942151169274	0.174304472771972	21
0.018262549792322	0.400283926508262	21
-0.115865885375349	0.232346090494917	21
0.094813094595454	0.34769206452317	21
-0.047638023502915	0.605036689063412	4
0.08038244910569	0.582245333763651	4
-0.105144102227546	0.393497126579233	4
-0.029722632707673	0.503628931231047	4
-0.108024532646787	0.157115616540444	4
-0.114821014236042	0.298257667400466	155
-0.035538650748986	0.529586360861384	21
0.021423930847796	0.669225727811183	21
-0.017346766546214	0.464729901108493	21
-0.116265340856176	0.266483359259126	21
0.049880079569962	0.376556524469907	21
-0.114914768233571	0.283175139668625	21
-0.114867393363628	0.29822835011085	21
-0.119820559508782	0.191937724819398	21
-0.01757841087424	0.464496243398408	21
0.072964303527243	1.35094711812857	4
-0.024528712200967	0.492905300920806	4
0.00170771089502197	1.20097297307845	4
-0.102287574157978	0.637542286136564	21
0.098002056218235	0.957027511347848	21
-0.081130646636329	1.19403717827304	21
-0.080364552875954	1.17454358742362	21
0.119147826329833	0.929778671755374	21
0.105321584783345	0.762669982161011	155
-0.017281167228094	0.805315278634782	21
0.0263818230346931	0.658220937106994	4
0.022916494234807	1.34033614993408	21
-0.017674655406111	1.09400881009087	21
-0.100269961437655	0.8582855251945	21
0.094282038563499	0.347245784994555	21
-0.099604805187095	0.643845793022109	21
0.000270294475813948	0.976414388951641	21
-0.044879958936587	0.578844662696213	155
-0.12041701142021	0.862579541049616	4
0.036194787735661	2.0076527543266	21
0.038915858234124	1.65995813936368	21
-0.108986437235058	0.346965758182296	21
-0.023550853926809	0.822593532402465	21
-0.072840444518437	0.902440178169832	21
-0.060104367497476	0.727299169653843	21
-0.080149651868935	1.20949652579191	21
-0.062297830370055	1.62493903864053	21
-0.101014219718815	0.768022512329652	21
-0.113682232159255	1.50785309140576	21
0.009549490538307	2.20192334239498	4
-0.018369395429575	1.10644490100227	4
-0.050005633587955	1.45709468010554	4
-0.116006484538859	1.17125098063144	21
-0.100808188910857	1.06290259376136	21
-0.060669229463315	1.26474858821295	21
-0.087536282383632	1.43047820310828	21
-0.075293282758163	1.59702417871576	21
-0.088457660875289	1.44569923371019	21
-0.070919084281023	0.871061135200326	4
-0.093777836879042	1.69084808143914	4
-0.038557676169333	0.904129171801382	4
0.013914398055785	0.926689881929385	21
0.057415800864804	2.2275679862407	21
-0.055365795005289	1.50276116683676	21
-0.100209006881321	1.75867398008019	4
0.0592187359338791	1.01784729314235	21
-0.106068263632415	0.392421890695522	21
0.073491604403182	1.87218488646491	21
-0.099379110738352	1.32290994937123	21
-0.100443986682091	0.780749680791875	21
0.102474931612237	0.942740652401502	21
0.037517364345834	0.63537362206917	21
-0.074698477256389	0.969969146681692	21
-0.103550661889891	0.449019837847603	4
-0.103431952485065	0.462114309182545	21
-0.100458861799863	0.517659075339117	21
-0.101590210455756	0.490480456366817	21
-0.097502283538539	0.635273370891973	21
-0.107929401972072	0.36237712946781	25
-0.103668824913408	0.422634537324825	4
0.021025375178539	1.73983510174054	4
-0.099563163291859	0.557505971306946	4
0.018643439927256	0.40066579220361	4
0.02427245709427	1.89525695161573	21
-0.098566208833767	0.996576244183458	21
0.069671193687822	0.362075256096675	21
-0.000441529669093999	0.425039504938021	21
0.087259532166383	0.77905031206513	21
-0.062216678478815	0.736355545159367	21
-0.101745598694876	0.490241417651682	4
0.092089654525789	0.571784521427688	4
-0.00105110931709201	0.989233979813173	21
-0.077262107418671	1.11778628717597	21
0.049593369460279	0.37635139231335	21
-0.111133141371732	0.330520201003287	21
0.012856640018249	0.691890315087115	21
-0.029769518893931	0.853760130358856	21
-0.035928189364226	1.53580969434838	4
-0.024337631238178	0.836619270241247	21
0.032316374269759	2.03320714880712	4
-0.071154794782799	0.919539866693963	4
-0.099503220587204	0.631967997602048	4
-0.062724695100975	0.735089768304704	21
-0.025810117167328	1.85299458073824	21
-0.100427372447122	0.75852023274927	21
-0.06065933472227	0.726031568412622	21
-0.052094346296125	0.627063276883346	4
-0.054875675893483	1.12366158501667	21
-0.015361954730895	1.58048201530741	4
-0.120676370656098	0.921895813533323	21
-0.059754048103413	1.49053402560549	4
-0.108375686695504	1.4228490168382	21
-0.049924233005551	1.69309527764045	21
-0.060642824943702	2.00032204692069	21
-0.091037218882277	1.50990299128085	4
-0.101010533902096	1.42962546169072	4
-0.062457616967733	1.2698469411179	21
-0.07529059428864	1.04128229354778	21
-0.062261495068283	1.25849153060606	21
-0.035129532163957	1.53977468420645	21
-0.078997600799727	1.61525981317672	21
0.026585623087797	1.31921302002096	21
-0.07398216985587	0.972360716386044	21
-0.102010827771537	1.34895041120367	4
-0.114974438286985	1.14749096675475	4
-0.089893684779586	1.56463228328189	21
-0.040641241839856	1.29431318067756	21
-0.060490345883468	1.56855701386418	21
-0.00185977125207598	2.07557182883144	21
-0.097622292795034	0.978177648501654	21
-0.072915069372499	0.987915767905853	21
-0.09928477151989	1.7960769415655	21
-0.114123517763035	1.4395384690971	21
0.020396970912523	1.34792751317226	21
-0.087434401730452	1.4107508341251	21
-0.056991947392534	1.21834498868978	4
0.026475754448422	1.71886071372798	4
-0.054696483266983	1.78798775340563	4
0.08812249090238	1.48047450862653	21
-0.117121868531133	1.11004080464121	21
0.064124602564502	1.00988541524187	4
0.10818719684404	1.11681662536947	4
0.03628544276688	1.28398558723293	21
-0.033704835215044	1.52088195538708	21
-0.050976528822	1.42781199879224	21
0.076268493376246	1.16252434044451	4
-0.044332258678462	1.61748817319712	4
-0.102127393666021	1.3284048459166	21
-0.031778579540479	1.47724918009292	4
-0.011753925214481	1.76276341173549	21
-0.030035998721133	1.45844460225269	21
-0.014484636258734	1.98436114271941	21
-0.100430634160937	0.617783910433247	4
0.10909424430442	1.59718065087837	21
0.088847387631148	1.30022893855354	21
-0.121885623426456	0.887921089099819	4
-0.00165909725701402	1.68860268514272	21
0.089693654724801	2.27440722404679	21
0.020176163105541	2.25613967536565	4
-0.097686843874254	1.78378857416006	21
-0.079769019090318	1.71726370192737	21
-0.12342851142395	1.4602476408339	4
-0.09096028723919	1.62294177508768	21
-0.044055148632061	1.3590840401142	21
0.047058739171441	1.96803390626339	4
-0.014980381972308	1.96800002020754	4
-0.053603757013609	1.49966938520566	21
-0.048133641333364	1.73825452862147	21
-0.026893478767095	1.70933668807657	21
-0.087989975629954	1.42824083067207	4
-0.098535466706218	2.04029298301781	4
-0.0628630781847	1.26788769527273	4
-0.041410243397634	1.33141668718847	4
-0.100487863889196	1.26863882802763	4
-0.098807518482135	0.884988780346417	21
-0.074967312586839	1.45008992335018	21
-0.118942377891068	1.64394700533816	21
-0.101306244321809	0.778373692711081	21
-0.061216375024336	1.29910846039081	21
-0.117447488020964	1.28274579429989	4
-0.053975441420103	1.74853474585703	4
-0.00918243333562901	1.53883620395864	4
-0.079420538559535	1.63252302002526	4
-0.06857120261556	1.72566165579938	21
-0.090816247473797	1.67657684504499	4
0.014283195088192	1.39143603128763	4
-0.00380923796579002	1.26096625303524	4
0.106472018899758	1.77874876603455	4
-0.01958721321127	2.06366245831957	21
-0.051572595174422	1.09590509607854	4
-0.116043533087822	1.2990761542569	4
0.01321828146684	2.12814269793566	21
-0.054945356353059	1.1233821604749	21
0.00346377859419	1.84400634742699	21
-0.098863523911891	0.9846534391436	4
-0.033244022548012	1.22853140275855	4
0.030918828994092	2.04095302952285	4
-0.112564066672698	1.50631541540515	21
-0.07827551983341	1.11382281845269	4
0.007406917586256	1.99425031810196	21
-0.013202702496848	1.04840201188863	21
-0.079963817203781	1.18770313989499	21
-0.103145270464389	1.56849745503983	4
-0.103665564597735	1.35912147762237	21
-0.042152758973856	0.950748903284441	4
-0.116814409273945	1.11147266068116	4
-0.098563247732573	1.22754313979832	21
0.116114389361078	2.34402844954075	21
0.038149658120027	2.00210968172464	21
-0.051201134753308	1.45146541945674	21
-0.029410216203544	1.46136300149968	21
-0.101032079123006	1.41998966179644	4
-0.042704550508681	2.17531881110888	4
-0.119828995977206	1.58739211711463	4
-0.07787861385896	1.60154774452507	21
-0.098586739925413	0.941458277424442	21
-0.059479636360344	1.58556061300528	21
-0.088493660144884	1.41515577763742	4
0.030587044656294	1.29915021575629	4
-0.056234427103982	1.18325787817403	4
-0.061937288908091	1.63878007668632	21
-0.048343158996644	1.93256177944081	4
-0.077740967622479	2.07841407304704	4
-0.11972165958245	0.984354528106367	21
-0.115311528778549	1.04059205126334	21
-0.078670801049107	1.14709972636788	21
-0.099566175934894	1.08915648738338	4
0.048378441950222	1.23485657717022	21
-0.057941677952616	1.85172856551359	21
-0.100162875504898	0.724973161487495	21
-0.113741882131175	2.03896940698362	4
-0.111750742598031	1.59890231489161	4
-0.086346907837917	1.34349921699007	21
0.024385050821661	2.06428437187682	21
-0.117039723809716	1.05333273704238	21
0.020087733126374	1.57750219828451	21
-0.044502059458755	0.984640313603647	21
-0.080543911812036	1.20778734662306	21
0.035532975480967	2.00360369414618	21
-0.074843318850876	1.03058948071425	4
-0.112426158355153	1.49912403630103	21
0.0845386775536871	2.44644448893418	21
-0.115352115539476	1.32902996867026	4
-0.105205469286543	1.33153178455412	21
-0.108869956491849	1.99403380048264	4
-0.080585942458896	1.82093129324212	21
-0.120813728734525	1.55907046517334	21
-0.010311811081515	1.74237470643541	4
-0.099483472402977	1.14199016197697	4
0.00451732223885004	1.83529065183317	21
-0.112573999458436	1.5624414138925	21
-0.020599081220003	1.11401896914691	4
-0.071895704514095	0.855835194168405	21
-0.087665977778365	1.42982082100149	21
0.00320576468048295	1.88538436176212	21
-0.116545587963074	1.33993001870026	21
0.079707713287958	2.45111585129409	4
-0.0666090074007	1.6965951856321	21
-0.057327828465262	1.55061732347991	21
-0.111873966533384	1.40890179462835	21
-0.062236444703466	1.28299964441369	21
-0.114529183145251	1.38598222713768	21
-0.102827551377237	1.5102816526134	21
-0.028231312149251	1.91313816694842	4
0.085905882373751	1.14722545755403	4
-0.026760372798021	1.9582298091347	21
-0.101884690546379	0.527903995920347	4
-0.101642593800422	0.51567835233541	4
-0.104119354709982	0.448242961091726	4
0.0221656940023	0.670429209231781	21
-0.076381399406346	1.61129642489817	21
-0.041343889953348	0.552869266935972	4
-0.098734778228705	0.885317325117868	4
0.066051437842925	0.806128521694663	21
-0.043366870869081	1.63499292328617	21
0.093848576982055	1.64427210974021	21
-0.074810233859713	1.43979562060175	21
0.083789247477525	0.970749749214212	4
-0.101903247910787	0.477209397791467	4
-0.055444906583541	1.47841797808482	21
-0.09774117603597	0.921952455997211	21
-0.117230427302391	1.07172794695505	4
-0.100422253048056	1.74879806612238	4
0.109126342121178	1.76881726408706	21
-0.098927535592594	0.906919155390472	21
-0.099544557135616	0.544707527961628	21
-0.071439863178964	1.43586420346008	21
-0.028248366644353	1.17540094381453	21
-0.122868861078129	1.92271891944298	21
-0.046330973749677	1.0192334805908	21
0.00579907731831397	1.1832645313971	21
-0.097650521911408	0.988909507555766	21
-0.100592174492781	0.542956274846304	4
0.032842249122632	0.648698886336867	4
-0.112937304006424	1.43765530115634	21
-0.050762895302737	1.07198158963967	21
-0.079839650275535	1.22184913372986	21
-0.053737428806556	1.510907336156	21
-0.065572823538735	0.782498044038036	4
-0.066738003643546	1.70618999264374	21
-0.073432848353807	1.98202509890203	21
0.072247915593607	1.17125755934728	21
-0.081250788126101	1.83385822087663	21
0.091958584532833	1.98010245262401	21
-0.097283641497979	2.34605712221186	21
0.058766819418287	2.40272999382113	21
-0.022368948958138	1.07707267824743	4
-0.098554393905224	0.658058864452592	4
0.08652716780595	1.31470418673084	21
0.01959208751272	1.57538187089951	21
-0.100650786453501	0.867971846026929	21
-0.00615183850384798	1.53804947294513	21
-0.100749141941138	0.542561996148245	4
-0.100846419418472	0.688440623395599	21
-0.041984043694393	1.32892972021878	4
-0.027751236148328	0.858959368128881	4
-0.118512889991455	0.949841034620988	21
-0.072344042590777	0.916095445460472	4
-0.023769702289291	1.40421296207674	4
0.0997085446998049	1.29212803351494	4
-0.059452431095543	1.97081682291587	21
-0.085860418452413	1.31408865853136	4
-0.026446696945566	1.87472233676078	21
-0.00591362846024701	1.00781844938672	21
-0.054130655065098	1.1527187409723	21
-0.10110087244444	1.72098497305195	21
-0.0641968801575	2.23014830257274	21
-0.087302761363114	1.41143796161774	21
0.010354934056516	2.36515165779823	21
-0.114555569402597	1.52609840414319	21
-0.114081783786854	1.31796473108394	21
-0.056071623631337	0.664078731740837	21
-0.020194084973235	1.07014549937508	21
-0.074772783924438	0.994240242798033	21
0.121612597277607	1.10302577607607	21
-0.030428357737104	0.867412018218198	21
-0.101226602777387	0.566910378366202	21
-0.104717869861196	0.407837355156433	21
-0.013214800649044	1.06340925253036	21
-0.104777741942498	0.421045054903988	21
-0.046760587146898	1.38548544056932	21
-0.049329142641654	0.632407230190342	21
-0.00200071083501002	0.736039696505998	21
-0.016247298685328	1.06900321797519	21
-0.014173674754385	0.779201192614498	21
-0.085590620926763	1.3786250826657	21
0.049096579499691	1.23703853439922	21
0.064173168711812	1.00998886577561	21
-0.041697801435322	1.34280440883997	21
-0.052070331273826	0.642541203436032	21
-0.098948002356227	0.829160945314914	21
0.00137698023826804	1.21626811821717	21
-0.053981083615563	1.10038731861271	21
-0.082258624191243	1.25554125627937	21
-0.121672630558429	0.888706282507479	4
-0.124104574143825	1.94839250255131	21
0.023240758331327	1.10603655027803	21
0.031843002487131	1.6951838542866	21
-0.053549864757184	1.70585992759014	4
-0.065000956747158	0.770443123227754	4
0.030225654896578	1.52117679342039	21
-0.018026906765118	0.803634856304396	21
-0.076405095032853	1.10911592630291	4
-0.073843199784837	0.911349959871218	4
-0.062749747719453	2.24279492956961	21
-0.112241940064019	1.61876668353009	21
-0.101604776240539	1.43594862641038	4
-0.051765323583497	1.06838451126129	21
-0.095732329387185	1.95910440343935	4
-0.013637512444651	2.14900784459804	4
-0.110406297096367	2.17953729746299	4
-0.032345742277598	1.51450719420607	4
0.084040038187302	2.12965043541887	4
0.010165854067	1.96685974347069	4
0.063275169330997	2.05470014266556	4
-0.054431379525035	0.667709475967271	4
-0.104203555922045	1.4029349186601	4
-0.100201985145995	2.00577480505071	4
-0.112439504425997	1.44866207685305	4
-0.117522783957728	1.18240685103824	4
-0.086066933317538	2.41891081257352	4
-0.038075060324322	2.13853994625635	4
-0.074390098684169	1.55013310639101	4
-0.086923129181211	1.3824025178352	4
-0.112536222437173	1.45621067384265	4
-0.022444514342799	1.84839926903224	4
0.019250456528639	2.25022258230517	4
-0.084660960903331	1.25544708085467	4
0.058064310216169	1.5804497272117	4
-0.115609614484539	1.42231090487048	4
-0.114851622636436	1.47644793769438	4
-0.056451623506752	1.53170594909128	4
-0.079602922924912	2.04768566529591	4
0.106433111105617	1.60905184167952	4
-0.112689340505265	1.54555803594295	4
