x	y
-0.106954964874497	0.114229329619707
-0.0866173745287451	0.125040379779154
-0.592730047673137	0.85031546091604
-0.240854170558481	0.280713495724648
-0.727916388748202	1.29076973434696
-0.19621641350213	0.249813680687476
-0.592757521359514	1.05049580142364
-0.23752071306505	0.290242668578905
-0.29389185692043	0.373917246923305
-0.679585326285841	1.31997913754065
-0.143787185714689	0.197289519733523
-0.0951628574150314	0.116333423384173
-0.115645165034746	0.168134319199778
-0.223359998181065	0.497500102180586
-0.359776554810451	0.437428597456827
-0.86544793236308	1.68340631710359
-0.0348633404435769	0.037369795487427
0.647050902934541	1.23926132598309
-0.462802493851075	0.912540986978787
-0.345225509339379	0.967598396770948
0.0135503612779024	0.0135764072573654
0.476911945367671	0.823690578524602
0.565243338931499	1.01258211828506
-0.624934987567954	1.07330612116776
-0.343285518928946	0.474629511123549
-0.331678401203735	0.440552519178094
0.112381875840582	0.118398164467398
0.0708909186683822	0.0776991655316129
-0.555378653109276	1.33045692260705
-0.441918866441545	0.954083564065819
0.0618144151369538	0.0660021215082005
-0.0958644582360849	0.117276800474417
-0.042180350872748	0.0471945757564793
0.0352658978079845	0.0415382582004945
0.151630932817316	0.258966426351764
-0.303523357360207	0.626417866292863
-0.290422181806144	0.596481732106537
-0.0752483968559115	0.145609228075687
-0.440171164642173	0.843992852050427
-0.0116543348048514	0.0112898257709355
-0.261764572912479	0.260218657493904
0.114618448863141	0.153222311423428
0.000631895102790613	0.000849902123466346
0.176924860039571	0.276760717992987
-0.215338189696155	0.415156854826441
0.633142406857327	2.18463611384196
-0.494900761494974	1.42069069719063
-0.248817982528377	0.517874277918768
-0.20508275667512	0.340661960519088
-0.617435929664839	1.36327164547864
-0.207297538712087	0.305497356476018
0.400246289273697	0.594692507655025
0.010834308154812	0.0139576761800606
0.0677514632906935	0.0915676020980356
-0.382456540472351	0.507517273214576
-0.275425455252719	0.257710600760358
-0.13371306598961	0.163404822009698
0.0104086429387458	0.0151709532195266
0.0982946665330781	0.172364136274282
0.209209388100718	0.459316551029361
-0.278613427017275	0.584939772920631
0.114630206666371	0.179346114452162
-0.0115076535555462	0.0123472025251492
-0.0664532267861365	0.0675534086828371
-0.401680923223543	0.577449459590172
-0.392733336011366	0.823163378581311
-0.0863090020241555	0.12456924325194
0.0987201693554509	0.133221183118086
-0.159319682144868	0.247501706859335
0.0621544692436129	0.0863420541995911
-0.130056558145183	0.228070918161287
-0.0617928259158485	0.088742174921426
0.104203353783758	0.143271372602302
0.399168342613237	0.711779769958339
-0.031264737441633	0.0365646916735078
-0.111988860267063	0.125517192467492
0.0306278738675582	0.037324438054715
-0.0733798851410264	0.0963337956219119
-0.323769350296277	0.515247974535607
0.223220610077122	0.316816101896269
0.138772714656196	0.158736907057724
-1.21033824933003	2.05286440327896
-0.254261513446887	0.267832916475948
-0.0913905839736203	0.0874544607313879
-0.883351690283268	1.15379055933527
-0.19755917851258	0.2518973562677
-0.522659895902868	1.00989128010554
-0.630058856194869	0.97504220916272
-0.717248118061326	1.35403782067047
0.62669073479595	1.09070505583759
0.225995124709518	0.283390343415034
0.503965585166364	0.969785286927047
-0.272856435078268	0.347668606686479
0.350269790277628	0.460960428845487
0.627746759457562	0.9225688236111
-0.701885132863388	1.16610845527663
-0.258538178737657	0.315672918417354
-0.0972341654963916	0.186821816368066
0.175755921878798	0.404225324054609
0.0580020414550723	0.0920573493597833
0.345380693188109	0.863711854489275
0.288455632256178	0.517920165556079
-0.179746528922915	0.200230506479417
-0.0128226225424756	0.0101663533787063
0.224313299608279	0.189999447176797
-0.669462761347486	0.638993849696202
-0.0855374338288573	0.0664720263707615
-0.411935760133284	0.546558729937852
0.365350254102871	0.624172447292458
-0.667369264820395	1.47958811348453
-0.175750987153667	0.357260255443618
-0.257083982690067	0.535720705013145
-0.0203281305654622	0.0255495952420658
-0.00422646259961326	0.00563784431613729
-0.0647439311196821	0.128928521493208
0.00945182932098564	0.0121603867741309
-0.204373767401295	0.329704702568604
-0.053722283980389	0.089388542086458
-0.441407219808763	1.29200417252319
-0.100695452595635	0.171170387788828
-0.0911149267717365	0.146558693939616
-0.232390886987409	0.366468827868439
-0.00204077083465841	0.00317376991645565
-0.248362649279308	0.559161994208934
0.011885808644779	0.0187530595206886
0.0384242428477446	0.047846379169196
-0.0600820260344062	0.0812553783146443
-0.194274375073687	0.285993968752006
-0.182909930700909	0.162191800395903
-0.299976812809268	0.199695961940604
-0.0415780352938958	0.0298845911616749
-1.26016436755326	1.0405709193305
-0.137409833078063	0.138563108410024
-0.0409120511313388	0.0394746452344673
0.316639482742755	0.443241193386466
-0.036409824406382	0.0533138303258586
-0.119465235376489	0.163250499612826
-0.379715113923597	0.605669305376197
-0.17410257734219	0.332129766466797
-0.594635072538837	1.12029860343314
-0.297516167996492	0.599756935029946
-0.0835416084194731	0.153917424012702
-0.0507832068698572	0.0898755987533594
-0.372339630190652	0.242337181124196
0.11539089670569	0.0853974967130506
-0.29993536714852	0.199651491268449
-0.249629250741616	0.218894774807635
-0.278281926782148	0.206277305804774
-0.105081114367757	0.0943876660538759
0.00315738166886893	0.00273056042378573
-0.206390243388765	0.206633779328663
-0.0626103066060191	0.0765305129738205
-0.117142826674679	0.154779801945066
-0.181953804567766	0.259042323904074
-0.112343619420674	0.142927951815348
0.0223665322085118	0.0187092654477549
-0.0707150843477861	0.107590495316097
-0.423145475729335	1.23596173020659
-0.747419283916463	1.90419039425234
-0.142079696018019	0.188237785316227
-0.0634213433310887	0.108312573229975
0.00056535322480901	0.000779973071825296
0.19269772283434	0.393000215364785
-0.324942629117709	0.672032067627696
-0.431448256702252	0.71392081369809
-0.0353342832021948	0.0278473750077036
-0.536185093621835	0.584849469376033
-0.186602811797226	0.1281321838144
-0.460523692456736	0.558099243679258
-0.747892978960632	0.982942504626359
-0.432055289789239	0.547683282792302
-0.144394691684119	0.161467494585386
-0.0615000133186978	0.0658779709379547
-0.19065543986749	0.323372429373603
-0.159400726360396	0.247659905597591
-0.0631047443783429	0.10324235237558
0.293802553470355	0.544295009689878
-0.171304996804742	0.267119275872855
-0.0933142196141525	0.158177226104333
-0.145251230561902	0.255824952142287
0.0788690828574258	0.0885931559152717
-0.499898258033146	0.60481096462657
-0.591570575560238	0.780942132717641
-0.0503351469272549	0.0613505585539727
-0.449048150364753	0.815195780698169
-0.243832592072773	0.336469480154429
-0.319118504098429	0.406455560787282
-0.0738890063470293	0.0789492321830817
-0.126547112839564	0.141566156978411
0.00270873658859932	0.00248875642285356
-0.448348618333124	0.618925536494088
-0.145921600222272	0.170783279837254
-0.069329543895354	0.0778018431713227
0.200575153901792	0.317685614251814
-0.24762563237289	0.328819922033187
0.0478015046271894	0.0554717784130083
0.134260246047367	0.203021108570108
-0.361636042674432	0.702565097996978
0.126169175834259	0.206713839113181
-0.318772134414007	0.554997011005477
-0.204694674531948	0.320655127499724
-0.314922350065093	0.622269130359576
-0.435219988545882	0.649526826703396
-0.142613639388182	0.195407742658785
-0.41117566686959	0.680475052604591
-0.518286920470077	1.42130408109512
-0.105018928896624	0.152257679853129
-0.089998554640875	0.133763632756776
0.0327457650004286	0.0433859796895381
-0.592896652916679	1.6705835037137
-0.182691079780835	0.334132131881016
-0.553024503124666	0.792963101839951
-0.479706668368063	0.661535524528465
-0.409023728459366	0.609805969456756
0.0108626996651359	0.0114135088901696
0.825986470362633	1.47133403243142
-0.388865482462969	0.471486724612482
-0.417794567797	0.77869261386628
-0.1591484484232	0.240402435078578
-0.446802835406579	0.988438746806695
-0.550870355591902	1.18076709206805
0.0986504872071776	0.133124414224505
-0.263698913824182	0.527247337205016
-0.162378485999971	0.267104378208442
0.0384880428947246	0.0535746606522205
-0.0215472604346879	0.0271242102318436
-0.665685074234138	1.81903619611324
-0.595387000226074	1.49626253711395
0.755799460229461	2.32167871461827
-0.084049342494853	0.125079568679108
-0.420168757806968	1.00887361652251
0.0165793181269778	0.0157504685064194
-0.79873888376143	1.27753321935919
-0.653808408683028	1.19654630639701
-0.0609351896474831	0.0652307313330518
-0.227597099311805	0.301342655370536
-0.196015082498756	0.259737414747265
-0.161611732469084	0.18047458826665
-0.0060749471321513	0.00737282016694226
-0.0817349584398447	0.0828994366001169
-0.243047110516498	0.335161805366118
-0.238821243405328	0.398607445773714
-0.285992744871833	0.638833237755589
-0.462884232282081	1.02611097645231
-0.370769975362227	0.843787413815847
-0.166009996122532	0.315753774672754
-0.0777701550523964	0.130689492034424
0.00545571626125801	0.00802281513263202
-0.000225706408069201	0.000325650920791258
-0.217915498102488	0.485570453508988
-0.221114226148864	0.445768885699348
-0.068858837884675	0.0989344072100731
-0.136380170097835	0.137403746058579
-0.0340810015532999	0.0365034837261278
0.00358740338130054	0.00309956954283827
0.0135996487561556	0.0136246566585463
-0.859258990394102	1.52166504798231
0.0712514638587528	0.0781226516333564
-0.250876462892132	0.319284168851493
-0.26969915808504	0.400621688162709
0.0448434314242874	0.0487572463933909
-0.0401714479145437	0.057434219760752
-0.511235440108945	1.11451597171711
-0.0909394847377938	0.12743789525913
-0.0928702857278336	0.164558039834999
-0.346965277248904	0.672064216402189
0.0905510045611595	0.159672661154491
0.218473571685865	0.438712702193702
-0.389356539698357	1.05589393512841
-0.369474306780082	0.788525084175113
-0.0375959848090503	0.0607090231625152
0.00160081181405001	0.00225934975330649
-0.437594692486308	1.24189336752544
-0.321816044398566	0.68216137126535
-0.34914959042864	0.609442006727809
-0.658677399320762	1.13088685919115
0.0390018788444156	0.0338677096748935
-0.411340989938162	0.545580887756773
0.538829733615497	1.06116273179885
0.559682724514156	1.01916169823378
0.647983730585765	1.38931926847807
0.525380917843802	0.900374113707041
-0.0410609358854857	0.0396224054187312
-0.169450404584238	0.233090666558199
-0.696199380104862	1.19574315877625
-0.639479526231621	1.5172116615563
-0.354544560007204	0.822878428067527
-0.0258621769532558	0.0357398826087605
-0.202198924119697	0.344099718879833
-0.248466618366713	0.426887431398412
-0.319629775405102	0.646069016151708
-0.273821423617513	0.585543925795595
-0.163990864209988	0.304459995043311
0.0109079617007534	0.0163026928291647
-0.0727167720087951	0.122130361712276
-0.281149519152151	0.674898300858491
-0.0524037943952645	0.092994589497254
-0.0529291751778842	0.0842799562617133
-0.0388325082275991	0.0628379718002325
-0.0819698777415141	0.14123327839024
-0.180648679880487	0.344712709808364
-0.0605270365572353	0.0941656153886874
-0.381768284818661	0.707948217202888
-0.239032539342163	0.399065513911802
-0.359980503165844	0.697772467928439
-0.257106298060671	0.36829849194386
-0.163910674312896	0.200323456250976
-0.102882378204215	0.120675624274222
-0.36746460790033	0.731926351634041
-0.196485358601548	0.280408890857112
-0.381589206893043	0.609937136316893
-0.180783540914246	0.211444338601462
0.0882586064001183	0.101761386399139
0.163935667460051	0.243510501252256
-0.284822582332717	0.465780714997448
-0.206058813426099	0.323386373238444
0.220928576811697	0.417680663159712
-0.25331958191115	0.458479466098971
0.258475707829155	0.439443272197986
-0.291358145957327	0.531552605181717
0.0185802900511287	0.0236636230314852
-0.24929891215002	0.474491541635571
-0.0285445589034008	0.0371602346796727
-0.380906784275745	0.705821742993639
-0.259164391025097	0.528414903715241
-0.121923338772309	0.227721691519525
-0.0057241795089037	0.00890482343271943
0.0968531012618572	0.14973039929315
0.0947149676003448	0.118815432524849
-0.0475548604802417	0.0509531534240719
0.26306186432955	0.332624590176717
-0.117067552538257	0.154682150795245
0.0338113205907841	0.039759683064706
-0.622375221347158	1.13821244366372
-0.108886684017676	0.148612312510021
0.500546060801822	0.977248415414024
-0.30320383200189	0.553462103344131
-0.0746326120018319	0.079807184582215
-0.424657737586418	0.748214869774718
0.204841158515876	0.359403292656694
-0.229332936363081	0.371855841032366
-0.389580744195594	0.798828898537979
0.147666806843779	0.248319056176392
0.0564621929120828	0.0862085369364309
-0.37713210872321	0.878902766057291
0.123957391793518	0.210984890019856
0.055496242021344	0.0814537422563589
-0.716602947581048	1.89839876626036
-0.281203985891286	0.432409630101653
-0.398294690842551	0.855497234540178
-0.0187480867182937	0.0287508295016298
-0.45416180823154	1.33654673253305
-0.233505396856587	0.463149394751698
-0.104706714279104	0.197795796504512
-0.000799620930850331	0.00115468222791316
0.0225381655796678	0.0339927697850564
-0.107502789716746	0.131421505075764
-0.15771015482054	0.292621945409593
-0.188189850592626	0.375551107738692
0.221036952107194	0.484166807675083
-0.00959225316332118	0.0153264488156732
0.221634758545985	0.451186833389774
-0.0823250048415388	0.141924249025847
-0.325102166203044	0.83685229901256
0.0958922715532576	0.154383802345178
-0.158434256342675	0.232334466633907
-0.0938851484718188	0.123586775872298
0.276485961477988	0.375329762988449
-0.469341544078236	0.457512413004635
-0.276770139689171	0.478788581635183
-0.453519176433209	0.84676601092598
-0.0358014307736598	0.0282228184212173
0.30013046441164	0.372917971620807
-0.641857670750131	0.809474827341115
0.908111840979788	1.62882922579733
0.15528394541789	0.169316334914824
-0.181542355633956	0.212478775578057
-0.196555380656866	0.260655346423467
-0.510132973930635	0.900453266116823
-0.27717337882673	0.542567134578202
0.08073198070908	0.113416932354201
-0.465211733487157	0.820869268938419
-0.0562974741603281	0.0783618917778204
-0.136098122535457	0.172971756834864
-0.440178386094716	0.930292881919673
-0.170829122586979	0.281103388911606
-0.282799833971108	0.657942249355147
-0.714841279643888	1.89040135859599
-0.0308760779614087	0.0464245527013759
0.130282330580216	0.258900367639885
-0.08823997044714	0.145521594068732
-0.289398192380223	0.568365223126937
-0.361507112494187	0.702152647772736
0.163357772505581	0.323847235150319
0.0696178591231728	0.125501280382097
-0.0853793170320644	0.137366966009515
-0.0611883829213222	0.106537105371883
0.0146702756762608	0.0227445377788282
-0.580130557161432	1.7529367743212
-0.214083493410065	0.188799339696225
0.398023189314955	0.502480476997555
-0.331192078298881	0.327173875707069
-0.202084985281925	0.225181273735357
0.675447514996456	1.36641808238166
0.161380922436403	0.199068699964165
0.00213057065748758	0.0020659512517986
-0.264635086146979	0.308148061334091
0.0779525502557109	0.109092535165941
-0.18104271669386	0.181648196883985
-0.381785520923874	0.506233365266674
-0.0681393115866473	0.0977945863022278
0.301898675694588	0.592731108225396
-0.133476300093455	0.188834654447806
-0.146814272194849	0.270414490632572
-0.223931818621432	0.331531797642354
-0.0354149445719748	0.0532308424231021
-0.0698615374209894	0.100506708239772
-0.181569385829887	0.307719022990064
-0.545851786473681	1.44827963314929
-0.275966237571709	0.477232588811581
-0.327139265029364	0.647616142734668
-0.524369067410861	1.32965339838002
0.0903236942624848	0.14854830873929
-0.0295375421905782	0.0443291528902244
-0.54992886418311	1.62391336983271
-0.333363761583672	0.800415675877317
-0.164400217369041	0.305302675751807
0.223350608712554	0.423509488933879
0.295928459499033	0.556396290666127
0.0220898375952579	0.0332975934713473
-0.007760823160075	0.0115631137842382
0.286374273619704	0.658898243338877
-0.0886191866346397	0.153161315489892
0.230490268874488	0.415869295334261
0.34306965578802	0.830695519148209
-0.282888111379286	0.542190078037919
-0.220864848192651	0.386647798746256
0.254633626950764	0.476750652812245
-0.202812754814902	0.336003150650038
0.0974145290143557	0.115217136166428
-0.318152437987302	0.369860570814275
-0.304714794483162	0.371117114123573
-0.297569961757406	0.626200546663693
-0.495860195578963	1.40386397686726
-0.213209684488992	0.438725710917105
-0.0267946236344765	0.0381844508002771
-0.406863129728448	0.914346413472214
-0.0753833081385588	0.0882560080232754
-0.24721646263116	0.328137352736919
0.184380474198145	0.248592375447587
-0.0915434549503628	0.087613085914839
-0.591932038479732	0.982723087827743
-0.352754694002566	0.50630034899739
0.00641001333454153	0.00730697075529899
-0.483470922897269	0.827846462138723
-0.060693293567696	0.0649695578685113
-0.077339308850357	0.0980389507530837
-0.106500114140637	0.130062213353469
-0.200895616576258	0.378133445664149
-0.12593719687098	0.205298773708251
-0.206145873595088	0.3135893987679
0.333336994817899	0.554972169866014
-0.284466413480359	0.570869477915892
-0.309206232641091	0.680353330720592
-0.14264360818415	0.233281815091096
-0.264980125529577	0.406766945930561
-0.0496974911460082	0.0691860131952729
-0.0016822249336729	0.00243282527844857
-0.0174910984745871	0.0254694222414305
0.064085108044748	0.0892383153637764
-0.274736287816558	0.474342097506895
-0.244757660172958	0.431080597517861
-0.0763077765853432	0.122083866669088
-0.271201938641182	0.591846891151537
-0.117313027652458	0.195097383802209
0.0970595379538753	0.17559459956526
-0.450431779904422	1.1096591258707
-0.115156074880325	0.223479954303228
-0.592562859015908	1.08236198279143
0.168196035701808	0.212454241472936
0.566317104536718	0.806606536426516
-0.255175504405512	0.26897262561406
0.266150603577434	0.411769008594611
0.203764081307416	0.32794398724285
-0.435934936642832	0.813710179407316
-0.0835951468784815	0.102184307770833
0.029862471757892	0.036355909109312
0.551280568876358	1.22554309388558
0.264112927130674	0.334239415087708
0.187771637761734	0.200781768417434
-0.870207582993833	1.8419594343908
-0.428762987822504	0.776893137948807
-0.160886781491696	0.257292937272318
-0.182315214926466	0.325372188919858
-0.556672762343607	1.36259834024962
-0.592934301748777	1.05080059976078
-0.268935622660067	0.549354518517809
-0.566334381767067	1.73489124178041
0.12417330314222	0.239150773883755
-0.213100407927938	0.447753073570119
-0.0811460654735231	0.139625166766765
-0.470963994061023	1.43775525986453
-0.190412618767887	0.340030981185979
-0.183965086624358	0.287936656996366
-0.0292947800324374	0.0472630701876243
0.0275795417370351	0.0422484223707634
0.511404686111185	1.39658530214411
0.162592830290343	0.321970619238
0.0119722799367537	0.0165726268428979
-0.242181288380334	0.492748257123466
-0.0184588924943654	0.0296073896163595
0.24085223939158	0.41828072805151
-0.25400642615532	0.506995452055597
0.122710490830728	0.178802171608626
0.0102695695344864	0.0107859140019162
-0.684345123163513	0.940860761839865
-0.545524824685196	0.689453090637206
-0.455447341460053	1.2558385426316
-0.104973754492878	0.178198387577876
-0.0191400634868959	0.0256302622694511
-0.0610040783935526	0.07444233449044
0.400198704819973	0.837760426244668
-0.073130583220758	0.0780662564947174
0.00211060458714629	0.00194228266677502
0.311436382577681	0.425284210369657
0.124165488870605	0.108906801622731
0.267055856167103	0.272183659205613
-0.105608342117923	0.0948811796741192
-0.322956193358015	0.480908169968005
0.467649790490035	0.877172231915615
-0.47912478478337	0.794560064539447
-0.194482479366854	0.295677172361965
0.359468349443781	0.550187840757765
0.066830530214052	0.105502227710228
-0.153887137999046	0.271886347270297
-0.304631564177063	0.453394448488955
-0.0267848303926929	0.0359336483238928
-0.201648535370015	0.333478002048819
-0.253402070433354	0.505230596162093
-0.135970428678329	0.198528703025783
0.211605533314686	0.382782439932328
-0.27522785075685	0.436268980180661
0.0053649606224398	0.00788894645573614
0.290740629349759	0.612479999736145
-0.348915484627982	0.758203072127132
0.00959405782685047	0.0149693761457777
0.0324084963632923	0.0558093301581483
-0.0468526179875165	0.0744309470338289
-0.248011605752726	0.425780329811834
-0.436961095762912	1.15761658941812
-0.100438701836411	0.1499514830441
-0.300705117644245	0.591598012735327
0.138627098970186	0.158552296754873
-0.140379334613467	0.149199705301969
-0.591272952782793	0.712183603661688
-0.402844186253003	0.443596550638893
-0.76972572784327	1.36618477428219
-0.0142529927565393	0.0166917346692965
0.564589301038333	1.01102048103999
-0.331324545531042	0.403190294825503
0.0617171422570188	0.0658887273775836
0.398942268282167	0.711216873005267
-1.08708347107092	1.78857667740319
-0.443038558769009	0.486654238149447
-0.0121264928444067	0.0152204624076646
-0.21263644546989	0.362542329608881
-0.0367563968914434	0.0522886000554144
-0.203528827557633	0.327953596855288
-0.170395786899678	0.294877266336894
0.216963830774189	0.434752908431546
-0.317791191543828	0.789987581093731
-0.207601070977658	0.295469127540029
-0.316540126379277	0.655859854512808
0.0102061859483463	0.0135508388561067
-0.0011422952569921	0.00164994414614292
-0.00105978463830558	0.00157200333274382
0.169771995591312	0.347998673404984
-0.140859048171593	0.259415341965888
-0.430171053335717	1.16000891325171
-0.344051567215255	0.764484931818967
-0.550634893699146	1.62725586240378
0.226562568951995	0.504031993100447
0.553876444481977	1.78012555203511
-0.0296852258969396	0.0489886766125331
-0.0417705715435587	0.0629135785787512
-0.131518898361435	0.208817887951541
-0.407397707142848	1.03414594710169
0.0557088410954487	0.0817889238502674
-0.128805046649293	0.225416583716341
-0.00463731851382208	0.00542344292612949
0.363946079639581	0.590502502469824
0.364455137535353	0.611817219394363
-0.592546975787834	1.04955674049414
-0.024488984211843	0.0367114639779909
0.0122738141248576	0.0179352639756078
0.0584957200701368	0.0735832665616837
-0.0800168809625984	0.128738177595504
-0.0509818630041511	0.0710759980061487
-0.2787114492508	0.427355770419418
0.0299921466313128	0.033161848200514
0.655543627413751	1.23545523634692
0.39928216278083	0.641177954425003
0.00732334868442132	0.00802474490387213
0.291082290147613	0.438002960411398
0.010439277416633	0.0130195981169398
0.398169819591602	0.720532767488224
0.0670906379409986	0.0906227239194183
0.262187557912848	0.397777972323854
-0.099147061867003	0.147762745267889
-0.0256581837317297	0.0343718859654415
-0.102041221822036	0.143554831591097
-0.228558655290011	0.421825814640484
-0.0825494664804095	0.129475450211296
-0.0735287633386229	0.114729746696321
-0.552053984854983	1.23798879361282
-0.208996835764567	0.318962006836729
-0.42681414514249	1.06701038882867
-0.220726546752932	0.386304491939793
-0.357783907796327	0.763256892243254
-0.230274921677786	0.465613376017827
0.00700856947878702	0.0103243761956449
0.338563993739487	0.782590988265101
-0.109313739456302	0.149278488202826
-0.128739693977895	0.198553316116092
0.0387696246582359	0.0578065926375817
-0.0376783547401411	0.0552814248325226
-0.39100564808752	0.705539754948628
-0.379876931428034	0.606122926912236
-0.727621994014685	1.28948568081404
-0.012917425855507	0.0117902392721715
-0.310662424876975	0.445498291970519
0.00521487246225508	0.0059415280388596
-0.596922897651351	1.31768774838242
-0.215008595646615	0.357326388831113
-0.550724746942549	1.18020783863231
-0.0324793605342292	0.0523450381374854
0.0127577813344404	0.0181772912888358
-0.0696001329478653	0.10572508749149
-0.0812597481810315	0.133662408053688
-0.264538713978813	0.564288392879877
0.213749549617472	0.387738618452443
0.618321036927988	2.06703877290515
-0.190117733818876	0.380475112930773
-0.225242624352844	0.522638676158163
0.294250682302201	0.79727325362727
0.0967559043923112	0.180451890349704
-0.120967258320218	0.22554170430609
0.22677720625635	0.509112713542559
-0.379355272352737	1.06161716122911
-0.414104017837143	0.970940038754697
0.207209268878062	0.449971713598248
0.117888065284222	0.2469979455495
-0.220111140002645	0.395562041446309
0.198422284334205	0.385283906699624
-0.406615172274572	0.913243588968712
-0.0943184880635529	0.144407698261825
0.256423516320493	0.591379908906813
-0.0481221989094256	0.0668539343598785
-0.306060922639876	0.8054733847218
-0.170445019158252	0.265504771240651
-0.324503261383732	0.516790281339209
-0.0823936717865985	0.100572946111084
-0.114139293874184	0.194778036447116
0.172687797730277	0.222787085287643
0.0650898920217499	0.0835529540989618
-0.181789338278159	0.308158467681256
-0.251407683765669	0.320172866468752
-0.129309589954367	0.15122940058825
-0.196690456808997	0.260872315914064
-0.0603632761952486	0.0736056544085473
0.603603997976661	1.28160167677318
-0.40610807570214	0.791647695668944
0.259866127837956	0.38725007055342
0.48852732983018	1.0384134064437
0.152900310700656	0.218506762106807
-0.273812339586818	0.392407429069484
-0.24688263244958	0.512483978507246
-0.22265203139882	0.390723189598203
-0.473764702973276	1.12473020300228
-0.152604772873895	0.256720500967392
0.185989318140366	0.345101281870703
-0.102143470648579	0.119727830591024
0.442707985198313	1.16642832507913
0.186490114193095	0.324402240181021
0.166494468967164	0.267194693344304
0.0360609594607922	0.0550113851212333
-0.211431603150944	0.433895644583938
0.660426384926439	2.13264010207185
-0.511255736691199	1.29727632812157
-0.560752193774528	1.54472037980725
-0.362153313830584	0.789725500179412
-0.382329266202453	0.709352520088454
0.0719861348693019	0.0894626204367383
-0.429573486268635	0.778952327509605
0.0516472901964522	0.0636316366257703
0.00563062377066505	0.00641662886070951
-0.319493701888379	0.616001530409147
-0.320835400948009	0.649468371634164
-0.378383962540277	1.00832810120154
-0.147734733491014	0.266892992337631
-0.15375936362686	0.265364683494831
-0.223893427051929	0.382575466434647
0.064260287134588	0.0934494225698692
0.558969779346524	1.39738376377839
0.0557848956009388	0.0819053027065377
0.0196101013969324	0.0241739866836623
-0.159100816361914	0.240312429766452
-0.489717140326251	1.45557814865795
-0.0230260743525518	0.0361697338025322
-0.451324499704555	0.931956363410123
0.0941721335253484	0.157103274454383
-0.0336010820632396	0.0542595828424834
-0.339614852229523	0.952958607229228
-0.116555417901442	0.203776095316351
0.00658232985667327	0.00921537754633533
0.117754744127238	0.204634120855187
0.102798347682131	0.176648563821654
0.0877366287483322	0.147717641698165
0.336452774311957	0.742574163091446
-0.366605340609805	0.729485117364574
-0.0230388913118388	0.0326557583813282
0.310487995927641	0.659897453481504
-0.0110809925371938	0.0152397841658388
-0.256288787533868	0.417608379333204
-0.792986076235181	1.89964575946497
-0.292364594497463	0.534067142410209
-0.0478908006120458	0.0742497847926443
-0.249471908953908	0.462145816497564
-0.265863237913011	0.44625854602109
-0.341495583073322	0.820114454097812
-0.122303894968807	0.228523280738435
-0.327394867703163	0.739793797210747
-0.00682368608848581	0.00990651278571131
0.289239240632075	0.519863239993525
-0.287971887129368	0.49820735434356
-0.0743787313828654	0.0977652656103777
0.239007987411782	0.450649370479518
0.00799039205773754	0.0105850838391478
-0.341134979746568	0.577796018665192
-0.83907474015327	2.60319915841407
0.33072991117928	0.700732170338451
0.49933795918766	1.22487310378189
0.423868371098179	0.98951131105425
-0.274578092491512	0.512379774278901
-0.217061132738018	0.351244075546392
-0.0701135630040773	0.11511892262887
0.132697913310573	0.200240978841979
0.0593346345442419	0.0848565605215824
-0.193886670888185	0.285277628093324
-0.132089194849309	0.209883519795319
-0.213714203351901	0.374712586928485
-0.392293055716622	0.821791824349693
0.0639145539237728	0.103208650675036
-0.0784163252456627	0.113060199861363
-0.0873726466089541	0.143888059955505
0.106388412842766	0.1770593120055
0.123070034463375	0.219156638662728
-0.0575950699526832	0.0848490651474629
-0.16427120323801	0.357642463354974
-0.258712388053028	0.457704421052088
-0.432758052452558	1.04091840815895
-0.19649933236122	0.384960430586895
-0.800489534839484	2.77973536536306
-0.594526505528182	1.43197766305047
-0.745148350981226	1.69838282542261
-0.118588879194726	0.17771632777495
-0.332881135958194	0.643014145226129
0.064761762339978	0.094241426153855
0.401515886999403	0.975069048037051
-0.000587564994631525	0.000872150389585059
-0.492909419361873	1.07204279449697
-0.410950541731161	1.17806689813947
-0.156861811831324	0.296898593963045
0.00248610684884131	0.00332851019255201
-0.670980438588825	1.80527884089001
-0.182768857277985	0.27748639449401
0.0922489981664243	0.134407987749191
0.352546500508853	0.753406696805814
0.0151953271185918	0.0205215689252448
-0.093011347620608	0.1421471773874
-0.125819814877608	0.22573599681577
-0.102808866179547	0.157792994888965
0.210730626918222	0.410726838700018
-0.0914431629093578	0.154564128269073
0.104409212109015	0.17330531325508
-0.0385243632956123	0.0565901557498919
-0.683608629737806	2.27244065536533
-0.0594009323791751	0.107674059960197
-0.248802351217592	0.601337031451373
-0.356847677645836	0.760415736001729
-0.322984188270373	0.801267079725123
-0.504294501125563	1.2013561427824
0.0801381916684929	0.136957386000391
0.0427304116039132	0.0646428440207549
0.349400273540933	0.708179006308214
0.384138013057979	0.978860112607886
0.200493430177909	0.370446558339015
-0.253134340624966	0.517177177787891
-0.287681212767557	0.497473649209103
-0.163864795762433	0.297536590707969
-0.248972481496366	0.601956076296918
-0.410902551097115	1.12161646903237
-0.423969470259824	0.894010032499009
-0.317271953489517	0.551469445312956
0.212902288131314	0.38971269192933
0.0396108040020977	0.044908242240535
-0.112949618564238	0.178287200510137
-0.105003333854213	0.152224648862676
0.0707072524289379	0.100362270377633
-0.556591920729193	1.30753657988445
0.202150236713785	0.349627172620775
0.240439065954774	0.45929285112864
0.619227059848186	1.59210988452678
-0.189120853136981	0.337110217535473
-0.346184631270374	0.770886755940931
-0.627908640901485	1.74454132416757
-0.0520655861424206	0.0635893545945877
-0.559937789405765	1.43049292736925
-0.0383503850564445	0.0483909838935008
0.29881040438507	0.475558099769597
-0.50971935057425	1.06316809580312
-0.31926352285582	0.585820885316334
0.268637559368886	0.546963704799999
0.177124443864128	0.33508851398828
0.557563983568571	1.57823262673693
-0.169883833081936	0.293772652805152
0.106719478904792	0.185971325475887
-0.0444847551567056	0.0738747266137324
0.245929593620688	0.483340461756735
-0.292298583810163	0.706300147505782
0.308263677952107	0.740686875300089
-0.142856154184827	0.233701984073985
-0.198785980726458	0.381971617177935
0.280539059747681	0.545837146313351
-0.312823975752816	0.588007787473229
-0.0601580386135707	0.0733124803032924
-0.201769830092992	0.352643302100922
-0.226586412686991	0.428129646329014
0.246787399929243	0.442026958287607
-0.114232095366044	0.18063641652953
-0.316193320344906	0.683924883505865
-0.415395902777225	0.975168876188123
-0.403369702473079	0.827954550071235
0.378330803898823	0.898679145537549
-0.129094327402992	0.204201331573397
-0.00494700531074777	0.00660207852181462
-0.253742396499396	0.493155242269578
-0.0488606014668342	0.0792710848073928
-0.126794015982081	0.211814541935388
-0.747405092157131	1.90438635423227
-0.0303785592943522	0.0456467892602445
-0.199637440780354	0.366235876304692
0.0677411649943962	0.107079873639502
-0.0914367542951395	0.168504466455449
-0.292344974795519	0.667298416155996
-0.130720853725167	0.250232261956836
0.0977990617072902	0.171375029454639
0.199021753468397	0.390529274616885
0.415795065839737	1.31144561723467
-0.276111525014963	0.650405354153107
-0.0761035216950496	0.1251300425335
-0.0729716445957308	0.119405040733101
0.382604391745466	0.943206983732339
0.0721720039422599	0.119941999732509
0.323820213222665	0.768507556883006
-0.277078692224165	0.580601001832243
0.197920752747927	0.308546759388603
-0.158173026215365	0.238621808435671
-0.31313539148083	0.747240214739213
-0.0136096451776204	0.0171089871754588
0.0964549333887338	0.1614373151787
-0.383421933912469	0.76646300142915
-0.164230995287784	0.200779677021993
-0.775840934195658	1.55347959374533
-0.991859987388807	1.98245678242971
0.150550858572128	0.196618372648304
-0.342111317294773	0.54532881161697
0.368935091712338	0.672893014119002
-0.113642364663623	0.144776385124478
-0.152061563352854	0.193797721084204
-0.0382131155848744	0.0482068360617622
0.111345012299367	0.164012802206298
0.240632494861231	0.544749206412019
0.0247019269698169	0.0330918683210815
-0.486194766177356	0.986154464355527
-0.182564963238575	0.30163625691968
0.0086421200315369	0.0111100252226891
-0.180185170232465	0.288736858966531
0.0861556696557051	0.117560989586948
-0.238096243013942	0.45176824346805
-0.250840067782997	0.465501151925977
0.208232122388568	0.39662114387883
-0.292198920312821	0.626624077274029
0.199582835341956	0.39542115146881
-0.0722433225175729	0.115829157499443
-0.350504431220221	0.829983503809867
0.0734434366164534	0.122278445549434
-0.467260693989423	1.06093937784483
-0.281290436936281	0.473905451817225
0.00705057300728845	0.0101366413423434
-0.33360425792632	0.801364035279743
-0.0652988895314955	0.0765963910055934
0.174024881381213	0.268112032223381
-0.212255755228152	0.281516338089319
-0.021837071663768	0.0233903910447831
0.400996920194293	0.669077975770165
-0.435049310182708	0.896997888379771
-0.593217102828489	1.11647111971493
-0.143563240750965	0.196932848179092
-0.240104288570499	0.389016417372045
-0.62284108122927	2.02011889648176
-0.0930784662020245	0.15015184623701
-0.181082684833319	0.338225822326075
-0.348449746665297	0.790550383752887
-0.157835028978331	0.286679199166503
-0.0742549920639096	0.124989571335224
-0.356580680638669	0.640451114032271
-0.208406199427723	0.382836603807903
0.0530513697937345	0.0799252832822974
-0.342054166465612	0.973626193297655
0.0864077396257013	0.150254547004956
-0.169671490653219	0.350914035369552
0.383970668124324	1.15248129949948
-0.0979565556631032	0.17371001942069
-0.295882078715083	0.526074066281184
0.00160389337800929	0.00271888946120673
0.165791322595832	0.3152589100196
-0.0862871254670124	0.158707329277575
-0.446285419821582	1.33215119332929
0.322651733293025	0.749447511528188
-0.0261789116928751	0.0410571364846792
-0.100066625502548	0.185727129726256
-0.0376304821748884	0.053595789095744
-0.200774484432538	0.34105022959444
-0.209842665827405	0.482996495535502
-0.117681579870052	0.1761714240426
-0.0986869375976491	0.134518411832871
-0.265587520163913	0.518321843755853
-0.0740055832042487	0.0972478456899137
-0.20812854213557	0.382156515137348
0.189425325954865	0.260705732272441
0.302380541610746	0.376324692384637
0.0150190078866484	0.0175247819421168
0.589569012891746	0.961216869677583
-0.259586661319374	0.357646897296469
-0.470372271465673	0.855354157792395
-0.183157817709176	0.243088717559249
0.15212657284165	0.199008843746654
-0.0119656166806712	0.0134267923789134
0.219744154583868	0.34538882225298
-0.0335168253823761	0.0376306532023513
0.0792172839422183	0.12951082086995
0.373577762178537	0.764017444073842
-0.287610305195416	0.471535613786222
-0.148211912080089	0.223381834149465
-0.303041509807061	0.597669342282919
-0.0900765108440307	0.141576682291256
0.28552935037328	0.578179315433278
-0.0784535812713909	0.119653649611978
-0.0954751154516431	0.15787178062377
0.001402842743602	0.0019297999159312
0.284336616672583	0.640188184269527
0.0656888085693164	0.109967533535272
-0.19971631004838	0.366452559545508
0.114099209883637	0.204461601658846
-0.00549011636264375	0.00775577531717605
0.272377757903979	0.500565118438664
-0.165373546377244	0.320642330122451
-0.140555561356081	0.28102821829849
-0.445217143353504	1.24411721097147
-0.0109988289860175	0.0167663249538991
-0.0475335330610151	0.0736571787129727
-0.155756748214706	0.213839035531076
-0.760549138876173	1.39261915672872
-0.360586108364244	0.438652282480275
-0.286445310492369	0.380231448044383
0.647704666421332	1.24089894206033
-0.451656236663136	0.933165673841158
-0.0308558316140798	0.0375420140188374
0.0460890672135381	0.0586057415013497
-0.369241792882439	0.647622403000409
-0.262677686736121	0.605421071190362
-0.367665727799046	0.941495750826304
-0.156463169346359	0.327522466826156
-0.0614770982570114	0.104616095166681
-0.130650149517768	0.202012085358905
-0.094796587794221	0.145263547800118
-0.130650149517768	0.202012085358905
-0.217088794830674	0.501464755149902
0.204951781757617	0.469439126674696
0.0373018275737091	0.0668443663691972
0.0894159345033155	0.157448055236437
0.311696772226254	0.780084051723494
0.0525641375980337	0.0947666546933324
0.334019308078042	0.903380423148237
-0.0379460031710305	0.0556956761766524
0.0652679936405435	0.125665610703338
-0.0333407474354871	0.0585264815281488
0.238832883081902	0.620916042947085
-0.0602635589196131	0.109341165930567
0.162394946832532	0.353442811874946
0.30127517432938	0.791123860751222
-0.0404070830170936	0.0710323165172123
0.118897305567823	0.216329009944583
0.0073934556666353	0.0100754620127157
-0.375128889769028	0.820014901088755
-0.43766545362867	1.16016972416417
0.0178579557306176	0.0286466509586361
-0.235500946806475	0.497024602204044
-0.132376675277243	0.237854690037514
-0.0922339888618495	0.163280812768282
0.374080789898183	0.794909730571648
-0.261193584641445	0.360599226821607
0.493672197005299	1.00660974294207
-0.196420305149921	0.260433378481832
0.308947983559897	0.535312277860211
-0.20607762353066	0.313450870905435
0.276753865259173	0.52367188443635
-0.043280451288756	0.0583320047530661
0.0973343837138639	0.137779951669527
0.177651514468374	0.278140704418349
-0.113172954755415	0.15972395372588
0.242041935060849	0.548923454293587
0.069942997570309	0.107744205343525
-0.102960171462578	0.158058531971553
-0.123483186704753	0.200562870688742
-0.0738921242712915	0.103322943147236
-0.255359321969781	0.415626900343292
-0.509184579381921	1.26581191099723
-0.0941348499316032	0.155315358720855
-0.229777596999172	0.464267553173714
-0.0431556835481135	0.0651427360967529
0.324361719192939	0.78546199733339
0.296699946193589	0.649968828171861
0.278574185989467	0.598688675836859
0.0996117363919718	0.176389688949173
-0.410408272618762	1.00272639682267
0.203223486865385	0.351933176695302
0.00872804244970862	0.01426547051992
-0.228042254646075	0.380425386818356
-0.381453091104132	0.907521115493195
0.135583430342619	0.241109594577192
-0.101958499188887	0.177184805799901
0.0896039276975335	0.157824914103933
0.295838109529541	0.556178152723132
0.0791841685011429	0.0949093810261121
-0.135835974643129	0.136732729687292
0.113420117892102	0.140679445020184
0.0800836164349658	0.11241743898698
0.295701474994918	0.54883682926135
0.184008142825591	0.293843194810655
-0.0999596470303044	0.136453463247603
0.00291739934230489	0.00356628847907961
-0.0997651468208811	0.169315045071087
-0.270217940451603	0.58872199833194
-0.306791247211335	0.758591136304863
-0.0120684306998766	0.0179958048608821
-0.189536018558181	0.362987376309863
-0.315296223340198	0.652217793037594
0.0275167107699392	0.0385282534541112
0.348727575087972	0.933807550905809
-0.00457919563119788	0.00744251712473061
-0.427222714323777	1.4462347669046
-0.272624850826534	0.7120492834431
-0.177376350472145	0.415014264600868
0.0328229501352088	0.055429340038972
-0.144007786106022	0.321069791344832
-0.205772251919719	0.38601192735143
-0.0889728323609917	0.173302973243059
-0.00942508523945456	0.0165346927576772
-0.0466629683411221	0.08247671390232
0.0292169702902592	0.0497211218499795
-0.506001646757479	1.40933572658548
-0.164462148055557	0.352187916926316
-0.0583250926940295	0.113310197977219
-0.153827451734244	0.315112977812205
-0.443165947441771	0.780616226885077
-0.471512265070481	1.44067737036954
-0.453156385657605	0.845742291038245
-0.144419426270738	0.248366387470279
-0.0460150898828721	0.0795228287712906
0.0792816256016766	0.121182114919427
-0.0462671139211294	0.0661559120345765
-0.0120659535042051	0.0184235964221846
-0.0963462864754315	0.184848820540365
-0.010718907566382	0.0159525202848875
-0.311230539700311	0.555585005090372
0.554554514868866	1.02609184494248
0.160351152455241	0.249574867758026
0.0398455306397896	0.0451846427849834
0.113285750492565	0.140500324204047
-0.131738169792024	0.209198208174519
0.278862828843841	0.535142337935445
0.0155644868140011	0.0210231507212364
-0.0649301476481724	0.0761336939884805
0.247369175375401	0.443373017590702
0.120554002708702	0.183689184320676
0.703335893308991	3.52450460179728
-0.113350297807459	0.193228844579016
0.0322950630627316	0.0427508842565076
-0.154874142198904	0.274027328866301
-0.156488446534302	0.283714041532939
-0.182605318950766	0.277132464399682
-0.388159192974778	0.850310362833418
-0.354589885399614	0.788536579834203
-0.52479415841938	1.30680441640246
-0.355644670140737	0.756617864370363
0.34133068985296	0.634700302639657
0.516405726509743	1.13651590131068
-0.0113068075772896	0.0151023191117541
0.0332999539119155	0.0441461023851782
-0.326530221481137	0.707297077783699
-0.0171602611624714	0.0249743117651652
0.16088379349719	0.301123188079911
0.24009286351972	0.499358381025815
0.110790006068271	0.163087518470631
0.260641602390962	0.615071467099998
-0.0802421252368923	0.137830170829081
-0.288329712555138	0.499053985105948
0.420812484024941	1.13346151610902
0.11770853810781	0.204543423163267
0.228340912639018	0.410988949842056
-0.0187018043997918	0.0272790615024275
0.299160627208981	0.664133205543083
0.0219690925959732	0.0374186963355463
0.372872887379147	0.761985488744442
0.436961785059254	0.748124824759134
0.0642470767646857	0.0735528083485954
-0.247997081036281	0.329431294988237
0.3082300052643	0.53364776644589
0.24009286351972	0.499358381025815
-0.393831803329614	0.769592680156207
0.0761253358398136	0.109979886359176
-0.0669995230951804	0.0937115140242078
-0.00857875154211309	0.0133984928514364
-0.144798080975658	0.205096044175216
-0.197451812825538	0.42066561107828
-0.13213981719045	0.204636806167053
-0.0922342153803609	0.121181477403152
-0.488122508203841	1.01361794202536
-0.292785461096952	0.560920432432615
-0.251685386061124	0.454405899265978
-0.0213348402040869	0.0356400707859484
-0.0783139968910941	0.146213261867742
-0.182613763401355	0.463595362983917
-0.275011001693433	0.835669032255293
0.204280259564474	0.562971250522049
0.258631193160414	0.660167586589522
-0.610601341672547	1.62854514137669
0.0146047134030493	0.0202888614261071
0.275420802950141	0.655441384098987
0.00261969834017102	0.0032032096887166
-0.025643048944969	0.0354313716842032
0.209935487821805	0.46504382744025
-0.0526075247829781	0.102169389807927
0.0344382472232592	0.0491457790782759
0.00397566094198353	0.0048602762297534
-0.230231128782813	0.465435296404595
-0.238543182432384	0.397992197311209
0.230350418558821	0.496547470466562
-0.437671961978838	0.836814471596135
-0.0799474114827708	0.149684163184155
-0.216520017810932	0.526530640249881
-0.183614903911788	0.389084632755142
-0.0493643479291546	0.0924214109787866
-0.633426709958211	0.907623387362351
-0.242271649607836	0.282722585842457
-0.238333378377608	0.291420564173513
0.148388209024877	0.249710895529775
0.163097197805386	0.385741654627602
-0.146375531652508	0.310777342792859
0.098435982458989	0.166685802610253
0.0794780976738057	0.140074040998351
0.56424899544426	2.06069450096148
-0.297703905749993	0.600211444807472
0.431416088598472	0.827094472411189
-0.159929671237028	0.169783260977521
-0.120545582214918	0.238295433003762
0.0648941116934448	0.11852518185696
0.0457157832779372	0.074281932403104
0.163602703642719	0.340891930000569
-0.0241729535814893	0.0397546652735887
0.152025938258064	0.330611558704905
-0.0804533392897458	0.1562303525638
-0.175112986372276	0.341639865342861
-0.131943690459979	0.232039276172433
-0.0964345278556511	0.191951821035049
0.277402649887233	0.661893463544592
0.0903139824050559	0.175318312251651
0.214464080612492	0.389327946185669
-0.0562609255536406	0.0893642595917607
-0.214879315465475	0.357102544662131
-0.241574138947096	0.332490787989776
-0.160968981742556	0.257460343996141
-0.851530980793945	1.01098966017039
0.531250391590604	0.646144682492764
-0.365501875405078	0.403209848721881
-0.619188911662105	1.36922156512899
-0.158389897193922	0.159323819540242
-0.159574850201023	0.16931299912923
-0.2825165340573	0.296803052606645
0.178580792515468	0.185220663636012
-0.472820551575374	0.75735730563361
-0.117776511540283	0.11902939957167
0.282398853818829	0.484362312650755
0.0223934813360122	0.0230316471736519
-0.532594173191334	0.884279689611395
-0.170771115387087	0.266064501815329
-0.426550468322615	0.837419377866738
0.151971216088617	0.2314483840614
0.455003949944261	1.38035533657171
0.352313107684445	0.734717176727778
-0.332868094749565	0.329307871529372
0.625923988873029	0.745094832216476
-0.149221158455331	0.182536489349427
-0.168548411811266	0.223493663188387
0.0854163554442943	0.132963027309963
-0.417266279353867	1.23684524248351
-0.00352945726873535	0.00628033733246918
0.114931941349605	0.253594242139969
-0.0488642629858652	0.0913916908606457
-0.204573220012088	0.410604596511483
-0.28117015344383	0.537721921750391
0.0701708741487789	0.122966131881465
-0.0531821058344957	0.0997357489740231
-0.160075137363773	0.354196596888006
-0.155927361141925	0.326126796238985
0.0407729251348248	0.0687844554586779
-0.208907637413024	0.505507039931191
0.0366587472305901	0.047192878671888
-0.553651228834979	1.27040807743785
-0.0695488236129278	0.0942826605401617
-0.272364730418359	0.50676088202164
-0.116224481692493	0.153432056662882
0.0574986897564509	0.07854611959714
-0.560919182279404	1.46219844709291
0.184297897665437	0.36180348167734
-0.179024187816078	0.413347989994441
-0.522176470999928	1.71330652483913
-0.0386567866072146	0.0795475468724563
-0.300287785138385	0.961220035540943
-0.372200334581216	1.48263876908485
0.313447621378294	0.916160076614595
0.426372605713854	0.99802349067836
-0.28395899523924	0.46387417698203
0.418680828072089	1.2488787353989
-0.0566203811625288	0.0788532894362011
-0.463449815922703	1.0284052749326
-0.098776544503384	0.175350134982698
0.105983706818792	0.212170383855112
0.345550974273297	0.880577871741622
-0.0564433552773712	0.0785770326751085
-0.064602216971612	0.10318415942583
0.230458940722656	0.38103122910939
0.158552349650229	0.246310387080188
-0.0657024051545741	0.0770994029449756
0.0937620673093828	0.117517451508783
-0.181074146241245	0.35327179394476
0.0722648197812785	0.127992959929282
-0.00798760527237014	0.0142686595907461
-0.317035771078418	0.998702777701201
-1.10651501878035	1.35746248696972
0.449175690030231	0.629786434891148
-0.252762641019015	0.322304080832349
0.0507753992631274	0.052684322151407
0.159669339361534	0.281169103168535
-0.103405382831659	0.207052749900609
0.186152090524361	0.425170121531382
-0.200941662390125	0.369247187308174
0.291600827126172	0.700741821920365
0.317744671645924	0.843692249423059
-0.0537566959368259	0.070282978830087
0.254396226848346	0.364819980438537
-0.332008626199941	0.476797779434999
-0.488508980289202	1.79540736368374
0.512885511066685	1.60851166990329
0.0418832867215645	0.0761101897991884
0.143962781744084	0.324487206149571
-0.102284352365621	0.204436283973241
0.371214831832972	1.19535844419816
0.0214213697560516	0.0386792363488013
0.337570790985117	0.977226796827675
-0.243158109045584	0.608778252407392
-0.211540779703567	0.461628927911118
-0.0606979493191446	0.105591164438773
-0.136080303085347	0.233472827530467
-0.0565342822287296	0.0922053347286835
-0.703459823178089	1.75119870771551
0.0393247308924344	0.0570359515585901
-0.162715656594766	0.301479094551762
-0.279654417790095	0.470389423648055
-0.256365963652263	0.417764205896663
-0.0507731665910977	0.043020393211633
-0.0658478932533935	0.0669075896953894
-0.233916782035851	0.233621084987138
-0.232264930542198	0.231644873824589
-0.21560446537575	0.275128886550454
-0.27282041029903	0.302278011193345
0.146726041753255	0.155522189549431
0.26892480422277	0.348739776247197
0.303609677778525	0.386939666328166
-0.433812523971784	0.646535471902119
0.318328020755956	0.454958598586895
0.323733472891108	0.482545483250917
-0.251868212041553	0.421476868542377
0.154713053127004	0.221635958272402
0.168543924701108	0.271188398842867
-0.0852452258087116	0.165967236848868
-0.193529625443697	0.311747064475158
0.62583948339401	0.744845042540748
0.175498467857535	0.154530763723472
0.626754187749969	1.09096335515385
0.612434652379354	1.43964803111968
0.204191553601868	0.328802496417893
0.182228773301089	0.413938736877543
-0.341695483161089	0.990767977524163
-0.406512600640124	1.23964504157896
-0.1899850860665	0.447840803437837
-0.216933961626948	0.49180145144353
0.0199000880555349	0.0313372700615388
-0.0918198805028785	0.169314251473595
-0.125460443552688	0.271818549137658
0.162801916915726	0.369900192641867
-0.611351772304193	1.76208362565667
-0.227278730869622	0.499188869291219
-0.176997353465003	0.394326510912366
0.00768340288453793	0.0116994330567496
0.179135912547078	0.436928706954824
0.0674469975203837	0.121157801056431
0.0667788582653729	0.135815088695893
0.0938766107725877	0.156546643944419
-0.217779164595417	0.48517155978767
0.167922169685588	0.304990189669208
0.123870565626583	0.210842469353894
0.0618607807872837	0.102917872265546
-0.0194194582906125	0.0311942850590301
-0.460022082716626	1.2035341743526
0.147720550080058	0.326094158207106
0.0040547889271633	0.00742904617814371
0.0131296889841138	0.0221685531432577
0.135087833398293	0.322616382062709
0.0321265551991685	0.0601284578454514
0.632823620964668	3.00108378869845
-0.0407152496286971	0.0784096750630376
-0.18009044802673	0.409951744887238
0.0760099947911912	0.148045917576662
-0.362643935863188	1.15178923478238
0.183464806329808	0.420389583702429
0.342871169502967	1.06831316972107
-0.132176698064751	0.302105303238747
-0.213819927339709	0.584016295809358
-0.281259180608431	0.759346067956684
-0.13676632126244	0.278499454445171
-0.0218377126053352	0.0372367162174988
-0.110646464481237	0.206016457449568
-0.0476873735358118	0.0739110997125632
-0.20990296697749	0.457015859598555
-0.0277154057670451	0.0455908896072786
0.0512021133456581	0.0939229136281569
0.0802391513419661	0.155280426609245
-0.220915984224139	0.455336748923354
-0.05171847488815	0.0761874785573068
-0.159651504309184	0.241324574542231
-0.099176527403985	0.151329678002989
-0.417277388759633	0.919506407345005
-0.474286429087818	0.627864501445633
-0.470762573723338	0.856361760724987
0.285295093429463	0.497536522331723
-0.258537321607371	0.457339911652936
-0.320666526675631	0.782735948753676
0.17635181984094	0.38865275949808
0.310157174523508	0.88958705431466
-0.180367578843572	0.424151032792439
-0.231770647020401	0.564270416841054
0.202269190029896	0.479453096784356
0.0616714086304088	0.102578308243382
0.301515574066366	0.684793186395517
0.031113647303886	0.0424701621491321
-0.0997399025962093	0.169360274254729
0.0310957721097624	0.0520253331403722
-0.0871435813820916	0.178510892904993
0.264688094558345	0.706446420245534
0.398275706588028	1.11110931665493
-0.508513983720654	1.44257539496946
0.307230105814802	0.744177577764809
0.0261675990612493	0.0376420700354537
0.174875286748275	0.310171132814453
0.326435840589284	0.821989763102529
-0.329348301759833	0.805496915025785
-0.262831961245094	0.559447058282073
-0.101410086173234	0.176063166013962
0.15998193359356	0.281873401509773
-0.133160556688605	0.249098043493357
-0.180047766901282	0.335751984900208
0.0907947237743798	0.166510193007094
0.422799364877168	1.10609691641811
-0.387285376446548	0.94238021364544
0.01292365445704	0.0161559817020975
-0.0516219396251014	0.076048074629722
0.0136723334264352	0.0159326394311415
-0.206203906156563	0.323664790097244
-0.910884390462082	1.77077068065577
-0.92632650121915	2.53879099150357
-0.359167475998285	0.609964449343792
-0.253676038218386	0.376452249599022
0.477943080841106	1.1239718725891
-0.263495584387073	0.403822235809784
-0.0961505840897684	0.139189331696255
-0.379889093238114	0.702914153282423
-0.147341462779446	0.21564905044062
0.357127636039495	0.822324591371798
-0.0434688372141246	0.0656353331877668
0.0400694678378142	0.0619950284006829
-0.1723094221847	0.327860658462538
0.646087199594288	1.85428552745034
0.363918075896908	0.610731176336465
-0.137736726296781	0.175406452933235
0.00405210164444394	0.00495388756891831
-0.0645212542930731	0.0951507427743781
0.16988537642835	0.38195483484768
0.215146664597664	0.455582922102234
-0.0501280840568708	0.0794611590173512
-0.173938731464038	0.302434524004261
-0.138899516180246	0.21481896687338
0.192081137193564	0.412394667742747
-0.447927041028451	1.08138964286612
-0.105258153237365	0.187270339866991
-0.322333483065806	0.798425951640169
0.0393801893885662	0.0623940713983383
-0.14497441047731	0.284657233738912
0.000199042106452879	0.000273235564944087
-0.353037870589089	0.701299871691037
-0.499257202594767	1.13795350678594
0.0975149546294455	0.183397594636824
-0.581911467922088	2.04309362631343
0.0252056307532371	0.039412493972789
-0.0808742090733688	0.151643843008713
-0.0971749401512225	0.176426910236987
0.347921112678311	0.938565690757929
0.061993631368684	0.10888304552078
0.118741235363782	0.225100701753874
-0.0403139318702641	0.0669021713639697
0.420463002092544	1.24536522327261
0.00266130226025982	0.00399555365412971
0.369046543190386	1.21833103847757
0.118234196709854	0.263884472784277
0.104944802556214	0.222409435053282
-0.279827403873337	0.719401329112325
0.0792572835642539	0.143969636446516
0.196415072214037	0.431049845109874
-0.081772404230293	0.161414562631901
0.286471275907745	0.893228699991987
-0.0909225469909604	0.186478133854026
-0.138647805275797	0.287887716313358
-0.0493254608290741	0.0968135428182925
-0.103170387785539	0.234551691047585
-0.14564072165332	0.325525676676484
-0.124238523833118	0.264609336014739
-0.414891839919053	1.48488278715385
-0.017608619746206	0.0310572198669159
-0.197890802660652	0.476914609096899
-0.0425574270100237	0.0750730683835353
0.0466941226292435	0.0844658376731873
0.00347390426652946	0.00580193823413098
0.0853538050386759	0.168661705421177
-0.211255201872001	0.478539605376874
0.0218014377138261	0.0371225491202057
-0.265133883898664	0.645877533732422
0.0514945707220964	0.0721157801379564
-0.0398673100720703	0.0485055172928084
-0.269205904541101	0.438830827230132
-0.151656896179145	0.193245482652408
-0.203641686937204	0.337636425183063
-0.392696132491095	0.879447673150667
-0.123915272409476	0.236405167333927
0.301408543158278	0.964558884246193
0.091869814149466	0.163623340714789
0.0499604718610764	0.0891104400675329
-0.221241991120818	0.528756778349747
0.0131414754278881	0.0212049617566306
-0.470289934587988	1.43485290985249
0.0972280057784026	0.175948773498251
0.11667882561165	0.227445049408511
-0.149991854266118	0.283347230620076
0.342563072618715	1.05165747077174
-0.288108631706858	0.743673569698034
0.385255296908469	1.07205201268381
-0.0724991391271265	0.134822921204112
0.44121234120431	1.22380294338128
-0.0723189990699699	0.100904131228046
-0.125513419288617	0.204502577967017
-0.322538827526773	0.48012106923174
0.619752703171294	1.59351371016839
0.340191871959955	0.787882135522841
-0.312320818901602	0.586686756125692
0.230077859107744	0.454034668037977
-0.0475471648582985	0.0736769272322944
0.0097707737132065	0.0129657510880449
0.00905429941815146	0.0138132773845361
-0.157077484947589	0.297404538939354
0.0383797770466648	0.057191136612608
-0.146066488327754	0.251821362760565
-0.11472513564505	0.181558500488079
-0.139532277306722	0.251252288053467
-0.21674457242397	0.41869073385215
-0.326066239511284	0.614045249479027
-0.279218721502158	0.469380086058673
-0.306325411798361	0.58908079022702
0.300472099612022	0.674742389023904
-0.209027854705756	0.384284303786115
-0.243709272311568	0.485013163694962
-0.0382512417747628	0.0545443684278486
-0.346993468500941	0.672322872189945
0.018764641556105	0.0272053926059336
-0.048638393522613	0.0844764315586081
-0.473497222478528	1.26248788369143
0.282647268087345	0.635167731372202
-0.0864454847670691	0.139294996874567
-0.145798198417317	0.262596440768708
-0.182269645012287	0.333188862063766
0.11976032954056	0.182269387862249
-0.172612245068532	0.328576295289684
-0.420250893361611	1.14821336612539
-0.02280986752076	0.038963930184969
-0.0804136011221683	0.125709030139266
-0.348586951162698	0.756919897985032
-0.169263461655869	0.270535458084446
-0.241525883990653	0.392126637090676
0.0731409328736381	0.0959491950235717
0.0909161044831239	0.143991575171387
-0.0721799455872202	0.115711802131775
-0.0685909001931164	0.101704417614642
-0.10549602118126	0.166407267495755
-0.317846318279962	0.369489809194892
0.660087846392024	1.06395284478474
0.112606503173693	0.118660890557111
0.45104849637684	0.618010938035648
0.0919425195377963	0.0831175027897814
-0.133541227043622	0.127165281666966
-0.591056075906238	0.8131252167182
0.396226827238865	0.435710441839348
-0.151761498559752	0.18597696354037
-0.989409675380533	1.69045967708066
0.462820170521678	0.543760054951397
0.14956397550031	0.0992862005450015
-0.134965665793035	0.0840269647877798
-0.372510711425761	0.366663981732609
0.329819432371245	0.349207063125284
-0.296498000282124	0.378092608600611
0.486962516092207	0.781865809404811
0.159476543136625	0.15530798741903
0.221059999106647	0.270635227789294
0.170979415360493	0.196944177364907
0.303763059990275	0.387178945057494
-0.836575746930836	0.839049143391796
-0.264129585220995	0.307316045691779
0.0347103769074826	0.0321338067350133
-0.215403711702731	0.262643929392867
0.245756731895816	0.337875767109035
-0.0733772874697633	0.0703972949447436
-0.305834561291802	0.372832385175563
-0.286126168358819	0.379741896884553
-0.233532666066896	0.233198672911146
-0.0569939873578002	0.0445383303106122
-0.59221138296854	0.643248254835905
-0.0631968776123597	0.0349752105139653
-0.452071815692801	0.522300197581548
0.14908032593548	0.140453560090291
0.603821812058162	0.945741328523218
0.517319778515931	0.680770276569184
0.0716792554820518	0.047798208823027
-0.181786731047477	0.0937207562626381
0.567587323499002	0.80890549154944
-1.16402577234079	1.35038558391671
-0.592068193982618	0.454023887174225
-0.719372500606078	1.06980452446792
-0.0567594538673752	0.0546276020951897
0.112309527699226	0.118317399105962
-0.370987515061372	0.471331642553697
0.0775113773377737	0.0601576902080628
-0.464007096543198	0.293640871580907
-0.3005775815894	0.332469585977352
0.384316863833395	0.250276453910905
0.507756668236699	0.412516371881638
-0.0192022990777403	0.012509257940679
-0.966105635140893	0.538089627246274
-0.838976970214277	0.612995705702343
0.698456371773359	0.534529928099741
-0.678973885330647	0.60487539800645
0.282879711290047	0.219219473108185
-0.0204143751440674	0.011599708238592
0.482175978143223	0.464139572346544
0.0937164159752272	0.0759084694126878
-0.480992032016867	0.664029014709326
-0.0746768562983957	0.0717266182098744
-0.87579696156547	0.983177107298365
-0.646429383140346	0.777345439022502
-0.592350013488996	0.454283781079798
-0.261119197452014	0.211537302264436
-0.593802413572341	0.533830252999633
-0.104012849158468	0.0933430711882143
-0.334133765398838	0.28894093844229
0.0948994254114832	0.0667590488253165
-0.705841299771666	0.845815862502237
-0.254648726716688	0.268296333127668
-0.0512435192570855	0.0434324674173077
0.186349376143611	0.137709542521141
-0.0137176666298347	0.0108770455447904
-0.0730025619869538	0.06159460927371
-0.278099671434405	0.206123441305219
-0.222948642292552	0.247790405840849
0.080670107413695	0.0776056181182804
-0.972330992380243	2.00000769827445
-0.0823726272259395	0.0741895344359312
-0.0589626643685549	0.0461572844645561
-0.953466592021116	0.754018487020119
-0.427704436081709	0.336972703067653
-0.593437967101719	0.533430456005962
-0.456844901362622	0.416913404491375
-0.278061396699976	0.206014186931025
-0.015793618478589	0.0114629365142089
0.00510661575640031	0.00411156390433931
0.57254111517576	0.796867830642199
0.460138172428218	0.555660383489122
-0.183118660340617	0.162387936409147
-0.697529157588843	0.877387982618526
0.394807065682518	0.407201479190354
0.0926262392360397	0.0837835506866756
-1.06954802440465	1.51049606183175
0.391268374649139	0.347264075976457
0.149878236866207	0.121672368362937
0.704426982349189	0.708425947261369
0.703878776870861	0.707538220714583
-0.329941092824388	0.189365351737144
-0.790109473481005	0.892710122797763
0.0226226091490947	0.0189303933082948
-0.317627554660289	0.369179470165109
-0.121977531369238	0.101763227791461
0.463290072497516	0.544429735812657
-0.469514331137236	0.457781494426325
-0.638444085066211	0.841799739533211
0.902169982465699	0.873187296689222
-0.688721336110854	0.905379993723621
-0.312520033269937	0.290851214878666
0.544994723652888	0.625736250223142
0.394599010992312	0.406942930751109
0.0930539849221718	0.0841964074909925
-0.717452741640296	0.481368500425829
-0.501823247717034	0.390525043771938
-0.278124589603074	0.206099122684088
0.272718290229215	0.201100423981864
-0.0190144977935541	0.0123881474668534
-0.429700583087903	0.446268442306551
0.163579626066557	0.138481442914366
-0.356051056485303	0.329642124197296
0.380538632848477	0.192157298875416
-0.995861914537081	0.921514355714377
0.396122170627456	0.422369713551735
-0.182601794876771	0.161896958905498
0.383986900967091	0.249936364319972
-0.592903816756501	0.532773586225289
-0.122612296659887	0.102334721037487
-0.0579247248116717	0.0453142285447712
-0.350045358869903	0.366375107598207
-0.789790116540932	0.892396433859085
-0.0903404824085008	0.0572329079699311
0.468214949124851	0.518116544373314
0.518262549792322	0.400283926508262
-0.300806085130586	0.113875559395298
-0.502435051281634	0.391188927012563
-0.182475688796528	0.0941313907174703
-0.0861209122244248	0.0375432998359443
1.09715234328213	0.911097055902905
1.01847658040666	0.897065671731556
-0.717728230324606	0.481736592950962
1.14019966015162	1.09726742983215
0.532812628396835	0.38928162597619
0.698215509421612	0.53433870715751
0.681049954698814	0.887027491168602
-0.759456624435228	0.718888926457369
-0.908396214021739	0.961880735960011
-0.996621275983845	0.92246685454205
-0.103950217992068	0.0731244776532653
-0.468862704830009	0.457064117389979
0.0772297642143904	0.0599263823612764
0.132522897562222	0.102784292412059
-0.977154470050975	1.08930010593417
0.479666944481322	0.479716860689135
0.605662398747766	0.562064309853066
0.201133698519179	0.156039149314289
-0.18297056470199	0.0944154915212594
-0.0846511742665918	0.0657585337506991
0.292081304345544	0.23727882723682
-0.743920741849604	0.436409977277453
-0.147187223687456	0.112407023934731
-0.0854171965334841	0.0663875647890341
-0.746899605914656	0.981058909843632
-0.0156728689599922	0.0113761154654147
-0.431667520340301	0.448878010132218
0.0131991687958709	0.00781566474359795
-0.55773242323011	0.244317689807602
-0.583970743786624	0.357109169794188
-1.09573410819843	1.21086996070014
-0.544806542036639	1.05353249407792
-0.0236122066891245	0.0240907796355704
-0.363245118786588	0.541303315685389
0.0707005751121964	0.0718853125427086
-0.126679335078855	0.161548661798562
0.132459342044817	0.175240449879133
0.331965551187436	0.543144580810085
-0.0110747000033916	0.0113150711623083
-0.168498467080306	0.231533224413241
0.0802143857190703	0.0902501794610945
0.217975227609881	0.302923944968012
-0.552023184264762	1.18450713434693
0.234173429791553	0.393801589645913
0.9228646356251	2.89307431230974
-0.473848550765131	0.759717401941394
0.153276487653437	0.184244744142149
-0.0230430374854202	0.0247166153500522
-0.164942493825897	0.209943138175296
-0.623076917340934	1.06841980133268
0.0866780184407532	0.112471460441025
-0.332042258227806	0.511360663478051
-0.0961834052638467	0.139252342321035
-0.594483977088868	1.40130299137203
-0.274535320805265	0.474003180575836
-0.182625853621003	0.260207134343812
-0.376932925865736	0.640873246767
-0.334454861325867	0.516216439828542
-0.127523934167938	0.16839318506431
0.507964806915423	0.70120933010818
-0.148431071029707	0.18140543097539
-0.104347537482704	0.0734201932337505
-0.134146361022217	0.0834869347023627
-0.485567753864042	0.343889725382116
0.825975576120149	1.02204560344004
-1.02378636360619	1.07474644730931
-0.728053166756126	1.04147595993779
0.501770954945501	0.725727535323435
0.0710805582589749	0.0722881218304635
-0.355518443377313	0.471743187124073
-0.432096757105478	0.547865081227403
-0.0886393239858123	0.0945875071189669
0.259685379818149	0.320574914490161
0.046135283326645	0.0440753249377067
0.209998446014568	0.280055237632383
0.25865402918534	0.319019687751537
-0.253054453373933	0.322781102800839
-0.34089602099661	0.506835120684407
1.14209530894715	2.92799010132266
-0.0515017968572934	0.0524351028007839
0.0510336326927506	0.0529808092550901
0.18444772580648	0.248683184319395
0.220378757945909	0.26963906812508
0.439198062735935	0.725571897110955
0.0117887286774586	0.0117942584388256
-0.68333617625157	0.938858073127722
0.841521976679347	1.47059101772667
0.0568099668543814	0.0420967691632965
0.00318018771724151	0.00274918144174858
0.456877161109981	0.581922906178744
-0.727012896042514	0.7805512187254
-0.387310521082408	0.403756468983235
-0.664112106640196	1.06362409242914
-0.0119854978904838	0.0102373294364953
-0.219212233654965	0.255793478265722
-0.0475432923279979	0.0509251297259794
-0.655601407126399	1.16247755368827
-0.0338910370258384	0.0362871260684013
-0.669333939226336	1.03490374530466
-0.343657497945873	0.437026027012445
-0.514859190696715	0.710195040284618
-0.296116567916284	0.293916867066751
-1.01401869265446	1.67099334368558
0.390325543531262	0.346250187604095
-0.372795150731258	0.3671699044473
-0.349038831878364	0.365005811927084
-0.624598653569994	1.10839849047996
-0.136094823342787	0.137071059804009
-1.10047236223402	2.06471301944324
0.092840149642376	0.083990854813219
-0.531669768785819	0.882266717169651
-0.284211060174677	0.298992061044328
-0.945883908088156	1.72750196331771
-0.199669822901007	0.233363034624727
0.091947856405417	0.0912688521785427
-0.117198320988799	0.137478992022516
-0.117252592469258	0.118454314344758
-0.183877904205871	0.138971050062387
-0.131827743748354	0.125352798444619
-0.114739136194585	0.0884529201139472
-0.261555158455564	0.211933481136974
-0.147580006776061	0.112726277066795
-0.182601794876771	0.161896958905498
0.22636386843395	0.192031455440899
-0.103095743080034	0.0724649208597918
-0.0857007997085545	0.0666136057917424
-0.747833137436574	0.982981900180793
-0.387787526003489	0.404473684708393
0.00531966587586031	0.00428177472062402
0.340590063535175	0.394271055364864
0.0620628681692496	0.052110958900348
-0.0849339431210872	0.0659939234394934
-0.0716055515624439	0.0509480123192454
-0.428474010694628	0.337640838743541
-0.650635804856639	0.743341619444649
-0.150773155845748	0.12498978523617
-0.46866004330463	0.456801315054818
-0.273280328789114	0.30293961529788
-0.311995438760652	0.290260658095558
-0.487115074103183	0.34529864615809
0.391795719338362	0.362010474484971
-0.0524088885350894	0.033699100642886
0.010192410196782	0.00682727879079607
0.0763823152204703	0.0592595480268793
-0.249700929391401	0.148080019848136
-0.139704335528702	0.0398561976774745
0.084232260086176	0.0316737504178014
-2.16786451511477	1.13371251257198
0.692700737246745	0.332549356313388
-1.30795424670946	0.679714489659024
0.594570422603698	0.347528657313905
-1.30730215370881	0.679470716830338
0.129948950282375	0.0555267392668019
-0.717196632195136	0.481354126506142
0.726964382241615	0.703265486990482
1.23866229877271	1.78362416437899
-0.592392172618476	0.454088286045624
-0.531188761840414	0.547043435048508
-0.0962132081724588	0.0807455537652873
-0.114463344940761	0.0882202571388459
-0.185173516695753	0.140114977779492
-0.486594991828021	0.532728365926452
-0.999220527674201	1.23449457205612
0.518643439927256	0.40066579220361
0.236702286637029	0.146331512721132
-0.402689311000014	0.370199452955939
-0.549130101411208	0.725718931366561
0.316614976137306	0.302770953612741
-0.143527489488805	0.0997948207243742
0.168817845474174	0.118429029719701
0.213723414356181	0.173538842554093
-0.512216849705747	0.431751887176327
-0.142705307460238	0.0992458609970103
0.045446094624184	0.0286140165767844
0.749392605687654	0.868685207568829
-0.187320263813087	0.128711059188858
0.860420779840097	0.866711802736129
-0.669857642616975	0.639592135689466
-0.29969523558502	0.19947231882622
-0.404747487061936	0.292219909465696
-1.13372955037217	0.698876373405479
-0.436034613767817	0.24079747670908
-0.337520308127403	0.247302804861003
0.667474560026931	0.721517832958021
-0.486469519868097	0.344790116942594
-0.330433392197757	0.189696029834789
-1.05842306708202	0.900134631280703
-0.435826739782279	0.240637929437678
-1.81839032674097	1.2592677610871
-0.891119675690499	0.576005397350418
-0.249270204834663	0.147789290806825
-0.55735975728574	0.244140038228301
0.381851668777592	0.212083566222231
-0.373368826863722	0.24315268189551
0.273239869124297	0.201532344724668
-0.186281840354813	0.113460053513999
0.0715229301241569	0.0476780967214666
-0.435989006505532	0.240746920738287
1.60507912123152	1.64256366947345
-1.24864693548054	1.20659296344094
-0.277552785954818	0.205615983729417
-1.09591619441659	1.21119859213992
-0.906979082936729	0.958697782551473
-0.104847420548429	0.0737830545669667
-0.592916357795533	0.532806037333999
-2.15451821389688	0.46533654820635
-2.15451821389688	0.46533654820635
-2.15451821389688	0.46533654820635
-2.15421911362844	0.465312945107294
-2.15421911362844	0.465312945107294
-2.15451821389688	0.46533654820635
-0.473421998020537	0.115632916852932
-2.15451821389688	0.46533654820635
-2.15421911362844	0.465312945107294
-2.15451821389688	0.46533654820635
-2.15451821389688	0.46533654820635
-2.98625935690659	0.760136336044329
-2.98655368438579	0.76047297320997
2.52495249403963	0.634914613115007
0.3613975270033	0.0759646004195066
-2.98655368438579	0.76047297320997
2.52480998418306	0.634922772878525
-2.15421911362844	0.465312945107294
-2.15451821389688	0.46533654820635
-2.15421911362844	0.465312945107294
-2.15421911362844	0.465312945107294
0.361731113967025	0.076032888564632
-2.15421911362844	0.465312945107294
-2.15451821389688	0.46533654820635
-2.15421911362844	0.465312945107294
-2.15421911362844	0.465312945107294
-2.15421911362844	0.465312945107294
-2.15451821389688	0.46533654820635
2.52495249403963	0.634914613115007
-2.15421911362844	0.465312945107294
-2.15421911362844	0.465312945107294
2.52495249403963	0.634914613115007
-2.15421911362844	0.465312945107294
2.52495249403963	0.634914613115007
-2.15451821389688	0.46533654820635
-2.15421911362844	0.465312945107294
-2.15451821389688	0.46533654820635
-0.249894552493914	0.148201435039586
-0.172790630805708	0.0706913846673543
-0.867218248712805	0.813412865250928
-1.64216212883921	1.73463976963113
-4.20224555346983	1.57220916126614
-1.95326353965474	1.46328918461767
-0.405326167075073	0.292725548193684
-0.0637031405239971	0.0352527561456502
-0.592464425114499	0.950754176893821
-0.295337278244841	0.292904035524849
-0.0815178375347562	0.0733487921335617
-0.221064512926438	0.180671474735051
-0.239619117824458	0.162368226199913
-0.593802413572341	0.533830252999633
-0.526885257595861	0.181763584301304
1.22335136710092	0.363999108861766
0.388505511706938	0.109097507474847
-0.301760517099524	0.114337551940054
1.22302566646593	0.363862190868261
-0.833419534036202	0.336382855166883
-0.30130788380924	0.114155707724385
0.388827160142778	0.109222251636938
-0.0192973224173472	0.00885219100602204
-0.372463298464792	0.242471644868516
0.220289984387656	0.12640543655087
-0.405366773412826	0.292744513150923
1.06664834635248	1.07324706488834
0.235654218743348	0.145621220792988
-0.40508649688509	0.292529750547705
0.384606066384318	0.232641469529953
-0.83331013594503	0.33621391949861
1.22302566646593	0.363862190868261
-0.171949790361075	0.0703285960960095
0.0829391888686957	0.0312031930136134
-0.645755871719752	0.776445906069373
-0.091177335888576	0.0577607365553656
-0.502956606261684	0.391708638897136
-0.183234012214423	0.150857208881542
0.115868605905203	0.0857756306626789
-0.670045143452671	0.639793261249967
1.05117333604403	1.22396942824591
0.044390158701645	0.0279428999560669
0.593652523281389	0.346586915901852
0.38456778840866	0.232626940896653
-0.513115382821158	0.43277654611974
0.385084895968046	0.250898880811666
0.387132504499427	0.31454201574163
0.594471905520907	0.347429554045934
-0.0852475234869605	0.0371529560752757
0.197154631898323	0.103785078945911
-1.95311843706145	1.46243749828817
-0.301157712421341	0.114050761703072
-0.839264795027636	0.613389170153767
-0.83376033571481	0.336583209390257
-0.526320357908881	0.181536079478803
-0.0861209122244248	0.0375432998359443
-2.98655368438579	0.76047297320997
-1.38915522217576	0.501131304974308
-0.172330859760746	0.0704991966259504
-0.578125665272558	0.304829459171569
-1.3076721679963	0.679786212577572
-1.66870524507171	1.06032573098477
-1.69637927695393	0.705629000239378
-2.15421911362844	0.465312945107294
-0.473293904201552	0.115599424911331
-0.834442183400278	0.336868136059492
-1.0894376921619	0.503213801499961
-0.330571788247113	0.43857701933679
-0.0945606976390045	0.115517459012493
-0.347642905546029	0.674079432134215
-0.268887149418953	0.584575925015447
-0.0435536295703151	0.0722188491148273
-0.175938544157372	0.378154057910554
-0.216679216303791	0.418516817812688
-0.19735206468811	0.378529131999795
-0.2033157514627	0.337071678357259
-0.303622904918129	0.527278021380655
-0.260736765644294	0.412863306304488
-0.592083483424596	0.569277332103868
-0.372710978863625	0.242645782142838
1.03191057988233	0.716087964340133
-0.139258708787851	0.0397553524568051
-0.0857098253121175	0.0373635626054162
-0.372082388576059	0.242100142232175
1.53829604398047	1.0169775125571
0.570831089868954	0.362658854957343
0.385124410470798	0.174768221591679
-0.435989006505532	0.240746920738287
-0.0338062200157828	0.0266099959692201
0.283414336429746	0.219692638556476
0.19634830991462	0.185884145033339
0.778552471959112	2.17335331702882
0.436261501252083	0.760080950325385
-0.150732199940656	0.124953874332584
-0.181324876119756	0.221785671969764
0.0406181728333431	0.046091959306472
0.160020859943536	0.155898719333553
-0.431251359426991	0.448426663303195
0.393325097740653	0.391683975673648
0.16867402668618	0.118322624603874
-0.307924273678318	0.489964624915854
-0.301283335720972	0.521763243899625
0.0709015265851616	0.0776710584476811
-0.181236047879586	0.212064609689257
-0.204515116531987	0.339521173144938
0.127688001946124	0.177829128469416
-0.154656433376838	0.204977405124399
-0.0823585695608544	0.100523798708448
-0.372391011844893	0.57490525538404
0.613978532363724	1.10799401124875
-0.75109934009499	1.20294912759154
-0.393070552329307	0.543633003668283
-0.0653270851698614	0.0663461498921219
-0.560003662116292	0.928768576531613
0.105907497740938	0.0991702396010665
-0.43286319357787	0.549142737783958
0.761566605308953	1.0243424790308
-0.444208183195728	0.377927469192668
-0.289285973832552	0.336303157947714
-0.14766552696723	0.112814047100568
0.329649522785436	0.349002611605345
0.902208167546837	0.873212232384466
-0.278087032871128	0.206107362871535
-0.224790525856893	0.250178740923583
-1.4639374301897	1.38146459105007
-1.26040530935137	1.04078771030624
-0.30130788380924	0.114155707724385
-0.172330859760746	0.0704991966259504
-0.277917396201814	0.205962223094542
-0.354765915719372	0.328068730155001
-0.39426748457189	0.609258810839695
-0.0700690902866715	0.106492222010659
-0.0308040727736485	0.0614129367275784
-0.300255465944025	0.844089815430967
-0.287396193996661	0.718696132176608
-0.285065534379215	0.635895114986893
0.186828005538494	0.138057667794936
0.0330117100588303	0.0164206861966252
-0.183127825098029	0.0944992699355236
-0.115010270814238	0.0616233314355539
-0.115637021332132	0.0619668457483869
-0.308538412454802	0.247755590269435
-0.907834130898615	0.961060161262237
-0.103638236774007	0.0728849667431419
-0.114866662670734	0.0615471926947323
0.55223282241619	0.614561771038602
-0.0103981437972093	0.00948128888599194
-0.03094467201604	0.0263289121447409
-0.0045205234281746	0.00507821786005691
0.00897582384714705	0.0136919919759221
-0.196223310094661	0.375703477027479
-0.709141557886779	1.68963735550149
-0.212655025634865	0.362577413474078
-0.164044134455662	0.284305530929522
0.131296230764056	0.173502182640324
-0.71318611166302	1.10207225896442
0.595299652862513	0.769797204543478
0.19662487585403	0.216515000427626
-0.337675374218949	0.667791164235658
-0.469371137981503	1.50066613835642
0.0209133560438056	0.0295880589428375
-0.149642710294719	0.23836795460858
-0.13000579371416	0.223136747575864
-0.369484217355542	0.700132677485316
0.379676211915413	0.903404117463946
0.602645923928684	1.61573246394872
-0.251076563154622	0.452802683245063
0.126371967653326	0.187030166297678
0.277669694215025	0.384429872663708
-0.750628549183844	1.67041536083828
-0.295859268591568	0.454475067835178
-0.0586961352564049	0.0819499803789481
0.164262745276167	0.184368937290431
0.137945082481388	0.186234601213062
0.0802584680905277	0.0963083323867227
0.399526252346209	0.568300207195824
-0.257792851103111	0.314528629180349
0.398639004501609	0.52888668995543
-0.0413798291555864	0.048401519438754
0.886350567786727	1.33126272330877
-0.333134193747456	0.287824865721139
-0.256996082815869	0.419038657544584
-0.355045971154876	0.328561698139012
-0.301202174258827	0.333297037392807
-0.373235332324392	0.243065213858136
0.149313634735694	0.0991129622070755
-0.308726293331861	0.247939672360579
-0.318481694185254	0.554338795749451
-0.240217962128111	0.343669515781814
-0.172759126153971	0.292492094675631
-0.338432555674073	0.702676708575779
-0.540467062403359	0.621591902620875
-0.278960524186138	0.206778067063531
0.14907407530296	0.120933764773546
0.493549182733915	0.438607041357182
0.59566970714312	0.770506768522288
0.389430895571587	0.33111717482189
-1.16668458892736	1.6385752057971
-0.184963620574534	0.139924301104564
-0.311349578703506	0.289419688560645
-0.430884471526209	0.447926896783931
-0.159997513332653	0.169870117022029
0.0241679460024899	0.0248979518717783
-0.29220104485893	0.559378503356758
-0.560870195009366	1.48990269335933
-0.369945450330086	0.790225230532436
-0.666281485017675	1.47575457649584
0.0687777958913077	0.0973942766933654
-0.019915635020472	0.0275136303984777
-0.57189133670701	1.19874281955483
0.249024251890127	0.349432152352158
0.254746132023276	0.306545654063731
-0.481633712714905	0.665208120339976
-0.19288750114115	0.319302595723641
-0.522805869741407	1.27496575490056
0.00221303315739439	0.00279339206590985
-0.243887254129653	0.397012036062039
0.604065383210067	1.1289810671801
0.254410219715924	0.425019592829243
-0.504040134113047	0.835830619453288
-0.537957675268658	0.979594161124644
0.518712875499821	0.920936131823279
0.602993396536634	1.12666113253245
-0.197728091643024	0.252037270744183
0.400626340906287	0.644341230239656
0.328999806546921	0.528099623468149
-0.0138045483402334	0.0161604314204901
0.441887427324005	0.703311569756956
-0.379444624208275	0.605093487180506
-0.0532184859195528	0.0623556256933326
-0.591163871786702	0.641552013976654
0.448226356634312	0.643150693790846
-0.104492338042666	0.111355801496681
-0.162489977231215	0.19815875193137
-0.336296494865022	0.246254870434911
-0.499954326187817	0.604965115790427
-0.481717264925959	0.66536912122491
-1.06841649502713	2.50604902029589
0.498854385195278	0.424253101855223
-0.502503607368424	0.391215597394412
-0.505903127486133	0.640884585296656
-0.368272749455708	0.606214482822098
-0.645914901882412	0.77669735855459
-0.151500319952451	0.125651092187052
-0.908188365286196	0.961612927129647
-0.132683889119201	0.126277222831494
0.954170191142664	0.883795947762861
-0.502231108480047	0.390984588410001
-0.372844460016353	0.2427719181186
-0.186538252524866	0.113635101043314
-1.53750270743175	1.21908386073123
-0.587417656387196	0.406431459716704
-2.68205753752327	1.82797230245405
-0.679900536571918	0.605903264984648
-0.018511191067904	0.00850083106806699
0.595055747582624	0.347818338968019
-0.182910472225882	0.0943819801836264
-0.172712037746331	0.0706637074876884
0.594426232068895	0.347404217335644
-0.464731244372471	0.294177274901549
0.236551887809059	0.146236516316137
-0.717354207498118	0.481501301619838
0.00702425718955301	0.00224761041884316
-0.0205550766182854	0.0116794623360879
0.570142263706774	0.362464883970776
0.292457719738352	0.237642631007617
0.272548760908322	0.200946228647553
0.225564386804593	0.19132246252264
0.391434738717462	0.347439662526104
-0.308580747426362	0.247798457899284
0.508027368944767	0.412678885556373
-0.143019084920148	0.0994873690844118
-0.655062477563035	0.707758282063781
0.0706431772507752	0.0383114223039329
-0.867580512878487	0.813779565933089
-0.336841435598378	0.246771021229559
0.305845718718964	0.270758729185422
0.272900771699219	0.201252044532928
0.291625542236803	0.236793272883165
0.0716792554820518	0.047798208823027
-0.389595045515526	0.18227543759944
0.384816666151883	0.297885176018821
-0.743244699467359	0.436018288130519
0.518302699911504	0.400371839860981
0.0332284124041195	0.0165255285383334
-0.0635877739370384	0.0351910737599203
-0.372844460016353	0.2427719181186
0.383760027863942	0.232051184638508
0.569514228330734	0.361884336241941
-0.503364518348564	0.392036790485142
-0.0513143123467509	0.0329729381976969
-1.55504493366495	1.55508871042684
-0.24902980537497	0.147626639702204
0.704440478792494	0.708425795909019
0.249990581517245	0.164911071457873
-0.187320263813087	0.128711059188858
-0.372205999733037	0.242249655732621
-0.249510592908837	0.147944882664664
0.126568133183771	0.079084180561219
-0.330964926733957	0.189994679460948
-1.46341262540429	1.38071915068029
-0.700884931521114	0.526689483216691
-0.996480737540684	0.922424807752195
-1.49986715685961	0.866230488159805
-0.806556184032374	0.653285748931602
-0.890749478866331	0.575618030708382
-0.57795522213812	0.304721519494592
-0.186794686076246	0.113805169151436
-0.272380222512124	0.134456407532062
0.272366267422076	0.20078604715366
-0.592209090422583	0.454173626769406
-0.726895115247311	0.780498785426425
-0.238893584109383	0.161807118362011
-0.240253867312806	0.162736240129668
-0.296643369760671	0.294557966849721
-0.105078330300484	0.0739441737819668
-0.132683889119201	0.126277222831494
-0.679131914531497	0.605105163730807
-0.0705223439128018	0.050157444688751
-0.74304376274036	0.75097137932136
0.387263076771133	0.314588249441865
-0.103574316113045	0.072832751022261
-0.59353631169468	0.495470009908809
-0.115108239055747	0.0616850332279238
-0.0855386111326405	0.0372858102338209
-0.186794686076246	0.113805169151436
-0.134625873988569	0.0838105155869475
-0.18465206163413	0.139683302062533
-1.08220385958794	1.06303785083485
-0.593437967101719	0.533430456005962
-0.0209359569017703	0.0118948994226267
-0.759845903770626	0.719604119085068
-0.485823942788835	0.344179114842199
-0.372463298464792	0.242471644868516
-0.38985152814976	0.182450980352605
0.0326376529720449	0.0162377856016969
-0.583656031966242	0.356902286202087
0.939163712137928	0.525053632717976
0.236818396402027	0.146439356159907
-0.172173707179262	0.0704100607810889
-1.25944147707589	1.03958561611984
-0.583656031966242	0.356902286202087
-0.907817561307925	1.12809737078413
0.591901507579023	0.571552437637395
0.237209359525788	0.146687089414981
-1.10485518129221	1.3547821640774
-0.660666208964009	0.671862584056481
-0.679493717491573	0.605537147618481
0.186849153742878	0.138094332509588
-0.354562709403475	0.328030298431991
-0.669898852746232	0.639547237659095
-0.309311220613405	0.248443221820701
-0.336387788919509	0.246404983872412
0.832385620941764	0.704446938637275
-0.135105552575328	0.0841209444567602
-0.312479263941895	0.29077352525634
-0.187280295030318	0.128674676604713
-1.41723718198526	1.52874078721793
0.797034909055589	0.863970758188364
0.200989214482994	0.155907916239709
-1.85372401651019	1.792381453902
0.483100923037735	0.465409190751498
0.594813094595454	0.34769206452317
-1.25939428096559	1.03956708822613
-0.583970743786624	0.357109169794188
0.235920407766648	0.145805614242198
1.14086331667155	1.09823823836925
0.384264922646631	0.266961737317526
0.0947112543893015	0.0666197492624367
-0.592589905214655	0.454477971661214
0.014220053082912	0.00841205793667898
0.249369325012277	0.16443973504604
0.755318866760911	0.701835271574334
0.831603693533313	0.703654188817707
-0.427546516001094	0.336856890400165
-0.249844494587615	0.148152220863438
0.101462584153876	0.0593376877785001
-0.372596894930282	0.242559161476007
-0.114964625151516	0.0616045755073083
-2.11380706151923	2.3933421715834
-1.05894778585166	0.900689622679152
-0.486592638702941	0.344927894499103
-0.699722804721187	0.525273131339734
-0.184818690128059	0.139823905904776
-0.0587058917957699	0.0459533079767484
-0.46777636441575	0.723861475072226
0.0411048599046901	0.0415015106539921
-0.243644452813518	0.336200495945293
0.0253784462227036	0.0261716953094927
-0.292353555250363	0.419387187377679
-0.841735557378608	1.19965107586209
-0.658844741795948	1.13164233658706
0.0568092404158185	0.0675290092237842
-0.0821288398100544	0.0920831634157105
-0.376399883719831	0.540661797316173
-1.46710602883621	2.10907761958928
-0.187122472606507	0.128555647558065
0.266785453587074	0.271857593042725
0.605675653249876	0.562079387686141
-0.308747485328019	0.247963473914146
-1.06934603059464	1.51008113361003
-0.669690796337242	0.639402800549401
0.0277344138118198	0.0214842536392334
0.0104023138900306	0.00696662545536381
0.129690974521995	0.0554121511236294
0.385178985763958	0.298257667400466
-0.829025345578755	1.03555722428177
-0.0842486419116501	0.0654146351864334
0.0713272648091526	0.0475508539113841
0.508727160697272	0.702669045141786
-0.296432505387135	0.294314357329932
-0.727617482194934	0.781580830051572
-0.0951684631604259	0.0798058779051104
0.56957598825402	0.592378461048485
0.474301503522033	0.491281879353352
0.0680132434193466	0.0632918317438562
0.0201044058243907	0.0216686073129817
0.0286111417212167	0.0280283232280438
1.03612888210445	1.52772990570608
-0.312601703656589	0.290944811335875
1.00404765005009	1.36377667316886
-0.457766354472615	0.417961856946587
0.291437244401609	0.236616009369831
0.149315014073913	0.121192838563356
-0.240723187066005	0.226164273083048
0.137313703550547	0.14124796979684
-0.384144630375093	0.329239372403593
-0.472669743387244	0.624632384340336
0.110817201728544	0.11654174930064
0.30842876865001	0.403215120275665
0.0273495963582744	0.0267510818330608
0.391983817884332	0.362212145254951
0.395285308003292	0.421174666200785
-0.726714060192406	1.28711554610011
-0.210467472064807	0.198536734197521
0.392027221787044	0.362308512744206
0.284321832813974	0.317427801950355
-0.518644407793064	0.744609283144182
-0.0117500867136867	0.0107215633848561
-0.759341403874983	1.17156173648977
-0.539792020565484	0.620614099107556
-0.0155520468865786	0.0112874747619298
-0.128082632623827	0.114530801447931
-0.0704800484754635	0.0501266077445172
0.186264490788118	0.13757070094081
0.299664457667053	0.254506337134849
0.0720182916130368	0.0480341814467991
-0.773221516720485	0.922339096661329
-0.104659370897991	0.0736452049711554
-0.103450320069887	0.0727429356110046
-0.405326167075073	0.292725548193684
-0.278633896329049	0.206569217545354
0.272392389669289	0.200756469740093
-0.22810626324652	0.170854451279576
0.337104892859704	0.379223145098326
-1.11394421323147	1.50269603308293
-0.248984416260446	0.218201176692922
-0.593629194772229	0.715930709589719
-0.185195129712657	0.140133303772381
-0.114420134854821	0.0881915749749729
-0.301648994850537	0.333928194860062
-0.150368823754288	0.124613610547532
-0.0731394179302955	0.0701726746266054
-0.283526807296712	0.298142572589099
-0.0510867513781148	0.0432962638140375
-0.509881876391151	0.674191415330892
0.00997535810185095	0.0163362157814763
-0.0618785592216176	0.144732796231073
0.0778211979134267	0.185781831960249
-0.17640708710388	0.535454267964419
0.100640535876625	0.278799960784522
-0.176610346747326	0.521729293663132
0.0186364550159164	0.0412486758365166
-0.0684118681805933	0.166928394755009
-0.14886984287568	0.369596418275727
0.0966475812900066	0.213949243096166
-0.130914772218977	0.29451827769913
0.544662195965049	1.24110762810803
-0.169450404584238	0.233090666558199
-0.122869158523463	0.17350470817042
0.327726266111589	0.516717094055586
-0.0864167600140397	0.117235133115103
-0.0588932253304179	0.0795196223709239
-0.338743929321136	0.670922592950325
-0.333201768843971	0.612603462915913
-0.0321642918661841	0.0376611504046497
-0.140257329490492	0.280375610661624
-0.0859996747464742	0.12405516958158
0.0988699419401247	0.133468521727329
-0.149221158455331	0.182536489349427
0.154515346002743	0.186045713886181
-0.349728236567818	0.538072123529875
-0.0221517701954522	0.0259189105278326
0.0169285048766519	0.0190089089317655
-0.170982462581788	0.273976299636491
-0.239504198856756	0.485541394049352
-0.0169524291405243	0.0265337229607931
0.0189984293522396	0.0275502568521681
-0.0790306354241679	0.10736613130744
0.221635629057338	0.419420892560395
-0.0790626329067326	0.149988725265087
-0.0662983374927601	0.143747350359195
0.0288702018759189	0.0616711083120895
0.343951192114803	1.56354258635098
-0.189815348221267	0.533265475684336
-0.3841890898441	1.57111757492953
-0.00394110630087077	0.00735444072993555
-0.211325391281108	0.582503959309241
-0.284089009698597	0.889852557651282
-0.301107231878441	0.893585767740116
0.0182903334595081	0.0364931401092359
-0.210745263573548	0.609677680753022
0.0120255508060963	0.0202666580449422
0.0432136833657576	0.097940610475131
-0.0922741660637601	0.215799345869739
-0.131042517822064	0.336413517687709
0.298846914079453	0.875492485334133
-0.0319874385906084	0.0455766140296712
0.130359623044622	0.225910093242696
-0.0992596917388014	0.198544208500784
0.0380834102399097	0.065313773471494
-0.171382441446151	0.282098621571326
-0.0431330778172041	0.0791842831062397
0.0895579390432641	0.202825483610511
-0.096827482385167	0.23947380656153
-0.222287656556436	0.695654536620457
0.0884487667084733	0.155511670514421
-0.0871196936876469	0.125836716565397
0.0984477525633942	0.192063119955877
-0.558621239016351	1.39770205522731
-0.220334302007997	0.336133220961642
-0.426901899197578	0.920131722251146
0.166575745195216	0.21005477396666
-0.223460880983642	0.330672177741136
0.12654713356683	0.176027007398562
0.726716389464413	1.91410343333974
-0.0381292085212204	0.0480957005333293
0.0489938190833505	0.0654999250284223
-0.109870687614058	0.150132171938368
0.152474421518338	0.232370447263063
-0.0602156949951345	0.111547000281211
-0.0754487720637499	0.127187381791585
0.153257718127107	0.248142505844439
0.342493053272709	0.820482334194129
-0.550269332834222	1.15164841044534
-0.136787010730062	0.262315857132864
0.0362744507136831	0.0572070378811827
0.0712240466218695	0.15307237879022
0.0259373670394417	0.0578000661576212
-0.119075773495113	0.292126981783245
-0.160896481395551	0.407100145310123
0.02095917268748	0.0340226230871631
0.0972839328403416	0.223110144597525
-0.246909026900339	0.617229486044651
-0.291612783533885	0.970289868642292
0.0634819432220046	0.146161508286262
0.148878425523058	0.387196423148026
-0.0983170841704899	0.209846070466087
-0.0344897787536226	0.038760557345611
0.0512444551095154	0.0532102285669096
-0.0353337782229719	0.0378949793895794
-0.131580422713437	0.154256201559543
-0.0228119810428914	0.0267030939779459
-0.669858119896789	1.03580045940456
0.550310263454677	0.837742927886188
0.39834084344948	0.515416251631762
-0.233319216904636	0.232940461404607
-0.300697084707695	0.200207420527573
1.10620150622856	1.2456941981873
-0.182378657393754	0.0940843966352096
1.03244154888819	0.716482648646582
-0.271462158069	0.133981374578208
0.102630890148953	0.0600289714634561
-0.806177473944256	0.652818573926531
0.883855813882605	0.706232606725901
-0.583161645337096	0.356525507063071
-0.364019963669896	0.400958966527452
0.00568951307705766	0.00457767686572031
0.58038244910569	0.582245333763651
-0.996340225159105	0.92226399140214
0.196659444795136	0.10351079472674
-0.716547219812701	0.480738406491479
-0.953610463207281	0.754087448724641
0.0716053546706661	0.0388520670428053
0.384085612756223	0.282390342531933
0.0714967629285843	0.0476719461247289
-1.05717224354171	1.36584706790528
-0.314443351926448	0.329679558648415
0.551387058099192	0.613261775689539
-0.80514281084196	0.651335606103527
0.200923335890026	0.155831368673026
0.907350179781812	1.62681161949935
-0.0402410625592936	0.0388037935109255
0.537828741361332	0.87110935716603
-0.169991588838943	0.264583430827002
-0.141742478474882	0.158120794767655
-0.109183922873498	0.133695804360313
-0.182309741058435	0.183056440912099
-0.163949371800548	0.20035662541501
0.29747874821536	0.472841521894296
-0.0898230851528649	0.0959722766770726
-0.621901948479455	1.20709206011175
-0.342194670418707	0.509640993729055
0.0179426712388333	0.0160413808256059
0.290175716319807	0.436194175645658
-0.279647622990016	0.340685278858445
-0.0105371085874941	0.0102013042046139
0.0776946013602062	0.0677510942589331
-0.591969199293569	0.453958851142532
0.0100691623696777	0.00674542485064012
-0.378449735805743	0.438516442438696
-0.334091238306827	0.28887008804013
0.50703105121616	0.411744877487858
0.398565176271775	0.490706842486301
0.544999462334905	0.847002715529527
0.595938778912447	1.13045617142088
0.253919890133969	0.305357757706045
-0.183566274980075	0.138712619327061
-0.486848913368857	0.345144656989008
-0.335571991174216	0.245579105198212
0.508119480621945	0.412834988451336
0.167032691852427	0.0797022101796373
-0.591348522473823	0.453318990214818
0.0839730791945158	0.0315752408154401
0.282840477189331	0.219169457954447
-0.186918260646186	0.113891941310612
0.148885502507475	0.0987834634297449
0.133131550863141	0.10330842243639
-0.308768622407733	0.24796649465637
-0.330334780482762	0.18957009973194
-0.890943485267712	1.47382182607241
-0.387678082472501	0.404302611795431
1.00538813035329	1.20959310797938
0.39601419788727	0.422248483150131
-0.184630497316086	0.139662895897511
-0.214356904317755	0.189047589840525
0.0727481902668256	0.0485225451123443
0.14747160119811	0.156410724962246
-0.0245591394953142	0.0276187372375931
-0.0882976661314103	0.103432399038052
0.146699420715136	0.137908849580039
0.00626427645864485	0.00464812541324261
-0.248011595094842	0.275483475766284
-0.127320088081126	0.16806805289705
-0.122446798966672	0.130457450878281
-0.441505522834167	0.484536664432158
-0.0394252989057496	0.0498111337531513
-0.594241923437239	1.24682632253104
-0.0449804561691774	0.052816049146538
-0.0219158676274449	0.0245814645935301
-0.111747840328479	0.125201901867626
-0.0824129648953282	0.115400529810345
0.244278322098039	0.387532840355875
0.399358637279794	0.700612207164695
-0.00446741073468895	0.00522491594423612
-0.0332550762026825	0.0389836680782104
-0.22695249087221	0.32500953984206
0.192279426002578	0.239132371537475
-0.0412025640906585	0.0502292752009151
-0.00154354044302268	0.00157454005723239
-0.03284767493457	0.0368478441568117
-0.0370030124583091	0.0377162965628659
-0.0659366364895823	0.0773916709091256
-0.44778858829915	0.811812527645723
-0.213706536357535	0.272200079245388
-0.0456111273558126	0.0512433192217526
-0.559609424289762	0.927560144593135
-0.442218058591136	0.586231663429707
-0.200890751015228	0.223628622817492
0.307084938847511	0.401047120336102
-0.158899267607248	0.168508454126019
0.357883136459066	0.526619890681891
-0.260913860602515	0.360118766290118
0.399013156194774	0.579751570153658
0.0153874374490137	0.0146107375302326
0.251736714367822	0.360089651171531
0.278835211128001	0.386498898852795
0.191781300390418	0.238412048465949
0.359757659101653	0.530160916485001
-0.134819568591843	0.164940599243441
0.17428874576876	0.247554426133601
0.555618555214949	1.02899949433873
-0.237276801916703	0.351287424105485
-0.0444626259536379	0.0653628851582575
0.172271761911951	0.198693630552838
0.0153145711268325	0.0145398300269075
-0.0756528658571408	0.0886026054019001
-0.0566369831965792	0.0635671707204029
-0.272856435078268	0.347668606686479
0.613502358852984	1.10643448285597
-0.0885390341726059	0.120467501147177
-0.116240530028987	0.117279865922899
0.156336601868234	0.208544592213712
0.0125155218627251	0.0125308398022947
-0.0818103304145244	0.0829853014844206
0.13829667291217	0.172827431950361
-0.280026250427611	0.386852387950516
0.0171622910711168	0.0192758166534594
-0.478352434993342	0.920103409383506
0.151255401089666	0.197658058723282
0.892285476589484	2.32348604925258
-0.0575080249806445	0.0645943306144537
0.00789208440315995	0.00865112844787672
-0.33199655039255	0.44105321322033
-0.131387728575279	0.154001123862171
-0.06067752225155	0.0649481144564742
-0.298507637322018	0.411898949156014
0.0902335407894576	0.0970557349670479
-0.0246123437576368	0.025135572479222
0.356355187085677	0.503035744466775
0.297138639010732	0.360099342286768
-0.0808447943317215	0.0818831514801035
-0.319863896577489	0.407612651755529
0.00390272737707378	0.0035820103043742
-0.180863476722497	0.211562107538571
-0.841838404652127	1.20013455032928
0.0458244467174016	0.0437638705845962
0.0802981877188996	0.077228351861124
-0.452195022931822	0.522395542466456
-0.24866933924363	0.27631651093194
-0.0127442900863032	0.0108872898479445
-0.0430896742638472	0.0390157897544616
0.0113311708398346	0.0119078481612716
-0.85836699176501	1.5192246407164
-0.408586532290436	0.799437009792492
-0.486565325915194	1.13276918632596
0.0717337623715714	0.0840497669917537
-0.42372609978368	0.677634678902596
0.0264796944308667	0.0304653142546718
-0.166143617844334	0.211775244752409
0.164262745276167	0.184368937290431
-0.0960313105666039	0.107598245045613
-0.0244792590471755	0.0508536905853417
-0.0039524414147793	0.00735706354762918
-0.0702293527274476	0.135455292995461
-0.247892607940611	0.609546772450658
0.262737679910737	0.626988469226155
-0.0799924070165242	0.19447194505546
0.275236157887283	0.984416242461603
-0.128663521856335	0.338482208699875
-0.0785300541510532	0.180798867721578
-0.0397828861817869	0.0773641647871893
-0.355407187545465	1.12550850784116
-0.0601132083042762	0.117211851689837
-0.103719734294372	0.215239114821971
0.365208005565361	0.977324609184273
-0.371531646085192	1.0854263586378
-0.130532035593751	0.264921887953012
-0.322840847305181	0.872828396677468
-0.0661536467332324	0.118033109249809
0.266255546013341	0.71746728622255
-0.122405984086653	0.256187274232622
-0.115779581028544	0.24100273217303
0.0366058280094935	0.0670882550814025
-0.0115727965429005	0.0196714253500819
0.419703791945274	1.1403475531562
0.165685097056075	0.348921487121546
0.18373005357584	0.418303119214194
0.0892603083527516	0.172966274509352
0.230829926755245	0.572652706029704
-0.377264080311781	1.05308912644781
0.129949430673328	0.333375931424284
-0.114882007472345	0.226507927632792
0.114420427997477	0.228840929010081
0.197481278265505	0.454790222168855
-0.0131165695597642	0.020970006904557
0.0575377518747518	0.108006483780146
-0.168178084428917	0.398442138114093
0.127547083480579	0.287248458881651
-0.233909569282376	0.58169640828102
-0.185313938461559	0.422402373399635
0.063950783727715	0.122841377500524
-0.0631686485165283	0.119273463358801
-0.113416646229248	0.236603029250069
0.0623191210219345	0.118653205612435
0.0409255135447421	0.0724029553023966
0.0664716203455261	0.138052261927763
0.272997478318128	0.820778756064062
0.0391316005343028	0.0765590456187729
-0.399226044701621	0.973991555040737
0.101943878477273	0.21367200019911
0.262554869406649	0.87621785748271
-0.135131879155841	0.304571196410487
0.142833700341654	0.351043154871901
0.261074343109856	0.673135814223883
-0.0848832185349851	0.187625268064937
-0.557809856264913	2.21785028879352
0.125030622502331	0.277109849906397
-0.133133685553482	0.284436975115711
0.000745620364978001	0.00122479870679708
-0.191165020234555	0.465905673705239
-0.166244599045279	0.335753737702621
0.0656852551868009	0.116877357883598
0.235219853101317	0.634087356768269
0.549820321584751	2.09964798473497
-0.267471704463392	0.686125921185597
0.183468666581201	0.395879676205963
0.195922980351825	0.379260345908939
-0.00760087806645329	0.0121095826779783
-0.172389102179855	0.299140520465888
-0.210874735685675	0.450812004486636
0.505656455012189	1.63601248296545
-0.0739631012737216	0.109557780136889
-0.594055647480682	1.55278862192654
-0.222627126371591	0.449768367388594
-0.299881574556654	0.725668628456101
0.0641499821882029	0.117065645658805
-0.362853020272444	0.945252539670886
-0.147568752407273	0.350091114524631
-0.0913802201319825	0.181368165888896
-0.637355976916244	2.07110015778391
-0.330655083812843	1.23197403882101
-0.112709758948453	0.295145559943927
-0.0484232197542754	0.108073180618262
0.0763877295630225	0.164057390677291
-0.0887265892983905	0.20400883290829
0.23075672020743	0.638283677951832
0.0629105665596896	0.142962890180574
-0.304937565573215	0.95519361546263
0.18513215401736	0.529275772717204
-0.241001500482594	0.734812363357191
0.218400214952125	0.533039809164223
-0.229301284919345	0.531067826051398
-0.0986625552511546	0.200033872370624
0.0754616808028286	0.127037798231354
0.18362021480636	0.376998446508503
-0.3366807296333	0.930394078183038
-0.181742744386692	0.391071530579934
-0.0800908247757974	0.141035136319934
-0.103001355456258	0.190785152666322
0.476532872341619	1.41999609227783
0.131536753568063	0.271815836990268
-0.112131805170122	0.252365289920306
0.155654531276265	0.370814815829383
-0.0189312087973569	0.0310347979626925
0.460947158095638	1.30136976301309
0.0578921692803215	0.0918816368302745
0.0194206439105908	0.0281799764771464
-0.128165186449836	0.254844267133334
0.100570879517186	0.196991294931234
-0.0758149844215484	0.130291790286259
0.246835155008365	0.675866440985519
0.102846848943287	0.215888143766845
-0.226886016827341	0.580993712176853
-0.16970772814181	0.388431666656349
0.0453345141843138	0.0791942896675025
-0.234014123655099	0.56183932536576
-0.246791713615317	0.686519911815365
0.00830586987439403	0.0160317852751224
-0.199250264916047	0.550517939901977
0.107574735605812	0.259086765534874
0.342412107942078	1.05875151019563
0.266582661710614	0.784086333265272
0.167924346200439	0.407656545996039
0.228080575246834	0.588648198180105
0.142732229923302	0.329346766749288
0.105198685305169	0.235012611924002
0.259561619472909	0.761438441110716
-0.155300586826806	0.381380106794658
-0.126255647924622	0.246050298332179
0.0998499455895985	0.21363266161454
0.409283970805898	1.56914788106773
-0.230743818660595	0.642092030079288
-0.130699436566112	0.342055178773886
0.0668205429845223	0.126546758060629
0.131015596540002	0.28006991252184
-0.339392060206016	1.21241923453507
0.114424415290993	0.258182553247838
0.250520461636011	0.60382761503806
-0.0241072068667042	0.0477713570827206
0.154741722892372	0.352157722774815
-0.0210150198423693	0.0404055970706384
0.223123571468611	0.625140574440147
-0.399428818119256	1.37082956441249
0.438626816873525	1.26227699612181
0.140739314161814	0.301144345211688
-0.143082971090909	0.269718167868052
-0.301486887698454	0.59370467459528
-0.313327730458248	0.791123878480972
-0.0540691172301904	0.0816386036605308
-0.352317442540942	0.768665100250022
-0.025041010831275	0.0366093869613335
-0.000659671394770035	0.000952433211046338
-0.344191373847235	0.73165287885694
-0.266106046080431	0.555435662347361
-0.118119145885907	0.220904813287342
-0.276645965366305	0.665812005667514
-0.0749322587949135	0.149734603490569
-0.389182458375625	1.19340360720505
0.0749347621317216	0.166856524920546
-0.0175971607830698	0.0306411434235761
-0.554109916331439	2.04650440239158
-0.199041007059278	0.531872152439966
-0.479748811884068	1.86414274732286
0.0565970120623464	0.091982717720754
0.0413259680600282	0.0697804631569816
0.141050094679744	0.255054237189563
0.308668223078459	0.640109665225188
0.142018939210229	0.271199206706196
-0.190003899970182	0.39586395977954
-0.0918776750611641	0.162560135017315
-0.163654646216426	0.297059377445976
0.310418666820901	0.659709299769076
0.142037668560552	0.195240137177754
-0.260275284283337	0.358942859910175
-0.352913740511143	0.582065524338086
-0.556648764211862	0.861109272479025
-0.376771213448457	0.541396154501776
0.0336133868126858	0.031105376884651
0.0066874185628435	0.00762369171531771
0.0120474037206704	0.0120607187501446
0.087217557668607	0.107007790041207
0.139824956688589	0.160096471502697
-0.646303486616807	1.36250724705828
-0.113722723811227	0.179741021377904
0.152117627455016	0.259950186003111
0.183517641567256	0.2706999534542
-0.156066533602841	0.21435712882313
0.301333937008397	0.374868389238005
-0.180104920340049	0.210491003268536
-0.083333190238473	0.0935370016615935
0.573993783203032	1.17661561725637
0.0545167105206715	0.0608325050292954
0.369180236520036	0.6835798794385
0.12070098464052	0.16458096059381
-0.0791324086828465	0.114201967103906
0.202417662907207	0.295341543730358
-0.113911355212811	0.133142314851465
-0.232604158574087	0.366891554764868
-0.105732877706652	0.153434782637122
0.166580405525189	0.334506688857098
-0.0188494011482695	0.0295898418058938
0.26607456579962	0.65870684705918
-0.251939112164271	0.545646053648011
0.151232329788084	0.271727321979521
-0.249805297512182	0.551759369920398
0.143697433413665	0.224848003547407
-0.642493532488297	1.88927645317798
0.470345080138483	1.19920103822736
-0.0472395817347873	0.0731676450273417
0.185675673305778	0.365200653269078
-0.108581410637238	0.148136311858275
-0.0805308122207039	0.147665920366233
-0.0670829750179059	0.112479138033464
0.286263667366295	0.652412177033788
0.0396090834705303	0.0535081632315342
-0.033586018054878	0.0377049550952954
-0.422649303582797	0.743248943721583
0.0223985564967626	0.0308425833586464
0.21909627494252	0.34412606416198
-0.247587970912288	0.328747608632903
0.0609409552032407	0.0909864220933857
-0.11946195156197	0.218154303545767
0.0911452070778259	0.15008394282952
-0.390191622592772	1.00632742601486
0.114685043721277	0.153299143098839
0.013485244833771	0.0135092852669461
-0.567539076239202	1.06764215931309
-0.360297520859926	0.574529756532789
0.105322420731924	0.0985788706474819
0.607997675414848	1.11648119983447
-0.158477563495275	0.159410982119327
-0.213083508655918	0.282858421155836
-0.0132154894429489	0.0128081638998297
-0.0810143722133722	0.0907136595335439
-0.265505268097219	0.445466939514134
-0.402785990399088	0.707061844531731
-0.19511312390239	0.287569646291268
-0.535539589261344	1.22706089000884
-0.275583553094988	0.553172018864728
-0.281484530447281	0.653862498224176
-0.104570761118	0.164718507251932
-0.0601715814854283	0.0733501973272685
-0.115070612661861	0.196627776606343
-0.154654066618185	0.285715918406256
-0.343072953868486	0.474280228823613
-0.195540015367962	0.29764541787271
-0.577024228653527	1.53534707781298
-0.276503058962646	0.501981842977742
-0.128050376673457	0.14342997672321
-0.781114732297648	0.688420040332203
-0.183177552740213	0.162457049701791
-0.37227217359761	0.473448175304439
0.396906098025169	0.500421408668822
0.0047929622441909	0.00386004763844432
0.288186119996904	0.330734368965813
0.170002281321753	0.171027785905494
0.0479586624999263	0.0387608790330992
0.219519553284914	0.125945833582448
-0.0188813774915431	0.00866679419428534
-0.776135871246149	0.386118775966781
1.15053684505249	0.735343389825041
0.692700737246745	0.332549356313388
0.832002387976336	0.70419429283057
0.595055747582624	0.347818338968019
1.72127708662329	1.27353652483635
0.0062310269186943	0.00200636502427652
0.101851998239718	0.0595741865279368
0.966435863705142	1.19994581850723
3.64500645428316	3.67115592595054
0.148951314292315	0.0988537894902282
0.380418946163049	0.192101283872113
1.23206396857156	1.12505704118428
0.54993378412155	0.376583821001256
0.518302699911504	0.400371839860981
-0.142836643687587	0.0993484770620998
-0.187684770912977	0.128983751372794
-0.308162700811487	0.247361925010599
0.0719893612419267	0.0390618295985308
0.592256055255445	0.571985261401741
0.392855065311226	0.377325421252427
-0.0452336087688745	0.0410374795444431
-0.742144395083483	1.23090022761349
-0.0711276085225422	0.0505977219619038
0.474746398281934	0.492006696066932
-0.182125426545518	0.161414818580212
-0.654135918312767	0.706091078299671
-0.909586880704027	1.13108226651271
0.027635307076314	0.0214103740720833
0.465039429930951	0.530549581607085
-0.0440303232812918	0.0399033247138078
0.311603686540912	0.287074726793904
-0.359908575260964	0.437632199170623
0.461035399331842	0.557098369021146
0.175131469570369	0.154163069275397
0.283192527417935	0.219492737027817
-0.700103214789267	0.525724093585696
0.379663915086749	0.191620495355835
0.250652517597437	0.165365564762852
0.594471905520907	0.347429554045934
1.01821732773574	0.896715927753415
-1.3528465119127	1.79462039364293
0.093874969512623	0.0760436401248611
-0.180070296053507	0.180434859756298
0.0337958176179163	0.0238362616949105
-0.0185568973382204	0.00852101377830011
-0.330216847495123	0.189563353167821
-0.48608015330698	0.344446413676395
0.532945599598729	0.389358984027484
-2.07575749866003	1.67074877559403
0.379888087503735	0.191776061056391
-0.301056826050713	0.114043873194428
-0.329409651753692	0.188988434748855
-0.436567082969449	0.24113081715485
-0.586216518588098	0.405258253811307
-0.587033724198061	0.406040554766397
-0.80630014939519	0.653003751834115
1.03108598734122	1.67585227650135
0.462393160664453	0.543073340755812
0.0060033108793901	0.00482905823265343
-0.835871854886218	0.838144764175359
-0.335708874532977	0.245739676699477
0.169000229734865	0.118573837534952
-0.239619117824458	0.162368226199913
-0.261194309763646	0.211613082868056
-0.587224671595168	0.406295701025261
-0.249076542809529	0.14766120173444
-0.0714778595296024	0.0508351246091123
-0.28294304959337	0.297377958613688
0.010590569306827	0.00709114829783711
-0.210735884304126	0.198835145806105
0.261936574546437	0.183136132676485
0.0449245593432894	0.028283646689031
0.236614187981941	0.262109088402031
-0.434038001593282	0.647029787315606
0.115830406972262	0.134696327526061
0.0789044441830456	0.0824013546044927
0.254670199452528	0.306452002483707
-0.0908208062005651	0.0868538803304116
0.452361976497085	0.605036689063412
0.01530809259892	0.0145324637450104
-0.145164666644864	0.169744052219001
-0.262212361493229	0.36226116588142
-0.345074552447827	0.439345708778031
-0.641385358947154	0.808498704043619
-0.0758284877962439	0.0811689658303869
0.178886454987495	0.185551637220712
0.0460612078472452	0.0440076613528148
-1.21894337657635	1.78082510565672
0.58038244910569	0.582245333763651
-0.0633211170304949	0.0350452901670419
-0.104347537482704	0.0734201932337505
-1.23981756104493	1.35659943997831
-0.587080955764592	0.40618193287197
0.394855897772454	0.393497126579233
0.470277367292327	0.503628931231047
0.196718258255421	0.186302256560786
-0.141650463395677	0.150783842639626
-0.513077639809664	0.43256927260173
0.196562535872001	0.103456755441209
-1.85247753263924	1.78947970327623
-0.371905986375631	0.366029146926945
0.0326970353489839	0.0162653491666099
-0.591969199293569	0.453958851142532
0.391975467353213	0.157115616540444
-0.33064991164873	0.18981823898626
-0.363793458131553	0.289505013153202
0.0235627173547204	0.0197207312140944
-0.264617673650482	0.308186682368255
-0.158899267607248	0.168508454126019
-0.413632013150756	0.478577751098572
-0.15065282619593	0.124858257802163
-0.0124431187057481	0.0113512795460346
-0.127712340768838	0.114158301247652
-0.233959794331185	0.233700828237046
-0.451017723720985	0.520776330389189
-0.284638112997783	0.299506072469933
-0.160233576462166	0.170130145088193
0.771298258773638	0.865086429302034
-0.0252098777154321	0.0257571037941394
-0.0502176576439614	0.0612050121069134
-0.0432649546335271	0.0583113823277569
0.16408432034722	0.328219551405532
-0.125672139977053	0.209611863210011
0.261067581310395	0.616418166822962
-0.406290646570869	0.972139109996156
-0.210637362786155	0.368197501798558
-0.426860235226402	1.06706354237936
-0.155303268562618	0.262120538110286
-0.0201916372273949	0.0317573444302665
-0.208786463296199	0.393365900746474
0.572964303527243	1.35094711812857
0.112700749982247	0.199883711212803
-0.148775154191946	0.230551959386188
-0.020009538606901	0.025985828987734
-0.394778116324246	0.610287979588454
-0.400873408906366	0.440928435054212
0.475471287799033	0.492905300920806
-0.126773285189465	0.141851340582222
-0.843002314475279	1.20254072906026
-0.214083493410065	0.188799339696225
-0.762199193960883	1.61177646117255
0.0515823571493646	0.0635423879831057
0.501707710895022	1.20097297307845
-0.274971219910522	0.475017364964744
0.14873813303648	0.157938161686117
0.00634222970293643	0.00470570081174014
0.00312947780477797	0.00270612454214114
-0.219965021079614	0.17971683741465
-0.27794241903371	0.20595264310102
-0.372551676817542	0.366800044007609
-0.485823942788835	0.344179114842199
-0.0593893459607807	0.0465034409555833
-0.34405554132283	0.475926746734046
0.184140408532864	0.315888996553039
0.249749782227209	0.498069683817966
0.253178632525413	0.523337120552617
0.00915998033779439	0.0117820769330852
0.0117320628964316	0.0141536000770936
-0.107399966405308	0.160229932258027
0.0641793258107885	0.0779956073429376
-0.220743769138756	0.347862963859172
-0.300174963176635	0.491763066453245
-0.351964391843303	0.579883571756878
-0.0515312422944809	0.0629010206125341
-0.227291006221303	0.313469301810489
-0.549928049510778	0.727130019660043
-0.163175313037617	0.190971563589269
0.235564870621951	0.260671465040132
-0.0822719862168672	0.108024281810217
-0.0761183329984437	0.130873156769556
-0.11340235880005	0.276389240075717
0.14962547114233	0.499680278503817
0.163954815342266	0.484490005322494
0.163789167143881	0.549742998744777
-0.117786881144362	0.328696055512474
-0.108095686338841	0.282334612041982
0.080197307175717	0.204689161044403
-0.196930395787316	0.603818879062651
0.0309129734255103	0.0749217497933234
-0.0403164052382331	0.0941100329611782
0.0527604171504037	0.0926337881728136
0.183842143922413	0.564853880089922
-0.243123863563788	0.646232681048976
0.247048880016239	0.676679826503414
-0.0126519088129404	0.0174328829710506
0.214391763557807	0.255711586754097
0.0899103793322292	0.0966765154107478
0.0508467280135071	0.0681325329025243
0.253100960056309	0.30414028230812
-0.389665786500736	0.472900896359237
0.218489383163197	0.375343439279177
-0.0791174908062859	0.13323243656441
0.0357155261761702	0.0622374210654168
-0.0122191209916962	0.0215436669734275
0.0109119748810979	0.0114658205195905
-0.289790454711733	0.337072387011988
-0.394637612012577	0.610022788395967
-0.0119697840691855	0.0109229768710941
-0.183435054105646	0.151043317821617
-0.0317992556737453	0.0270700033435354
-0.80630014939519	0.653003751834115
-0.160301367234162	0.170225964257877
-0.269446075208657	0.439333299910651
-0.0633015680985003	0.0910448980310812
-0.126872742412103	0.330844745039426
-0.0380107656448442	0.0846527687719637
0.201371518752506	0.588088110455914
0.303766907545497	0.920829508507411
-0.211895243253932	0.46272032984878
0.102276893968218	0.241739626886776
0.249075273204542	0.594384377866305
0.0891546208426481	0.199908692295723
0.00570008225187365	0.00938163497068511
-0.0460352438269868	0.0829097463483531
-0.00505496655289511	0.00805567306992193
-0.258659066456658	0.629025675123961
-0.290539233823024	0.461148156954927
-0.239729573850213	0.225042956715304
-0.0914801483296555	0.144039174393925
0.526381823034693	0.658220937106994
-0.167584902286953	0.222104075256868
0.175945526943462	0.312578807027366
-0.143495934358047	0.339813604888077
-0.0583321645445922	0.155609780105712
-0.0318116900909026	0.0695567949462493
0.148585364273922	0.469456459748564
-0.141435354887475	0.416372027890088
0.0405283977175508	0.0935431654374099
0.0637782283312943	0.155667570806462
0.0810194996195589	0.190695840041128
-0.0601379251999411	0.150837584010557
-0.192870259694972	0.583664095099484
0.138542481247868	0.272246495865989
-0.327370829109671	1.11421077734929
-0.133803193581798	0.28191028181177
-0.191018900548371	0.458252013185209
-0.0424208869529484	0.0571103956341533
-0.233118757345987	0.232686846195487
0.0707079182392535	0.0718900816377274
0.0112877585690213	0.0140902378702553
0.207762661167909	0.241305473807361
0.0336133868126858	0.031105376884651
-0.168041723387605	0.238525149735013
0.0299733087608316	0.048657606476141
-0.0559693621939891	0.106904922495643
0.332858162581322	0.898690768028017
-0.198249831206227	0.231319934690776
-0.282673582348832	0.297017289920053
0.108352722170618	0.122934932669251
-0.377865912117166	0.437615940782479
-0.781318571835237	0.688659654877029
0.148831231606203	0.120743090612233
0.831227953612025	0.703144375051528
-1.05773644334455	1.36701984094454
-0.282874815170034	0.297170328659057
-0.645278606745051	0.775446657072228
-0.248969514688796	0.427993786697188
-0.139112116001256	0.147729680210278
0.0271251816796424	0.0352989856723907
-0.492212910866974	0.895944038703952
-0.25351420445344	0.686537681005149
-0.244519799857741	0.337653207105113
0.239992073561791	0.416336317634911
-0.044099193200511	0.0926642686664108
0.100964976193555	0.24138658970807
-0.225373175414807	0.679015043394966
0.104171818480524	0.193439312345288
0.156598261601374	0.271947133033101
-0.0124900981061179	0.0199498953673025
-0.108608663050416	0.218085005704039
-0.169505840620339	0.408309626609269
-0.53038078732684	1.69106748616116
-0.0330164696393876	0.0556488474618616
-0.40957274250203	1.05833550653468
-0.301599435591808	0.494724172881993
0.169261551315046	0.170194767783208
-0.368159081716945	0.733913050305062
0.101773978768804	0.201029783175126
-0.0993432849943824	0.225239152512741
-0.134729205544829	0.457408876137313
-0.327986834647894	1.1719698630242
-0.00549167425831571	0.0125760487241511
0.211464630784328	0.717060563647863
-0.0854937423992906	0.224295603552797
0.123989766756493	0.366036681690512
-0.332270724311629	1.27927765338158
0.00225218017822477	0.00493506130232835
-0.0820423470528465	0.196253172167157
0.276882406363185	0.666008266994814
0.174359140885093	0.47799967689117
0.313395237986427	0.915864051043135
0.000543810102653802	0.000947965446109044
-0.414202359074276	1.0921810735569
-0.272996669802896	0.302541421058826
0.167181968471439	0.210968548640056
-0.225125691111356	0.445926685554515
-0.067476582380262	0.0792945459590083
-0.371883074749432	0.472891414700398
-0.580418429658179	1.66645356135482
-0.334968121960262	0.951982551778377
-0.0844104292523567	0.172931428454375
-0.114759729061854	0.259554847144643
-0.469773134261355	0.853815689963617
-0.697540425065261	0.877727066720422
0.0301609875271009	0.0333506375258162
-0.26397738005574	0.307131037527392
1.22094982982024	1.61451483625957
-0.543471014734638	0.65645951522171
0.249690431737213	0.164650987016955
-0.0814374197320313	0.0825768257291969
-0.527134818143997	0.844077570069731
0.729277502517423	1.03133829270573
0.0545638992037368	0.0830925058377016
0.09054697272951	0.125647391397084
0.0421462593879545	0.0506957697670438
-0.00297126165341736	0.00318980708234035
-0.203141678928438	0.449766224803002
-0.358411581065971	0.72939570541438
-0.14519124364543	0.376499328115676
-0.292762515037155	0.420151320033948
-0.00480848944134173	0.00660483304001151
0.0145277577443274	0.0311600739647914
0.208548232261252	0.607066382758945
-0.0429705553725582	0.0867186687491402
0.301826983247526	0.786850046397012
0.37958298857979	0.862579541049616
-0.281169451928077	0.838440240192508
-0.0846204508443376	0.158717306116955
-0.1608026732644	0.391362642540084
-0.46337858045639	1.43471418655253
0.0139250340802374	0.0215651973034017
-0.355997789596756	0.793090696553401
-0.194295207268137	0.276519018638963
0.0159944565768085	0.0304032977467362
-0.228858410965853	0.422509405153163
-0.751405353091847	1.20349353329903
-0.40508649688509	0.292529750547705
0.26867750863113	0.423088365068754
0.00939518606735582	0.0153733702503605
0.140259288270358	0.37637843479724
-0.138583167018961	0.406906791033755
-0.0760401000326976	0.209440266712583
-0.336304170352587	1.46025795007334
0.245665646886579	0.888615450657798
0.22069402819349	0.687135938182611
-0.0913764277841111	0.213351180598874
-0.0132872710675892	0.0277850794603031
-0.514946964982284	2.26184213870236
0.00872128477577696	0.0188164855345899
-0.218767299909525	0.725214023733415
-0.106279278556198	0.197860028738539
0.0712286092486692	0.17218566643666
-0.243660111787158	0.703768932959714
-0.216325591794196	0.6549211724541
0.342708325676966	1.09681330623276
-0.594520736417482	1.40132124408992
0.360535351221767	0.851925629653397
-0.25451328729644	0.638673543231982
0.0104761337944439	0.0160134668097386
-0.0041386693374092	0.00501865015687159
0.324916568250274	0.955472749419232
-0.0677039897204434	0.145614407132839
0.125262008581696	0.346001033108981
-0.0408382255082275	0.0884931446519291
-0.353588180462371	0.785094342065384
0.195272629992711	0.30351801059712
-0.396348729268723	1.05920245452203
0.181847002293932	0.311017261137856
-0.0889837219536002	0.0949756583487206
0.275659252174567	0.456616021906713
-0.0821798090009731	0.0833231356647173
-0.129540455580465	0.151545175667983
-0.19596758350355	0.269723884782702
0.0345907099784055	0.0407147598273112
-0.299707610883082	0.562064575845028
-0.232313982801646	0.366319037662306
-0.0504403496015326	0.0679927261851074
0.275177332598658	0.519694057099196
-0.104275478876467	0.209093103840716
0.0901571230692759	0.148249196625176
0.0602358368957391	0.0898509110944808
0.0328105496095709	0.0480798527327527
-0.0319432159499971	0.0389152347490949
-0.13167563452625	0.252411893701317
-0.197504027205368	0.387507526135903
-0.452400112997775	1.46122543459496
0.0359824908288632	0.0794643147343032
-0.12345532908422	0.220670958116852
0.00985993349477227	0.0147105076041606
-0.0775694889892076	0.182856792525437
0.157348861485355	0.488786591233586
-0.0871134412246919	0.199600466787882
0.0488934276062032	0.0887840162704873
-0.355390676831374	1.00146439498946
0.13886985712341	0.326237372872807
-0.168738276666519	0.38216415342024
-0.0600075604445637	0.122505574184891
-0.289002996519921	0.783131629328514
-0.0474094145724867	0.083898446598693
-0.0980569533985286	0.188695300416732
-0.168004716112391	0.443991700201515
-0.154697299754167	0.346841303632156
-0.00530424757871168	0.00708069975014806
-0.137320716802486	0.37148615177042
0.0537790044084612	0.11457231747473
-0.0321528718994351	0.0614622223591057
-0.170247074438451	0.371577295130168
-0.235961934031908	0.348734300400704
-0.218243228948242	0.254367859920779
-0.254261513446887	0.267832916475948
0.0459869799408755	0.0439355214942129
-0.487133554880736	0.85982829352085
0.0675820266707669	0.149113636333575
-0.0011913545199352	0.00247871275209626
0.0344710575537107	0.075032304767273
-0.302360453259592	1.045144007974
-0.369289904430966	1.12985147329255
-0.0383907002853539	0.066276038282264
0.234397337711733	0.46977607805879
0.069879519923266	0.118654142137292
0.201395657212925	0.480009244683664
0.0805710237865702	0.13779511290764
-0.255168028239455	0.640946977340914
0.110280775955818	0.231345759414821
0.308783564796257	0.851500768937981
-0.230177743277698	0.47613799357561
0.0431069795352365	0.0822675348599432
-0.151205956179138	0.370535438231798
0.373109871237351	1.36230161412312
0.12789181006638	0.35770536157295
-0.253129737772388	0.769796448893408
0.0431380539051679	0.0900349012791126
-0.00534734666537187	0.0107650952782629
0.226347762364529	0.737265325558548
0.0259350889081887	0.0509601174017046
0.24171892178235	0.751366427875573
-0.00441380516098402	0.00798740221269449
-0.00115710837320523	0.00208997352848725
-0.0872498968817323	0.182089034828779
0.128050366132697	0.327335041031328
0.0419108882378102	0.0872574386966908
-0.131736137420861	0.325198329099032
-0.262288687767652	0.74475567742592
-0.32024583540982	0.931407640096267
0.0269983224949301	0.0497856765983325
0.0682576801124196	0.11926983656476
-0.0738945132067993	0.140619557930992
-0.0206773126411987	0.0346821602543971
-0.341954785587027	1.04950888176136
-0.0692895424645356	0.128919646102258
0.223626925351636	0.529219431708424
0.106519964291351	0.192156163541813
0.0441758548270778	0.0775118867546467
-0.0799952382767916	0.146537471153082
0.0128169367566842	0.0216286259143461
-0.437527054849559	1.3831531617125
-0.500527382557419	1.61247154242356
-0.335073756849431	0.952446868415217
-0.439385941172381	1.37529699665909
-0.169024502542948	0.477316905638471
-0.116199555308905	0.277533661974817
-0.102972495320692	0.190729409271497
0.213498288359524	0.506292711695657
0.041559950666841	0.0665940789805963
-0.20837225931763	0.536283603458547
0.293778732584098	0.896564895588097
-0.557183091712611	2.21311609440212
-0.0970084820556141	0.190421314196974
-0.0993913314101886	0.208670638861182
-0.250435028058684	0.606754220323275
-0.223637930385169	0.587722386870527
0.173590090001208	0.427946593855462
0.0670759544378821	0.101965600359907
-0.189419694076709	0.416928940110286
-0.169939085829211	0.415490456454058
0.0997674163822993	0.207085701649508
0.119129877359558	0.22597120257344
0.322814533904685	0.911953061145522
-0.295221561381482	0.763450435329771
0.0687082758184866	0.161698674595098
0.509549490538307	2.20192334239498
-0.103089772352221	0.213688958418296
0.143308715811487	0.334862835879555
0.164041394571518	0.344518291714211
0.289646265178445	0.596173732038214
0.323426585006125	0.640039210073376
0.481630604570425	1.10644490100227
0.0677220594960337	0.0915394943685064
0.0894573392538467	0.146944238406151
-0.00748774469141708	0.0119257406707616
0.0855679577616649	0.138548618041276
-0.267331975277546	0.486156680438615
-0.286216209257406	0.468738605310646
-0.344515488546382	0.69906331191227
0.21711916024329	0.559401214712251
0.293213864848739	0.706110907520636
0.221873328816328	0.735948105345353
-0.0847841685286261	0.235263200988565
-0.366960420588479	1.69289143317345
0.218434279274621	0.665202417947354
0.0544735977345476	0.132141711666981
0.0534100075227013	0.1308746219893
-0.128383947145839	0.300553882844725
0.102392886112313	0.202457741717954
-0.37007919118816	0.91477832930168
0.171648752567181	0.334941853930637
0.201494554719661	0.622179700040419
-0.0349943459019302	0.0768260137349738
-0.214607981522664	0.614574147586564
0.2655343224932	0.898485602781183
-0.0019717375163491	0.00385950146203339
0.160157591214705	0.386737660200201
-0.0370506143824657	0.0723230832011959
-0.102852253330533	0.229860964390113
-0.0757829189226278	0.14679535277786
-0.226476147627385	0.588790143662589
-0.292821364932407	0.877633233257907
0.449994366412045	1.45709468010554
-0.115430295507512	0.245164168086305
-0.110836248128646	0.206436622736605
-0.0272372790472191	0.0466403279246036
-0.215354717197985	0.682335169945247
0.0490995662507531	0.110649148961609
-0.128834296327609	0.193615151209414
0.0627085342969154	0.0871668661442212
0.0231331590078559	0.0275980260142943
0.352862684819575	1.03992862997208
-0.419228238443424	1.18723107185552
-0.262837771219881	0.681468738111947
-0.155552778898978	0.377031131527328
-0.356558309809771	1.61367535245401
0.0472711458974088	0.0998899361006166
-0.100976119328346	0.102362297849524
-0.0943587700526607	0.155730954582153
-0.164892050555593	0.454576543980064
0.103838010490514	0.230190138907038
0.0795255420631186	0.160644845215345
-0.562512332519334	2.0263443319994
-0.214334465747832	0.536690170852484
-0.134898126096398	0.317984699710718
-0.405835546204751	1.48142785066658
-0.198082592986559	0.528602731466309
-0.312029277540924	1.09691867182133
0.178680895989102	0.514715433588206
-0.213858943054339	0.603910413074754
-0.0214514206012899	0.043900886406489
0.208312773040705	0.537121879423652
0.0260402052241102	0.046874273377181
-0.0804239121655865	0.152976972053632
0.248024704894501	0.586261934750362
0.107495413448691	0.202125415300983
0.13085573337211	0.279673870061732
0.272304965451854	0.822818943622858
0.216478318523221	0.49559216628453
0.0272178345085617	0.0512805124388788
0.338405669217054	0.782074095081661
-0.0801059260732045	0.166657752952028
0.192100125551207	0.521985099898853
0.0216047786613182	0.0405086850429134
0.0199212026610262	0.0452796334482902
-0.135916020268531	0.408693270108493
-0.0732514978489336	0.191612534588432
-0.151699859589281	0.440551079819397
-0.176327533642232	0.520639161648556
-0.240018427607645	0.769559951343101
0.0354803024058974	0.0719916905088571
-0.0205297887520684	0.0370524733964914
0.0178381709269236	0.0305371749287409
-0.0932548333123754	0.198281885322781
-0.212516467426873	0.613542568051471
0.0312898336449408	0.0664129314583114
0.0469670836782583	0.0978644123309082
-0.221216608056692	0.637333528847966
-0.0581346831439287	0.116908882752398
-0.421903671738402	1.27337887088424
-0.0358965176849274	0.0641805413283933
-0.10510553385986	0.221713119084914
0.112924678693428	0.24690921386212
-0.290249483928373	0.675956434325874
-0.00943307978190219	0.0168925525942617
-0.0581469905367887	0.101382587904225
-0.139219909200401	0.289335639402976
-0.161345705399479	0.357718850628253
-0.27691686462357	0.666692592037092
-0.210295677322335	0.691690220955583
-0.0578150819130777	0.131872208817259
0.101091981728753	0.17182905320895
-0.0109517912289885	0.0182516154865175
0.321000370662872	0.751778699194018
-0.083427842126715	0.175964358564035
0.0527421159428223	0.104086602829888
-0.24958125411461	0.604007618804152
-0.117381597465611	0.253696701694299
-0.0214345672886861	0.044883988169538
-0.00246999280636615	0.00483753211334015
0.0489938190833505	0.0654999250284223
-0.135077294998624	0.226177975358474
-0.343315985576792	1.14895369788479
-0.320630616189455	0.810438745727688
-0.102802107065883	0.19811526233785
-0.210912672069007	0.459937925792383
-0.245405315563499	0.633549259079945
-0.214692274193276	0.591750404121171
-0.281339388987243	0.689701382411746
-0.167006757705241	0.383192708712165
0.429080915718977	0.871061135200326
0.366291512537868	1.03460554297799
0.082476080612041	0.17719528446784
0.00444266387543851	0.00901475883368355
-0.183928734752949	0.664378422307473
0.0992097457455521	0.2364201070247
0.335769666676332	1.43203166578601
-0.0793907368294393	0.185465437696684
-0.0386451807237501	0.0787565514586719
0.0380486158316617	0.0825640806526136
-0.225678284027956	0.67206523979682
0.0169620050182565	0.0372809642003081
-0.0109470248486613	0.0235167363635044
0.0103240114096168	0.0169176285602906
0.04549916647085	0.111535164938301
0.152941856414422	0.394412824030176
-0.000702196817795922	0.00141914266213706
0.0605824658897567	0.117785229993282
-0.340381933989556	0.642695594565127
0.0156693594881534	0.0205351351010301
-0.0320848327093526	0.0583196024362681
0.018032089047378	0.0261060460839427
-0.483052711697849	0.826822186697594
0.161410332971631	0.332642505297238
0.107331664855863	0.243182394619523
0.406222163120958	1.69084808143914
0.294196211314054	1.04287392281474
0.304765198644191	0.607545434054093
0.461442323830667	0.904129171801382
0.168360130982036	0.324146739244595
0.151490059842571	0.198020109447494
0.0184007478269648	0.0164557180070606
-0.265258216789986	0.407303985208503
1.00576500848938	1.21028120293685
-0.273936403627342	0.303798638773007
-0.322219873289633	0.479499733437366
-0.0642392462462244	0.109836193968943
-0.613643055637158	1.57672517646538
-0.471920417993571	1.53250361204956
-0.248073671404201	0.816487493304555
-0.0864549977279877	0.124803938487144
-0.012732187481939	0.0190021718456918
0.0290157696414287	0.0665322415058204
-0.0618942749606715	0.145948021467643
-0.149428955481281	0.373961041540258
0.0427471923683377	0.070763124280022
-0.218027130950342	0.553978613873223
-0.132528676073252	0.23819571010956
0.399790993118679	1.75867398008019
0.192812612692518	0.608465366374097
-0.205589788064642	0.578467124264978
-0.364704397501411	0.402098129428501
-0.519630971242314	0.470603087144187
-0.261320829805423	0.211715643517186
-0.727368866321754	1.03994781693405
-0.536551195637423	0.585386024058808
0.267294542160012	0.420181949628937
0.229699355526978	0.41390204498986
0.109689411257146	0.244087512111741
-0.213197598930252	0.668873370778228
-0.082599173877048	0.23320819051872
0.0322731661470494	0.0767733880805086
0.0796517093247996	0.222822030124453
0.111464727228941	0.311435471299146
-0.172267607273005	0.580532631802251
0.0878017346930154	0.227603310373675
0.0174489988653301	0.0381579165839602
-0.00843859355313232	0.0189234486211818
-0.0368362306275346	0.0847166796794947
0.240949857575178	0.632707477690568
-0.170577974678687	0.51091286907607
0.342716227863359	1.06008521996028
-0.412818652752615	1.57397880015083
-0.0630435369471807	0.1101179145211
-0.0146479949669649	0.0171576267384398
0.372467099314798	0.741373371900791
-0.299141800087705	0.656784267143936
0.194330035312312	0.325329509054769
-0.0888045801051182	0.104085102268897
0.0329447563272614	0.048282232847204
-0.113799305594267	0.237543286632967
0.0579499112062071	0.114132913349492
0.0137721889480788	0.0242560379108774
-0.0625771760328129	0.089961981555084
0.252613753639842	0.361774120214165
0.242373991783967	0.378371555513627
-0.145615779555495	0.170366869408668
-0.0307878822441119	0.0261941476645194
0.226658491655458	0.284411746378925
-0.689945713715169	0.908369706821438
-0.517598826764627	0.742461554666327
-0.252005210862061	0.321143992560612
-0.204497293386151	0.428077609515361
0.00419428738832193	0.00757715977735651
0.146392864403925	0.232332958751651
-0.126172814999969	0.210615078273515
-0.193213018196493	0.514099363292807
-0.875520311545164	2.0039317701877
0.123091449592775	0.209270953025896
0.140486958668264	0.353128284768562
-0.229060650179569	0.706968358381624
0.0889286801027385	0.19626712436501
-0.171434766311085	0.325665048765441
-0.0137974788314268	0.0117896652789727
-0.219327019891583	0.17911937281781
-0.790034087026694	0.892939483398017
-0.557467749911744	0.862897827420308
-0.0310158430534373	0.0263892836277004
0.139015718619223	0.159060297428887
-0.515604636829227	0.940020246118684
-0.436405703641721	1.29976624232676
-0.320555605450833	1.14425852191138
0.00830378471862223	0.0199995305852508
-0.241781671176189	0.901165424795753
0.0253408844506457	0.0607643896199628
0.00382072370980611	0.00863513209476198
0.25415894243161	0.984281505202858
-0.0677757940033653	0.174340791703239
0.00277317721124091	0.0062343838247851
0.204608106170574	0.753311095517581
0.051151428323288	0.12509709754172
0.16780034958755	0.389395343440273
0.201798961710485	0.623226641410331
0.279827781731962	0.833065135881823
0.024702534521452	0.0433311345185051
-0.0500788420947158	0.08338262022802
-0.593645626661516	0.986570321244852
-0.0235622299945841	0.0286936251150102
-0.194417459946803	0.286235006707713
-0.897423940402475	1.94992475992378
-0.0675667888552748	0.068752576378334
-0.0112426558082642	0.0150168117742652
-0.278501640125105	0.584290891324019
0.0403529853081044	0.0713209427070393
0.044126629899807	0.0709911119735171
-0.352211885705497	0.543290800922935
0.306944230703975	0.400840225226856
-0.252894647520248	0.322535412029032
-0.712879660229609	1.10154263374389
-0.442456553982644	0.485915409078274
0.396449338110109	0.449019837847603
-1.63502822584044	2.02894173451121
0.010590569306827	0.00709114829783711
-0.372836286997899	0.367239060622387
-1.33530738713285	1.36599056422715
-0.0647320933054247	0.084968441710105
-0.0403748731454912	0.0559860692625173
-0.413928184150954	1.14958974082599
-0.479275368555567	1.06506868314732
-0.182052758727763	0.276168592361355
0.0287179001862588	0.052234531195918
-0.239599529050253	0.662939675720533
-0.0357949241932825	0.0602523868942538
-0.273586941389569	0.509797341321554
-0.591767221419359	0.642525112773507
-0.085829740750209	0.0374157515734089
-0.0347588315800739	0.027384103683493
-0.486449845698563	0.34468117084081
-1.14720406350602	0.878672515830243
-0.208753546037204	0.297618729823249
-0.115895413991014	0.135787554244709
-0.0828994941216912	0.0746963087704498
0.396331175086592	0.422634537324825
0.358863078936899	0.548898283719663
-0.0204901803090668	0.0257604654285577
0.197666420187537	0.482213645932561
-0.112544674192878	0.326902154385935
-0.113694231320279	0.327949393823748
-0.00952234135790627	0.0224478969119002
0.126599582071769	0.363379102770038
0.140114634333147	0.424179874526263
0.0993631859693801	0.273638896643801
0.0313940583865242	0.0703447559216713
0.120905453441607	0.335877178024684
0.00265190319692455	0.00528262106442049
-0.332903192814801	0.706541014891623
0.265564967346811	0.894198024483779
0.521025375178539	1.73983510174054
-0.256055541316993	0.577489312270763
-0.11726470571285	0.170847907078309
0.278664508748575	0.302050124503944
-0.836560680282085	1.38482536685984
0.0614429888216739	0.0655814929249901
0.230222865319969	0.24779177019126
0.0635424853951859	0.0534180398397667
-0.33345559022529	0.514366936701178
0.703534556810853	1.93439092165868
-0.132937691459591	0.243910006819958
-0.349851897520029	0.76113230755876
0.12759185302269	0.12735906488168
0.93910992481054	1.34502136053979
0.400436836708141	0.557505971306946
-0.457128442816328	0.417223422775436
-0.18691847595152	0.128390331364202
-1.49381915840306	1.69296462673229
-0.271704448369369	0.134133840380632
-0.427799137355557	0.337095800465375
-0.219603198240501	0.179381890674393
0.518643439927256	0.40066579220361
-0.0419103765453278	0.0301253262674334
-0.59243816897969	0.569761494842043
-0.0584496214773656	0.0457440613237841
-0.0793886705479771	0.107897898317907
-0.532878562292205	0.885009932060253
-0.0599833940349633	0.0641168799410454
-0.0838924791027508	0.102573790413529
-0.181249822016688	0.212076378117694
-0.0959036188045878	0.0804676992038906
-0.0718319457317193	0.100141503155621
-0.0717563141871803	0.174494195766712
0.129356746933781	0.325362803067105
-0.147925969332868	0.307534201147993
-0.151756692889671	0.193401658155393
-0.197789405664967	0.252248466418521
-0.582629798397334	0.356017714403008
-0.262762818891687	0.261513067986462
-0.147824899418228	0.112940339154786
-0.587080955764592	0.40618193287197
-1.33578531460317	1.36672124977467
-0.30130788380924	0.114155707724385
-0.31799937758684	0.369682007484608
-0.355667057069946	0.472026776254335
-0.390167178035491	0.47372705980324
0.148767130963855	0.140140252050093
-0.4134860554923	0.478482631356331
-0.308900038336398	0.623682657986572
-0.0153900675092996	0.0257168380070006
-0.331307337756138	1.44391442938588
0.17039336627532	0.564810509213968
0.0280791806058337	0.0720318499269099
-0.0495493558217955	0.121787016988807
-0.338608676397403	1.41360813796801
0.006884809319735	0.0159041105594346
0.338185475221787	1.31075456107471
0.221609106919218	0.770220078203854
0.310474598873325	1.09826534281851
-0.15395526606517	0.278046619146571
0.0212561515827986	0.0441908760240149
-0.0507164020278501	0.0859188438655881
0.33435466421171	0.912112927958552
-0.120150604610449	0.185090924828416
-0.183327473994499	0.162580143277346
0.336421550873856	0.37823030970082
-0.133893896418435	0.163659642652684
0.206425481351486	0.202290328173642
-0.132527664896681	0.126107584049342
-0.648229160241085	1.29452301661151
-0.375841322932482	0.87420568519059
0.142172360973538	0.271611944220049
-0.0393783425838126	0.0637709624128133
-0.160149439746175	0.170050212043822
0.625966172525987	0.745135670947678
0.398254401305124	0.490241417651682
-0.289252947918301	0.251969536651065
-0.0648757239305734	0.0358793843916135
-0.457808385023759	0.418029753020156
-0.373235332324392	0.243065213858136
0.0952540345027552	0.0670266523572803
0.592089654525789	0.571784521427688
0.958993936159051	1.04163894362285
0.641605037662903	0.545597406304739
0.149516216370922	0.12136490360533
-0.146613026639482	0.111895991645741
-0.184199741511823	0.151728259960278
-0.2549829575803	0.496413879741329
-0.126707501713759	0.141763769708414
-0.205293477103726	0.341075286827695
-0.200038404988423	0.233841276560949
-0.104710588164608	0.094033018097235
-0.0983972451110915	0.134086374119531
0.0552278690605163	0.122108248653018
0.0474000414012203	0.109129353402904
-0.302984152798631	0.825076419917925
-0.0471918593443957	0.0595982285842451
-0.119259838858709	0.145594242950566
-1.16549782284227	1.49508641562981
-0.473608673890498	0.626570309499132
0.771985898528333	0.865995573451929
-1.08292936470351	1.06430000246489
0.175131469570369	0.154163069275397
-0.806422934828514	0.653088425806879
-0.13893734325624	0.0396671757223606
0.0713980835731692	0.0836216914512111
-0.152862319525669	0.202111347539095
-0.0630983883596032	0.0570473792957792
-0.15709355783845	0.149181106078427
0.29534242609213	0.46093576789653
-0.316558764823701	0.855353204427376
-0.0483142763138305	0.109893329345471
-0.118900220454695	0.388059718321265
-0.150373038628231	0.473966431591037
0.0412357731759606	0.112300959433937
-0.0498059483955649	0.125063781367939
0.0801697057539725	0.221555665840879
-0.107849358790891	0.304670737064165
-0.0327955777899579	0.0726215834421853
0.21059505888681	0.797904876894291
0.31809704433742	1.27490359569515
0.313294102044183	0.92854931613098
-0.0663956433108158	0.155801512689509
-0.0747146614426097	0.144433195572571
-0.361318839834105	1.1453484195707
-0.786036757292587	2.30180702747674
0.0362245146453718	0.0383790267273472
-0.262975461999078	0.261783565270689
-0.595266387423975	1.31267868744714
0.126397686393535	0.175776425601864
-0.500594112500022	0.605979154538146
-0.33562701005193	0.61843681853576
0.0694764415699656	0.114050952510847
-0.32494610631099	0.935005372602138
0.464071810635774	1.53580969434838
0.310425987126102	0.415181641803492
0.920529653237749	1.9176380609044
-0.52539633860517	0.813330391816856
0.267369204941376	0.272564255611264
0.948637027249268	0.709255445167695
-0.790640128256706	0.893924559482739
0.168635480829116	0.118279718017971
-1.16488681042339	1.35188159335325
0.0286260774177571	0.0221825861340238
-0.333485753176304	0.288193150723929
-0.23326269639102	0.232849380679931
-0.781288469235914	1.11527948224451
-0.229907469629639	0.425067339964005
0.0540000892403019	0.0790903684900016
-0.128680129284125	0.379018312550529
-0.158195303076407	0.453784705360671
0.532316374269759	2.03320714880712
-0.147246742943629	0.21553133294085
-0.486213320741946	0.344541149572927
-0.840614656383268	0.614674390164657
-0.431055508195069	0.448204567876542
-0.159338350023653	0.169061348329436
0.169943333051298	0.170970289113576
-0.826757469296812	1.22735357477408
-0.0848134121439061	0.0658835504528019
-0.0306879184071812	0.0261084265438117
-0.186025449672209	0.113279573615383
-0.186281840354813	0.113460053513999
0.171628294329303	0.221116551818914
-0.077339308850357	0.0980389507530837
-0.240023806538429	0.401176456926615
-0.0229861629662262	0.0258128108496419
-0.115153831297955	0.134799679612579
-0.0301703609487983	0.0380447224592895
-0.115410411627429	0.214952306806048
0.0142840156278531	0.0303198597874292
0.0652663452170354	0.1854561014796
-0.209646241282049	0.865898597543293
0.112244401959041	0.333267317499305
0.202557722868292	0.799802273296331
-0.0256189294861764	0.0616897691868405
-0.0810379679859665	0.224784035398592
0.000290619296378225	0.000662104611653889
0.065694286849276	0.162152835534899
-0.12403356563829	0.394993350372095
-0.0643796264911041	0.167730861501053
0.012790293468923	0.0233494964303705
0.0144830020475337	0.0334843510168186
0.167358556074164	0.457855794054685
0.226437131499666	0.724738365048791
0.0116256976492455	0.0227920384847445
0.186066397144224	0.323471679707274
0.428845205217201	0.919539866693963
-0.0119736272156772	0.0203672112204396
-0.137938220792777	0.242583678514518
-0.351512775825298	0.579089336302781
0.268606965657807	0.66750769228219
0.19176067572089	0.497855432035323
0.0453029251797014	0.100896341941417
0.0514871601866552	0.11569626839256
-0.308023784722383	0.649365330369592
0.0455229831555442	0.0578537720946787
-0.11413878317667	0.194794098138293
0.276760418968115	0.459009699230065
0.353502594094813	0.48739422190771
0.400496779412796	0.631967997602048
0.33322789782489	0.363789008070193
-0.940280685709307	2.04494372097314
-0.412270894015111	1.33555379609341
-0.499009047483819	1.6054996207733
0.081677725362137	0.216070654528194
-0.145040754340908	0.418570115669124
0.305717759422676	1.10699146642009
-0.384248747625356	1.38767407552396
-0.204640218185341	0.462451533833484
-0.489408452229911	1.01768695398112
-0.515207757185508	1.1514450105846
-0.195058287595636	0.287455700115771
-0.0129986532313917	0.0145982512655767
-0.309232027420278	0.522262935156679
-0.466206658629545	0.590195730029318
0.447905653703875	0.627063276883346
0.0890880348466487	0.135001653411045
-0.24151575772065	0.592746102293343
-0.396104987192209	1.23978591873856
0.0732770119829824	0.144746538546853
0.1524108160943	0.287508528097663
-0.243139700034302	0.47126861026261
-0.283689466868704	0.993785224517175
0.194864282347872	0.627398814914586
0.0295403917822718	0.0686126207626073
-0.146853950952707	0.439169197431936
-0.170316041328268	0.491664007779625
-0.15177901416225	0.413499028661644
-0.0492956812502638	0.0983584754104075
-0.207925277692248	0.550299000309636
-0.139418297874827	0.310272816276953
-0.367648632444372	1.35975757718701
-0.183613097478286	0.529173027642444
0.0727417537682636	0.160562595212253
0.11997716108036	0.298156403688474
-0.0357949241932825	0.0602523868942538
-0.0432519370029623	0.0895165136501455
-0.151512377463131	0.465081860516645
0.158832845618026	0.457657024378256
0.182087501122449	0.619376132545218
0.0249507009837903	0.0516999179190325
-0.0381440221140266	0.0765651083357174
0.255352312087612	0.916255468018159
0.243093752633529	0.725749832782787
-0.0696582177206622	0.153593003886482
-0.0677470404382106	0.152846660479038
0.21976220854993	0.683120622562181
-0.245238514782601	0.705903311233941
0.0750848303208768	0.181003763923374
-0.0616053742009794	0.134676198344188
0.0242089857604586	0.046523691861132
-0.209541611403931	0.563633462210055
-0.0582298388043092	0.115142713026834
0.484638045269105	1.58048201530741
-0.0948510822783074	0.198601173000575
0.00585220153855428	0.00880907232792735
-0.0983762212682346	0.166702877780113
0.0765317856935271	0.137447394675838
0.255855239442679	0.741869312269268
0.0287459490186381	0.0580707998605144
0.200167111658376	0.580604079855188
-0.351979052839478	1.03774418415391
-0.175722411230308	0.35718756097714
-0.0873381709397084	0.160907196004493
0.0933612827507892	0.194159106999493
0.0101747084245395	0.0174029499478269
-0.0443949596445942	0.0812730846110274
0.440245951896587	1.49053402560549
0.140827491522117	0.321975933665821
0.0597098182321572	0.104485220249154
-0.30905003712022	0.775783261468176
-0.030252436469517	0.0547932019585955
-0.277669402022708	0.655620463750279
-0.287034820582292	0.870904772231142
-0.0266386354963154	0.0528627236289281
0.172778059587324	0.458098582730758
0.0316397329839321	0.0636963219100435
-0.10299410096311	0.298958363244857
-0.0447861783734307	0.102763166419864
0.0256410395394039	0.0527536204866548
-0.130041060332645	0.296054841253213
0.0888255015862176	0.177674265445017
-0.251752002446993	0.545462143041307
0.0256448235757674	0.0410425756308951
0.109508776093207	0.193234578032539
0.227416567217786	0.479730012934598
0.00940977855873949	0.0143626786556262
0.0209716555571295	0.0371967975859806
-0.129811119345813	0.258714272055778
-0.0807285166062764	0.153646547742106
-0.00964324810231855	0.0136130313286681
-0.242827938808084	0.671033229051322
0.109934381119183	0.281410288898175
-0.0654426032488353	0.140160704455465
0.19982138963653	0.683406117111663
0.00182877640224235	0.00403803250106936
-0.0710546963898423	0.183017746092693
-0.259141769343286	0.908173474240844
-0.21989423023898	0.726810867907051
-0.355409964726999	1.44977416002493
0.0228423497402338	0.04521170957716
-0.238795946139335	0.669429201417985
-0.0114209991660762	0.0201094364708309
0.0186422581211221	0.0292969511904073
0.0759159203816056	0.183346715186835
-0.0223829016680472	0.0483421822651149
0.167696123998917	0.461125968783223
0.203304062592893	0.583611657388573
0.150429578903252	0.392365185068578
-0.145166762760011	0.368275442054104
0.00379373968627376	0.00704153631086164
-0.109876601510591	0.247554291664865
-0.0204613673770075	0.0369192023614428
-0.130169320069374	0.305650345745239
0.0401519715983489	0.0524813432928
0.0462381720258334	0.0792479578231833
-0.101577641989129	0.209951297339293
0.408962781117723	1.50990299128085
-0.298030272064652	0.983876232634627
-0.186099712122857	0.491773733329582
-0.196961656858672	0.496244229980132
-0.203592596356479	0.491856987988178
0.398989466097904	1.42962546169072
0.206852936990064	0.528814440550754
-0.621557720181444	2.69520802287795
0.162833389875055	0.435845707774385
-0.0405317501430813	0.0856365360608789
-0.171924895638833	0.449989128847717
0.0188378101259489	0.0382400935194735
-0.184946818386905	0.442182315685134
-0.0352155681553426	0.0651837304119901
0.218524189073145	0.622156342875542
-0.0416626089836063	0.080019064374481
-0.200153929779816	0.647441842682238
0.0155852029360642	0.032384083418813
-0.000610172400005302	0.00117929889605938
0.288914666053494	0.919891958581804
0.053322075993426	0.0930378277246304
-0.278351590420118	0.657785837337274
0.236103508241164	0.522017989201545
-0.070430979980704	0.117834607688924
-0.170039351613289	0.279490872570012
0.0296291923175148	0.0443964897416761
0.184656786973792	0.38270033069878
0.0709030516882534	0.128067366481414
-0.534021043470034	1.78112649905525
0.0865410429380513	0.145500687977779
-0.121330873558872	0.271351918037089
0.0422986978236426	0.0865667399947627
-0.0492079544497877	0.101211189744951
-0.23409226111328	0.788831801811926
-0.108911491278961	0.261493058710805
0.0774855003401134	0.192636400290337
0.0910822820463238	0.235280630710936
0.0452794686817585	0.099331794809383
-0.0848829698311972	0.192521500969569
-0.0383975978557682	0.0800301454928658
0.0502458299746651	0.0965191198620066
0.0593702434249573	0.11986862323677
-0.010223289066258	0.0185524036682006
0.142264695540181	0.367699988825611
0.00201010370473437	0.00369787766247577
0.228550223050113	0.686042916430743
-0.273581316405425	0.852446110959766
0.0494752854321586	0.0921994221803529
0.233948049348622	0.692995136643748
-0.0477951978631696	0.0828948723287845
0.105225170003939	0.224326722142853
-0.0713638780142452	0.137922864765029
-0.289110954219045	0.84028392716475
0.00171228589457094	0.0024757725596712
0.293877955070049	0.808193092060123
0.195194343212188	0.496762346096526
0.618024694572985	3.17355786268076
0.0912040745422699	0.202147001871786
-0.167644618034132	0.416092824627904
0.079793209255557	0.153304786146682
0.152306360201387	0.317182323175401
0.229055999268378	0.562658967529147
-0.497847091966238	1.89368504651688
-0.333031064132709	0.989334434627298
0.219492682961847	0.600960317100505
-0.0391496658821553	0.0764073675184506
-0.17699884709404	0.465173955750943
0.318855897415593	0.991857870358665
-0.325904588814667	0.991781158944168
-0.205885825061125	0.543026072332164
-0.0401360865861279	0.0808779187392858
-0.181752788585092	0.46701274991943
0.18400009007732	0.581148289712653
0.14324723650101	0.407249922515159
0.158570895087752	0.393380853385212
0.00513046572195375	0.00828193243428708
0.07602572505434	0.119252621579261
0.201264189816757	0.399767560177008
-0.0130501432721923	0.0179882159960455
0.0520604073857196	0.0783292930635643
-0.201626030169538	0.361586817690816
0.16597706320232	0.28207466970096
0.132960100003502	0.255101976311124
-0.416013337567392	0.97774336087061
-0.0252989980998928	0.0431636262812076
0.114133101698606	0.178476177020696
0.0998809001858193	0.202071595570772
0.163075726761073	0.412152096241839
0.294394149392931	0.803843821538721
-0.165043499910693	0.445703586224936
0.138479254958913	0.384486784919978
0.0875076098530706	0.217082355584505
0.0913571567322773	0.219328042855456
0.0683501624951487	0.164976120105189
0.325454524895349	1.29124175785779
-0.184457600452523	0.485947797782636
-0.248826629101196	0.651989238596333
-0.123871315737314	0.250257115106302
-0.00900694372722593	0.0152450048787316
-0.0563475178908222	0.128136820507318
0.185719057117593	0.486277276190924
0.176412099015468	0.489871068110589
0.106502121373044	0.27179821078326
0.073958815579727	0.163628078172544
-0.169649324763798	0.425863336693341
-0.114830662547378	0.283513178118337
-0.307556509057509	0.953107633890178
-0.157102850040067	0.396722168631571
-0.0680075564658063	0.0862316546867073
-0.112175932404712	0.158124660163492
0.0280797160153737	0.0454490676700434
-0.012569015162374	0.0232643932236072
-0.0617674178501548	0.135098856748774
0.13752231277948	0.340551902447375
-0.0355480563796007	0.0757683699678586
-0.0413166744674809	0.0854914289496997
-0.0646836218510737	0.143647741899253
-0.280291822099232	0.802279135286305
0.181793512637855	0.470200626009227
0.397989172228463	1.34895041120367
-0.186861786840907	0.481632289457459
0.250945806992529	0.818973166718142
-0.203261173474208	0.602932407310009
0.0455757426238958	0.104168937092237
-0.202540411800323	0.640441634697047
-0.0608152934338664	0.124368632248827
-0.304397562254013	0.974538876195123
-0.0774466198222619	0.152569316027445
-0.169565337879823	0.564283713605082
-0.0740552766058599	0.18039824889616
-0.0969493285252832	0.237804571911453
-0.00125102304962772	0.00229445027220453
-0.346653648362836	0.943423571529326
-0.338576339365073	0.890159001861379
0.195003677151787	0.376944327652051
-0.0470495904269724	0.0728474946727853
0.214836886545183	0.421039972964376
-0.0523298818517854	0.0832330036335684
0.358304939449411	0.835361795426502
-0.35473680778332	0.823385304059403
0.385025561713015	1.14749096675475
-0.196780170080542	0.38567301022153
0.00532958930261623	0.00964517089661993
0.111732450201417	0.274804733528866
0.229504844731686	0.660511474628861
0.22623510601526	0.697317015015364
-0.0624020139440673	0.149569718181339
-0.265717219113504	0.962862986576208
0.117424615281148	0.334388748039772
-0.236053205025145	0.802866446521537
-0.0892376414041669	0.22778334981086
-0.0377128776086293	0.0839369767587556
-0.207263908813388	0.547670362556016
-0.0470824460987226	0.0865833775833219
0.00206890256822013	0.00367245301028536
-0.163174777244904	0.470819942125459
-0.112800450493721	0.27175863400302
-0.0424329328208491	0.0919459480311023
0.121088083542248	0.282264273506466
0.00880507995130064	0.0173043861442214
-0.0677334300543854	0.14728075236071
-0.0230129678156664	0.045500524880233
-0.152368450196458	0.383489334679845
-0.157154181525443	0.379983000811566
-0.201502320531767	0.492959501249243
-0.108256460617169	0.175398185687988
-0.487810606058863	1.15898113098902
0.0673164410958747	0.120912002296924
-0.0262511220560615	0.0492656151708381
-0.036518976330024	0.0779907631275636
0.00850780119660197	0.0165088761030388
0.0405027238339117	0.0859004074023039
0.0882352435558715	0.206021273435968
-0.192660506851203	0.512074166005061
-0.129606746709722	0.286869323370801
-0.112713835838269	0.274283164112909
0.117877830388922	0.256421616938986
-0.0495678485450413	0.106869194922793
-0.051916780436941	0.11636709524287
0.0622195455927561	0.145054776175383
-0.00259243057424064	0.00508478327155256
-0.0426368499999905	0.0881286033488466
-0.10756938202151	0.257640728401051
0.0310927797709389	0.0703099608527391
0.0657412668983216	0.158400515321013
-0.137209301015666	0.416685873080939
-0.349921646148557	1.28175772062089
-0.0926848503668309	0.211643291688102
-0.0950097543192244	0.19252812666408
-0.177155208492257	0.394845858900703
0.239395328503459	0.53642073475032
-0.838514809483305	3.28216451429818
0.0441699138354397	0.0844624982657374
0.085646789661939	0.168202139341015
-0.233553814688166	0.590304516686741
0.00435851861351599	0.00759069313074316
0.217128371944867	0.465045713058839
-0.0822114274202165	0.20410956850165
-0.121770859372138	0.325311664274616
0.287607862140339	1.10271682637712
-0.0783533560303163	0.20680594607958
-0.0700430191302252	0.158206953530006
0.182716450112668	0.534738629729219
-0.0788411847795099	0.189600009169027
0.0611299405096872	0.132003401396409
-0.0163425161993732	0.0316826630970725
-0.0608529899299214	0.135847177429147
0.128015778701503	0.32727597353703
0.205151161883876	0.587965339244303
-0.0865024888582507	0.197878357395424
0.0656662248569873	0.151182551842354
0.250704365717834	0.817814844461335
-0.120491006807498	0.308522658524624
-0.230491378322491	0.626852238311594
-0.251858240114195	0.701847001220894
-0.0343643329143205	0.066729562410371
-0.182153446610182	0.406279093364684
-0.343687353966061	1.01011222879397
-0.374763993013967	1.11201061539485
-0.0322010703378695	0.0530534713147881
0.366782534129042	1.09722070249697
-0.00946756992370602	0.0172250258410632
-0.0154177103534093	0.031351229770854
-0.00281365973161114	0.00575457726998137
-0.316161097067176	1.07781069763715
-0.257459229333473	0.719150249937446
0.0713523894874648	0.129844923370295
0.0914589968904487	0.177850090890323
-0.0881695303833069	0.175025346240634
-0.248999560619252	0.61329660156185
-0.186227316649828	0.473076705670826
0.0890846126828794	0.192513212728092
0.148905906758739	0.387355021079349
-0.0581373199483705	0.129993010293058
-0.057079284947576	0.114549831940326
-0.0511763948267068	0.0906387272504002
-0.0758445344385767	0.159247711347502
0.0798135020526574	0.15434740150733
0.176363434664917	0.501544611355031
0.220821923668968	0.820320041890693
-0.0826946253207174	0.235361656204293
0.184579652251658	0.628313444664976
0.0792019224565676	0.194532571278171
0.0175292191032194	0.0372191472283407
0.0977019177508489	0.22784865309634
-0.0452313502805432	0.0939740526378338
-0.0990070463754693	0.230323311345038
-0.121961750634619	0.299631941943087
-0.314915560494777	1.11997499932352
-0.0416729778869373	0.10041584377874
-0.0553826949937325	0.109472019682368
-0.0794927646673334	0.222044964214734
-0.0103287253429789	0.0227031991150201
-0.106995824233519	0.312592447831755
-0.136504597012965	0.370167124004584
-0.0535861994553011	0.0912450816463762
-0.38509661255773	1.14876841208229
0.051514283405271	0.117093945398468
-0.236654426192827	0.626784356040602
0.0397225328575123	0.0629772883298244
-0.172850229930009	0.458635721078964
-0.361064031591968	1.52130757660385
-0.0678628129209189	0.167142960793441
-0.0139879678471196	0.0301019767943495
0.135486574988348	0.323757395641764
0.169184659170549	0.363369172509819
0.144571641914299	0.340373602275034
-0.339909079908211	0.92487298861654
-0.612786244864637	2.11443666821138
-0.124195175990692	0.298334540146916
-0.395866738213423	1.45624390401573
-0.339564261873368	1.16315452585039
-0.000279644813520919	0.000464879968166778
-0.00338534968291322	0.00592424856570049
-0.233796437824183	0.524481102916183
-0.011775086974199	0.0175506086219751
0.0147570858696118	0.0310401821885926
0.0196095984548606	0.0462624204724928
-0.0429504966356939	0.0971564253429931
-0.293916855513674	1.03735358099065
0.192100801962335	0.570799305072243
0.258247782887477	0.602199396825672
-0.0926027913173855	0.141441574961781
0.289732480201297	0.521075161568559
-0.155697712106886	0.220711352667714
-0.309722612514947	0.681949270786102
0.125530146683538	0.271443640605262
0.0591197943149164	0.0971868792891066
0.17660683122671	0.353040806710766
0.17639189492706	0.293130122204074
-0.122759434079727	0.273669984287231
-0.0224863583745899	0.0273541623817503
-0.0537995702372442	0.110705731111298
-0.150630149328498	0.342551712224777
0.0843306437462067	0.207092781404928
0.234440827908441	0.797157088542462
0.0231258995811822	0.0510518313787977
-0.331899861836806	1.17857809318315
0.0994061767354278	0.237970245513611
0.0454591702651381	0.0926546102054465
-0.0128770399041817	0.0251977419191182
-0.0439342116719954	0.0875158284464323
0.0620746680445863	0.129254058150738
-0.116554342922293	0.230491092108016
0.190358684654166	0.468964436633869
0.130959286223392	0.289298902368943
-0.150712293503919	0.409737861139999
0.222387669732172	0.525329533128609
-0.136575115924305	0.441900481513309
0.0798189627244655	0.210868593851368
-0.0104626859464469	0.0209378099933446
0.0802899058297993	0.175376852160585
0.0216774809868525	0.0400180778382396
-0.264971210402753	0.689408882181835
0.0401051757886483	0.0773776914708026
0.0149846496415716	0.0244233583886918
0.14389142173154	0.336578820093481
-0.187076135678084	0.469255975010999
0.173099009698851	0.456894360718846
-0.280789275329921	0.945033618787949
-0.175161477710236	0.441544531748356
-0.179674082417744	0.485814629846961
0.306405940918399	1.05013639521802
-0.314345035012717	0.888463908841174
-0.158149217459776	0.337628461917232
-0.328583743338253	0.933062939787539
-0.467353808126246	1.49078457430409
-0.561638469952769	2.07134369865348
-0.378098557182393	1.16126624810431
-0.109092477555636	0.211058162950626
-0.368590207030998	1.26602266607075
-0.0439298125382462	0.0871105613387316
-0.152096850182449	0.373331785622223
0.143854942910056	0.348253523050688
-0.170992947914535	0.418817223616398
-0.202594136935451	0.488665694600279
0.443008052607466	1.21834498868978
-0.333379935455173	0.990834361139967
0.127944404065093	0.241700512717336
-0.398777783736081	1.12286383002984
0.00735244787978055	0.0116753847548473
0.526475754448422	1.71886071372798
-0.233604211233653	0.560406651835195
0.0680689568623858	0.129176034867986
-0.171755551332715	0.394602322323567
0.0720562239990481	0.155827728662513
0.00548501610922543	0.00885829414932701
-0.0524264537007606	0.0949574875135198
-0.0847474335979548	0.136217228277383
-0.196815555016465	0.402563508220062
-0.327327537828489	1.02410190782209
-0.195844118451036	0.424245541142092
-0.181320676713201	0.361337351317753
-0.156556531347582	0.395016223524528
-0.0705769256998425	0.187907419752216
-0.0139560764057809	0.0315810065183771
0.170532072246159	0.59856020150832
0.365586890859637	1.46848932826486
0.0388691318368468	0.0887892507319991
-0.114681730724017	0.309219564008018
-0.110944077315015	0.275602817261091
-0.428870048402354	1.841422895505
0.0185454648446233	0.0377647456123987
-0.0707503859571536	0.177908128919919
-0.0154440298484426	0.0347855190019572
0.177861503501213	0.495213453665902
0.121736980439383	0.409399330043803
-0.0488556006557908	0.116889115614316
0.0209614226168015	0.0471955394058787
0.445303516733017	1.78798775340563
0.049153341912769	0.0708200073220548
-0.154127883344351	0.304514051924492
0.149680159745721	0.389891869857481
0.13770471560524	0.280782459308586
-0.0821271464384055	0.107811981371382
0.0395422714711662	0.0826696177100358
-0.15110337195477	0.452873117749421
0.137662788546212	0.407742940267492
-0.0303018995136869	0.0737559244256404
-0.11959930165929	0.245324464749267
0.332316148376525	0.713584434148261
0.093891557553868	0.195449131615978
0.23027389918364	0.454494658878448
-0.259872698378241	0.411107653055901
-0.351374470929714	0.731168537410043
-0.48391841412537	0.828671171755626
-0.32679773239631	0.553904540612773
-0.0749833111690416	0.206522873184619
0.274400581289507	1.02989762584087
0.0531291148296034	0.108811283949962
-0.0133211467167605	0.0243158906876095
-0.0705033553899312	0.107237431154999
-0.562839000064945	0.96590655493553
0.564124602564502	1.00988541524187
0.60818719684404	1.11681662536947
-0.135731455444306	0.203549443687035
0.168464934288458	0.290300393964965
0.071205283020856	0.109913047270023
0.169887894350203	0.293290266362547
0.11181419686343	0.157024181395555
-0.100767333430684	0.182752653670051
-0.591930984376667	1.01558530533941
-0.196447929433216	0.580619410160003
0.0767066759434129	0.141817969706485
-0.105537025519339	0.215308221311633
-0.0344065265167343	0.0796518597569722
0.143699272106282	0.382834810923662
0.00737386165766048	0.015664209234549
-0.22565881258702	0.68013868654044
0.284679257080161	0.885104478293634
-0.244235222947559	0.650271005808817
-0.062153869895297	0.128880448766413
-0.241201926904273	0.612446916548963
0.241766236809587	0.635570532660192
0.332168524573709	1.07127092968196
-0.220920928855838	0.628194542250083
-0.0249090169578214	0.0410085301965531
-0.102252515918702	0.250152512525783
-0.0810054250915111	0.186687128353675
-0.22723480622454	0.729348745379107
-0.0343340395003045	0.0752556440824787
-0.479219284723834	1.3268151527549
0.0105446064685823	0.0172849310065887
0.101686087743377	0.234263226751821
-0.335388372038201	0.925208196187496
-0.327210675412608	0.739174867161829
-0.191337015555338	0.532964888904885
-0.115032767712987	0.278238390514483
0.17794284672712	0.507393633292529
-0.0517870489415113	0.119251350205794
0.0554980979825336	0.110666357591198
0.199491387503182	0.391551971915619
-0.208728463438518	0.49656492586106
0.117972373641293	0.20507844592109
0.00456647655356096	0.00576611658004573
-0.0029538126904691	0.00393958982171687
0.0217302188144486	0.0432931650268637
0.000435999573412491	0.000866068014615814
0.1862092143798	0.55073712468521
-0.127717150536208	0.31093177076793
-0.0402914067409227	0.0843141946788303
0.148899349519736	0.30621028953982
0.053180001062165	0.0690217391188218
0.576268493376246	1.16252434044451
-0.165410634112002	0.218620715841611
-0.424389672911559	0.895262448968962
0.244262351033987	0.520601981919205
-0.139209541925905	0.215414718514815
-0.0213792318171713	0.03349286595812
-0.859497343204475	2.85875168691317
0.275488423370979	0.90910507636374
0.037978802007216	0.0860221933599614
0.0727655860870348	0.189343645206947
0.067857399205103	0.179472351743782
0.192321504342923	0.5871671167725
-0.430302275432635	1.73872814500758
-0.0802763071706715	0.164149147760654
0.455667741321538	1.61748817319712
0.0959151540792889	0.179859180945242
-0.196291118662612	0.448906124837498
-0.0232319297388183	0.0471505038942979
-0.0735849104198823	0.156356388368983
-0.176599690592886	0.452187102670887
0.0148906204822716	0.0230935009351233
-0.170111996566393	0.421702101303082
-0.0900572946331724	0.199264865280467
0.111243798524714	0.278285770792986
0.00916922264333987	0.0218023243389601
0.126444608404485	0.335092023065363
0.00121587210202165	0.00259213787159819
0.0488753301091722	0.11168984768608
-0.0581443021181496	0.144642096265866
-0.104676046705649	0.271491767088264
0.0805257799933851	0.194775750773987
-0.0669678019868791	0.167459372381456
-0.135873914432562	0.377901275246627
0.109406332733097	0.29836789086908
-0.199952881474215	0.642956256026224
0.0573133466478426	0.133271394015866
0.152491935664074	0.456437827921325
0.116868803248561	0.26018060004273
-0.0620575349072034	0.10570937603729
-0.156253327389461	0.389258511500987
0.186370491725735	0.387367842389993
-0.0623781804844739	0.11532139497515
0.0167216369690497	0.0313763548804894
-0.0113242323769634	0.0202634946948588
-0.238779254977261	0.545772436516613
-0.449201383317319	1.74158546420162
-0.470608344364506	1.63270902595601
0.271206413597033	0.75672786117634
-0.263435728559094	0.91714202532405
-0.180275697776468	0.534090172487825
-0.215797277282127	0.752650937234382
-0.182297752681386	0.526416168599737
0.222858786421993	0.590501605102548
-0.261063388668537	0.612813708509525
-0.426267676109051	1.06481489429306
0.187363256837136	0.477338299055153
-0.0256716318875504	0.0515247030864233
-0.150630593517722	0.409450190743094
-0.0744081928785609	0.15836000315354
-0.221890608893952	0.563149347521673
-0.234630500730319	0.64798118879204
0.10710890756989	0.289743755437034
0.267060997518518	0.99506462458882
-0.0324555886246293	0.0756604544415999
-0.00176050795153067	0.00363216772809265
-0.209353778867641	0.515253250172866
0.141250390785843	0.291823078947372
0.468221420459521	1.47724918009292
0.332839827421868	0.906123791219069
-0.228096639043649	0.566268369924803
-0.2215311439255	0.55729298407271
0.0388655498998998	0.0685141622612918
-0.000671198117788222	0.0011111226076825
-0.00495186279001289	0.00641052823675692
0.0158525314606151	0.0301253290353417
0.161217077575352	0.365330343019147
0.0128464336040031	0.0255578606965725
0.312249465420775	1.4439056414942
0.0982387046183687	0.237834411766814
0.086962785866938	0.231920330056347
0.166030231366193	0.547681300994883
0.0951314717887152	0.262133946009513
-0.120595700575644	0.308851130308112
0.0363484110949476	0.0812074885032922
-0.215518250250545	0.651527168321907
-0.0555202669558671	0.123475439581961
-0.132754251538328	0.368227298074386
-0.124024724669147	0.328771605863773
-0.12366314384446	0.307923781778537
0.0986145464373327	0.255685999809641
-0.402300199834989	1.642903737603
0.144170085101244	0.347479408168633
0.127064278261491	0.301113069718139
-0.0848953397499708	0.174140846558021
-0.108717867468519	0.229492207273395
-0.263421693532304	0.766922939417479
-0.11006149461829	0.248047927028889
-0.230532640098029	0.659013821517841
-0.120209996224922	0.291208180932166
-0.326994627427778	1.2676728971147
-0.292037251026013	0.953026734066658
-0.170912256221891	0.435598220005174
-0.177339184444765	0.466339452378123
-0.0979877374065502	0.202428978751111
-0.185710981048254	0.496524282234582
0.0815988163306898	0.189026189534295
0.191030247467972	0.55113416420688
-0.203647178638852	0.706243611028965
0.0788514267526909	0.192285651192899
0.0972297506331006	0.211828417894026
-0.0614417210676109	0.102803216264771
-0.308219088086278	0.720828074023976
0.0737722026462839	0.143125931662658
-0.134118858935279	0.332680542122265
0.177315654291802	0.478641171335256
-0.0860098347162908	0.18444729519942
-0.106365004869679	0.251534774796741
-0.171021609181542	0.44891393996749
-0.0110955468438232	0.0236196895551142
-0.021874634366119	0.0476732230781452
-0.218493884856622	0.649333393891296
0.111748317732119	0.268617551517045
-0.203873587734255	0.500679521620015
-0.292171634938214	0.533612114764647
0.0165504083814291	0.0223885628202318
-0.294640335411433	0.565723746538103
-0.115413204993646	0.152202388800071
-0.172367662835756	0.299150547661079
0.186344381707548	0.366971569421333
-0.314294140617648	0.649528439205571
0.159780697032503	0.295865861814597
-0.914092754576854	2.24846713951275
-0.409839429407353	1.05936824638485
0.162285573618676	0.337437405058585
-0.0420318934951526	0.0770186751864032
0.202445630684915	0.644703561754985
0.0389631152942653	0.0930311878129227
0.141480822977877	0.458154850877497
-0.199008507000827	0.664201340232472
-0.0918606091545724	0.258704586190193
0.0934146203827795	0.257317344834457
-0.40048202675058	1.65192351894892
-0.0328562965372511	0.0657690417790245
0.19289409319898	0.483174712089373
-0.111720866492373	0.248185594971125
0.199398920681151	0.683645614571272
-0.159185755575172	0.518573018622548
-0.27230919429069	1.0609243385745
0.216394724486089	0.843078469885643
0.148192282819356	0.435347565935816
0.145931388834476	0.43165705901745
-0.0406201657908918	0.086144082199659
-0.0314470114155462	0.0718115494314658
-0.204561501345391	0.595001871549986
0.137042583989107	0.337279468816774
-0.229539219970853	0.71694211552634
-0.0328602942142901	0.0681909164621102
-0.211406303749404	0.369912214016367
0.0757467366496365	0.118762947319745
-0.104359829535995	0.209261354147704
-0.13868609051681	0.365704804793427
0.205878293247309	0.653725103265405
-0.0082765680011358	0.0186983353589724
0.106849958434608	0.294922040309748
0.0253889799265059	0.0534646546252014
0.273961127166969	0.88829119503425
-0.197088510291816	0.580669397535505
0.156701547265077	0.474691450226667
-0.0386227404248969	0.0914796376297358
-0.197400801245476	0.672291999187432
-0.198857322189251	0.599971264568352
-0.0763355866412816	0.177257049357519
-0.14486540276092	0.407251915022452
0.0446317593962086	0.0872935950026523
-0.108507331534806	0.253732530640237
0.121872176970943	0.299472855441146
0.303121840914014	1.01182959800009
-0.259228748049831	0.703402723256106
-0.0437428079016423	0.0725578992830743
-0.132788423643992	0.216430448975341
-0.168016679481288	0.230766225001712
-0.0578549570610919	0.0617093913759738
0.144834629193854	0.185144115471342
0.399569365839063	0.617783910433247
-0.220531333222118	0.336570244532848
0.208628782570647	0.3418067538472
-0.913900043116629	2.24801484060378
0.230522415330488	0.381262930716965
0.0203342528892206	0.0219207503400689
0.166442116826424	0.266963302688567
0.0703667248918173	0.112599537040205
0.282966656673927	0.564889611912324
-0.186776102531287	0.524349050448964
0.144480197326454	0.454193470977247
-0.102124938925212	0.286482126796654
-0.0696256051161377	0.145104984332621
-0.165120082495292	0.485070031184188
-0.0368665129755444	0.0863996236975536
0.107043545580728	0.229003158159656
0.244055371207548	0.606982300251585
0.0547219974681871	0.0802218420405591
0.0161550178220559	0.0258419822201631
-0.198332579400654	0.597830877382843
0.113277069956418	0.320986061760486
0.104390627348399	0.262282612566088
-0.169668342650343	0.535980485452006
-0.104306493473425	0.309252594420569
-0.108199525542371	0.305914857832736
0.144135268876711	0.44140903091327
0.00413143588303873	0.00967199825867163
-0.0504681863707191	0.114075418535082
0.144956220011411	0.458884591445229
-0.195805416499802	0.587423880266079
-0.220454690551438	0.702003430623305
-0.203524192740956	0.499544699408075
-0.248148458775727	0.785428289915358
-0.316608613535828	0.812879169912763
-0.168868119995097	0.342338300713647
0.106021215021778	0.282975666316222
-0.31290882052374	0.92311842541581
0.01429272364933	0.0166667168763783
0.119469903337823	0.151410128608748
0.378114376573544	0.887921089099819
-0.0745838500563576	0.131056739146618
-0.161239345938406	0.363139911739812
0.12173930206419	0.366486551056829
0.235551754358846	0.887357391111186
-0.0702418087443514	0.184093649538999
-0.210920117250856	0.742804383147959
-0.238695695978224	0.820021950648051
0.134515547974842	0.373739904384464
-0.0153678452564919	0.0364894520988061
-0.072629330846569	0.190877663858382
-0.257428896034678	0.729979955002752
0.172524911691623	0.494154994530093
-0.156730608139075	0.446018415688148
-0.307474025411492	0.718613768545651
-0.149867842797872	0.335367416707892
0.178868524795315	0.48883862920135
0.0591821800270195	0.121940713861386
-0.132646382916359	0.293449413234349
0.0483527717424207	0.0837075805128411
0.195638269587869	0.328051753644214
-0.392390074818796	0.766022347662077
0.0505585473408673	0.0622125957720835
-0.0819999751878358	0.091918134190649
-0.311632534664057	0.447338981979376
0.149142951756222	0.194414218530869
-0.256782935058806	0.418609517348831
0.880786995133575	2.04619466193209
0.164198925271	0.259796115843269
0.0492092998723538	0.0571862710390706
0.00361764550608764	0.00442222975308886
-0.0468913227974627	0.0671232568206672
0.192755082517781	0.321957183446444
-0.0987164343563919	0.247331800344932
-0.303577171625127	1.23391100980953
0.242499023864166	0.841987183763847
0.00439718193346629	0.00801076544184879
-0.262787448986629	0.874981295161336
0.208229464961693	0.664164226547206
-0.107005736294743	0.218823180279339
-0.0450891222427426	0.0732129849633785
0.160543392538258	0.297572975971125
0.0799842791551153	0.136647601565875
0.172275831093614	0.497011524563541
0.198582605277788	0.689022028763563
0.198926636630391	0.640028933742361
-0.175969767052487	0.568060975759922
-0.267303840236808	1.07484393285524
0.23489945962474	0.883970415830072
-0.284504080681161	1.14471563415383
0.0119125275327496	0.0261983775148327
0.0246507663442933	0.0523951784836892
0.0315344808958422	0.0715982908104582
-0.0510456350873602	0.110456469539467
-0.110910976442882	0.284384488465272
-0.150432633860488	0.324500673708386
-0.4329309069457	1.32870683330179
-0.212450051966888	0.648488015774581
-0.3600277232902	1.10757299098751
-0.521485156282126	1.00670003443748
-0.10099821813493	0.128466775506913
-0.351645472285889	0.732194365874032
0.12928646484016	0.244732473025249
0.141723203624671	0.279742457845072
-0.0577671166010625	0.143257846214965
-0.602409423084596	3.76147735292474
-0.110529758490887	0.313126586918831
0.158119174284282	0.46422852656094
-0.0119915406788462	0.0262177805315707
-0.125982060841147	0.320176168870001
0.0481343687233846	0.127101930906763
-0.0932093054083854	0.217521712331119
-0.194358956544072	0.547615164904878
0.213916285482236	0.637384252051353
0.0236733401158244	0.0500389637852104
-0.237583023270076	0.753876240832159
-0.0977657244592159	0.234839338427484
-0.368439646124507	0.908848777112528
0.294138365194025	0.635541099841911
0.0129061341958048	0.019339549821734
0.321621258345969	0.746357507740574
0.0136522842071817	0.0211338136805779
-0.223599199883435	0.527119336028061
-0.0652070749786808	0.108983591202978
-0.412539378586127	1.14349946521444
0.350106505711495	0.719325429880188
0.190884733898201	0.429132166851287
0.127893236302686	0.241591657295263
-0.128286729319774	0.273558405469383
0.0192094767562371	0.0450461446098479
0.141621388182381	0.441377160335242
0.0450623357495283	0.116698285063679
0.090583163806545	0.248005216963295
0.0622258808193049	0.15195983056266
0.158580088291806	0.454810416220565
0.0631178661015995	0.136862037909194
-0.185028495461019	0.523339590259302
0.0712343980606753	0.146860696242543
-0.171816808157325	0.470701310556891
-0.0894876878129663	0.217753363667807
0.0902353556817481	0.257075611013206
-0.252304713601517	0.924254206236985
-0.111359968007851	0.310699454936868
-0.296998864567512	1.04183048696838
-0.140379510821128	0.41684011051853
-0.0552833418182337	0.1158256024929
-0.0491719918815301	0.112056922073369
-0.121051445901665	0.34019775705555
-0.401090190499668	1.52354906798115
-0.0858925815098081	0.225567813665248
-0.182160155699694	0.544554724111666
0.0660643735310377	0.154587240211801
-0.0606489803650001	0.127293118122174
0.190841846175467	0.491860446695262
-0.0598793121517967	0.108627543206927
0.187718831524386	0.454624735093833
-0.310343185935479	1.06760893202853
-0.130166650540778	0.321936992344591
0.224003687301361	0.772436950032794
-0.176399367803034	0.535446034604198
-0.126368331163897	0.318288276597508
0.520176163105541	2.25613967536565
-0.190011824064416	0.551794554351611
-0.0209065488729187	0.0463320943289537
0.0197666113498475	0.0461659781294404
-0.0192405647977649	0.045944080225674
-0.0917627539139052	0.228257618784154
-0.185746083812276	0.502690176056049
-0.0313764961493051	0.0579598573887192
-0.040914434215232	0.0747922213710872
-0.24877983326959	0.876075699244205
0.264905436662801	0.89548213669421
0.0245818140789584	0.0535272076634812
0.219058966639165	0.674115240926232
0.0405184861271893	0.0627401988296869
0.0715162743814986	0.11465717973948
-0.0732200806215376	0.096124796201912
-0.300592556375345	0.492675968316604
-0.197367887225059	0.251601431512477
-0.391675137559681	0.763989249349594
0.0661011230741954	0.100350203375641
-0.319551997761852	0.615982505856245
0.0176123569608342	0.0238492735991276
-0.0563534003037986	0.0712176702796742
0.280836558258578	0.690648235432038
-0.316571179655893	0.741235903376757
-0.00211548952288516	0.00363739209200761
0.0552690803894571	0.135979907978388
0.204911175901206	0.766319953997336
0.0112423454961778	0.0268691274312848
0.172245372866995	0.556284570780571
-0.16395779820256	0.549617198625513
0.0880894726572635	0.242016596282039
-0.0291424187119052	0.0609452420731814
-0.524808155722015	2.29904485563025
0.0455167859842048	0.0852483765149053
-0.0498024266661323	0.0978589045713157
0.306229898053392	1.27401717145361
0.177586371042169	0.604507891213085
-0.139810126990467	0.436052370359604
-0.00664645062448227	0.015557102492168
-0.0284234039739737	0.0640218570841351
-0.0167952219175925	0.0367220564132105
-0.0439939993567938	0.0975743235338967
0.0421322044127737	0.100363149395281
-0.00258643893857448	0.00553390111255454
-0.344230551258278	1.38401904849644
0.211024534863487	0.695993822645628
-0.0350977761825723	0.0813804211949396
0.00797746889985683	0.0163663288762508
-0.0876435286710791	0.230374078948963
0.0512797495457933	0.124689574893452
-0.158880044335079	0.42605269297839
-0.0988635562224256	0.147289800071944
-0.33278959203816	0.67475287984432
-0.136689653713422	0.27829602093934
0.240099369656192	0.767126284632364
0.255312465999576	0.858363873471177
-0.106991756177235	0.315195525986816
0.181772971012892	0.623930160725567
0.0930421488330442	0.232415958210856
-0.140693784424263	0.359482338204006
-0.108976569889672	0.270715168628941
0.170526292683829	0.529640486887531
-0.0490458702539256	0.121446911863585
-0.0683331417254105	0.174204757883926
-0.182369827237156	0.597007607965373
-0.610773414951277	3.44717903813507
-0.331664943764622	1.2233584040761
-0.0954184882357092	0.236258082402518
-0.17740621257307	0.569860803809371
-0.186493961759954	0.622682178896956
0.16880451325236	0.497093193201748
-0.313285157841738	0.972860029536255
-0.410117554943411	1.00168358270228
0.0569977805083428	0.0871507555088703
0.0707066880885484	0.10476550012924
-0.0977206336918237	0.14533563435701
-0.191543693824269	0.333960376751169
0.272099695523636	0.562347395970623
-0.125247489807843	0.224518881290492
0.0563750188005216	0.0974436591953594
0.0858092872693377	0.128207633079846
0.106911601831594	0.221626229153061
0.156032189642455	0.381125348180169
0.0196835897973576	0.0404993514005821
-0.0616164721298094	0.153043961121444
0.061162674995067	0.140617842194867
-0.27157255187801	0.924903384916888
0.200732603148788	0.798563663689521
-0.0552960621456221	0.137364667277482
0.104327390445231	0.253258607349686
-0.0210685329609029	0.0449003714012422
-0.000258561539903644	0.000559977581974104
0.179586328830705	0.565169354828306
0.197804867900226	0.716980992053954
0.198165862832127	0.685130572036408
0.0607269174040821	0.144311369902973
-0.132109216297038	0.40718734257531
-0.128749954348036	0.352424783218754
0.298752838208642	0.941206811379523
0.278201679077011	0.96830504290839
0.113586555861448	0.226877493150433
-0.33251537825836	1.05773540532297
0.293108488895048	1.0226041942601
-0.279944567825468	0.962373450956085
0.214501554760041	0.725172945226888
0.130445512274655	0.315670669959387
0.0927015365359671	0.230509894424006
-0.216759670177544	0.663856629550541
-0.0390896567805406	0.0926753016210386
-0.0369395297001709	0.0623081055497662
0.0511099290001642	0.108292379729613
-0.0634837775534406	0.139347803725751
-0.0292375539100196	0.0644221953269196
0.119364980016475	0.37519721319339
-0.135568081534006	0.327885326087502
0.0271106528986355	0.0526423993969032
-0.169200035040072	0.368681450555401
0.213656554298016	0.514040457197304
-0.111046373975914	0.246391731928294
0.191612652494888	0.581907960196743
0.00732788616912295	0.0142958992634692
0.37657148857605	1.4602476408339
-0.0822791043898561	0.180984669216283
-0.297616447513065	1.22370979831764
-0.167838214362134	0.550445636058073
0.182023820230703	0.579578474698455
0.217762785339606	0.594522286652619
-0.168451770044735	0.381302490836305
-0.226986534020673	0.378204781018829
-0.34859234673231	0.6080286956419
-0.0220987196315343	0.0258535252419869
-0.145921600222272	0.170783279837254
-0.14576117375701	0.170560499491295
-0.26211204054189	0.362178583320794
-0.130650149517768	0.202012085358905
0.0303945188933133	0.0336155307802964
-0.0681698460862801	0.0763941693029742
0.131921321954529	0.174450235968106
0.100229556921656	0.135518156366887
0.124140863991132	0.239091612227956
-0.381104168763267	0.995664117295647
-0.169326238382976	0.473713831490823
0.0427862286136057	0.108858235277739
0.0641756740618598	0.177763841555377
-0.0554529390918729	0.128732256640583
0.0114173187084852	0.0251483940474844
-0.0456323246810212	0.116858093534648
0.0901049758855478	0.211161594112844
-0.100516969107408	0.220953597465946
0.351424945626892	0.977143303891824
0.221147792535353	0.576915526643099
0.0502229371952087	0.126225306027651
-0.141600460011445	0.485081672777936
0.0749050794999247	0.207324706339303
0.158318937938788	0.519462485591791
-0.165737010478944	0.531262104262177
0.124846880135347	0.365513904437682
-0.0407763047567723	0.0968201540701973
0.0763605532077849	0.192061369709283
-0.0668444618248424	0.17579603229038
0.132986033043764	0.390517663227239
0.0760193967186691	0.195540419259435
0.159569870143645	0.519827898238393
-0.0686112954655267	0.164924446196128
-0.0485185922163957	0.109540994161109
-0.160398109260629	0.449322377072817
-0.0110066494713418	0.0100401869568875
0.199094303727808	0.28526006347216
-0.078913701753636	0.132858133966473
0.163555639097356	0.413693274570576
0.0517126385098706	0.118881825099519
-0.123998676386068	0.365173921113983
0.224776655710862	0.846759065823875
-0.234362632580621	0.782806133712563
0.243526792779645	0.822071370534809
-0.0334601238658245	0.077292125681495
0.0642836428852261	0.15912843410912
-0.0402749247670128	0.0969765759398101
0.143724027888571	0.41884395061505
0.237642587897875	0.925192625179357
0.0315011458650029	0.0758441993480998
-0.0869308639805491	0.238836559553905
-0.00594693949375589	0.0134610469124193
0.101502099395415	0.282536291810125
0.168240971738139	0.505013615486635
0.116981610378236	0.273932968958757
-0.0635587434037844	0.117764649772825
0.185942428746214	0.365979899301956
0.134946130990156	0.216306828211939
-0.155866042290479	0.221003305743844
-0.325595666345226	0.582401632076854
0.034739615171395	0.0446264082976561
-0.132008608475123	0.237024592084193
-0.0986497872436611	0.146927223999549
0.360049987336014	0.859288590094132
0.257250626016904	0.488761121168601
-0.346873013034932	0.850478718027141
0.084422000515284	0.182956301082881
-0.165756840024104	0.399014891776782
-0.147885211516034	0.441785416196641
0.0363748220984345	0.0855748343531704
-0.161207720765064	0.458946867034444
-0.0890500379252861	0.224648513529068
0.258145672423869	1.01362761759206
0.0221896556200613	0.0508453865775456
-0.147108754719595	0.39094478877052
-0.170649180200545	0.488183950145831
0.0779442796600883	0.165211928669008
-0.304999946010948	0.9774420822627
0.239371828149407	0.879448326167617
-0.364345955873706	1.52718146508631
0.0236995140033319	0.0543358107583302
0.247455531323458	0.904412738424629
-0.0339767519821653	0.0752043766284585
0.26171976478109	0.99748568498745
-0.370661020149141	1.49034463481793
-0.110561628255192	0.290615215528983
0.0211798293269153	0.0485574579168073
0.00393907965706025	0.00811461366539632
-0.502223318431416	2.51635638756465
-0.0863141685846609	0.211185763131878
-0.310371760299456	1.12888146860784
-0.00857727613682118	0.0178490602407104
-0.0191308120801826	0.040572187154198
-0.189695155890982	0.402711916314033
-0.546141782377144	1.80277591756633
-0.16457269524673	0.400973378745322
0.00342196636665014	0.0067504984634006
-0.0376745398088431	0.0890266530637839
0.112846104389592	0.307592285743595
0.00148228114094581	0.00310093849034354
0.00730615169985738	0.0152741328358388
0.219908364808476	0.699787848191626
-0.0609892013938905	0.140771880293989
0.185575772489121	0.560232594605071
-0.214040405151476	0.659229598937443
0.089382638489309	0.226756181566095
-0.0483337541723624	0.117711069200233
-0.0459747998450143	0.114672383088486
-0.1127805764763	0.286544231581371
-0.0299944739719457	0.0725550459206041
0.0950296085979047	0.279389336864031
-0.131019941129729	0.409152220174144
-0.199126022473067	0.569851070233022
-0.0577883623036801	0.106578509077173
-0.202466237256539	0.503912642718315
-0.347020691512474	0.975355339943904
0.547058739171441	1.96803390626339
-0.119261933325573	0.22748695375905
0.197395748744713	0.461131281779313
-0.0454779769012729	0.0860381125094945
-0.049464480242427	0.0959498662091987
-0.149631606895903	0.306714561458318
-0.191477462260531	0.533482855628181
-0.202151223521962	0.611042718275413
0.0687006422924547	0.164109979918164
-0.164488076823111	0.462469783285899
-0.17495157434008	0.440847835947923
0.125936940849653	0.291161643542622
-0.287691958386682	1.00975019339272
0.244219557154432	0.734310089317336
-0.0236761118925185	0.0380803060170405
-0.0128162767653339	0.0265713514318373
-0.129354982583988	0.381466705109722
0.144326159030363	0.464765437792827
-0.198398149975015	0.680196342664613
-0.0205985548562997	0.0412013423619524
-0.0491173180294673	0.0952156004286889
0.106062927722097	0.259422605460999
0.0558292593029498	0.117769015166
0.368281142668702	1.05177198696617
0.102354634993745	0.214643861642316
-0.22696197481774	0.477635381382858
0.014995500832964	0.0232599543877277
0.282543873561038	0.783280458985237
0.485019618027692	1.96800002020754
-0.221679663786662	0.62310966117699
0.00930796391477612	0.0152285889031585
-0.0478954465452638	0.0942139858270372
-0.035958302405508	0.0748332178501536
-0.484485654642604	1.94807296310438
-0.24882811550061	0.662811331587061
-0.16887803642751	0.348918239179284
-0.102750316844701	0.263106550827797
-0.0961418499558935	0.222436462016368
0.0780041532408653	0.153363488240748
0.212761361132203	0.47323016264196
-0.252328881122288	0.559229423130434
-0.0856020133908413	0.144523446772612
0.00939695450975445	0.0163304861120702
-0.130857181147453	0.3097205494683
0.0714095293708452	0.140613336674818
-0.208805817350715	0.52968742183853
-0.248180682599026	0.649566585923114
-0.119359532138499	0.314582067336138
0.412010024370046	1.42824083067207
0.225776043575836	0.762674147643362
-0.0767197651074936	0.214583879520429
-0.212849763925688	0.800779127545459
0.101927688342532	0.294436803608534
-0.0134406020421723	0.0256467585291227
0.0683112035503048	0.16249371623693
0.111369498501912	0.268622205162932
0.00891540540517911	0.0165593742014615
0.178488234549459	0.451495666997907
-0.221987051163041	0.616059090804365
0.0189051306446271	0.0385236305793091
-0.370685817830548	1.55281578607801
0.00240455796451017	0.00430604673199723
0.401464533293782	2.04029298301781
-0.145335462047818	0.416185121055747
0.0698165682726941	0.186909483440191
-0.31108298844217	1.17092819882242
0.259387195364095	0.605936337719148
0.0388462709783209	0.0701958006151459
-0.076857921545629	0.182504841183294
0.26621861620596	0.821384829687305
-0.281703688888811	0.654553019896565
-0.0914666291303535	0.248514830932018
0.0192117243742965	0.0478884525775129
-0.264588312091089	1.10720273620354
0.0751251038417087	0.208578630485909
-0.26540142884696	0.803643177507878
-0.126774178589164	0.247272291766351
-0.0397413124484625	0.0788549447863867
0.4371369218153	1.26788769527273
0.237682174942882	0.487899721156777
0.0546427535864885	0.101449828063838
-0.344982788672628	0.734038708551968
-0.067559738983606	0.105411065709387
-0.102909595683395	0.170610456652846
0.458589756602366	1.33141668718847
0.0466490009793641	0.0822235842216954
-0.316968359397479	0.770035054344675
-0.0971244512700699	0.254457996545373
-0.148343283592951	0.429470444548014
-0.0709888176847465	0.14837200675669
-0.309904661910172	0.795044009140258
-0.260030002968215	0.746758509917455
-0.236256159266912	0.644637765629272
-0.118271421594796	0.348249067535512
-0.0734986958743206	0.197724318857631
0.049758345987368	0.130272616156663
-0.352560705740523	1.39028223333482
0.347271190272325	1.36265865204415
0.108771980455636	0.183326289656416
-0.153705184427431	0.265286719561059
-0.0514295984012613	0.0757383422566664
-0.24853384778527	0.622774626912563
0.0266787150387988	0.0463539097396579
-0.53866590246475	2.06036421178371
-0.163097899593356	0.438893369915836
0.146878884288321	0.461044608945278
-0.0108181355831411	0.0239535819932988
0.124795693222977	0.370128937883913
0.16839119191253	0.461576997945253
0.183118203902988	0.519330252192299
0.0830460924789041	0.186833052249024
0.147751021087329	0.372161476126465
0.101869794272309	0.225050345086521
0.126995923401074	0.3023947121995
0.28422460035631	0.877849181473495
-0.188907616877475	0.501552273114962
0.13219092718785	0.263544414152624
0.165840122018316	0.485596526191399
-0.208289750369049	0.606899304384753
-0.368497989120455	1.56394432842669
0.100424062955898	0.253405408393565
-0.357606986843525	0.978749840663634
-0.0966117046159875	0.196304133808652
0.0690353298235179	0.157371287796534
0.123617742648889	0.264794339514881
-0.0660479729055683	0.113258299541982
0.168250962772663	0.463110173509249
0.15269228937468	0.468995204954533
-0.133110334306182	0.399071657033524
0.0734533387810963	0.189146565639394
-0.473141259946744	1.95135840047843
0.399512136110804	1.26863882802763
-0.112181251075007	0.269956749458105
-0.025885580630181	0.0444447922697226
-0.345298289903498	0.701376147536203
-0.00490811281212474	0.00813612990962668
-0.0135268783750323	0.0181158566513383
0.236389016236862	0.518362178531749
-0.116477242574911	0.217312888562193
-0.0301496483006795	0.0518818942163115
-0.163556850557618	0.349595329890296
-0.121079715128949	0.282547957289414
-0.0306280984780217	0.0686818965654273
0.24952669373521	0.768727136106902
0.010930914367156	0.0207637735757316
-0.171837924951654	0.394858628110385
-0.0540158639586253	0.101449219461202
-0.0649542728282847	0.156589768141296
-0.267435117108778	0.918423055131244
0.241038604252421	0.592488031429031
0.0586039661693311	0.0962884354435176
0.0739812407092845	0.111177447321353
-0.202578698940999	0.422694984795321
0.0381682737947683	0.0741587973911819
0.178278662589295	0.499011958915916
0.0768951887042356	0.191588887039137
0.269356069137648	1.03912569589006
0.0624715569921349	0.141828031184564
0.0830323979034667	0.178570920622772
0.139919442940245	0.319461262049522
0.143167398227783	0.322254232105137
-0.00973984229913	0.0174448136727102
-0.115696746945247	0.240794537653395
0.1620807111163	0.367826821785174
-0.510741322992754	1.98007496265345
-0.197210693466888	0.489729936630626
-0.245573697096509	0.550386418361723
0.222461476360302	0.644277908476429
-0.0216336884859916	0.0414732863129955
-0.353240053068825	1.14473046011711
-0.0869309948167497	0.208530042879049
0.139179518506175	0.319245670566088
-0.0191487004541203	0.0386587052409577
-0.220534421284003	0.669555573093797
0.0351514432857945	0.0639134128412938
0.0416627894741402	0.0806072199570826
0.360650578982096	1.23586388210329
-0.0122661250591676	0.0251950572078989
-0.19669107248907	0.602873146399506
0.142490251354068	0.387115368281083
-0.103275122552349	0.237540650378338
0.0538935461543041	0.11109426962502
0.110034764488878	0.25182746472252
0.244788499324289	0.694839668664724
0.124393684427173	0.250640882993238
-0.0839570914900488	0.166392122609838
0.046546773640837	0.0714137560546521
-0.196257947660682	0.441106772072842
0.119750972921411	0.251625384642951
-0.0977210882233143	0.187899932806772
-0.254043095083812	0.648408937499675
-0.206797394305924	0.498481882675691
-0.169454385589518	0.375525321604977
-0.410656783667257	1.32809967834988
-0.250238496724733	0.742000716607341
-0.0978868177317011	0.215205256339534
0.0803838820710665	0.171167904494314
-0.141613733865396	0.329881451708862
0.150536036825098	0.374628037623326
-0.0519775723081693	0.0921720668771105
-0.184236592190144	0.499782731530725
-0.20419171670705	0.586819479961222
-0.166214764101674	0.406009792924405
-0.241761436738423	0.738103790760557
0.0339365181445967	0.0707444211259877
0.0192627620559654	0.033269087069332
-0.00760535611947195	0.0133551237457596
-0.208288116702233	0.519926792718784
0.22290133394745	0.676789769357959
-0.0325881817231079	0.0753152656707693
-0.0773004490062901	0.189003336916128
0.150649084868143	0.423924772666762
0.0989386703401233	0.216300524577051
0.0483438983686068	0.095165016228809
0.205350588759404	0.495870841057458
-0.277451526782568	0.770671781599123
0.169318932944208	0.396381038613838
0.382552511979036	1.28274579429989
-0.448441734722822	1.72162288388491
0.13781090426311	0.313544018999543
-0.18132201758214	0.353867078957771
-0.00769415333426606	0.0148085841698648
0.22468414355222	0.663403501707177
-0.11852386048786	0.296463818717402
-0.0739653979523759	0.173658036540288
-0.142505065032021	0.285867412751722
0.241110608533024	0.676548257905179
0.0565950064469807	0.123894786991227
-0.152021026826652	0.356591822258942
0.136155055123989	0.295345021995825
-0.0665392703220843	0.153036053073176
0.0323572189802226	0.0704258416422683
0.0420285406592042	0.0901402868919774
-0.0312075061918748	0.0676204943496077
0.191059186382474	0.512925604040076
-0.0557848834773252	0.109753956832221
-0.369911897139336	1.31435920877607
-0.19720021108449	0.436037533696383
0.0314090330208471	0.0525775584295994
-0.114813352473829	0.235026305034582
-0.099002982650503	0.14751190820485
0.202145882062975	0.454304149927652
-0.132420185214513	0.29279060362194
-0.0190620858874396	0.0331264011514055
-0.0985264288427105	0.216851271855027
-0.266007007241748	0.806383527925883
-0.186471942503104	0.48038676237924
0.0437374977173651	0.0944817071448744
0.446024558579897	1.74853474585703
-0.240315630553691	0.609572484923295
0.00749471916689379	0.013198629285602
-0.267192243623537	0.593070401494638
-0.254083507433225	0.789107944170035
-0.477979038958239	1.95335616448972
-0.148951965103224	0.372413723537306
0.0444928517062939	0.0947223769583264
-0.172700048305763	0.484114027224579
-0.298381130515236	1.01783105660252
-0.0601462660249749	0.10916764983124
-0.0316906230985546	0.0532897869876032
-0.227376028971843	0.663212817838666
-0.119365938101295	0.307614145700896
0.114262950983039	0.321178485105677
-0.0703012016459791	0.156745605721467
0.180300313411308	0.460037861649875
-0.177641199934723	0.396245281787383
-0.107720642879327	0.196091143141304
-0.181143602086353	0.306822935495045
0.191158645543762	0.385720990261674
0.000983737872509158	0.00156639070792896
0.490817566664371	1.53883620395864
0.19765689582259	0.505007537465255
-0.0521990495533549	0.0944931156985671
-0.0176357110350012	0.0256857280395779
-0.29972526685159	0.788634803790808
0.184503897324612	0.531462439214152
-0.0869904147439877	0.192163849148005
-0.0566708939365123	0.121969365809738
0.23696684182871	0.648594601767748
-0.00197401131581863	0.00345120916443202
0.19086660033641	0.591183030420586
0.0934239205286661	0.229857720095429
-0.0664779947522568	0.12305478565358
-0.00625147077649798	0.0122960221983259
0.169618237047234	0.505907569790692
0.05416360494725	0.122396755504841
0.00121829741014886	0.00249868778399046
0.178833535676282	0.501054318840201
-0.0387226244644555	0.0708832706306664
0.0372165283847649	0.0815284602035058
-0.0575777034435472	0.115663498440568
-0.05515562973542	0.0919829974398966
0.0242491224228889	0.044253155176973
0.0998812939288375	0.182868221118268
0.003957685960663	0.00607602799223249
-0.210030372356728	0.500656931194798
0.0105288989740898	0.0190426190349365
-0.237620056380028	0.630354477421262
-0.376993473539106	1.28108187942277
-0.235695874050932	0.57770771125346
-0.282670562926632	0.844667038448775
0.420579461440465	1.63252302002526
0.236540145409168	0.67974731762471
0.210018066736568	0.524588491018247
0.050719640025766	0.0887154994082278
-0.113009824911017	0.205885794690424
-0.0914521655549778	0.178878157020178
-0.0219740403474	0.035237514487283
0.0968850653673957	0.169537618084364
-0.202577248230235	0.448138859349251
-0.163432453792611	0.355296325881763
-0.322288112691791	0.940286633487427
0.0650235416855932	0.131772656260038
-0.381490304219675	1.31672573163432
-0.125427242917553	0.300573726780449
-0.278338357412959	0.806787728224724
-0.177012731977007	0.470883337268783
-0.0587328897069404	0.116255671685403
-0.10778671480086	0.248899890213133
0.119913860853762	0.245263002783648
0.0437864097501982	0.0836649395709546
-0.110352490060037	0.258947993336803
0.0282831210199401	0.0605793462274617
0.0255027394429662	0.0543146949168079
0.133170300521166	0.275904371400826
-0.183905018225781	0.411329038770972
-0.306846588352992	0.758857864742889
-0.104496842219925	0.274097355190887
0.409183752526203	1.67657684504499
0.043438141710145	0.0922719445929862
-0.136626274356374	0.302520789637418
-0.0694586245279918	0.118980865138724
-0.0582407744543975	0.0858861692975812
-0.124890246491436	0.181831861548518
-0.444698840406701	0.875336112900233
-0.160259225560297	0.276243932543642
0.514283195088192	1.39143603128763
-0.0352345483811694	0.0473968372697937
0.152685245777199	0.247037426807919
0.49619076203421	1.26096625303524
0.108968861717511	0.167441152721729
0.143692768856576	0.263142283233411
-0.0445000873662902	0.0755360981297342
0.236169205651622	0.607277902970668
0.220710523794518	0.6644406451635
0.29738124896409	1.16136874845126
-0.213632205750277	0.664282584960464
-0.021929885982143	0.045454346985076
-0.0184824227038184	0.0385709796998751
0.548659627075419	2.89474700629609
0.0626211462068275	0.130535620282033
0.273801138318663	0.833717315037171
0.289796180769911	0.780541348049897
0.369397781774251	1.16088059988978
-0.125946147330983	0.324726395671197
0.0586366035062892	0.135212407885414
0.333463812534493	1.31466207969735
-0.0864920036202464	0.221848564402052
-0.130961013511075	0.355685105068219
0.07681963341351	0.191358765115564
0.116056202729127	0.289070770997706
-0.143458204963222	0.362786349722496
0.331845183074931	1.21441477505207
0.0520590460993242	0.11531363850537
0.0596385380794336	0.136215377300346
-0.220981148279878	0.455550289510258
-0.17177159290012	0.382194563786163
-0.176945774351906	0.447384837469817
0.0769913572603861	0.172135641521821
-0.210825310853089	0.468566108527854
-0.325729669928642	0.839160820555527
0.0922903006827919	0.153491119607363
-0.495820102807607	1.42535407478377
0.32741286248688	0.80346392031737
-0.478657247289942	1.18459067339674
-0.556757405435832	1.36292611145603
0.606472018899758	1.77874876603455
0.343857417061068	0.850081605110575
-0.0511194662198552	0.0872072277240991
0.150110165639035	0.323279549036368
0.091361427041078	0.189302110247327
0.0368250651307284	0.0687294760500318
-0.0648316732151204	0.126851421531135
-0.311971262571446	0.918890455906765
-0.11517998952686	0.267131314897019
0.0915960340979569	0.230805563657804
-0.0787092274555997	0.174499960251557
0.0211055361122177	0.0260609223552674
0.205132431812305	0.360051313747452
-0.121484678971684	0.226734531059954
0.0488863017503929	0.0968626077783427
0.00842227248626707	0.0163351171476752
-0.0897215310555548	0.2229868011777
0.237394367182062	0.797423921360754
-0.119887541287969	0.287030302428848
-0.215433119713013	0.735238616624475
-0.075061203870807	0.170620816486604
-0.22511837512248	0.64950655069163
0.0740992792845256	0.143837359960056
0.0598316004419981	0.107676101262678
-0.074721247944547	0.104598241101134
-0.551950155222679	1.21092915204316
-0.157110495049826	0.23660447379087
0.158697134678721	0.231343588811667
0.0393477256574967	0.0531379342421096
0.0707072524289379	0.100362270377633
-0.0306733615537098	0.0387003427348256
-0.0273471027260674	0.0378707606559762
0.0604138717715515	0.080025041040807
-0.0549252345921953	0.0830489326471551
-0.396063366228685	1.20195181731238
-0.265941224499432	0.6026473773707
-0.0145357750775221	0.0292501044899583
-0.240422063411979	0.82088625892358
-0.136939367568588	0.361258083731635
0.320804991565664	1.15653028580512
0.0752310550085621	0.18615785311501
0.0291233550118106	0.0610989532250538
0.164819295982103	0.43369383655096
0.032885657000137	0.0632362606020609
0.257084529188486	0.649848857178971
0.14552486445528	0.341386339855664
0.0931898622382728	0.237198985343261
0.155667239104969	0.444170646698872
0.339573848257406	1.30694088817129
-0.143492668620407	0.416150396426885
-0.28057306002991	1.03062024097842
0.104109609347835	0.281924548792435
-0.196318676263937	0.571345105535536
0.0312011315528522	0.0633406755288655
-0.0842017688594458	0.207550329655642
0.145369685775386	0.390069442220272
-0.153434998626066	0.417529786295505
-0.313530259825607	0.818088622512332
-0.239058483168677	0.660923591880684
-0.189341696044207	0.37850510651228
-0.0697683494437657	0.119535317567172
0.140249743113437	0.36963698774059
0.263548778572861	0.841989174439662
0.0916966472472953	0.145384532136956
-0.0396453661223759	0.0627085946506384
0.448427404825578	1.09590509607854
0.225375166155051	0.538716267430103
-0.103809621194404	0.184382626755254
0.13846556575268	0.212842923290202
-0.0890498037883934	0.113108763474001
0.0406875046386718	0.063010720586539
0.0133079422555245	0.0210435186135086
-0.297878400344669	0.734300362813191
-0.188982451626016	0.465767159559321
-0.0451855469029551	0.0873690552949254
-0.0105381870645086	0.0182079426984989
0.31082377166209	0.885317862814276
-0.106935782682357	0.249258282903746
0.0147161046967143	0.0309497976609368
0.0280879433759787	0.0510256738071155
-0.267207569531838	0.449044823888724
-0.151342840233726	0.247922300781562
0.00530027978947281	0.00871863840037606
0.383956466912178	1.2990761542569
-0.0739791614279049	0.163890726264609
-0.0691126749201244	0.152240760423028
-0.327728903917858	1.25849555967502
-0.0783510601961134	0.182690095472606
-0.113195769984026	0.261419230033443
-0.0113158523857967	0.0240981133257144
0.100905267379029	0.258959222204347
-0.256272892161837	0.865790225993095
-0.0801576931664364	0.175538083020321
0.16048089899951	0.330263975461472
-0.235791443374638	0.508739709476137
0.168345425209931	0.305917292982352
-0.163810133849162	0.283850827005904
-0.0244079326488233	0.0356525157089937
-0.230823460610647	0.415869376581079
0.105482706500733	0.181990047820726
0.0317427923129336	0.0464432571135771
-0.156728422610297	0.290492394541658
-0.030528542120812	0.0385119684593117
-0.28972862801521	0.674273070777952
0.0749474801071441	0.16051750524351
-0.0153321792461425	0.0270672585146631
0.0219488679767611	0.0451860462480262
-0.092473840459361	0.241328044757744
-0.240302308995666	0.794987281519347
0.0367784002259741	0.0839075391577087
0.133342052574387	0.348779455090142
0.292846113533165	1.08379775731755
-0.0383153381592937	0.0787849093452564
-0.00156664870262087	0.00303099504820861
0.0319767690223791	0.062334311512322
-0.0137425261302794	0.0269395771990433
0.037496174170126	0.0902469643109064
-0.0509504980359842	0.120828298371709
0.117741522847839	0.316939505172545
-0.0420323960460552	0.0965862991857108
0.237806780741312	0.759636978232092
-0.128978549577604	0.356079488816273
-0.197562783997618	0.550741016455995
0.0920620751931194	0.200052924496975
-0.0856460978902375	0.193726428912926
0.292914906226728	1.02646738592323
-0.0597624777044484	0.137531630372512
0.0203043720455983	0.0398185727266291
-0.0729053432965737	0.13850745539359
0.0628101029259625	0.126145631303592
-0.112725596735929	0.2743717530656
-0.217007114380212	0.631347193584307
-0.153904668674815	0.315277661361747
0.180510018251214	0.408850474262811
-0.0853014741015241	0.15041471339194
-0.134586530216873	0.263848885776332
-0.0757016131988215	0.130069429056213
-0.433304979499677	1.18972131259318
0.0258042153005663	0.0403798949469723
-0.016365307518465	0.028943625093046
-0.31028183391677	0.82207395776963
-0.0277778097786939	0.0512091541797106
-0.266802574042191	0.683714232921525
-0.483030363936495	1.81540612025391
-0.0173035884315155	0.0331505998151447
0.210709566649156	0.627262907468418
-0.13887913027303	0.369883218921132
-0.0123482240586576	0.0184195913562719
-0.18859482350725	0.407168080476965
0.0238182312280708	0.0465975164238396
-0.0763919078872866	0.178052958873573
0.0100107024833384	0.0220460513016076
0.0931626892358285	0.221493863654705
0.131174827462142	0.331017888536528
0.143926222020946	0.356452885168269
-0.158725004860102	0.374485946280501
-0.145595765376889	0.339586652071745
-0.222050189904375	0.668335073699913
0.0819974244466838	0.190096150594366
-0.0213198633199899	0.0465271708375495
-0.0459459862131344	0.10983192312214
-0.24262312892586	0.794600939768103
0.353060040741414	1.27265614564818
0.237584496193771	0.607981008119398
0.099644455473055	0.188044277017804
-0.427967791441866	1.00634465377205
-0.155401500572651	0.324743063132129
-0.0835076712546977	0.144233434649796
0.0492910322788212	0.085464811477536
-0.126663696533562	0.246994488731307
-0.168939069398678	0.3554337403785
0.144025827412231	0.251437248152145
0.143061032651687	0.351949159650274
0.0286165695563963	0.0529249689259977
0.0791359136688657	0.168125122975537
0.102914023674194	0.248069763222427
-0.0772956006827767	0.14712254779191
0.05113035287731	0.104353388855963
0.124014622547872	0.341731812507187
0.0868571797403641	0.201420366812563
-0.381051191715166	1.23522356458322
0.255444899441013	0.909367263959303
0.0738388361493777	0.185971464001773
0.114986007122913	0.312333420735951
0.012765813088759	0.0266460851455079
0.0812331574469249	0.192866620213697
0.151875402208766	0.341843136042439
0.127000689420139	0.324048114857424
-0.494143191579259	1.92508048381855
0.0401072833542465	0.0757165026084875
0.101331813014887	0.233367158049012
0.245255930886756	0.568123895890773
-0.0413468399181829	0.0756714634424022
-0.159782342532813	0.388239174918879
0.206930528363202	0.552929405664871
-0.0660934222645772	0.143191659075769
-0.218679097328631	0.582023481669525
-0.131536481515299	0.304230392081571
-0.126279548498418	0.345171627837609
-0.0284500076820473	0.0548167096006416
-0.125082407823829	0.300989546704323
0.206539669540809	0.554715489603809
-0.135251152560804	0.314905970572246
-0.022988729039795	0.0400322671787051
-0.132375959783497	0.258610930978208
0.0843220431816935	0.169618751979649
-0.110877646952526	0.245922254240827
-0.0403714051704446	0.0723773449307968
-0.0283143439377917	0.0555914782053433
-0.138647805275797	0.287887716313358
0.0706281233783036	0.154586718870933
-0.0798833651981134	0.174831008083392
-0.0647432160380708	0.12431619800721
-0.0650296696641554	0.154352476399687
-0.53347273686937	1.95971370981242
0.121877082529791	0.322923006505735
0.0566881341452612	0.139402150671606
-0.0828012880099112	0.216552104634756
0.0386003302827497	0.0738842600428528
0.161150985659312	0.377677339262325
-0.152517059227657	0.294984978541135
-0.359164255064443	0.850945960477363
-0.0118780928706178	0.0198239723172633
0.2300188924994	0.676416616679153
-0.026599162164295	0.0566050560305365
-0.0310645941704586	0.0610419173856287
0.264272997915591	0.755773537773556
0.245443180761109	0.573472621173734
0.30088476245529	0.682893457773663
0.401136476088109	0.9846534391436
-0.236154970732492	0.487669222371924
0.466755977451988	1.22853140275855
-0.180777909830006	0.345087207686567
-0.235772291595812	0.497903213464572
-0.346983114869167	0.913966795592205
0.155968776641023	0.270646728955741
-0.035778167555311	0.0663188823679398
0.0321080639935396	0.0590863551030375
-0.117098686126366	0.27255836862335
-0.0474727561321621	0.0933089533054852
0.36485403456651	0.948831913411833
0.530918828994092	2.04095302952285
-0.170982976171755	0.430179591464632
0.175229119849804	0.448752124787774
0.134320860038162	0.311303428771716
0.118293532578425	0.277683263365372
-0.191409670070403	0.527019797522864
-0.0856052946777692	0.190667995176188
0.044349132795295	0.0915319583370751
-0.088066526458392	0.19716906774771
-0.0713834406406139	0.135222190950554
0.146354782079858	0.393552034913094
-0.243099978976979	0.64619142622055
-0.178619502781042	0.418860260980682
0.0681625014375672	0.142033943784479
0.0903858618928024	0.154112523218455
0.114864677124833	0.229925984634655
-0.129018747604585	0.275498831524038
0.111472366000173	0.267804836152791
0.12257198103252	0.277174708485414
-0.173585482353586	0.424459566442518
-0.330856432787891	0.896893051879575
0.00870145142971288	0.0155996453766043
0.111188307582098	0.246771992453102
0.0319228735370559	0.0573827743569329
-0.106304532659597	0.224717503685876
0.174508010840604	0.403118231664892
-0.261946455031635	0.659482434069737
-0.0175880905700937	0.026276249433993
-0.11097089832527	0.197777989889021
-0.444247019678443	0.96166380662342
-0.0895018419166887	0.168190074100393
-0.0776125724956058	0.152942187196414
-0.355699476789925	1.03459808585446
-0.0188415297151682	0.0355462686699885
-0.161164720259362	0.374023900199635
-0.0738883647673191	0.134801925560387
-0.0251084599448778	0.0356910898934755
0.218575220202333	0.600833338552992
0.0323853128827729	0.0681208820028494
0.0657564991816473	0.15141780415079
-0.109817733872201	0.224330411986575
-0.251773526361154	0.588118934933787
-0.107383840736034	0.182931028313872
0.42172448016659	1.11382281845269
-0.0582580025765413	0.0813006254051375
0.163362896370964	0.29204215026063
-0.24989674761043	0.463208661084657
0.765264740265638	2.45552237007334
-0.0897649053790185	0.140990610622319
0.007216699964799	0.0114575298667984
0.0794755938052057	0.111437334248555
0.259466585316025	0.708258762605169
-0.49616485806192	1.93884721816779
0.141138093732832	0.346038597024954
-0.304674093775376	0.954221220657901
0.223959940356874	0.534254001094873
-0.281874766849347	0.712897747692386
-0.244930049894664	0.652785247557301
-0.0190422872924384	0.0336838922721366
0.320662122664731	0.882659058037197
0.0774337373031806	0.17077441418583
-0.322135376522455	1.12424466797515
0.200462634487448	0.58457647411165
-0.0404988007002435	0.083672506744723
-0.106120562274403	0.224268572364918
-0.363495855287002	1.05960066726531
-0.0662213965139554	0.133931772372033
-0.125395552029647	0.305355315178634
0.349650034486579	0.945450234392162
0.064048144713811	0.123046944697423
0.218165281898868	0.500728527042194
0.0624004742211494	0.10965051282206
-0.0107042444660041	0.0194431365876765
-0.0398619370159042	0.0727549181460996
-0.191225173203614	0.507123615070232
-0.113229642322797	0.206358139784949
0.233232112123243	0.655269191815874
0.24388564288978	0.651973986751387
-0.362191349415844	1.15983580469482
-0.0753577162047254	0.153471657502259
-0.0533981498725169	0.0968674762353075
-0.383571583431063	0.967470077250238
-0.322117335993224	0.741621910410999
-0.0701613221075459	0.132609219858442
0.0547511743448708	0.0964462144891183
-0.288043297442649	0.629612569393725
0.396854729535611	1.56849745503983
-0.00518187962204745	0.0105385883488766
-0.0754572187985615	0.165219985325268
-0.127585431308633	0.294581626731666
0.22267809249762	0.522316671748481
0.265448409539731	0.585343387689499
0.209851485438089	0.433404889129187
-0.265587520163913	0.518321843755853
-0.0300149392664594	0.0438813487546773
0.220778134931987	0.41729618057036
0.076976150789259	0.134186139228405
-0.288319512707213	0.606281520041062
0.0198313321276825	0.0287941299314566
-0.0875728387357424	0.126606439429936
-0.122085635183747	0.268195961673004
0.0771303458452181	0.158827025491078
-0.0320345283416867	0.0631184655525244
-0.277933925627663	0.772620018566129
0.0965685224807822	0.180063520767616
-0.0943562276829617	0.20594293795759
-0.141312434934484	0.365347001185968
0.212744592185007	0.562609452402514
0.0253883800475795	0.0474341573519658
0.153897778772889	0.399566189728789
0.190457553359827	0.527732468373114
-0.215421892707266	0.636620132479439
-0.0816461402559665	0.182110473214932
-0.142219810339579	0.35065583243011
-0.0490088524737999	0.0977288702129062
0.294054056944535	1.03234559195684
-0.0937409826906134	0.216800644780908
-0.0290682153229756	0.0509069006122189
0.141129842334001	0.324825287052378
-0.214758383812946	0.484893224515224
0.187151624820387	0.452887031916143
-0.126241180055192	0.273902869487598
0.0326353904418813	0.0646478905528012
0.00738634069640145	0.0134115398542114
-0.00514131634914837	0.00902278656663595
-0.128910061902485	0.285001663236948
0.148091838964184	0.315774147642751
-0.492813451612133	1.988375583783
-0.277259539912652	0.875674990026636
-0.0842416406291111	0.163718802829424
-0.431383503179363	1.4248644520471
-0.168087500193939	0.386333112769639
-0.377519757858458	0.880291255467001
-0.0633905933634922	0.131774999403192
0.0241158783553622	0.0510275410191504
0.0361860424562262	0.0832801716428125
-0.360800344205336	1.23355696689516
-0.196886096399369	0.450779894202361
-0.0340354958359754	0.0537191043573025
-0.232376464176366	0.520232730070252
-0.0126436097654164	0.0174229772775993
-0.499502662595092	1.33652862476576
-0.312454889933125	0.717657284673535
-0.460638138660904	1.1131859360127
0.0580539797686011	0.0976327791810782
-0.457377908830548	1.36995684207795
0.457847241026144	0.950748903284441
0.030030070199849	0.0568949842354964
0.177218521086752	0.45789804421026
0.180677097454692	0.444491894546024
-0.280301369879633	0.865834786139296
0.215770901260764	0.520854470421145
-0.10985924385476	0.232369237807038
-0.0653413452757715	0.152183751389313
-0.398433482948788	1.49520531614753
0.383185590726055	1.11147266068116
0.237599789809275	0.774038435204725
-0.172570692540292	0.51725495413806
-0.216712431310721	0.670602827818355
0.0483118481050724	0.107360395379021
-0.0824160193665795	0.181338261143049
0.0186497512401169	0.0327572166174838
-0.0608924970330765	0.131104234580479
-0.11040661986056	0.248978454100552
-0.0559762558195502	0.0993712971615357
0.0674562584125839	0.146074892857434
-0.350758631316854	0.940003426297267
0.0596787977219456	0.112437233603526
0.0172484954224169	0.0300390096713452
-0.0797493185571727	0.172549399243957
-0.155122543764219	0.358430488788924
-0.114283198623224	0.238750849026983
-0.0593038836436615	0.124716239268913
-0.113805049624415	0.280391848280711
-0.00230572007824205	0.00396236574804381
-0.00773826552035994	0.0135912363650669
0.0492491684191618	0.110590271152079
-0.0580960743031486	0.116186709509679
-0.203956788375367	0.57910451661517
-0.0354709504611347	0.0700626304401196
-0.0908393744700105	0.195694493986454
-0.0786144294564327	0.14451150090012
-0.0798692562244353	0.149511523011151
-0.0882869217219658	0.152513425990755
-0.0209128803387242	0.0407690176842389
-0.0763750824859508	0.184869062866033
-0.272562325784434	0.858911339120426
-0.114316667065942	0.250505082825978
-0.0839972843681295	0.15140411893473
-0.363934878962857	0.914974218489341
0.110808840905956	0.180004453670201
-0.062388955487846	0.0945916554872185
-0.35899792931176	0.731076687439022
-0.314149249026351	0.64914146175376
0.261970322701227	0.511949904107412
0.26317633900528	0.515064563210867
0.280166789325109	0.609435738399726
-0.745258823667928	2.13534467893499
-0.220297764214968	0.5349786980799
-0.0381594211881764	0.0754834180523432
-0.156283185892056	0.361951979867395
0.210981754664757	0.603611203357513
0.212747279657979	0.503983935490824
-0.0799503038932519	0.163335133963035
0.0371639011560941	0.0746148741448388
-0.12169708515722	0.284309159137552
-0.296860821024769	0.867324606951587
0.114580416064327	0.283385872206438
0.120079496782016	0.305214133407655
-0.0622225871116032	0.137974972542798
0.115795966281858	0.276255137270039
0.0199724025928057	0.0427750543642521
0.230671090891141	0.601605790893867
0.00126372018319853	0.00246704747677467
-0.0847102474717668	0.203020930627155
0.119684940050733	0.275571795047842
0.188564543039472	0.501549717226023
0.075126728952816	0.14610133862304
0.0957284739580188	0.217047593137712
0.25865143455583	0.714757707163736
-0.200971913451086	0.54306232018213
0.170110167003242	0.441956707640438
-0.128919895215088	0.302144804815241
-0.346186417590994	1.16332093815601
-0.306846837859917	0.972089257149494
0.0808572919041812	0.156662265949259
-0.300947927434101	0.92892842341237
-0.0638417048049376	0.122358740218842
0.358812582648333	1.14708859813287
-0.0362378253884213	0.0713902068224066
-0.0863725992238291	0.190620925125161
-0.531365048643033	2.10016334660733
-0.026084992149948	0.0436848291066164
-0.163015400721696	0.365634726624176
-0.45455592726471	1.16273314470553
-0.154896107159422	0.422758279543173
0.200484289453641	0.615339236201826
-0.22223452624568	0.752326365416838
-0.380610766844743	1.19859142486659
-0.138677839643362	0.276451005596838
0.0455333370193362	0.0672550581879351
0.0290752048312103	0.0435300224633268
-0.444253347566234	1.04986964264374
-0.353355467335815	0.70229659153846
-0.407889543747017	0.977762800895146
-0.0466025305060073	0.0666815847447289
-0.0157272413090224	0.0228399954221233
0.102768556304676	0.190389477376259
-0.129662744114637	0.200234707666915
0.242351301231275	0.637643332297366
-0.0518328419195521	0.109369737110732
0.188158185919325	0.482734335400078
-0.0180555302664961	0.0351231420671888
-0.0266874589718862	0.0499090488777765
0.00275050624302228	0.00509990489896281
0.15025749965101	0.427988998966228
-0.187195988198406	0.514109611967303
0.398967920876994	1.41998966179644
0.457295449491319	2.17531881110888
0.126697315932372	0.3427203625277
-0.0509595832564291	0.113024430205462
-0.0423626562284984	0.0928605400460827
0.0871635808010843	0.20935988329919
-0.0123841181201351	0.0245052576766256
0.380171004022794	1.58739211711463
0.049338012098235	0.108261715947604
0.062566623854809	0.122109640812511
0.0870326484478837	0.194407671565944
-0.261238450260883	0.711142528869353
-0.114082426700652	0.271378727264683
-0.0477689845872703	0.092373711220244
0.285740299073203	0.956531652941695
-0.166750880548912	0.449702518655149
0.179716442670385	0.455448028786197
-0.0254705467187369	0.052375262909112
-0.199186285726722	0.550279003446058
-0.268180196172891	0.999401929878893
0.0296343219206704	0.0599762812352406
-0.330960542743763	0.952776879408759
-0.196133460591656	0.493486897502726
-0.305389414619323	0.834515523129699
-0.16771417910704	0.402763188071513
-0.0721647227876925	0.139650732679271
-0.223397696986762	0.629437351531571
-0.257447418710335	0.757535153619286
-0.139910488687621	0.356830480876977
-0.0805951524593092	0.1533546314084
-0.173785600807641	0.345388454467031
0.0816370375012309	0.201630837194027
0.0976650556972171	0.261013325012686
0.134447906073155	0.39730905051723
0.0208582637214063	0.0431853100264898
0.353075899238887	1.04886615090007
-0.149143063806192	0.305488503100278
0.00692819083891725	0.00970310787610403
0.024167347576707	0.0356196617557693
0.315710394226762	0.690203247333319
0.340751928314945	0.789577752402874
0.0199977723562332	0.0282570806829895
0.198072727363284	0.410585686433841
0.145778887577032	0.294028211502164
0.257391901689295	0.489070590026298
0.0586393756859307	0.11028815843935
0.411506339855116	1.41515577763742
-0.0202634716158398	0.0399849988858066
-0.156412551294759	0.466748627679309
0.00223118774428306	0.0044886224716091
-0.102749519274147	0.258654841454922
0.109800591806846	0.314913522433908
-0.244006661316198	0.863047191836058
0.180856207807771	0.513124799861415
0.0162001584216587	0.0352202610458127
-0.0968531730899807	0.241712783365445
0.116657867747099	0.29737222581514
-0.153110597552487	0.45344619863279
-0.346847973531859	1.44757991641989
-0.0700073506404186	0.161625466155237
0.0647913782568328	0.166763093745844
-0.219579859664547	0.729300196324103
0.0483682197049184	0.104204832849963
-0.428499761752203	1.88652628547342
-0.121230416231834	0.307905007706133
-0.348870102503673	1.16944841511167
-0.130331805792348	0.329367192941992
-0.260439487900273	0.833126743450483
0.0454488124984655	0.108395278752804
0.048448992588015	0.110221035673684
-0.0750103696923064	0.173666162057824
-0.00777480367150157	0.0151550104438203
-0.0278213411493475	0.0631726018373928
-0.411648376343158	1.68337726086289
-0.177555787949662	0.510337944718991
-0.253798922830168	0.844952232192677
-0.240184343713191	0.731219896783975
0.0172787147754827	0.0324432845742192
-0.525538657568213	1.79933374422271
-0.116656876870927	0.342291802789091
0.0187381158472998	0.0421101409093811
0.151383588538377	0.443871631211054
-0.288725188978479	0.985998147653689
0.174703497015414	0.381199314405556
-0.173063986437103	0.329418176156699
-0.242757534828372	0.438853421150965
0.306537678183614	0.522246599526654
0.230458940722656	0.38103122910939
0.530587044656294	1.29915021575629
0.443765572896018	1.18325787817403
-0.208515342263654	0.373250700680026
0.286139185531614	0.658280631690063
0.0354480930283402	0.0455741091496506
0.176189266751811	0.351985796902841
0.276182573665133	0.858901711083096
0.11814370552364	0.25560597857591
0.301987673316541	1.26693432035804
-0.0198582054692387	0.0466409748574542
-0.145938551891384	0.467521333663514
0.278084537844262	1.15085152458085
0.20077735998695	0.704307074454143
-0.0546954394611801	0.142545993359105
0.189721789383573	0.584007044394486
0.0166334743049613	0.0351269836144862
-0.111106912938601	0.273432362613526
-0.404636602536335	1.41169754883812
0.105188777123085	0.300573343904541
0.260313312267119	1.05357043632809
-0.0974471006798762	0.274775100639981
-0.0535274289152952	0.137178848615991
-0.151948094227413	0.433882932670813
-0.106913564929115	0.278579532124481
0.0409303741660023	0.0936104941725155
0.310175833813566	1.16718337223697
0.100805567055612	0.280211756984209
-0.0621101144986233	0.152986562673521
0.0629780273940944	0.148742798244413
-0.0224706019064872	0.0514008557910051
-0.00139354906271956	0.00299933630244227
0.186492713377	0.637283921737209
-0.12239601129284	0.347556066305131
0.0402073234650391	0.0930404773566069
-0.226935513750224	0.720672153816639
-0.0128262052491701	0.0263085015326081
-0.374381715067162	1.59612954123551
-0.0708467232060309	0.136798055790672
-0.0011924875260601	0.00248045161490947
-0.0155561491454342	0.0344508197332148
0.129491174533882	0.333362921640143
0.451656841003356	1.93256177944081
0.230076489483086	0.491491674608014
-0.141709451367562	0.231491579778117
-0.0519044076684018	0.0701075598879706
-0.0476949704977568	0.0602712066541609
-0.437701670817831	0.747841032910595
0.314916114668444	0.572098164091618
-0.503792470829667	1.19941676384454
-0.226321181081733	0.438370874326304
-0.212326353082606	0.371872417482829
-0.497685074825056	0.956950010122564
0.290820406669865	0.691905463661529
0.0244619493685863	0.0446594927709109
0.35515278407058	1.10625058921684
0.326982930271453	1.30580746884955
-0.00231617145010572	0.00490726810080258
0.332916738919516	1.40273667863734
-0.120149745513287	0.339586922725882
-0.0392139758734797	0.0951989108777568
-0.0871461580745143	0.222120256148832
0.319500883384302	1.2235709301325
-0.154454537634808	0.412641042911671
0.000428143849953202	0.000841496628181127
-0.00195617473076227	0.00383216856928259
0.0447047733209814	0.109083582369774
-0.141927307875394	0.443185847519627
0.0304441802088794	0.0742732961212607
0.117584757685205	0.350098230745745
-0.0855771691591112	0.223863426724563
0.159144930451407	0.497794917420786
-0.0110370967032068	0.0234909139409212
0.127051225653379	0.316793145126349
0.422259032377521	2.07841407304704
0.0168953040009169	0.0374692484194428
0.00872448092711467	0.01888073415191
-0.235869829651295	0.769903303983129
0.144689292131733	0.443524884636801
-0.074557025802082	0.18929302066488
-0.100200224425722	0.276104418172689
-0.0962184609032151	0.235653887199491
0.232333618387871	0.743540652700722
-0.0996253436224182	0.239206514484525
-0.167154747712894	0.493055762774764
-0.0710411335589564	0.135228106245925
0.00938403559999912	0.0180097880762098
0.00810202969925995	0.0164509900816429
-0.362512366454664	1.49730347289643
-0.0566367152667967	0.130360058173243
0.173175674244902	0.410564557627762
-0.215771603470867	0.532833852911664
0.0064309688099853	0.0092383692096344
0.253993020576792	0.364190845681287
-0.0344020276137247	0.0368587675859709
-0.0234544024853551	0.0251681423189087
0.132925877392539	0.175956773641537
0.142105744445944	0.195359845245126
-0.399245828330716	0.742225476868443
0.632877515743577	1.24986245732768
0.16457269351289	0.244662222445284
-0.0233220837746003	0.0250206956192244
0.349865642233648	0.709849078691978
0.400433824065106	1.08915648738338
-0.176151748144933	0.36506902267471
0.0448349626971302	0.108470382536577
-0.191216025321192	0.742911753303659
-0.0132936258367798	0.0331413088835665
0.305097587857563	1.12327239152194
0.202925173941348	0.764922085364054
0.146693937289466	0.518914487970131
0.176424677040962	0.501776942181727
-0.122608808484668	0.256617550855099
0.105318846095814	0.203393187918201
0.153149044770651	0.319387126147708
-0.235563291545303	0.856053061557694
-0.370603336583928	2.04921434695182
-0.231652764862605	0.885610328112821
0.121893972236231	0.400930516177992
-0.0409310738889005	0.109569781373282
0.19623670993474	0.791858392827082
-0.106699926325453	0.322881902241149
-0.0192559828995532	0.0479153278945845
-0.0440596531727023	0.114662781902869
0.0696374428378058	0.182250328826587
0.095353887712696	0.282193066945676
-0.0545161333711505	0.145479905339446
0.0554276432457795	0.13933658268501
0.0275579318845202	0.0703941410145522
0.288876036517349	0.981812983260403
0.344239575155353	1.41968565638599
-0.23553241910075	0.833630623579117
-0.23324394949992	0.700470585633377
-0.0456252869847768	0.100374435643695
-0.0534631966293415	0.0984047036801183
-0.124984036182434	0.315289419006351
-0.103893945807635	0.159652378512
-0.164707930159164	0.528431754466058
-0.0835621051218435	0.212012323960193
-0.356397966953095	1.13031068014135
0.16456027364987	0.359384832783269
-0.0271657555626309	0.0364655009445327
-0.643845054488937	1.39087620431748
0.248631460529716	0.2911647284974
-0.316359071592196	0.367319425514439
-0.462221680917185	0.6897837484548
-0.851593353957921	1.70276683277735
0.0572213698640225	0.0781442769695554
0.248148244172463	0.347885319913743
-0.275455873527277	0.39532267220211
0.145573970489726	0.186243165369672
-0.0120456327778078	0.0170585145521934
0.206467736405866	0.39241975027642
0.156334642853942	0.301697841329567
-0.00775771747499328	0.0164251653283877
-0.0351280872646105	0.0896787549902271
-0.0526635486500545	0.150873632903249
-0.0228840037701498	0.0508256795593719
0.181201865047371	0.653320661939516
0.116883726729695	0.350611779543642
0.171782059794899	0.464335085817218
0.126601542978631	0.255998197480707
0.312833709184323	0.900447868723712
-0.0521644953922333	0.0906032206743063
0.135367418491769	0.420529128276006
-0.0535471634874241	0.160225513137151
0.0647275959966606	0.172783149703102
0.310534493330243	1.55652833340448
-0.00333906847050833	0.00836535858756682
-0.0703092097295309	0.207591304671063
0.0661244318058336	0.187888445434043
-0.00819046129590845	0.0195011107849054
0.141524344135215	0.504017816128051
-0.141607255753829	0.456464432370721
-0.012388617628272	0.0286786085660449
0.386258117868825	2.03896940698362
-0.131972189980831	0.391827727399155
0.0839159259578725	0.226518023744345
0.162877133240095	0.468737804761654
0.0527094462920938	0.127732556842938
0.127390491684217	0.333773910665263
0.126548021330367	0.281081771499092
0.388249257401969	1.59890231489161
-0.0664250697021054	0.121149670476558
-0.0593523769817568	0.132578591868643
0.0523052219413235	0.0891955995245561
-0.290949905961511	0.59778027455926
-0.2747025446082	0.47428979112974
-0.164971156924317	0.529672920536487
-0.178512368897376	0.519162207328145
-0.269080298437438	0.842961352985708
0.154294867878278	0.362445181067512
-0.0550444706790824	0.0720874831079114
-0.566604729050361	1.09432220280495
0.776550044339099	1.62173694104195
0.159047603072451	0.154826960000556
0.152339973981684	0.182970988344015
-0.371525314496388	0.572835655241879
0.195126108364985	0.274308747364177
0.123957342691306	0.147803828186445
-0.391423706396058	0.706627016579943
0.222147492813224	0.314980367349986
0.0982735424739036	0.139280997001671
0.12529903011949	0.243554173596451
-0.0165236511706904	0.025254302865841
0.0934232082216604	0.246709612517348
0.182602108345527	0.720379651879325
-0.344587619463276	1.68570753102713
-0.0844268301534873	0.21943403859889
0.0448433516868475	0.116334905064678
-0.037025722404681	0.0926170196143247
-0.0184807100041854	0.0373767448707046
-0.231258671267988	0.591875559843929
-0.210122558002857	0.483888752634036
-0.19491269220791	0.413672340725444
0.0115515873563083	0.026390438258124
-0.0236655684544923	0.0642604435985774
-0.218943713763784	0.787464160393103
-0.00891054899635305	0.0229621659189756
-0.000291955453645601	0.000731013349661697
-0.0284523719744689	0.0760058651806258
-0.110158830745888	0.325322395178208
-0.239644245692491	0.987784369695381
-0.0673163962571372	0.180831514563224
-0.0836031933354874	0.232730429070771
0.184642862998115	0.635101345818283
0.0573698263855854	0.155923535321586
0.253583977249565	0.806487461478503
0.0315424082489765	0.0716172028409775
-0.175140393186624	0.493084476767846
-0.400778051364599	1.28989051474966
0.222307673260216	0.69728853280687
-0.146252962067106	0.310452990262544
0.0555598632302815	0.117128179000915
-0.168495714844933	0.347884607607996
0.0605297529109041	0.14062143551026
-0.0255937925883733	0.0342826160718299
-0.113553712746173	0.300436816300719
0.104398531523002	0.287584269617561
0.232706408480623	0.785766481035456
-0.0258874729525678	0.0550056492711654
0.0642037675588333	0.123374633142315
0.362107602416495	0.875507633427487
0.00826700647320382	0.0112776370327267
-0.00437062925720699	0.00583070356204139
-0.433957185681659	0.977884285079037
0.0630348319429908	0.0980832294335227
0.000975416828147132	0.00130794461404211
0.425156681149124	1.03058948071425
-0.220121510479265	0.463065269232952
0.148294004103288	0.235942348458153
0.0244912288510157	0.0410860805617768
0.00708102855894148	0.0132219112062118
0.266859816376851	0.833146379696895
-0.0727718071795797	0.184585458022179
-0.0420417668096929	0.101648495051425
0.0115127275272359	0.0257308778857965
-0.104581293093139	0.278701736192476
0.313555884270652	1.19128113118065
-0.200496793508175	0.637432172678109
-0.0381427186745457	0.0894262835869126
0.257825850941877	0.909511778276769
0.336681791097949	1.27201936874313
0.126266881618391	0.34003458551711
0.368268910923124	1.77998347231347
-0.111672845248293	0.321600761086597
0.234700664605295	0.864670729735814
0.0889712776504072	0.245560310131908
0.068366646700445	0.175583233486364
-0.0577395566379485	0.146652924358716
-0.00162757842274514	0.00335677235300409
-0.393381538574924	1.92808843684561
-0.12562245166492	0.356908156955776
-0.143665649259237	0.436528043469935
0.21440708617234	0.772717511028847
0.195702713268711	0.58806219039107
-0.0997016806961839	0.22259512821827
-0.0574432206447838	0.129394799603013
0.0501470872349385	0.107468391724049
-0.0478079043242393	0.0924208270809841
-0.123333850582061	0.280462352096152
-0.130725250280589	0.354869208810428
-0.0767310974150493	0.178328413711808
0.0224692192574322	0.0421944921558803
-0.0779619506676708	0.183283313205638
0.0788785150607388	0.206131373906216
0.0131208580206787	0.0291928365515486
0.105542298009653	0.275409859635542
-0.0989991557806367	0.238370063010898
0.13381392769187	0.298827236435189
0.00343762284224199	0.00574127071067129
-0.189530807087309	0.40189564575031
0.129036241613435	0.263785637399823
0.211356977428046	0.469187089321905
0.295550767581526	0.826564705857287
-0.687689356959232	2.92035346343204
0.164110637431191	0.388867255106079
-0.180907024882386	0.345390990342372
-0.111644765568159	0.272265172061205
0.26280972472303	0.802052824410117
-0.00171843607873205	0.00328475899117482
-0.151005400330158	0.422602354901644
-0.407427294850887	1.61006328688471
-0.0912415097132236	0.215063997833825
0.289173202755397	1.16383729645154
-0.00337863977729103	0.00741175655857513
0.102873817406016	0.252380045322394
0.196140587729091	0.597115466938256
0.230712188505565	0.792569750710136
-0.237267611995026	0.82448516198553
0.00771528628046328	0.0170477516965198
0.048555402441362	0.12020219554792
0.0632303416530775	0.145505730769874
0.235940654284376	0.892448038006905
0.182242508932245	0.56232308517242
0.107638742595192	0.254391564077711
-0.393191434599746	1.75982115300044
-0.124067399727556	0.273573361740529
-0.26279209853527	0.839815888876924
-0.0922379305791227	0.229667707689824
0.181954139026128	0.500033707561489
-0.228037641976954	0.80903464335228
0.222612389877208	0.717774567001318
0.344222964597546	1.28736400781883
-0.0694473111217955	0.155186157285187
0.0616733887283989	0.122972310777639
-0.307711249329145	1.16469888788636
-0.0489852087117597	0.110363544909492
0.17958566217305	0.50380045608271
-0.254853561553839	0.766756499848305
-0.0920269715436982	0.186546696776902
-0.277335867388831	0.857621434472952
0.119128867153444	0.311380271095059
0.294302446759384	1.1482677496273
-0.306200163996356	1.31840842000138
-0.0724825551265991	0.183706216893026
0.0476472716810579	0.10418196132191
-0.270576871907456	0.717151595126084
0.0774514150811691	0.155915753467983
-0.05074791045369	0.0952414683693516
0.170648250467916	0.367453456754187
0.0388265737157777	0.0648336601973786
0.20488089256438	0.439816038803919
-0.474265516178613	1.58219017953479
0.0295119102048875	0.0558565219258869
-0.190210415877612	0.372700178838108
0.127476400177368	0.295581215638525
0.0847982046575772	0.201878239672306
-0.0951540983062338	0.239535537575942
0.105744519295677	0.29215482893897
-0.0835122383296601	0.184132338420862
0.159842943928401	0.425307000408355
-0.0453666064564942	0.110002988633218
0.159846622194098	0.465086195638506
0.0107892733717391	0.020490710161738
-0.014746493900015	0.0338955374497966
0.207089553244688	0.719802075706326
-0.245179126996507	0.912298456742209
-0.0896132438182674	0.256887993701381
0.120400665338412	0.348140478696415
-0.118334221599066	0.302838442759701
0.168948451453367	0.572520780953432
0.247718058028454	0.881553386591485
0.384647884460524	1.32902996867026
0.0951451323058756	0.242369714420293
-0.0144718814622366	0.0246095288726157
-0.0031721962682711	0.00599266958563932
-0.111893713582586	0.298525104150718
0.0142933385642357	0.0297200622648877
-0.0453399833294336	0.118385074926239
0.00847189792949666	0.017754296453105
0.253106836084528	0.84389971206965
0.0127997153948621	0.027529069028743
-0.0729451721771786	0.150501742263512
-0.0148637971692319	0.0339068219765661
-0.135700637548117	0.341238737199831
0.00470021936231404	0.00953862269087206
-0.219172618692606	0.716644541927479
-0.229149868831954	0.612888057853677
0.0564673494701503	0.129151612018107
0.112599398121332	0.302357445030693
-0.021423096801792	0.0514416183621436
-0.036875975693609	0.0836352435844143
0.0796697332627907	0.205778057758323
-0.237692523062592	0.620333600555407
-0.120938856458034	0.257761315069504
0.00199302056143238	0.00311715263724254
0.11519450926474	0.237161380932922
-0.00114916635569927	0.00190137909747857
-0.101015891678104	0.215556360152309
-0.0876681479290232	0.173901881518897
0.2626540710822	0.684355316789047
-0.0980501377355015	0.181396647300789
0.0493448178934707	0.105154713156966
0.0457049877983449	0.0962931608480552
0.000764851555937685	0.00160438172924334
0.0146680477779746	0.0343630171090044
0.00965669661260737	0.0212531033856498
-0.17455351984672	0.534178500037614
0.335639019218161	1.50197054701888
-0.181391004158587	0.571290240622017
0.148555978485874	0.438115357918185
-0.155757357228342	0.51738895085931
-0.0783738457023675	0.216560286980353
0.0269421774605808	0.0624169247215843
0.0158385357706977	0.0376553296174214
0.391130043508151	1.99403380048264
-0.200256507665115	0.638804637345504
-0.342249368389007	1.62303508800061
-0.0493123892717327	0.120359126685183
-0.0836799699225985	0.198328317668102
0.165520935607412	0.543858220811117
0.0111609248305096	0.022644327735834
-0.00551288706812682	0.0108543576739653
0.00480520089195884	0.0104270281332241
-0.00540592593255617	0.0110883839566513
0.00705886896573541	0.0146024991918188
0.0394301710601601	0.0939355030071983
0.0534274699939251	0.143579256089553
0.120269574034899	0.346687260142566
-0.170508612741262	0.487648824571672
-0.0189373526736431	0.0398655807517298
-0.21891491152752	0.702030530227504
0.0284526773065444	0.0627002536993555
0.0224960030765029	0.045081968158196
0.0769264476360151	0.181101742838635
-0.443480139270576	1.66053610820332
0.0410772707142328	0.0861326019835835
-0.185868363390898	0.578323452651846
0.102410489572263	0.313377374516303
0.0545189546967722	0.142057511664556
0.16172555754845	0.501524527391402
0.0208594975453191	0.0409420120502322
0.210490776735754	0.620694752993765
-0.0241422721831038	0.045836954379736
-0.121041946308996	0.248925639078456
0.489688188918485	1.74237470643541
0.113142976654065	0.260481689536524
-0.27951465298302	0.855257214733972
-0.214913100930817	0.634489325744982
0.400516527597023	1.14199016197697
-0.14393117596242	0.417831789096242
-0.115789813770539	0.286124216443339
0.105690208349714	0.302345658759083
-0.0270221637829521	0.0612280319786883
-0.245911641353332	0.645903878172671
0.151759478723116	0.417473347643492
-0.101318799167887	0.279875902434074
0.272492359760969	0.918358370027395
0.076688410729219	0.168133512125619
0.0730301971877084	0.184883336773378
-0.0573210920276588	0.144131355874288
0.150994498923479	0.518109419136354
0.00245232290749985	0.00561570457287839
0.0830192034315141	0.216047294467503
-0.0339996043961181	0.0679547866289993
-0.0160853713914884	0.0362779060071214
0.015311791627428	0.0310991233104159
-0.117873888136792	0.233595260819098
0.0767312372493444	0.164900483696521
0.00222709282748624	0.00371453228506494
-0.329802018572879	1.0612096995154
-0.129717801732408	0.33557110440098
-0.321460402817348	1.59691950988799
-0.0901299724905634	0.240833134333543
-0.103822428789106	0.239049112335176
-0.0581408916611846	0.121990484304979
-0.372998634526829	1.3528938349356
-0.272622126723036	0.971365881080387
-0.0896264710811088	0.231299466632884
-0.212651636059582	0.628514636264062
-0.444140196307375	1.80729497300772
-0.0862763313299839	0.23817119513986
0.099826250933435	0.299177816715743
0.233150508662285	0.923166074724916
0.123847922268338	0.330677391828465
0.0162420520844427	0.0304482911725327
0.00925092119072704	0.0156966312090963
0.101903270177468	0.201341921927233
0.194133655259642	0.470863138285223
-0.104535776790048	0.212883640501372
-0.0778874895278156	0.158542790472594
-0.226267846458465	0.569567482244709
0.271602151238937	0.76336185536572
-0.255945489475451	0.57725060929005
-0.264091022368957	0.808675496485201
0.210937512532649	0.622512528332158
0.0712032396684674	0.17588658829714
0.240767620283645	0.93332660303369
-0.344197694907827	1.09826394676586
-0.0601741847250591	0.136321915466286
-0.0144784257896212	0.0337548207568442
0.0729886373887921	0.181634407321119
0.0613042078845368	0.12998291384243
0.0734369598431447	0.194929055617016
-0.0840976488137953	0.232986603614196
-0.0179294173309461	0.0428455748205866
0.123883508312703	0.388857660779729
-0.119330443290466	0.360008757774166
-0.135977924417926	0.385993646212969
0.189550789975463	0.607123425766784
-0.155966534126317	0.443126662072739
0.0181175942233583	0.0352187396681162
0.00537902053443648	0.0113072066812909
0.0636487233520671	0.124448989920481
-0.0574750713097245	0.137111527465476
-0.101794609250427	0.29902161932899
-0.0667021187083012	0.153936636503909
-0.0790167358624142	0.171554747567766
-0.120958153855629	0.345007539152099
0.0648896953556268	0.1718728428404
-0.00819776741758224	0.0184807861019005
-0.0347528473000516	0.0846670904771392
-0.282192476684924	0.922900742443787
0.285548837700456	0.88882426491042
-0.253395527252012	0.697064377334042
-0.653467475601135	2.65667515296136
-0.0794939991274672	0.15184579149497
0.056967906180531	0.10470408200391
0.0811358446898424	0.170124074925977
0.0534432379294259	0.107856980511972
0.204066381310991	0.562176470111631
-0.109675214120688	0.2123708949005
0.0293089953856361	0.060043230494727
0.0308139135988321	0.0651278811517037
-0.126777178194433	0.361026257781441
0.0627516938152428	0.168523351786971
-0.136271114268721	0.412962221932807
0.0451424082315792	0.121367197986653
-0.126545848861556	0.403263796523777
-0.0343650012719291	0.0858632615217332
-0.212701864228179	0.72092177619494
-0.140550214936309	0.425571851605659
-0.0428621615773604	0.102911428174742
0.133639258457893	0.388854465130382
0.0962220311648565	0.270693769204139
0.168600904438391	0.569435208101105
-0.0361392248718055	0.0906959777976425
-0.139476348479034	0.444683271189904
0.208525554294879	0.768481785427898
-0.239442817108163	0.775099242039547
-0.273044675366511	1.05616322259268
-0.112667236570786	0.274195954668868
-0.0573514651842094	0.126436056286142
-0.0208278866334032	0.0443611691469607
-0.0100650960463737	0.0205787861618198
-0.0808253603996041	0.203851193605241
-0.110837883283685	0.302075766626102
-0.143084759320888	0.495982230551892
-0.367993637507506	1.59440029517266
0.215570684306585	0.672059933320475
-0.144720156242346	0.395818776306861
-0.166212746013883	0.368940107488919
-0.106788922443192	0.194110400831584
-0.472373241518733	1.23797023804569
0.479400918779997	1.11401896914691
-0.630414992763003	1.68728796516535
-0.242947568929596	0.482942673468209
0.159104909518333	0.310875341472922
0.0242227540235163	0.0356952737645949
0.333604178768511	0.733896400931357
0.328870053351641	0.679180133878095
-0.0316423025747197	0.0543015380704541
0.181504947170418	0.464007950333671
0.0449007286107397	0.0878609588624428
0.232915520123206	0.907661420745604
-0.0951971545531997	0.315783629807681
-0.0174054913917257	0.0476381946163302
0.135275621179813	0.408152949038045
-0.0555713921407326	0.155460928767399
0.150148722618098	0.543692320917522
0.215654745925299	0.711013710143906
-0.196741460665962	0.569505913480106
0.0329602886379292	0.0593497639074138
-0.00648797030297018	0.0121300668218162
0.111049288145714	0.34342528253169
0.170882480919199	0.650313333473954
0.00536823119584355	0.0124660994705576
-0.125210011716684	0.417253515031185
-0.136210858646272	0.450531528422695
-0.0188559390645341	0.0456213876356912
-0.187162980310592	0.654348979141111
-0.111500475393431	0.344327035434338
-0.361360468252093	1.61119120456757
-0.179456584718455	0.618638468781288
-0.228086637926304	0.868025154314693
0.0443468241854454	0.110260062959068
-0.376411802891862	1.59268168804432
-0.212141994668844	0.592970968558511
0.312442473251654	1.02632165498843
-0.298709594800137	0.860691297657185
0.2094858652964	0.519499808345183
-0.131569396883589	0.308164468328628
-0.427364120507278	1.55877465542941
-0.273842116633712	0.781218990412908
0.0759141453475496	0.152380859047824
0.231214519153887	0.535179544234016
-0.031594342929589	0.0677611348295375
0.0026197539238827	0.0054362616316257
0.025486052930151	0.0561780215679228
0.0732665460938177	0.212675297248664
0.127806716380381	0.363813831365727
-0.0299777251754293	0.0732881367034777
0.235935803027738	0.966338815144614
0.209969398449446	0.778072713400932
0.191218736004819	0.604758900709738
-0.199611561179194	0.670135725017202
-0.14586375276305	0.469016778743891
0.166607477530553	0.550269950779389
-0.0812943814122526	0.224294696617305
0.284434214837561	1.18914739521196
0.0655294142680579	0.160576485491017
0.0126219216314087	0.0304075689529489
-0.0743439423779549	0.193627554254762
-0.0118118517309571	0.0221446463507565
-0.103956719794274	0.264690591548845
-0.196760233471076	0.614642977206753
0.200862820645576	0.619512723247928
0.265198584041578	1.03110305042273
-0.118264477467516	0.367031778509243
-0.0993231791065601	0.290814268086186
0.0504469735704157	0.124678837494938
0.241895062091321	0.811069690834789
-0.107893030382809	0.25304512482888
0.374495436510563	1.33738686836443
-0.0223570235792076	0.0422917269675564
-0.323956222381253	1.04904621358047
-0.655237688166217	3.31924559150839
-0.238364079146519	0.749021685616197
0.167538263159538	0.433378892876517
0.0947758933499372	0.176196319156337
-0.0000163882263354257	0.0000246383887163725
0.0573487922847777	0.127846819053929
0.209829098971365	0.722587793259316
-0.0971531603894476	0.277980102502943
0.224155803866274	0.730730875302507
-0.135152570647686	0.379910260504635
-0.065705714516988	0.181901861248525
0.00820405973044532	0.0171825900271714
-0.254544529549846	0.81570859002845
0.0306965651288239	0.0760678928468818
-0.0057068836201456	0.0129111007633511
0.22113329757733	0.812593290271022
0.0637480442643123	0.169775757693628
-0.111548199307631	0.306808951686178
0.289867761689225	1.04071947998956
0.121460391484932	0.362360788906315
0.272243915697281	1.01406197904277
-0.316461297969172	0.971653694735525
0.046975687724832	0.100913798796038
-0.119572277166387	0.254291944141418
-0.0208807831013455	0.0412555486357095
0.145532281805032	0.42235394972741
0.237235125923601	0.865382397141246
-0.206362681574973	0.785652342916067
-0.171166210374915	0.633077796210334
0.179511341814213	0.697783828413395
0.170152994460259	0.534245100891384
-0.0151717310757463	0.0328234523651449
0.0293252522645731	0.0624994134559068
-0.460791875352655	2.22849982670681
-0.159852738808792	0.468430042339261
-0.052661134745731	0.127978156563516
0.0928887230045666	0.242426746209164
-0.225654254343912	0.76179268448418
-0.120455816746083	0.256539567960559
-0.00435335985548633	0.00874590161172709
-0.0890438073643324	0.209789318884485
0.295448515760615	1.11267708257851
-0.0771244831110471	0.209217595311575
0.214333310828537	0.707599445270238
-0.211059196924555	0.701233734608146
0.099731096087076	0.29957745288987
0.2344162343323	0.860300031469732
-0.0476635955848546	0.109451409093793
-0.0593919603771307	0.144789195417087
0.103997212798869	0.30866632955522
-0.075586778205599	0.206223707044657
-0.182284664342965	0.63026695840003
-0.201172940376631	0.699494463689666
0.00389073898637632	0.0082507434068876
-0.344270621152543	1.49548633708457
0.0327488054898098	0.0773301743810831
-0.18389337009779	0.498503342257842
-0.0185340479323901	0.0390994825186793
0.00800274063712891	0.015632962945224
-0.0398091021008744	0.0870720363462204
-0.246102199792118	0.673635601330808
0.23720225767785	0.845926490935129
-0.390403013308518	1.93672382225484
-0.0901449856929779	0.251988715278105
-0.328162310068135	1.66765547602032
-0.200503075593113	0.616363974609428
0.000421892630706816	0.000902695518817181
0.143990207461401	0.424133442403563
0.261476112205697	0.992640489038413
0.0602655926483703	0.143527851249364
-0.135094945216527	0.371845802168094
-0.27155289724475	0.918965548168597
-0.0455405176259903	0.101332415518256
-0.427446285864123	1.46260855141978
0.209067724822391	0.74900607276855
0.355179888412144	1.34753048950686
0.00897058002249818	0.0206275762271512
0.284394016011686	1.15652973921053
0.579707713287958	2.45111585129409
-0.242739002939611	0.781827796884507
-0.0937705371151311	0.274538579047717
0.0142004013302499	0.0283269644283875
0.0907161513323525	0.20089406921518
-0.0525765505787143	0.128966967468429
0.131500287497019	0.404086527650617
-0.0492072508435216	0.126396204263485
-0.153017614087647	0.531583206826744
-0.0995368410109885	0.259244672859219
0.114255253927324	0.257783673487635
0.0747495069009674	0.191723187752194
0.0777865155837412	0.183468446112483
-0.00916476993298194	0.014935780136775
-0.160797112684805	0.396580411913048
-0.105697112176612	0.261896899572171
-0.142617983396974	0.430552978659632
-0.0679207065604943	0.159897931097514
-0.0323342156002904	0.0732922427107741
-0.27854287788701	1.17170975202211
0.308229570983564	1.44263465985706
0.239075559236809	0.973628846758659
0.186420023414378	0.570399655134519
-0.0697712818369306	0.157483711678482
0.317891400159393	1.09491944515657
0.129983146024168	0.342397384670389
0.226252009345263	0.669710995295488
0.0229666731145371	0.0468241213223543
-0.114528402536953	0.291922836324508
0.236151624334008	0.739050908934238
-0.22329865761815	0.554052568251108
-0.138236868025038	0.379559537517005
-0.139359807696684	0.36794915045869
0.0159493757978513	0.0336377545379375
0.0725673105614463	0.195575525658357
-0.0115246426378607	0.0253406633862217
-0.134433266995593	0.395531812979213
-0.115933786260815	0.330434952377537
-0.132088771741284	0.39225277912756
0.158555464429229	0.437494303732945
0.0911100180888919	0.229354747462368
0.173215454177465	0.540909163777765
-0.071791961826404	0.192847386987026
-0.250970573572094	1.00616864019386
0.0256064522749185	0.060262977182967
-0.345981726807647	1.4029483603404
-0.0644243155323779	0.172226691530791
0.090391718335595	0.250933597323163
0.0927252142341312	0.227833206683468
-0.245380790494102	0.841800777258242
-0.111276155364545	0.297351061771842
0.0447123310475661	0.106178334701525
-0.260799401554998	1.03863771602899
-0.295614587116862	1.18373580218327
-0.219741708990701	0.646889353345346
-0.0616175195994031	0.160846295276297
-0.205467683395973	0.760785892556555
-0.0673500053130237	0.184370703628828
-0.0505043554118085	0.132281126944658
0.0144412672692943	0.0285916846368738
0.0350512502195667	0.0732391547878632
-0.157041772196858	0.419656916551253
-0.0535395397822368	0.120399229965642
0.0394479099367717	0.0813804235030325
-0.10317765031491	0.239813838825716
0.146986927775892	0.421207944309516
0.132515224578835	0.347318638688818
0.0391562763042962	0.0703977798932109
-0.0971682937656243	0.240585477825137
0.0763225385133815	0.181672729652884
-0.136143073418432	0.401944624829141
0.0814214470658962	0.226291097378485
0.166399366293916	0.465262322477013
-0.0170751642122287	0.0356249561643845
-0.197550801921769	0.652151423114497
0.241561660529635	0.86094559295223
0.295888912989557	0.917061281630962
0.0155632885201835	0.0346113787997837
-0.142439041744189	0.465704751854331
-0.00942920450270029	0.0226315294798451
0.127011423085606	0.412171103557011
0.0574884116800381	0.139850131815441
0.128001461061704	0.334542948168528
-0.0402244060367831	0.0959938491948667
-0.0684993590121575	0.15762042767209
0.117064112890629	0.244947574082505
-0.283621158635218	0.976455944548838
-0.0759923122872491	0.174719803160203
-0.149388876633414	0.424196011093144
-0.0640741771423325	0.15178642837603
-0.0136228113504597	0.0299091725857246
0.00351952201721988	0.00822641903135173
0.0214274840365391	0.0565109565054597
0.239610840968258	0.886855713424757
-0.105616348819527	0.261643731830944
0.138710882878164	0.306071649745546
0.0678233669565399	0.144122398346243
-0.00259562111831085	0.00421016410844345
0.103428264297561	0.19182699870211
-0.305772808817284	0.820575958221535
0.274265812181978	0.714043392132264
-0.054477642220029	0.106130384482634
-0.152805732939163	0.389463346256606
-0.228736305171141	0.568409900118036
0.0769264476360151	0.181101742838635
0.10097604980306	0.271583311897366
-0.0107492944986583	0.0238446409120505
-0.0857718427252298	0.236479520041003
0.130388007396152	0.342305494137713
-0.192108889362128	0.591683871318154
0.0823284005997172	0.225379475735995
0.1122357198488	0.317319794526235
0.17048411188762	0.433315597802239
-0.120820262429164	0.363784960169645
-0.0790914820836253	0.230749987521869
-0.241722713485484	1.01970240444372
-0.137586330081467	0.488016755168231
-0.231549484862978	0.881682921684029
-0.0512636452285622	0.12132074846822
0.141426947375279	0.453811349275296
0.0250887302380439	0.0550753340283169
-0.280338940884241	0.822132856861489
-0.0106356647906831	0.0223959752640193
-0.052039069127802	0.112835433675468
0.0133948206818909	0.0277043530291869
-0.217714915975153	0.746172490533343
0.290122054910548	1.14281958290528
-0.0853472536804134	0.210882137157821
-0.100148462641503	0.26398077900855
-0.12207908409957	0.351562421762568
-0.204645854995369	0.911575136618267
-0.233416249152628	0.920936060633684
-0.0328962902724882	0.0857738118867921
0.107230087969464	0.320258398381598
-0.00734065179392572	0.0155674230867889
0.309303536964748	0.969435119559531
-0.115052527202464	0.200688673913478
-0.142081847019931	0.267411653693918
0.164408420283634	0.278809511141009
0.136806404328034	0.255074371723283
0.236830553905262	0.480824274003075
-0.0929767240160065	0.16478631721015
-0.181067657606924	0.338152221092358
-0.173711471631542	0.345030711644344
-0.0413734648463533	0.0574500328758169
0.00626259013626917	0.0116736482694218
-0.0825113319701154	0.204948331417734
0.0980144147011517	0.248217821319636
0.143867876683661	0.441675304220927
0.0748864815114945	0.201718736695754
0.219945703040835	0.759411159202021
-0.184178155478799	0.652847487248322
0.0634314437999617	0.163760249987163
-0.0857679306577729	0.226740707508439
-0.196109837992689	0.666388338979751
0.0402337483570303	0.101733993113358
-0.0780661900224017	0.205320696719721
0.0370055022750121	0.0902394838947
0.0225539803477624	0.0564334209208045
0.0501933475104935	0.129565804552664
-0.0491963669914534	0.131028936820207
0.207731878358902	0.820423168589068
0.0474499795932034	0.117849662421183
-0.0623450121518183	0.167543176104381
-0.0433467238206383	0.111462943275259
-0.134654325122986	0.410714382677379
-0.0145452537482689	0.0342898842409587
0.159712123323833	0.554933239404867
-0.0646377324545158	0.179425461496287
0.105465392139678	0.341925968687793
-0.105332352138505	0.307350364510344
-0.204811940993259	0.650456858479336
0.103676620375319	0.309228288013119
0.207579964151004	0.800444014494964
0.155773712076969	0.506946730241937
-0.106468120148598	0.263143987583091
0.0933518849774943	0.204395301630637
0.192008798236571	0.366177530808343
-0.0705233363100533	0.112775653711994
0.0979413576675813	0.145295390447868
-0.466087230494284	0.942190982376557
-0.0479820456492457	0.0666469131655336
0.215125162410312	0.395193079146422
-0.484532805551061	1.27080914810407
0.320642958960778	0.7505566711907
-0.117454771525077	0.191030625047434
-0.234177812804973	0.58253563387378
0.471768687850749	1.91313816694842
-0.0585127724409061	0.130935001162393
0.0806667753740199	0.207511845378408
-0.130071316834482	0.385852897922426
0.106753075368642	0.295518812488815
-0.0741414660896066	0.214134418584165
0.170928707772757	0.597348953804985
0.0209412769102852	0.0475675481269457
-0.010407287004884	0.0257413413686573
-0.078097842825134	0.216860501799436
-0.01199669804378	0.0274484169572213
-0.228790064803131	0.853158499151036
-0.175779637502836	0.636652287669195
0.0269093450416348	0.0654175859894674
-0.0982345002765768	0.303347366979923
-0.111183660280953	0.375516146004501
0.0106763053197017	0.0247099706669504
0.0872198456140876	0.259774442434098
0.0115871771769307	0.0263257332498744
-0.0936883414714463	0.257604203745972
-0.104297957905538	0.333553564839316
-0.129528517017326	0.421319798044219
-0.29875279971389	1.44236570758161
-0.0112044552483104	0.029460023488203
0.0385732994937624	0.12774291010052
-0.0845160224633608	0.251381539587426
-0.0462977924008268	0.116873160326427
0.00538415016642545	0.0123927888575687
0.0823428200736894	0.244076452209779
0.0622207070339605	0.176607023982785
-0.0978855973039951	0.289685570466108
-0.125934300468747	0.324647886753289
0.0917525116649553	0.18449552731734
0.31881701717391	0.744065226738912
0.28092590760088	0.553116141559828
0.585905882373751	1.14722545755403
0.00762328835450243	0.00835571805020743
0.0507147133687106	0.0679386135696477
-0.320405694308727	0.678022115016471
-0.21824591296626	0.412200681803194
-0.0451965667067835	0.0645291288378739
-0.0713230646150882	0.0968781296688229
-0.293981273550071	0.735750471296019
-0.492385690520139	1.87672273622122
-0.117979711259395	0.281283415362069
-0.0922237781438986	0.259894676041874
0.239370529589788	0.93780977783349
0.00297873154143482	0.00721537848915363
-0.244524793271839	1.00881431980235
0.00749307159707584	0.0183417120668385
0.0548508934232793	0.146425676492255
-0.150885298039374	0.517005953695247
0.073541899218526	0.199151855373903
-0.265751071185563	1.00861010874377
-0.05063092139862	0.146433976019137
-0.0923986282254813	0.295058872083617
0.0655596369983195	0.206746140754963
0.0627337431595335	0.190629514759141
0.00920822921916362	0.0239704321826126
-0.110138094010603	0.346262036008912
-0.0530487717047676	0.149623140778003
-0.0137746403110858	0.0365749453000435
0.109501751341719	0.381093956289945
-0.0618597026607855	0.183296307953776
-0.00373740121742553	0.00943487614148722
0.0292517419496071	0.0780251880221601
-0.125090098806852	0.416734012612783
-0.0722810582996407	0.20155123955995
-0.210846328166422	0.721775729100749
0.0933664632730702	0.266343499078481
0.0637018274775094	0.185302965205496
-0.186229919701644	0.645411841272667
0.0743363757807106	0.176189654198309
0.358332624418951	1.12881931037499
-0.0445700404693493	0.050012416278787
-0.0646547700153062	0.0656076560913412
-0.553375601499278	0.793769549429444
0.260363695687376	0.25669203400632
-0.973848235805807	1.55193262241462
-0.59224104354408	0.815804465380043
-0.361933276795351	0.578046007061106
0.0800249478066231	0.0836769811105921
-0.16474331127638	0.201514164366928
0.766060022009464	1.62400773144895
-0.25639754523813	0.452386710688952
0.104861081879505	0.215289435944156
-0.064678910642336	0.103320928736838
-0.120858060800684	0.322317840064545
-0.145663011737871	0.516004744740722
-0.0527821123230646	0.144909422144777
0.284127092889747	1.15860035888315
-0.150088338669679	0.487380326075444
0.00901267948608893	0.0224965247205785
0.257589708357867	0.904389776025649
-0.344291580579229	1.07079789339738
-0.13563563048604	0.310185280397536
-0.0706805198762774	0.234123692328058
0.0192946229726371	0.0569981643764444
0.0460320098672001	0.146049302829452
-0.143242347529451	0.554392782242238
0.0072438160472133	0.0185423523106212
0.0190062584572441	0.0494305835913534
-0.171674977390487	0.682947896860904
-0.110101587693195	0.372212018353896
-0.224353073087148	0.812656396393311
-0.000329481601737738	0.000764448693013638
0.0897560825452519	0.234399806293693
0.153581851843733	0.499306398934541
-0.13896208901589	0.350086163493432
-0.0385523159837443	0.0881501123282385
0.219844638523972	0.888228974241977
0.0317960068474559	0.0722387805354897
-0.466236066102448	1.72453054140716
-0.784031115079817	2.13003845872905
0.398115309453621	0.527903995920347
0.0127416812347356	0.0127585154929887
0.398357406199578	0.51567835233541
-0.527440301182067	0.511009194019592
-0.532030766682655	0.548277030969438
-0.84231080580482	1.20105964592687
-0.318447019742479	0.405344091073074
-0.181627488590598	0.182317753319468
-0.0634898700737335	0.0574072141398992
0.395880645290018	0.448242961091726
-0.316529759564499	0.519581169371809
-0.00309403093700439	0.00424713179524883
-0.325290608866291	0.642591881484916
0.188410862352122	0.549094114695859
0.0217037136572876	0.0534923611422453
-0.0216848544061282	0.0514417397381468
-0.00943590761863181	0.0189983231770479
-0.278027419911342	1.15066977632554
-0.0591910816910643	0.165386342961169
-0.144792706773201	0.386900403434786
-0.016915638544705	0.029413090202008
0.0628319801271763	0.108032529162084
0.00797067766146786	0.0223986418791234
0.0926007987993675	0.313575659613727
-0.13321104035859	0.530349372405179
-0.0936737047348253	0.308876066316581
0.198951023736449	0.804104748326791
-0.251781189220909	1.07577072558892
-0.187024932573718	0.684566170020341
-0.115750887112856	0.271846953008105
-0.209589496607129	0.68500142741161
-0.0232784844729813	0.0606856768969182
0.0202317470786804	0.0436583517570834
-0.143599096616238	0.350633003451997
-0.111186449301958	0.184942612885636
-0.712902827463982	1.10125699118717
-0.401223627503794	0.509606701015321
-0.0517705702305605	0.0438869978969683
0.651078666241054	0.727483911183518
0.235832210904098	0.208384385538462
0.458656110046652	0.552869266935972
-0.027005979270796	0.0261308813346764
0.18718018797875	0.200075423942019
-0.318523442024022	0.405422237033821
-0.474199038710901	0.627699010867176
-0.512585225635956	1.11930312447752
-0.138200739428459	0.237818359176524
0.401265221771295	0.885317325117868
0.182133823113225	0.468724443670845
-0.0287519231807967	0.0734782742128688
0.190299564368291	0.69754480819371
-0.0239353575518604	0.051727336080739
0.000539149551516389	0.00123515701173928
0.457861559085568	2.81979748585053
0.0731432299002716	0.169579448153247
0.103315352103264	0.204628085371879
-0.0167852675587758	0.026263643862819
-0.19612588871998	0.408928890766644
-0.0368340038545942	0.114895627834593
-0.143194798097963	0.556887028181285
-0.0769602697996395	0.257754485384131
-0.032606016525524	0.0949508619362376
0.331489087633625	1.81291201478368
0.0506970774322107	0.143110809659084
-0.100260500121839	0.310617024508041
-0.0736497300758688	0.195737582792991
-0.00690503769277618	0.014316775119285
-0.179542758209656	0.560663668842687
0.0959155482597951	0.29679340206102
0.0771541290912267	0.192348045519623
-0.190721263691644	0.457275849105924
0.124592084973157	0.212267984239169
-0.116661239161591	0.117790758070529
0.0271596566062852	0.0210332071678403
-0.828540813142008	1.03477460404846
-0.0707562633363015	0.0503193058023132
-0.104847420548429	0.0737830545669667
0.0633742791783354	0.0532564472908339
-0.157208809814558	0.157960038994693
-0.239829024681656	0.225166887804816
0.121983657851816	0.13224535799983
0.119199979248349	0.207558266321798
-0.320458555112961	0.648371239941164
-0.0345179181205012	0.0680657233486287
0.242807059129814	0.968665331573301
0.0296594641767579	0.0739941841446118
-0.178184199997578	0.50232828232558
-0.0048122337730764	0.0108821864601434
-0.0218736163958471	0.0553921556488264
-0.0547656100972624	0.121599876733632
-0.171278481745995	0.318409837657552
-0.04115688350824	0.0709865963469099
-0.0537110563296101	0.157804636088224
-0.158160622961081	0.661194907668443
-0.0193639602589901	0.0534735815765338
0.0467857391218061	0.145116586303485
-0.00801338903674429	0.0215358249286089
-0.129351032830763	0.45488495499007
-0.00518673917539798	0.0132288912951845
-0.0313758647297053	0.0816037254399558
-0.331265335739434	1.15164190083339
0.158403798286522	0.594344569151995
-0.355640621406074	1.56917785730689
0.10589609676598	0.23691294803296
0.274363174783815	0.511575538148978
0.583789247477525	0.970749749214212
0.167971945274635	0.168697224533753
-0.400189344116211	0.439849858927379
0.744939007150963	1.02829687933746
0.398096752089213	0.477209397791467
-0.240246588857163	0.225632128569064
-0.80498088432721	1.65860162298266
-0.00183779476377541	0.00279345100654732
-0.0509746918204607	0.103643230541308
-0.216299301388644	0.805873793233496
-0.0197116525482459	0.0494166957770412
-0.0739454378563148	0.183465917973801
-0.0404366577297955	0.109294796737092
-0.0593727216029865	0.17219181197493
-0.0686783726089428	0.134615396684402
-0.210275259947899	0.49294936919793
-0.132542519026579	0.544908025259626
-0.186484454439593	0.876155596406357
-0.103857494172119	0.364103461867328
-0.0286294303678962	0.0815089459529946
-0.0372350705244344	0.104589793355079
-0.0503981745611302	0.138763503136015
-0.102956243778404	0.344629228293297
-0.033963153916312	0.0721417764184336
-0.258338453771533	0.931634185214534
0.0955634315472395	0.31459654425652
0.212691583643963	0.767473290319232
0.0403961862013682	0.0873895445537059
0.382769572697609	1.07172794695505
-0.145259876375545	0.16986586604491
-0.310309183590479	0.412568260223829
-0.546534077335469	0.691349539586738
-0.115261132511674	0.0888644375420736
0.187298520356893	0.171267691381771
-0.505147568160141	0.639651149778991
-0.401589046036831	0.641823188915521
0.0154690156165661	0.0252292709373934
-0.247435613734209	0.799838421395281
-0.188447154080275	0.693711941433151
0.207864014460638	0.855067698456511
-0.0629729899503825	0.151628873691141
0.000270536550624107	0.000650500238815678
-0.0499890481677956	0.146580115135835
-0.325411414459587	0.979827765714069
-0.0196290826543523	0.0507024341181159
0.0956238137722028	0.329484514913084
-0.0824603116852052	0.253639267388694
-0.0192969436160328	0.0488492107226411
-0.065523455321427	0.200610681717534
-0.0284621167863304	0.0632356587840148
-0.133714166479936	0.409743277958563
-0.25874060592055	0.752385545724816
0.122691255153034	0.448581023375633
0.0473135802945632	0.129515250375066
0.237043253314121	0.801955259598168
0.307217238147598	0.744007407826861
0.0562081868630439	0.0667712200617598
0.35583685772502	0.50209787261235
0.690094591310798	1.04437641559578
0.339848994064283	0.393246097880523
-0.459896363074945	0.557150288907575
-0.205962494912228	0.206141034378162
-0.0489700388179612	0.0619764754199015
-0.143913768284279	0.16092948544725
-0.101898871224899	0.279012073498086
-0.212825755665643	0.876006050156309
-0.0809596067776957	0.215801401496147
0.126781386817583	0.427296554383486
-0.202433093699274	0.783799609254936
-0.084144968623876	0.263377855083249
-0.0652944836997068	0.214497825900271
0.152931367070227	0.54432216287201
-0.00329873239446295	0.00875596670329694
-0.0862623588112269	0.304513947615984
-0.155964037091968	0.462966291073548
0.399577746951944	1.74879806612238
0.158568564818088	0.482046791010352
-0.151811541932736	0.42559645416242
-0.137430429583712	0.369917263823312
-0.0115433924212042	0.0316621714118578
-0.142125550540185	0.480943748363888
0.0210221406509222	0.0451314140696644
-0.278625217978383	0.658707513049147
-0.210963174252844	0.290569251343372
-0.0881724282013641	0.0940398643650282
0.128250086459101	0.128092427478793
-0.104183335939932	0.0935196261783437
-0.544006846497631	0.657287775331968
-0.365715527693875	0.40348112489362
-0.199467008769325	0.244011785711896
-0.349696420633195	1.36410049902778
-0.0805000066730604	0.229186032078767
0.159645092036125	0.506831534355257
0.109274598814719	0.337775477516683
0.00795666565042044	0.019984485620266
-0.178285578450698	0.569185471142677
-0.0311009522948354	0.0823798557829621
0.0658447797252704	0.215118941046049
-0.0780380771730341	0.234107706287403
-0.035020529214877	0.105782265581251
-0.018179583707735	0.0529254048438437
-0.125584241508608	0.483366006320425
-0.210759499572077	0.74481082420371
-0.0499228936851657	0.113594005230524
-0.162324818711278	0.500687642840448
0.257324169130585	0.747928073523243
-0.0496901351858221	0.114253760415214
0.0115662118003055	0.0186207630938508
-0.506594583572108	1.60572452660059
0.0835577248080738	0.286107947184035
0.0313299968884175	0.0806866144041377
0.0821746701268962	0.200166247867712
-0.209411707876013	0.455577228159542
-0.145711191373084	0.170474303771448
-0.722806353254495	1.32382958223788
-0.473980351332887	0.627298624523787
-0.591573434776098	0.678047629172149
-0.156936823426211	0.149009807835606
-0.331083607553079	0.365606808282064
-0.557244996865337	0.862400676552896
-0.289504923828194	0.33663891462196
-0.0580746392429306	0.147032787545818
-0.123347983448741	0.412257476482605
-0.0886398597200004	0.286562143907148
-0.124174351845051	0.45452071120652
-0.1022917619139	0.360689168078578
-0.271080255288061	1.51695120303722
-0.0758778168727355	0.256147372747938
-0.0585130140379666	0.190587347968306
-0.107237999130274	0.372417085806562
-0.227793365676363	0.831502477916504
-0.0387646062154843	0.096729602784347
0.106955268900748	0.290123453696138
-0.0565022991043505	0.142208890774654
-0.377238583730467	1.31456930823564
-0.186352776884412	0.553831462684779
-0.00187801006507533	0.0050188384697158
0.0980403349238425	0.304867341045641
0.316062355576812	1.22665820847339
0.292512371330788	0.796891490336398
0.285656310508271	0.413177118064378
0.0488409422884346	0.0567399391077493
0.399407825507219	0.542956274846304
0.532842249122632	0.648698886336867
0.0412365353946321	0.0416415279897184
-0.296541217972626	0.294400694853452
-0.000710377849262802	0.000725713231132165
-0.425051922645092	2.1586842490158
-0.152422945767349	0.554248058631534
-0.0434028365050158	0.130946095758011
-0.0688009329336546	0.232336713789456
-0.263952489698638	1.02473399088971
0.134756774672739	0.443450344969405
0.0703576958445171	0.179371252331839
-0.233079950303128	0.890293335880712
-0.0754313391031651	0.169277614987939
0.176575225587414	0.527033471435642
-0.17668150706786	0.393474703989735
-0.152187738502924	0.318508708218032
-0.0900528352335653	0.324607702116158
-0.193529849321796	0.793720749502031
0.26213052761243	1.16471730094871
-0.129122266965527	0.306402268952247
0.176583391343777	0.313975173662438
0.36939230988617	0.684079952306531
-0.194273538136553	0.276491692839565
-0.0125067343190504	0.0127893835421321
0.434427176461265	0.782498044038036
0.164855588777383	0.185152773100355
-0.0898620101533712	0.114243152744208
-0.0335973995716085	0.045096793200758
-0.0277946144863584	0.0749189329185095
-0.27567061695789	1.16215034785852
-0.084584891263349	0.242646472689827
0.0523616318727766	0.138602012654644
0.248212069595965	0.968328187412226
0.148072862717021	0.428255739027625
0.187253104428515	0.638912587894712
0.0506984374146655	0.0996602980364132
-0.0431800651726557	0.0845518870046131
-0.1026213521756	0.315693580558494
-0.027040602924556	0.0776332704959344
-0.0432884677932602	0.139114670946052
0.00499935010043583	0.0136577830552449
0.0426931108673078	0.109681828072919
-0.070059559393753	0.175909114153997
0.0963031198878876	0.18606589514277
0.195488487816852	0.475298438999802
-0.275299241923184	0.62613542143261
-0.219107217854308	0.45034162629903
0.0584816074737268	0.0928920690908373
-0.0606448394558658	0.101342788250021
0.129183819017745	0.244534551966519
0.127619091805622	0.278621935802065
-0.081472163385264	0.253103739355288
-0.0190753892196437	0.0519943480852409
0.00308604471841194	0.0079608564148335
-0.0885349289695528	0.268057312401081
0.166913347280487	0.63026487791159
-0.0304197703839304	0.0775526256974033
0.225666933454021	1.00282181269937
-0.0632050777224148	0.16520535480831
-0.0041597921238547	0.00899413955263382
0.0421795687893828	0.104925983106332
-0.0589153539777397	0.15097308879628
-0.095632101931339	0.260527668627109
0.00216252897863221	0.0057624890169586
0.0721103995636998	0.255723474216779
0.151062565607106	0.644319667494469
0.10726259257615	0.332586636046089
-0.00937776557266947	0.0182841958311309
-0.515707387021033	1.7183429649278
-0.0211830412479272	0.0369429846743177
0.116568608070299	0.192700016987102
0.224430473346889	0.430699996040335
0.0244677922841288	0.0360800590161865
0.0838261958084191	0.1403454904794
-0.0781503246691606	0.145866065311416
-0.170243862040149	0.404637014247811
-0.0944258287333947	0.287537962717534
0.0610543850271174	0.170940617814286
-0.0238438802793909	0.0665252495611892
-0.231625946050013	0.968475041594296
0.242332846194946	0.93902982520899
0.151384036848898	0.519873247060364
-0.177874826387048	0.562492508668598
-0.170621696250808	0.624744998607305
0.284108017324496	1.18328505239104
-0.124906552282997	0.360817030591776
-0.0612767570196197	0.172924226395897
-0.114967258055914	0.337038765912437
-0.0915524193563731	0.243724905298434
-0.0621249463381237	0.206224265078432
-0.0627513087123964	0.207605423874747
0.274845569695974	1.35024590174675
0.193770612931268	0.640966919771067
0.294661128094067	0.723609695709741
0.0156221932559157	0.0211094612624455
-0.191552480916078	0.333952366278258
0.477631051041862	1.07707267824743
0.0282173815927581	0.0355565518439978
-0.00650849656828255	0.00843525539573072
0.0280178829985794	0.0392593778026636
-0.0936833804107768	0.123333420818089
0.00102861843309418	0.00232039305708302
-0.112899238838836	0.348912335259794
-0.188648243849893	0.616244740073022
-0.15339418314949	0.427341919076854
0.0683373045065646	0.172419586221949
0.0630890696350064	0.152787078307018
-0.0487949684860271	0.109000819435018
-0.0716538813430845	0.175548783959732
-0.0205761516805006	0.0421686365876859
0.0306014410959374	0.0670607172323974
0.0289639523263061	0.0712905934047484
-0.481530448838582	2.5471157427094
-0.133087132738294	0.294683854273151
0.0606912569123191	0.203989977358824
0.136278358975988	0.512974461906965
-0.0613060366212884	0.17417987133433
0.0437591629475805	0.0914446451825425
-0.322786813064369	0.714672913952282
-0.110007874149848	0.150315543424862
0.124971138153089	0.149149620909533
0.401445606094776	0.658058864452592
-0.482505835099439	0.825462189620173
0.0506614053774209	0.0525742283571119
0.169105621685192	0.235467434170091
-0.0125366984299041	0.0140730327939391
-0.330995344806619	1.33496763572987
0.105755369632413	0.303421797055077
0.139244646773577	0.413845420944723
0.132083760428302	0.397549437470961
-0.0836657042261223	0.199978909688609
0.0660209062360539	0.141925081278571
-0.175278612917494	0.376323182006308
-0.383015816644413	1.25743926291714
0.163622412132119	0.519838511900997
0.0263170711690198	0.0637333826081945
-0.173454187522843	0.330593972009027
-0.195517653971252	0.42331360124198
-0.152276589898967	0.24338859964109
-0.194988797701996	0.429621519701186
-0.0459650731042608	0.157393100158124
0.0292515539065134	0.0840189132874399
0.365600285562515	1.78078261578487
-0.00744929365910455	0.0140973041107235
-0.122767069514417	0.173393661828321
0.125991467637154	0.163177852965928
-0.344253767053509	0.438012503174942
0.399250858058862	0.542561996148245
0.854661226175474	1.61765823947261
0.0621050519465365	0.0663311830308004
-0.61818391363832	1.1951495291131
0.096633115889098	0.114197293288402
-0.182233793270211	0.250736759687305
-0.0755657486263791	0.207200812863524
-0.0437287418594688	0.104263450914801
-0.0443105884855609	0.11481286113466
0.0178528482408228	0.0340436898985213
-0.0485892489392009	0.109699827870338
-0.209131037166151	0.497853047713547
0.183776712911973	0.415301923475326
0.0258598876832199	0.0634883778672753
0.293185065040432	1.31236594334062
-0.389151140596316	0.853491705540695
-0.0291587511305684	0.0448641216158437
0.22164389230696	0.314102629179824
-0.0780966946778369	0.125320188951084
-0.467008680788968	1.40030956117403
0.134862257654088	0.60562066372187
-0.117527446806116	0.444821051420717
-0.0025410157340002	0.00589976599085533
0.29140473653724	1.01385532495308
-0.0797467255237459	0.108427732912442
-0.152930162706395	0.195107629282911
0.360917617095255	0.563588216725559
0.249229857790588	0.292006016635533
0.177072431899244	0.183388104991658
0.235336697229058	0.309000603696791
0.112647783491645	0.139628678116162
-0.319520588393917	0.441101554964031
-0.23805722898255	0.352746605852817
-0.112282837822619	0.334404205676563
0.0583318776086316	0.142624166542291
0.0280819709006112	0.0665126400662075
0.024427852283355	0.0478571206492652
0.228300684628103	0.729358375358319
-0.243504576608845	0.526475613897886
0.153475418291933	0.279151355334207
0.233901027771357	0.929373624058752
0.352183607694601	1.70469927477575
0.134114713633639	0.202770046990215
0.144560732223487	0.239629323380769
0.263715114936294	0.462517490056097
0.458015956305607	1.32892972021878
-0.137609815529639	0.264260259173037
-0.214770891476727	0.273868285431721
-0.0525176272276323	0.0614773380996032
-0.0924256798782881	0.405394653296257
0.0587422273218127	0.203410059061475
0.0208602622343552	0.0563231495304217
-0.200598518824565	0.616787236824704
-0.359325129801444	0.73200381902557
0.253841974212223	0.423803941826203
0.0551400180554142	0.0654189959657418
-0.383725118491133	0.509613645470652
-0.256205182337884	0.366733789283428
0.472248763851672	0.858959368128881
-0.0125982597177572	0.0147308765083169
0.081419932712125	0.114456472580091
-0.552727198560854	1.2668373265013
-0.0259915407998212	0.0660687583451099
-0.0506538230170272	0.122893951163094
-0.106238968757776	0.276449317086055
0.301640003979562	1.39302482932757
0.0291493817114703	0.0596863201240336
0.344624655336193	1.49365690518076
-0.0811224184959399	0.157694653012804
0.037744042959533	0.0709149600686519
0.166745797601462	0.576047539023827
0.0404242045143932	0.097977477036705
-0.107797996853981	0.187508842924312
0.0190535868582331	0.0276356927519022
-0.47471343628446	1.14899908757756
0.245390703782639	0.620403223387996
-0.279817136711198	0.684456391566391
-0.203820316717765	0.328525507676997
-0.168188146276795	0.231040918456046
-0.392947519340768	0.767544732190752
0.0772351753256796	0.343709326631292
0.120795585025716	0.544104890202175
0.139266378062332	0.578312765270798
0.0612961408792926	0.161887053682548
-0.295470413169607	0.661566551225353
0.255346227950464	0.427038945128014
0.37079297089003	0.697588898063634
-0.334427786727613	0.516217575205408
0.158276619705221	0.211551591409659
-0.165504781149834	0.210769098111902
0.00255612996198453	0.00332531954494229
-0.171013322772377	0.266581991309151
-0.106598762098	0.193711069724497
-0.158252073991214	0.649564408058198
-0.0612218884230308	0.196208739308572
-0.0437173514514306	0.123597129486247
-0.271947355922036	1.25703355064831
-0.0880654702372523	0.276194355135702
0.00410131659888685	0.00953361204112979
-0.00141374158890818	0.00350740502652047
0.32733036815536	1.32419661674542
0.133525650255719	0.397883651271054
-0.137457669366325	0.304849467715835
0.0623193868652459	0.127124315565632
0.0577645806197622	0.161921519536067
0.174954522475808	0.624723108005503
-0.31597898075742	0.836630273998363
0.126700115014568	0.246797715242404
-0.171343596994641	0.304267509227902
0.17762137950334	0.4125055057131
-0.1444796179561	0.300807893518854
0.0979437309754958	0.159560584094517
-0.197459915765232	0.262052913768969
0.0707230107478267	0.100379216211323
-0.4051215416595	1.01037511606524
-0.0202246343468627	0.0749675447221622
-0.117983393291747	0.520325263889592
0.0549764164045053	0.181139217495594
0.0261868640958462	0.061935164869631
-0.422819878542784	1.15860863269586
0.427655957409223	0.916095445460472
-0.763152454643308	1.82300041513167
-0.0569128536765848	0.0547808739058226
-0.149239922690067	0.189594032974703
0.221610572240459	0.314061944928336
-0.0776758040907034	0.105342486467559
-0.0805775166639498	0.112513177392599
-0.136572824211867	0.468078137788973
-0.0380728228638727	0.103254893869537
-0.0530944924414915	0.138624546408928
-0.00868446197632622	0.0212006715758431
0.363403450344057	1.42029067986099
-0.0517594996630753	0.124328803226107
-0.11754968549889	0.219624780367548
0.0926282320467843	0.192397466346231
0.225906101888166	0.866867000906029
0.0842249202517519	0.246108550994924
0.476230297710709	1.40421296207674
-0.02476350021796	0.036189837723258
0.241734039426343	0.377140969990816
0.338375831959545	0.988560774436165
-0.135385875268835	0.27044388171234
0.229036451948217	0.37325737639732
0.599708544699805	1.29212803351494
0.338936449328903	0.602853531064888
-0.200425265091751	0.349613933957649
-0.00928035498680361	0.0394557724465331
0.0269546347066137	0.115667092496784
-0.165385864870935	1.05946868573915
0.0314690730266375	0.094682788206723
0.128340774721101	0.323538322767873
-0.0260210760680124	0.0463933041372921
-0.0283146089699263	0.0424124847663719
-0.270203005395876	0.478632474905785
-0.190974457577125	0.332722137203079
0.202472729960419	0.378858760874131
0.0828287920134312	0.152356463936031
-0.267387429950232	0.685808713948102
-0.0814548838373562	0.163848379159368
-0.200942595044095	0.459367040948416
-0.11511843489368	0.432656268958984
-0.00433676588569319	0.0111751787886183
-0.135142344117435	0.465008948349803
0.08542965685107	0.27375253535921
0.089856878244215	0.26332090666421
-0.127504611931432	0.420715811398556
0.345920666255692	1.32947293976627
0.220664918147518	0.760111841480228
0.355836928088517	1.90683209548076
-0.0640633236087203	0.192452548593807
0.0162228319476647	0.0304112078525199
0.217568658199216	0.597015064552258
0.414139581547587	1.31408865853136
0.176808830903646	0.459244201610395
-0.00605412679641189	0.0108155304128594
-0.0236566739362644	0.0412421699404496
-0.332670325623378	0.737395000975036
0.289510541788989	0.681462694717228
-0.209627225806922	0.465045608852423
-0.197520374269054	0.50536456012805
0.0161523907606462	0.0721657379873871
-0.0833463688600123	0.476741319517964
-0.181475377606727	1.28274778943251
0.134052855534951	0.594628596328233
-0.07397054007055	0.184906203191816
-0.13284246530129	0.325021946652015
-0.12934038998819	0.295655677917859
-0.144031278126288	0.294677093972545
0.0590444637882138	0.108963434436493
0.213846176823587	0.451994138989057
-0.231428752676892	0.547608649875384
-0.112640722007944	0.242794658455574
-0.205739292658751	0.490447398944543
-0.157074544029788	0.582072202198576
-0.0524812806548705	0.161904857613316
-0.0230977067015098	0.0599352167403449
-0.0490030411105476	0.132281430844208
-0.0437941930258427	0.107611951545701
0.14251803591402	0.464934596090795
-0.179144379040261	0.60449763452055
0.152915818326068	0.423292782319177
-0.0124546266558208	0.028686995126209
-0.0510885435636956	0.133752807667667
-0.0896429833628444	0.253290122711332
0.076415878269509	0.167450103866266
-0.117647811481026	0.290829257487184
0.220001991036926	0.510066270074979
-0.0894539659694147	0.177990479239381
0.0340375998102737	0.0587741164607094
-0.13393719185863	0.282258974039457
0.28169570720849	0.626208403008635
-0.16041166091548	0.317568042835305
0.322859295617239	0.939702266662532
-0.145223928023697	0.302735820860274
-0.200827756504954	0.563282642561333
-0.145499043288208	0.390911258210587
-0.180478057461898	0.519417755295651
-0.0827373757251252	0.539385451558286
0.017765725077774	0.0825735182533945
-0.0457853223914872	0.215589699523401
-0.0236067215213264	0.077113624368343
-0.189079632638554	0.649811020715228
-0.356005578939054	0.972455858728885
0.296570073120509	0.73632921072473
0.024940139387241	0.0389765611967663
-0.191066322520182	0.451218402624189
-0.178366683383356	0.430870765729181
-0.179513686203507	0.691572560037133
-0.0311611144837154	0.0808759351351285
-0.0306814111884737	0.0743334935495427
0.0783188964188123	0.223597424122764
0.297284411612361	1.29398932002683
0.162877296587679	0.478462256966894
-0.113769527509691	0.336900848814797
0.00620986020271037	0.0146227870969966
-0.0584096048729692	0.157854256589436
-0.00679710564925405	0.0128880933044736
-0.276313397995565	0.810710357289196
0.173963344506307	0.381917213694197
-0.100190517300361	0.196522717952137
-0.0524655762420589	0.0950247079101256
0.363916879540835	0.918403669585817
-0.288682040004315	0.782035186284465
0.0487206237946899	0.0884488245150837
0.012975399591078	0.0232014813892847
0.22098773602625	0.665608929062406
-0.134600721207624	0.356955608278413
-0.0545348940446756	0.35526741094486
-0.0835150651322057	0.577109138890743
-0.0040290111735782	0.0167365839333548
-0.020140314153325	0.0649548175045317
-0.177044330935826	0.608933885585212
-0.0609521844341238	0.119039279761646
-0.169382295522926	0.369195536008852
0.221476013644114	0.489303435506697
-0.381684808859027	1.20344254698482
-0.103837324195362	0.309214128697687
-0.162241759332451	0.53416386154495
-0.0420743517144242	0.0910936187018507
-0.0715278703037521	0.178276839708108
0.147572757308451	0.494816152805818
0.00979809729282895	0.0229558712743816
0.0130043351038157	0.0244600602341367
-0.31887791787965	0.967142904994507
-0.172882833083953	0.322053650897991
0.319434438904488	0.849800710590429
0.0965071961874432	0.19802250057631
-0.232280455978969	0.459976988081872
-0.0291175132110016	0.0509940904023331
-0.0205467422372388	0.0377025157198068
-0.041046828370684	0.0764574838124205
-0.0294780070857215	0.0560416975775571
-0.114270719553233	0.300205639999198
-0.0694648944393292	0.519894649001029
-0.134227195742962	1.1949204876193
-0.169999574534923	1.38004972535182
-0.12022509619719	0.545848493455277
-0.242548702189173	0.481896427050472
0.174359617040108	0.400155978453541
-0.125949749417424	0.269191002488504
-0.211895990797258	0.545000959545715
-0.190305905421747	0.851517062347641
-0.230909047652593	1.27095600710685
-0.193259179098565	0.728373809440478
-0.0884669664272873	0.277735830827174
-0.0517667120325745	0.142058985648894
-0.199754364324711	0.63668015361381
0.0221050775137687	0.0538922463595231
0.00164677397335282	0.00291939984940048
-0.197558383330855	0.512729842500668
-0.0288005663120148	0.0745656574060058
-0.107154577715724	0.343726602225355
-0.397216126592649	0.909826884293763
-0.323695287357515	0.80383203856287
-0.114300243933288	0.180776155670419
-0.466516863697899	1.37939110702855
-0.180895944453421	0.367542398951053
0.0215172268811333	0.0342076267486951
-0.0744492355803838	0.146628565265688
-0.0687052787072982	0.143641490846647
-0.118658027467103	0.283440900350457
-0.0881355213463519	0.767330848353648
-0.0567853008038761	0.414117790686411
-0.0764110351329505	0.53064415614306
-0.180750521351982	1.18764335498962
-0.0853410540797337	0.265590359036909
-0.115453411155568	0.267898465648929
0.0596634501869713	0.121065246673476
0.139231820845787	0.37281118313129
-0.0717013251118861	0.156470346453081
-0.127259848587086	0.527749194946557
-0.0945803652176366	0.391960353599057
-0.0462120309470692	0.164219792365124
-0.0752785682799327	0.272546395263674
-0.0520526250358167	0.174925229401911
-0.0965338081061091	0.293968828833432
0.0975013251878031	0.289964341681451
-0.100617441263993	0.296453461274362
-0.144126609443606	0.411690643483768
-0.0112903678428903	0.0268229939865543
-0.166634982727872	0.454045326610944
-0.182786299172012	0.470447793436119
-0.267376100104512	1.16868903402558
0.00164902284355485	0.00243749675255049
-0.281038875102026	0.723885930035256
0.140952322443002	0.335973802266922
-0.0513434644584567	0.113579825095985
-0.309167288036603	1.08186696032331
-0.163193505327249	0.483804701835083
-0.140346085816186	0.395802554656311
-0.096331557518977	0.875377707081365
-0.0588559672107994	0.411344955703358
-0.101319992880446	0.629466910151485
-0.0214871425125056	0.068170149320638
-0.266378664058915	1.05970452786916
0.0277366314499127	0.0668943359668003
-0.124699079963905	0.416227974415813
-0.0706104794099832	0.185716355656781
-0.0557666026278883	0.169331125551041
-0.0413873620883701	0.131418486189431
-0.0124916643501397	0.0371829862902483
-0.0446045050726246	0.160650801991653
-0.169493157867565	0.547524816087025
-0.0502899585096229	0.134316115128353
-0.113173967667625	0.34272909708869
0.0427880705045388	0.113588234148466
-0.0930866187752601	0.281705893174823
-0.120653446709823	0.348881321505594
-0.0243674709189499	0.0602847995544683
-0.407479143909473	1.40324963817818
-0.151090931653787	0.291597724440923
-0.300998546460696	0.943070085642485
-0.0906930820237759	0.209347964908711
-0.22841570848998	0.731451845533605
0.0461019387292902	0.111170562515509
0.072330215257264	0.187498862053087
-0.188720569578952	0.608649761591435
-0.0818719221972705	0.210052576006265
-0.189812220096467	0.598134521055062
-0.0898650629771669	0.790762487063356
-0.0726940944194348	0.554762935794677
-0.172034527692486	1.18755791093184
-0.0409249965773875	0.139723636311739
-0.139710892806914	0.547626423741332
-0.111454102566144	0.418053005263758
-0.0743998463847078	0.257980963967158
-0.0441324099611744	0.149368509017986
-0.0624197056590318	0.228690370288926
-0.0893911954969166	0.375173991650727
-0.032940448728895	0.0766939844445905
-0.140170973057962	0.484847961105378
-0.226044318949593	0.862980837913254
-0.0846172456415595	0.27464982237727
0.0394422658420028	0.104245997602401
-0.102251083501756	0.269882670481959
-0.0473463620817695	0.106615643484376
-0.315189754384675	1.35173592720739
-0.115687837569758	0.31755369728924
0.00243142344141088	0.00552731865367247
-0.00600106505002147	0.0140474748138481
-0.189325959719201	0.703359984757729
-0.191374940391337	0.743808391993473
-0.0834100723385099	0.710628360638283
-0.0713424180989561	0.525460303440374
-0.0753463901288286	0.442407718332437
-0.0340812900052142	0.145191932280325
-0.234367197772499	1.69769608419198
-0.0829425917633779	0.372342255504909
-0.113063842003393	0.52583206033845
-0.0310851691030235	0.10156724019088
-0.0801414581929065	0.315335732593522
-0.152238056884499	0.783355994197134
-0.0809967704129491	0.217314646576874
-0.160162204313158	0.489599528247197
-0.157595996154428	0.540710698390473
-0.04045059550874	0.110687147633807
-0.0341632886869405	0.0859411791217294
-0.158277821583362	0.518276568599826
-0.0297790050189089	0.072544944536916
-0.0376882073318614	0.103495361441242
-0.0872396452222276	0.261954792984379
-0.146497228429414	0.510668066184256
-0.255125441110057	1.11864307434985
-0.115022486264905	1.14399632991944
-0.105588731062011	0.922062665012595
-0.125147203309588	1.05509850907121
-0.0643344826675626	0.369076433063832
-0.0375255843508986	0.175407134435495
-0.210587520318435	1.69076373070174
-0.0153224889644395	0.0494712129799564
-0.172280141423014	0.467226813279643
-0.030647763130621	0.0593347909820302
0.0395469152460488	0.10034863057358
-0.223954604948388	0.703193696665057
-0.365228662004477	1.4635291240116
0.0885250334361898	0.217459432699237
-0.144215100050141	0.544071959114181
-0.0338867747342097	0.0859671913518256
-0.151812165015455	0.51997494829191
-0.0586190221558797	0.166939972914287
-0.0373438123842128	0.102877668314278
-0.0784793917975271	0.65102778380192
-0.0970887381999218	0.852309951207788
-0.0918035750322463	0.659888577142931
-0.0332671288017537	0.1636084539995
-0.0963281546024795	0.57725134136709
-0.172937420091198	0.391830402400975
0.106649422695548	0.200269044177796
-0.381892020273303	1.35040122887702
-0.191477142322866	0.480970945409684
-0.236456936787083	0.626030186709165
-0.212765308130543	0.749464837881076
0.00145475375073375	0.0032363211515026
-0.0847075067051229	0.238343752467761
-0.106147761242366	1.01183135115454
-0.0598999158058249	0.419990955429998
-0.106393739125314	0.809742907834522
-0.088281956315697	0.568942574823601
-0.107382451277204	0.689468798902767
-0.104781436120802	0.617526706561883
-0.223690947665534	1.59257839137733
-0.266461923981605	0.604300649677012
-0.133969946180355	0.282328512559611
-0.508187008047451	1.46392416683667
-0.117817447428916	1.18313020978354
-0.0709299636258735	0.547031532326191
-0.0982835214890021	0.763698781403452
-0.229210638126824	2.38446834265699
-0.123658070338943	0.815960385789076
-0.0794440291462145	0.388873918687588
-0.122027481706473	0.590667568296051
-0.129397586082519	0.445583859090102
-0.0895370728633854	0.121957446283252
-0.0997144265374267	0.92200795237425
-0.0680047452194534	0.521394555810845
-0.0334174910433531	0.185288580995248
-0.0627511661883122	0.353420147148725
-0.0621959707089706	0.291296694583533
-0.163698544973721	0.843118967902962
-0.163984163966712	0.889088609562577
-0.157017497628464	0.5887213577556
-0.247663949860356	0.328809147287326
0.0275082761851477	0.0346322908282043
-0.102187398402447	0.956036978024038
-0.0732606439140647	0.551452051267283
-0.0936046000612593	0.659045756188801
-0.185260962415615	1.4265392003856
-0.138805366505342	0.673988493069421
0.0267249358199261	0.0944506768006065
-0.222711794326596	1.14658797496006
-0.138327654219792	0.583400419091114
0.0665960110888857	0.211251200393809
-0.123841262131068	0.329227091375773
-0.399607396311782	1.63496198702861
-0.376094925449761	0.540094413099494
-0.0423469723406144	0.0495929699297345
0.11231241302516	0.139166275998058
0.302471683483245	0.594233485294947
-0.227042486460446	0.32514332441056
-0.189395531128139	0.362646345615497
-0.220977620306517	0.33742147581706
-0.150718199954793	0.191831141674687
-0.102770134203395	0.964640748964738
-0.10471852769779	0.935636355754992
-0.109690902039964	0.811016232997235
-0.162052109463332	1.02640788488204
-0.130730955863187	0.746208310092391
-0.0289307677308459	0.10104956248521
-0.126118587592785	0.564070056161659
-0.10987620219959	0.432693939898995
-0.170235748321048	0.586524862942799
-0.127282820008395	0.414344090861334
-0.249946158620597	0.383142324522143
-0.182052758727763	0.276168592361355
-0.220279325672202	0.336069364688782
0.148111940970783	0.235650214217642
0.00326166838517161	0.00385445484557119
-0.0847537824352452	0.122029335250688
-0.250891166384076	0.46566429834014
-0.190037640075909	0.462268182935439
-0.0935780735550622	0.17984096076967
-0.209848236381742	0.456850488948165
-0.0318869132868822	0.0652003415703263
0.0135554840556683	0.0238649714347032
0.0246898212677214	0.0517262369868593
0.0284004566806887	0.0623731422455752
-0.0269369852691524	0.0607905502403283
-0.204000425837317	0.637010397408675
-0.207814957462512	0.534359901952048
-0.000439794997121836	0.000577062454624668
0.267306450962777	0.476634205322547
-0.355369832251126	0.471446217320057
-0.0723515681728825	0.5879348419184
-0.0581255183319997	0.415926110868763
-0.0999050972753914	0.625347048661689
-0.201856517750882	1.70703344216871
-0.0193436959466506	0.0713512987311988
-0.0467921537174239	0.184168527093694
-0.092437474708838	0.363089702593908
-0.222432883288789	0.390247689032541
-0.596461592245375	1.22194381305447
-0.28002736287389	0.430091166977617
-0.330946930176657	0.637973759476199
-0.0619210678465335	0.128896989311447
-0.16741877491703	0.384293400489522
-0.32670359136504	0.785007219967616
-0.184596703187112	0.427304926806493
-0.366715350371717	0.972679133533524
-0.011530315927949	0.0235843788000151
0.272056122439267	1.09954009241678
-0.121758010109488	0.383398053665918
-0.260502938923016	1.02913432300003
-0.12764023334786	0.330004142087304
-0.0883487515342341	0.184751371907612
-0.536337668530619	1.25519350729532
-0.127491514919913	0.168348959068018
0.156338556758569	0.170693948312468
-0.419824726369661	0.580210274683572
-0.253237052147011	0.375568577557625
-0.0717214334736237	0.579485383202456
-0.0758839748742926	0.572446766077153
-0.105202460026827	0.792545380303791
-0.0178652646304951	0.0753140873598196
-0.0316820129816849	0.129858019299536
-0.127541823945081	0.583483757883577
0.161526142659301	0.285155032642627
-0.0422905347237836	0.0569214039708041
-0.631618638464922	1.65823300289504
0.24281655218544	0.516427782979792
0.378327369441571	0.888706282507479
-0.234851895174928	0.455291494694288
-0.074562670930243	0.122342325111623
-0.0741835488972426	0.109929449688457
-0.252229097085192	0.514839592413203
-0.0245826181557686	0.0480953563179432
-0.0622048861484899	0.121732092059579
-0.0457195092324059	0.0854655444000966
-0.0695232072135293	0.16556507976264
0.199143852542733	0.728007911400368
0.130832516240233	0.416752467349951
0.0741111450290922	0.199271620356659
-0.0872265471627338	0.221666951124649
-0.0236201757847898	0.0454674588188705
-0.149033904029085	0.231052278930449
0.649965867684851	1.54046359963883
0.314042832966196	0.429961336179531
0.314700132470121	0.439707697540582
-0.0781106486971672	0.10599352063422
-0.250984403790117	0.465823890735294
-0.428201280834014	0.924415355182131
0.00886824046862754	0.0114037152957745
-0.0650271778158034	0.0660137392907691
-0.135682970059409	1.38735479710963
-0.0488168797643489	0.320576444222195
-0.113076856236391	0.754822639611648
-0.0246693327518458	0.0973218484869656
-0.101546122167299	0.414770709846956
0.0456662562986305	0.0628246336607328
-0.209288712938347	0.298570320702401
-0.0508480893726741	0.0685888575677915
-0.0784685137671624	0.106527364500082
-0.435288022654008	0.982699245742114
-0.0314380773488577	0.0460565070091004
0.0688568281152288	0.101754801412427
-0.37046750730968	0.880043240452492
-0.544695493548417	1.41707167807908
-0.348532326049437	0.981671309652435
-0.0468770715213852	0.0794194537571461
-0.106784707307937	0.181729463410205
0.0034630739868183	0.00520132751424326
-0.31984195950921	0.646685021111766
-0.0134825387351289	0.0271441581735118
-0.0851511588855645	0.182336610218129
0.446450135242816	1.70585992759014
-0.332459380412392	0.930929569153351
0.00202932121620693	0.00311132005933961
0.0236666968058309	0.0282455117711819
-0.314308468462538	0.483982487533376
0.155588974564063	0.16975865753844
-0.321032009875344	0.443822531277269
-0.00236666962622069	0.00254162224238938
0.434999043252842	0.770443123227754
0.108408699785151	0.159074662056296
-0.235040254030999	0.359596799192142
-0.0484874168590383	0.0613204880133654
0.0607779372051673	0.0942642582480434
-0.132452631773407	0.155370400024968
-0.17166573876852	0.297653136568573
-0.344659598786268	0.862665877600679
0.0275424677230968	0.0432137404620211
-0.218732950414518	0.487953932027742
-0.104294275633626	0.989689853894278
-0.119166309018144	1.11289952284946
-0.085577022420822	0.585470404958731
0.00785506728285033	0.0291969756241218
-0.132175544640426	0.588030733998269
-0.083019182102452	0.322243846527851
-0.106116193601877	0.446353537371921
-0.0677546926221004	0.12571990309448
-0.0902262503078551	0.205062178730962
0.0779088410469528	0.136000686302677
0.213636156361995	0.536788919544551
0.291302440024987	0.874656456822719
-0.336511904630039	1.04202240353558
-0.0811100322987674	0.174010578677074
0.193356797991498	0.503282269843059
0.143345291866417	0.344960953885489
-0.135918722456043	0.291864305659627
0.0834080622077313	0.215017200171797
-0.270475373992417	0.84315143231746
-0.0963167693657942	0.202216629857807
-0.0854141238473037	0.188153232294837
-0.321302229257478	1.1987779830613
-0.196265632201227	0.710091232537641
-0.203457934651433	0.641634026838122
-0.0218019174467781	0.057759723158723
0.0477763372363691	0.133358565282967
0.00162649190885886	0.0037313058250788
-0.0429928952450258	0.0972540973611562
0.172179841306814	0.483671637066485
0.339599598895124	0.985343621588518
0.423594904967147	1.10911592630291
0.150036918046287	0.225327431088495
0.426156800215163	0.911349959871218
-0.129922641780466	0.243840410378089
0.121451008612683	0.23117545972493
-0.257294696035385	0.612652409928256
0.220722197989469	0.579244403300328
-0.429165152987428	1.15571164894366
-0.0936922869797135	0.201873489530815
-0.0526334791603665	0.0711529893606695
-0.161656697743981	0.265643157329862
-0.166435756210394	0.428382166160444
-0.0612047309863739	0.130539879878076
-0.0545258169342737	0.122463175259075
0.242615562778836	0.814509986072279
-0.0492552090155425	0.0998124285271061
-0.059399518959439	0.450841010077842
-0.0414725789284334	0.262247273932487
-0.0858253309571682	0.487824385421836
-0.0526984040497005	0.222962190560298
0.018506228885984	0.0672884358552398
-0.163694873661485	0.896790721707634
-0.0596182683955398	0.213611874493061
-0.433337658795387	1.8354830741176
-0.0805263367355775	0.208670761753472
0.0868466977846418	0.198562361274195
0.254623333149028	0.84365391774868
0.0104363465413977	0.021600816551084
0.226049578580612	0.748243350053209
-0.0992326284973917	0.248940404941257
0.186801033516228	0.525196948833579
-0.0810662511075243	0.18936841081359
0.308163919476688	1.11976150110169
-0.0658964586826213	0.170774805551002
-0.50821016984865	1.92305788445159
-0.14690371824092	0.405684299091823
-0.245385930780691	0.932128260002149
-0.0470626636408311	0.102599100245423
-0.28094293877076	0.967232202572802
-0.123610065471027	0.348122527653709
-0.0430572765036049	0.109785304738294
-0.216547532404969	0.756188816168518
-0.140973121591658	0.448027967465631
-0.107155177803675	0.321601536507624
0.0814340204212504	0.228764998202848
0.0537600623167104	0.140312354481104
-0.194010476744291	0.588357615778354
-0.138418206781059	0.287331498202601
-0.179155843085769	0.464166338605299
-0.0872692395809625	0.170466882989616
-0.165729128737385	0.328086229018191
-0.0618714701842976	0.122578473399204
-0.0128535484733187	0.0248297715708783
0.136633218725482	0.310212447178524
-0.0859203151094791	0.194435064789886
-0.278194920630721	0.868256619724897
-0.167973358153603	0.487093013886679
-0.0124452767969757	0.0211829857093285
-0.158107497651741	0.354136216142244
-0.241944205855528	0.696807506221554
0.0493644017122254	0.105189659112165
0.207704474187712	0.680926759759107
-0.0913471750426636	0.236018557425433
-0.0240903014170604	0.0489767424906893
-0.0804348489405529	0.669488207368397
-0.0782633865624765	0.592390864879599
-0.101044443736752	0.612526542877282
-0.100663011722287	0.600401573674062
-0.0418515367400165	0.187970542847501
-0.180456370180563	0.988422179025039
-0.114459039247787	0.440358013088683
-0.0746546169282604	0.299907210202042
-0.0703389137888581	0.281721064926678
-0.0793017962747738	0.323159181404912
-0.0829284030082372	0.328552844036307
-0.112297911068002	0.285042339039531
-0.135786840440531	0.425111751501148
-0.0586342552659764	0.119370179997073
0.0774861577845858	0.182663706665247
0.0915263933456423	0.227868112732489
0.024744515395252	0.0553501838539233
0.0938969517846372	0.235777290525952
0.0528758334972472	0.119169053701223
-0.0699901121974343	0.166284556173114
-0.000947636402742925	0.00193709172927343
-0.049599424323887	0.135382491118686
-0.170362401932917	0.631887268151855
-0.0434598519862239	0.0954967165312946
0.0224251419834208	0.046583175146876
-0.0240898035015031	0.0588423081599921
-0.0402558710678032	0.0994933393705536
0.342933125647267	1.60593009640739
-0.114564751053028	0.349260376686727
-0.0310524804701555	0.0789782444925224
-0.00966823050324111	0.0232881799886801
-0.0746449264766221	0.215175164773191
-0.095195350504877	0.268468497692255
0.163141357349374	0.538639773917213
0.347936007726029	1.2240276331515
0.0507162325172501	0.0934405744472594
-0.039960407337307	0.0616503158571028
-0.260252845707545	0.564973620209745
-0.157205828376854	0.359158440457108
-0.0754902219833253	0.169425593239616
-0.193164902341159	0.486547847219486
0.0673033536142849	0.130806443075956
-0.1976228709025	0.483616497833819
0.0227017286616445	0.0484092965846042
0.169322758572957	0.380296195637151
-0.118737150898333	0.212452045937822
-0.167030002223582	0.479087522541023
0.100470042839117	0.257614084643389
0.0234994383117046	0.0555232517199418
-0.0128943976381816	0.0295627476250596
-0.297455124655747	1.03220184821594
-0.12724616577062	0.266737709658451
-0.0159519483030599	0.0243579376522372
-0.111341941203015	1.08417624018452
-0.0705568473663497	0.529281997954826
-0.0764758902068662	0.563418716224414
-0.103903708280009	0.733767372859474
-0.130849506249422	0.793575591526616
-0.153504804405632	0.902088078103476
0.0240553249711081	0.0914871126294056
0.0636372498865963	0.262359159988704
-0.174865499011687	0.950205268417691
-0.124338279631274	0.417756989098985
0.145782914907032	0.539942418556293
0.327456675639955	1.79840814025847
-0.20470587072288	0.849371544056841
0.237610927115264	1.09178956305144
-0.0935245388003347	0.283939754467217
0.229570347213426	0.998100003173601
-0.0653278083331898	0.193008945235458
-0.0893258822888164	0.293109288152985
-0.0598778701095153	0.170324467087457
-0.228990111408081	0.870477932646478
-0.159361520642869	0.598262453678418
-0.167140306754506	0.573746861495441
-0.0237271263667539	0.054454453085161
-0.164414844165834	0.536961885263193
-0.00765279092323326	0.0180780539760757
-0.0725567447302952	0.214882185740489
-0.0314367884492505	0.0767338865696405
-0.150744821732531	0.537794190850574
-0.16162299636105	0.599408905466403
0.0526046010219252	0.128660736427365
0.00996474960968494	0.0236330184764613
0.0849982315911464	0.258236368947167
-0.161370279468118	0.610229089050775
-0.227191036661686	0.99945231422839
0.17835160212811	0.657026192249974
-0.323394125905691	1.40784785922682
-0.225469151969963	0.728626695242487
-0.022115653080092	0.0449232959880608
-0.0595072930513914	0.153930224470298
-0.0846519900706442	0.248166417034872
0.0385977201355166	0.104249810001509
0.00750099839865188	0.0175531973781399
0.160040900165928	0.526890259861448
-0.0317106899557489	0.0811050603380734
0.20944924368926	0.718288210054416
0.276005433863284	1.04309048823891
0.232623395850683	0.851022747823317
0.198761853280244	0.717014432639783
-0.118063517793987	0.37348457276031
-0.163316911959999	0.541150660938455
-0.256839851314301	0.923322466265036
-0.160344649288282	0.444663414140353
-0.101447398515579	0.238624224873352
-0.0889788633897958	0.778503293566023
-0.0552242768220198	0.397929110935754
-0.0560629408019637	0.329047221373812
-0.00679144301634304	0.028009691591232
-0.0598960741230172	0.291029524222537
-0.0639845225023675	0.270045839000425
0.160620941605907	0.778990394202157
-0.0771866896172826	0.263892245863048
-0.126043519585513	0.512708013420234
-0.152542547182349	0.654591616115769
0.0655455346956669	0.223862242526736
0.0142330011004178	0.0392211460075138
-0.178479510411074	0.771272354886213
0.107071064272518	0.384258478977542
0.0500415407093473	0.146652937640432
0.080488211176162	0.268065529850608
-0.129563766577225	0.414555111706269
-0.0485029361600965	0.135419192502062
-0.119235193721846	0.396303093787294
0.0262725405635008	0.0612903527334362
-0.0205747641116258	0.0493999848312793
-0.0982046996764461	0.238328277736545
0.0188435227328721	0.035671670001777
-0.0546034005206862	0.157209040262035
-0.0187819892046139	0.0470963385342901
-0.17598497591102	0.426041499216488
-0.296266865271557	0.767283811429352
0.371808008430389	1.24086084247483
-0.09335295336554	0.223076353905992
0.0100688499928804	0.0203759348891203
0.0522200407551921	0.128425991967245
-0.196595258712672	0.584704757551219
-0.255174700373311	0.944367451250983
-0.11640146564214	0.373709258225519
-0.253402070433354	0.505230596162093
-0.0971413523038441	0.164291201696288
-0.0420295313288452	0.0912902518446965
-0.00350517676090433	0.00763106426441568
-0.0834880131501175	0.236203091439626
0.0178385368222425	0.0495265273323173
-0.0809219675926657	0.269386310469413
0.079808892187418	0.24409727727198
-0.00904865627546904	0.0229248680770728
-0.0226176121181203	0.0612842462921468
-0.0281421552878736	0.0758034709634207
0.011765170309533	0.0312318981492448
-0.268430615209861	1.36457982699136
0.0247272073218281	0.0697731202601532
0.16171644295066	0.551798592175358
0.14638020885224	0.543907865890108
0.108883212554285	0.361904306628882
0.0397025193913354	0.0844028586772729
-0.204039957598438	0.599455798428409
0.275429276344034	0.985371898705077
0.191487249488989	0.536629934132883
-0.00485270966254597	0.0111305316243991
-0.195464467853388	0.707960816641143
0.0847777720584261	0.182866430420726
-0.0912788214954563	0.807798561840282
-0.106743461139257	0.919160403172386
-0.0637204360685149	0.374929320001427
-0.114413282679892	0.735879664538019
0.00874187911889475	0.0336042919546442
0.0408224637386845	0.153796755698064
-0.119632656081232	0.511742099934824
-0.126214198851577	0.548291782249036
-0.0238425626039878	0.0731933851027077
0.0343268654601391	0.107428042918588
-0.0166707800754542	0.0489936197836193
-0.102196043692456	0.375847611355479
-0.075256822073766	0.254686293746781
0.13688619222955	0.541935318119924
-0.150965407613508	0.633233678120652
0.214419885600004	0.907779990512208
-0.23230869623317	1.0546904146768
-0.0670156242471058	0.200445726430272
0.335619493402338	1.72013495834106
0.314392308447994	1.6443838173332
-0.127973030226398	0.379042110753686
-0.140457268941843	0.495777845197
-0.188447900266486	0.562406560411166
-0.0460111092284264	0.0930305837751368
-0.156690711374831	0.585847722402596
0.0984531719153264	0.310001282944371
-0.141673138116061	0.330036082807585
-0.196708224002274	0.569402946018945
-0.0441632107296335	0.0889660465719491
-0.027325498650512	0.0527777788751926
0.158778577553888	0.368387275780797
-0.084539155432697	0.186774572456295
0.0166422650846272	0.033893932943265
-0.00856210095059301	0.0181662921935539
0.0785588351021833	0.20428929527057
-0.292537250516952	1.09375418863714
-0.010751072242134	0.022644485639138
-0.0735307067477795	0.242341092038697
-0.0494753727862165	0.155515752792392
-0.119525225772412	0.433868029959309
0.1323044233206	0.465774475866594
-0.085383555034396	0.273519488651427
-0.00372472146989852	0.00960213982698225
0.0743390989390083	0.244871150345189
0.191277997218455	0.834596584451344
-0.0185022408244627	0.0514719658839474
-0.11050534991961	0.35647258364155
-0.076006658619306	0.235100094773321
-0.0389067997337248	0.105757779134482
0.059665926870092	0.152671189116788
0.44840861098315	2.5547364447873
0.00332724865641466	0.00754630964178638
-0.11945953309129	0.337111145948581
0.0425077416741431	0.115925750287368
-0.165204772114501	0.585680240037676
-0.312379219909962	1.51496652711706
0.312244951595185	1.10742178195956
-0.0892610052254024	0.781820933587035
-0.00153187203906466	0.00782319921519135
-0.0651413175959166	0.393511951657774
-0.0611155478304274	0.364617328619268
0.0252692699845931	0.113568394835053
-0.0441369073374795	0.18768640484079
-0.216333753334322	1.55539022153686
-0.121171782441315	0.662442040883035
-0.132007822699586	0.672299417223461
-0.0990069544055121	0.346677253391078
-0.0499558208089032	0.158575367915566
-0.0720652269153141	0.241271936008181
0.128079193976166	0.503536177922323
0.279586471770368	1.62862094580724
-0.0515977925507375	0.156612731692976
0.0666557594720411	0.217980493343115
-0.214527699546945	0.999534977970948
0.0213533593732561	0.0636236698326807
0.0170329466647887	0.0478214857056292
0.165608646693938	0.624670468545398
0.0511445441578247	0.148047710519655
-0.157875693616361	0.58192290588255
-0.0471629499456628	0.134377505821112
0.0128053109408669	0.0326461148165122
-0.0192802147625199	0.0506083240639774
-0.0255765498781353	0.0708377346944909
-0.0427877161998808	0.113367174864288
-0.279253095351976	1.03353520742897
-0.284638450721456	1.00458024465597
-0.105880097136614	0.271969113042201
0.0111980803710604	0.0241481951204352
-0.360267146527029	1.28772122534089
-0.0169891392341791	0.0350574977061035
0.145850231587395	0.42988415830263
-0.0775416648725948	0.209494868311161
-0.0258921751793871	0.062933806260793
-0.275097227289386	1.23345394871308
-0.195238623350805	0.763667853427639
0.197569986665371	0.6727454518756
-0.0709883641587961	0.184032453594885
0.130725744462299	0.41164919026859
0.108661227208207	0.363290871801444
-0.0507466398541924	0.138930570896577
0.0441269732692586	0.118572882066064
0.185309810388375	0.702750007782119
0.0873428069922521	0.304984513466752
-0.0161004333538113	0.0381034991415583
-0.287112852399514	1.17123946036823
-0.113824022299679	0.357370750456811
0.0152448174805347	0.0388264885805148
-0.0799371471820557	0.258973758426999
0.107654431743384	0.365915559620933
-0.0490655629142622	0.133442497928534
-0.0212074610935607	0.052495521026919
-0.19571370279569	0.672476392839507
-0.0294568670375379	0.0801962930452472
-0.21453033975705	0.674848465208902
-0.0233533136098465	0.0509201465307826
-0.0972747618419669	0.883497886031921
-0.0982786265468172	0.848662224372863
-0.167689970937489	1.84824582502642
-0.0888531399718598	0.604435273099126
-0.0725634538306426	0.369973864295739
-0.105483781481513	0.570031770147883
-0.0660278255742818	0.322412123092359
-0.110314733388222	0.589211216522282
-0.186043643021294	1.24155394929088
-0.0873049673852246	0.410346381049194
-0.0543820547743082	0.212072023292141
-0.0269287269804307	0.0850443608155855
0.121510914364466	0.500475713303102
-0.106956699986775	0.430268961189682
0.174951464994881	0.778752766032354
0.114784119822015	0.446419086003006
0.000442361081067129	0.00125180318984189
-0.0397784633975293	0.121082733008042
-0.0249912470639609	0.0711850729206415
-0.250332492158966	1.15293636601896
0.212580943144226	0.892613478497822
-0.120436306943625	0.40253321655666
-0.0264354971687201	0.067512079852231
0.00771766937911015	0.019545545823284
-0.0692271359404804	0.164777684357647
-0.0393800798613254	0.087697641458822
0.00261788721986396	0.0050985360699365
0.129304904513717	0.254788451558329
0.14343248906445	0.323006640428048
-0.0543725794622439	0.116919930235807
0.0952151255017728	0.232201994623734
-0.0728587293423794	0.187931674706651
-0.110802340889712	0.340419983019336
-0.111850908510252	0.401101594018534
-0.231737295604125	1.10227938236648
0.0563397371384373	0.158390497644935
0.146397292252951	0.515069770749342
0.0742302587618215	0.218372730063565
-0.265709561697462	1.16799045142564
0.0771829064372615	0.251321662801779
-0.139744809643276	0.511256562971046
0.081421570330865	0.256981677289743
-0.000872610440659382	0.00228264883437383
0.297678818470932	1.45307121455689
-0.0708612920372677	0.20762495855124
-0.108985141688637	0.329691568953989
-0.0494625671905545	0.130897646186213
-0.0607425480858965	0.174262686140193
0.0739438809514037	0.220859271584848
-0.137734388866231	0.438643246182131
0.0960588014230744	0.291800264742689
0.182994917573672	0.61203657009353
-0.159237168610282	0.544970365841032
-0.101027300662725	0.307249344045055
-0.12457391859638	0.41444254476189
-0.079726743117895	0.219144720705472
-0.106955504685032	0.273026580162353
-0.0796640414794942	0.668098501846668
-0.0701488885363802	0.53641440277805
-0.123317141420349	0.936168057528676
-0.135525649387625	0.794076268541624
-0.0523398885972198	0.220629183853414
-0.190125272584659	1.46110107185061
-0.0839396361527149	0.42900640911988
-0.108622934702557	0.563320593160982
-0.148805289189051	0.88115405179442
-0.0824057736895045	0.369948177013048
-0.0591422096957807	0.236771783105888
-0.205840235313872	1.13390145853712
-0.114907242922063	0.48062066720696
-0.114661728452273	0.476460112986766
-0.0897881985403893	0.347850690453878
-0.124763866257399	0.507102484019988
-0.16047410801563	0.704466475864526
-0.0229872921048518	0.0656157330389723
0.0670340541250102	0.233758806099695
0.192189952433034	0.80567031103871
-0.00278598973626558	0.00731028764353297
0.00636970389818326	0.017040907351064
0.171580966136068	0.608874535392999
0.0322296629492608	0.0890269299882867
0.0339882088177778	0.0772989774653327
-0.117876814881895	0.371816018668881
-0.132252932832319	0.350380057941832
-0.00320865988387876	0.00630083552149075
0.0105317483882239	0.0274234723039903
-0.354400114519057	1.89967101470031
-0.129348424979038	0.272219212382407
-0.0959264855798194	0.194706872647714
-0.447080654628508	1.40046076732863
-0.160029396176644	0.416054823564881
-0.0732008596400878	0.159534115484809
-0.283836015019877	0.790371025432511
0.213410287442277	0.506017860993276
-0.123650609840573	0.255281089024918
0.398395223759461	1.43594862641038
0.210233569006606	0.616574919792656
-0.0481435193629089	0.116428350008512
-0.191907038846328	0.535071179186111
-0.140227908699938	0.401944999248372
-0.285588452473206	0.712347165024889
-0.1351779813639	0.418284768701131
-0.0721327920008957	0.234832118720085
0.000510996552038573	0.00136485448666618
0.126277367884219	0.468402951704057
0.107714911560959	0.357692170898635
-0.209681296533062	0.870752650481482
0.195470066368859	0.777188281369774
-0.0354200798477017	0.0995296157534732
-0.0420776937445179	0.123780626942873
0.0667965061747767	0.22544501679408
-0.0379779629794081	0.103152099293017
-0.115791415045103	0.414425239434748
-0.0987845359786558	0.337164178227503
0.00909987535318822	0.0197639717752797
0.042891141631755	0.108583089482041
0.0138339000219892	0.0309183017313092
-0.18154962234372	0.593365605576444
-0.082377466314023	0.238910783237647
-0.0092445074535046	0.0232707791524199
0.103235831311353	0.317301307028636
0.15238754775419	0.421402583540172
-0.0911271907751788	0.235323842338231
-0.0156945556758635	0.0418839586285787
0.117295879265994	0.403153678881295
-0.190579383394232	0.49160923694935
-0.102663951379032	0.952344745439291
-0.0741467640761891	0.569484250943883
0.0275870875973566	0.14593126561373
-0.0550360883986651	0.303566308440863
-0.128017233829297	0.828358745709197
-0.162160608355739	0.970651965410581
-0.088336878384204	0.433327328456862
0.0732908351670628	0.311269068211235
-0.0903640162860079	0.360222641617253
-0.113649515214282	0.515898488367633
-0.301642743832906	1.73036263581524
-0.0541804869751921	0.1736695406717
0.0554313982919994	0.180412960436297
-0.122335301201259	0.485376804965467
0.0654291862285827	0.222750645388242
0.0106209945451162	0.0277136713795927
0.134925067571742	0.53532207629094
-0.0775232059389816	0.265663655723377
-0.0594456574240952	0.204224570502572
-0.0123120272542267	0.0330697393966226
0.138648727118458	0.476449590951876
-0.0667772267065753	0.200997711035544
0.116340578155414	0.374359188490538
0.0983716501504198	0.328487939997219
-0.00686386947201522	0.017024637130381
0.122556359051758	0.366145924377303
-0.101346918321675	0.329897823819834
-0.121029936375432	0.396118939536282
0.10193103227174	0.306677323077842
-0.144160634441231	0.422040925306137
-0.11720265789992	0.345152539319229
0.190275725209509	0.591018095679504
-0.100719815616619	0.242384573202699
-0.147288071623147	0.395512819354627
-0.0508338401003475	0.114582975058324
-0.414358775937949	1.37559520002514
-0.0591776253897245	0.139144779853037
0.0556566694506018	0.127072138063796
-0.15609203162276	0.478518912526748
0.046543989609563	0.115364683391473
-0.0696145059153347	0.185369525333435
-0.0885867650067096	0.247270968621651
-0.0891684083902898	0.273606599572568
-0.0521721135724402	0.150848905098059
0.182097769543217	0.677544257765944
0.122421852251662	0.40128418836153
-0.110868402069378	0.300796031883076
-0.210405934127483	0.676235462467457
-0.16398833023334	0.53291704934915
-0.0610052892394536	0.16557747645038
-0.00226404877090151	0.00526525044125312
-0.000902270503470922	0.00213109188594123
-0.329032833239686	1.55248188278024
-0.0188589958911855	0.0521381674587802
0.00431668498595075	0.009195589269477
0.404267670612815	1.95910440343935
0.0812126561207978	0.230935896573158
-0.0979945645916566	0.298082163159426
0.161489195366181	0.587999632818005
-0.0824213777609008	0.250197148211339
0.341997752970206	1.67209004626312
0.130558335497163	0.399231297427498
-0.0448789966720196	0.11345876457667
0.123895817550254	0.42615114966392
0.0810804345825084	0.250185760847821
0.0931032977673242	0.259414298147474
0.320790856252834	1.35422646974592
-0.0968181310422512	0.255282391098108
-0.0666364507540891	0.525336803474976
-0.0569758965105471	0.409175581437096
-0.0120807338221411	0.063001931882965
-0.12808067674591	0.911256159580288
-0.0813509312686449	0.385827804852348
-0.154931247337793	0.974877955569278
-0.152304785427922	0.808431553108402
-0.070595516298001	0.250677821821992
-0.0765301240033126	0.295284972241808
0.0192411114419856	0.0527948473920544
0.185738905696432	0.821563519487356
-0.0586442870790587	0.178893923197278
0.167757327299909	0.72039950836899
-0.135628867133842	0.516275074480928
0.126983845675094	0.441777003891001
0.108208488046994	0.375930031581914
-0.192748929029183	0.793286363176415
-0.0974278292853937	0.361366201547446
-0.129574631104362	0.455631891154788
0.102432481320866	0.299595774552857
0.167179941997735	0.603476324951944
-0.0664722580704533	0.164363345470008
0.161300603908983	0.624465165616669
0.147153323446305	0.515740796211074
0.162032303174031	0.592083392988075
-0.0118925835615766	0.0331160365621573
0.0188811447100355	0.0468221058203145
0.185779289428747	0.670124830303677
0.130643768283378	0.405514404253109
0.0799875078346147	0.244260726513978
0.0404441698675078	0.105342630749379
0.311645667762428	1.24311264412064
-0.0964403416682048	0.243456175274763
0.0992053080680573	0.267771323514481
0.00919899627486071	0.0187195897859209
0.0155410731443381	0.0367583195460144
0.0753673689298481	0.203240845510225
-0.191432683228513	0.636375656113006
0.0877659807841178	0.25005629092009
-0.127946985846659	0.428167374046637
-0.155233139444824	0.595073569419133
-0.137687469480344	0.514672188011548
-0.0512282808575601	0.150641310685769
0.0555304123812124	0.170529794512393
-0.127619584255475	0.364086572080131
-0.249111974752223	0.817414964955054
0.320396956553912	1.14294334817338
0.486362487555349	2.14900784459804
0.204949226824723	0.717167322177594
0.0521039275098859	0.137510746148461
-0.162627184142292	0.509720135357696
0.15243308877837	0.489680700024528
0.076573678294939	0.196606765569451
0.0786532724217531	0.248368757649761
0.0498475293511117	0.102994739307448
-0.215120364862462	0.601278649100962
-0.0517155328734629	0.12936282194064
-0.0147264159184993	0.0352241655115571
0.127069607882748	0.461000463837356
0.0782974294323769	0.246014364303149
-0.175174884360479	0.588134633591937
0.0712514373097176	0.194595479824121
0.140828530655902	0.432589856840535
0.270332517262042	1.37317940954028
-0.0995081084561011	0.309970704375642
0.0194053686754458	0.0410737792951893
-0.264705240006909	0.760905677379396
-0.0206596378705588	0.046881855047355
-0.0760069665498383	0.62991547560772
-0.0659946623116202	0.495865330956393
-0.0500443630525823	0.278444535032557
-0.0948346254953516	0.462532956369317
-0.131013819183742	0.772443965011384
-0.0822979860624998	0.340363118297081
0.111079308572282	0.421375663554542
-0.0799814175821709	0.301375271303873
0.135509431041434	0.465762925055758
0.298567597734028	1.59541056700438
-0.143293705882255	0.550220073197657
-0.00301048795780565	0.00790361088990234
-0.28185603955363	1.33090113279319
-0.0995931700440645	0.285815706828841
-0.0694080629080252	0.204332380959435
0.269125168311849	1.19799299904543
-0.0391670317750417	0.123387770706664
-0.00355537256077621	0.00900569410046157
-0.301694937940905	1.27158147718667
-0.0170579723496388	0.0417309525035992
0.0194577879618679	0.0427466736484281
0.0829999031740844	0.263008173482486
-0.184058323677827	0.697445161952027
-0.172345691603724	0.626272788165971
0.11293956881004	0.431781735572519
-0.0247917447143771	0.0603486307080365
-0.128519823493516	0.383726509036108
0.0681983405238739	0.201110865867207
0.115885293561542	0.407178859107089
-0.208247849055921	0.82703676412101
-0.0822769028793191	0.216360267525207
-0.0701512480294923	0.165384630238429
-0.0487445064772278	0.118823276520618
0.0682375581043016	0.162847725320676
-0.438365330125491	2.27610948334976
-0.00104940902704819	0.00240178865666809
-0.0982616503736195	0.288241371348414
-0.0389684920746684	0.105109528380861
0.066169549283965	0.19993724221469
-0.0908196200078295	0.294201911891785
-0.203947341887165	0.894133284607795
0.0408719912164341	0.12524937343892
0.140643361872219	0.565455752395443
-0.0937296475132822	0.303478544331609
-0.27073411461543	1.36340120798854
0.0273238285737218	0.0610772787659455
0.305940399954106	1.10806073552843
-0.0446957305984559	0.0818690344420831
0.0989584013963482	0.205101200180942
-0.0217925914535476	0.0487028494855453
-0.101883638537462	0.287525769311717
-0.0390190749080918	0.0910510508143956
0.091529095901146	0.227100036677575
-0.206051384189661	0.618046679731373
0.272095663860356	1.25273154120476
0.0349472619524368	0.0649940400845541
0.608090508048353	2.65338920252756
0.235008155084933	0.869322630525098
-0.0820875330483292	0.246768683139962
-0.0630948542176387	0.185724679430289
-0.192661768096344	0.750848846286708
-0.086118969760115	0.241958046372657
-0.0870881761780272	0.213433801199441
-0.222014509641191	0.757690623561538
-0.0275939847643826	0.0769052222190576
-0.0513366569350263	0.139535162345892
-0.187130373700117	0.495360248972457
0.14833754818154	0.327773555146828
-0.132461554214589	0.35768071038903
-0.0877577964687492	0.765589094720308
-0.0981902453559156	0.797519315966764
-0.178007187877188	1.35262215867886
-0.0230941510757039	0.104615742043347
0.0225793655701292	0.0866169588791679
-0.00548274178992434	0.0170298334243436
0.103270140032612	0.462924450937026
0.134489173391559	0.503881633151104
0.0553155150310687	0.175653377110195
0.0644099390014681	0.212248418038535
0.149364790701219	0.606089569797969
-0.0537124662992699	0.177872372016776
0.0759612350576932	0.237794637182665
0.0793747440566442	0.262441186215269
-0.115518116624594	0.415533348868163
-0.148864395384873	0.66384245706891
0.0125636474325016	0.0344570211153875
0.389593702903633	2.17953729746299
0.131572276786709	0.434476231621731
-0.0853584099402725	0.235724320287148
0.117309859141843	0.432104176406319
0.178352099901874	0.665314871101555
0.0265686928552167	0.069708897106498
0.0402775933777869	0.123795077248467
-0.146774932820925	0.460449976416409
0.123418009734174	0.38603378651226
0.2132127738487	0.87730962189375
-0.0541317067660428	0.152561745473496
0.0766849830666938	0.216387125574245
-0.120417900594525	0.347994814409818
0.0914589132024946	0.231168530390314
0.0474572911989538	0.110403176726896
0.262373219824527	0.951539946403848
0.283332788035841	1.24041690066039
0.151574261639266	0.503894435357571
0.0605246328905042	0.165414870688194
0.249030592460332	1.03527863042728
-0.0195353924934104	0.0500809344394902
-0.0187060912861504	0.0482078359268292
-0.257288584828111	1.15032678106433
0.050360766858526	0.155763566950042
-0.0639772562890401	0.2091331540774
-0.105460519526162	0.373774964451641
-0.176513997683307	0.732446186615396
-0.300261795347414	1.17364567444015
-0.231106138971186	0.715453320345098
-0.0865314449406488	0.176980035946293
-0.244869048238409	0.620954524204133
0.0269801083347157	0.056355175298793
-0.0888835317208313	0.247720418187691
-0.134430351120192	0.377289083535339
-0.303110711277305	1.20771360301481
0.00214987654852716	0.00441405049626029
-0.0859507596052769	0.271504777251757
-0.0243800295351901	0.0483374968773612
-0.0948464885338968	0.204785138110794
0.139891539110467	0.472521087629398
-0.132280519703591	0.454471809779228
-0.155500217674812	0.575301434689187
0.0217683231126457	0.0592249356960289
-0.0210030004671517	0.0500074294672435
-0.0519053151709529	0.125096941752156
-0.0269262265163017	0.065611436675526
-0.0249156007922374	0.0705949030763932
0.0797194775402427	0.244686202857855
-0.161417424669486	0.446484597994831
-0.423743094377987	1.41285670335342
0.0523727092123284	0.12558457530305
-0.062221399491786	0.475873960816095
-0.0726042522292706	0.563675878292509
-0.070526750880628	0.527630833384961
-0.0469348548069564	0.272221884572241
-0.196236979747071	1.74927065199248
-0.0779680392748705	0.447610324129051
0.0665423867608228	0.302639875429723
-0.0409129750853918	0.160867296679375
-0.0278179554085632	0.102644666407093
-0.0939035903617526	0.437759469223541
0.019455727917208	0.0684993454499621
-0.0865838805321197	0.348606102732815
-0.0109930609489011	0.0358496623177933
-0.0913236214594809	0.377320201317318
-0.12992872040523	0.569612624540527
0.237761101722922	1.24381322639665
-0.00442549326234775	0.0122806651862406
0.0987818680245253	0.340723287857425
-0.0306568303735184	0.0873708883871824
-0.0340792794991746	0.0963608554944797
0.00920091058924206	0.0247182891463502
-0.12876142585268	0.410042190543539
-0.0248497354825207	0.0647835523315766
-0.0403795219895475	0.122979281625356
0.0991060987527176	0.345078141754115
0.0296908454609397	0.0689968041651016
0.0231000729238908	0.0503283596592208
0.197444555163548	0.55253799155197
-0.0148018487351334	0.0330794203061561
-0.0512494793735874	0.116963872120946
-0.205295967538601	0.594682029965716
0.290502018124679	0.783332619336954
-0.037274726547466	0.0757565329687564
-0.0319801355316743	0.0662370062868283
-0.0172083285685811	0.0365746789069998
0.30286983078778	1.36419112663092
0.0239813765861735	0.0581725876275054
0.295409953793371	1.4076194098372
-0.291892491500522	1.30882683422703
-0.216282690656042	0.928545227269946
-0.137857972759312	0.305959257056967
0.150897217131304	0.440518661703873
-0.0228105203756781	0.054963609426675
-0.0252192828511058	0.0694346755523329
0.0589912488891057	0.196381622594248
0.0335261846904811	0.100293568756064
0.0897245142174711	0.316018835062811
0.25224558551354	1.23657520249165
0.0827182206113395	0.25678318735597
0.021219891721044	0.0571556441733209
0.150724850914507	0.571230231308438
-0.0341481025210038	0.0996258474613329
-0.00417554180707705	0.0110990074231862
0.197469182554079	0.861603318748765
0.0904134938548569	0.323523060766479
0.122614639784269	0.439321529135165
-0.0289175758740323	0.0792708869921302
0.0132991735099179	0.0325794657961143
-0.0665533569315656	0.191066182489331
0.196677308525726	0.798724724467574
0.0012802096988816	0.00313172896018555
0.11425500130473	0.375533267410715
0.0424559072263447	0.118707156859213
0.248999794936608	1.18350343092638
-0.0830125298952541	0.261188675913473
-0.0148362739121781	0.0377969702530669
-0.207418546891585	0.926935910531388
-0.236610871180494	1.00926359073026
-0.0761208057474492	0.190578810761519
-0.0684702833272926	0.544566401715687
-0.0521689990826484	0.364777958093522
-0.0197705567041631	0.102605917764559
-0.0930732039245216	0.620193470737897
-0.0491899450374599	0.260955311007007
0.0497188064448912	0.227411749735711
0.0841529967533741	0.405836457393005
-0.0464216562504766	0.192882219064088
0.0102554947092247	0.0366921847993792
0.176775132069236	1.04069212628759
-0.00283312197602713	0.00877294538216592
-0.0546343728003748	0.193994141910233
-0.0470566917813417	0.173050141949899
-0.0525294877229233	0.172414961313684
-0.103722847555742	0.392890457951425
-0.0375301855767273	0.101982452072128
-0.0498642301135112	0.133433035927069
-0.16285039310008	0.63813238715712
-0.106527244128524	0.32376442247731
-0.0569041204916699	0.175847000456313
-0.260678198358322	0.921194371484759
0.225079385021223	0.715390499802438
0.0926608102148352	0.336509275791137
-0.0671403969738483	0.2175968435791
0.084954109548632	0.188124481005297
-0.0389570745221113	0.081297682118313
0.598740337831899	2.51563714114933
0.15861630338023	0.437709152565425
0.351875689006779	1.32797590207208
-0.0584998960674088	0.115744022572369
-0.390955770336076	1.02346674708039
0.0545910153932839	0.098774828865628
0.24942089963703	0.738444191679032
0.222061413098936	0.642515255617098
-0.273328037344914	0.999851041592695
-0.00455617573663084	0.00934903108489673
0.0574271570307384	0.144138116294122
-0.00794691736822549	0.0194192789631659
-0.285627091769489	1.24263276619042
-0.0844661496917358	0.255481100028261
-0.0628925787416522	0.216861556649408
-0.0850808793962424	0.262402430412188
0.467654257722402	1.51450719420607
0.116757104493308	0.252135796473121
0.296650489231601	1.21200484249429
-0.134766733948802	0.45044732983464
-0.199647148538576	0.83462935859737
0.0232606115397592	0.0693946074668837
-0.0471664715062517	0.162152097977816
-0.0619821088060609	0.208391276994281
0.0088646013359713	0.0246159910440788
-0.0580367858381045	0.193060621839325
-0.0580683568268563	0.181317817832355
0.0445210296186556	0.149070125549755
0.182807529062001	0.914249897410378
0.118663322350032	0.496836466236299
0.2456244403259	1.2219703325672
-0.0326970605267784	0.0982835389439521
0.262345505085071	1.39402538060104
-0.333932116993182	1.3818884112466
0.16244251763365	0.504181061505489
0.0772685869976522	0.217834711325088
-0.0760439655048578	0.205777090334797
-0.0340862639294966	0.0893854641183371
-0.0643573764512573	0.190358613764144
-0.0681350995945244	0.194096897572526
-0.186634409488298	0.596651433667709
-0.10298072550832	0.305141710866721
0.0475958897945044	0.143529689798848
0.0341205495357497	0.0963246934817191
-0.0230428624882784	0.0473156666534274
-0.101788797034485	0.945052793204431
-0.031696398079326	0.198010540377958
-0.0895474203865841	0.651663200526919
-0.0127586987916779	0.0639117595141847
0.123547278435387	0.75676552361121
-0.004980844513303	0.0183239575118893
-0.120220255214008	0.66702379629964
-0.100518167197898	0.518177239558843
-0.00563411246036928	0.0204032023444568
-0.0523004599206316	0.200118278058963
-0.154606182532429	0.808712788025898
-0.137479280333722	0.691729660388483
0.120446805524795	0.563645450721008
0.0234033230901066	0.0742919912253397
-0.0841694628999557	0.292638983235745
-0.100815507086486	0.365288991828812
-0.071669790889811	0.23226537240194
-0.205216167151043	0.92162041041345
0.126841225431886	0.495247059893722
-0.183101454193918	0.72620301221905
0.0120890859480101	0.0309817477137994
0.00856356298608969	0.0240773111791766
-0.0811452411605011	0.267582558743487
0.191731717268471	0.659317607622273
0.0733712498329361	0.18216462369668
-0.00263320801850505	0.00543751065387492
-0.112827580834797	0.313466171816797
-0.0923881532884178	0.221213208112623
-0.0241173667340061	0.0484277786437856
-0.225987523749599	0.596120475498422
-0.275595608076889	0.934735871403791
-0.0877396337115008	0.22903048178359
-0.00788601837381267	0.017523582688949
0.263211873721393	1.08082981880315
0.0721001136878584	0.199807851776028
-0.101417436118149	0.299420167063466
0.113684024382307	0.375401469166452
-0.0854387626214601	0.254134667570356
-0.0635937187058649	0.198491241200939
-0.191969287529994	0.819989002280711
0.0235985286745898	0.0649462708164804
0.34941891063971	1.18095577290503
0.216988311471966	0.739760311874831
0.0487717652721416	0.133420891198082
-0.0477102827185392	0.139604011231406
-0.0241474425900942	0.0702364164518991
-0.0699618109313048	0.240023832528051
-0.0272204463019768	0.0814128178695583
-0.0948358439552644	0.301521884657055
0.125232568044703	0.43384161545006
-0.124536944259233	0.448382908016177
0.0956879524167488	0.348568867110311
-0.0192960053830727	0.0556921290846958
-0.162140012226516	0.683457834692629
0.183982668182529	0.82205899598113
0.1291955670562	0.525234229306707
0.0577769337595977	0.167070801455603
0.0712122388873769	0.215845041031006
-0.135644383275074	0.458960198444212
0.118653822852982	0.404803565939078
0.199910912106052	0.855992118494552
-0.0778925021807582	0.242110202825805
-0.064877251959593	0.197223405374158
0.151184347877615	0.566689747891418
0.098678244404626	0.298708994043038
-0.0351028057325338	0.098034237961224
0.0650428167950357	0.193733511540487
-0.0902084629492388	0.285724715229005
0.133833612027065	0.434990999935426
-0.0263824384235969	0.0613082546020231
-0.0763434431295065	0.627806010895138
-0.0736905193061646	0.579444057767308
-0.101197755060605	0.844976471379507
-0.138951629266249	1.11282316779613
-0.0110271507030703	0.0459589275405353
0.0195601099274355	0.0828720181104828
-0.17086326468769	1.24941665209547
-0.149292313282001	0.978374349474811
0.0176970533265597	0.0657641462210676
-0.0569570567487629	0.240848575141779
-0.00597424015811789	0.0204572468503107
0.0227699006141634	0.0768524741851388
0.0346588083438687	0.115344996677572
0.0403746888558907	0.132759137062313
-0.0870865791847296	0.304556373294657
-0.138606933719041	0.568047930449983
0.0651572223972561	0.20527892511903
-0.0682133866385127	0.227165735792742
0.0672441277836403	0.181031022102513
0.24398042001678	0.984094237854135
0.0625021925810986	0.211322444320294
-0.122931348650314	0.452838637100841
0.072641482334176	0.183044318303996
-0.0132039411178983	0.0271059828343659
0.108078298569291	0.218557211818491
0.0684757875920397	0.167097351308092
0.138268418858218	0.351566276130954
-0.15011546360458	0.362520957030558
-0.459923056994044	1.40002866134918
0.268676899370856	0.731787903177794
-0.240522624974478	0.732708902980866
-0.0358083286526333	0.075444855441348
-0.10946358811	0.289103276378288
-0.0279577879885336	0.0661483128769274
0.212100844509209	0.725028143368474
0.140150169145413	0.466523610438744
-0.0774679778383991	0.206699227217414
0.11110296934771	0.374177954882599
-0.0765489232600162	0.272448037080715
-0.105647350991713	0.362468333942553
0.0822651684664874	0.146721552723706
0.016378806486714	0.0286480589867262
0.275837007402015	1.15271894236853
-0.117350593391652	0.392918951603578
-0.0416836002741016	0.127032362643672
-0.00684499147766373	0.0197475921989531
0.09738147499659	0.390731936974718
-0.0683515225011396	0.23928453764168
-0.0390987431264594	0.125447232214962
0.0288492854796005	0.0869548083008921
0.111093004738252	0.414413874549304
-0.0571751433415169	0.202464901356967
0.0418850564400725	0.138269710157509
0.222009903968051	1.16213371673465
-0.0412568038411319	0.12716108943137
-0.0747890895477031	0.253470598597611
-0.247633175209503	1.25709987531056
-0.0619998425776869	0.170473400787725
0.150429978339271	0.537675991878546
-0.0667920269772865	0.196924308623526
0.0850359694190377	0.258374741960607
0.016838221728866	0.0424931222732262
-0.0580690178726106	0.169151048400827
0.131777075517226	0.44296413667167
-0.21925567963949	0.830856240416409
0.144054960814747	0.48559627635189
0.0839355917272785	0.287847334758903
0.0607508132693966	0.184591591659355
-0.0775266194689296	0.188120740709626
-0.102073790193038	0.945633330615964
-0.0888547894742537	0.730069097932768
-0.0414373948035849	0.236943504803798
-0.10808980288776	0.704960985954632
-0.035505574015076	0.166996235329657
-0.105777919895298	0.645843266663326
-0.0867147954617554	0.466139582270687
0.0930196166810077	0.447620766076675
-0.0330574417006869	0.125611767708519
-0.0712909349099311	0.314643657372706
0.154342390331722	0.712688756678908
-0.0436167142538208	0.141303415050398
-0.257690893949189	1.40383138266179
-0.00743280104307099	0.0201384975796534
-0.128476592400259	0.515255543674118
0.0878589339477903	0.262069089068948
-0.170703073261869	0.681453414684315
0.111720068240497	0.27975164075755
0.133894550255188	0.344176517777008
0.213664700974492	1.00114689799524
0.166353709157842	0.661384494071421
0.584040038187302	2.12965043541887
0.0337639093159778	0.0543052270805643
0.0355783734868459	0.0542317757268505
0.0342141295609714	0.0701791810537201
-0.119478239163661	0.285851689869041
0.236523771344261	0.568884888375404
0.14418574669125	0.225761425441683
-0.286698287780248	0.536133141110343
-0.0854760104533999	0.156977786893329
-0.0754233198616636	0.158232632207347
0.289237317238624	0.993195774815744
-0.0986719487048262	0.219841759793501
0.0624310633710436	0.135182765948402
0.0769845955879068	0.201500357793811
0.0203215726273489	0.0439984207564859
0.159470754330572	0.533830357232873
-0.139313677993982	0.574494557622505
-0.0434022350653852	0.118534068959484
0.66660004385252	1.52050802502364
0.0544364351376145	0.0852397049336228
-0.131144769291949	0.338663820432521
0.0192062513801367	0.0457249691927807
0.199243995309514	0.796030055367367
-0.0916525140724868	0.34549816215514
-0.220197461022964	1.23578712537393
-0.0492298894423276	0.168014678550785
-0.147880164865028	0.686422468192786
-0.0697437948254124	0.234882425009165
0.0484433789075101	0.150129926205801
-0.145050371027231	0.660658273995079
-0.100365698013226	0.408279081754804
-0.177496202415384	0.896917882128278
-0.080017783984235	0.255899226002745
-0.0538076943862457	0.1771619673967
-0.350800142401669	2.21049380489779
0.0906962624398082	0.237959511023568
0.182936242384087	0.623232725558415
0.219256243860794	0.800265212337007
0.122038291569906	0.39185393319687
-0.0964347798013758	0.287574830882787
0.142993748495603	0.516501604689232
-0.00997488584440735	0.0239337046771841
-0.0886828108071234	0.206762911819432
0.294275308065474	1.21150145068542
-0.0469151033755244	0.138875152802635
0.252549703747012	1.28094272605005
-0.0206628139549025	0.0418508990538062
-0.0752283616114907	0.612971551258563
-0.084818809176041	0.676777692182048
-0.0749974440322293	0.516071578437843
-0.129278937174166	1.03909043830797
-0.0277826629383819	0.144134378691655
-0.173110930651234	1.48560865541901
-0.0505371008882446	0.231253970502135
-0.040438474322985	0.170785667442913
-0.115523908056949	0.64256879173062
0.0640707271151287	0.264354754322279
-0.00598312648531493	0.0191173907905574
-0.0529171561134862	0.18943146287251
0.0411837036483601	0.12862391990515
-0.0634479679707304	0.222794604509739
-0.0437851784674406	0.131283817230811
-0.0758730139722107	0.254337456794131
0.251964942339017	1.01143761453318
-0.182385906503433	0.630716729487984
-0.0835108365425664	0.301920697417852
-0.0161922733418016	0.0461195331885968
-0.137147749212021	0.349594231400697
0.243969459642052	0.761232577083589
0.510165854067	1.96685974347069
0.0869551100079042	0.212908213298489
0.0212828446126721	0.0457071899419725
0.331733900501085	1.10215691832329
0.136652004711555	0.254740871390672
-0.234300581167826	0.583044785980055
0.296753051539322	0.926577927369818
-0.0579716591240927	0.130707157591743
-0.119596051723111	0.344980703343187
-0.133220458334312	0.379107418168865
-0.146143917624445	0.451260557510017
0.120198468602356	0.367192820929847
-0.205865715923975	0.720204837953038
0.0512290601463458	0.141306575512532
-0.0518554806177155	0.163923549987161
0.0649424312976707	0.198294241872598
-0.111067577201017	0.184736235733456
-0.150110690969439	0.366973565863947
-0.100055988437524	0.260796842147076
-0.195393013289163	0.779191548002305
-0.0218416269304646	0.0620649411059716
-0.195093037182053	0.985330990523002
0.119413765733427	0.516977388804385
0.190781966705884	0.973497991653411
-0.136498080916525	0.59254179331241
-0.0773168316153454	0.279244884045235
-0.106128134827432	0.397139761850454
-0.0139987265947141	0.0443951509681444
0.040377616385352	0.139405501693423
0.00349068442570615	0.0103663250652521
-0.0265530578278672	0.0789352757986005
-0.0216811912964448	0.0629932976586075
-0.176186346448906	0.782853432929526
-0.167473897596855	0.578933328499578
0.261563758336264	1.13984180581262
0.125718197877945	0.437107485156688
0.082556169973328	0.251469471748023
0.0431397417724537	0.11808672286247
0.132107075420609	0.460748980080908
0.0747654524294081	0.221083639310861
-0.0550409735429214	0.147833772938881
0.258306788062821	1.19486012685114
-0.0841107032992208	0.292936043702241
-0.144344605146049	0.556951033105347
-0.274560679457603	0.929548525044862
-0.0945029037138992	0.843450193262445
-0.0777486104281596	0.612818981232653
-0.11984243704657	1.0553722285427
-0.0853078700617847	0.636558202999477
-0.0101371274662376	0.0489440616976869
-0.0555501752407711	0.272556369958139
-0.128223986260375	0.756340804424384
-0.053306100192141	0.244833676957993
-0.194198425370873	1.08718794167
-0.0649377905431274	0.245158238382845
-0.0906775155583617	0.354203629973646
-0.118324506723684	0.463649698740358
0.0294552654529664	0.093345898475245
-0.178414725908552	0.680337146342727
-0.183019114580688	0.788483532661469
-0.0658186763399959	0.162991810793251
-0.139278467059801	0.367680379622184
0.0631020246984487	0.212974162859149
0.219240749289266	1.10200071940553
0.327082571251261	0.817472372672889
0.145225586802194	0.306118438020953
-0.170896484013616	0.3032756495908
0.16488907428222	0.420219764210281
0.0592517014489829	0.125079578531612
0.28486513674683	0.733333789960549
-0.0321029149345448	0.0391146483578575
-0.0668936770504694	0.10927183735511
0.563275169330997	2.05470014266556
-0.302708810049805	0.823998300236902
-0.05813367139538	0.134834725253713
-0.114068303301647	0.260895266767107
0.340821091765662	1.35069672103699
0.0508754880918609	0.118027523638116
-0.334763811275343	1.22630423141247
-0.267979991875681	1.03937602525829
-0.158767965649363	0.640524707121934
0.0191536321587995	0.0493876943212554
0.445568620474965	0.667709475967271
-0.112266116584686	0.187038444674532
0.0867391315997196	0.214839459992129
0.120143113794111	0.368790625819165
0.0772015229222712	0.233132655432183
-0.0728812044882188	0.263096411359616
-0.0285059050025521	0.0933662668564816
0.0779081005769743	0.304949683156078
0.0177751311753341	0.0563236312256743
0.0473429788251681	0.152392917292813
0.210838586026713	0.977383008483012
-0.0388163799165651	0.128189976950997
0.0847112257293474	0.33341974065165
0.0976640420992816	0.38012894035527
-0.252904312501222	1.23616262728481
0.00502677630011442	0.014094400037558
0.0591463242426882	0.194503420134965
0.342165461613325	1.46653709118052
-0.054374436023853	0.13853375133869
0.0226815585010365	0.0517343854533213
0.159354335393527	0.505591332949112
-0.141020797039391	0.465205209006177
0.160805334886635	0.591140056603028
0.182870184427855	0.665101441323818
0.221956042970792	0.695752130916707
0.128230047534612	0.365215973929054
0.0508420533291005	0.161841271120178
-0.154453015704626	0.622289230070915
0.0557795945522419	0.113640357274258
-0.0562206329722159	0.416392591261699
-0.0895354751978859	0.759601520564123
-0.0250469198510765	0.146538101405541
0.0239101357733418	0.128089443896542
-0.176302266044794	1.35541835420374
-0.0275413054070776	0.118614958612155
-0.0752116880155191	0.393908682355848
-0.116678410374409	0.57958894077288
-0.119974201789176	0.581813037265734
-0.210829499543047	1.12725916971639
-0.0733539749503141	0.26273386584728
-0.0754992083885647	0.281179844650449
0.176066834308639	0.739548729419672
-0.0267164239516911	0.0801324074163733
0.2270416931386	0.86786608106771
-0.01408511469503	0.0329933493230931
-0.0936109459795106	0.35089578399826
0.0153699811180948	0.0445211541886765
0.0604901933933025	0.132265375175703
-0.206846012560293	0.5464569593786
-0.0603490986200023	0.100809223393952
0.149841989397679	0.392182431272146
0.113607668571951	0.285529248638416
0.395796444077955	1.4029349186601
0.356630892489735	0.811540670624858
0.113533089288647	0.194338414031906
-0.137693798400971	0.305484493907798
0.106411523379757	0.238273426586023
0.00880010768570636	0.0177658069089431
0.059367129814114	0.131220563867498
0.0814630151152298	0.218070271830047
0.0944764927302569	0.268553140781659
-0.139818095664118	0.400570824766687
-0.0601007460321773	0.166467756305275
-0.12454653509137	0.486705546965677
0.209277949890629	0.863010309710464
0.0807187169854583	0.113394575440945
-0.126630084541853	0.27489954270734
0.06055621150908	0.142288529723409
-0.11928991176386	0.378404661495051
0.165837118240266	0.647056088305391
0.0147533451012663	0.0444480780471918
-0.101964109557769	0.419510945009187
-0.0663656233621213	0.235598559399388
0.00758423268906853	0.0226563568729743
-0.0648047063421185	0.223666058879852
0.0264643975816213	0.0765786075720475
0.0381361874486732	0.128206399374802
0.0946136383351215	0.381814749590992
0.120479768630875	0.516571677738592
-0.00225086072267753	0.00590842066584644
0.0339422773892042	0.101909999378883
0.141090914794931	0.575675141991541
-0.214902475131748	0.775206258343659
-0.0213523344865071	0.0522559041914368
0.186021113321593	0.663457633759757
0.16127650739126	0.560202767185218
0.0648945844447158	0.185079198243765
-0.196521229011725	0.766640536331242
-0.0729241288444801	0.212920554842755
-0.126139045917319	0.361466683520424
0.0355275886236023	0.0911641637678989
-0.210475112738942	0.946887690139333
-0.245640960625673	1.1543338826163
0.0411961799335202	0.0895714746485724
-0.0841775143095294	0.720576075470088
-0.067375620198898	0.511622499295514
-0.0723337929381335	0.500787751854871
-0.180632321267324	1.46907110198156
-0.0307120096155552	0.137582112159624
0.016449776444717	0.0699790083052554
-0.186258673582341	1.16178577251607
-0.0520155546755939	0.207036603704606
-0.0288901169131159	0.0977216984095698
0.0135627391953398	0.0408414467220769
-0.0227953865088288	0.0736966801208089
0.143578136391524	0.554039969669017
-0.0401597877880629	0.129215340066747
0.0386569407703161	0.103981140044807
-0.239671846236463	0.957999246412733
0.0711803711884234	0.260349330487649
-0.158577661575975	0.669168813807871
0.207546716185889	0.626900238872608
0.225281144617623	0.669103052969961
0.261123913976546	0.724243043137184
0.189533855580905	0.585632977185558
-0.0152434956833314	0.0325800688345426
-0.00393310968614191	0.00701272751828171
0.130076223737178	0.21637677494696
-0.164844475297924	0.36515743371202
0.0527593210851168	0.110132875532218
0.1503731614974	0.403400327636173
0.248213635543057	0.908485535873144
-0.0135840779052045	0.0282096517884875
-0.0114115329785854	0.0257188998855598
0.00115984982710201	0.0026692214813108
-0.131293474805429	0.379180833318106
0.00907793023203133	0.0226637502694281
0.133868519752169	0.549915551068843
0.230483646896063	1.0600969607059
0.126609176562509	0.236799113867101
0.0679310317793516	0.141483278713745
0.058447443252541	0.145702924556728
0.0856443464476776	0.268359606307393
0.0767137300463007	0.248317593798905
-0.0103851505791711	0.0309565268977349
-0.0409020700215864	0.13991800658201
0.21339325709598	1.13790897314569
0.0289189056018023	0.0912544297456525
0.0385590902481295	0.120491604852125
-0.269231418879956	1.41081940625582
-0.168041967901644	0.796418258937295
-0.0882451978084806	0.347126032171967
-0.106771103925277	0.441724450553046
-0.0184642298523076	0.0521949910480474
0.0421557120826488	0.132850739494551
-0.171625411847583	0.737019860131186
-0.243117059572781	0.944703911277924
-0.135746019415738	0.42218803324607
0.235235464164806	0.964795243563769
-0.0493602366213828	0.125854518861563
-0.180444043587687	0.736642138395705
-0.080712862958016	0.235420101625266
0.0932254979348612	0.294290006740669
0.0462711298092226	0.113920709202878
0.0907873757807438	0.275629249092429
-0.0686654813161657	0.218423581707796
0.104463089511715	0.367318057835892
-0.132979007668033	0.344758891736656
-0.0968518238660814	0.872774070514229
-0.0755493872913459	0.573240521800584
-0.0812178269179527	0.509181703081489
-0.0321091124037337	0.1570841275079
-0.00914760633100781	0.0400350099146397
0.0205863443486218	0.0817658093150275
-0.141718046843837	0.782369694354574
-0.0773312003072014	0.317675236410368
-0.00445655587157272	0.0131697586489816
-0.197335935669756	1.06975685041514
0.0891892026091771	0.324179976916698
-0.0860209748287866	0.323676727144592
0.00243686947926971	0.00580716380926431
0.0990437428546051	0.323559456338528
0.00871204091456556	0.0259068596763131
0.150590308356688	0.666306281357517
0.00555788329707757	0.0115348423045191
0.235579782466596	0.736549848054791
0.128987927296152	0.273057861684071
0.0907890035651541	0.221347530838311
0.107628274657613	0.269824644414182
-0.0188789991992353	0.0327952099696249
0.20519781460212	0.413582139577588
-0.307165904321978	0.825962111033562
0.0433760867773943	0.0893033526639356
0.0651449957016442	0.146239611045791
0.399798014854005	2.00577480505071
0.169313923601474	0.538390354291379
-0.178267769239228	0.612978744781852
0.127808804478243	0.394102408090883
-0.0745144618932771	0.195491563016646
0.17184421996938	0.677811215195112
0.0521805296500731	0.169296171367552
-0.0987016655855784	0.326651101622113
0.337309913496175	0.744987191383145
0.114979422004307	0.266946603497268
0.0306502554176374	0.0736297790205125
-0.0618454281246717	0.183628010977995
0.0911803657896229	0.30451911408294
0.0594624439676778	0.204306441009469
0.179014828536704	0.922106673161483
-0.176212569626156	0.811669656886204
-0.14176538604605	0.612177627368956
-0.0437035379101894	0.138248985992854
-0.0816508400103428	0.283462620847581
-0.235634358783468	1.26116351835683
-0.129027197423789	0.540997416166253
0.0267559316406992	0.0860804850369341
0.0225577566225464	0.066276288546821
0.0722198717507959	0.252219234026288
-0.0586759244533354	0.188293506942368
0.039476570726369	0.102569083065518
-0.299540201989545	1.40237900423576
-0.117066270292428	0.38980983699878
-0.0311916116229868	0.0836272735140508
0.0450105385395384	0.125999257478295
0.00405684024135833	0.0101685259566167
-0.202636055349548	0.814999769988479
0.00240670056515882	0.00559256727818141
0.144685056821177	0.511937915358178
-0.120790627779835	0.455765821522372
-0.178654143734287	0.73862596173855
0.326293974859237	1.28503634630099
-0.104222086302776	0.967193610896567
-0.0947565781362884	0.805618988334596
-0.0615552361770316	0.433325881579725
-0.0402039955732426	0.244495767123128
-0.0511952855226265	0.264115322807659
-0.0910509088263044	0.498223582381634
-0.187379569216418	1.22636301798295
-0.0659980852395015	0.268622250365172
-0.0792796538391688	0.341613831372007
-0.032928376642955	0.115000462945283
-0.0202642111769216	0.0670134473769699
0.0598758284027064	0.186938057933377
0.205959335575752	0.924014494688922
-0.027919796396909	0.0919789505167568
-0.111606658820012	0.436268712501809
-0.235799076423429	0.868108291093018
0.081478087466639	0.208529190510396
0.0070724987324103	0.013954760593752
0.0492244433033687	0.115351024646383
-0.0705523940515641	0.18029531841308
-0.0255973110070723	0.0520240210301907
0.0137568116087959	0.0242310227395144
-0.24047689726717	0.700197502351968
-0.0145865826796481	0.0296056790823643
-0.238491308942873	0.762462063229978
0.161083289440249	0.541045804099669
0.279615265258881	1.13668537081479
-0.174963586101227	0.622499745454643
0.0500017981534369	0.134185266492143
0.00704390297798345	0.0165091843811714
-0.0196725384222465	0.0501513880060151
0.0990238164097757	0.364724861717307
-0.0120010464550327	0.0322091526799829
0.222994249371954	0.620611569752444
-0.137346910490988	0.36812432108094
-0.154219204719266	0.529644112418166
-0.0182618347372417	0.0499331644076569
-0.0242049898024295	0.0716402420971932
-0.083625938779669	0.309084534555243
-0.0790164240784276	0.296664534115716
-0.0897994358312243	0.316958499825968
0.0624249350725668	0.199786213993625
-0.0663362881980015	0.215049266723931
-0.00288991156517805	0.00783792862384858
-0.118920041139459	0.47934556548552
-0.125562400817504	0.516552508911408
-0.124328294071055	0.502600394131303
0.132237093385401	0.556447366126441
0.0895872856079638	0.325145027245247
-0.0247216919672348	0.0695978976866536
0.09506775597971	0.30827154325505
-0.0965550385821819	0.331214883991657
0.181223995551499	0.713128241610117
0.0916030413415216	0.298556293043262
0.17320412510994	0.688638584518946
0.0868128977202959	0.286795941366028
-0.0189026209888014	0.0494398912222651
-0.0230526570479491	0.0566650631307967
-0.0420183804286723	0.117177753533578
0.00712810484232009	0.01900237434871
0.173553738337563	0.67975752035616
-0.29376001303568	1.08947166707472
-0.0992753185927838	0.912736148571328
-0.0597716571709441	0.440254904428407
-0.0567344342053821	0.385005808347193
-0.0384279072300443	0.181889473013759
-0.207869561141526	1.62764854729747
-0.0352385046662989	0.150718955535519
0.0235837155645221	0.0851608099271108
-0.0714571863160586	0.307051501941641
-0.0262554024788023	0.0844661849914614
-0.149215402322089	0.704340029848633
0.0629644991409378	0.187670606560507
0.190941534895028	0.76979239838233
-0.164162641248956	0.738981087074274
-0.0266499259571724	0.0795784939194008
0.00237311667446327	0.00515380521826022
0.339451525062328	1.3185850338644
0.193100349445279	0.483827142875311
-0.0755825194017893	0.177449285547784
-0.0140058836549098	0.0296375873895479
0.171456440744858	0.451285367828903
-0.146811245286046	0.288966455990024
0.016379086570271	0.0284834595652818
0.19710114355519	0.585246432185453
0.131083133647662	0.360335648749726
0.260709873350195	0.9951257859883
-0.0370386860621555	0.0779530521243582
0.0428067709200353	0.10663682791384
0.0455692469965642	0.116648271141194
0.08367420133622	0.236886120853835
0.0589974843932924	0.163313153140143
0.214368788442863	1.04850944517489
-0.163873939740837	0.632364676420741
0.0117613036624559	0.0201718775839013
0.0336943779512653	0.0678238370611318
-0.0959185888375883	0.265041529368328
0.12005262552854	0.423624919306747
0.00857132591915837	0.0229854930401053
0.0345078336613519	0.1092429872525
0.033082720496635	0.107541834247299
-0.0853368450953849	0.324588173016462
0.120276456262481	0.478372065801573
0.167504308951788	0.724807641123809
-0.0301259449922866	0.087537678428269
0.00296889789778241	0.00835241657543322
0.190600984290158	0.932705724979627
0.148827457334163	0.657758069938577
0.0144736074040069	0.0404471351281476
-0.0473288935835679	0.152148496361024
0.177614616108706	0.809451489122403
0.0964963973298044	0.301754668069154
-0.0233713895776423	0.0653682751869144
0.247925623538806	1.09620865633569
0.0627363275844538	0.173548199777966
-0.180125216956374	0.690785541639686
0.0898333647191836	0.294573796559438
-0.0920456927695732	0.28331135170918
-0.0931525137029126	0.250658984584715
0.162309527139222	0.565161066064124
0.0025855762659834	0.00677527548531877
-0.122973787653312	0.438089488877963
0.0907947390790395	0.201075544014953
-0.0582440870181045	0.437000329296373
-0.0444447761708565	0.295395811575068
-0.118295955200704	0.810938324563963
-0.161115918064978	1.16221995647079
-0.176086410533235	1.23885523771696
-0.0106605738772025	0.0375175163288223
0.0406435337679734	0.160034807902862
-0.173724862083057	0.943796176379596
0.0281542851828688	0.0986800196122126
-0.288235324194771	1.45811226466852
-0.292306729602687	1.52925367107387
0.105202927187104	0.433095726775318
0.0280972433537366	0.0886961673368321
-0.134356798173478	0.406734907450348
0.0240812546985755	0.0537819601044512
0.00804785307133968	0.0157917332382068
0.277461055514832	1.01302968715808
-0.00638212526309977	0.0131457674215714
0.387560495574003	1.44866207685305
0.382477216042272	1.18240685103824
0.0755084130832357	0.161096835252188
0.237317075561134	0.77280100730098
0.172128311384033	0.479327119575182
-0.141386990824643	0.431938844838029
0.108013098013661	0.304735514655607
0.158124729669841	0.527736245255564
-0.0101533805847466	0.0242142080415763
0.110819647936261	0.339306050464641
-0.00815898449535595	0.0208731836520531
0.147441928780105	0.586695530785525
0.162125111571136	0.625906231891697
-0.0795454569104728	0.139934626555772
-0.14118406979091	0.384947947017707
-0.111152327512476	0.341036490013696
-0.0837669930539034	0.267684622166727
0.0181299163074781	0.0523157070449844
0.18113915241781	0.801514436357903
-0.112037908737249	0.451312208797362
-0.0791165931674873	0.282915049515472
-0.161805072774518	0.675388771981573
0.046750445909273	0.14230615334582
-0.131000078013302	0.496522686986069
-0.0292231264202823	0.0877140705832015
-0.189937059096502	0.909255112689354
0.062968472719937	0.216309195350079
0.209129198908677	1.06323431709624
0.190853466064801	0.892166340989841
0.0937765801657235	0.318343592595699
0.190301732463778	0.762864637313845
0.151907945489434	0.609129666718414
0.139007624681585	0.50403873891388
0.0693932853371991	0.209708401040156
0.0730868761124405	0.228714807170492
-0.00342032745241629	0.00903211707510069
-0.0372281418524212	0.100338794150366
0.292672417197393	1.31657595345134
0.116868785828184	0.406201778707289
0.0367336099137685	0.110589852642968
-0.165175399080108	0.634954337645571
0.00535519617262303	0.0105754336875325
-0.102957123566443	0.953994401078034
-0.145420610782214	1.44162213727811
-0.0320029835022158	0.16936544717787
-0.0609264456198613	0.32252364884695
-0.0143517886466266	0.0553306343835542
-0.0622008801458326	0.289497753362016
0.0548465283286352	0.229147145434995
-0.094577061143188	0.443691036267457
-0.00532579275655693	0.0156221255059731
0.189279978734786	0.953942176637846
0.0724098049241977	0.28957275273815
-0.0626741532089346	0.230462971487079
0.0108984731909897	0.0243871680308003
-0.0485852785601327	0.11867620889939
0.103950871079704	0.255391433236363
0.000464744401951824	0.000994725749723795
-0.144098981842842	0.408071658126997
-0.0661617207419153	0.143412711234625
0.0554929738218407	0.110636832742118
0.144562448838115	0.358277124048054
-0.0108978486009594	0.02334862377732
-0.19851567082013	0.636849837088452
-0.0818921835231195	0.23704213998691
0.00554372491903347	0.0130580408055109
0.0599606996085085	0.162456745577946
-0.200737745944148	0.805953507182623
0.100190978906202	0.307362995356032
0.115077807997329	0.41224457605188
0.0329395530804852	0.103157872703695
0.0130190764612814	0.0374437579988504
0.149950707082971	0.358481946944761
0.196414700342403	0.609062197199123
0.040188642526714	0.110070153394072
0.0799543293542753	0.265604814289245
0.0515832250426311	0.177370936931165
-0.130011916972068	0.565988008273877
0.157061627311974	0.754137639120829
-0.0270923612901447	0.0833989269415065
-0.114851558135629	0.445404141133228
0.0804491327556389	0.279050764900722
-0.229253204422869	1.15166864707867
-0.205353958292542	1.02327867995047
0.0364331761953834	0.117000134874264
0.151903086557205	0.684573990604521
0.0316022718044381	0.0955617901067019
-0.0639426891921824	0.214626974080836
0.0556021950244245	0.180352871310297
-0.0251848919067762	0.0663693542400635
0.0671458893510296	0.203256002764556
0.0947069930490032	0.302004685606313
-0.055436785921565	0.156484176591335
0.164215349557646	0.635860429857674
0.192528073591787	0.789346688321029
-0.108512650727539	0.367041103389382
-0.367472144274857	1.89017787904621
0.136760666484931	0.496527828239363
-0.0257412120113665	0.0722895349135799
0.000155814348019147	0.000408588450430326
0.0914272627147582	0.226799470353879
-0.0795882486964097	0.666551502823036
-0.0398566796492106	0.262772645358993
-0.0718423974272034	0.455947855257623
0.0623819993530239	0.346542563685129
0.0913089683040945	0.561809440567635
-0.171486116655507	1.42213167028809
-0.174258990563951	1.1923229238902
-0.00251328518654378	0.00879320383257201
-0.0458430633319809	0.19882113878009
-0.0856070341089969	0.374639366098578
0.0221342410246217	0.0740847254387917
-0.107930784944977	0.407610515828799
0.0482864744291489	0.154906615671316
0.271802214739115	1.24148866108391
0.0383322361059719	0.109418846122299
-0.163539692161507	0.566872945987582
-0.00237202869498887	0.00555317854012299
-0.176581844541315	0.528236611149944
-0.108648908643963	0.334095550987183
-0.0542466162015668	0.148957214294225
-0.000286379202890871	0.000683974982060067
0.149163516807354	0.577604814820061
-0.138391506941234	0.522589803571783
-0.212867337835222	0.956254344017819
0.105290730982851	0.347449268586506
0.0951428344129945	0.321359635909532
0.110690313483809	0.381178525200207
0.0890407471497603	0.301634290400167
0.00906544028085129	0.0250856981106091
-0.110711462751782	0.322314872305754
-0.0893791783698714	0.318719387606302
-0.104113569100071	0.3992354300542
-0.00916821811002753	0.0278943109565926
0.0127070953709907	0.0420076846790327
0.12465268565047	0.49167863594483
0.0274737384686315	0.0794024280624684
-0.0240807471240185	0.0624228290886301
-0.00109825125763039	0.00248175189806866
0.0138272386183918	0.0363972328503404
-0.0966763413816251	0.339140440105897
0.0162713478970922	0.0446637423615665
-0.0251103404310189	0.0724795339823914
0.150110987462357	0.615238326402447
-0.103495284619031	0.417145190975801
0.053020266365816	0.149391669384098
0.136235324525124	0.459962652337509
-0.0452506014813042	0.137050040695336
0.238225942485919	1.11452353711591
-0.00388498790561405	0.0106807728508537
0.154509614229383	0.663603484752674
-0.0188913073606383	0.0499833068768662
0.183316872732712	0.703885508035288
-0.0149646394303017	0.0377326795288444
0.100798916360021	0.391271131951493
-0.0458444845154787	0.140522022412382
0.00622467022160474	0.0151874471662542
0.00494663953523191	0.0107977235983191
-0.0557070389291185	0.143224515795552
-0.110261029910582	1.05922655185528
-0.0516909421100411	0.36306060022265
0.0122301585571663	0.0628188548861328
-0.0439292157807078	0.25975230834637
-0.108868914645872	0.760964101586019
-0.115978061851724	0.716905051959409
-0.108818260377859	0.532330033782439
0.0372435061003481	0.137962620459399
-0.127875542129143	0.628232517849696
-0.0224280799602528	0.0721140821869699
0.0388155159377807	0.118653841474225
0.127272815640433	0.471902451166608
0.0402516667075595	0.114136874251624
0.413933066682462	2.41891081257352
0.0402698918222034	0.104095140919291
0.0422201087127854	0.103038628194302
-0.0692376630268466	0.172296661682943
0.165062319826491	0.557039921769968
-0.18438458675546	0.642727726499246
-0.0196926032308368	0.0469248036454937
0.0505674821517912	0.137100574759697
0.112779636928528	0.365180244988767
-0.101102660539618	0.316130533998
0.223787432026413	0.931513390165987
0.0202284563605266	0.0507627688445429
-0.0597636388866802	0.18037000141948
-0.0482870008074966	0.146237631611208
0.0803583456673809	0.265119130076462
0.0708027875188862	0.191573450368031
-0.182868333023194	0.67741103853113
-0.0808436354075262	0.26540514337451
-0.0699942868585673	0.22580296514416
-0.281432646187397	1.61454123610809
0.00870705921777356	0.0247684726480554
0.0243491410071243	0.0728822198305399
-0.104123931088711	0.34155265143812
-0.0715764707936296	0.209690716387363
0.086215742699799	0.287707757348292
0.102082871283865	0.359277454465811
0.0763887779539166	0.259676472085544
0.107102052412504	0.383209429052224
-0.0655657277679705	0.208117796496691
-0.153985256070935	0.638913880861828
-0.00267802378624219	0.00662512781911641
0.119974885590389	0.393945906493254
0.120696828479464	0.409522712755375
-0.056708389607238	0.165304670578178
-0.0254518998551596	0.0681470862160485
0.0407040591291676	0.117731803375597
-0.124967007038104	0.44594926635239
0.0520445951842308	0.155085417125578
0.12093420610788	0.393003684529759
0.180124797012338	0.713322364955471
0.20299025406035	0.814716650808289
0.0941743204430066	0.294851188176925
-0.136079165713255	0.417960334525039
0.0359324861656058	0.0826524552595784
-0.0815750718674626	0.689922170603005
-0.0700139176721065	0.532299499914218
-0.0869431416973835	0.691924296161353
-0.0488292551789773	0.275192610487242
-0.0409708065764787	0.202201204918794
-0.0700113226106877	0.296569288738445
-0.00709175375280123	0.0223091719942176
-0.0609060388626673	0.239468514215596
0.0449329274917522	0.159872240177907
0.0350851704036522	0.0976607150082294
-0.0666397397093961	0.186866169241287
0.0741939641580761	0.205518973256812
0.182907713390363	0.66333405792477
-0.051872255613043	0.132102836962548
0.120506451304688	0.337121477175951
-0.425709373640564	1.9695902351985
-0.203802640161348	0.69604352053481
-0.0815681374731007	0.21276899116937
0.241070485537442	0.929269593631263
-0.268202386446602	1.02738284100866
-0.0110379026923755	0.0258940714714528
0.0339247988661151	0.0871275814255327
0.0531679725616538	0.142457290306684
0.175895061353503	0.651140240548434
0.136032323154365	0.455818184587111
0.121120746086519	0.432325031642122
-0.0922027443685462	0.297407531521686
0.127702725903268	0.352733152717078
-0.108429629965832	0.282451029254668
0.114003695225136	0.373361843048073
-0.0363109982652593	0.101741962441806
0.0516207796996123	0.158617673284258
0.0121899732164945	0.0341776229987463
0.00833591777470951	0.0231725057699687
0.0875453425196677	0.300275880931874
0.169528632967411	0.65986059656729
-0.249433904347645	1.08041260320559
-0.222471982073476	0.984966071597518
0.176784454059405	0.734235082966485
0.0288052696726369	0.081420794748388
0.0569027471073883	0.168802756607559
-0.0771872572422247	0.254056822251918
0.0440517398260711	0.132563127431084
0.0505376878042083	0.148013280212124
-0.192789596188191	0.738782277318397
0.100283153763108	0.331893795546229
-0.205968218890211	0.847196927956814
-0.173352731226918	0.58147973669885
0.145787471912702	0.515903732871919
0.0261073217293655	0.0694573556449393
0.012928679047923	0.0313074200200286
0.0514991103115313	0.129815456633132
0.0268204425790548	0.0653561416264962
-0.132827205563252	0.473279496956867
0.0758224697124042	0.221882633894492
-0.191138509952067	0.5259911346886
-0.0830603626612935	0.710200558619869
-0.0678152691479921	0.522072223968068
-0.0557540931085698	0.348822680505944
-0.0612735001622913	0.34711377644721
-0.0698295722289537	0.322717884637738
-0.00513807086376882	0.0171686388967625
-0.0248717967931742	0.0897630872742899
-0.022276202900798	0.0726665239778706
0.0868421641810272	0.30089246347
0.105031530600173	0.375203952364769
0.0140189906003909	0.0364824713451404
0.0715755823200597	0.199204657051
0.313725390753849	1.56971755129698
0.273087093943247	1.09499235862713
0.188580471014968	0.549897989676856
-0.170153273106075	0.556821983026357
-0.20665881579483	0.759654294599564
-0.0221317385688814	0.0538997422382741
0.0649099812802292	0.170503981880734
0.0962143023364966	0.280715795217609
0.236837246534521	1.01911158861561
0.0281017709763336	0.0703670970634883
-0.0979363063153117	0.300788657796129
-0.0978004510206434	0.318798957197267
0.104584642317967	0.339019337423653
-0.086593939465075	0.275153061387822
0.195256912586379	0.604130736927653
0.118551536986271	0.341746456832533
-0.0543299662119858	0.160046568989083
0.0463654321277042	0.136788626385428
-0.174175321628129	0.733458156656839
-0.125989262060782	0.448899611741767
-0.0810780666626983	0.262674831975405
-0.104993689410361	0.331689081414896
0.027670049280004	0.0703041613804405
0.0342832594104739	0.0873522087677184
-0.0876450629568339	0.282535413697098
0.0420947852131743	0.111326114671743
-0.0827834307869769	0.249835996671318
-0.0740779100367522	0.219818822699318
0.15306635824006	0.618472903721384
0.0431989440838381	0.116549679095363
0.159935154685042	0.519958108865449
-0.19874117295076	0.725464115003144
0.0890632271439678	0.294845565942529
0.00475493788273559	0.0125383766147953
0.0530050630097956	0.153144916677891
-0.0226396212760728	0.0573544772828926
0.0794310916171269	0.234436616417975
-0.104763708428069	0.310879554604659
-0.0887163916139751	0.257279961705463
-0.0475427024035477	0.127607815071694
-0.0227095349208516	0.057637144268682
-0.213382545580195	0.767336303442983
0.0995834105075865	0.246890375201255
-0.0993025407603161	0.909557540365737
0.00612482715297163	0.0314649276325483
-0.142504004081115	1.24208157144029
-0.0481175389598148	0.211614471557049
-0.0570128048979837	0.214937345023233
-0.0445072248217334	0.186258546812438
-0.0600881227095715	0.237852900360793
0.0366542445240292	0.0992794540527578
0.0425978062064014	0.116426614470112
-0.0486032755051602	0.115793296824823
-0.0141856028712224	0.0360223181892715
0.0433251321738266	0.117889417276024
-0.153910821064349	0.466050913380715
0.0887202856234272	0.211022516596386
0.01634868513484	0.0352122401829623
0.138315597987386	0.422476577039579
-0.286189649295633	1.17501569244224
0.0821986682734725	0.238503397409996
0.313792888560167	1.41529614884165
-0.0662615383247816	0.179516821448802
-0.236932003637507	0.971016517534334
-0.119581181198953	0.369095198530615
0.0432300797205802	0.121134622794262
0.0422382571583415	0.129177165961626
-0.00652712845978498	0.017229128714252
0.0288345081835259	0.048056022753003
-0.295618082115187	0.897317276054897
0.118785229186262	0.348097095838035
0.0755338570103742	0.227152888837453
0.0496938524687075	0.1485901119309
-0.122326923293244	0.475824271882278
-0.137448370070131	0.567590091933151
-0.193054667717415	0.811892864947718
0.231442296123006	1.03119655076634
0.077210801674712	0.24070163335515
-0.0386894254249579	0.111865373282578
0.254974763055734	1.27280992063189
0.109814349142518	0.388496480397964
0.346355983451997	2.03355536965545
0.167104621925482	0.656259944004951
0.17946500533645	0.70378418116641
-0.0368252805405897	0.101883578371182
-0.0748651721065524	0.20031477636977
0.155961768246593	0.547686841436732
0.130515459508091	0.424534453549651
0.0367469095999017	0.0895535937539669
0.270847177035897	1.20469122434474
0.0179381043532601	0.045009856339785
0.139404322245694	0.452093113071196
0.286265641130189	1.16386957518287
-0.0683641304174551	0.172665868770412
-0.0832134646906196	0.248919056377486
-0.0422176660215128	0.115335478990739
-0.229267572908919	0.687360564522215
-0.0766617797292496	0.628944486199373
-0.0754752986055819	0.590332505430217
-0.128442115369733	1.0416366276988
-0.149394323897818	1.16333873950109
-0.128430088252541	0.725852966206186
-0.0341808122363444	0.12763392372494
0.0516011583564039	0.188915927779191
-0.0140670006721497	0.0450690052409485
-0.133977409306941	0.54350027366117
-0.0593892993645102	0.182201393479546
0.0592757618407988	0.182640378036411
-0.039976272866165	0.11880439550172
-0.0663212628290679	0.18016639064542
0.0307348160895017	0.0848463962585624
0.0887812455813247	0.284729651798789
0.022742246319703	0.061511972769684
-0.0780547341541138	0.252832343429476
0.115729092216119	0.425877023442906
-0.108773198150824	0.365097340994565
-0.159539008617202	0.556329939792097
0.237688313800804	1.07632694858865
0.32208044360751	1.70692610860749
-0.152752067172251	0.50231544410855
-0.348685272838171	2.02832290732105
0.136067208769414	0.45818879710045
-0.157255160238615	0.648776424300677
-0.0465819937312674	0.14440440740783
0.00297745735674425	0.00818246873115243
-0.0221453668837403	0.0664548102098345
0.19888391487865	0.766127550591994
-0.155767991322164	0.543144076042036
-0.0575405883188578	0.140068301664768
-0.399638650813092	1.59173633232865
0.0934783765955576	0.259009263425207
0.0277194976288571	0.0728799826046996
0.0343875108709639	0.0865803159011495
0.161372296747752	0.545259381614869
0.0456955626510606	0.112061336056431
0.00192057106350054	0.00513577794062183
0.260571020942803	0.891652296477867
-0.285888498617362	0.965363308489852
0.0895498286041541	0.2849409902047
0.0758706323575269	0.219598848565302
-0.0321376911026283	0.0931588970595937
-0.299034547746075	1.6738109307452
0.0143891527701729	0.0348848325534849
-0.00725787899716797	0.0162614297942696
0.0335287136732709	0.0808749904525862
0.0157897126706608	0.042574605287665
0.0199541084453483	0.0509688558650977
-0.216250569343083	0.72003115165636
0.461924939675678	2.13853994625635
0.020018697704463	0.0461405132490598
-0.0776460008498807	0.640425372683184
-0.0366392048868956	0.228001180767246
-0.0486057488288937	0.26086950205079
-0.132711110143325	0.948704681831664
-0.10128430867204	0.538406397418475
0.0353600221455579	0.118080517363363
-0.0565055330471642	0.196875510789827
-0.100756313673387	0.350905602948338
-0.18651158195529	0.822070246193535
0.107714492121371	0.390650487968769
0.0151810698322224	0.0394356594954625
-0.158946992230582	0.559988556888661
0.0709702949714549	0.219354700881265
-0.021370403978999	0.0568523708390977
0.00658972347182581	0.0168932784235952
-0.175239273392924	0.733223412089376
-0.140234637041228	0.540219606433812
-0.313107865825393	1.71467544893962
-0.187654445974153	0.769798628827853
0.340173117691423	1.90501485736774
0.315274420585984	1.82174531986927
0.00279334010716951	0.00764850366163759
-0.00297595720698923	0.00825283530243062
-0.141986583504431	0.398364643987066
0.202801375190768	0.768328199239813
0.0451522780300591	0.133368296122077
0.10234840867156	0.348215882630752
-0.0322610791547868	0.0977631547987562
-0.210398182472962	0.952213785817448
0.2248575613722	1.08198070358113
0.234539848184034	0.974160547408147
-0.014385170071408	0.0361238995586677
-0.0618720515199667	0.175725417215056
0.0634887134787982	0.199794671307233
-0.202184965838566	0.858921309533375
-0.019861728239585	0.0536692594340973
0.145143852352063	0.537804436152877
-0.00916138245529976	0.0239279895113447
-0.225306473092168	0.885856177384518
-0.337158038901429	1.51251384411402
-0.00793218585697301	0.0186231874572626
-0.106762305624309	0.322060758133382
0.236876182960383	1.03695354348385
0.129710316269987	0.408892724656338
-0.0511269780768654	0.149242056296382
0.227047391133203	0.949613085097562
0.024557726171736	0.0620449311900088
0.105906109934141	0.309508136298629
0.0483389410710946	0.12584678527001
0.000723239850161661	0.00169263761662984
0.0218161733291165	0.0507957778116226
-0.028599651440627	0.061798172776013
-0.103007987466471	0.945117067070209
-0.108320762043117	0.94504732898767
-0.0225582562210405	0.105891831404769
-0.138703028592625	0.802395966962346
-0.00571270996423728	0.0193431959040212
-0.07378697381416	0.315145441056052
0.144373751071934	0.634060968476476
0.0879799564245395	0.306190803707661
-0.214195650243117	0.982375183909191
-0.107290025418718	0.390909036314638
0.103306985583897	0.330466935261777
0.0480395448503929	0.141862444510512
0.0644731496775116	0.197122820690363
-0.02849838980261	0.0762205110475687
-0.120062905296311	0.426324632427608
-0.0474463289150675	0.141285385092571
0.117610065614108	0.399493836032038
-0.030033766661741	0.0764996729075901
0.244183451465072	1.0849716748778
0.131311990166913	0.448287017848523
-0.0269148957283874	0.0683773888615603
0.167692701765026	0.673841017659004
-0.117028941620426	0.371401301787228
-0.00772220705003593	0.0197848321789109
-0.101920525067607	0.3514883865588
0.0942905999841256	0.331528108357929
0.100557980186947	0.361943161279616
-0.256443693254346	0.963851258040573
-0.0348523918188013	0.0764894047786928
-0.170960446213435	0.418607668832174
-0.0792934723609668	0.161846952450023
0.122462793993911	0.314009814782551
-0.000707756428923169	0.00155309557273881
0.0592219378348202	0.148297130488725
-0.0933075844653032	0.239463165777637
0.0235067745913171	0.0524282750173719
0.124071559926213	0.403966679774906
-0.293787817782111	0.860130303556795
0.0345375481512639	0.0666499524641979
-0.142099165951525	0.452674510541696
0.0794488448117711	0.208537370338978
0.0981539358613881	0.297421617820671
-0.136808387959186	0.44930297258782
0.0175342358532445	0.0392967132123651
-0.227603016540423	0.708437278689971
-0.168391721968752	0.498052602152222
-0.0594377482569105	0.169478759088936
0.0010654905680834	0.0024340631371739
-0.0696630810667825	0.141093355129943
-0.048928941181446	0.0862972859745621
-0.0691087069767187	0.154326190345649
-0.0819631043110961	0.696241482800433
-0.075581641811046	0.548617443844282
-0.134463282481771	0.97434063251251
-0.0754568446388533	0.419598528223962
-0.0778716977744312	0.414660740985727
0.022441649076118	0.0803599378023492
0.0207516517828326	0.0661162439725254
-0.259048883240934	1.48360609413577
-0.139246931052933	0.630310296739045
-0.0909673819650359	0.309403121321057
0.20480321907951	1.0895919780923
-0.0842406851691534	0.306760004610871
-0.0258138614873367	0.0764426315275915
-0.105679479560264	0.41953195608503
-0.0297675186875828	0.0945985508669883
-0.0315757273002377	0.0988824368081163
0.0292357508913575	0.0801171950147335
-0.021152793259824	0.0613193299539728
0.0268226218185276	0.0751737842476568
-0.111403657036214	0.318464405769788
0.163929275017038	0.705763978867389
0.239703948465703	1.26805342699952
-0.0612625101924942	0.230260071558417
0.0458699172242124	0.160141071594035
-0.0710172030309244	0.242187096360021
-0.142476453679219	0.64002556077698
-0.23020328914653	0.809561354764984
0.156851262507084	0.46483851675221
-0.162352519262156	0.34647693005654
0.14093295192508	0.312043022422782
-0.180459318840341	0.524527548610089
0.113575747251805	0.332114448488256
0.29175115667317	1.12467989080998
0.257636194551855	0.938625842520348
-0.332923340194813	1.27459369922871
-0.189563898314122	0.704599567626031
0.236604144209037	0.638995604399257
0.366239905860903	1.04312779363942
0.0693547156627595	0.20677855209365
-0.0446969930475498	0.112947783468644
0.206532740208275	0.853227795729436
-0.0166337438607826	0.0433649349769789
0.157202849307412	0.485180153185307
-0.176690672666612	0.534426485300079
0.304392688925606	1.20136810452093
-0.245520638911765	1.25556187639089
0.0506584974713354	0.14070782028286
0.425609901315831	1.55013310639101
-0.280631495251946	0.687270877165498
0.220859205701084	0.749124570746292
-0.11223433453073	1.09726515461025
-0.06241808624191	0.443763102966599
0.0274238071260817	0.121372614896664
0.00220774246895811	0.00810542429820545
-0.0574759204804136	0.223214376232602
0.100284851358544	0.466980185512503
0.168376652472857	0.930375450745638
-0.216023948811124	1.15677480681722
0.12618596162854	0.46338837771943
-0.0486751277966332	0.158473718404248
-0.159420715122983	0.696724993641308
-0.204420839947974	0.985036943257762
-0.0127570092449868	0.0393454032271176
-0.170514883663758	0.779398775627719
-0.132533557463751	0.541571856957824
-0.0564973038993932	0.189425985106206
0.0469198204767499	0.148829531207294
0.0894243292063158	0.348083612474473
-0.125871385967546	0.570845537305794
-0.19112026210001	0.942020646157366
0.361877815494586	1.31111730626884
-0.165777441294598	0.504789554435468
0.103886155362001	0.350860451435339
-0.0132104448097228	0.0367624812257636
0.000656450506929086	0.00183647861164544
0.0816430918249374	0.292937068089033
0.135582615189669	0.561889082993178
-0.01216767675736	0.0334296226008506
-0.0387307434268276	0.108310613592555
0.117671306146386	0.421317001767561
0.0388467902893741	0.116549897330734
-0.0340539641471841	0.0992947963210771
0.132869781150576	0.527747001660132
-0.204955402378587	0.939151586659687
-0.116261275123988	0.433954990678355
-0.0493840828657412	0.141060295367637
0.233413162851595	1.04327609879842
-0.0465191878501122	0.120032678032479
0.0214791468643735	0.0526604461752017
0.192316160116717	0.777712147881062
-0.315384217125215	1.57372936059069
-0.169716974691047	0.643871913416867
0.0681983352619435	0.205960808338537
-0.0169397373711219	0.0430138604163792
0.108954242962302	0.344810663859889
0.0846492624545837	0.259158536601885
-0.0430785620925138	0.124830096949769
0.275997407843388	1.32170684629487
-0.172122961263521	0.501405748281978
-0.0776882155701584	0.638576425438868
-0.0736583631040754	0.557445165292196
-0.078562924806203	0.517894259438218
0.0494789694169426	0.217071309132625
-0.0703019007072544	0.337099003912788
-0.0168332870925262	0.0619332344676848
0.143190630220732	0.697666747234986
0.162559827676384	0.661853164079979
-0.141112349921808	0.589006700576942
0.136542885977583	0.582959270015729
0.143590969777983	0.639258069565564
0.0139274594654621	0.0422657108652562
-0.0786204613292961	0.292824229114969
-0.110809760005316	0.443021449623618
0.00511418809121468	0.0143438195752546
0.0528870083080211	0.165701719103165
0.088209758497485	0.327835654205213
0.0892002014380297	0.356025869279835
-0.148313119252086	0.668363131718562
0.131366311850442	0.34696901464439
-0.0883703840631441	0.255414261404199
-0.0637183186074247	0.190136556631488
0.0366311318195589	0.107031374334097
-0.0156627990528255	0.0450280740400008
-0.028316788219463	0.0854572770999221
0.00607404414471444	0.0170671975742826
-0.156327142543101	0.643440109963721
-0.0939623471741764	0.314248024863133
0.0444664295961147	0.128839623724087
-0.0516946646479247	0.155927393095171
0.0661185735970201	0.212832207057447
-0.0859924674756101	0.292652001446927
0.0168566540705667	0.0476873086301599
-0.135393743663738	0.509271481020042
0.232541085622592	1.10311954052953
-0.203299254511441	0.797919137024691
0.169737003470441	0.549491565572127
0.0797677397628711	0.227297031663707
-0.0304973326508245	0.0796591257387581
0.00457422343408517	0.0110887067156388
-0.0351669611447521	0.0899545374912947
-0.155241385299318	0.536124717050413
0.236840940632889	0.960198822513297
-0.17559196956485	0.594123801977807
0.0430224123064451	0.113495354721119
0.0621890516221245	0.182146856442175
0.203060707234668	0.837063116723279
-0.301259083759856	1.0709238606734
-0.0832573187981171	0.7145781311811
-0.0391349456791035	0.247384071876185
-0.0454533416858824	0.23870061034513
-0.0233517397565694	0.0955452601910473
0.0209411036791002	0.0747778681553775
-0.0786276428025591	0.344857203320736
-0.110137929142519	0.44118507242541
-0.0131722735641814	0.0428252936706192
-0.073673429984988	0.272916194960853
-0.0434116378299954	0.144170361181335
-0.0841488239025256	0.313688141370035
0.0245227062504014	0.0741656095494189
0.00368911568527182	0.0103368307259958
0.0575471896480187	0.168200188192277
0.0100403226974872	0.0281793648378141
-0.00559156405791703	0.0138596987209848
-0.0360171425564434	0.0823339576640215
-0.348208877808272	1.94307334902885
0.0994547489104413	0.382439807913384
-0.0614621522351046	0.219001317887637
-0.0718015052520676	0.238813785932997
0.0240516376214115	0.0652142887909717
0.0631182001176198	0.190271416941036
0.0178445971367768	0.0346711299018035
-0.020712566461314	0.0373931828311508
-0.174938417601695	0.348261796012221
-0.398874423891243	1.17648598944899
-0.181074508128818	0.464748594913247
0.055426268828585	0.133834813285908
0.0683058726157119	0.168944065769676
0.0281089361433048	0.0616988544666821
0.048130096731701	0.0916125943935904
-0.103278796357277	0.294291017939756
0.135723361781628	0.252662008487057
0.354603087138786	0.777869911031589
0.122036706567354	0.339836801851567
-0.161467185593216	0.536493225333473
0.257248529497018	1.00518165460167
-0.111018365634239	0.351646509282443
0.148165120716176	0.410241189885274
0.0165361491744133	0.0299235627147427
-0.180107815166818	0.50179265306327
0.173103435700232	0.67401079134093
-0.0964979430587753	0.254394530784618
-0.424162958215992	1.18052716473392
0.335148458013398	0.730220894481655
0.106588150637837	0.245189785235141
-0.0946714177873111	0.852273250564459
-0.0768016142250985	0.598870603444903
-0.0603406278280471	0.380297891281507
-0.056424484964406	0.303578669384153
-0.0598820558837654	0.307055847116004
-0.0884720958247957	0.397003380205402
-0.0909268499168729	0.460535534452407
0.0774602736742655	0.349734195915232
-0.228868394917509	1.53385843970866
-0.0689617055153629	0.289967358821158
-0.234116253790364	1.52230202091092
-0.0896114873476272	0.356919584408256
0.0594215992206885	0.19633247523068
0.0121525090237883	0.0355607270777886
0.0938936409637672	0.317332715082982
-0.212047229216157	0.828773349950516
-0.0516484459578841	0.16542614121385
0.263314896384093	1.45599142570751
-0.0562270357648061	0.199127217000816
-0.0434443197924299	0.141473072650416
-0.116417484312129	0.414310973127616
-0.0221607384920496	0.0583005064178898
-0.0131530378755494	0.027573079691839
-0.186384074050909	0.466999671777495
0.0699762034517361	0.12623875714988
0.0713350852671941	0.126149506074096
0.413076870818789	1.3824025178352
-0.122298514582117	0.340855326479128
0.128635515183898	0.324451841528794
0.0212613592447883	0.0417746545366701
0.0519266300640515	0.100067695253387
-0.17902796648528	0.575042029328709
-0.0812643002102018	0.143354671135778
-0.0061957780046062	0.00921400234076749
0.112413736692078	0.29250910344308
0.0918798934073937	0.247481508801076
-0.190636331818682	0.625247503525843
0.0559199257291512	0.148859545986105
-0.176104772139378	0.49456776449894
-0.382592506680775	1.44064192534134
0.140080529621123	0.390118212596285
-0.0462181416213672	0.122442301138159
-0.251320062581378	0.859204697816235
-0.15313036700002	0.326447829206455
0.214144474401066	0.419318105855545
-0.20512274277223	0.5477638609205
-0.102282642866377	0.954602440299271
-0.0296957179562306	0.181741497864735
-0.0908157229208558	0.63971357197616
-0.0742883799569165	0.443566605305581
-0.185666063414778	1.18429289135299
-0.11725002135532	0.662494353278199
-0.0587133503949893	0.249531019589229
-0.0336203833736227	0.125892921312101
-0.0978217838812179	0.429277723053625
-0.0775675139705475	0.311813380656808
-0.253788124452969	1.46846555099183
-0.0721022188726316	0.233279132661193
-0.0695842892137297	0.238318234866169
-0.0119871955846647	0.0307361795129736
-0.166795878326061	0.539811244976701
-0.12362055908683	0.447417250543635
-0.069472553495635	0.234106852727156
-0.0947152195506953	0.354670835269695
-0.142186586421269	0.570208579609439
-0.0447388831033345	0.122046404665747
0.163321316628449	0.560665666322648
0.0899313173857252	0.194662334798918
0.0316329706695911	0.0503350059613542
-0.374694189284733	0.818687725597575
0.00929069679044311	0.0119521481105774
-0.15883257292615	0.345101908372698
-0.31830815069794	0.989002022001835
-0.0122236074037539	0.022610219697767
-0.138104333865487	0.306643143885335
0.00512825534270483	0.00771390754267373
-0.143032005464804	0.374850054732602
0.293780433190901	0.544254178455062
0.152041681283846	0.245782313423097
0.387463777562827	1.45621067384265
-0.110245951738387	0.279767863121768
-0.200204316449334	0.667427874488092
0.0769523106665922	0.200873674501691
-0.239046983407387	0.712564308962326
-0.119203332281724	0.253321432478206
-0.249861003837074	0.616143318551589
-0.173276085077834	0.520017766083186
-0.0626669868773103	0.135437430301572
-0.101502515787955	0.16789231905631
0.271195980449112	0.434453315883242
-0.297192637199966	0.770740869353688
-0.0588148259512137	0.442070603863104
-0.114774548154259	1.02626567955889
-0.0618701694552385	0.380318413210123
-0.0328766092318611	0.13364486146843
-0.144181748987536	0.917108861690485
0.0387941216571641	0.155045286393016
-0.028994451923869	0.10883557963796
0.0192637047464807	0.0686511873060141
-0.071726719139806	0.286500036295058
0.0248748144241647	0.0764622672948051
-0.0255895381906307	0.0792967970235902
-0.100980228475071	0.36520931207512
-0.306214272415754	1.73138138730299
-0.217512655116191	0.984120897465429
0.169539740461303	0.677360071339522
0.182050240051591	0.673794819362565
0.01003505709615	0.0260911623597741
-0.035178096761923	0.096121357682476
0.0226013522076654	0.0562058401706357
-0.10427908914981	0.316008742537707
0.0449197322063753	0.107718353480194
-0.10773200343	0.285889603629818
-0.281161332156555	0.772040292313905
-0.0467290038844264	0.0901874118185191
0.046877869852791	0.104718411009118
0.161804722997506	0.474363641430799
0.100093467279833	0.274262712731717
-0.211636187665432	0.651825940441786
-0.134135002411623	0.358723644384936
0.224963843573068	0.7344205813183
-0.298688530119445	0.852262966911701
-0.0446987993684781	0.0848961773297341
0.0273457159713063	0.0504600401559241
0.0326033603224409	0.0694320002585755
0.202567258167752	0.59563841280922
0.0136034478419478	0.0275323153073169
-0.181630977054612	0.534352337727233
0.215691820132207	0.67534047869461
-0.499725801779921	2.2480236245762
0.0442977841981679	0.107994176195502
0.348848576205683	1.200236312681
-0.0344147136568254	0.0639261315520079
0.0748245749854621	0.145443817906373
-0.114260880662233	0.225011743557356
-0.0745239714809094	0.604297110745873
-0.0954965958680033	0.78967622093102
-0.0922330865913958	0.517183450246671
-0.0783185080636577	0.421570536747275
-0.0619935965308006	0.278313649245389
0.0188587305136753	0.0700015909482544
-0.0415605279809438	0.164098354939117
-0.239192217833282	1.5405704363063
0.214213896409226	1.16684109351131
0.079144717665121	0.267171478851558
0.0813504035910541	0.281094146863047
0.279611791566369	1.54562195139814
-0.0511765877010059	0.1565613028962
-0.158626452503493	0.663776539745687
-0.312395134859318	1.25407953132678
0.14531278973334	0.479311383351995
0.0853250829743029	0.258864585430577
0.145880937588583	0.499031291235918
0.266089250875542	1.18798063192087
0.0574168557419512	0.145392201882451
-0.065456831871972	0.160319246507801
-0.415606263854019	1.34120356935574
-0.303973726223181	0.882482016712585
-0.199802235199426	0.572502745983279
-0.062642509251232	0.150704596604053
0.0396012706333251	0.0966118086115304
-0.0699032676325521	0.171146148378326
0.144782377694765	0.401653042448003
0.0481380798426391	0.108257897772069
0.477555485657201	1.84839926903224
0.232292724199386	0.615404144584116
-0.329276663374971	1.08394476933304
0.161250990939671	0.419510181784617
-0.185063923127406	0.517353612010814
0.158996884021645	0.478334992558591
-0.399473200338279	1.454697360208
0.0785968746050568	0.183362052821435
-0.223739809303305	0.630698392278099
0.16547173791532	0.511278448213511
0.150835945422739	0.462952969998404
-0.02574086526128	0.0504629323759063
0.137909350631283	0.323444039124049
0.0115865423858553	0.0195125987608704
-0.088755149986413	0.770675560924514
-0.127240680405916	1.05518118930564
-0.136779589011849	1.08628465759298
-0.0657618954313594	0.333631713259806
0.0437090767981789	0.197002501272934
-0.10907529961567	0.567835973218609
-0.0932388153161741	0.433484662613125
0.0135938062108164	0.0430836266160392
0.250168168385471	1.20483403077674
0.13307903680964	0.510437407504877
0.0436748098124676	0.133651215368803
0.0783046756364541	0.23614982960764
0.179473440469704	0.797635582758057
-0.175826222081747	0.640656810148428
-0.217867929639726	0.971223308437667
0.0487664694115605	0.138835237818569
0.0540556030571056	0.153566025786892
0.0270797296081616	0.0689987107431257
-0.0962714346123003	0.228317271571169
-0.382178981758791	1.24076733451815
0.0904348362650226	0.148758323216159
0.220325207034269	0.47804452994811
0.253084066204186	0.616974927017877
-0.119219874817719	0.265576850148762
0.149235642189965	0.356354974511086
0.270110574719454	0.747224794848144
0.0424699063462631	0.0776981661039875
-0.00593979627180665	0.0123207729205762
-0.138294624275087	0.270724820351802
0.121342807344792	0.213824353503138
-0.137940079858138	0.306190980490254
0.519250456528639	2.25022258230517
-0.0974524692027479	0.263963104802105
0.148530143576179	0.475151430409809
-0.145975481046358	0.391010805329342
-0.153373401187409	0.360590673010341
0.191314251521998	0.52806587047208
-0.119968785415431	0.338942361898245
-0.00745197963740145	0.0151877569843268
-0.45409208894553	1.31852841580576
0.09431196017296	0.157376325219691
0.236627184892702	0.680146026111706
-0.0966612325455394	0.867325292947915
-0.0655186413832745	0.505042567202655
-0.0344994020070165	0.184594702325006
-0.0533348161226698	0.285925869572756
-0.107410557714975	0.594461452676617
-0.0806904763864453	0.366873598509663
0.14397356720943	0.711845240057114
0.0599446505197829	0.209751186041476
-0.0059743151136954	0.0178330107779289
-0.101388900391665	0.361538815162257
-0.260627570973859	1.10871233042934
0.0686314684290945	0.216368829154216
0.0145344365410622	0.0403571224944758
-0.0664874760515611	0.202651210568785
-0.0000809942089203033	0.000196002878633858
0.159947273114954	0.540048853695187
0.148608052252123	0.469171349921592
-0.26339449301741	0.69561442980017
-0.428179647764945	1.21401059543719
0.182425188628707	0.354053239959693
0.00151285957585502	0.00191250442539617
0.415339039096669	1.25544708085467
-0.0270374183721773	0.0544234780633479
0.278199509169755	0.744743945366685
-0.285418763260839	0.783052877456023
-0.155886443918928	0.288547543676441
-0.251669466631166	0.640092775166592
0.0245795985174649	0.0329206590949904
0.558064310216169	1.5804497272117
0.352575320906036	1.07813182093675
-0.031432018360565	0.0609448979352691
0.156239073797888	0.417519251369214
-0.128673906289007	0.313854233358451
0.0812273717234012	0.170328363461798
0.182583241001344	0.435841113521997
-0.0696119146333724	0.134106229628169
-0.250655537360108	0.787477732328183
-0.290569867763192	0.775140415922925
0.184137087347351	0.315917970124491
-0.0293856482332535	0.0370197442596341
0.136759953833897	0.23183356642436
-0.08557012668899	0.740815245260192
-0.0474356659524907	0.311178954914523
-0.0971530924609193	0.744132615648463
-0.164597461503692	1.34997477329046
-0.0600468018527236	0.303077589077658
0.0197196986798451	0.0755152854384423
-0.01912955505256	0.0641455783082404
-0.096603973000198	0.423463095087818
-0.263127151647965	1.5636070699965
-0.0966273892579503	0.32182970490786
0.0276718529503352	0.0880912500355891
0.0779586303300588	0.277451458607017
-0.0294398996008455	0.096887154031198
0.0457680169140484	0.147480607069907
-0.0904867778803923	0.303489601959262
-0.0861786024385855	0.274528639341757
-0.221379336683157	0.613476176966901
-0.270932497801051	0.774341598667988
-0.0434703559189255	0.0720725850384155
0.0865010829013003	0.140238498321354
0.340182558799328	1.01131745062826
0.131170710442507	0.346265675879285
-0.0742529571151082	0.15541188913723
0.235532182548399	0.600990648936147
0.206815344530595	0.47855882140157
0.0241490020296896	0.0472791859598837
0.356860055568035	0.81219499827844
-0.344348602002717	0.732092191347801
-0.169101347094422	0.447845169743181
0.120305030699478	0.322834315276101
0.234896402393508	0.808913114048363
-0.0954469687767594	0.245279385307612
0.280934386562285	0.909677450461936
-0.066286465315344	0.131706185453751
-0.456306807191253	1.75733669858998
-0.0254765464413277	0.0585501987048636
0.0457440461412641	0.0963764659080084
0.363398872360838	0.969986745329414
0.124592084973157	0.212267984239169
0.0833326506619799	0.157838496633796
-0.0718079597014542	0.578162224866524
-0.0717869057944152	0.572648765979678
-0.147593512318769	1.36370761731251
-0.109537399716837	0.756982818046574
-0.127380691419539	0.787735206445797
-0.0375140829119235	0.144869099587711
-0.0953034494257799	0.426945312194889
-0.0584870620812384	0.223867661507025
0.0768273224912321	0.279895374918692
0.0404416493640291	0.139589765858974
0.106448073122256	0.395396063894945
0.0226737573040762	0.0693793781751317
0.0609790868457402	0.205958615013803
-0.0149493558245366	0.0395049643377235
0.0613490682043176	0.17858356831898
0.146500090525442	0.441486876349139
0.215651611546411	0.733119467781669
0.079001922127212	0.17474916693526
0.384390385515461	1.42231090487048
0.082632538223048	0.191815959599419
0.287250789309245	1.06885999650066
0.119678623203554	0.325708177904687
0.0824239344397986	0.18519698050022
-0.165099194861543	0.455484968797191
0.0291828857740357	0.0628680447656464
-0.280651461830858	0.72250042824686
-0.277026877711102	0.667087421578882
-0.368998055522766	1.36706775598525
0.22771476747159	0.682177453044476
0.166092646358345	0.48468010340603
-0.111199725082452	0.282728886303776
-0.0556299287798691	0.127770536878104
-0.204194587723385	0.600048246315983
0.0151884166622202	0.030480385616813
-0.0718441076856409	0.180579090183817
0.385148377363564	1.47644793769438
0.443548376493248	1.53170594909128
-0.072446914052821	0.116187601996886
0.0599208120214354	0.11076869322333
-0.0899154443103349	0.790168395191264
-0.0206030503981665	0.117172152869371
-0.0682583769100153	0.433025800282032
-0.113896248282527	0.707031438156123
-0.0160072584259633	0.0598306431221999
0.0432403381262371	0.171543627754725
-0.095052708821769	0.439507389192726
-0.247271494052116	1.48842388007065
-0.0611407445255296	0.230795752803738
0.0876664799666304	0.305261446390974
-0.224343900630139	1.1764316874242
0.0755493019529454	0.266676772581154
-0.0844205796756804	0.280122718561362
-0.0548292656094237	0.161650777090192
0.126977839497827	0.385276102721388
0.0864319921819421	0.219599775796211
0.195560089300324	0.513481829616465
0.0201431185482278	0.0374689013522013
-0.204242940345187	0.647990196549688
0.0527616846851165	0.127513227679107
-0.242378907976351	0.822415487778881
0.263547024343018	0.91813040953892
0.0567245922325081	0.13317567334236
-0.0218299548764917	0.0499845199891019
-0.151222179659312	0.375221639124025
-0.0553547454125091	0.100219453024787
0.020593640301236	0.042119749265824
-0.0954656533905218	0.242465000144197
-0.0984042015682269	0.255661085182329
0.232750414163205	0.827472628335499
0.00112532301280984	0.00231515873057878
-0.143751699615308	0.39605106906855
-0.0531347197577346	0.113969187379616
0.204265323374499	0.673597686138355
-0.1937417637699	0.541841241353307
0.0882362475511466	0.193505741266771
-0.525712824434267	1.77725265202024
-0.0425645294338223	0.0766074779954985
-0.0897314517989451	0.787700440799205
-0.0968507363143887	0.847813391163486
-0.0328525455145887	0.182099203536826
-0.0300705235151616	0.138005258713904
-0.0250729877513883	0.10645675056418
-0.0459645036046197	0.210059087130306
-0.00828140769551515	0.0294055541364415
0.0755219304296656	0.345181297506826
-0.0322858196885666	0.100851715141264
0.0166704356972205	0.0545817727521298
-0.0864570791447662	0.347028442915013
-0.117365968078795	0.463387461580329
0.0156883362175555	0.046940812665373
0.0697809336359094	0.216230579041476
-0.154976974092679	0.549776360632889
0.148812093187421	0.445693316463134
-0.200995195917943	0.636232418227484
0.420397077075088	2.04768566529591
0.0929637237869926	0.275076869126186
0.00523572393054366	0.0119598937622831
-0.045904781821452	0.114467828284187
0.00923849332212435	0.0207684424689033
0.130491433006367	0.434188882161559
-0.171173878180773	0.468271558321408
-0.376742025616721	1.49315836986285
0.257527807843267	0.9605228138437
0.210855797519352	0.700488303971132
0.00513697648524752	0.0117591099299115
0.11379104877141	0.339097570483065
-0.10176261792164	0.281364191592773
-0.0192957340007114	0.0419216008744293
-0.0270623959106547	0.0609376921483431
0.302841657551618	1.34312217132038
0.180020058571044	0.597982311465589
0.00946457766670062	0.0184001274059828
-0.296230820545102	0.913859604684727
0.18509263988122	0.466979687944435
-0.093493551248546	0.833755818006006
-0.0683379739175059	0.521861745194283
-0.00494412029847515	0.0228973699011287
-0.00892221670962156	0.0403240512082085
-0.0244214030617566	0.114632920928355
-0.00851083277614182	0.0315071831868415
0.0811814442732297	0.404212018652679
0.0279142776707452	0.0928031397733572
-0.118243260170909	0.580122516474728
-0.0462645004396059	0.173015083255884
0.0410199667005815	0.141382841641697
0.0378169575974355	0.125319086728186
-0.0749779615924029	0.219039625861702
-0.0223957825088022	0.0561272417772137
0.0659670210888441	0.163457662774257
-0.0595875848823368	0.133182265955059
0.0487127233888306	0.116306055304875
-0.0272302067549065	0.0674169138208999
0.018277090628506	0.0434047848029448
-0.358997090968471	1.62491609775095
0.295280661992714	1.19081577110613
-0.0482096862200987	0.134268006042692
-0.133687749805882	0.347089486238288
-0.173303493363268	0.449025908649112
-0.0558209914826197	0.136633857622924
-0.119146685995236	0.359625115781284
0.0306234034056173	0.0787189635603685
0.141695945330317	0.489899836164299
-0.037450634624328	0.0870721767448022
-0.171959604970091	0.505423651868758
-0.149062256486411	0.426742308956815
-0.251656090040078	1.08504361291113
0.0895575902565416	0.249768364764425
-0.212300501816672	0.570626224479719
-0.0452035604915003	0.0884421635977602
0.127407638875158	0.30210651583856
-0.0755537610629832	0.619711717162055
-0.103516619547686	0.936002859218376
-0.0600592888848568	0.422857381865158
-0.117335436866137	1.0395455844012
-0.128473338285794	0.884142166956863
-0.0198283184921644	0.0879839996999292
0.0450839188627193	0.171410563027841
-0.0676190975883577	0.293991734653364
-0.0443876541154313	0.171388230265041
-0.0761465008377845	0.307057564939554
-0.257158683594971	1.59414112436714
0.147050738086794	0.559451551342796
0.0137270694774725	0.0368095457542309
0.0691934055899298	0.189530318487354
-0.126689226410694	0.396666463962491
0.158721460251046	0.567417444848277
0.0781216808574086	0.24261451601898
-0.183055942923302	0.703697318484081
0.0940045509865434	0.280734485028704
-0.142396694490561	0.480956871819759
0.0434598717877204	0.122759473492387
-0.2620183234973	0.933387717257374
-0.0846402246681002	0.204555078637943
-0.0266160474047588	0.0644610465134695
-0.0681840333770013	0.180966211674981
0.0239070278516124	0.0596218650772818
0.29146650386904	1.25058863603788
0.00353890497064857	0.00803007296495633
0.0905845562521574	0.253951232582726
0.0476350303925646	0.116318029765214
0.11415781881859	0.340463255568573
0.215365160534528	0.775298274252097
-0.0476601226120731	0.107409332280509
-0.261133237076801	0.710706331307432
-0.105356448542895	0.239390026973745
-0.12263229269186	1.25100453403581
-0.0763155577621257	0.604852467899826
-0.0583112639615427	0.402424086551016
-0.109473928487344	0.751927100061746
-0.0624754746244383	0.332533671478405
0.0720134775933315	0.287844897920201
-0.0122913197345682	0.0420130116093167
-0.072110816627299	0.292097025270091
-0.0460190584733213	0.16051520174332
-0.115770713600179	0.48565154998423
0.0670527697516007	0.23307662811397
-0.0240575277981509	0.0709461812816321
-0.0672614699593563	0.189846706386556
0.116026256817577	0.372266719864686
0.132408717547013	0.474165915569002
0.0650667100798953	0.210017424740355
-0.253457437359522	1.25834107713672
0.00887066865791655	0.0237403041410607
0.0250120318928312	0.063524521121488
-0.0835832566830522	0.239215726590775
0.0135453686075346	0.0302521207540512
0.00693258692584145	0.0144821961546348
-0.133340112711728	0.367131536785143
0.193852088613788	0.669392945444867
0.165154673016252	0.564004477303201
-0.113929953082786	0.301681154005031
0.0241128087189002	0.0589370848657209
-0.129087020613509	0.402849343021468
-0.265468969677414	0.99821603466764
-0.0948671538872212	0.25802602153827
-0.13200321957062	0.349609737071501
-0.0153100287369417	0.0321572463718638
0.136001595302625	0.359032304708601
-0.0652780526848807	0.118829842150649
-0.106044610617395	1.0077459505316
-0.0489777421948438	0.339358905746525
-0.0423200089978475	0.217180562671231
-0.0631507876974095	0.33490543945036
-0.173088460257214	1.04959424914622
-0.0442311030206558	0.181399988459076
-0.0287912961201188	0.105384970201786
-0.00612969948597703	0.0193403881119146
0.15191946282937	0.739006712971781
-0.0773085476437334	0.266601385885767
0.0423630328217446	0.125582227036735
-0.0133269257862855	0.0327641387469187
-0.0599382259839738	0.151681872736801
-0.157974157903128	0.566285262917529
0.199133489263899	0.893367042802948
0.115292315592775	0.405394562387967
0.0844047118226929	0.256069657268749
0.100404165914514	0.293303169744485
-0.251151297847791	1.07174975003126
0.00522382941100371	0.0102715675086135
-0.0924970896103006	0.215521276373665
-0.389626240212912	1.87792137917837
-0.0427617470471514	0.109796377548934
-0.168308072932274	0.590090651751661
-0.12549452486426	0.403282780212548
0.00233270581479006	0.00537752978512907
-0.142637932683905	0.424234362151825
-0.0370143146620589	0.0867775695925042
0.320125453357608	1.61640128460184
-0.0874280984470868	0.236761807292745
0.116169830676789	0.289432696594618
-0.0063489922300695	0.0118666685987419
-0.209664482065119	0.560854560497365
-0.0577090913671225	0.429534984900761
-0.0538935912729929	0.375130325161084
-0.0237559296701101	0.131565865437247
-0.114243439365561	0.540445285243302
0.0285448606029059	0.110842270233838
-0.0860007811738719	0.415103051987184
0.0373392279423784	0.144371476708433
-0.0409830545442009	0.159719833889761
0.0537687213129096	0.204230533767511
-0.0408885612371468	0.143998846594405
0.0399691709191515	0.122754487205405
-0.0886260319146749	0.296733279946095
-0.0192283218267448	0.0557596571556458
0.0741001287923843	0.262636223515906
-0.0970911401941516	0.346003965754383
0.0138086843418311	0.0389087163837681
0.0527347631993761	0.166735683852889
-0.0389619565156464	0.118314883119018
-0.0437265035294113	0.119180528731973
0.129028031460051	0.422610267802538
-0.224941052420628	0.856936558856975
0.0285347407302661	0.0691228435040099
0.163345413594734	0.577605567946098
-0.148758833229426	0.498456149945679
0.17440972370905	0.648769094261916
0.119278894603025	0.388217232712801
0.0585241475650094	0.156829309772381
0.0874150544141396	0.255454955335625
0.0396793461737668	0.0988589710595305
-0.105118411312789	0.321297353871318
0.186715216582114	0.608218734940773
0.088283046187315	0.20244473245842
-0.0903175269151487	0.795394505920114
-0.0631365878967876	0.446080610250936
-0.0673471905494673	0.222647089798668
-0.0353544770120631	0.125357236888316
0.0306807223745549	0.11650649361439
-0.0386309520302328	0.152607365248829
-0.0136486476705208	0.0490111439122327
-0.112825804051939	0.651703209935437
-0.114358584627915	0.637280988716846
-0.186861599199897	1.11173712136871
0.0299068849080253	0.104598130528322
0.112679750060195	0.510159887863544
-0.0463741829637502	0.163770908673183
-0.0608633819823373	0.235998160470215
-0.0828707499915552	0.342118697977635
-0.0405781277747645	0.147087547655754
-0.0947531316117214	0.344664771737581
-0.12052923181759	0.525226717001549
-0.0105465015042868	0.0310578803016313
0.287495148869751	1.19112706719644
0.0741541028539591	0.198874366780716
0.038801434436596	0.102406243101996
0.0432622685598193	0.112093414373416
0.0311570374128719	0.0862483170721175
-0.284844456517269	1.34478311096029
0.0178649334444843	0.0466529052712938
0.195049704651037	0.663786934672808
0.0770444446370922	0.209111722457856
-0.0266004685875933	0.0802337673142907
0.111919060873459	0.395151516739336
0.0267103052028081	0.0548773732188685
-0.077767435259115	0.643692886105286
-0.0250527884164653	0.13783377664037
-0.0839764754060816	0.638660924735349
-0.0509802434304664	0.303071959427544
-0.183061177245514	1.57568997584577
-0.000330949973537723	0.00135640295610553
0.00398734219714559	0.0148499447758345
-0.00111380268069928	0.00382827711120408
0.0202845501258055	0.0639938785793467
-0.0152625441366278	0.0466174559202771
-0.118909567530826	0.488551295497965
0.0197522982794677	0.0631720547163819
0.00950270826109542	0.0279569160238203
0.0218299388970315	0.0675618597972261
0.0569763420521492	0.192890205395218
-0.0831430804965795	0.307746695754161
0.0489196815688558	0.147199739562443
-0.209458885399304	0.951357351453854
0.0407516583532124	0.121717665893808
-0.118372086316739	0.437772409447859
-0.163635620612812	0.694522247972201
0.0474055907277544	0.139325648869472
0.127447645004334	0.484875235800758
0.0937356306682944	0.308260959048126
0.0454572289154618	0.129089015132955
-0.100342648195199	0.326485738145912
0.0252205859407647	0.0687012722684249
0.11823926136989	0.417859392069874
-0.123940543696556	0.380652086723069
0.0789832954736091	0.200429802539971
-0.104393227713783	0.990431299136621
-0.0985637830104865	0.874933963953614
-0.122415912679244	0.897438501559481
-0.0910812008067921	0.440532292578558
-0.0239731253595516	0.0822846090467896
0.0922577180354461	0.262495646631408
-0.251464550979803	0.661620511720637
-0.245635479680486	0.433112297233568
0.606433111105617	1.60905184167952
-0.177616651152244	0.500119084141976
0.0437549821339466	0.108965169314715
0.141112164702089	0.422377873574525
0.00770151641819102	0.0157915247186108
-0.227362864436562	0.489284637651809
-0.278035437460752	0.952877817708018
0.190110280454845	0.312990355907086
-0.0598639301716253	0.0759592098768558
0.193273079508478	0.666705986831027
0.000403702548653117	0.000990709183725856
-0.114071058854887	0.358236533575002
-0.0866103998135341	0.24910811224192
0.143999719413363	0.358416927562818
0.295289178033634	0.842962392409226
0.150328694001643	0.373961005764522
0.101991422395059	0.342013927700029
0.000336880269988062	0.000683400580453109
-0.396201899919639	0.674886111700244
0.17885861458365	0.211618868403142
0.0215204550876121	0.0388686899266767
-0.0992932185768131	0.91598009184485
-0.0833173387260155	0.660949673560503
-0.0843123806909635	0.537244701917903
-0.0946506541953235	0.563056793165972
0.131381821718634	0.574363027149114
0.0951273795279767	0.312251025833837
0.284734421923764	0.808486505727747
-0.181881833366762	0.497204221997496
-0.0651122624154504	0.176346052381772
0.0427315736256042	0.116842961977996
-0.0924924534880503	0.28157596235916
0.0569550258782387	0.14531332176397
0.206756824332469	0.632603047871341
-0.201058424541122	0.730201170576786
0.344570757140182	0.852569602152766
0.116518628085806	0.1926096892917
-0.085810357949963	0.25798753589223
-0.0753917486264017	0.240408583412667
-0.0941764157256502	0.311509398159389
0.0560013416696398	0.168079840429421
0.0872363909739056	0.232779283163961
0.0728927847975687	0.166094908335902
0.108242185128814	0.301580070853475
0.106054253459887	0.400752266343194
0.092942938480599	0.26418683613229
-0.211567827638226	0.461807011236685
-0.0216921787449659	0.0273116705095301
-0.0796910450543983	0.175192018942818
-0.0912277737754379	0.809876305211575
-0.0759191289377256	0.5707570917167
0.0172852759459123	0.0886088925502605
-0.0558627151177604	0.255449454443257
0.101852863821272	0.492540199554929
0.0700763303800716	0.222608971561692
0.253500118792099	1.16532490530328
-0.0906479868740987	0.331438011406142
-0.121509594150101	0.515057082407363
0.115410444055631	0.463916801284745
-0.0996209441275838	0.347552313419943
0.111975781043571	0.376120902291915
0.0052326644566191	0.0146825395265593
-0.138866864010316	0.388553943123838
-0.0220710321355494	0.04776529449048
-0.000238019756001615	0.000630164007884684
-0.062753855989222	0.205054085735581
0.13035317246688	0.533160587235525
0.278711102414449	1.51979523535641
0.00162790426345693	0.00405449089033373
-0.216009964825679	0.845782628926433
0.0473661956079149	0.134643261646103
0.0696535640302725	0.243719635490045
0.0287012739647238	0.0786618309363571
0.161945775432614	0.443279688129201
-0.0958169366057854	0.207295652338973
-0.32895548582851	1.24430490264195
-0.0912453668313934	0.808823968743202
-0.0918648291431065	0.768908402842419
-0.0265693995876478	0.140441459508279
-0.0335643173436669	0.162930788677
-0.0884530920353118	0.382544507905846
0.0350667571570669	0.11852842396538
-0.143921603149129	0.700596960292934
-0.099004821819459	0.465004245228698
0.0414664321974047	0.148293515299723
-0.121545347101981	0.533995747582037
-0.0237586815466036	0.073759844211638
-0.0562629242196671	0.206613099251119
-0.15581329898457	0.620723884667047
-0.0462315686748055	0.127991302390554
-0.385023633822336	2.58609938081881
-0.0565067021290867	0.185357514836957
-0.0550967478000272	0.191208424353238
-0.300884304969267	1.78316691028285
0.0600873802504087	0.187700438481815
-0.0381581292955361	0.113021607683343
-0.0440584301542085	0.126946743899558
0.0604643188175147	0.201831027282257
-0.0257877840981705	0.0741802242063884
0.0800950142720883	0.232429254560908
0.124312378729707	0.362501022924936
-0.301035903311167	1.21219399025518
-0.0730956642723955	0.590771501481465
-0.147601540026507	1.56730112825874
-0.110142835109389	0.854834008788819
-0.0776411221444886	0.352521602149815
-0.132506965607041	0.66466685757411
-0.173587790250032	1.00396481144991
0.0188324550461028	0.0717472932205441
-0.17317611576881	1.00841301162403
-0.216372091062764	1.34803301669256
0.0317222775238403	0.110596620945715
-0.0110587032295193	0.0375665263191211
-0.0431355157156637	0.132317988965666
0.0934158977792665	0.336576828303289
-0.0390311600880966	0.126445938894957
-0.0441243480334637	0.145733257566681
-0.0898345653819531	0.353452727270122
-0.0473080174520218	0.160030601821137
0.0637976570054484	0.207885285900333
0.0760305166358416	0.246785582270379
0.0736863803766915	0.245599240518539
-0.087630810075522	0.332126562530596
-0.0739832719898524	0.252293614906109
-0.146049941618468	0.546564383207047
-0.035012464377576	0.0889048748352303
0.0388736428264512	0.0969892835702096
-0.0839244758810165	0.714855629939318
-0.0923905649442768	0.744305260995476
-0.0962389140665935	0.589195271962956
-0.0654115851249817	0.326524930930001
-0.112671482575825	0.64033616909838
-0.128350296510596	0.759349906783972
-0.187884832433911	1.33750813268947
-0.102019576975759	0.537435149521025
-0.132781044891588	0.743307395545182
-0.136168912937658	0.670025753377858
0.094374923969713	0.413946977574787
-0.312169875018863	2.2533715703253
-0.00745225757528292	0.0197477381411946
0.028801485352355	0.0851763135791446
0.0794717156169414	0.267227823149532
0.180561518784945	0.771185719362116
0.0403298479534824	0.123337988235331
0.129387116725737	0.506475921157316
0.113145849756941	0.400285888362377
0.059493077346436	0.165553911736337
0.17411167158458	0.695126903672184
-0.0646686510211734	0.222042131687357
0.0608943321567045	0.20010826823727
0.0441341378272046	0.101888527353925
-0.0490320079251933	0.348721634110527
-0.0729428972398879	0.55198669593688
-0.0551975309543926	0.357439925903078
-0.013157635426643	0.065394057692746
-0.0801626326314292	0.54400220396373
-0.0943096905370684	0.632682589691282
-0.077784665275605	0.466186896609414
-0.0703622693731025	0.38776958507689
-0.0985966356528843	0.513354568005191
-0.116027382393003	0.624576407169081
-0.118533756242295	0.62083833844812
0.0285168178975692	0.0857769313812037
0.0061999351437164	0.0177347423354003
-0.144153908821436	0.604225600690519
-0.105306591388882	0.365815043188516
0.00424922167380066	0.0121446108888363
-0.16262989729389	0.714635097219487
0.064267855321124	0.218759517264673
0.0827616239598898	0.238622652763066
-0.155194377882582	0.598054805334341
0.238712984672998	1.43898769215593
0.0397925613761584	0.132833854184323
0.0398369220428715	0.0982741522450809
-0.0187687615343632	0.112855928826423
-0.0738503575366149	0.576583257605523
-0.0521407472534882	0.336769184135834
-0.064931529636217	0.437352796598903
-0.0519124073004124	0.298281561254198
0.00978832907667958	0.0441878073888647
-0.146794537232707	1.09758829383191
-0.0216339984718539	0.0830261283811314
-0.14329626167785	0.870522683499687
-0.0468138864455016	0.189442143855336
0.0926583353575137	0.319519177449215
-0.10370376930846	0.389308586891289
-0.0105397771670437	0.0283676950057775
0.061838687239578	0.176164397419301
0.144669584921856	0.590142424632073
0.0795646523204859	0.274406992171867
-0.0000616793275026816	0.000161440291899604
0.00453961481969498	0.0096738010482283
0.189883166833877	0.698267484574646
0.0975432694432603	0.406032771014276
0.0516595054966201	0.185583489177972
0.387310659494735	1.54555803594295
-0.0822629619435131	0.695760412791247
-0.115297334878655	1.07997141154997
-0.0349210479822986	0.213675313321903
-0.118874886054725	0.929747611854726
-0.0613248363401644	0.352950629441875
-0.0484285639819197	0.2463995594444
-0.0746004368944904	0.33772121273655
-0.0528783584386684	0.227574786013437
-0.00254776817698753	0.00848955481672296
-0.0189524319338977	0.0516159876138815
-0.0641674474656411	0.206518480834072
-0.0546373058140895	0.159568474761512
-0.00984060087038507	0.0251222745735048
-0.0910019818660471	0.30063574197443
-0.0339268907742	0.10181366157895
0.179550700409596	0.722327440313658
0.133009144305575	0.385227965119327
0.0163687138771558	0.0402456936605468
0.0216808941647414	0.0691268256214354
-0.0543128838368194	0.192082273738315
-0.0624621325423391	0.134943935682603
-0.0233837993139194	0.144591280217884
-0.0598420560473193	0.442445773862817
-0.0265095244666736	0.145346895668114
-0.0558568829199066	0.323696954884398
-0.0608401007588403	0.320974482770732
-0.0614928587778151	0.271916692438091
0.0355361491351666	0.132832621967806
-0.076866493239043	0.3204664138522
-0.243088323846719	1.22960908494534
0.148107050906512	0.613434536816035
-0.0778602133153978	0.269706449605217
0.0858650750067134	0.280932059971584
0.243323953075015	1.23818962927989
0.0141312386882928	0.0399023713211511
-0.0033342169717509	0.00920598215508273
0.214060134834312	0.869343110299175
0.0597632538472847	0.180817042281212
0.0868600624182767	0.332776697966315
-0.198725540732108	0.964479729080578
-0.0905676405053451	0.229245090271237
-0.0658382894960982	0.514004327958093
-0.0886301216689474	0.688903585198517
-0.10941353849506	0.824683953737664
-0.0750292092555986	0.413223552637303
-0.125131592446307	0.733607240061028
-0.0326795541022416	0.124329992576266
0.0314931496630753	0.114174337997923
0.0118300600388931	0.0359990711812017
-0.073690068786835	0.275669328021765
0.0561073088987478	0.203608529402271
0.0708774492174071	0.248892012363758
-0.133427781452654	0.585529686199014
-0.194562038212653	0.954243924182908
-0.327640896613374	2.00645629025641
-0.140001247363572	0.545357075357201
-0.238984657516655	1.15540246777156
-0.111182971327006	0.434626738920757
0.199513430804092	0.903136919597236
0.0754408929506437	0.193233274667643
-0.0648020458474459	0.504054223228985
-0.0712928660063232	0.555642874240973
-0.030270440670731	0.168719312695413
-0.0307255112036714	0.148242249065543
-0.00295683939611085	0.0111985621860557
-0.162449587211076	1.01873343095847
-0.0100865869655291	0.0324626066449717
0.0165159900110814	0.0535355182887119
-0.0886801247059738	0.363242805726667
-0.0960228787571509	0.374060327175321
-0.0803316586607719	0.310137445973388
0.0552019464698423	0.19360272097304
0.0934206596156153	0.367169737691206
0.0452018609850999	0.141076338116661
-0.0452088099815345	0.140880801617243
-0.0270415581112896	0.0893988401715869
-0.0980994210438647	0.388158481312952
-0.188290805868143	0.646043075627125
-0.0699454337859369	0.55930105667758
-0.0823863201833954	0.668649980825128
-0.117706112579375	0.963334187005036
0.0113215407262644	0.0506557491194285
-0.10396534504189	0.612626681428062
-0.19716792676147	1.18797875894514
0.0462645428599665	0.172144345335422
-0.0507149212375905	0.193089271778706
-0.0767321482176597	0.299586350727043
-0.065313017352008	0.248425179618586
-0.0274129821825359	0.0913572591151311
-0.141304865591583	0.646069933422218
-0.079278232037484	0.27888883944355
-0.0625094037268504	0.20970079565253
-0.126780939573788	0.602611014279315
-0.0525942150937816	0.190613248192611
0.171360281420957	0.602579657970576
-0.0841473379754781	0.720977137615817
-0.123075790286233	1.13882331631571
-0.093361698356163	0.680868592421869
-0.0208162117936409	0.100842776095344
-0.0477663283078969	0.199898940709901
-0.0260973481890485	0.0937464849068074
-0.136361891277106	0.757639322894984
-0.114181679957559	0.529192383900643
0.09613953157751	0.434131159802173
-0.0265409770424023	0.0930434833443767
0.163813174425894	0.872094594271964
0.195845338791281	0.926477122747747
-0.114625951675992	0.473505048634436
-0.0943177050775441	0.442626738198589
-0.124106893446765	0.603499429032003
-0.212971388730829	0.828846720567366
-0.0686669902559206	0.545563397612514
-0.0523040837359195	0.354022494232749
-0.120541920267427	0.933768631534101
-0.0539058907984961	0.306640108364267
-0.0621812788297881	0.332750981566345
0.0264470492188176	0.127979122188951
0.0314166924958279	0.139817838848461
0.0560988922306695	0.240821436283116
-0.0305729814108057	0.113709670950402
-0.0674622987092161	0.287076677229111
-0.09458894170065	0.436220151047366
-0.164976953383604	0.985796041683182
0.0373626140647749	0.141000190842964
0.0453804691708012	0.166980582910591
-0.0175688482354614	0.0522386075382505
-0.0645014114569631	0.494087053817454
-0.0792903000413489	0.620681695582119
-0.00519164209538338	0.0243909504009561
-0.0655145607479361	0.376874532857089
-0.133653330533564	0.972533011397043
-0.0915858644038829	0.466551964593731
-0.00538155609914014	0.0193018345089436
0.0115153698734672	0.0414698705353399
-0.108206733777077	0.532285202832671
0.0512223363272736	0.171112045221696
-0.0253213834889353	0.0843249859597951
-0.164529050639493	1.04583739657574
-0.0329411447878831	0.13320696473532
-0.148351764718248	0.536885144907648
-0.0764542718809191	0.627069147246362
-0.129609419460161	1.17709963162752
0.049179086904268	0.286164563318523
-0.0968805178379018	0.676169781939804
-0.168850302819705	1.19178190021195
0.00116381720390868	0.00435448170682366
0.0334105752016883	0.139550630825811
-0.15405484397377	0.918660799717303
0.0418366482480721	0.138086151945743
0.00158300878269257	0.00494559330284269
-0.100115713517856	0.537330911731543
-0.157690301730466	1.00315097454383
-0.0747508241553172	0.223598181199807
-0.0589510802866065	0.435452381543702
-0.0746420314122969	0.583971288545814
-0.0600906153453667	0.426372783272452
-0.0970401909854668	0.674357313696042
-0.104229648928901	0.594125832199021
0.000702750876808554	0.00242993033520528
-0.129838532479989	0.710738305615418
-0.0514540843698463	0.224408455788277
-0.06927654160121	0.296016737136248
0.102734333417485	0.433915339566642
-0.213955836968242	1.04706611773752
-0.175358284375366	0.735802238365369
-0.072902921202015	0.590425128176148
-0.0821217003063736	0.679551537477093
-0.0132162779352096	0.0654471391086408
-0.0730591905393342	0.387285507574494
-0.0400762484633921	0.173683247742976
0.0101423223391493	0.0380198767798748
-0.0594282155093951	0.266856045047856
0.00990259738686469	0.0342489967934423
-0.0739144717657717	0.299949049305892
-0.338871540936565	2.31695734462124
-0.0325283085035236	0.0937247955387597
-0.120232465773998	1.21218496759127
-0.109754680464248	0.967432345397235
-0.0319989624574925	0.165773061639098
-0.0331246990760358	0.148987586242396
-0.0404313231990821	0.186346872801688
-0.117845472909948	0.738189393555006
-0.0754026460529256	0.36903157446433
0.0145848573283282	0.0499144135309378
-0.141722996472767	0.648830071529594
0.212275564451779	1.11039049737738
-0.0874223694313418	0.761400350046462
-0.0132759856365859	0.0743565310880294
-0.098824300146132	0.730299491571213
-0.0201706982742153	0.104274285683274
-0.109955358265843	0.841641017606019
0.0337614943672808	0.161445965804243
-0.0073477846911724	0.0262667111118693
-0.144788170559145	0.711654354537522
-0.0029960163121887	0.00909034649478479
-0.114720973410948	1.12729571556039
-0.0847240630113965	0.70888956033378
-0.0782222551027774	0.616166539842822
-0.076103912549515	0.525377169074547
-0.0893570121368284	0.513430344066034
0.0398459356842428	0.177856663238078
-0.0230619285912964	0.084510039406398
-0.0672887252168852	0.241555516559671
-0.0674534811453591	0.532523978400801
-0.0258418969572733	0.156953211201187
-0.0426356402790662	0.246918922144052
-0.121510556346752	0.764710570941175
-0.158296333836462	1.09277199653307
-0.111361193205277	0.574385551766123
-0.0865565519917555	0.312365509391935
-0.0733867479769716	0.593121753048891
-0.0456833635940461	0.294860866312507
-0.0878142945513624	0.550217781661999
-0.126795372191571	0.835368490067398
-0.165128362124818	0.987972415832556
-0.0543040615582963	0.1869290159985
-0.0599749020171412	0.453622056576349
-0.0631971492501033	0.458059028900751
-0.0250972729377674	0.119450163280914
-0.210650986594073	1.34636238500633
-0.0142627233218842	0.0515442242558808
-0.0519861396355231	0.376461095030728
-0.0839260402065408	0.645312375385652
-0.107071974229747	0.695556028796866
-0.0855598906754611	0.457386812160384
-0.0928701096502055	0.822109059680402
-0.0654145862657141	0.474883302292545
-0.104871533839795	0.622837226785264
-0.0560740111666629	0.410396848124739
-0.140964372661038	1.22724289324879
-0.116337055058433	1.08862253814428
