x	y
0.921697424577091	0.33529426636157
0.569671193687822	0.362075256096675
0.770754262351482	0.864101365411171
0.16866105874578	0.118317976716943
1.30821836140776	0.580823896653826
0.384361392490954	0.174448538504531
-0.115153874383675	0.0616941969121551
0.939086082581177	0.525034649683686
0.692412584824757	0.332378557863217
0.387132504499427	0.31454201574163
0.166258984494131	0.0793365080292949
1.08143424728448	0.544827424797949
-1.95113244394185	0.916841763510033
0.218409251767652	0.12518468945712
0.165970347389982	0.0791823014085662
0.940613853998288	0.526192857884265
0.51824192603585	0.400144996461631
0.384500740276797	0.297460779626299
-1.41483742811647	1.03823256392115
-0.183345151932474	0.0946113815907912
-0.583693463507145	0.356790012099362
0.381619060107096	0.211935628180678
0.384316863833395	0.250276453910905
0.482825953141118	0.46500869192496
0.666626340129107	0.539462545013593
0.291415340196638	0.236620979030961
0.197301208762777	0.186939057999346
0.954030551476757	0.883592754297371
0.518122139339328	0.40008362097426
1.15052136392522	0.735206435642798
0.666361666756598	0.539300862902491
0.148510994607947	0.120432328275621
-0.151541562997697	0.125682446516703
-0.48608015330698	0.344446413676395
1.03205465522292	0.716238340122819
0.130390244521113	0.055711754297703
0.831751661406726	0.703698317609505
0.186829490256821	0.17079931782059
-0.114723049960771	0.0614667628134295
1.75587756983696	0.662351717842998
0.0067903523564643	0.00217391063204789
0.384987486595123	0.25082925720697
0.159378395183427	0.155213645112955
0.0566488375485003	0.0419460981532973
0.383543825477632	0.281876045344162
-1.53756236026357	1.21912609570195
2.44500339827156	1.28613374239014
0.384350938997925	0.232494789498917
-0.0187191526480589	0.00859422588068306
1.27694736938072	2.28758087726748
0.32146038000828	0.318582778772817
-0.45728796769015	0.417443077056562
-0.436359167736661	0.24098714637522
0.632289933096456	0.336652685322149
-0.085470126621795	0.037244902358368
0.379544406417148	0.191564601046248
0.126607721296452	0.0791112190149933
0.569671193687822	0.362075256096675
0.782334503690381	0.520616491305729
0.736180089651216	0.527932841998446
0.389199989515189	0.330825837150489
0.215149757109202	0.21782034347126
0.244084209113023	0.224028220290684
0.727356171070417	0.703827081615552
0.101984697123876	0.0596500420670942
0.380418946163049	0.192101283872113
2.4455678857858	1.286466987483
-1.41562339306952	1.03945385037958
0.260939867167476	0.182303766741129
0.40102925854513	0.669158447973211
0.226608275993922	0.192272053756115
0.149089701815505	0.0989234155608205
0.693160519703166	0.332829202038881
-0.138813074696716	0.0396232165072587
0.549593369460279	0.37635139231335
0.883712588441843	0.706021106903995
0.559356356402029	1.01839789090792
0.400123908514244	0.569416801329335
-0.138491725911058	0.0395242008307689
0.00702425718955301	0.00224761041884316
0.380299215351684	0.192028879544537
1.04345121241332	2.84402135843063
0.645932179735605	1.2361105823269
0.356355187085677	0.503035744466775
2.0328415592577	1.82429326507411
0.595298381499331	0.347868072905271
-1.28129491608913	0.86505460736835
0.781871842074122	0.520322738800487
1.08250906940956	0.545572012747653
0.379663915086749	0.191620495355835
0.133652694287093	0.163560245750927
-0.0130264968724252	0.0126222527728734
0.649869860625767	1.06778440047643
0.296904100822189	0.359770102659538
0.604692520130973	0.761738001076194
0.146246183670244	0.1872278543963
0.121605540199847	0.131786852076619
0.169825053277137	0.170830399020393
1.19805873118007	0.929766795684458
0.130132268540753	0.0555964671395384
0.083485012704708	0.0314037713222183
-0.390365643827384	0.182661226811508
-0.0193429783709898	0.00887149586815049
0.102241433577605	0.0598048335979147
0.0148544671525002	0.00878296558624922
0.781918004031025	0.520347828068038
0.569175431435177	0.361700906016139
0.0694859342598473	0.10276403266004
0.1939569096962	0.272311628245657
0.0795691578828605	0.101062402286788
-0.141371088072568	0.187147021026148
0.0897318486708332	0.103596150395803
-0.104726659426375	0.111636100647119
0.394440716408203	0.406703233546403
0.763851420179779	1.32372923449218
1.00614182000302	1.21062570917731
0.251927147148898	0.464684918608162
-0.0530494613204759	0.069299921827346
-0.426903623700011	0.613124483924149
0.351695737779301	0.46340187681587
0.735768514002829	0.527420610260964
-1.08814011403294	0.502027815343639
0.00668189768782888	0.00214296623646803
0.394359594817734	0.135507846198324
1.90833303067034	1.99377456431999
-0.2491733834332	0.147734590135752
0.384439648829815	0.174502157155665
0.94820151323029	0.708939708769894
2.02102304595394	2.27448965205702
0.131157233788305	0.160142723520434
0.036068688028306	0.0382245472129437
0.620539067417612	1.26332401758794
-0.103556118619546	0.0928752842308051
-0.0422292752156546	0.0303601402347636
0.252920511980038	0.240903783575266
1.34686592862238	1.15628199904206
0.259635487121003	0.255878841365635
0.183265002728889	0.335490867247577
0.217336881372911	0.30180570729503
-0.121244940558491	0.148366444713164
0.65569531520732	0.897794218333824
-0.114289656141646	0.0880707617860418
-0.389759359648101	0.182387947376199
0.00657339541385382	0.00211145699724071
-0.173250351787335	0.0708623006217085
-1.08838782990323	0.50252543592817
-0.271946757622245	0.134275185027705
-0.0188813774915431	0.00866679419428534
0.883613809231436	0.705951380510664
0.213569215797196	0.328786348066844
-0.033341419554595	0.0390897842264766
0.0346772036685205	0.04082013599093
-0.0339907144523397	0.036403222962819
0.121367961273366	0.131390948259157
0.898445302520945	1.48113200665605
0.00222726639249141	0.00281151909927228
0.054746905636771	0.0611028872776519
0.0398905732084216	0.0402404028512688
-0.0517848723577304	0.0438977051425181
0.201633373984186	0.156438177980253
-0.59120752794408	0.453129761635883
0.380007803221751	0.191867148004975
-1.08898589378082	0.502786075903476
-0.131302375731589	0.179791298086895
0.178228394357692	0.23500678298707
-0.21179684366374	0.280752488661958
0.0292841690361708	0.0286987316872901
-0.435299271975096	0.649719935897838
1.28559859079701	2.45021183045089
-0.0144534886967381	0.0114609025014236
0.0280515515336698	0.0217352581531946
0.638375397344545	0.736808905663431
-0.432250042357639	0.54815880357034
0.423934585110865	0.977413307678304
0.521466185487996	1.11818080296584
0.0912039942407912	0.0904723525660376
0.0541786013902801	0.0487463214185467
-0.0407807985458395	0.0292957499193804
0.735963197365987	0.527764906360462
-0.55735975728574	0.244140038228301
0.392227436599404	0.15713875802259
0.940232074320689	0.526094116233645
0.101586530641268	0.0594126956714627
0.0838586887743945	0.0315417448319039
0.735312672217214	0.526974597389717
0.43413215636147	0.768159920322156
0.216025640780677	0.299473746508353
0.155886224006533	0.170133483715599
0.568027644135674	0.998426770459876
0.185617390615368	0.225222414497651
0.439983495111764	0.713341205127114
-0.266477756578493	0.353859353309968
0.392750772164483	0.363064495839482
0.0580349711915424	0.0571960528417912
0.0765454253984585	0.0593664402419183
-0.0635787298155509	0.0351878562942711
-0.630151880112138	0.938074077617354
-0.808172771198931	2.02500202176916
-0.023963223123462	0.025725923137707
-0.200345216725141	0.234277641501909
0.244084209113023	0.224028220290684
-1.46445045142366	1.38178904588022
0.380366685287794	0.192032801183076
-1.08838782990323	0.50252543592817
-1.00215966499849	0.304734599194237
-0.578366195943847	0.304991046538971
-1.30804228201606	0.680044106432216
0.197094287647526	0.103758042868155
2.06820152095886	1.39570837877404
0.779698788448199	0.330681782764042
0.716392456061796	1.03769440551533
0.104794731895126	0.126873216124631
0.945653759003889	1.49531924100306
0.361689882929958	0.554893039764787
0.147772979785289	0.156797574713326
0.298446147385101	0.474834430164172
0.0890030812942723	0.0955889281587533
-0.115107003242027	0.16731395281892
0.501964613098328	0.980899108605118
-0.12586870816903	0.140699120546621
-0.214309461399909	0.273149734681571
-0.591943065012591	0.982651464478697
0.353248944965761	0.476602762378657
-0.184883223886251	0.139840711165185
0.340160551994405	0.393685463165923
0.0634865008070825	0.0533668816727407
0.261982396364129	0.18318608793781
-0.104368833087526	0.0734283735819006
0.0495722676688331	0.0714741813130243
-0.430975834011208	0.867241990130212
0.0123698980691628	0.0123829871683635
-0.183068713187748	0.162352672678622
0.225201783654383	0.19096609293469
-0.463909445752976	0.293531598088991
-0.172633540805796	0.0706266937852931
-1.30813039530621	0.679867277020895
-0.834101218840082	0.336744813199495
0.384673839143945	0.174532180824258
0.78910822630312	0.701283917093564
0.0952540345027552	0.0670266523572803
0.569767628338025	0.362213706599297
0.939390334042507	0.525440763394845
0.569619641870166	0.592348365951819
0.560553873082886	0.603674943064117
0.284500431383914	0.317704627719729
0.0473324180903482	0.0382543898579674
0.00803564714441052	0.00916639694671253
0.139467490647732	0.22727539690584
-0.0515301652330247	0.0524740907555367
-0.000851006474620099	0.000868836860563196
-0.29138122683117	0.462943130114539
0.0357756676322766	0.0379138638688632
0.107596125492088	0.14078571609117
-0.44805946362614	0.717549821813376
-0.147370361138564	0.179877210578511
-0.0817693633964128	0.091634550111888
-0.271713203203596	0.345764202926996
-0.275376040570026	0.257664447846525
0.478537072861611	0.478500065182516
-0.498889540485805	0.60299877701944
-0.811995517033779	1.06450483927165
1.19864144476549	1.44410036911201
-1.09628031152657	1.21172255945794
-0.146703401212901	0.220662058698574
-0.0714165882672508	0.087159879336595
0.480077525231417	0.815426724639251
-0.908257084818872	1.12875356513266
0.386377616176676	0.299267067563008
-0.330000277640246	0.18942069044567
0.632624889421499	0.336955657655432
-0.557074062543211	0.243988580759618
-0.0854186365609999	0.0372336127371123
1.46694483606565	1.57934204688066
0.0947056633534341	0.0767474650954663
0.579472789834361	0.983063432482088
0.641163389823192	0.545244573236561
0.591691626391814	0.571204287584553
-0.259898548432412	0.411083425235507
-0.170941862071832	0.251341668462094
0.0354389059037896	0.0417455918302547
-0.18034411555733	0.201063273990465
0.0189255606984201	0.0169289514281524
-0.152988977195222	0.202392014731089
-0.330246472795501	0.437866428120682
0.375964214524761	0.780866545555177
0.139727453380235	0.159912297108589
0.367242723012554	0.638664311158426
-0.591497662401959	0.947698454856807
-0.0106905417840833	0.0103494684249427
0.194378143305126	0.213738007976676
0.470802243657416	0.504473910158537
0.104737146757893	0.0979776819981704
0.390747173927566	0.346697456131693
-0.29945514631655	0.199284680904651
-0.0581809623172629	0.0455225695408281
0.157491931045605	0.244345984172104
0.256680127411046	0.375200350316089
-0.110292596498748	0.123389958498154
-0.535618545360611	0.583960819531969
0.387093446986779	0.314456189625558
-0.464392245579449	0.293935836116276
-0.390549463242047	0.182830031795741
0.12855017677017	0.05488606218829
-0.527212517247273	0.181872309976908
0.735844133273652	0.527361804469292
0.186161488406316	0.137557150586757
0.235662549110794	0.145604346112402
0.550462375350983	0.376972309777316
1.06933057136728	2.13448101103513
-0.113246114560379	0.0871988868240972
0.159378395183427	0.155213645112955
-0.401489279656937	0.510026835653772
-0.953706594923491	0.754228166348332
0.853540475317115	1.024540987551
0.0207472508726809	0.0256087241122764
0.525559793637449	1.09539591793748
0.347883809275919	0.695417521115762
-0.381048315673236	0.608725257628165
-0.431595202361532	0.546916157084681
-0.180493191269335	0.220589549598148
0.233997348641922	0.351699564739317
0.293191313634555	0.449385924195034
0.100720582996561	0.11142739990809
-0.0487102040727006	0.052241708521102
0.742238976278968	1.18090309044572
0.159432769064333	0.196246109146552
0.501991698548753	0.726160023554851
-0.592183086495795	0.678589865461532
0.0786491834604618	0.0686387477686303
0.580360113001672	0.582185050771318
0.12690799310166	0.079296975255135
0.483621280963861	0.465994441552598
0.441383408646856	1.18652766255122
0.333236294404106	0.554661366123877
0.22664148496828	0.284358147472287
0.00767761869246225	0.00568791543757901
-1.22992388644636	1.49520443372928
0.196780027356607	0.103577238966402
-0.436242477974631	0.240941083882222
1.08225696342909	0.545644191196028
-0.83386970704689	0.336531070045138
-1.08252185848991	1.06382406240111
-0.182161309551837	0.0939563331089012
0.380418946163049	0.192101283872113
1.14033243945415	1.09759696525215
0.160020859943536	0.155898719333553
0.826824349748611	0.864905154135319
-0.825424550802097	1.22472240333193
0.363848439351653	0.590295471471147
-0.227668016753498	0.170434729765056
0.260799848683808	0.257245618522477
-0.196120790857046	0.259936972690304
-0.146768874751967	0.220778263163973
0.14355877025363	0.197734583204324
0.234632165149184	0.307867042025802
0.0197159557475132	0.0176423844776368
-0.00280228078769592	0.00300869156580577
-0.415601986487736	0.708457155829442
0.0110755293244943	0.0138223649753557
0.221074336863057	0.313068186358703
-0.129220181803832	0.151099176293951
0.0535349527476106	0.0481495082573046
0.446707095969695	0.655176902067956
0.845282223528628	1.32798393033566
0.334594862487974	0.36558465915514
0.771440937431076	1.17679189102497
-0.27459332016005	0.256832700747948
0.6329745557489	0.337149175927312
-0.28341404136621	0.297991374436719
0.188351299269612	0.328406360051102
0.111734002332989	0.18173588353351
0.564124602564502	1.00988541524187
0.0226226091490947	0.0189303933082948
0.0447421474317685	0.0281688340360441
-0.587033724198061	0.406040554766397
0.939928071366978	0.525865036762263
0.780835212491461	0.331295807494157
-0.833991967938541	0.336575780117401
-0.743873545514155	0.436545057713619
0.697304262629391	0.533381717138718
0.684296875030511	0.713805963556938
0.395329955136825	0.421304841684288
-0.385294458825379	0.330554541686165
-0.15623865243292	0.148294363141245
-0.12513852102639	0.139752405367302
0.114785024939072	0.0849048173884192
-0.181315609220772	0.181958821375353
0.463380340043201	0.895192890869103
-0.0189206623267596	0.0261060826817026
-0.0292450113857998	0.0381072860258453
0.195793900648657	0.275407669222096
0.240969009192759	0.324011627974582
0.294732799914091	0.452427518830215
0.327714641398143	0.507848734877031
-0.256507414701044	0.452530488821386
-0.158431963137727	0.225340464341503
0.217672009817891	0.302365209801363
-0.362236500801007	0.539141168133921
0.469972289400951	0.868431035811824
0.00203541980154466	0.00187358430093033
0.214565194186842	0.217124519021886
-1.08792586459597	1.79103165119043
-0.18301882573506	0.162307885365839
-0.591969199293569	0.453958851142532
-0.247420681863321	0.274707428775462
0.275661422982686	0.590296131261231
0.115654798129118	0.154780817506266
0.212285534301483	0.322087871570435
0.729509954562367	1.18459396378107
-0.334463716985162	0.289184923659914
-0.679177671248042	0.60512462904876
-0.776436413149101	0.386296542223951
-0.55698719456961	0.243941671319354
-0.58387320379766	0.3570281304047
1.64940670530834	1.45456090997405
1.64908316221166	1.4537494356837
0.292663203989083	0.345258459113854
0.272887854775155	0.201245180067905
0.149315014073913	0.121192838563356
-0.257490551961111	0.314129365110498
-1.16842247128998	1.78142199044322
-0.233118757345987	0.232686846195487
-0.681807018453942	1.65760851665398
0.196961502668244	0.281444017397299
0.369601495321659	0.664380555291103
0.484263597923161	0.792346122918853
0.278596045493497	0.38612091171027
0.145876503425706	0.186695385901882
-0.363615927548982	0.542033651518529
-0.105434162443078	0.139119159535622
0.0790518375274665	0.0947349008391843
0.000173203525431374	0.000172765972258168
-0.181316044006536	0.212176244264099
0.360900237187291	0.553303787725074
0.339596309818106	0.392806910778517
0.322244883976637	0.319575546295977
0.618470698605349	0.928441184114442
0.123583238328519	0.108352830905335
-0.947727337663681	0.942137855019358
0.263740451434201	0.333665387448144
0.456543502062061	0.581370181359299
0.651281943927338	0.727790055026433
-0.248932971141603	0.147564346923324
-0.891444363498082	0.576040672980628
-1.75505874992379	1.59659956222623
0.594813094595454	0.34769206452317
0.130390244521113	0.055711754297703
0.93058373152111	1.19010083381248
0.311402004289608	0.286836898299034
-0.181848392530528	0.172077088016171
0.243409401171019	0.223200970072106
0.398357406199578	0.51567835233541
-0.258383962136659	0.31545130499337
0.17939320931125	0.212337378343098
-0.702959145080749	1.44353780052323
0.00699819101862249	0.0079794186329566
0.0627025983437111	0.0670008534523984
0.474876576844745	0.818107945660678
0.271127323148398	0.434447917558687
0.119547527104051	0.162818045390941
-0.251985327929855	0.373117884874446
0.130049365552606	0.204962863842618
-0.157846170200233	0.224369603671703
0.505942640384994	0.958292167741162
-0.357945034590675	0.643649866816344
0.844645537641869	2.04273543610619
0.0295764444790648	0.0289899795794078
-0.462086498771406	0.689665771436351
-0.742440986729695	1.23140099558309
0.560439673638554	0.816614926953095
0.545830008664956	0.849079350106739
0.531734566274481	0.87726523127854
1.00264572044117	1.66507980795606
0.748828003488139	0.867874781079685
0.728745575755127	0.871415520978376
0.948358467325555	0.709136304566571
1.06674921563909	1.07338712441656
0.383857885973339	0.232115562812506
1.19805873118007	0.929766795684458
0.159007861676788	0.154807574530486
-0.0659238428660733	0.0669933777614915
-0.811005021154407	1.06278611808937
-0.157098761047559	0.157764131611063
0.599482045076512	1.2913982892163
-0.0979625360342916	0.133424404012919
-0.0291124131822357	0.0265039157380792
0.888909812460688	1.62378353457722
-0.966854055660742	1.70909584572799
-0.148764972145554	0.218080127256255
-0.04130979627098	0.0503604905055849
-0.170583361843799	0.250710415046642
0.616869134604603	1.43221473977859
-0.0418109290275294	0.0489383366258597
0.0717611719293468	0.0891602962082649
-0.0327400214601761	0.0453099622943453
0.183071140098896	0.246444263554561
0.174024520732517	0.224809089791365
-0.677754087159345	1.31367300925728
-0.0540554340514272	0.0707168007462941
0.627501497023377	1.09298263646666
0.317020936252263	0.303291515590849
-0.260237675035324	0.210615726324226
-0.134765868672879	0.0838998473119463
0.236311336470234	0.146077269754332
0.390724926897932	0.346712458776625
0.668022820622536	0.892787655197664
0.321819709333321	0.319018758560738
-0.522296977877239	0.779430121570508
-0.150530073663175	0.124764207940941
0.123638935350236	0.108405632093599
0.172635406733261	0.199195885680729
-0.0263291830707681	0.0254602254317193
0.397205207407279	0.450216215615595
0.13864346319932	0.158573670969999
0.399246048362578	0.555298793120533
0.428276940574629	0.881065160091024
0.0711290009824752	0.0832841335573174
0.925550971693108	2.61426235633818
-0.0323892131443039	0.0379347144047016
-0.128699837047183	0.170186785604369
-0.4543608404862	0.752478686171831
-0.0047565715938411	0.00596473977722454
0.0534763709446093	0.0694306512094503
-0.252974527522254	0.322664529387672
0.837001392016135	1.76004827292925
0.258693372409032	0.385025482255038
0.364437035172571	0.601840277204014
0.311155498645091	0.416429150582102
0.391579089826529	0.347575254855061
-0.0219378715543557	0.0124575286315997
-0.182632834864992	0.0942062196459374
0.666618737804173	0.53959039145426
-0.0187842679012435	0.0122377852371129
0.306323299322776	0.271327031162051
0.704426982349189	0.708425947261369
0.396208896335886	0.448661024783607
0.606041057272857	0.562368305188996
0.0221373797407927	0.0185202042184159
-0.349463336431899	0.365602703761314
0.661452167170776	1.06658901732652
0.105225008660221	0.0984795556412886
-0.97916172648508	1.84226442355556
-0.180267829031664	0.220259259586901
-0.0605322577365881	0.0647855535463524
0.0498200874895273	0.0612469926035123
0.279272472637185	0.47090364498531
-0.183049971252779	0.278010264176152
0.370444986332372	0.706540275075329
-0.16972986005689	0.249210907390315
-0.0650994418666266	0.0763463560664613
-0.121576011465285	0.192344699597598
-0.144042063381311	0.197675472150259
0.318333484061689	0.595787037581558
0.54741453481864	1.04672247348378
-0.00361959243594836	0.00406605489889772
0.361083176853208	0.55356748349134
0.2016703332617	0.228076489235289
0.484553054381033	0.793088870291422
0.512605896674496	0.691291748108025
-0.373502345053967	0.243216423094489
0.388953869913335	0.109223498718798
0.219904762473901	0.126183573689354
0.384124945707013	0.282464509813154
-0.0188055190861795	0.0122527306065442
0.392737487677537	0.377156386297626
0.902588040720796	0.873695781697659
0.507710606249508	0.412459440155001
1.57106976056531	1.81500136223456
0.220289984387656	0.12640543655087
0.165918168622242	0.0791423098113866
0.166553413801495	0.079434762960492
0.394227508682985	0.419618750570483
0.0935578916553517	0.0757710287358372
0.0931915186779303	0.0754505205534672
-0.480754485556201	0.663687675458054
-0.232208605675629	0.231573865986069
0.397706393314302	0.476623289240725
0.124286093966664	0.148236761309766
-0.295537200062467	0.293195038736248
-0.401150181564143	0.576376249884052
-0.242667702892538	0.39453483528059
0.0369223400805536	0.0513053636937332
-0.0800782841704127	0.115695050998592
-0.0829127677019615	0.108963600428835
-0.35115552245516	0.614249439730315
-0.503276580730034	0.996864545356124
-0.0974053492448723	0.109229879038976
0.312420585032926	0.680177478938231
0.00942159992965488	0.0121216376967358
0.263279399453349	0.461578572789606
0.126048780820929	0.175213306558086
-0.423496798148596	0.677083050991253
-0.133984454495295	0.163779639095764
0.701345562647047	1.0377771873601
-0.713251299028477	1.10229995207258
-0.591684529357601	0.881966226753402
0.387992914521638	0.315318576143075
0.166842138638422	0.0796111976341544
0.384504839935772	0.250432878749774
1.8846791172265	1.54252667722321
0.594767308870488	0.347535344356724
0.845720848521812	0.518240357670702
1.34714488157138	1.15642630497444
0.379888087503735	0.191776061056391
0.590090243643698	0.962562136654162
0.225926944703764	0.191665831539567
-0.592766388102955	0.494457994324127
-1.15662623794638	1.05073238578392
-0.114703863802459	0.0883981848918095
0.384665488467326	0.232707910954119
0.735963197365987	0.527764906360462
0.220289984387656	0.12640543655087
1.27099733811036	1.47991555624014
0.394170789847788	0.392773880545662
0.149992165234986	0.0995604711192266
0.0342869585347721	0.0241904987899364
1.23167871404467	1.12467328860182
0.128668410297056	0.128501346365104
-0.536305503498318	0.585031966151878
0.0791896090002235	0.0691236531113855
-0.468306195419358	0.724984210561136
-0.182016187977708	0.161272034505
0.0562060932452365	0.0416302962381356
0.582257395682773	1.32154848965643
0.459282810826741	0.954958791314758
-0.154851512140159	0.267655858420598
-0.0732200806215376	0.096124796201912
-0.165806472965922	0.202994680100492
0.169823673718325	0.257210494029647
0.362910743508891	0.578028208337879
0.368027263701512	0.680390700707281
0.399789386761871	0.690004516714562
-0.0938821460668042	0.123616886481108
-0.251859261582449	0.320902010416412
0.130706703753117	0.172596236961687
0.321053739308852	0.477281192733216
0.554258957040223	0.825086471427202
0.186087256280293	0.225853416709231
0.259836866848308	0.256094954649977
-0.22718906608756	0.170047842544254
0.312328319379334	0.287898744893962
0.388827160142778	0.109222251636938
0.393584795097455	0.135144990388275
0.186306819027511	0.137662180492515
-0.114768682734007	0.0614819653852439
0.38210548843586	0.212286728997392
-0.134526132185227	0.0837397579827644
0.921895096884217	0.335398380211073
1.19789678853573	0.929537696150122
0.384193707562296	0.23236397917735
0.16811377007388	0.117869815908501
0.771323615114947	1.17658895716757
0.560800889504487	0.6038965878051
0.883933101946628	1.02755386751574
0.27938713058461	0.30300484421376
0.272718290229215	0.201100423981864
-0.504777439741025	0.638988975973934
0.079019515454654	0.068977763409564
-0.0822161115890386	0.0740367376703259
0.0628184232334493	0.0718120875763065
-0.52611164073451	0.509470652276945
0.0463301497384934	0.0374192774546562
0.427790114146771	0.928774450077608
-0.00707384739158266	0.00973723451516712
-0.012886094328386	0.0172452640717788
0.203485463796892	0.265051718645693
-0.164244172005048	0.200770764575994
0.0401804901889124	0.0455766896311934
0.400448981493086	0.714791925491246
-0.395288759141774	0.61124295152017
0.362496560760511	0.577006110218818
0.0899509456866631	0.0891013704442443
0.197933138441298	0.252019365919445
0.109303867404376	0.092196738996452
0.666767214680659	0.539496935878302
1.19736455363355	0.92857923812771
0.101595273423385	0.0594167671180128
-0.38985152814976	0.182450980352605
-0.299976812809268	0.199695961940604
0.0318302530156334	0.015837540543681
0.383901495041636	0.174160883204906
-0.18145249084552	0.182070881703728
0.202386779893909	0.15706648733875
0.384225359380508	0.282537949964564
0.939694124827032	0.525649369689701
0.922340482955555	1.49045653308869
1.14108178606895	1.73140526133304
-0.486962060456729	0.533230532396662
0.187015811334209	0.138210057834864
0.748493083197821	0.866913201572501
-0.188061501598276	0.129221984981838
0.441641263271315	0.702921660366145
0.0684088848695357	0.0636977384509592
-0.38579901861783	0.575297912266427
-0.0325784800123659	0.036536733575637
-0.28331338915955	0.297870466380024
0.603743444043284	0.945821752497233
0.421863534233083	1.11434682237818
0.195294487530473	0.327397169041202
-0.0296591524003288	0.0373728157353159
0.0553886527577405	0.0618452013507159
0.131244836851079	0.17342629225591
0.18811948037694	0.258504500210238
0.444233673819515	0.679617299449561
-0.379247629095438	0.439672319890259
0.298899097026522	0.253683818789619
0.384504773376227	0.282786699871077
0.126847762762839	0.0792735647391362
0.383917315388124	0.232181956917002
0.224635867881592	0.190390405054505
1.71760308761814	1.89651492211792
-1.414999721082	1.03844019769354
0.727316490909295	0.7037310980392
0.0579642503597696	0.0571151091201782
-0.240096987426471	0.225458089257418
-0.156665955208391	0.148743398507162
0.207394093953759	0.240741370753333
0.236302906501713	0.146094010924253
0.17581562468663	0.154829851351925
0.511623963488891	0.689513300598533
0.614967487546405	0.753672360307567
0.105634343964982	0.0988874068544435
0.201344095641118	0.156219485332567
0.358973269444614	0.539090408030142
0.136944176854319	0.124570925997404
0.326475776011729	0.334891517952547
0.0400142292338523	0.0453822251848569
0.398001111893926	0.515081939565079
0.403688866693229	0.926291754514645
0.0261992790655881	0.034058334604763
0.477940685655624	0.809947529693435
0.359281532284815	0.549856401226139
0.226042502004362	0.19176777898426
0.392677922158483	0.363001857408792
-0.0183267275002441	0.0119402246744375
-0.248836117896314	0.147482087793726
0.222090695831905	0.231761282736832
0.166547609826119	0.0794637199099083
-1.66741737183359	1.05858218675862
0.235699289895432	0.260829866424093
0.159806779972216	0.155674019666372
0.301555765801451	0.375228980437225
0.222987660033332	0.232893257962001
0.395801105823268	0.435147011816493
0.465356283251399	0.531018870423431
0.44268492440743	0.690792503620508
-0.0303175204112141	0.0257860680160492
0.438752500877108	0.738403993410508
-0.527195826530412	0.510760045947594
0.00695457659754534	0.00761964172816223
0.449400581759919	0.630214806554926
0.252970921052286	0.240966255534154
0.0737890900533507	0.0968552276203103
0.229603492048602	0.33831403760678
0.17581562468663	0.154829851351925
0.198410510264478	0.188088514235483
-0.0132410333161947	0.0104992949637428
0.560812050772386	0.817382222428911
-0.13229673473331	0.125840739853438
-0.972674023570468	1.54825246053163
-0.964495791222336	1.25389074472155
-0.95036682210225	1.57045132279772
0.690094591310798	1.04437641559578
-0.829508463086592	1.0366847569687
0.808270532729291	1.3222748539072
0.39527926149654	0.421266183025657
0.14873813303648	0.157938161686117
-0.690721845639986	1.2251951000116
-0.0832917129700053	0.101772146499548
0.214779250329886	0.217380070936384
0.859806363425123	1.47459616390138
0.281100287006272	0.397534065830248
0.0806763355479352	0.0908107884474521
0.397095194855093	0.462944202733304
0.455824696213122	0.580079686519194
-0.143753833301756	0.16070259127527
-0.841995888434555	1.20051075611231
0.304504322027148	0.388377420526689
0.864478714515155	1.32823741958065
0.0450941260675235	0.0283925509547123
-0.128151570963972	0.192374283995715
0.196845790092756	0.306529636761545
0.0433582822959456	0.0569262550263416
-0.0377176616244781	0.0475450390898573
0.00104619855194765	0.00106109011891072
0.169690822461624	0.170664319932914
-0.545682107336808	0.689792135477932
0.354996799020348	0.49014343076415
-0.0991084834377627	0.100346207725428
0.305107036707054	0.389315119550969
0.318287246782797	0.454936948193905
0.238083830880573	0.263999835940263
-0.140606043475656	0.149533896233107
0.871036017217059	1.61894408149919
0.394232598144249	0.419671605253846
-0.0956947582432781	0.080278037348021
0.339396747594154	0.392441290276363
-0.539841352472369	0.620670789936753
0.0804453655721588	0.0905310479835483
0.691814239114095	1.35669397277969
0.0274932930127373	0.0269069528459514
0.206211691611886	0.202048063492904
0.0467557786808696	0.0377805833882912
-0.253106738868191	0.322790187610007
-0.35975764373556	0.573204936297776
-0.115145421554267	0.0887800002340242
0.300210563357407	0.373146383440816
0.21472166766655	0.217314156309959
-0.0606127528401934	0.0648785455080178
0.462720349170559	0.54354960461978
0.324411496141113	0.492631078123584
-0.454691807351216	0.849892361568304
0.230938564522101	0.340796773261157
0.748334117421924	1.4787935440357
0.740139923582345	2.05153776481992
-0.220641536426325	0.336763858211643
0.361979449630607	0.565860112848389
0.334263772658575	0.574405276220689
0.0923477509684185	0.122171741313369
0.0951848303403466	0.119492286709037
0.771487098546986	0.865371248824493
0.229697038763714	0.24711339256037
-0.401794509311497	0.510566976740503
-0.638074097312767	0.841107088228213
-1.02449025114233	1.07568358259338
0.604431029548973	0.761266935134861
0.224839135227671	0.190596698425395
-0.591294553046102	0.746657468691245
-0.413317771450151	0.478209640444137
0.136247685786063	0.123882176694594
-1.09435538406866	1.9272130770351
0.230221018288218	0.295345784591748
0.279290704031439	0.387321028200021
0.318096183415576	0.454541984352245
-0.137343107929155	0.138490374352099
0.0333760392307065	0.0308776724309985
-0.382979136638798	0.508357919520105
0.325581214667758	0.333721203320436
0.230808651267763	0.248523436652503
0.243381267917645	0.277419043821697
0.267298136501462	0.272305988653369
0.442778653552289	0.675707605251494
0.258868178769455	0.31942457853702
0.305848671049738	0.390387807547709
0.310348603355848	0.553268521058232
-0.515057929374717	0.710433224016663
-0.0378429304948218	0.0386009691822072
0.0419548685661845	0.050459554879456
0.549771890620289	1.22043218802034
0.364841836960271	0.602622397528083
0.3521698222909	0.734229769527298
0.457485944777355	0.949545985669757
0.192134567649156	0.238929499677538
0.11328005460831	0.119437274699383
0.861098649931573	0.867683702472718
-0.520194170901466	0.471271151397805
0.170081921745775	0.119345373179004
0.519024343811975	0.400995766230683
0.919188152346529	1.03357064105685
0.68410834982862	0.713547983511521
0.249509788253693	0.164553753833306
0.0143786507649909	0.00850536965360854
-0.228127126498529	0.170849133189913
-0.286591059541676	0.380509701380516
0.177816612973107	0.184315433997265
0.359296178467395	0.539724343978749
-0.0341734245825789	0.0269095426832635
0.00473666488469459	0.003815597505783
-0.0147710963970704	0.0117137747790109
0.233618709488702	0.350920085568115
-0.0815152799987881	0.0826457768461474
0.234540133587265	0.207009030957528
0.826090052623144	1.02217750436035
0.138989187743083	0.143209385223942
0.384132391773634	0.266865615032953
0.840147395543126	1.61879244943761
0.0924586195348117	0.0747966639847743
0.461076639754074	0.557139473948915
0.150231575413908	0.211302452347786
0.191659053002606	0.316214731656279
0.13346639917965	0.201628530269777
0.0537039946771044	0.0754504808886223
0.326192147339823	0.655581065448562
0.352189912402543	0.752349504330807
0.399192654339917	0.641153659618837
0.537181665918689	0.870221037797287
0.380007803221751	0.191867148004975
1.50048129337543	1.20108063321702
0.958980544363097	1.04151830817899
0.592067928749303	0.571753176695689
-0.0638545256710262	0.0353227450769762
1.23931495400085	1.78514724679527
0.666478404523663	0.539362515664795
-0.700627826532553	0.526422050497928
-0.829306809876061	1.03633277686203
0.196291811382246	0.185822122210879
-0.440703289968315	0.583484380241123
-0.436798710707942	0.652560815780586
0.716606847295849	1.03805363203773
0.331455361065311	0.351258000926968
-0.7277015897159	0.781721569422297
-0.7008440205464	1.1636330407093
-0.0348727742210459	0.0373827751712204
-0.090748710252218	0.057494265247569
0.0449245593432894	0.028283646689031
0.0346789381553439	0.0244684649911533
0.220289984387656	0.12640543655087
1.00730816954592	1.05469406423397
0.384380864994182	0.267035946299843
0.230465256043864	0.29570462487691
-0.16628174749841	0.220037287238699
-0.11056288437442	0.105452613210823
0.177012838417954	0.255698631122332
0.107941421547905	0.14129583521419
0.335287497265559	0.57670026364221
0.243520617340231	0.476948606358542
0.285517423155261	0.412917698221245
0.214572674502399	0.330826590008784
0.0663050682195525	0.0852320368991606
0.172962490745488	0.223207303853196
-0.0823726272259395	0.0741895344359312
1.46655391522961	1.5784849876842
0.470683601158973	0.504268438945086
0.382683754916945	0.212589331965569
-0.83376033571481	0.336583209390257
-0.1551717038529	0.147121689823752
0.77232103756492	1.47766543306158
-0.878499807941021	1.65747655469874
-0.0716798885927456	0.0604234163916585
0.0936071902525164	0.0758101143462046
0.136347661620697	0.123972837222184
0.0718748911124506	0.0479248530973802
0.253702556460286	0.304986954685559
-0.443853801506936	0.377545507353093
0.30022740825716	0.255056131867553
0.641163389823192	0.545244573236561
-0.638231263739065	0.841348841655042
0.386793752148097	0.31414450050696
0.272591288079996	0.200913130644951
1.8229279993931	2.15972028819501
0.311360995415082	0.286782837854927
-0.684345123163513	0.940860761839865
-0.000283571382889646	0.000315133955858371
-0.000440081809435245	0.000450419095934522
0.341141912474936	0.40517811488021
0.171287660729911	0.197378174493678
0.330306961444692	0.530818875438053
-0.593209988880994	1.24314342047019
0.33059563394429	0.540255211911119
0.161420992342506	0.219700056769129
0.132813643389037	0.188448974565487
0.205265901128282	0.330956068056332
0.358601138702901	0.538293625940656
0.356772498803236	0.514032882050887
0.399190692313207	0.779848728640197
0.393646729563056	0.392126212209249
-0.59225130793896	0.643350387263055
-0.214034733464672	0.188747610785939
0.8528615747221	1.02319323561827
0.47149503000134	0.505325623609965
-0.314611125402227	0.329920431135902
0.930813204047426	1.19081071951029
-0.240305637362441	0.225698719336313
0.342532396601118	0.407388946443607
-0.164244172005048	0.200770764575994
0.311172201264914	0.416438773562492
0.105107777047109	0.0983580623816152
0.330389732316654	0.349975437981733
-0.228293927483915	0.171003552939741
0.00275052062213775	0.00238093782121288
0.14725024207053	0.156156042904136
0.322028129899257	0.319257924146706
0.755365177274364	0.701900959892953
0.704426982349189	0.708425947261369
1.22080618056131	1.61417096037662
0.666751119143543	0.539687893288785
-0.239301719761169	0.162109170898922
0.0937164159752272	0.0759084694126878
0.474626704737985	0.491829272592192
0.287546251994379	0.329762601570535
-0.682966051840063	0.938004130526558
-0.122522556369262	0.130545298612629
0.0507500643754555	0.0624683937847295
0.399381927632925	0.665392849134538
-0.557691488971507	0.863553898055465
0.178923380453216	0.211713806382843
-0.0253596958428976	0.0245062561272346
0.579300182482132	1.33235170056892
0.497944748933887	0.986452169576083
-0.151656896179145	0.193245482652408
-0.107582581075367	0.146579256320014
-0.00327567340191654	0.00410714588749149
0.0364533402140746	0.0469262858694465
-0.693206467182582	1.83026966415404
0.43832038136793	0.723619223967531
0.361746675906656	0.565185919658465
0.487524096544892	0.782843379336748
0.637123014207326	0.735017484131673
0.214446554027659	0.174211840638275
0.826133617586702	0.864145626116297
0.860642513534161	0.867174044156951
0.397663091994306	0.463600900154838
0.972919924439777	1.50502007000428
1.20457839057222	1.92263209389561
-0.493550106970525	0.56892645277844
0.467430797270813	0.516961107148567
-0.470078018829715	0.45835668959746
-0.641857670750131	0.809474827341115
-0.130541437529161	0.152810925356386
0.10191205420695	0.104207044878224
-0.251380923579547	0.319989686825668
-0.0850950632303332	0.0661274302101821
0.771636102944846	1.17723730833071
0.242569533026706	0.276316410947749
-1.01740330247924	1.37938461537402
0.272748881608266	0.20107978831845
1.09709240642122	0.910965613187867
0.381943315219466	0.212186929048949
0.384074631825796	0.232296236286305
-0.593332469371956	0.495212167816364
0.384112344658447	0.250098737193349
0.201133698519179	0.156039149314289
0.0450941260675235	0.0283925509547123
0.449850197390156	0.631024746885482
-0.163904292812862	0.191963472604734
0.201424586418788	0.319346368854783
0.321560989739962	0.318727702809757
-0.352159102097453	0.505089553942541
0.13289055077593	0.175882679004892
-0.171824755131042	0.275605021457716
0.226642646679613	0.327926156190587
-0.182095646478021	0.316834646718791
0.196139289142583	0.305237313755029
-0.222175048263889	0.378666658940455
-0.194387682783996	0.295428964521222
0.186651763779665	0.30252537728974
0.555513231765524	0.827754859075959
0.518503014739763	0.400492999713737
0.883515048067619	0.705770014334082
0.38210548843586	0.212286728997392
0.532812628396835	0.38928162597619
0.518442988358702	0.400498978562648
-0.135005646547914	0.0840566873298067
0.526381823034693	0.658220937106994
-1.15712649817497	1.05125793569054
-0.839988397275364	0.614217974012881
-0.531829961485171	0.548017569158822
-0.0505596219598082	0.0428338857401939
0.764756762085999	1.619826234083
-0.30516243590423	0.371798659616907
-0.452509179592755	0.522948354901638
-0.662182585757088	0.674108930553554
0.898816190648158	1.48203984845945
-0.116316415853414	0.1363456542373
-0.14067853002026	0.149639808862707
-0.939224030455171	1.10767036071213
-0.502752662651653	0.391520211442136
-0.0555778317388533	0.0534367834509544
0.488216042172634	0.452215227579466
0.249949712287687	0.164838147154995
0.311319942558853	0.286708494287085
0.316657024865387	0.302839705383516
0.0136075478088671	0.00805503065605351
0.711505438257417	0.876867550899834
0.321769581005835	0.318986787108261
-0.0417373904378884	0.0299991067325675
0.580404836294051	0.582254666997794
0.109879640791953	0.0927168128187257
0.465985218813748	0.531944104279152
0.605009175554823	0.762304805432382
0.662108479182422	1.2266507469466
0.274816999930162	0.289251929318061
0.229481667947883	0.246829679028796
0.0648037277889053	0.0787974796464574
0.254431445055741	0.364930379492451
0.0698115499108662	0.076418706423563
0.160547118158606	0.197880705843039
0.221677197663045	0.314118395605138
0.16072856606432	0.198128645915344
0.0981049879482228	0.138989984852418
0.586002565669531	1.31265380372828
0.154475828470687	0.185996326233721
0.274429368783725	0.511711092046916
0.230687177602663	0.340379700194026
0.385903631502493	0.298910001258298
0.499884464907524	0.425322461204668
0.149787928788782	0.0994162068562097
0.532303505120462	0.647953311178034
0.560110814045697	0.603008389896887
0.474103709030726	0.491038160957027
-0.0953272364781126	0.0799475299335351
-1.16800724567378	1.78062365908711
-0.228815152790613	0.171430578234648
0.638050377296687	0.73661586665237
0.796535977330104	0.863210955960857
-0.342836547048654	0.435554539369095
0.293694554883648	0.346731641155975
0.27786535591118	0.300980843068419
0.292155236982493	0.344472117669245
-0.279722067608847	0.34077998764695
0.00210918997560099	0.00194088252638929
-0.206432284056443	0.206686617088804
0.336873057536409	0.378787006569948
-0.360301161256929	0.438190058415448
-0.331724230176521	0.366522563322871
-0.0165580100810342	0.0120164133709951
0.68152466081872	0.887972496784742
-0.090748710252218	0.057494265247569
0.532288687839564	0.38880943783942
-0.668941290806034	0.63837308843492
-0.592680827331197	0.607294078334704
0.384248198478486	0.266891278155788
-0.277383179399773	0.205459804578473
-0.851807789613134	1.01133801529827
0.0450941260675235	0.0283925509547123
0.749118458291631	0.868010955815032
0.0781791059587211	0.0682003200569983
-0.122503176536109	0.102239753183407
0.743351229336954	1.1834319246182
-0.454542942712266	0.652373887653679
-0.0458908699423901	0.0416484853949832
0.00225970791715981	0.00207859096496096
-0.0747934954028101	0.0799859023704502
0.485390925729765	0.778104780766995
0.073667594655513	0.101453269355016
0.398844093338	0.767750967524726
0.462919534478849	0.90859476658867
0.124500382085924	0.181791640940281
0.0207878879754452	0.0294023600955977
0.444524619215833	0.680212699077032
0.388743569283144	0.330366750675055
0.569735019811522	0.592632952006185
0.53877395996788	0.637595932908123
-0.977133785238347	1.08928760367502
-0.0524088885350894	0.033699100642886
0.605479777916669	0.561836138367674
-0.860568936467234	1.17559079908281
0.243313463737701	0.277344289081917
0.511529167115048	0.689315286520564
-0.684132115776056	0.940476803578974
0.730050769850074	1.18555438687864
0.112831075395864	0.118921683570084
1.07819313778612	1.99615874604989
-0.220658910077428	0.180344389127333
0.214078968194774	0.216517074570235
0.197401824053044	0.187044879857386
-0.220008002601501	0.179771394817543
1.85830063182911	1.11323995761515
-1.53713264294644	1.21851872116635
-0.0181867011482412	0.0083537744323553
1.34670907835428	1.15598550847982
-0.427277307375114	0.336519788499293
2.1674387561525	2.11675043695136
0.387797556172385	0.315097459718802
0.666751119143543	0.539687893288785
0.163497016970322	0.138409929641608
-0.539852522330215	0.620555420349854
-0.0700193576956269	0.0497645274071936
-0.0581321448685394	0.045484780596366
0.296035217379434	0.358289462831159
-0.0420698412455073	0.030243258538251
0.80805468172052	1.32159099562182
0.673155015747965	1.51568150827315
0.122639330356463	0.107392368656528
1.10055793548372	1.71076303218965
0.219693480972064	0.377959291682434
0.255706396730463	0.373406339933811
-0.442275177815214	0.955312949156118
0.363714331417124	0.589973745025843
-0.123736391108933	0.157317253275298
0.171519546617374	0.242830900649528
0.209483744471548	0.243661303295001
0.887403552059515	1.33390647899677
0.382059675491633	0.212235046293899
1.03229746290453	0.716386724301503
0.0328543582601426	0.0163435446561217
-0.0629302001923287	0.0348252092274192
-0.172173707179262	0.0704100607810889
-0.0850950632303332	0.0661274302101821
-0.0122176598559805	0.0104349663150403
-0.180400026071829	0.180884089356834
-1.25215318372211	2.19378461573894
-0.0835991810760563	0.0753619918045584
0.0765025262573463	0.0593508378080809
-0.260274718444069	0.210712910118507
0.197470196368554	0.25130574532955
0.245500658727877	0.225523519354454
-0.187642112026625	0.128947045713597
-0.80553217348619	0.651961383428757
0.0345751434319857	0.0243870263395937
1.08207326636904	0.545410981071068
-0.114866662670734	0.0615471926947323
0.032263593886101	0.0160530503914176
-0.464150850959954	0.293741829852682
0.250611807681636	0.165337932896455
0.249890684094212	0.164841428016307
-0.781318571835237	0.688659654877029
0.224233676335585	0.189964029889853
-0.249588772410948	0.218848116751925
0.299909187414331	0.254715129028652
-0.0919360363521555	0.0879989162952747
-0.661779949341653	0.673607302008448
-0.222528743644336	0.247157651359287
-0.153344003675776	0.136519293970447
-0.0958452995964952	0.0804166102826914
0.361730762712895	0.575499056858288
0.330132815674883	0.349656692406254
0.25996575093	0.3873828193064
-0.403196763835564	0.827387455457219
0.0402573833854124	0.0544315736189791
0.400667927753904	0.749893359344333
0.0336902754950838	0.0396126154885189
0.075811709495439	0.104657761484733
0.440075348045393	0.713611439473693
-0.162139819681219	0.181140475565096
0.647147177742429	1.23945564744714
0.516537543425955	0.679650984802174
0.335662557459934	0.377102794312588
0.394549193513994	0.406896001357638
0.592588953996665	0.572311666614489
0.389148735446968	0.109285725974399
0.594570422603698	0.347528657313905
0.220146504877989	0.126321959628399
1.17186945487776	1.27215377071307
-0.182595979302323	0.0942067543932056
-0.104014121218838	0.0731624085156438
0.864866138803106	1.32946224137363
0.587433742723143	0.779341688682643
0.00475775864720413	0.00410467033147483
-0.0350667319343271	0.0276336798505746
0.321986091312558	0.319223226198413
-0.14267997691398	0.0992423074798941
-0.18165931189373	0.160937396185689
-0.364861378829436	0.402344398067311
0.0143330849519952	0.00847952787363233
0.237076106812065	0.146598923059047
0.385271703268408	0.298218691564263
0.166258984494131	0.0793365080292949
0.532421672899551	0.388933627124438
-0.372720620210223	0.242680985048687
-0.0211761514362427	0.0120307083287827
0.954037959333013	0.88366843999349
-2.03153622847783	2.18984212164269
0.0573756796899836	0.0425249025475319
0.0350836349556839	0.0247594325025358
0.0283688054718277	0.0219838829955258
0.397921148947676	0.476968851765815
0.0447293906764951	0.0281619491634537
-0.271738721221805	0.345769837548429
-0.423504770786382	0.513668097688343
0.00263390477371819	0.00242055144085692
-0.135042351925858	0.165244688690045
0.253071559158572	0.241047880389736
0.242721522474205	0.276536162121292
0.685826977067052	1.50151565639859
0.153615663222914	0.248828784020084
-0.399187884208729	0.742126547833403
0.237996348110485	0.448297391483877
0.436057906618463	0.759668520529769
0.11541090420486	0.154398490222821
0.0571767499671619	0.0679916518119798
0.296242710044742	0.358731675783209
0.167970097559616	0.212076407567857
0.0326499272842751	0.0301931822580726
0.0931420476539866	0.0754075393289066
0.123101713073708	0.10787333904856
0.380658275331071	0.192194639711006
0.735431857702904	0.527312093230812
0.391975467353213	0.157115616540444
0.922267143569276	0.335532055324165
0.166986496782572	0.0796847627732679
0.0709752634293027	0.0472994724450921
0.197154631898323	0.103785078945911
0.236827008341957	0.146438288652276
-0.273762522302499	0.25585391759981
-0.0854988014431718	0.0664531059350029
0.108417926469426	0.0913793763514028
0.651759106647848	0.72860150361304
-0.526472990934628	0.509945679424723
-0.389860306753884	0.47316637022417
-0.492380199525438	0.566952761021894
0.383985266212178	0.282332807211575
-1.64992282337523	1.40463154886101
0.168309043773377	0.118037477268078
0.384291402965499	0.232460380266868
-0.587321173779376	0.406393743621821
-0.278269340568904	0.206268642627317
-0.239210997176404	0.162066058462592
0.385903631502493	0.298910001258298
0.0141289091183749	0.00836045154881416
-0.850391170478499	1.0087665865745
0.638453978947003	0.737185562285806
0.0760193398658649	0.0589642304212207
0.0781221325425138	0.0681505984307931
0.266942113102803	0.272043942091236
-0.331849876287531	0.440771729360957
-0.0593784290746939	0.0464877407747717
0.461348300365006	0.557559625567968
-0.0653966843164621	0.0663886010674117
0.0189059144714124	0.0169122371180123
0.402419988682599	0.877618662774464
0.427634716202724	0.928346850424014
0.0282239882677434	0.0395539330035953
-0.243461266585645	0.396152394810765
0.164856388499527	0.245148932777951
0.178360738366585	0.258043628234733
-0.236975128252742	0.289452251622707
0.186328068907553	0.137691157598634
-0.905228674688283	0.786142271248799
-0.272235731413024	0.134419762727605
0.166888353217856	0.0796421959823403
0.249509788253693	0.164553753833306
1.08225696342909	0.545644191196028
0.338002388606846	0.380382990369702
0.58038244910569	0.582245333763651
0.39073869504162	0.360669540755449
0.356046356090454	0.502430585484879
0.0783784628389878	0.0683843275058984
-1.05932753265182	0.90112845594716
-0.742000647639226	0.749734857170119
-0.526229071649901	0.509601314906587
0.883999043723778	0.706397345220266
0.384410584940419	0.232496130469265
0.197529234441591	0.103976928781629
-0.01876482349754	0.00861389005014956
-0.390292597922951	0.182683575221982
-0.405845992158805	0.29312356086688
0.274126279210987	0.202169058103785
0.781181173857067	1.02343202178085
0.148568676829912	0.139905870886916
-0.0283684948998229	0.0258180558802348
0.504733993917527	0.713431678941719
0.326469869935251	0.334771616194369
-0.104226348710655	0.0935555251440971
1.11399636333197	2.31261495021075
-0.318000533322996	0.404586393891317
0.354395772059358	0.489083336477156
0.614680720063955	1.10986793854427
0.442770709947726	1.16670416557897
0.347113016371766	0.693159771141484
-0.119923017642476	0.20016962836413
-0.123649875170896	0.196180012220762
-0.0134648484261586	0.0163538556981607
0.402127381524642	0.887720027176633
-0.158706966361392	0.23279159212474
-0.18005198836024	0.210428043273842
0.346420973506819	0.433768129556138
0.620844773245195	0.552153770954049
0.38441427937519	0.250306242079166
0.38210548843586	0.212286728997392
0.384264598714541	0.282581434743212
0.252603457418642	0.240548797618644
0.456602950211346	0.581497471088453
0.279133041752175	0.302699290330658
0.222558200310725	0.232359238268364
0.112461464018092	0.118483220589853
1.20450359326432	1.92266837927366
0.0350099917380816	0.0247086437173356
-0.443332577271541	0.376878642664608
0.00804120944158014	0.00595494453248656
0.789288190984197	0.701658382276565
0.532804517631611	0.389277121255338
0.261210963308023	0.182548741178366
0.703384225662934	0.706808970643936
0.178275124660898	0.184871655374147
-0.0286067620393266	0.0260339235415873
0.00442439644674926	0.0038183007695772
-0.0145585030483295	0.0115453609358983
0.138346438789005	0.142471456248425
0.21472166766655	0.217314156309959
0.169461601142703	0.292406187331046
-0.162962533882463	0.261213625649215
-0.69494203062274	2.13350678786269
0.187640682079006	0.326866563875729
0.0259513233700289	0.0298348146471307
-0.0325438738198892	0.0364972812276372
1.1727684597587	1.27321740544414
0.954427415859418	0.884126382427707
0.101595273423385	0.0594167671180128
-0.0904068908922021	0.0572661444838066
-0.0517277795459449	0.0438516341248967
0.468171881549162	0.518160595417
-0.535416295992464	0.583634474990607
-0.441773712429142	0.485027867821175
0.704088405515709	0.70795969946851
0.0722762431184934	0.03921341407439
0.954162863040831	0.883821407285261
0.49686266675345	0.733211247254463
0.544936532936462	0.625828748327225
-0.0516281181280397	0.0437590613622649
-0.333126041787982	0.329615435825378
0.292578665732629	0.345099084591174
0.0677733004488095	0.0630806628481934
-0.401409297003322	0.44173637960668
0.579994124214923	1.15169247474666
0.34509764742822	0.670362218344231
0.492343152830096	1.00199067277294
0.295009059101515	0.547276718976736
-0.0636744705518777	0.0886807714296551
0.377026358756966	0.8441892814525
0.170287645716008	0.277661677330456
0.0925716316810385	0.122501131553931
1.05118699311522	1.22411861876938
0.0718459274360917	0.0389825240431775
0.385086213739897	0.298169823663592
0.696874748260865	0.53249038241412
0.330176372892519	0.349687543323028
0.399396438485964	0.530064579349268
-0.467004532163438	0.59173840138931
1.08793089106032	1.39497688160326
-0.354200804503169	0.327579752399386
-0.403136966815955	0.370614892983423
0.249650224677223	0.16465867970391
-0.261236457711548	0.211663586864838
0.457659074380847	0.567563227696008
0.333911311295977	0.364738121651424
-0.64460647504004	0.774311329803385
-0.332286916420462	0.404601801158061
-0.209201477056545	0.197197440180545
0.0331065157742983	0.0306249445875721
-0.0312449647620165	0.0394452622081411
0.00286147692956538	0.00361101069919439
0.298538075350974	0.576794691752987
0.26247638430422	0.459670676436884
0.136690251072269	0.197241473500207
0.241360366167079	0.466285776153889
0.34255112658766	0.637833609235492
0.236169732075341	0.145997444516298
0.168749545921341	0.169571202273272
0.550394794885618	0.838069908660119
-0.0424178492072482	0.0304821902526095
0.252704321214998	0.240629105227625
0.0670952912367415	0.0624223079711907
-0.274287581912773	0.256424792712382
-0.404128229601034	0.291619870295729
0.213882618491046	0.173695629976342
-0.0142443987413214	0.0112959574236468
0.517781492558566	0.399792589356243
0.385325625429868	0.251056245738229
1.09768358802437	0.911660855748337
-0.0903404824085008	0.0572329079699311
0.25349690925981	0.241536187905537
0.13240727396658	0.102679067372903
0.299737895331622	0.25455071853123
-0.127600005345705	0.114080672985448
-0.510527228275572	0.675206801748495
-0.48578970653068	0.69768161763054
0.214243915442069	0.255500197804933
0.153960549280487	0.235101399273774
0.128348915351109	0.190456711246816
0.191081722016738	0.337949251495413
0.216736754882041	0.335005118892801
0.195919961352489	0.30480851751991
1.0184446875458	0.897059072700867
0.66648633303356	0.53946197676934
0.703749965325258	0.707361267592108
0.148710891066308	0.120654855002621
0.846870229379855	1.17506256737295
-0.500851745917743	0.606194573984525
0.0285768061087479	0.0221455827436428
0.333269252225816	0.363852988018118
0.252812405793182	0.240785044867852
1.00167898226992	1.95503539414109
-0.457086582841011	0.417213636272637
0.860327018194352	0.866766748575293
-0.052226508733155	0.0335810683214121
-0.18089506341393	0.1710299997164
0.948358467325555	0.709136304566571
0.506872690408571	0.411536364424578
0.641644035749142	0.545748977382288
0.23591198678576	0.145813280534647
0.0712676817230509	0.0386648115988635
0.467538508201004	0.51721843293813
0.116792427802912	0.0864804666169085
0.0723832047689752	0.0482819940494188
0.195121763828692	0.214696247304682
-0.751821355967782	1.20436822447114
-0.0548513501559366	0.0526873773998359
0.475202336354783	0.835319961539988
0.797466189087401	1.47355066951955
0.132177226022944	0.187336682210293
0.229347577449789	0.41318607399615
0.0861668945902783	0.12880476753598
0.125829386453305	0.174871778725673
1.00543264741215	1.20958910233199
0.846012382177584	0.518287286450567
0.12722757867006	0.0795213094723885
-1.36457759110601	1.20691961439594
0.871883627235187	1.17942944914329
-0.591525063252627	0.677913646014798
-0.0137731176592714	0.0109197415131088
-0.660708975737454	0.672050819329524
-0.209885276432494	0.197925079739799
-0.510342502423287	0.675127362668899
-0.401098242645959	0.509074893210273
0.214924416701289	0.174624004846295
-0.486203273812509	0.344571853234149
-0.0706393428238413	0.0502432793944982
0.0275856650250402	0.0213716442252236
0.704413600724949	0.708354825750464
-1.15713766091188	1.05151414523097
-0.187684770912977	0.128983751372794
0.47393866881618	0.490738006376967
0.394549193513994	0.406896001357638
0.288099912875332	0.330545563345766
0.0938256664169429	0.0759955881973439
-0.155711383420206	0.147719085602294
-0.301376275875232	0.333587273572206
-0.451443470616075	0.521455172152383
0.440046634257129	0.741339568707038
0.273056464492868	0.362464508531193
-0.341825187579969	0.508897950672212
0.00326143060753087	0.00436863182149752
0.283358775725493	0.559632026453814
0.461781139476968	1.30499659337606
0.342692737634473	0.81231297850848
0.377774849361889	0.866827059354111
0.218848962679567	0.304389723603212
0.16867402668618	0.118322624603874
0.621569474513966	0.553067294327612
-0.0631878242340126	0.0349692692370032
0.0723962478058464	0.0482862900567543
-0.493550106970525	0.56892645277844
-0.810064033859639	1.06070782996936
0.342807904770677	0.407772622440469
0.781535781350949	1.02437401071131
-0.135504269057854	0.136381551295871
0.038631363889594	0.0335380931217637
0.304509247920709	0.388395979851501
0.46843103777807	0.518576189607157
0.0757005361763984	0.0586224504915483
-0.867422019143121	0.813623875943448
0.116356972907872	0.0861454472476802
0.947669916789981	0.708088551865043
0.390037362817677	0.345848902005715
2.06837509567653	1.39595497130074
-1.24058656537259	1.35755510184491
0.0718358620707431	0.0479078935232958
0.321978087946949	0.31923610972581
0.283735816919669	0.3166297492175
0.124429221952542	0.109149186737983
0.694694468069605	0.880120486568783
-0.0261879899847135	0.0253246995602563
-0.233218958528365	0.232831150369837
-0.547802245883826	0.693421902081407
0.435720292541987	0.75883091065538
0.0687593557025959	0.0697896133794923
0.0998631544975902	0.1103725699137
-0.0293381805849448	0.038220698351709
-0.407081513267158	0.974725558417399
-0.103090248708333	0.158275139778606
-0.319019611687623	0.585146145543558
0.0958875069424647	0.148132455853854
0.366013839103056	0.605135997923877
-0.0509964625281913	0.0519074895484969
0.478174900129663	0.477998300090472
0.391100703511947	0.361161301041461
-0.0831134006281402	0.0749019118816006
0.252761970304305	0.240729951420088
0.455742224063231	0.579944673411877
-0.487000547837276	0.532976281141125
-0.649506007356529	0.741547873561051
0.133493621186216	0.103612918651465
-0.0822695526908644	0.0922554215085271
-0.518715864300029	0.744769225442579
0.0728918272080782	0.0486209541324553
-1.2485490054895	1.20638087007433
0.0468137828917773	0.0378228050785098
0.62127169690376	0.552609943865318
0.902828586925785	0.873990998583526
0.48807164080304	0.452005598468369
-0.0703629820625076	0.0500368855677373
0.918849937283956	1.03297592534862
0.273070302796222	0.201396799012611
0.115751919998456	0.0856856789584318
0.865080008720366	1.32987426516746
0.728125362560898	1.02861848323498
0.390536341692347	0.346509131644196
0.0926262392360397	0.0837835506866756
0.881907535143708	1.76935765249135
0.347623742136222	0.446036236197149
0.300887454897348	0.374102665930288
0.308448115318852	0.534138388915281
0.1681502738156	0.168885215990581
-0.217689213475105	0.266125862844278
-0.03825972822857	0.0545564400769668
0.340146155181946	0.80432620054768
0.713194942844588	1.91823418523868
0.164503086654637	0.244543921371537
0.0022929546629485	0.00289423694230873
0.475248046790099	0.835551019996494
0.28608172630402	0.499272049044961
0.254846213055992	0.477319909573739
0.654764728457265	1.38479710167412
0.200280318091895	0.317126823525426
0.792690141888193	1.32271573669188
0.232078625011795	0.298280651690885
0.399208224555304	0.567696514635722
-0.182810268472006	0.162104239003659
0.353100977226079	0.47635782912949
0.737504044954958	1.47983708118044
-0.163627403802428	0.191565235695894
-0.478680539059408	0.495738990087645
0.291415340196638	0.236620979030961
-0.240196662332372	0.225587528772384
0.53254661418515	0.38905604434496
0.237217980939811	0.14667703331099
0.63800914776467	0.736495846433306
0.080231120980264	0.0771585079879317
-0.314342145991371	0.329566535233792
-0.542397284708965	1.01928165187576
0.187045470611356	0.199903326977891
-0.18100897106298	0.221327698846829
0.302184999636964	0.593529513939574
0.668590291446419	1.0552578334726
-0.162364307255197	0.181416728677901
0.181012535425727	0.347521674125323
0.0380020901510446	0.0566079247111292
-0.138923631845284	0.244657566680374
0.247567700129201	0.44380252191615
0.529949018626962	1.09095128118083
0.553728042233197	1.59963510853237
0.310061521038622	0.767610564081094
-0.285904532389537	0.574862099671224
0.0910146403133173	0.1383322836081
0.399772033546268	0.769767011868829
-0.004367092150748	0.00529554307350166
0.25008150703178	0.410254138221609
0.322627560665162	0.4802012787988
0.188990104600545	0.260020332211167
0.555319966546888	0.827184933063681
-0.197707891083693	0.272559411194409
-0.646588433378913	0.777637530020607
-0.939912311717343	1.10872346342468
0.0332415248977969	0.0307538671842944
-0.424850809921675	0.748596289146552
0.399986778858768	0.556705489187268
0.388700341882633	0.33034626160266
0.0354141790681126	0.0249938021822586
0.236967913049156	0.262583827994459
0.250230914513944	0.165077034167763
1.1869181739106	1.75559447537815
0.300025534508583	0.254868857857458
0.516558943632244	0.679794330803302
0.461908618799094	0.542153684840632
0.0455361301660987	0.0434828446500233
0.296986997389214	0.359884991359579
0.0656573016787045	0.0843327217931545
0.35214126391156	0.464134559898609
-0.254007029098929	0.377051475561478
0.33238997818927	0.713856726370463
-0.939433244555756	2.04161452388262
-0.153858146929633	0.203745104118683
0.153334251393201	0.276271429425122
-0.231558127060708	0.517722473914803
-0.209654411449736	0.438192626998366
0.0354863348675967	0.0540890941405006
0.283212371766597	0.559226319013128
0.756306424658192	2.32402338239054
0.350687749119319	0.998366700673086
-0.2197011193805	0.461947510397841
-0.437880508613453	1.16104515592811
-0.169402438694276	0.327446738527368
0.185996546323226	0.323303582970228
0.178551161346795	0.279900378142769
-0.249606839347344	0.382509861859948
0.426925602176321	0.889145073466244
0.122942980885055	0.146405170920187
0.197842338683244	0.251878358200334
-0.243096173259902	0.335220870949337
-0.346983620882612	0.40254347967974
0.505258186839941	0.714421820328685
-0.0900495115299542	0.0962338181835985
-0.283317809812212	0.503094296450822
-0.237121759027037	0.289648955893643
1.38129077225616	2.5328858007373
0.176123359475534	0.155139110214612
-0.227615338504371	0.240212413293066
0.549719899103517	0.836718562214935
0.333326854476648	0.363946950036833
0.30616407516362	0.271148397841454
0.508067111522794	0.701276079466584
-0.113492137600759	0.0874101665712737
0.222558200310725	0.232359238268364
0.349191696775308	0.448779990080427
0.765036249117667	1.62085706289722
-0.317715083985538	0.369233183921046
0.577139964636053	1.16518508321604
-0.0348589565077901	0.0391880520258504
0.277388673158541	0.383895267161759
-0.149691755317332	0.183140801861135
0.201707690568672	0.319861270363158
0.124655161959895	0.161201312262003
-0.215041883235377	0.357447112010234
0.29172441489009	0.532520770843648
0.285509224051384	0.49801124921099
-0.312129051035315	0.58625948147309
0.0177327217794782	0.0225624907081035
-0.467306463106801	0.945793794780182
0.256299536246022	0.542349462843483
0.170687183289967	0.278440213004945
-0.160772018506214	0.277377337873397
0.25124532992847	0.457673889837266
0.060364701992557	0.1026608335596
-0.347872506249481	0.854092970097606
0.241715691344192	0.508556826322638
-0.195572601575032	0.399275295358272
-0.221548748368068	0.398984338599929
0.265954030008678	0.533896786678137
0.47103771265919	1.18720692860446
0.592295696134729	1.47528605338774
0.265094310251501	0.471498484764247
0.258572063565407	0.31898050985648
0.63579746427776	1.08755047651302
0.694784626718065	1.79664845942623
-0.372799199760431	0.575792164528834
0.287661208612403	0.424152925710137
0.179619979772744	0.212640469589083
0.121948011345244	0.166549910653719
0.590753866259656	1.30725828969018
-0.0439783477840616	0.0516005440020257
-0.36673665894701	0.506943993354121
0.0698866342569226	0.0710118141479261
0.125558096572974	0.162537840301382
0.129833132234909	0.144528769085507
0.109988288375766	0.0928233970278512
0.235270837675866	0.207759415308796
0.118062629486685	0.149381691155138
-0.12602891616695	0.140908621591245
-0.0716756590414094	0.0875092511261944
0.0631041991128077	0.0765820420002573
0.104155386535653	0.126000664905579
-0.231180306281973	0.375585563865895
-0.182063915555259	0.250431900261466
-0.138084127198433	0.207755042166935
-0.33916324450604	0.672097477349997
-0.0527783746580475	0.0778681476193773
-0.0308846367625918	0.0426217594436315
0.0847359622021281	0.11542843353783
-0.22414119500096	0.443411183793152
0.175468374617161	0.291273323460302
0.124582218255069	0.21226564617819
-0.0376676497168101	0.0552668581549484
0.13310904703829	0.200992107155015
0.129220499980826	0.191994801747614
0.485447641562706	1.35717567064994
0.261992265910966	0.56968000989611
-0.199931870877229	0.357805310564426
-0.12259182516712	0.2431526249196
-0.0352024171283371	0.054298382160443
-0.392621931213592	0.990155623052794
-0.0325371811537194	0.0463871057390294
0.330185438134915	0.690788329868038
-0.00427460675588048	0.00499881276712736
0.0994427826290478	0.13433675806773
-0.152487236821777	0.201591927786564
0.0653736048796222	0.0839450120056583
0.425576542488325	0.90955179315069
0.0920160488816976	0.0991191491868526
-0.295982740633679	0.37731746005173
0.280922544246289	0.397246420655614
0.671619479780206	1.66256257287361
0.0590059676432606	0.0581999601167422
0.642719502014599	1.07799021331436
0.121988507459988	0.13222071977448
0.0338113205907841	0.039759683064706
-0.409403160980587	0.676570864613291
-0.318924464861375	0.439951245139477
-0.39426748457189	0.609258810839695
-0.0335514139498744	0.0376691954654395
0.351334832205634	0.740834007632722
-0.0700292176470607	0.078624520129673
-0.122417699139228	0.1728447437186
-0.19165866169837	0.342764967137916
0.115588801080398	0.173109865966164
0.115133976192552	0.153964428117275
-0.128026205669886	0.169169228622668
-0.0611231372989812	0.0746001701556275
0.158630944119883	0.246468152970693
-0.0724896044531858	0.0885847663734033
-0.256538629091495	0.367324461360499
-0.243623609036034	0.440879725032952
0.294350148200587	0.545657592619382
0.355622246761706	0.799182887540343
-0.0917696111511245	0.144551856376088
-0.0227183630776649	0.0348344598105496
0.070124301165123	0.0994649364413629
0.0677728608900677	0.095825019421304
0.0873710004477468	0.15826884034693
-0.0201394575451689	0.0270027085047606
-0.147854807683143	0.222744744697305
0.142607499331054	0.196192882425229
-0.0129389486599219	0.0145264044928599
-0.150583301582239	0.191639728547865
-0.325528458091183	0.582252699843009
0.336449521136847	0.588209288125829
-0.0356954281038757	0.0382913268958183
0.638395961524052	1.54807275150949
0.448784554427127	1.08383344088945
0.48881963826347	1.02355742959925
0.0896482376800682	0.103513672281832
0.25362898459875	0.474260891664133
-0.618966536741443	1.36849418230652
0.0286299115762183	0.036077470865545
-0.572637131854854	1.25915585224061
-0.196738865867652	0.27099041821818
0.375007334428525	0.768156224137182
0.025948610935063	0.0298404967287306
0.0513902057766372	0.0533669377113087
-0.047398172427356	0.0598749269519326
-0.473211329511291	1.00429832283076
0.19900849547692	0.253586154046333
0.352650818550533	0.475562968495217
-0.227027754747342	0.313074263231597
-0.268730271940338	0.39877867572347
0.183541184310656	0.247226985502108
-0.0512892154264676	0.0522186821932191
-0.0407447380237495	0.0476195243760272
-0.340945953850357	0.542689968036217
-0.365223141949924	0.637741307087224
0.577863271975289	1.32709019362257
-0.595551975264489	1.49706115245827
-0.126410626835067	0.161178583549566
0.425567487593168	0.90951836020755
0.000074307641913164	0.000107133033350519
0.0432255729890011	0.0567360894497869
0.295429140476328	0.35738519791212
0.169974091507273	0.257483744887608
0.0191493939656335	0.0244039924866208
-0.0181257936019661	0.0257089122333366
-0.0859352863078605	0.123957175544973
0.0729891331018937	0.104994790003816
-0.127033148928006	0.190451110909354
-0.147545836958466	0.216049468355916
-0.430085758897221	0.864711289556153
-0.451816114409736	0.841810851291879
-0.695601979093178	1.1947785745706
0.368231970939418	0.651069859877871
-0.0763920620229001	0.0895440474602459
0.38012608701407	0.874538351222738
0.176184698351061	0.292721958794547
0.125899211487324	0.174983971405279
0.567476410706951	1.17782946414084
-0.105573273680151	0.166550154738896
0.0101217706963459	0.0126149664076693
0.127976994225438	0.178288604521808
0.0726740742916121	0.0999501965052394
0.0674482580172557	0.0911464486349028
0.320595453882878	0.616938887763014
-0.351712847113984	0.615474438823572
-0.287011048786978	0.536939075951469
0.166672461725896	0.210218305101492
0.128014609880419	0.189919176635841
0.256277713173787	0.374471559947453
-0.55361465766226	0.794214050752372
-0.373401391254432	0.814280593163233
-0.618434723443653	1.33325886309686
-0.0278440271952413	0.0253325363101751
0.287680388231715	0.33000186356295
0.267206902084484	0.346027129331768
-0.0749240291199892	0.0801390100078287
0.207879887415546	0.30952468417994
0.345286506151102	0.421788207067484
0.274919726195594	0.372681329177311
-0.165775442355499	0.21122972535239
0.430387701166324	0.849845120887378
-0.133186401576053	0.188355154153809
0.158473919534845	0.246138019080696
0.400843729360796	0.784305748717207
-0.333341579672675	0.580954691244292
0.125566583582563	0.194646339170048
0.120066122112712	0.182831641062457
0.37844145821878	0.858984642994738
0.399893574371676	0.847782627866942
0.553736483457902	1.21428182427455
0.0125932755123132	0.0152077601480183
-0.432831603308253	0.872484878157141
0.263203159021	0.573256262548847
0.243587012449304	0.558315046992078
0.204555775095236	0.329555826555528
0.0357374775285632	0.0459657305003065
0.333198841658153	0.554672260446961
0.0371359863722423	0.0552371690139833
0.0713462185837205	0.10579598733381
-0.180118335302879	0.210534106776612
0.285703292820225	0.413252949199219
0.187096050667619	0.171048617121185
-0.180838997948805	0.17095687455055
0.252394424826728	0.240305840036551
0.376120964812158	0.781316187122137
0.100741892913711	0.184652607907412
-0.294263612798194	0.632897668920933
0.195205633827714	0.350775921963765
0.0458631317866907	0.0677356350024291
-0.0208696977120134	0.0271327249301976
0.0919483839452862	0.139908059215805
0.110292124632317	0.154600777152627
0.187009098644592	0.303250858963754
0.116144515633929	0.165900777152672
-0.347708118014672	0.708052578131477
-0.291057898100566	0.41694570621044
0.0720711389252477	0.0944113989270151
-0.181578691214268	0.291521782974357
0.36351124690122	0.5896129210108
-0.0517556121943896	0.063190274002109
-0.26218989583721	0.260765100763753
0.251945332805297	0.414243467134531
-0.0146629730400534	0.0116272481053154
0.133377696642549	0.103502664592681
0.073322613011766	0.100930371526113
-0.0495770051114735	0.0603724394779535
0.21499323121648	0.21763051735905
-0.401409297003322	0.44173637960668
0.0955226347894962	0.0672193518535118
-0.231309443908776	0.294327834603195
-0.518714209686202	0.744435234314998
-0.147634498418965	0.112740252869347
-0.0996309657804556	0.100908719971379
-0.467023074567408	0.591669396450782
-0.466362781649373	0.590468694047533
0.444460949042373	0.680069025228808
0.203405653194276	0.297133716639957
-0.290705984885023	0.338227605130055
-0.377447668643388	0.542624339484249
-0.207992825208219	0.306837633726476
0.0499383255827101	0.0614090259832729
0.261619298137777	0.396692272280292
0.0237813909336777	0.0379509572716969
0.122257413258391	0.167021482448971
-0.0633211170304949	0.0350452901670419
0.201085189552061	0.261170306767135
0.118708196614528	0.225015588686586
0.0212829372937746	0.0345687473266876
0.171247101572941	0.351785216361593
0.448735561446025	1.07014733101386
0.0705019829641378	0.108713305844249
0.216677372119225	0.402997018007621
-0.0832939537582134	0.0934860170280864
0.00431020129526541	0.00347492067380301
0.238717959172339	0.408504235922597
0.128160028703682	0.190169497204007
0.193222252825509	0.21218723605133
-0.197009236178106	0.251029486840011
-0.161663015247265	0.332814659405253
0.236731915531649	0.523939147767135
0.215888728933189	0.257826124620669
0.0287847230055392	0.0223066721446194
0.477846732347787	1.10881646749685
0.198413632899791	0.411529846881245
-0.297597873374502	0.458081344313742
-0.558957104532449	1.42645516703583
-0.315980642181084	0.711575316136415
0.380884745722785	0.927674395226376
0.0600915122029855	0.0896158161058654
0.207777722919326	0.369935981356246
0.165590499828251	0.246372207116939
0.265820369951205	0.473228728786415
-0.168906191504828	0.240066277640971
-0.140677244521874	0.186108863958786
0.358096902361254	0.516663124427165
-0.0884297627570805	0.11223117806383
0.0258420455404338	0.0335793941898403
0.271469648158493	0.359877071334511
-0.0671128184860671	0.0849969899930809
0.207052000760686	0.20297589240153
-0.379372188897889	0.604887817262878
-0.214230124120237	0.188884118186844
0.185743132794218	0.13715968910858
-0.048191150170576	0.0609392727956256
-0.307247239377821	0.646962765846418
-0.0184511894408751	0.0120227974192664
-0.363661223245795	0.289291734140708
-0.187484297429659	0.128834933722715
0.478778901642899	0.812174296725164
-0.156069020010752	0.148086866651415
-0.679651735054388	0.605669393100577
0.690525201029819	1.04527452510429
-0.95147704482846	1.57227983131636
-0.371596243631392	0.472422145786247
-0.308249540853846	0.409192386109902
-0.621593597355525	1.20583597090009
0.461661266159899	0.557955958382627
-0.116636921960314	0.136759690925661
0.104148378713493	0.150357155889194
0.445778863672821	0.668137608942092
-0.999733668024541	2.85312470599947
0.0834057113041897	0.153564946596331
-0.698712331486569	1.47268084369316
-0.436287958529514	0.240933086950153
0.95847247502765	1.04064300695823
0.111410853951692	0.11725591102883
0.295638025656116	0.733114697269399
0.023286354814547	0.035161376381836
-0.189448519021307	0.362721909361139
0.0662299628579086	0.0893561660625233
-0.0775308109780409	0.105122880338483
-0.874632816785382	2.34462727775506
0.312287637830027	0.287853241837439
0.163813420726364	0.183786247099733
0.31249545750494	0.680451749892849
0.0972558612207517	0.170281762316727
0.650990009917304	0.72734204751125
0.221140989355733	0.313207455992019
-0.0879465541405106	0.144969668478317
-0.0821136440145152	0.13524157884703
0.479480684448814	1.08450974205561
0.24806839209044	0.400604070178132
-0.223622346854236	0.33094886061077
0.399543596698841	0.747011207748749
0.718585341061858	1.63083507516827
-0.285073859309021	0.466310962534213
0.17374733532438	0.224406303142284
0.26867750863113	0.423088365068754
-0.22197705059275	0.327934520908364
-0.0680300883737212	0.0762195482708842
0.0572213698640225	0.0781442769695554
-0.0553491820892385	0.0620283009134066
-0.142420570575191	0.195081507502984
-0.675696252075373	1.34869897035401
-0.822860855677904	2.15169614542543
0.0513373468423591	0.0632321932677373
0.435329185181877	0.78462356801719
-0.240620351425624	0.433705372131546
0.214693759683062	0.256154658586666
0.352948887636915	0.486246307534626
-0.266535856213808	0.4842197486113
0.427829092868376	0.96566935685562
0.0334109019619706	0.0309097035569245
0.019629165860201	0.0175620565868218
0.706573734578425	1.19376698481369
-0.105148406510872	0.138674547303163
-0.0828327005894377	0.0929282543179057
-0.486013771285422	0.698182081983395
-0.466662541449452	0.721274026052372
-0.0517120244681447	0.060476332663987
0.230272293603955	0.339629484031809
-0.501576488369483	0.991730877804765
-0.0412250892497123	0.0572367767271396
0.437644043468114	0.735837854048463
-0.0277506457571737	0.0360937367447181
0.0841498878834637	0.130744805198135
0.0584691522106892	0.0835022418850341
0.0902709336187448	0.142842052243105
-0.00363407985253373	0.00578109872867073
-0.0615114169815153	0.0833327142003217
0.068124355429627	0.0634267715500765
0.336363767667443	0.378173360534933
0.0146413877540885	0.0138955187404197
0.280337419320715	0.47328233156861
0.898697490069356	2.46853284569374
0.171663667915369	0.316390727563644
0.0325531368751942	0.0476743251462155
-0.145210108059762	0.205888938053759
-0.315803890271149	0.517922953706958
0.335753164276255	0.577934986151425
0.0555041651314118	0.0814577856773873
0.249548952456128	0.550515192477033
0.109114777151155	0.167741038002083
-0.0818590858741697	0.0917508317087138
0.122453597568363	0.178308026903347
0.219987823225708	0.446825091456205
-0.257128226838487	0.454057907844506
0.0286014697570216	0.0280104943818485
0.256902859062801	0.436004152193063
0.312761202586511	0.674082162091311
0.154691416777713	0.250839289841838
0.0502799083902191	0.0725597076981323
-0.00560911322697041	0.00656251947379888
-0.0474137634258583	0.0507943469858271
0.15532488798723	0.222660784744422
0.444215407881638	0.679540649380381
-0.203509986824047	0.215248252055285
-0.157711550158393	0.158539451795937
-0.759384694279428	0.952580613010358
0.399915510527732	0.556586313216688
0.24346550048042	0.277551447421841
0.214918599415149	0.256475011709006
0.213439295785168	0.290466663028222
0.356817665494738	0.514263723232071
0.0332415248977969	0.0307538671842944
0.102511885062676	0.104881322525542
-0.0112720375391908	0.0145971658863918
-0.76976955181191	1.58575623867053
-0.681151494872503	1.32444961704852
0.00326781751977744	0.00386151324414774
-0.0136689952472599	0.0153613549047069
-0.25600778258553	0.417016001335551
-0.115861453676193	0.152884178571632
0.234935449425503	0.353410831346118
0.486724155315819	1.04805267297187
0.509745316595989	1.18075737284332
-0.0218607079270249	0.0284511269187147
0.179418663937571	0.281586703770113
0.539795407808955	1.26085665107877
0.194524701700319	0.273306898828638
0.260211611635698	0.501630709050725
0.259363815670361	0.386281935194348
0.49240722240432	1.00258128087755
0.208889801165583	0.278308624192756
0.187632522333829	0.326873010842491
0.0202582428400121	0.0249901862747426
-0.194381205492458	0.304533005213835
0.0405473033871419	0.0589215502187662
-0.153282795993524	0.264396303068219
-0.180140544471709	0.304682422664868
0.231458998610725	0.383156698389347
0.171598090582383	0.280317931739471
0.399462551719531	0.791724611708405
0.229317974683302	0.337838593118171
0.138395248288941	0.186927058273955
0.117935224347388	0.168871828824353
0.0976251044796505	0.138248939203707
0.0761105166789294	0.114726088740126
0.356239270767719	0.782676257552008
0.0976150792659702	0.151194321240515
0.0876580386395256	0.100993454866601
-0.474373995589923	0.627926932859516
-0.125350499137433	0.140036180887872
0.187464141661352	0.171415792261736
-0.135278658895686	0.165576957528888
0.364035509722877	0.600937493225585
0.303949730450859	0.509007128663015
0.245203414168388	0.33693167331555
0.123658967344819	0.210416892799763
0.0483717467563291	0.06459755022215
0.329369893106452	0.680596757058994
-0.205700855597486	0.322683958716051
0.400033530290615	0.630974610586005
-0.236229232864493	0.288345518469445
0.160406775458365	0.197676341868952
0.455952698187777	0.972494787007536
0.0176646048131807	0.0232071032953946
0.444283208622481	1.18538749399739
0.0727649225623409	0.112550631026915
-0.472999593664052	1.00362180026027
-0.162351501193931	0.189851177189414
-0.0960983317322458	0.117588872777458
-0.63235966263698	0.942636258092767
-0.3005775815894	0.332469585977352
-0.989894608203969	1.69148306247344
0.0784355108147035	0.0684409820097385
0.339848994064283	0.393246097880523
0.452345310887514	0.605046983504971
0.225687135278658	0.282928773695069
0.398134400290787	0.489991569495336
0.316249537066689	0.442519674219709
0.0156392175416682	0.0182569254305441
-0.227425995241724	0.313719347969659
-0.222640353087535	0.329069697096921
-0.421512784331381	0.740415557619098
-0.366126019177462	0.505770068840688
0.336708992222001	0.588873470281625
-0.325396941017794	0.518680888195818
-0.0685628020474303	0.0869733326705857
-0.549215597100187	1.59463182521919
0.00390994344708161	0.00461975911781633
-0.527849986084033	1.10132183813293
-0.207035522259998	0.389174098742779
-0.265031747871385	0.516760931238183
0.399936481867707	0.814959054478014
-0.191893364765155	0.343345955879631
-0.158153739975276	0.224868099345132
0.573828855972344	1.1761689271894
0.323215575407289	0.631695373212597
-0.461177844253101	1.22708453508291
-0.463890969476152	1.02976013283601
-0.119190057862291	0.178758090601585
0.264072897222906	0.523124794955819
0.355100586260568	0.779404048508292
0.159972631066361	0.312949480457697
0.0409710135132307	0.0554436656783578
-0.253612413081071	0.459175622875015
-0.130637708349508	0.20197750981939
0.21911344963568	0.267673946691301
-0.371941936261825	0.796258452220223
-0.0667984804826708	0.098846916858442
-0.090396688960753	0.149545761607969
0.0485095732263273	0.0791668374109908
-0.28454547281912	0.571154653790801
0.120117146572563	0.182904545266744
0.399322038484126	0.580277027956098
1.20953371190528	2.8413874751856
0.186036820186369	0.169911590379266
-0.0633129638571807	0.0572506101178147
-0.449466571074099	0.621023552712685
0.140359040254138	0.160770961176368
-0.223235369656815	0.248166494144269
0.31169123906745	0.417282584058898
0.295925469762017	0.358148068948022
0.693909059649181	1.49948969926602
0.275624869507136	0.584045008909801
-0.01260353148649	0.015295087872867
0.226341537622238	0.327428925592229
-0.0962104226133605	0.107819471392234
-0.0515961528087972	0.0525468363572024
0.371369974398341	0.698947523801891
0.245572981605497	0.48242463567598
-0.0959724081291738	0.16652245269276
0.108849527978769	0.183465919749102
0.565724531007851	0.80525341443404
-0.332907577906658	0.329227456924707
-0.230149265301598	0.305608905497495
0.97270734222559	1.50391969102234
0.390492002871375	0.346425728263546
-0.219965021079614	0.17971683741465
-0.278074274630915	0.20607175620602
0.824672651127808	1.17287185455877
0.0643081728934552	0.0824554381268643
0.355982433300294	0.502362182844266
0.399388959914364	0.517372574455989
0.552373342024733	1.03990477889961
0.15581006939318	0.170025741252757
-0.340868364118681	0.64400012577088
-0.44851906078974	0.718587741985725
0.293523346143976	0.543530019732241
-0.0536964453513135	0.0833608742081293
-0.0354240450820669	0.0379955302438948
0.398021402333756	0.69724758502673
0.104800763006963	0.188567346985295
0.115999434289318	0.217330688431629
0.224271513466663	0.462388233874287
0.289506742400414	0.60243306379247
0.503846857614516	1.19219767160325
0.192824163563467	0.295125964130474
-0.257806277129692	0.455698555292256
-0.224346494937051	0.454244579903306
-0.229616164920894	0.474649738886748
-0.315737532898991	0.682417881145955
0.402220973898417	1.0214509706478
0.326265925110036	0.799591258817984
0.375673045564179	0.789882104473263
0.0927022132304163	0.122662438903282
0.402614399754955	0.922972951929873
0.137048816299844	0.197858517816225
-0.209469416496221	0.197492490640924
0.0111091478191873	0.0162054929316941
-0.124600911181113	0.265688287946255
-0.00942296563849587	0.0163124123318464
-0.00842836177940249	0.0128678723674801
-0.371047988679007	0.704408422612041
0.479467665337125	1.09888448873311
-0.118503790910023	0.119824710383965
-0.404227513280514	0.29172931532976
0.727708227404631	0.704178492379067
0.261461120985085	0.182768865377644
0.0282699143469893	0.02190493833683
0.338581498265596	0.391288362972072
0.334338962784881	0.365276847053956
0.320399920441751	0.467536857554089
0.119378347698583	0.200016876809934
-0.242074460088578	0.333310332066071
-0.536871921908118	0.585800754731631
0.133609618576702	0.103705300533503
-0.657570197975136	1.12814404582984
0.328533286890171	0.518243375578905
0.160638118730859	0.26824973489218
-0.246056003760895	0.434077722993992
0.0138416034558364	0.0138704169800117
-0.458286599236444	0.418377903800888
-0.349251045709225	0.365308637107948
-0.184119192701791	0.151656556456733
-0.502548727311782	0.391315807605653
0.498463296554401	0.423634062002606
0.384890096655756	0.25072874153578
-0.137906499183306	0.175658728767191
-0.0126240199999131	0.0122343443490654
0.00253557559909796	0.00219677965599056
0.335809678749161	0.586683233793143
0.00680700001998592	0.00776069923419717
-0.427875414025098	0.615036360657504
-0.226559821758275	0.476602330987314
0.401163437834804	0.66942747391089
-0.167248039857575	0.213371266932429
-0.208233653141268	0.392084518135892
-0.143629209454096	0.298653645224031
-0.152557585191968	0.289235936191649
-0.593218603259436	1.64121595810622
0.0297888381297776	0.0418289631792038
0.0610852023306955	0.0912219506896376
0.428680562491445	0.857627256989485
-0.0733159392166332	0.131549241069106
-0.0848773961631064	0.143138398863293
-0.164153933760619	0.311369445317321
0.017986851724297	0.0267275852040389
0.422425918173455	1.12819262384276
0.278000998079043	0.533079901878605
-0.15162180817808	0.193206263029485
-0.349558303071585	0.645126298361901
-0.119465235376489	0.163250499612826
0.449919719959579	0.631132697808386
-0.0750790371466289	0.0878458148761153
-0.413424705324557	1.08907456034826
-0.425359410312885	1.36327025332955
-0.0538695746774836	0.0813042779149992
-0.108962714398564	0.148705307609409
-0.162643138237495	0.190267675243417
-0.443353143730377	0.487071073197084
1.05241269666174	1.22613164318214
-0.0188267124748817	0.0122666990320557
0.54983524436873	0.376551576271716
-0.649828886636459	0.74202230743962
0.579466641376301	0.787528210878053
-0.402561317711516	0.370016268252638
0.169026016111526	0.118594225415526
0.728786481909711	0.871431712685976
0.398813640727533	0.516536858314316
0.20412834462791	0.328689241308342
-0.0643271711994725	0.0753753191366875
0.278275177343232	0.301568031578095
-0.058022246585063	0.0453893017124726
0.160275692305878	0.156163187032726
0.244236868245051	0.430968633102399
-0.108955381296832	0.148728409846617
0.138684800754051	0.142846791839683
0.0952324073624469	0.0670169047324385
-0.346903501214617	0.402656785890646
-0.0951185402318731	0.079754381760941
0.532812628396835	0.38928162597619
0.641504460393708	0.54559102154386
0.735963197365987	0.527764906360462
0.0459189557171094	0.0370840611017588
-0.769800334551526	1.36639994495013
0.202652928296609	0.263735855790931
0.146562091571395	0.172019504230527
0.165381142359753	0.18581292410146
0.0550124365864321	0.0749080114985916
-0.315718773822656	0.486683834161506
-0.499447302027936	0.962427591214417
0.338542437130976	0.782405793438434
0.181705191287245	0.409507629348268
-0.555291807831167	1.80602828390141
0.0282306815622486	0.0395689655235358
0.000756294366398497	0.00101542317758428
0.153756787014976	0.249032604796549
0.0368876550362614	0.0475083201812022
0.0175027603569838	0.0280610861444011
0.17375870032257	0.324221486011868
0.629635643547167	2.03431502606737
0.377960440963715	0.837284037189446
-0.0836684154641624	0.134235717212848
0.173353746293637	0.283748095107359
0.284717965556998	0.496144609482295
0.455156051446622	0.983457075358731
-0.594272478772117	1.18371285613341
0.140083467694699	0.160370916364175
0.401012471341993	0.850852670587929
0.148563912884225	0.291159250887189
-0.0110850375007956	0.0184777152031542
-0.399716574470434	0.917776681664192
-0.0281875033337347	0.0366798011341153
0.0785487639555801	0.0940784275814335
0.162286509531066	0.137259742043744
-0.362919961608702	0.288654560201593
1.48139485547546	1.39354465445659
-0.743631442680116	0.436371870130056
-0.828622788574223	1.03458158087806
0.299303334831584	0.254124405089913
-0.0164780480522066	0.0119582105928406
-0.103616984903868	0.0728732241330402
-1.16290506773576	1.20722938830447
0.702575784011525	1.04066447264033
-0.104138194163793	0.0732666828876459
0.280126030852649	0.388716145216734
0.263110524677615	0.332650959585658
0.19687505000747	0.186477261103898
0.605140911230235	0.561445082776503
-0.0403131673582673	0.0388738486742007
0.248322542905583	0.445319212828063
-0.140082400505447	0.148924495679429
0.214646403002529	0.217101314015606
0.178952966861582	0.185650525001155
0.492688868837642	0.437654880591526
0.148477076100109	0.0984913685572455
0.666883477015457	0.539752126042881
0.196562535872001	0.103456755441209
0.00967078965375927	0.0064815455298686
0.389430895571587	0.33111717482189
0.651440967626124	0.728088880132742
0.0568099668543814	0.0420967691632965
0.252970921052286	0.240966255534154
-0.0901443979632747	0.0963267734578643
0.396846614633301	0.475111993068922
0.136360984249451	0.123988649392364
0.334975238608699	0.576050543115993
-0.311453663606392	0.446985891093986
0.289334955107624	0.434486455674395
0.421833716879068	1.09033275950043
-0.00715199967632344	0.0106468409269548
0.0456686193571947	0.0674646180509841
0.236536008786252	0.439640844283016
0.0727556369228817	0.112521902105818
0.161178266454331	0.284443706877593
0.0847653948675643	0.120977157363102
-0.103605347212775	0.183961626918691
0.220937447638313	0.449256246800649
-0.227059308157076	0.440036930954365
0.140435706268059	0.265421317417914
-0.0153307912011181	0.0222452425182114
-0.442924549112518	0.957460254910623
0.192973875805158	0.295374035257365
0.0920413390553991	0.127987870658404
0.100500223897797	0.128679909832024
-0.358880228629054	0.435982742505855
0.0181512837558304	0.0238595206770858
0.275435054722934	0.655577322193638
-0.0959558451818422	0.138855933209698
-0.181221601221298	0.298920319065856
0.107578061283095	0.140755121390972
-0.167450353739734	0.22189221294227
0.329649522785436	0.349002611605345
-0.0350077171682597	0.0275784523713313
0.51840293348801	0.400456643147028
-0.502956606261684	0.391708638897136
-0.152555205892239	0.126519363676294
-0.0851765124829925	0.0661836659273736
-0.0722626138270584	0.0609421314337933
-0.103950217992068	0.0731244776532653
0.115146264521134	0.0852008027526867
0.715280137888479	1.03564791883909
0.474144859138376	0.491016024140723
0.0424361300069782	0.0428789571199586
0.179150261176271	0.212031449912914
0.162811175607411	0.137773240706865
-0.332451654985879	0.328792653533085
0.127829975298506	0.127613938685195
0.462450114913694	0.543169654179302
0.507393858439235	0.412152608421362
0.169195519296385	0.118724716061329
1.10563429952004	1.24451839338073
0.400786923237257	0.620326568149097
-0.0347589409931651	0.0390705561049054
0.320216811369686	0.615679351798551
0.366013839103056	0.605135997923877
-0.0838284290107057	0.102495318322997
0.186991327628351	0.325502126287503
0.120581684999014	0.202384241417871
-0.577680124850175	1.68351776647098
-0.11329801496554	0.178955180758041
0.137268665681139	0.232862442612636
0.170907786006124	0.350965298122138
0.209869072337117	0.46478581129643
0.233833352710267	0.506479023579364
0.0406765655916059	0.0666385950264877
-0.0319965449495525	0.0455859278463896
0.0519030359325726	0.0809467526658647
-0.137599103865228	0.206784656622722
0.296751953118622	0.643291762064002
0.0675088687797067	0.0912296600707683
-0.194743842074014	0.277344080938889
0.186451531809363	0.302143551852343
-0.0509298983025221	0.0808431734619101
-0.287681212767557	0.497473649209103
0.247845573043252	0.444386372612982
-0.133870952422772	0.183776855679644
0.228447413932432	0.372113553784863
-0.665450278200397	1.06719997417643
-0.591212709073051	0.712315040015493
0.387445506902355	0.314792358451917
0.114540003683974	0.0846912228455014
-0.0152700292211214	0.0110783842504457
-0.63210220056309	0.904770489201022
-0.121342300403783	0.101134757211258
-0.774269397227962	0.924104058552
0.342717664724423	0.407563160903988
0.299837023647231	0.372532700733614
0.398016291930506	0.515011373202242
0.0287546674814607	0.0281697110376161
0.34296311684302	0.408009048484915
-0.0582908039024505	0.0456150551236806
0.455215817651257	0.578997339696773
0.219931169881495	0.37848227171148
0.113055592532315	0.11918049887878
0.390492002871375	0.346425728263546
0.860327018194352	0.866766748575293
0.825460748044642	1.17520141647122
0.192731941722356	0.239805511255265
0.399613547341158	0.556029772341076
0.529497080041206	1.08960583062695
0.197147793124612	0.25079047642451
0.0859531134063127	0.128448017041794
-0.164531916562535	0.209338520861449
0.25725279939478	0.382131564631959
0.401768591519384	1.0735312565194
0.216745987833629	0.367209355171013
-0.0697442603184237	0.114448538102263
0.182275344313135	0.31194158683037
-0.42649328172515	1.20650089791044
-0.318255475991303	0.774638137006919
-0.222335297656738	0.449032528855042
-0.104396310781342	0.173445301788386
0.112730286897809	0.19990159655603
0.454025945833604	0.993545484979883
-0.156813891023826	0.222633542913486
0.055026161825947	0.0749267698511922
-0.073296380158897	0.0962365646999739
-0.974801265859286	1.55411114306144
-0.0113371735622114	0.0146833508255592
0.366139406906359	1.05131428943851
-0.026486035124847	0.0434737138805062
-0.190626483124189	0.331939709626379
-0.108741875131504	0.148394789540764
-0.0129472138567099	0.0139064381001552
0.300386565384083	0.255211769245568
-0.42743455773614	0.336762298131806
1.48198628047848	1.39484330469894
0.383917315388124	0.232181956917002
-0.907987938348286	0.961133596240848
-0.46866004330463	0.456801315054818
0.316901883656995	0.303133693450136
-0.333136158892935	0.329482855000451
0.014741411322138	0.00871670122776239
0.296344499532502	0.463094251404606
0.104122849953898	0.150335915958564
0.234379227636207	0.206834115128192
-0.363950228305374	0.289552830689182
0.0529497746267078	0.0475995222863879
0.531843813459074	0.646839113690897
0.253021270044944	0.241014435237204
0.0771080947907103	0.0598400834992315
0.1186992111291	0.1503131600291
0.880971421757276	2.04679090431272
0.363243041587277	0.588980395355907
0.491775556999308	0.758157188125311
0.0985808291083188	0.133024417371106
-0.0599999085892506	0.073127470528948
0.109784297905081	0.161424246639595
0.0621281883729362	0.082456389259236
0.18337907667462	0.27046182455762
0.261381128186325	0.567705569412177
0.299398323393324	0.671463975417051
0.304849411532989	0.5109997796152
0.523925875300807	1.32691535886388
0.164066430710212	0.293569557419899
0.254737488364573	0.527730970599358
-0.0533545976838965	0.0827846442594486
-0.0972684611202258	0.169061671509169
0.121406081154273	0.195655597661775
0.000413533294624305	0.000584775477485442
0.0389914799834728	0.0581603212057837
0.477914105769103	1.10908194932778
0.306106660590533	0.521254291969227
0.181980661458861	0.267956821505337
-0.557762063906205	1.39422878824394
-0.0706814276815832	0.113037130701118
0.0380906408553293	0.056741924687564
-0.208261323976135	0.382493052466959
0.142644265067349	0.209845311168954
0.567239356545626	1.36985523368108
-0.330495684330852	0.401916260154775
0.396222672932291	0.408877991023846
0.149675957500915	0.0993636038635462
-0.780254581832977	0.68694249826262
-0.249226096981811	0.218480877246703
0.18584444516446	0.198401609095543
-0.0575191615073733	0.0449772488774868
0.196931365020465	0.186535430851479
0.781374965400873	1.02412759972953
0.226577258865404	0.284287782648842
0.173882933654687	0.22457983141401
0.301928387876956	0.497044708705598
0.343460239346173	0.418813749199124
0.0292118983927036	0.0286221950826873
0.137745839626473	0.172054447273209
0.058857159438196	0.0580483804540127
0.146207735311516	0.171539908760762
0.0550747467354471	0.0653357520765529
0.531193638927148	0.646029198241079
0.108868801604877	0.123588304496865
0.77807624277325	1.32394109164763
0.0608048473781813	0.0907720530111193
0.265975507694865	0.411462305295505
0.0470949098086013	0.0599627304543098
0.072641603021409	0.0851758757097772
0.11083916453355	0.172427110529407
-0.195412096429289	0.297397818195031
0.0724869184009486	0.0950214459759894
0.0251004330432044	0.0370470437997925
0.295905000474911	0.556316452518865
0.138181450048023	0.22477351179658
0.27886132792532	0.535248018822533
-0.0114114638325038	0.0161476386622547
0.182880178501813	0.291643618157157
0.150711615716214	0.257022041268345
-0.0133828633016485	0.0179202001877623
-0.129797832715001	0.177360838685123
0.135070558291918	0.228473772498194
-0.257858893465031	0.490562666048243
0.00241031149873067	0.00322704560178592
-0.187604452991583	0.350124298071483
-0.354132450249606	0.6694704558208
-0.160301465761011	0.269602005999981
0.157640796243978	0.210588998175605
-0.161018199622811	0.179719526905497
0.326691010733974	0.335039597093619
0.00503783418840159	0.00405657076407538
-0.0123934306990377	0.0113094277061381
-0.895586477284422	1.7923086770876
-0.121250991350133	0.12900546119165
0.0513048464918859	0.0631874649739123
0.0999404649949685	0.135079775466532
0.521326917339921	0.909038941602642
0.146224626436111	0.171520383210549
0.573521543434412	0.99059231450213
-0.409848703518429	0.542979606945365
0.119257949318857	0.181361424470319
0.0107969661578246	0.0134702400904806
0.255757495937728	0.433373442177092
0.782332406886984	1.90097962262609
0.220913963107531	0.270411287007734
0.253959959997776	0.364142828071867
0.437025966058895	0.74834363952339
0.274310515104391	0.440703644536866
0.360222757027875	0.541491434842907
0.33019509003778	0.539339471814141
0.016560579484406	0.0185896854810911
-0.0888527468127674	0.104139121185442
0.0856530524637326	0.116791228511685
-0.297374096616068	0.409771128909425
-0.197661976871046	0.241327326190706
0.259485133300321	0.447235442068394
0.54318003545286	1.0544554958086
0.322349777275482	0.479770461932175
0.0331878508671162	0.0389980664633355
0.321639599391021	0.611762670058535
0.110001463619607	0.144276586348006
-0.131773363246311	0.180490369383731
-0.151045673704965	0.247263037547717
0.00299291993965746	0.00377660930508851
-0.0268963896855428	0.0337565038502615
0.440966332272225	1.18484278470702
-0.00365411733445309	0.0041048537798297
-0.362273456772767	0.539294001870297
0.313503687558829	0.437318330092478
-0.0937597452909022	0.114414730862383
0.0431645801294993	0.0519871764529248
-0.154790721151659	0.205181625285253
-0.34225619943488	0.790883022810692
-0.39342464122466	0.825077457515024
-0.469698907477559	0.85363593583856
-0.114332964184534	0.133706177754596
-0.301570419236869	0.494756320830162
0.104613216883932	0.151122299657538
0.281782312692521	0.555416727171499
0.206461079336166	0.306877852154171
0.163576908295736	0.242862369954147
-0.035359162964384	0.0397600650135996
0.125891634787595	0.163032619792791
0.36159807295758	0.554697995899821
0.0854135717679369	0.122025377220415
-0.0623687373385969	0.089627886661672
0.091614483685012	0.127324580743146
-0.0301852824101187	0.0366947542204291
0.25385588771901	0.241854589247887
0.0847269694913946	0.120917235476669
-0.617575590714042	1.36375282827969
0.248792437995607	0.349017178436446
0.148608419519672	0.208648238428215
0.150178844229803	0.211205222866608
0.29747874821536	0.472841521894296
0.211391793032437	0.382286649204883
0.256004695383519	0.42811529751871
-0.735239441839006	1.75445912206146
0.626060228827666	1.25531078073131
0.326803844480479	0.506193865901398
0.447305118771697	0.65631651963729
0.112145194754385	0.138901062412317
-0.0849192537555386	0.111862974854534
0.241704145212889	0.32511433411725
0.180213542019335	0.238096057629982
-0.165497677883721	0.210816424553266
0.0225463300175109	0.0268812137837564
-0.0546255470302553	0.0640645026807096
0.0991484471004722	0.133863593877901
0.227545905747582	0.32955272238477
0.157916139853918	0.245138944820628
-0.160098563978562	0.248963490820411
-0.358533951765916	0.729504208748467
0.275659252174567	0.456616021906713
0.164057975198407	0.293510257232015
-0.0215554392262549	0.0261937265079297
0.131885678355867	0.174398181229638
-0.179322136666662	0.228019373327533
-0.161170449162518	0.18811626181031
-0.0227395970971963	0.0266243219391416
-0.317832945539479	0.552782702359899
0.0406084196188657	0.0572453481698826
0.0171130585328608	0.0224654674092049
-0.421879295909294	0.741394158818138
-0.462511728314313	0.911696945751628
0.113859168343785	0.152048639333696
0.667919593136783	1.52495493195468
-0.366646243770733	0.641571815703364
0.045736823812622	0.058141025086868
-0.0857247468596023	0.123616173615393
0.436695670097361	0.761180451994332
0.555821758452187	1.22012223362957
0.448527909788935	0.643672411201689
-0.212437950656708	0.293070209186781
0.238709872797167	0.365883970459024
0.0114136822309493	0.0119944482818953
0.0919576470965915	0.133931082371967
0.0112111355604299	0.0139938196607866
0.183729064526908	0.293307604428039
0.0175608025650582	0.0197303067888095
0.58768834955819	0.779880821520849
0.0618068661335122	0.0923882246507712
-0.0288878231673984	0.0376265669431553
0.148108752317624	0.221952815864415
0.210852484360768	0.319313558875895
0.122945132094628	0.179171257353634
0.601316429048418	1.12175944965841
0.104593008237114	0.126595995876472
0.188113661718925	0.282673086603546
0.432766390352933	0.80465084223864
0.572792249072101	0.79736720402997
0.185973150128663	0.301092495001452
0.0620242176102898	0.0662392757577113
-0.704361382172512	1.44834370666165
-0.448096251537934	0.717612764231601
0.143029241066019	0.210288468404958
0.338074139152293	0.600801996322262
0.655535572621319	1.38712189843756
0.127988017439319	0.178261517380488
0.400555110596033	0.938475478365492
-0.058456186177651	0.078879897504594
0.198874680528104	0.338705147319073
-0.232308407696122	0.471028570119954
-0.285830860781467	0.424702538080749
0.330926514505167	0.549477864577213
-0.409990770046356	0.611807599629875
-0.396862343316212	0.67628640022804
0.0711629663377832	0.0833222042825351
-0.079021612569473	0.107338178082365
0.426877162305543	0.975108614182499
-0.160822740098829	0.257177141530871
0.00559694545115949	0.00637820106819044
0.304139819492423	0.50941077372387
-0.0330640554161117	0.0387540459477844
0.143697269708558	0.197958730104633
-0.0964106328530347	0.139631893869996
0.0711873111024007	0.109852588027959
0.065448677142587	0.0840505642238593
0.30159347472408	0.488827629646663
0.303745652263045	0.50097737120112
-0.0109752815798534	0.013756932264178
-0.363526908843962	0.541825479566478
0.0343488124863994	0.0363507172943336
-0.0650345447349807	0.0762517321790971
0.294738676983662	0.459848246492482
-0.0779883071286288	0.112382711158604
-0.429808153210828	0.946491779337429
-0.0204135849455541	0.0256629894774227
0.401967769881433	0.694695090772541
-0.0290275708817377	0.0365517955024006
0.129699806352803	0.19275493861613
0.0194762964534527	0.0174230094359336
0.168700761002175	0.32497718437584
0.158643142857795	0.246480860720966
0.324074791852073	0.641810560879396
0.247416380292899	0.399344310538628
0.123824200216543	0.147602208943301
0.217248455005254	0.368259870391154
0.212467962534241	0.384835727092488
0.329969015227182	0.530096020196973
0.373194903560356	0.772701183869849
0.457959507942615	0.978443554213633
0.271318680524563	0.498101196294367
0.296776511258935	0.558547097115492
0.399144471924049	0.676590247246456
0.350576001201292	0.461482165148895
0.400359993571095	0.557356609049039
0.23038388955813	0.295596206380172
0.145305197679222	0.185847094755995
0.273014267598185	0.508261753672327
-0.0656026856199412	0.0769715631842428
-0.132554816794572	0.187272230755909
0.0267199450240394	0.0431372106581743
0.432785121144614	0.817657204747954
0.186829490256821	0.17079931782059
-0.289050097808186	0.251758676900308
-0.0245964765345864	0.0251199901653923
-0.431907473772214	0.714784923722267
0.0917644448433848	0.121303088517911
-0.393466452254366	1.17645980076241
0.184180980626657	0.378427576883598
-0.102467601427552	0.166108079569045
0.152828746973748	0.24731642898287
0.269412797024263	0.549085751724275
-0.206049103192446	0.323349063718688
0.0271494328341996	0.0390999172759743
0.162354122475921	0.289772964503018
-0.191370247480641	0.324907070173899
0.160415923354105	0.218006166791429
0.355799871117922	0.772070288993521
-0.0829813711638161	0.116284713285663
-0.1069813652712	0.114248465054128
-0.673833564303463	1.38303168553685
0.629141825788681	1.09666370992336
-0.210835806001703	0.290374482976957
0.0519170962614402	0.0727711469342421
0.0426036733058946	0.0602491294980694
-0.0574980085415594	0.0727771647767962
0.299162227686338	0.371382707497275
0.244588825023381	0.388126588866155
-0.742125938224222	0.750073464324694
0.55439255528936	1.78271700711591
-0.0932665714238551	0.122720511656457
-0.0286621403213512	0.037322445075877
-0.0465363382347614	0.0587117325271191
-0.231742404904089	0.365175306695595
0.374970688800305	0.778082920498802
0.557732094228813	1.2078030855115
0.204682523096764	0.329631110773085
0.529183087162941	0.890473083653454
0.755347530472151	1.17610841031014
-0.0538496554778747	0.0631419715184474
0.0230353676016072	0.0192783067305201
0.436674979577295	0.73354316688686
0.112159277555784	0.157618486898608
-0.691172340862316	1.22646849092533
0.110921903925763	0.163316184732968
-0.176866751194733	0.380697736413008
-0.292053412315544	0.464284385880727
0.0104239967774869	0.00698064686781541
0.651396752642545	0.728052754566398
-0.7296925474732	1.29517789156513
-0.541157686301838	1.01544578249909
0.243997340468383	0.334829939885406
-0.302006575298624	0.622060217872689
0.452738279170857	1.35692781509664
-0.134353673570072	0.224739613912161
0.0293089114218951	0.0411384908134681
-0.562290390888326	1.5236623656693
0.00319909950253769	0.00391056948318321
-0.402262677422157	0.883619439824724
0.378305633170698	0.858491722929083
0.660116370187866	1.98500928081688
-0.25174278859636	0.372776419427811
0.18596071830971	0.301125910836959
-0.296190508178093	0.455093196222937
0.495314234929541	0.748367557151564
-0.591867338242311	0.949499404347985
-0.521403610309256	0.777365163405166
0.52067014688648	0.907382608053311
0.131131473082935	0.218417847794985
-0.190983276716441	0.332716102853382
0.141644370238015	0.208081634196649
0.304979686512057	0.608099214505405
0.00368337622221499	0.00318202720855985
0.364838555041328	0.602651641578996
0.172408205368883	0.198893409338754
0.953863364540313	2.77183927021278
0.0802545271568741	0.0902856673904103
-0.227027754747342	0.313074263231597
0.164214130504966	0.244017343117058
0.240463910748678	0.323121419256659
0.0737134225956584	0.096760050812612
0.251954514124557	0.414191138507486
0.327803766078232	0.668075131743513
-0.107607568696098	0.131579136283744
0.0798127907572912	0.0834381737720409
-0.43666095530983	0.81543342604337
-0.143118913404505	0.228374839987432
0.170690961593953	0.258761104900632
0.236204253636565	0.402947775409929
-0.00380028011578538	0.00506855899565835
-0.105390999321301	0.152853676847108
-0.629690360226805	0.974491483493851
-0.1288110119067	0.115269955111156
0.138019628386938	0.172391754751756
-0.0704616643398808	0.0858868226722852
-0.0208311379815658	0.0261998807205895
0.371313604351908	0.728352557499865
-0.347725039138669	0.674262564949046
-0.333128517036547	0.580447117683684
0.155022507637695	0.222131691262986
-0.242377265826392	0.393904976590409
-0.0884708593962999	0.12037100355793
0.0728195614061698	0.100170639676564
0.368334051019071	0.651302719115927
-0.170137634178682	0.264880107809833
-0.154859632796923	0.212349074456312
0.0860230887033334	0.128564284226323
0.211230362125998	0.320078353842327
-0.214026542392974	0.272711474946807
0.711975515124167	1.63874246786587
0.218076282236191	0.303091324882357
0.0608454335147349	0.0649031186988503
-0.469386151227266	1.08886890887376
0.400018062710784	0.847938083973113
0.223952885056427	0.35834823911798
-0.00415664141259915	0.00466925640719004
0.470905133447883	0.855511066318067
0.583042886396661	1.50248752183278
0.576349486323222	1.34259352709372
0.826564532301925	1.17758804923082
-0.0126278614911584	0.0107883446905667
0.0104239967774869	0.00698064686781541
-0.661662152463404	0.673473983979896
1.00128283249292	1.8082783567967
0.00278218092000899	0.00255636230350519
-0.31099419551638	0.446103657607435
-0.810735270700226	1.06207778025025
0.319223578990543	0.456554637928445
0.399234051366339	0.555199486807338
0.179273662167718	0.281313647168169
0.718562662920617	1.34023079516539
0.489897420344026	1.02703072466942
0.217103153614163	0.367952117378487
-0.641743533002987	1.4197158827481
0.170187944318107	0.257871956850084
0.0922629632755994	0.122047287513065
-0.54838987679151	0.724280116290449
0.342177133540707	0.627853008261555
0.546942403144709	1.62533069669911
0.516955236035634	1.5796801337361
0.30815954292442	0.63853774227245
0.00203048575564503	0.00256353880209812
0.518299416143299	1.35684633441853
-0.467530640612112	0.592615400116987
-0.0598648671009344	0.0468696403541614
-1.10615422849053	1.35722273391196
-0.11453609467519	0.0882860150085757
-0.633337439114397	0.907488828626947
-0.421842309180806	0.741291201334699
-0.23390627499194	0.298471887355259
-0.280915826484155	0.342664725225994
0.0326667244312687	0.0302065659087227
-0.385665254834334	0.732695882853679
0.266671362841661	0.271673946258079
0.00473666488469459	0.003815597505783
0.213616071070862	0.356291516842004
-0.41190242282366	0.885822243906262
0.12277930045421	0.178912518098401
-0.137075256029702	0.240624480838147
0.218877533099218	0.343686368648318
-0.529973495135595	0.850792932272957
-0.509657561734019	0.874190584901504
0.744575493352038	2.59381067768557
0.350210925548195	0.710729293680187
0.214252243058468	0.216727498995955
0.108360405355017	0.0913159718530101
0.0630880388001555	0.0721404576071868
0.0930539849221718	0.0841964074909925
0.213839402228136	0.173654170767407
-0.417766838654512	0.409360329966861
-0.293590633862227	0.37332099854347
0.344170449092503	0.420008853328507
-0.202766084951302	0.214300101870071
0.272634371410726	0.286629639378214
0.147403155739719	0.173140059280048
-0.0487611644428819	0.0523005575408587
0.350449963734696	0.729267613106791
0.523202633367682	1.34138730989016
0.370874004707915	0.707709598385678
0.0511906047042194	0.0686200826220582
0.150819204495001	0.197034218545584
-0.214257311637246	0.273072509690822
0.262688778175544	0.398788900056742
-0.346162577825396	0.84787481336906
0.308823237338813	0.647692123446621
0.102731152548209	0.148002242633398
0.0284308059102649	0.0358341866650531
-0.404208388660578	0.710523850906116
-0.0722435255154404	0.0692541197909036
0.392374810559435	0.376687159764746
-0.104180845445451	0.0732928772303358
-0.273860156652594	0.255998334010772
-0.117539962029868	0.11877145424235
-0.148631816547278	0.181643121255847
-0.01098120930284	0.0106338596099272
-0.0993344926693297	0.100566852272116
-0.252616741663263	0.322054224447142
0.550853521611452	1.03629760460116
-0.441773712429142	0.485027867821175
0.0609527536764837	0.0511040120918663
0.321006537684474	0.477203241742591
-0.0136223945015875	0.0171251544137703
-0.387460981219132	0.792779261857294
-0.301401967046185	0.494403880500571
-0.32195074819105	0.478862964557909
-0.101404491209945	0.118766506211028
-0.566363752893758	1.03468209509526
0.167393289245572	0.268973990215023
-0.518109770297002	0.972007147607184
0.0926835205207033	0.0838404242625421
0.136247685786063	0.123882176694594
0.839337933359571	1.61643551853778
0.0234631212856754	0.0196395603934215
-0.518195206276735	0.743759891385933
-0.245649089743241	0.272214670349453
-0.0482607931007338	0.0517345573894775
0.193428074321107	0.240796197905364
-0.158083543656752	0.158970766965222
-0.195445372903486	0.258828790766057
0.354314333346259	0.488933672532007
0.0724730703429099	0.084978223487478
0.19452378069839	0.273252130094276
0.167434787555703	0.26895953147274
0.0904093604812786	0.125417634644045
-0.152193850505929	0.249590039122499
-0.342653686093909	0.510539706665597
0.325929199614681	0.50438979241654
0.375048988677199	0.778311518934837
0.494261652965523	1.25344176658277
0.0229623844297416	0.0273916376850313
-0.132981313841106	0.187996786349781
0.19349181861803	0.240901911982908
-0.34529873601377	0.43965733892349
-0.153871000291527	0.137047618756153
0.516091267754597	0.678769176911409
-0.353805074415015	0.508319750383177
-0.0953231545490473	0.106716538001372
0.46495827956331	0.88488778179842
0.0480042960447318	0.0557196563812524
0.341541236047296	0.405776306710114
-0.13290478488548	0.187882869668375
-0.0591605103080552	0.0631775217818161
-0.45181355853234	0.522021671828244
-0.141993514753642	0.18810899545472
-0.101306520620565	0.118620001681897
-0.0614866278970288	0.0750759112572986
0.128706249550804	0.191077845055666
-0.315465845121767	0.517190967488559
-0.0500460866816735	0.0634094902976194
0.153963625951817	0.22036678348941
0.0910258419450691	0.138300903441292
-0.248379005800224	0.380102860349787
-0.0139053108559983	0.0134814094930612
0.261114001661362	0.257605014576376
0.525797326905525	0.657150625982094
0.563097349101605	1.18447239474059
0.494987505702598	1.01039364819156
0.126458828315688	0.163853968911259
0.288655503960125	0.425961926276596
0.202216325134528	0.320848539694333
0.20897536325922	0.342549331547633
0.465249654549197	0.9005315632488
-0.538019972051282	0.951119038684346
-0.181055310528866	0.282423911347973
0.259363815670361	0.386281935194348
0.503831974734734	1.20891867541908
0.263565374753444	0.333392526399912
0.273865113961415	0.446462471181265
0.197329529441976	0.25108742019492
0.596225470435857	1.46894676401644
-0.0131985195075094	0.0165847515863528
0.366339674044282	0.636587494323709
0.0227600346046683	0.0271402428963064
0.364335812725863	0.601593586391362
0.044983421076724	0.0489141575007133
0.267044088763991	0.345721172917785
-0.119291703140047	0.183554440775781
-0.193838227705283	0.338675423295899
-0.202215983726655	0.362868977441287
0.0392862503110392	0.0489677349849826
-0.180768251571351	0.329774270436653
0.0286369364004465	0.0360970984766349
0.335382718173917	0.739423833513089
-0.00457757093532643	0.00628648021614281
-0.201714670830488	0.361791832099885
0.0153291063667084	0.0178912229992908
-0.00206811210533187	0.00242440914472091
0.164288980180426	0.244161188104721
0.154153519596058	0.185539366884125
0.504954247907202	0.713860754196296
-0.266789243263851	0.354374813268451
0.454166535902181	0.59284409000498
0.0535382776871728	0.0695188027047241
-0.0645871823817434	0.0847638083445807
-0.51694753186283	0.968582483817013
0.102213841901119	0.104538774860393
0.825614079543372	1.47038888448673
0.457749160527196	0.977741280846351
-0.487096762599833	0.859815487144661
-0.431055508195069	0.448204567876542
0.223095986736687	0.356647394803898
0.200939837840593	0.318305737172838
0.0354389059037896	0.0417455918302547
0.209332998055014	0.343264832149424
-0.0600820260344062	0.0812553783146443
0.208415951579135	0.310505416044963
-0.0986790597955567	0.134520722080622
0.0310340796365429	0.0343468898795123
0.17589764380632	0.271556252922194
0.19233225502981	0.239113146356195
-0.0301852824101187	0.0366947542204291
0.367380852178502	0.638978148835165
0.345609474047119	0.422263386064852
0.549346134257272	0.835852686377702
0.338691465240937	0.610846567424941
0.557539473153167	1.39224310065632
0.0661687987723412	0.100467196926363
0.125064874916924	0.193746180496045
-0.0949640260201817	0.116055329066173
0.127698660851843	0.17783079721744
0.351478249166136	0.741034010076976
0.245703770457125	0.439359953050933
-0.365394441764684	0.762965848828796
-0.215226872387573	0.347437586670099
-0.281011208962621	0.388426943843084
-0.143273043162552	0.202581540342102
0.227891460968491	0.370983819532925
0.0699589196867095	0.0710963885672274
-0.620468662146345	1.16777344121895
-0.361663372374388	0.577407919936626
0.40070038494138	0.595559616167253
-0.393238496439418	0.768362189509266
0.371529923560517	0.73851401000444
-0.0135268981594047	0.0158305581669336
0.310198784232793	0.414803014496689
-0.319417704290746	0.406921874108226
0.0176298532634068	0.0198094580160087
-0.0822243823774229	0.100339608818412
-0.44276060968768	0.587073812228967
0.34335885507223	0.648559126526558
-0.557691488971507	0.863553898055465
-0.379404041658127	0.439861652210875
0.068462927635109	0.0694684145629372
0.176380988440718	0.15536480898172
0.25909841738293	0.319759252762224
0.190710593574632	0.236760432798193
0.914066494647676	2.19521365633284
0.139364739753356	0.18839044128505
0.282210475423845	0.556532604754462
-0.00406033647330219	0.00525312257244588
0.012113485338543	0.0140932900037351
-0.321573417696498	0.47819133969315
0.765733623443424	1.62299526767245
0.46096109822781	0.556805298588473
-1.57640281254861	2.99394182371155
-0.166879916570699	0.212846247805172
-0.510214465958584	1.08793252896082
-0.43016034136257	0.780378869427305
-0.241674709208532	0.281896533623016
0.163176756318138	0.222527379063991
-0.23145213603877	0.364566979575697
-0.434489012275778	0.647987390085363
-0.886983358153714	1.3139794992064
0.709722596456806	1.34712690305233
-0.381903454286459	0.708326446381225
0.337296821915119	0.590249797462025
0.222080141239892	0.314899287911122
0.0153533413625057	0.0172098012209007
-0.333922536803848	0.582387904221069
-0.0781502592846065	0.0991686260282259
-0.462423510061938	1.02504026078321
0.0388723975129956	0.0440355575518115
-0.0363539698886219	0.0370256309060025
-0.365074801041664	0.402641421790312
-0.591098995617182	0.914191213305756
0.217638774895713	0.302338081060281
0.554324548410893	1.21612550866204
0.50333073880022	0.968185069619127
-0.331191402938785	0.402843504718586
0.614288460054304	1.10892086975589
0.013469787720524	0.0134954923780126
0.423966369799236	1.05069693864628
0.0903692371551792	0.137224020361213
0.306603055574576	0.626880726232072
0.51712625939123	1.13856861353987
0.376703603742238	0.813106606519734
-0.233058629781261	0.355677876566061
0.184428106346541	0.316454458561208
-0.181590857107087	0.258406282165084
0.209445852933243	0.279194962784589
0.454971185771047	0.594253607060048
-0.132273326672349	0.125802965956149
0.439099188066632	0.711259279205454
-0.0772855458699839	0.097960379102501
-0.36665722929908	0.506803359451882
-0.0352436084453444	0.0377934500697932
0.151321460978484	0.197738902906017
0.25919568346297	0.385989901018323
-0.524786772970466	0.811914007286071
-0.632200157608708	0.904903346112197
-0.431276502888789	0.713605547428538
0.110667286819116	0.136841601321887
0.132090743352883	0.187272380895244
-0.0847673761730155	0.111641131959177
-0.342226917309298	0.580537963945656
0.0450198589204784	0.057172745953575
0.216933912003727	0.301044836332978
0.163762682794021	0.277481498474017
-0.342541173896729	0.546260133850724
-0.259356032527607	0.316884412450714
0.091947856405417	0.0912688521785427
-0.0448615957150648	0.0406896290642097
0.169049164644508	0.255754808279007
-0.0569256516263136	0.0719986865439822
0.0877663573494815	0.114007860452674
-0.140976611382864	0.149975776942584
-0.122001210672624	0.12991960033486
0.692246881418627	1.35817164829639
0.288436871632775	0.517877319423694
0.306437540252713	0.529252565507895
0.227880369778038	0.371041874345116
0.102572584251989	0.147776540906324
-0.404632454435857	0.711535770307058
0.184444071378426	0.294666848495292
-0.563065285963338	0.996218508449329
0.0885378209183304	0.102117820284459
-0.35933910522721	0.43671683437118
-0.410369481003874	0.543958948319995
0.268762165387522	0.348440911179062
0.517624502090351	1.14052956328142
-0.223012560454341	0.329863795714826
-0.247985603551345	0.379287923818265
0.568520734576541	1.1811620201952
-0.296531879188262	0.455949642307103
0.271795527527138	0.360430052422961
-0.416472342169755	0.710600346662433
-0.0765921711762701	0.0897991854990896
-0.150291794497119	0.183960599094323
-0.398258244311826	0.739809562834227
-0.0746404019418618	0.104468093667263
-0.0675909132654295	0.0856624677513863
-0.182335156527211	0.26830629747096
0.429192783848057	0.833776681588149
-0.0950785110087619	0.125376905416528
0.427750111442762	0.854714675189816
-0.0547797709324858	0.0717238025134375
0.0725736209535055	0.0851060394266292
-0.181759640753507	0.192721819937155
0.339620943352002	0.613241856027896
-0.443121200587049	0.87071818563809
-0.512942644193693	1.12050883150083
-0.480029987338956	0.6622515296804
0.512942540339349	0.941982735350373
0.154949511691044	0.186578661083401
0.203405653194276	0.297133716639957
0.0869877819231785	0.112904370621346
0.103430806916945	0.156184748732888
0.204832601491742	0.330062872531095
0.312203052950201	0.665017859185648
0.338376398654511	0.765283103510036
-0.475558181990819	1.15215964823023
-0.504565425922425	1.02399833135625
0.179360779808723	0.212301702651058
0.400733028474432	0.583146431017002
-0.104753361061083	0.0940557844098764
-0.118858541774368	0.162255637527512
0.399282134943059	0.757698117466832
-0.343205232529923	0.582643311178894
0.215365145987055	0.332355329543683
0.0800901136202519	0.0960997521274438
-0.0432955571814425	0.0583439847521743
0.363767822982648	0.600284187469636
-0.0322166319872471	0.0377220574700314
-0.0316095075009765	0.0369854250951067
-0.115668825077448	0.152581413098502
-0.170873462303783	0.251230996794634
-0.320479948428823	0.618543423714806
-0.341889756870547	0.579704741064578
0.463195537876624	0.909446882594177
0.0229623844297416	0.0273916376850313
0.200996972665532	0.318530778370602
0.427304411087845	0.902896049513054
-0.410510313503918	0.679005731408569
-0.419451172064087	0.579565204281516
-0.222205287859628	0.24675622361818
0.192954293157986	0.270610762406637
0.234956390747596	0.395462861814002
0.124993856352067	0.193611578014998
0.0082003812483433	0.0108647804216587
-0.0497691309718713	0.060622113544917
0.362944570312681	0.578156340028294
0.0677982244561847	0.0916574937411916
0.204132833034567	0.298421193886751
0.0314376915373006	0.0383447653016622
0.440673580338403	0.714902146563635
0.20199526052597	0.373936526930324
0.326264060770024	0.655790344965246
0.0790518375274665	0.0947349008391843
0.0714320413869577	0.0836546106355643
0.111933111230065	0.157217203070357
-0.0861629790892222	0.124333107071513
0.160494178263018	0.267966980746205
-0.596486393302615	1.31663710988072
0.17818840016673	0.25776782816362
-0.033705079788945	0.0395297750996066
0.508041362836365	0.946668481348264
0.187829348891513	0.282161716208708
-0.502774702681931	0.995488792011576
0.139219129291114	0.214202433920514
-0.295724077805512	0.525659051861088
-0.318864138287313	0.614345810011472
-0.0118033815683573	0.0143101427566417
-0.527547555608891	1.10003744568253
-0.297094542636682	0.378956292425265
0.143402539122268	0.197393809542234
-0.472999593664052	1.00362180026027
-0.284616602083487	0.506178703119376
0.138187927265778	0.199770099201285
0.537422792675264	1.27049221133563
0.204260847635179	0.328920276748756
-0.15907650915626	0.253743028492595
0.265335072998335	0.410165455949444
-0.0774719211640718	0.105030782850847
0.0650806134115259	0.0791629468702493
0.453309448306129	0.606753013045095
0.0448705519523247	0.0636219612505997
0.288513906877653	0.518106377999874
0.0460544160058868	0.0633990598190423
0.469892568762271	0.882857457958209
0.313840503190323	0.569458176762405
0.397956313056639	0.697064631328806
-0.146675581080631	0.214544801235867
0.174527505586522	0.269063811443484
0.399500488386023	0.758250170433136
0.0716947597175771	0.0938728981131474
0.345915555777384	0.663821841928194
-0.172686418903023	0.28480094795474
-0.422479951128845	0.889386169115044
0.0550712860377373	0.0653148119460072
-0.223083131183348	0.247948184822056
-0.468531518060502	0.72544445489779
0.220457226060528	0.346807380994562
0.345320295402968	0.670914453327937
-0.0220450850818141	0.0267993346781989
0.190329723211231	0.262219981385066
0.24495156648735	0.388869446912686
0.0365296985141774	0.047029417938497
0.119804344663438	0.15188727344485
-0.555485531652915	0.828238482166844
-0.0334277327078032	0.0391949191173551
0.0323010544440919	0.0394346179425168
0.00213327512596226	0.00269264217786034
0.0598351136230512	0.0791933604700144
0.305437419086413	0.512267281965367
-0.855916228161047	2.38156133604708
-0.195167848407346	0.287661153932987
0.043212742506959	0.056726743823555
0.231038582465149	0.340940893884298
0.361999475595575	0.576109759420574
0.359955516272685	0.540970319513538
-0.514377488483819	0.708836258495105
0.0704039212615535	0.0715738913831061
0.494117106845097	0.745757136724719
0.183562550183325	0.314703561339479
0.239141933122269	0.366606103704011
0.370004840719817	0.695588703844498
-0.0766810537685413	0.116633811353693
0.694928440281099	1.63601399989854
0.292931010194627	0.542128443076163
0.236370692732066	0.40334292583198
0.178799805779849	0.235891995446304
0.069437787299298	0.0705296062333101
0.122663309152762	0.146022816313689
0.34385706936829	0.649779457172163
-0.0450404626530571	0.0588117055559867
0.197740311649582	0.282912881608755
-0.447749167295737	0.902670847115945
-0.0140335241566048	0.0176488339404421
0.0653957000299867	0.0749306728901314
0.112385545568873	0.11840260785307
0.0346088473848053	0.0407270123116203
-0.458655324830999	0.88066930226039
-0.50257917704183	0.994867962273663
-0.181870519396304	0.300232216911965
-0.107522151153418	0.146496314381285
0.262956042795398	0.399327903181757
0.130065766589741	0.171602981358426
-0.163795409492106	0.208182469131055
-0.753756182572379	1.42307503085155
-0.309431828644483	0.522695029211239
0.364783194517183	0.632614454092606
0.649665838682088	1.53901795574581
-0.0876059892104664	0.126639093803191
-0.182849895996667	0.260589977507155
0.206772640069551	0.307436004410712
0.709739464012159	1.48963134291159
0.163808265154037	0.183783196853308
-0.318268744729125	0.553845393046269
0.400600284746162	0.59527840378746
-1.03296060691865	1.52313150348875
0.171571357261554	0.242925974643294
0.163736829089576	0.183691537002657
0.0337367655437419	0.0447529861218795
0.306728069056432	0.52271913341327
0.474730421470375	1.15680403061029
0.434999043252842	0.770443123227754
0.143312232623986	0.22412926301523
0.374602393749706	0.776881775514121
0.358262226620256	0.844189246424216
-0.126872954781597	0.207076178312017
-0.0784594929775115	0.0995944253901254
0.323674366895031	0.491164463037223
0.240134938999392	0.322614582726188
0.263557592773265	0.400462918365579
0.0855217223019991	0.12772318761632
0.20044289296568	0.317252056179546
-0.378703963422108	0.644999667029594
-0.148939958757795	0.224596415063206
-0.0373115956201717	0.0547161738504454
0.305489136873273	0.5124009454402
0.216455487773537	0.366571821904319
0.347428322146127	0.68538038938671
-0.0346347773190808	0.0465597357232404
-0.0416478644732976	0.0487269315010425
-0.751252346142445	1.20324971761434
0.911443604251702	1.33761803755767
0.448523032541679	0.643702075619613
0.356599757620211	0.503438300740263
0.137615644430634	0.19880501340222
-0.213403205300674	0.283363034324482
0.744893448012217	1.62354713809171
0.295787918472673	0.35798963662544
0.373743814552856	0.764559353340967
-0.0117094241796139	0.0119685066014113
0.444803982212485	0.666135892075417
-0.57189824752398	1.22787125185245
-0.053637690868729	0.0701256891733108
0.59932208453869	1.79111928167226
-0.0895616149803617	0.133041795167739
0.0393760740377191	0.0446314512531052
0.370648776290118	0.69722424943542
0.371711622966532	0.719786562529308
-0.262358699338383	0.45243038622113
-0.0295304695632102	0.0372085109618014
0.05336265603002	0.0554816598419723
0.178102029609428	0.184640007706826
0.696554806862513	1.64299557093332
0.40117045315443	0.583981542338523
-0.0608227912171143	0.0651094632532238
-0.539644376119818	0.620168736129261
0.202053915331077	0.29467208988343
0.492399132862545	1.01878364905176
0.515111632045563	1.13195497718845
0.240134938999392	0.322614582726188
0.329269069148373	0.519916222001548
0.0452580715645026	0.0546119944122668
0.195585446461564	0.328013696073089
-0.151059062746481	0.241093244461633
0.219614572700893	0.377739871481497
0.241584882823403	0.462101595081688
0.429161637682254	0.908317296246081
0.249208101660488	0.349770726232
0.505408141516716	0.956578479598156
0.315298299229326	0.440841684099531
0.0917119445786871	0.0910126008577971
0.235454247482846	0.359442368006547
-0.00346319085471094	0.00389011045205115
0.222667409540708	0.355771648601607
0.06301420419101	0.087636680821739
-0.12715998574314	0.142324423086698
-0.0886324379229645	0.120595111282681
0.33124045006445	0.55018349035452
0.108932798136969	0.123669256347309
-0.326658511461851	0.553627841698508
0.220632156717154	0.379986699120608
-0.21811395834718	0.411895108658211
0.508678922588319	0.948399076979079
-0.0396412527134152	0.0381975255654611
0.65099159788363	1.0706620927572
0.283269495489398	0.316022405643009
1.05223497478872	2.56487891930966
-0.40228352135849	0.705683499854349
-0.213795782745681	0.272346709997142
-0.0449055494907161	0.0504129450255899
-0.27448112296938	0.393606460453894
-0.390666896126257	0.857962792692112
0.108642769214151	0.12330643148588
0.208706850090221	0.278023642601857
-0.409904035395056	0.741528396001185
0.0851409858165679	0.11027049313972
0.158697644180459	0.246584828305964
0.103212382688888	0.155807116714769
0.678888756500467	1.50700191108409
0.00448268578859177	0.00529681662996334
0.546007022739621	1.22657749977836
0.0961866398713791	0.120847955123504
-0.0136027176943065	0.0165248589584263
-0.402235773306058	0.643277893424442
0.768076252932949	1.7570127948723
0.438969870301762	0.725176308325105
0.399617251278036	0.530477332477282
-0.263938896580364	0.262905423514021
0.657506911925942	0.901482150174491
0.224756197321086	0.190513467317769
0.0937377816260216	0.0848390293149222
0.320771432570123	0.468242073063324
-0.19944207596479	0.233020956362783
-0.0828451607770234	0.123101543752634
0.0545441981051289	0.0709085387673959
0.315265241497267	0.572834214598591
0.35952783824199	0.540181565297538
0.0498773721566685	0.057997863234789
0.131205194787262	0.160216824220929
0.018162473967946	0.0204162253597842
0.22345480772104	0.317251803706993
0.201451000494227	0.227773333973899
0.0919633714344497	0.0912684620346603
-0.0145585030483295	0.0115453609358983
-0.677959280301675	0.97026541016232
0.0322102856770603	0.0297753342746461
0.717914369548456	1.18958123192005
0.756374743657137	2.3244144717484
0.710711341941287	1.49312016848083
0.00695026720399927	0.0051531649595559
0.0536907095115294	0.0482961368680735
-0.410006115014115	0.677941643137173
-0.254575257277805	0.413912558237283
0.0886866363170992	0.108946990385208
-0.307453530059696	0.4890594866266
0.159270363819673	0.232353352626004
-0.226487751753618	0.312137589492937
-0.134033066978094	0.163857541753455
-0.334218445899858	0.549973391130784
0.398800933949429	0.745161832978492
-0.13113315511395	0.179507248267357
0.00325961000662156	0.00398448939354874
0.0424379912846769	0.051068492576212
0.138772127491882	0.20075703082163
-0.342513782320704	0.510256369133921
0.33146440443876	0.542125805411914
0.123173137575111	0.13365590901636
0.356880938095102	0.514348853319293
0.204081341620665	0.298313570432457
-0.0117610141973875	0.0120218312267644
-0.0765615795993446	0.0897450382709935
0.270278658144892	0.432603396523909
0.126191108462998	0.163454559699895
0.247494631888351	0.399399782919157
0.20330359448625	0.264805591940803
0.227780084734242	0.3299537619168
0.00112903978632226	0.00109671685069873
-1.01768682187013	1.37988293040055
0.292511021871305	0.345021683039683
0.250047399803119	0.293113691617316
0.359534733167563	0.540226472113926
0.521111344500844	0.668708962681827
0.400154092544512	0.655331924800922
-0.0884828278984162	0.112293187579625
0.372156157903837	0.730329701323783
0.0127441701010819	0.0153961267509748
0.661268936684762	1.37846617164319
0.201136640195818	0.292933361418053
-0.301735055985531	0.494970970492604
-0.436238678585238	0.744109840758911
0.286761842861193	0.415021134264188
0.259773785489205	0.447940753157221
0.138829470342262	0.200822153621542
0.0516322906170522	0.0536309181541124
0.347151000818978	0.435061942592724
-0.53100792262551	0.880629164009005
0.363315203385934	0.578933579919955
0.738001377261847	1.63282459507812
0.241734039426343	0.377140969990816
-0.19346289794668	0.302768733835866
-0.116950585214512	0.154517069856246
0.160588105879887	0.197916862006279
0.105788084721802	0.145761310511649
-0.662175692199176	1.57417978359682
-0.739807193823905	1.47916619086938
-0.386632012279439	0.576928470000398
0.597336533492142	0.95548963546371
-0.56505680249184	1.00136565397551
-0.0357948215135862	0.0384058917982795
-0.557178739708105	1.30974924475881
0.351097739071451	0.462418093231515
-0.044310321793262	0.0520070662892287
-0.21317369574629	0.283000819363501
0.244578174751881	0.436723732353818
-0.866279924211229	1.68586499967187
-0.306999654313006	0.407117804337794
-0.255502654259506	0.365422524901734
0.106757380276758	0.163609274946766
-0.635117387735615	1.60370689456874
0.223529240819791	0.357532265005838
-0.436865408870808	0.65263981877332
0.0625445769925521	0.071474183533607
0.652693911549528	1.22817430107806
0.0271773543263443	0.0353662310749129
0.223310243306212	0.357079019807477
0.191247461489032	0.23760743843407
0.839921585800227	1.61814812172183
-0.165365714435449	0.210576932890945
0.0807833878367149	0.0845328500189016
0.323040674408021	0.481284576665933
-0.129950599387175	0.15209617325182
0.00234206896430321	0.00304689839736495
0.35753097058063	0.525730889110294
-0.341007947279538	0.542899124509938
-0.0398053128269316	0.0484420486036532
0.207153173299129	0.308193086960582
0.508844580303733	0.948649963615517
0.307868961770388	0.525183081612992
-0.214802174776047	0.346514448511455
0.188975658399229	0.284201722741906
0.18722889249426	0.200061162404725
0.0894726484916445	0.096165109586804
-0.769962691314169	1.58611825508889
-0.21710471272084	0.26531300461504
0.270453185427332	0.358115308276156
0.613852493646281	1.26683688108787
0.0590499309352617	0.0780687361394706
0.19834484590577	0.283973101341235
0.0297909057556974	0.0329297145807111
0.151288488632972	0.197750123481347
-0.161477171474898	0.251473567729517
-0.188799925228368	0.319280959927756
0.0965416935005043	0.114072896107233
0.0287813002095596	0.0317797782309864
0.154334631105113	0.185805211637551
0.238986529339849	0.366414173779641
-0.197125099518413	0.261551120075884
0.175678516328175	0.29168413592871
0.288267956596917	0.425317379933759
0.586946734315945	1.15026691393183
0.25906180731144	0.385738804785398
-0.106919317980754	0.15536524297052
-0.270372067861002	0.401848549054254
-0.011992367382119	0.01226005496727
0.29933702541317	0.484117450103464
-0.218449574158465	0.343470193688348
-0.038970608046091	0.0509468718833716
0.0852390150377376	0.116193349118665
-0.822529492017224	1.97096392688495
0.42617867818421	0.960561613299591
-0.0720764936902995	0.0944754002776382
0.0728986103310243	0.100285609834306
0.208381723664158	0.310414747043358
0.199160141361053	0.285405098685187
0.00752331697533209	0.00824557518020199
0.220848884336602	0.270268518300485
0.200210892175708	0.316995403403188
0.100621995158405	0.12885850657062
-0.531378397945417	0.881573027550537
-0.362273456772767	0.539294001870297
-0.388491100384234	0.79560554014128
0.18790395111781	0.282279977832723
0.587254701876613	1.15105904800608
-0.0546948678367933	0.071609372159874
0.254775287804107	0.47714061256185
0.424546219084318	0.942694042091803
0.399121146981184	0.504293815438691
0.0538741364048457	0.0600707838167295
-0.0817370778713139	0.0829042308457955
0.433456422126559	0.780028651154387
-0.124939146641932	0.159075137732158
-0.179962402428371	0.219797092470817
0.343469909988157	0.639886722598391
0.516620723804131	1.13726579108672
-0.768386017119011	1.36272362488957
0.267847489938307	0.421423301046942
-0.108512922220688	0.148040004003392
0.091545720160208	0.127216960167045
0.13019306169911	0.205224346700789
-0.17183307822999	0.260567674458289
-0.435582556424841	0.89864410378392
0.073111828318362	0.0857674712644893
-0.911797975400023	1.93056046241466
-0.290334398816375	0.337741614137193
-0.136599326979946	0.137653459407648
-0.457749335173142	0.658530116729893
-0.148714690747364	0.224260668480924
0.231498370907406	0.297393135107487
-0.182050390487964	0.241327617852415
-0.01289929335434	0.014486272553766
0.262428982969047	0.459561719125338
-0.0698805604763929	0.0784568920154208
0.44762789600603	0.641972216567387
-0.0372493455637886	0.0486052097781622
-0.295815245725036	0.525882552767532
0.25885545004758	0.445765951158702
0.353657332754688	0.765794580031711
-0.429155523149024	0.777842627426377
-0.269764766993243	0.477631094598195
-0.671252452546706	1.414133537638
-0.61099195021524	1.66283660370397
0.00183355563589307	0.00245470246567577
0.252578433626976	0.361653000597826
0.351916465924974	0.463780066101581
0.267660950529397	0.346771117534331
0.125899211487324	0.174983971405279
0.142060129850229	0.234659397843048
0.187566823750925	0.304291493508574
0.311805403676181	0.549428441803935
0.401452284285369	0.952728530557163
-0.494482565592305	1.07732460684916
-0.365699267533958	0.638896996133466
0.20141890915461	0.319278097160533
0.443715437181451	0.678498768116585
0.170524813692809	0.196297072600577
0.435172651841976	0.743555301349017
-0.275312464712384	0.436483843971884
-0.308408546367144	0.409575575993155
-0.0354647664181188	0.0380368983091658
0.707420379666754	1.92294778670934
0.479650039176632	1.09991534728285
0.209070352840941	0.315848674938827
0.590791649732108	1.30740113474937
-0.513525006512914	1.1222611096744
-0.290515824938765	0.461135013323873
-0.159073949155758	0.233447155790202
-0.243415309249211	0.335801704181198
-0.574440787775775	1.35115390559022
0.0256168597195399	0.0332760146716759
-0.311772837876137	0.447596438575462
0.0863682664520352	0.112032214135801
0.256143573783073	0.374216225626908
0.192668382998166	0.239725743855487
0.400183634189019	0.793677221784089
0.0809293087654814	0.124008007238824
0.120277320603022	0.183204915795876
0.126327856828945	0.175672369217121
-0.331983773681823	0.609404314389635
0.24519480361433	0.389409618223562
-0.0113754397544697	0.0116219478251618
-0.179841863991192	0.237863788022555
-0.211879267458549	0.280807068436628
-0.0860589486824262	0.116686307865981
-0.277226100674674	0.464729265489651
-0.10190563139939	0.143338432805355
0.0269136860551199	0.0350154651866097
0.0664555471181874	0.0854353527496327
0.258267160520514	0.438982167470374
0.139253912423939	0.226862996501378
0.315966179931655	0.582240776164309
0.365054941646329	0.613380249339387
-0.0235192159352333	0.0264234709766393
0.0997177342755394	0.11020520544672
0.0693608585866159	0.0982975607572505
0.310446052363021	0.644964936343312
-0.211637164173089	0.434466055445741
0.539935363790139	1.06440765299066
-0.287713445439834	0.497439284838947
0.148391303530879	0.222449444955692
0.236595859589667	0.31098840852699
0.336560438353778	0.378413161859779
-0.360193897126626	0.438020787498567
0.111932455740995	0.117867014656518
0.147322495351474	0.156239699381974
0.544336103733489	0.845779764997785
0.269804269453136	0.425370762100414
-0.0318007293303969	0.0372192723214089
0.030574319467951	0.0372511099227552
-0.699757224863937	1.47567992895157
0.24781280563736	0.289953017143163
-0.302891300554302	0.450116851173944
-0.181027115811354	0.221239739697885
0.337175825870016	0.589905751197156
-0.120100018858007	0.146768501392786
-0.713137010677735	1.66184699752907
0.162779699322982	0.272562799471359
-0.151323317016315	0.254077462920986
-0.263458822661133	0.490859177963348
-0.153706107896808	0.252507618992664
-0.15980650925556	0.241608796065587
0.422043699129496	1.05571646551239
-0.12974836644945	0.227367218031346
0.192021784100664	0.362660457620848
0.10491095978836	0.167377658599441
0.0641634589579389	0.0822565162113931
0.163405673589412	0.258293682839595
-0.0717619550110432	0.0876211202066645
-0.408665016938734	0.799555669222013
0.491157319800556	1.01445586658459
-0.261141437385402	0.449720662469028
0.156102537343878	0.208169561131504
0.0234638970706992	0.0280041884992834
-0.496468059919055	0.930782559536778
0.0300102796097904	0.0365487191028375
-0.343121011214002	0.582508692390702
0.198570487844799	0.284377565631598
-0.0579256940582288	0.0733577663941777
0.0425765724138417	0.0512451587839189
-0.835010216973134	1.57723101967582
1.2044607738792	1.92256153858759
0.213882618491046	0.173695629976342
0.203674426847886	0.265390519906369
0.426010490174157	0.984614080389488
0.146190592412954	0.171518388099862
0.356735866077683	0.514084090319088
1.26961009077822	1.4782224808064
-0.134965665793035	0.0840269647877798
0.236034281133952	0.208591600569029
-0.0722067656190747	0.0608964313652598
0.0530463122285191	0.0476909437697789
-0.0408973058931065	0.0293849525154022
0.681734096752874	0.888343156822925
0.138634271192478	0.142812822992694
-0.206604229699221	0.206874238115028
0.509401462809986	0.932179878973382
-0.494903791585159	1.07874486727239
-0.214791906629467	0.261751262694493
2.0067827594413	3.089385437002
-0.182161309551837	0.0939563331089012
-0.155811648978559	0.147834117331431
0.303318268058981	0.386354559741399
-0.355964292123649	0.472554330356394
-0.0301753847146581	0.0453300585715826
0.0793974153589443	0.126238141598265
0.0972187304532591	0.162870215076337
0.0456061030564722	0.0758449284527879
0.525569737183194	1.51748688556874
-0.310101759684585	0.552719320045627
-0.081770838779232	0.128110266997722
-0.0866585107737842	0.142537742634404
-0.214222976532597	0.42219410924895
-0.47462801288039	0.761362655321924
-0.0581286551185804	0.0811067151131897
-0.0592640603255197	0.0800479612641715
0.0795720932508732	0.0764776365358824
0.399480223891405	0.543106138751683
-0.254747131635284	0.268453402758454
0.650100140550428	1.06828072754965
0.369833583870227	0.674898072459717
-0.119602840519021	0.163473739773178
0.400763937854866	0.595676122655088
-0.509380881391193	0.673294237675117
0.187094973633769	0.199953560992421
-0.326644556716389	0.646336478821957
-0.127503254306733	0.191276909728186
0.538247974269833	0.636824493351985
0.224018286979662	0.358325039433284
0.394072340363362	0.378538702420244
0.278918688482176	0.302427714878896
0.486571146725833	0.780967968226952
0.326424810051263	0.334813385564109
-0.305685151092868	0.372608811705244
-0.308544047696343	0.491275074482205
0.77697877752848	1.62229318447082
0.386780479498153	0.314175863115507
1.00830360394166	1.05598092233095
-0.314768166599113	0.330144981994763
0.550246022660186	0.837698745036994
0.0723313710791894	0.0793858939197503
0.382557512946712	0.943618198528484
0.510664585029113	1.40890220081239
0.152484165614314	0.317668103271055
-0.173887051913794	0.359211588281797
0.322114175424745	0.770219689912547
-0.21883403726437	0.40311371656997
-0.320035998335219	0.676899926226349
-0.22491080527784	0.511987047119231
-0.138003380900368	0.242709276660095
-0.781523028527131	1.74048252837583
0.107810102844962	0.172673775705083
0.373453397077374	0.763740846267342
-0.64524268776803	0.77539495248155
0.522347575661979	0.911587625418407
0.283458649873877	0.401643620607226
0.0803326922432222	0.0840272831738695
-0.443472359927414	0.781217164287473
0.172886995188646	0.245203200940125
-0.511195170153232	0.903386575998559
-0.0952184454237363	0.0798530104833629
0.0815191511191864	0.0918193236992033
-0.191695697249535	0.30807373563053
-0.556300604425733	1.3339941290783
0.00783888395279444	0.00580623010937518
0.571918207835127	1.17065769278037
0.214012710941672	0.291430192207171
0.146350261130903	0.155039849563927
1.27090367791513	1.48065002375641
0.482378324060382	0.464445371521406
0.448829154007393	0.644112090031951
0.296365930385219	0.358815873765153
0.163616850971274	0.138496775638697
0.398745588882222	0.516415778206069
0.681049359495274	1.79594578660582
-0.0128421317869912	0.0109719198012717
-0.248692547761734	0.147385274496048
-0.278985876112102	0.206842080705569
-0.689096740857153	0.906613696177887
0.139015718619223	0.159060297428887
-0.404347523923139	0.710795363320907
0.276147727509425	0.515735372416389
0.249619978631816	0.503346722584469
0.240014356453387	0.499146969952453
0.00964771076140184	0.0124159453271788
-0.040008147752093	0.0554516541554832
-0.254388048053012	0.494845317890621
-0.0189723823535835	0.0269418091662022
-0.121784762178791	0.149083491886087
-0.252879782725154	0.374945758667867
0.334422347453994	0.566167343424703
-0.349565517126735	0.365713210886221
-0.118435873564474	0.119751659443565
-0.552967953701446	0.762588173068671
0.117175198557847	0.113352137061894
-0.130605285698923	0.152976456620416
0.173101185765001	0.223425612085319
-0.297710042242171	0.410462899438091
0.175439615731671	0.154456151837449
-0.299376854398186	0.41358024466233
0.373577762178537	0.764017444073842
-0.194550676057883	0.295818600499628
0.393056062464143	0.37756549924205
0.265473275940008	0.410456309760013
0.158075059146853	0.211240934104696
-0.118232860285485	0.119501617813551
0.237358542573357	0.263075175162326
0.138664902612646	0.173364401925502
0.226140842199746	0.32699055648076
-0.366975225112054	0.507234352330838
0.201644294155669	0.319771217077298
-0.594752296674719	1.15283089522665
-0.39826233564475	0.797691891800578
0.186822725899345	0.280312952993658
0.136352351097741	0.183701660582716
-0.0366784017199908	0.055239518225889
0.331932619807992	0.543126393958868
0.235934816855124	0.402379205494084
-0.223251542508222	0.31846749685016
0.0683008177317569	0.092391610883991
-0.396560091175606	0.792676199636034
-0.089348183897828	0.161362680740201
0.291621687140775	0.43898056305772
-0.436877468217987	0.745543818495693
0.0167587660693229	0.0226743136526612
0.0163181266962085	0.0214031163899651
-0.0772902713680822	0.111274374490798
-0.170055642343178	0.315491269267472
-0.214749843261384	0.356843760965919
-0.15933571299673	0.247532395491646
0.0584792902647169	0.083535216250446
0.146372010345572	0.25877085892469
-0.0246079302878389	0.0349583442187
-0.0159609467165409	0.0194289946900597
0.434059099332098	0.781575057481802
-0.195139985803867	0.258234821064907
0.325212686907941	0.644907352435787
0.218581545543339	0.375525375768799
0.51200762563115	0.938620539940541
0.025948610935063	0.0298404967287306
0.14806708077262	0.139386820618538
0.202984081185253	0.326333192754025
0.249000741984711	0.291660241765986
0.446404586784647	0.654596338293384
0.489796838954985	0.771073999677198
-0.050236428801384	0.0510897391833933
0.0805359930810592	0.0774621140494692
-0.248458006632928	0.330166367082802
0.163016023573657	0.222275632725936
-0.424044571120684	0.678396728551572
0.278918688482176	0.302427714878896
0.0920416423884031	0.0832136531118506
0.00499395732836871	0.00402195086214743
0.236735226385709	0.362025275673965
0.190891294736612	0.314623137043234
-0.0373339832137944	0.0531605176192444
0.0243004545084794	0.0358189561779496
0.229357647666348	0.452186508695196
-0.316052349799258	0.518525229639205
0.374413034662998	0.786300303937453
-0.0132443196202268	0.0160838130172936
0.285564492129789	0.413008339808675
0.399642473050081	0.580951208774
0.633713663014615	1.25289222871957
-0.241718549320816	0.346232641873983
0.056615741861662	0.0772316482877625
0.533262149939896	1.29102683802278
0.238398015150509	0.365312708051043
0.053734997992035	0.0599081625264781
-0.257339989761719	0.313850982859867
-0.22568875148816	0.375419176991327
-0.205342917511572	0.321973767968505
-0.400786002395156	0.508833713076863
0.225739344374828	0.326332750979295
0.812745286671161	1.76164535665251
0.460490515228465	0.930455336495805
-0.151956312908624	0.193696178998331
0.358065507487835	0.526654000539851
0.295277617852303	0.35713842624962
-0.371883074749432	0.472891414700398
0.433356259406942	0.806118361948847
0.278736628141808	0.386377786537446
0.169728582717919	0.170733252649788
0.0752519655756822	0.0583289355899637
-0.027644044736508	0.0251437006010989
0.461134283102326	0.55725535427569
0.124270546769546	0.108996092091698
0.0675334493222503	0.0628522386678119
0.222578623479865	0.232341302304447
0.438969870301762	0.725176308325105
0.172342553467357	0.198806731049913
0.324734711815256	0.493329125579491
-0.0243814952387665	0.0261820137000614
-0.238452965852972	0.353464213238967
-0.227967322325348	0.302000184222602
0.262911469549284	0.460734758328345
-0.0376165456690393	0.0383633385670505
-0.214400855809829	0.18910965013288
0.00248394074938066	0.00228361191262417
-0.0116151730929866	0.0105965819719549
0.451533006397764	0.603461008049467
0.120582725931024	0.164442779504686
0.293827401038082	0.54390184000356
0.0678968029755908	0.107348839002346
-0.386748160399911	0.790598405366477
0.273689526552482	0.509744515177331
0.341038154838984	0.625404341946213
-0.0414788508744772	0.0485265863998851
-0.394306158978428	0.670055384446596
0.225460341623448	0.282574479973966
-0.240704983007525	0.280483833841346
-0.00216607305177502	0.00232635891950956
-0.594185950847144	1.24593812067839
0.165087064261112	0.245517723683841
-0.0235717848230109	0.0276191683602399
0.274055387567218	0.446925747502013
0.120753855895156	0.164690936858812
-0.383917217227209	0.672543996817562
0.472344934725345	0.859185482788723
-0.0415488559043649	0.0485990445008511
-0.290905783123458	0.338636055727494
0.00315553749612744	0.00289794693979391
-0.0987352389104354	0.0999362732193301
0.0333610106487899	0.0392093114739156
0.318801031663834	0.455865536467037
0.14956397550031	0.0992862005450015
0.24758825736191	0.289627075585557
0.0389440284814152	0.0338145916902941
0.249305383739198	0.29212743523649
0.222869862747881	0.232728342936394
-0.0839119578980645	0.0756581890513059
0.63658404556571	0.914649462731156
-0.0627280005952318	0.0566955272035945
0.189727138904628	0.261127651195733
0.979482787532645	2.22938115807599
-0.344850764860617	0.43898146334199
0.232767316701993	0.349318783369661
-0.591025076754878	0.914054550541992
-0.31644686056054	0.367448916742322
0.116493945514323	0.112622849710602
0.61540458854172	1.11160954243699
0.104678264642409	0.0979106528766141
0.0673059289743666	0.102346777317053
0.1705490786164	0.31381336521598
-0.199274337656472	0.356219336543784
0.181764129143578	0.331960135084039
0.768549726020731	1.75895304759329
0.0232973629772234	0.023984090875365
-0.222873490555015	0.329593849451984
0.498746235204312	0.737549428982733
-0.706067891654282	1.13103757540818
0.398507319832266	0.675112845468049
-0.692975052131092	1.23075129251802
0.131483333099728	0.16060263041985
-0.0795397788495291	0.0888843304109883
-0.712906520399404	1.38657534064736
0.543791955843851	1.05552192134452
-0.378673029465505	0.645036061309423
-0.116000326333538	0.15309325004124
0.131537951265767	0.173814041169015
-0.641967129171452	0.809590497270813
0.0899912396287163	0.0967762767846795
-0.146899914987067	0.112176063409813
0.646158869707103	0.907080757248001
0.462671554662267	0.907716897189048
0.826145127230523	1.17665683600491
0.292124752488976	0.237333402423809
0.333540862564697	0.364241979306024
-0.934494799486628	1.2726685638166
-0.74678968696895	0.981016914184702
1.30909455164874	1.98904158492756
0.392518771482072	0.362819256175038
0.80805468172052	1.32159099562182
0.39786434357485	0.514763799872619
0.214847515622737	0.256351132525545
-0.30759761339988	0.408203152399273
0.0452057271323247	0.0491684002780441
-0.490012657770212	0.730577846960997
0.24502511751667	0.22505743191662
0.696469574658913	0.883110625241383
0.642713120032331	1.07807058052891
0.357579840266169	0.515697424590952
-0.0296673344143327	0.03738770424728
-0.0977587077029941	0.153949676466663
0.129757147268718	0.224708482374351
0.0715806331937322	0.110525550897773
-0.105240882637251	0.112257068101318
0.053734997992035	0.0599081625264781
-0.0776316173482251	0.0911010526612291
-0.769081284108649	1.14161262629068
-0.532702053445713	0.88439429714242
0.399255266339106	0.542693081879168
0.54091986630707	0.858739565865836
-0.0537502573697985	0.0630207268369128
0.019831307328861	0.0213683151483568
0.226495979510664	0.284153230377467
0.117605570898556	0.113811627641226
0.078895254587318	0.0757811659834964
0.181947900070127	0.267852035096453
-0.386029448515429	0.575762182480993
0.179258677438352	0.185971995619956
0.899010849163313	1.48263554818629
0.213882618491046	0.173695629976342
0.860531652412964	0.867060552474143
0.253325746055601	0.304480876506518
0.58019374878137	0.581987231916914
0.384389270719563	0.267077546829527
0.384024382492923	0.282361413729015
0.487694917053174	0.451612369838059
0.531990151637753	0.647465301100969
1.00771760891542	1.05531581260404
-0.0626818344089261	0.0346825393218521
0.736337313017367	0.527994458440974
0.78890726278779	0.70116950501465
-0.592478627612012	0.60702249140661
0.0565348872763103	0.0418843624114917
-0.486545870331035	0.532630501415828
-0.591831082308352	0.747571749826869
-0.873819082882951	1.49614515845245
-0.132215220355738	0.125758001334171
0.637169486013772	0.915670918353768
-0.0425150890324115	0.0518997217634513
0.681892391896524	0.888601176893775
0.275164604289681	0.373108109660671
0.280430049935655	0.55170829352175
-0.0289340712917647	0.0455931815675712
0.400600220997346	0.749528038579649
0.187689546009225	0.281885618612425
0.33908545677121	0.392044091299504
-0.349361211391292	0.365427293697875
0.22911103238442	0.246331751756698
0.228740372201761	0.245822341092601
0.235508600806813	0.309316781954311
0.527714718182487	0.886967303624188
0.0512600716327202	0.053226349236314
-0.810380283873507	0.864375238789771
0.138498502141911	0.142638102478114
0.316249908342829	0.582913997178612
-0.0542524025368885	0.0636434338738878
0.00767761869246225	0.00568791543757901
0.468164675511533	0.518129596206959
0.0404098706729729	0.0407816483081383
0.363278995028422	0.578810486911792
0.78910822630312	0.701283917093564
0.727694891323206	0.704243361842568
0.383845560272781	0.282185279120019
0.12722757867006	0.0795213094723885
0.393347552307878	0.377796779684988
0.478421937882491	0.478204833423987
0.11607041397941	0.0859346794041322
0.544519725154226	0.6251376270501
-0.104556837918829	0.073561597213453
0.0643377777160623	0.0541055564233325
0.205684708443897	0.20142515714374
-0.15166556252322	0.125729515053115
0.0685834730766141	0.0638659060599869
-0.051306885559771	0.0626112964696896
0.450950210183854	0.617556711249043
0.402661422856008	0.934328244121325
0.217509452783522	0.373125767158917
0.159657005882124	0.295636233610622
0.728906056921529	0.871699345299692
0.303609677778525	0.386939666328166
0.392273106820117	0.362600559072895
0.397979812419694	0.477075321925212
-0.331849876287531	0.440771729360957
-0.210970551332006	0.290588599497134
-0.449048150364753	0.815195780698169
-0.214195622067486	0.188901357650998
0.14792217959951	0.156979012816088
-0.131779547698515	0.18053154409685
0.0876580386395256	0.100993454866601
1.06640738946912	1.07271114941907
0.138066801688072	0.186374829779417
0.15014833562228	0.195970873370719
0.471935829338349	0.506053716849126
0.214605810656569	0.174355722878504
0.902068855563727	0.873042791499499
0.0356901754042823	0.0251907105553407
-0.103595678062505	0.0728558678953261
-0.114623235750893	0.0883561809753711
0.498894819312396	0.737863645575852
-0.31697170004666	0.36820779672937
-0.433430549916615	0.550193712408969
0.541292950783254	0.859522083980867
0.458025900554036	0.965119563273517
0.399121146981184	0.504293815438691
0.440729358512356	0.72904217594746
0.361301845820622	0.908750009280816
0.53326904208248	1.48092980215501
-0.075965875349367	0.119005967844369
0.0787151740381192	0.0942964492860449
0.128904877188913	0.202829109663083
-0.105246756379292	0.112259747683243
0.31633124488296	0.442693034333243
0.144061723877142	0.184007479384088
-0.470959377537211	0.752414705886399
0.743366602445308	1.61727068605954
-0.0126121923608095	0.0135439693633052
-0.0242840662742379	0.0260767849768781
-0.389948803677158	0.473375552892696
-0.447725454202193	0.716736100329408
-0.0480521547264032	0.0667510934744361
-0.324734146049237	0.549207426223628
0.224595488279763	0.19035042005573
0.344914511631016	0.4212162400994
0.520816643308847	1.11612973257541
0.016158169945328	0.01813159095561
1.16470410386727	1.58456368358812
1.10599671734359	1.2453020727855
0.168830626854928	0.118448462603625
0.482103655819652	0.463960203562463
0.471081935244948	0.504788040615705
0.00386157508760376	0.003334664798985
0.0894882726746085	0.0961720463391605
0.565773753890582	0.805575853113418
-0.356711452037173	0.473816577900487
0.762983698086303	1.8970679089347
-0.0483976826803125	0.0612123706631767
-0.500564655412705	0.802889224566915
0.391795719338362	0.362010474484971
0.455669995218137	0.998690801147897
-0.385288330116676	0.676036294375407
0.0187518304887906	0.0238868876242023
-0.0256294315663954	0.035410856107556
0.318903917325544	0.597202271062271
0.243753124942939	0.277914646976296
0.0107721842610507	0.0113181318391476
0.124418946284742	0.148425768389032
-0.310802756008796	0.445776027308513
0.222348264731069	0.315365734588311
0.178828484014995	0.258867926491696
0.211507180799611	0.320626540582116
0.326771145392729	0.506093674727629
0.504034964945465	0.970080055942906
-0.577319126295942	1.44819891877388
-0.152988977195222	0.202392014731089
-0.518715864300029	0.744769225442579
-0.0335168253823761	0.0376306532023513
-0.35528668992989	0.328859289280446
0.136147651724749	0.123775004000746
0.392273106820117	0.362600559072895
0.385290582315218	0.298377086701218
0.306888225848184	0.271894046932804
0.521853102668858	0.669988369592275
0.278119105543174	0.301360111918099
0.339144952604336	0.392177920931506
1.2728808456265	3.6713549561252
0.142569009521277	0.209698522808316
0.784700896966984	1.47600789589037
-0.249024648406941	0.218265358833356
0.376600317614453	0.782523335089084
0.349466618945104	0.708470181412499
0.368496456850763	0.661567950788512
-0.0996309657804556	0.100908719971379
-0.0340205898054196	0.0382154289589865
0.178911829514328	0.185583260340702
-1.08586371468595	2.92414176305195
-0.25340737623211	0.375950245769681
0.296745587682255	0.4637770442906
-0.415037989249474	0.707009678044849
-0.274756076716238	0.435378673763573
-0.0144339680258641	0.0162286602320551
-0.181382544376647	0.282955864693401
-0.171289321887017	0.259383074732198
-0.452183683741279	0.52255537096848
0.48337613484856	0.465622074966609
-0.187122472606507	0.128555647558065
-0.019556774386428	0.0127379654143943
1.10568147436401	1.24465153065693
0.206624251334266	0.20248601286416
-0.258532461186071	0.31564500940452
0.384923695596064	0.283042401748158
0.175389804045758	0.154419756741784
0.400267834435433	0.937424301496647
0.173245067339778	0.266666259491994
0.646158869707103	0.907080757248001
0.197560976138384	0.251445990054117
0.0453542066240393	0.0493333289254072
0.838582982014527	1.6142947936012
0.256378713784286	0.374643083576401
0.06459194936953	0.0828573121750766
0.0714986541185548	0.083752079338362
-0.346221505416992	0.401622570683262
-0.455544697385442	0.755197646149628
0.573250097108936	1.35178926881799
-0.307786007729727	0.62092589515785
-0.697479817791867	0.877482251499648
0.236882160635342	0.262437459322086
0.456136002259891	0.580694451268345
0.215669415263189	0.257490549315957
0.400526358558405	0.691687411159646
0.00347287169457315	0.00424510104962816
-0.0453982214560515	0.0593050348519573
-0.0916760637026463	0.0877432276097076
0.249252930638899	0.349804402374249
0.0407829344583102	0.04116947249908
0.224894223573532	0.360195210110716
0.178603910923252	0.258481190373236
0.137945082481388	0.186234601213062
0.0736316791982756	0.0966470000996865
0.0692803065256594	0.0981727428802387
0.467452114283965	0.876869718889658
0.603648605654677	1.6198578301155
0.172502208509307	0.222502041120716
0.182310841526616	0.268502005355158
-0.162830733173703	0.281793841863757
0.0113666702421781	0.0141888125626828
0.0173698871146187	0.0155221933399283
0.271696393618305	0.360266150907121
0.93397728206722	2.35030493432193
0.331846558569002	0.53391212819691
-0.465450062331739	0.94019860637132
0.161100092234512	0.198662697748038
0.572031851737024	1.34766653567969
0.208508977144121	0.242352566678847
0.160694533481775	0.198018949553193
-0.286262611211492	0.425525852979588
0.0344000997628444	0.0404798179816703
0.0114611670248654	0.0138297953812949
0.398582753147712	0.687071233722433
-0.141629715843769	0.18756198808143
0.365312188167652	0.624072080330923
0.582473547176513	1.32224286311015
0.0487752900407956	0.0566483099752646
-0.516468357407047	0.96668772861844
0.981532786769283	2.65746096036575
-0.353336520064238	0.507406987133234
0.864576868610874	1.76099655125685
0.320168513952679	0.467097228331892
0.467052224445326	0.875725716461418
0.444006379378549	0.679150592472954
0.399110713680392	0.592312032748164
-0.0446058630507569	0.0582139085341064
0.336847269805703	0.589204568659971
0.336502210764499	0.378274145002999
0.080956263939134	0.0778921794636064
0.178647250918129	0.185310237828435
0.0345386416808387	0.0406502165761593
0.301193092158183	0.488073247075871
0.287016457073245	0.508051606458154
0.103250920888663	0.148862779590683
0.532614445910046	1.28884677217089
0.00362702687925861	0.0045771358636811
-0.453881982467816	0.84776089841415
0.437364544997769	0.749158833535073
0.181135743703943	0.34778499560836
-0.543167555143389	1.41048685247385
0.595982718733347	0.771104506740945
0.230366037603948	0.295581187695726
-0.0411174331527833	0.0501203354062764
-0.168960694874276	0.240177467271093
0.571739671659455	0.795080772421328
0.825935296949003	1.17611540597329
0.0975966686111568	0.115439273728187
0.231245173434285	0.382701145760635
0.174323277549555	0.247599231894635
0.22721134870913	0.32896454200844
-0.339294513612861	0.639817938990406
-0.117195684064933	0.175328274723818
0.437129791674797	0.761929011474687
0.273804469739392	0.288102550703858
0.820610989879981	2.16931862168769
0.163818083491481	0.183738790914429
0.0437000470161664	0.0526562917050998
-0.05526953828738	0.0836148354206781
-0.35325435990843	0.852154441133066
-0.0360873523714338	0.0543029649235378
0.196085339921912	0.356455631847273
0.0993677848300319	0.134217764154004
-0.159709335727604	0.321858577180966
-0.45308400032848	1.13849526963682
-0.158171154642309	0.159075174820938
0.333269252225816	0.363852988018118
-0.0405620224559296	0.0494088575145437
0.246342898384387	0.397004540403474
-0.513933855825668	0.935445244014549
-0.0279109362187597	0.0253937774846341
0.123362266922151	0.146959968903562
-0.0240013370398907	0.0281363227434834
0.398702499502526	0.76738727618969
0.677536000520605	1.80887078452266
-0.132714430951541	0.211011256339683
0.257284564608867	0.376279824231998
0.254151546366646	0.305612549947295
0.26157340580235	0.390160623565791
0.116027904682677	0.0858953542371148
0.478811467387024	0.47889230733178
0.399920924335855	0.770699123256304
0.472045280300799	0.8585475570422
0.31604137228935	0.442196651145975
0.0641958904046019	0.0933335717072872
0.18584989110059	0.137272289138299
0.0594546936099213	0.0586622272525314
0.214570244190981	0.292322888404544
-0.258459470324775	0.31558553990897
0.321927986378159	0.319193279335412
0.25512723115427	0.426562263672958
0.579327235078084	0.982675904757394
0.550901783171073	1.03651586841668
0.0974179014986231	0.115207380485744
0.243881807161404	0.386738305120242
0.488777484615214	0.768951497871307
0.0279422373401071	0.0273559739197465
0.148145304655694	0.157234277547938
0.451572414819814	0.618946643453504
0.244648284821365	0.43185063893857
0.198727314945036	0.253199593032922
0.400071811903935	0.64309804725127
