x	y	clickSelects
-0.027212517247273	0.181872309976908	21
0.02638102091861	0.115707480624982	21
-0.026885257595861	0.181763584301304	21
0.026578001979463	0.115632916852932	21
0.0262529823974	0.115740974734865	21
0.0262529823974	0.115740974734865	21
0.0262529823974	0.115740974734865	21
0.026706095798448	0.115599424911331	21
0.026706095798448	0.115599424911331	21
0.025927884148525	0.115784867669351	21
-0.026885257595861	0.181763584301304	21
0.02638102091861	0.115707480624982	21
-0.026558069458088	0.181629780901929	21
0.026578001979463	0.115632916852932	21
0.026706095798448	0.115599424911331	21
0.0262529823974	0.115740974734865	21
0.026706095798448	0.115599424911331	21
0.02638102091861	0.115707480624982	21
0.0262529823974	0.115740974734865	8
-0.057074062543211	0.243988580759618	8
0.0262529823974	0.115740974734865	18
0.02638102091861	0.115707480624982	18
0.02638102091861	0.115707480624982	145
0.0262529823974	0.115740974734865	46
0.02638102091861	0.115707480624982	46
0.108917506724798	0.183027726744463	29
0.079863906462399	1.4895966097132	21
0.076613504929787	1.0997546534769	21
-0.00356848685448596	0.392174457821183	21
0.041315951032436	0.880779480202836	21
0.054372191117516	0.877808613306496	21
0.097953062569634	0.642834939434957	21
-0.019835557298773	0.746921082218926	21
0.086356895360914	0.478733646485312	21
-0.039841875661601	0.98497232963942	21
0.103194535118969	0.850570334415096	21
0.057164473257683	0.779731336441751	21
0.110056219848962	0.182487537638541	21
0.082594642882397	0.408935844266982	21
-0.021070239402641	0.472219907715536	21
0.109707402077049	0.182683575221982	54
0.063848757200206	0.24082752371999	130
-0.092209090422583	0.454173626769406	21
0.110240640351899	0.182387947376199	21
-0.030866387558964	0.546571673864559	21
0.036573395903395	0.293047297859577	21
-0.082629798397334	0.356017714403008	21
-0.057533352275733	0.244154034678395	30
-0.07848652678001	0.30496762426588	30
-0.00279780628444404	0.391557264053725	16
-0.026230952831322	0.181453225439456	7
-0.092514941870034	1.01698205585862	18
0.063803094020906	0.240906518793572	18
-0.025993123843889	0.181359528182694	8
0.0262529823974	0.115740974734865	2
-0.056701713000141	0.243766524436716	2
0.026578001979463	0.115632916852932	2
-0.078777137316931	0.305158421452833	2
0.108660451140649	0.183189716949853	8
0.055082981015626	0.378584366041983	8
-0.087464891236514	0.406507529555143	8
0.109799545860995	0.182647076841076	8
-0.057446515240923	0.244186902210422	8
-0.026558069458088	0.181629780901929	8
-0.083693463507145	0.356790012099362	8
-0.00270753076425301	0.39143654702567	46
-0.087177451431011	0.406239915798469	46
0.013563969168579	0.532494706151843	46
-0.087417656387196	0.406431459716704	46
-0.083715775564624	0.356857962308328	46
-0.0944427763911671	0.496217067252051	46
-0.092647344011628	0.570035717863214	11
-0.026439196579555	0.181637496851545	29
0.063595204288757	0.241050168239748	29
-0.012399064609477	0.431984414646556	29
0.037699295742136	1.25075926830423	21
0.021972873455856	1.16053003010175	21
0.115312693149256	0.329868615093782	21
0.032021641116558	0.455848860784843	21
0.082093036851967	0.858646163184958	21
-0.012928392475099	1.32793389060267	21
0.031904740977326	0.45603304732395	21
0.00740795196882199	0.567356810902742	21
-0.026647663695847	0.181669906995782	21
0.035705399262856	0.293811238824043	21
-0.026320357908881	0.181536079478803	47
-0.082787084386744	0.356187527615365	47
0.064173260217721	0.240637929437678	21
0.031094245045972	0.457111877127544	21
0.03613666250554	0.29351240701007	21
-0.025506753914513	0.508598795657502	30
-0.00223110848004704	0.390984588410001	30
0.121163955397451	0.439049283515875	30
-0.025952026161329	0.509224779174983	16
-0.028328701847223	0.84711923830113	18
0.063595204288757	0.241050168239748	18
0.055625007056894	0.378104530357655	8
-0.078536636948972	0.305125011360688	8
-0.05698719456961	0.243941671319354	8
0.095433384845801	0.292022274552552	8
-0.0915883707790121	0.453574249796409	8
-0.026647663695847	0.181669906995782	2
0.110240640351899	0.182387947376199	2
0.0262529823974	0.115740974734865	2
0.062971594047772	0.241393233431787	8
0.048972104412989	0.520581816666443	46
0.04239307649431	0.417813151336015	46
0.096672401894402	0.370896646334433	46
0.013397322560559	0.34484951955903	46
0.123984546673564	0.539938100864917	46
-0.057446515240923	0.244186902210422	11
0.109101444662979	0.182999809053684	29
0.071593267873288	0.616092071752063	21
0.056405750332126	0.781647171838323	21
-0.00263523322755899	0.995089314537351	21
0.07224959941959	0.337064407883488	21
0.109450536757953	0.182830031795741	21
0.062971594047772	0.241393233431787	54
0.013407361297059	0.344927894499103	54
-0.058278346787749	0.244485419870778	47
-0.035577866693903	0.583917033226828	21
-0.00295660626168404	0.391708638897136	21
0.095293271570304	0.292182997049605	30
-0.05698719456961	0.243941671319354	30
-0.026439196579555	0.181637496851545	30
-0.00177815226422595	0.390445769090858	16
-0.056614735142323	0.243719575714471	7
0.02638102091861	0.115707480624982	7
0.025927884148525	0.115784867669351	7
0.014175350435795	0.531217416812017	7
-0.013831681540904	0.433393686437472	8
-0.047564260707004	2.41611904649765	18
-0.086456768495383	0.405540439224847	18
0.076742727136647	0.744920042852159	18
0.111845006190608	0.404969286402671	18
-0.027421152157757	0.181948809266462	18
-0.0929038167565009	0.532773586225289	8
-0.026766443486322	0.181771361232728	8
-0.083267887618803	0.356396580989563	8
0.115457891398053	0.329775292225605	2
0.110056219848962	0.182487537638541	2
0.063387324348854	0.241179490901457	2
-0.00565115869864097	1.02747269753459	8
-0.016598633920189	1.1561019954836	8
0.04519274349526	0.753555776273108	8
-0.0837534889017561	0.356962102540156	8
-0.026647663695847	0.181669906995782	8
-0.026766443486322	0.181771361232728	46
0.063179454251766	0.24129442990172	46
-0.00563192649077804	0.640499052760351	46
0.055812587372302	0.377921773991315	46
0.02638102091861	0.115707480624982	29
-0.012581259499698	0.432199645141202	29
0.094760247108192	1.32596468850037	21
0.118633830384298	1.58101749073353	21
0.046077796924582	2.28614403979176	21
0.082461038801235	0.713088578251237	21
0.097108316888249	0.370422775839988	21
-0.093000040310139	0.607577523904136	21
0.072453483998906	0.336856890400165	21
0.040787620656699	0.555855744883118	54
-0.057446515240923	0.244186902210422	54
0.056875515247252	0.376697656537854	21
0.109193287778556	0.182936872483906	30
-0.00243505128163402	0.391188927012563	20
-0.092647344011628	0.570035717863214	30
0.01402892581842	0.531767711059876	16
0.063179454251766	0.24129442990172	7
0.02638102091861	0.115707480624982	7
0.02638102091861	0.115707480624982	7
0.0262529823974	0.115740974734865	7
-0.036026169965979	0.584570632209068	7
-0.095126532250119	1.64977131842286	7
-0.092257612825849	0.678993222104343	18
-0.078536636948972	0.305125011360688	18
0.013869987406119	0.531976359169002	8
-0.078125665272558	0.304829459171569	8
-0.0777849820602931	0.304538438241923	2
-0.026439196579555	0.181637496851545	2
-0.057273078545836	0.24401728972823	2
0.026706095798448	0.115599424911331	2
-0.092928783006452	0.532781435691555	8
0.109799545860995	0.182647076841076	8
0.04275392866886	0.417410163821972	46
0.085873603103285	0.479362861908626	46
0.00293357058346599	0.932300950287758	11
0.109799545860995	0.182647076841076	29
0.097310688999986	0.370199452955939	29
0.088041034686634	1.68514813709536	21
-0.111000626243412	2.13537845155874	21
0.087320867936385	1.18602997949974	21
0.074808538016938	0.680910750115911	21
-0.063258416582654	0.996746085483307	21
0.027640188213826	0.75627200051977	21
-0.00573132676932397	0.640644612006728	21
-0.092814132007377	0.570248118453724	21
0.042149559130936	0.418059715408688	21
0.09491350311491	0.292529750547705	21
0.035366370519045	0.294114673004159	21
0.014186112454634	0.344170598983924	21
0.082594642882397	0.408935844266982	54
-0.083221610013229	0.356588056116416	47
0.063965386232183	0.24079747670908	21
0.014176057211165	0.344179114842199	21
0.04275392866886	0.417410163821972	21
0.021844215746471	0.495031072503582	21
-0.087801575510689	0.406755989047342	30
0.063848757200206	0.24082752371999	30
-0.025249374203745	0.812944905328656	30
0.036716783481881	0.692037547065049	30
0.090459637934051	0.610909550492634	30
-0.092865498382755	0.532289545344033	16
-0.092604886751032	0.569936602825566	16
0.02638102091861	0.115707480624982	7
0.060258065351932	0.581606659605781	7
0.02012237507283	0.661977584460321	7
0.039576531627799	0.558010436602623	18
0.007456148750416	0.567264869815239	18
-0.00248019457083104	0.391166748998926	18
-0.083438834002424	0.356755276495767	18
0.109101444662979	0.182999809053684	8
-0.0573597572857401	0.244140038228301	8
-0.057446515240923	0.244186902210422	8
0.064010993494468	0.240746920738287	8
0.10996388448085	0.182479405514895	2
-0.087273927483431	0.406232046952704	8
-0.068713423756314	1.10078432738835	8
0.09505360193435	0.292390925335638	8
-0.026558069458088	0.181629780901929	46
0.055458229932673	0.378258375528363	11
0.07249943450516	0.33675177663699	11
0.063595204288757	0.241050168239748	11
0.109799545860995	0.182647076841076	11
-0.057161009431051	0.243955833867403	11
-0.026320357908881	0.181536079478803	29
0.020391924658714	0.923515640964733	21
0.013929814598561	0.344419532622044	21
-0.092589905214655	0.454477971661214	21
0.058385332575678	0.484785817333121	54
-0.091010056620102	0.452890221586117	47
0.032383910071017	0.455283181926575	21
0.097555623210387	0.369923132322688	21
0.09907134403889	0.441037099126566	21
0.058534842525861	0.484485857247228	21
0.115039101400426	0.330167013634977	21
0.036763240148911	0.292913561489659	21
0.097236497413461	0.370272752082967	21
-0.092730813366425	0.454539568759325	30
0.064290062097229	0.240470252655463	30
-0.055441480988115	1.33073463267268	30
0.07040993980077	0.44615711292906	16
0.110497314606171	0.182238823572662	7
0.063133988582993	0.241284069109317	7
0.053010036853619	1.07837114461925	18
0.06753812032833	0.955552677272979	18
0.052173727559689	0.617857815459418	18
0.097757799121005	0.369666753707457	8
0.05597937661558	0.377744759719275	8
0.04271203230985	0.417443077056562	8
-0.026885257595861	0.181763584301304	2
0.026055867222047	0.11575139667589	2
0.110240640351899	0.182387947376199	2
0.109101444662979	0.182999809053684	2
-0.026439196579555	0.181637496851545	8
0.060527052747918	0.928098088081819	8
0.012670821090053	0.533692933587642	8
-0.012581259499698	0.432199645141202	8
-0.057533352275733	0.244154034678395	46
0.109707402077049	0.182683575221982	46
-0.026647663695847	0.181669906995782	46
-0.057446515240923	0.244186902210422	46
0.063803094020906	0.240906518793572	46
-0.09183890851117	0.713428620330702	46
0.110576470302533	0.472454425769551	46
0.112420917132722	0.404173481040559	46
-0.05968132063441	0.89820482290536	46
-0.014202941253729	0.708897614293364	11
-0.047692243877407	0.722692677389619	11
-0.035577866693903	0.583917033226828	11
-0.087224671595168	0.406295701025261	29
0.115389529981011	1.1466078909939	21
0.083640902315666	2.11360497991728	21
-0.044439652784	1.0524919206582	21
-0.091770505505851	0.882003110209075	54
0.08247471174767	0.409121358496324	54
0.043891665731337	0.65560733329319	21
-0.011096594244973	0.903136284802886	21
0.120690619850807	0.604784370331955	21
-0.093802413572341	0.533830252999633	21
-0.039473847990623	0.620022723572305	21
0.026578001979463	0.115632916852932	7
0.026578001979463	0.115632916852932	7
0.064031507607595	0.743476896380366	7
0.018128242684086	0.951687725679297	7
0.013613780346434	0.698884653874327	18
0.121706752126516	0.438293610844884	18
0.080623532715367	0.579401924123816	18
-0.0932430434860581	0.533091139302732	18
-0.00472067225048101	0.63884150012984	7
0.055604241216165	0.378097173622837	8
-0.00248019457083104	0.391166748998926	92
0.035653888899533	0.293885142019209	8
-0.0943972671625209	0.496288237175383	2
-0.091566019723052	0.642219180898014	2
-0.092350013488996	0.454283781079798	2
-0.027421152157757	0.181948809266462	2
-0.027212517247273	0.181872309976908	2
-0.026647663695847	0.181669906995782	8
-0.084307468636137	0.357198027117178	8
-0.078245908749132	0.304934080913825	8
0.114393611443112	0.330816957041625	8
0.068736796061058	0.448482216177223	8
-0.086744198774934	0.405807823003872	46
0.094673832924927	0.292725548193684	46
-0.00562510231786895	1.02731311045546	46
0.033267276442916	0.591156638088238	11
0.064381143930973	0.240457494796744	11
0.036331969911391	0.293302373129656	11
-0.026632548094356	0.510133550197476	29
0.115914005581921	0.673072068817601	21
-0.040532984394089	1.01393763539688	21
-0.010180777230354	1.64610292501143	21
0.025985052862862	0.885950559598777	21
0.067076475311002	0.805690773188802	54
-0.062858823064613	0.965720000599663	21
-0.096601094193236	1.34771331378741	21
0.122811679427306	0.641610718957848	21
-0.04467176011813	1.05314370696163	21
0.091134400522329	0.800265947720615	21
0.098697453477718	0.763181883361055	30
0.098032469709975	0.642519916114283	30
-0.095187665251486	1.31226520139783	16
-0.084030602818931	0.357153975147905	7
0.063803094020906	0.240906518793572	7
0.014138996050935	0.531610284677286	7
-0.071802758489618	2.46718323983476	18
0.027674985312403	0.75616096359846	18
-0.091671504594961	0.781004589104358	18
0.00390458990430698	0.929714668856711	18
-0.0482281785890341	1.11826588712169	18
0.095153131982823	0.292321818790962	7
0.08247471174767	0.409121358496324	92
0.081305504904691	0.41049761684171	92
0.056562752524367	0.377059361606541	2
-0.0935817551836891	0.495540001547722	2
-0.0917551185325039	0.605984465478589	2
0.021319460940592	0.495738990087645	2
0.051130753552826	0.619710684587492	8
0.117245313818582	0.508037024446057	8
-0.035477743976454	0.918875396786013	8
0.058811830776862	0.584473792408725	8
0.08327948182083	0.408000888370401	8
0.08303860030284	0.408333541344697	46
0.058859013058041	0.584343742248457	46
0.107953677415996	0.604171758476227	46
0.057042579595932	0.779865795195508	46
-0.00782364964793103	0.86993377664099	46
-0.011096594244973	0.903136284802886	11
0.012300448147298	0.861376250943342	11
0.041113807968795	0.555374824837559	11
0.090633239868332	0.676475358771196	21
0.079205770921679	1.15045414580662	21
0.104858888010836	1.0934861767169	21
0.09323753884441	1.14582447017401	21
0.100238983749526	1.14131114040662	54
0.065139279692776	0.648795729863226	21
0.098825024276397	0.57633857607777	21
0.037913501228594	0.689665771436351	21
0.038126552694851	0.90978762986075	21
0.012509221095475	0.860667650621924	21
-0.093654798753265	0.953385227225936	21
0.022252120769045	0.791258751135578	21
0.122672559892605	0.641932026880146	30
-0.121200352277138	1.2051513979252	30
0.00335072838279898	1.10669558662503	30
-0.0836560319662421	0.356902286202087	7
0.086771633558086	0.477922844374369	7
0.048926580029903	0.520856208203817	18
0.046040934427171	0.939715355336769	18
0.041465860337026	1.08593558592569	18
-0.00938088139119298	0.673294237675117	18
0.106557028113154	0.544282348994836	18
-0.017006395568735	0.741003622791065	18
-0.092638245083176	0.607186579346068	7
-0.0436834734068	0.656821925302498	7
0.097757799121005	0.369666753707457	92
-0.046432952894186	0.690991473854956	92
-0.090617363992086	0.778962250464472	92
-0.091207122603569	0.677407468423144	92
-0.122261216834494	1.17286297743933	2
-0.00295660626168404	0.391708638897136	2
0.031296969441126	0.456862278708607	2
-0.091895565099578	0.568985119882417	8
0.019379460378583	0.6633815332917	8
-0.091919758318691	0.916163968962318	8
-0.092814132007377	0.570248118453724	46
-0.061646836938701	0.932830974672697	46
-0.04322039892577	0.655402877932733	46
0.04834354107175	0.521777047443436	11
0.058116023058376	0.585571836342527	11
-0.027664376321492	0.845409225350293	29
-0.002083063321209	1.49675841267095	21
0.108579809997386	1.20421528570488	21
-0.039450780065232	1.92935707390985	21
0.063720039054061	1.29883375143813	21
0.023517714430502	1.15546674994489	54
0.069502386984598	0.866082523432017	21
0.034960093323259	0.820427628042287	21
0.035156440731365	0.819953526522603	21
0.00238311555035903	1.10975890038827	21
0.063330936464579	0.745319075680793	21
0.110682151617932	0.853867467122756	30
-0.00243505128163402	0.391188927012563	7
0.086727242368146	0.478168954370905	7
-0.026766443486322	0.181771361232728	7
0.114662894725235	0.330492236550598	7
-0.0506726146090341	0.75831419114514	18
0.021682807073222	0.495263832805352	7
-0.043479582770164	0.656322622478668	92
-0.057691488971507	0.863553898055465	92
0.039733337393421	0.557761648331328	92
-0.092734151772936	0.532557425223047	2
0.112113303416349	0.404582783187266	2
0.05709825917057	0.376366524334784	2
0.014299012906023	0.343984479567624	2
0.063179454251766	0.24129442990172	2
0.035992903456802	0.293640871580907	2
-0.012750988044986	0.432394494543797	2
-0.014640368899252	0.709775998821349	8
-0.09240357494699	0.679346983610281	8
0.06910331445413	0.448031030084896	46
-0.1218632581852	1.13660480187529	46
0.040908361657831	0.784675069111221	46
-0.119730771728407	1.16546074876685	46
0.065230908408379	0.648568611379321	11
0.03489263569357	1.03367868186494	21
0.048450433876675	1.45649904348605	21
0.089390928893423	0.679260327571003	21
0.00725495306646101	1.07131986944715	21
0.100292197557134	0.859836482702337	54
0.033054053514882	0.963715021939777	54
-0.00210416730418395	0.992924186428813	21
-0.01777972948449	0.97104910509552	21
0.038060167602227	0.689343361544221	21
-0.00907994084124597	0.897303494090593	21
0.025424950836731	0.761159301246997	30
0.065049394176337	0.98146151089918	16
0.110392780471154	0.854612212460806	7
-0.093468800395503	0.495308049425571	7
0.013663614686415	0.344695396452043	7
0.080845730514546	0.578795931382986	18
-0.029786951306927	1.13217365718198	18
0.062593713390175	0.747129609795345	18
0.066941254375218	0.549577372856091	7
0.048399418358653	0.521699752148427	7
0.096948694502644	0.370625682520371	7
0.097353380536063	0.370168181665651	8
0.058803136300895	0.484155846206257	92
-0.04362826676641	0.656679743717212	92
0.057645849324612	0.485628906931442	92
0.086783364253198	0.478096137196918	2
-0.078827406622576	0.305295679912071	2
-0.086793509442356	0.405828854307241	2
0.035556285847657	0.293888816159069	2
-0.013272612805373	0.4328928998275	2
0.021884691557011	0.494984147210403	8
-0.049302935728232	0.725951514811073	8
-0.021066957408327	1.00531631234699	8
0.00708665669312603	0.567932788277584	46
-0.09153913687473	0.677193160219126	46
0.116669012572031	0.671029705707569	46
0.106336039799142	0.544627880675889	46
-0.018121626759276	0.743594043621988	11
0.021278781867384	0.495783637824223	11
0.068173582166945	0.449113919716631	11
0.09570292884225	0.371844293692179	11
0.007668184156508	0.566892290433264	29
0.086783364253198	0.478096137196918	29
0.011796156060405	0.862571784012805	21
0.107995637098315	0.47642791110963	21
0.070727863614735	0.445624329053294	21
0.058421029070208	0.585158799233521	21
-0.091442723379658	0.814254142503307	21
-0.042889035669166	0.6554373838322	21
0.070486360192592	0.77838441101088	21
-0.019017449123092	0.745299413857126	21
-0.092814132007377	0.570248118453724	30
-0.09243816897969	0.569761494842043	30
-0.093632656956967	0.533650660784662	30
0.012825499926384	1.15663809261413	7
0.02638102091861	0.115707480624982	7
0.071463118252734	0.925405377941047	8
0.086581411346876	0.478232524604375	18
0.056928779532897	0.376546194251166	7
-0.09288309383159	0.607547531429254	92
0.069628665752228	0.447331103541761	92
0.109590805361535	0.474096109371811	92
0.03225527318321	0.593000525116865	2
-0.0836560319662421	0.356902286202087	2
-0.078416452425551	0.305020392350438	2
0.038807039133674	1.22750461363085	8
0.021521433897367	0.495472471466464	8
-0.059760225695015	0.898392958778507	8
-0.00916396577795797	0.672857395122195	46
0.085184633780933	0.973472672362235	46
0.048119001468692	0.933892395741093	46
0.020073982266669	0.661956675660866	11
-0.08756138040428	0.406585318283645	11
-0.092089981557568	0.643110459348313	11
-0.083161645337096	0.356525507063071	29
0.098858814873403	0.441361808635696	29
-0.09242372066818	0.782499598821341	29
-0.093503786386708	0.68072957254753	29
0.072091683511285	0.337180223694258	29
0.120064563506147	0.940382590452289	21
-0.02164312708079	1.2460275346369	21
0.086682228549849	0.478209640444137	21
0.043594293462014	0.656190583359103	21
-0.062662611944035	0.965476492760034	54
0.021319460940592	0.495738990087645	21
0.109654381798643	0.473944018961225	21
0.07572606984462	0.678918681347291	21
-0.091546465208305	0.453382282537329	30
-0.012568760693037	0.432179180367717	30
-0.123212778397303	1.06850467425674	30
0.07666073512357	0.892065549314802	30
0.097974181937757	0.823893526553257	30
-0.119757515615434	1.30376454291463	30
0.107895146339589	0.821262247094962	7
-0.0578190710334841	0.244364502966291	7
0.115272870816253	0.674581388208869	7
0.07678366609194	0.676443730344959	8
0.026085200404091	0.627180148431362	7
0.011796156060405	0.862571784012805	7
0.082514731308132	0.409090721415702	7
0.08503222215599	0.480528849896144	7
-0.060663185410312	0.900286002764398	7
-0.004350639854938	0.638150789665807	92
-0.044265838622408	0.657721515355868	92
0.049453776788138	0.519915428901872	92
0.013673495383856	0.344651999833271	92
-0.094247291139019	1.0211069606803	2
-0.0578190710334841	0.244364502966291	2
-0.026230952831322	0.181453225439456	2
0.056878799412951	0.87071818563809	8
0.098905106043385	0.441194253828506	8
0.014052991104075	0.344322881708419	46
0.035389609457381	0.819348372094366	46
0.044930640726061	0.962591536793858	46
0.051204364345187	0.619797212413304	11
-0.090610179738216	0.745223638430726	29
0.113974300131865	0.331192156406131	29
-0.0152970504739069	0.71099333550643	29
0.051272905943171	2.16763441869175	21
-0.021648326657816	2.21639346858082	21
0.111495241746956	1.09018130220351	21
0.075365818381139	0.515302256423986	21
0.090004212087222	0.677579376030135	54
0.00474587249688402	0.766321595832844	54
0.022651229832214	0.493829589506874	30
-0.0334074315301121	1.1944934135412	30
-0.00286633021878802	0.391518211407886	7
0.115269830603753	0.329985940833731	7
0.02638102091861	0.115707480624982	7
-0.00302512565873403	0.39151328512323	7
-0.014574465196548	0.709605127320194	7
-0.03523243459857	0.918025155874471	7
-0.055645560003228	1.27724997920285	8
-0.022520612012913	0.779904647756691	8
0.099653405890541	0.440111241083164	7
0.122419838717743	0.542904861856317	7
-0.091808934631444	1.07992369492408	7
0.014187893273515	0.53153423952425	92
0.08247471174767	0.409121358496324	92
0.111636399220736	0.405249643869134	8
0.087535063109598	0.476762818288021	92
0.121221601417316	0.439004341130982	8
-0.019163062278603	0.745598666718886	8
0.013018017801761	0.345239336325901	2
-0.086744198774934	0.405807823003872	8
0.025570776842483	1.00816232723554	8
-0.091919758318691	0.916163968962318	8
0.000031276336947994	0.801533185429617	8
-0.046579641777441	0.691443699095854	8
0.096874724697214	0.370662419636964	46
-0.092571960049883	0.816283875033937	11
-0.035941657275906	0.584496967114743	11
-0.019610024022344	0.470570567923677	29
0.066569450083385	0.550193712408969	29
-0.00302929740181201	1.19653979624241	21
0.043494216153246	1.45076050549986	21
0.09689759124021	0.768258341801384	21
0.03319140748331	0.721640454594641	21
0.031137295169991	0.457064117389979	21
-0.00183871727839202	1.16948705720745	54
-0.026792074187708	0.5102902361033	21
0.048769441096039	0.521121669473291	21
0.01488092179747	0.696295641045141	21
0.031839792273115	0.724638016186793	21
0.04834354107175	0.521777047443436	30
-0.012933195410562	0.432593473944586	30
0.037675812409053	0.689994097352122	30
0.055791816804272	0.377927469192668	30
0.07167906200205	0.337569298014793	30
0.059172439502961	1.01898477999643	30
-0.033068733542576	1.16829671275328	7
-0.079118217653428	0.305444570429297	7
-0.056329466669213	0.243495546664247	7
-0.083536208101129	0.356794814269034	7
0.026706095798448	0.115599424911331	7
-0.092723436674331	0.607345267849919	7
-0.08756138040428	0.406585318283645	7
0.122565715679375	0.542654127829366	7
-0.115873072112537	1.42322644755927	7
0.086570167055893	0.478419942826519	92
0.021723321517916	0.495192735354864	8
-0.043738762729186	0.656918551405998	92
-0.0916438999942249	0.948949915660008	92
0.067225009356039	0.549081590862355	92
0.096293948351919	0.709380380315458	2
0.097193797778579	0.370352533823233	2
0.108844004164681	0.183090517671063	8
-0.079358482484086	0.305477744770765	2
0.035992903456802	0.293640871580907	8
-0.09353631169468	0.495470009908809	8
-0.092916357795533	0.532806037333999	8
-0.091476749182989	0.677723952118138	8
-0.0919409494117071	0.94916455504842	8
0.043676677602311	0.416225983882298	46
0.038297489924281	0.688789841946654	46
-0.026439196579555	0.181637496851545	11
-0.091870356409771	0.453834242597144	11
-0.013285141398291	0.432942517880216	29
0.085217066360907	1.58614334678433	21
-0.035216274330394	1.52492203316309	21
0.017822636802387	1.09615639832736	21
-0.114569084571032	1.48311139307259	21
-0.083105577582352	0.356397272519899	21
-0.025145662420069	0.508026751886431	54
0.073335031179331	0.335915007241935	21
0.09113745145223	0.675231204070603	21
0.121080793588413	0.439082627332011	30
-0.094832257508555	1.12095224896653	30
0.093914336603174	0.293293516696862	7
0.064173260217721	0.240637929437678	7
0.082674385921209	0.408645637551472	7
0.076339003490035	0.513923791262613	7
-0.015935103588552	0.711812385199051	7
0.01488092179747	0.696295641045141	7
0.058116023058376	0.585571836342527	92
-0.091562650378393	0.747166116756827	8
0.044115455317336	0.655178694972181	8
-0.026766443486322	0.181771361232728	2
0.096948694502644	0.370625682520371	8
0.082868453577938	1.23626992926199	8
0.10057189390632	1.03089102967609	8
0.043594293462014	0.656190583359103	8
-0.057273078545836	0.24401728972823	8
-0.032030766682655	0.548277030969438	46
0.068993308798246	0.44806447426737	46
0.035757784761732	0.818390866155684	46
0.039404695436394	0.788195816448002	46
-0.037214968058173	0.950780695602605	46
-0.075199047447353	1.353930431043	46
0.00661461729027502	0.568710826181973	29
-0.000380773993786998	0.605654399597706	29
-0.00259385893912201	0.391368853820251	29
0.067734422445011	1.38594482790397	21
-0.033750797038364	1.19556799792536	21
-0.00078972513364195	0.803377482908366	21
0.035607754420551	0.293935836116276	21
0.031861913898413	0.456098148611805	54
0.038779028298925	0.559190626059371	133
0.040630767458128	0.55619247419323	21
-0.040318474359029	0.621425840694126	21
-0.093831089326907	0.495749974642411	21
0.110497314606171	0.182238823572662	63
0.109799545860995	0.182647076841076	30
0.109968927137446	0.855975207735506	30
0.116021967767546	0.329072500463831	7
0.042989264585913	0.416921766751105	7
0.025927884148525	0.115784867669351	7
-0.0151008586168619	0.938648232897431	7
0.057649145625485	0.485833339554949	7
0.062458632675709	0.74741899650683	7
0.089585228719354	0.612420123023574	8
-0.092270838151145	0.84944960991078	8
-0.020736592962127	0.471860634119036	7
0.083335357675189	0.643855981797328	2
-0.00352330690908698	0.392157531091509	2
-0.0866970073568421	0.405795631760332	8
-0.078245908749132	0.304934080913825	8
-0.093268273497332	0.533250975965252	8
-0.087031609485047	0.405849405894013	27
-0.091831171991873	0.814804444279227	46
0.013662100039074	0.532310373400394	46
0.091603768300079	0.737579999365757	46
0.110404954484474	0.18227543759944	29
0.115457891398053	0.329775292225605	29
0.087411763053231	0.476982267215742	21
0.058335377344938	0.48482071957812	21
0.000322959031268999	0.800777835600964	21
0.014577781952216	0.98361724294741	21
0.096440120498438	0.645989950323763	21
-0.012047151217574	0.431528267904496	21
0.042233645527385	0.417961856946587	21
0.00544351038929802	0.925207047457535	133
0.064335557390283	0.240500834874921	54
0.04239307649431	0.417813151336015	21
0.013761961630255	0.698459062074336	54
0.068878538050157	0.867739589513644	21
0.069579957528273	0.447384363007171	30
-0.05698719456961	0.243941671319354	63
-0.0778349197441151	0.304616906853004	63
0.012176908354949	0.861355436340358	63
-0.00238991987813098	0.391164473912894	7
0.016939607493134	1.50080715334655	8
0.098862835036092	0.509505941489783	8
0.03716850595856	0.691165348653167	7
0.014432246135958	0.343889725382116	7
0.031499626830573	0.456599530340411	7
0.069469782728801	0.447546749724372	8
0.057490163063074	0.486033448404655	8
-0.046523668523512	0.691266656312059	92
-0.058710740060313	0.895912818219476	2
0.01529591610384	0.830661093196204	2
0.013673495383856	0.344651999833271	2
0.094872774043664	0.292536624058154	2
-0.05773242323011	0.244317689807602	2
0.036475722029371	0.293201471568973	8
0.000258783249930006	0.604600392900574	8
0.055854302548055	0.377798453793871	8
0.109799545860995	0.182647076841076	27
0.036984682608347	0.913156779553221	46
0.014482813964521	1.12873182810944	46
0.054838506556897	0.785400350353752	46
-0.070543948466161	1.16531466693713	46
0.094434121438899	0.292908908131499	29
-0.056701713000141	0.243766524436716	29
-0.058191729858769	0.244518486126035	29
0.043386600053155	0.416440489077452	9
0.01723177466217	1.9190107742948	21
0.113276941516664	0.790204444528814	21
-0.00279780628444404	0.391557264053725	21
0.099173230325911	0.44085599697513	133
-0.043424220965112	0.656329871741553	21
0.066132047427106	0.550882862356398	21
0.031210910278628	0.456873368619956	30
-0.049088895068559	0.725579568290877	30
0.112261970866323	0.404378858064621	30
-0.093889194005519	1.2140604788165	63
-0.0833789236099119	0.356713788685056	63
0.0262529823974	0.115740974734865	23
0.0262529823974	0.115740974734865	7
-0.078125665272558	0.304829459171569	7
-0.031629241611513	0.54774268564907	7
0.00490383979647102	0.765857033501026	7
-0.09353631169468	0.495470009908809	7
0.076339003490035	0.513923791262613	8
-0.091269591436653	0.677314428637167	8
-0.0833789236099119	0.356713788685056	7
-0.021070239402641	0.472219907715536	7
-0.040367944681448	0.621525993083236	7
0.031296969441126	0.456862278708607	7
0.031776175973977	0.456111535860289	7
0.072769335246014	0.336554838975276	7
0.063712041470486	0.240933086950153	8
0.112321917527499	0.404302611795431	8
-0.057542232216095	0.863161855535869	2
0.02638102091861	0.115707480624982	2
-0.026766443486322	0.181771361232728	8
-0.077905430369686	0.304515250581364	8
-0.012229333650443	0.431760680747014	8
-0.056346412682063	1.78558108412881	8
0.056729459544113	0.376882603846298	8
0.07240751900927	0.336924245052945	8
0.013417154917444	0.344868748938826	8
-0.078536636948972	0.305125011360688	27
-0.084030602818931	0.357153975147905	46
0.055833415911453	0.377879965772327	46
-0.090844987201775	0.711603351581258	46
-0.056318556986202	1.30676419108383	46
0.09150599551989	0.608690030457408	46
0.08886906067994	0.61366821355625	11
-0.035537231962495	0.583827375577407	9
0.015328685079903	0.695135911173886	21
0.00569351135000201	0.924715891257758	133
0.073177091630594	0.336098541834367	21
-0.092923330492098	0.816862799994411	21
0.065803500264903	0.551151963577219	21
-0.086984440732056	0.406063110005478	21
-0.0919691992935689	0.453958851142532	21
0.056708722358014	0.376919834104011	30
0.036182804688776	0.293322902010553	63
0.072722692624886	0.336519788499293	30
0.124435252813767	0.539011566363083	63
-0.0573597572857401	0.244140038228301	7
-0.026320357908881	0.181536079478803	7
-0.026439196579555	0.181637496851545	7
-0.0941024234858619	0.49605090357733	7
0.11562457905448	0.329590595151841	7
-0.042102329505356	0.653730710107919	7
0.105962158174118	0.608767139436169	7
0.040116035464025	0.557004431519762	8
-0.0925806053695189	0.782764542675945	8
0.069262166284782	0.447835706246355	7
-0.09205009583554	0.643044217941702	7
0.096629542181773	0.370975551273379	7
-0.026313402696433	0.509728769547615	8
0.042233645527385	0.417961856946587	8
0.040160200923189	0.557067555983912	2
0.097800339051137	0.369582530770555	2
0.109358501287323	0.182866469506345	2
0.067968310062073	0.547756049921894	8
-0.020402817483244	0.47138414927437	8
0.115582025539694	0.329577237785946	8
0.064173260217721	0.240637929437678	8
-0.038565377793122	1.31468569448292	46
-0.092205248366261	0.84935817530023	11
0.074637416433116	1.04416205142703	21
0.04295525212879	0.417167647331946	133
-0.09353631169468	0.495470009908809	21
-0.0210491515096291	0.472174992174959	21
0.073649621114634	0.683225960372451	21
0.056354449198952	0.377340764778769	30
0.00698402532756898	0.568117632569974	30
-0.020173233198681	0.471287380637453	30
-0.0866970073568421	0.405795631760332	30
0.102245312762564	0.738498355631019	30
-0.119728888597164	1.30372046741401	30
-0.093207452893215	0.95246296901207	7
-0.092397093060674	0.816066517343266	7
0.056354449198952	0.377340764778769	7
0.094673832924927	0.292725548193684	7
-0.111797542192499	1.82785809400581	7
0.044040348063879	0.655285423553366	8
0.050053621910898	1.10772530628045	7
-0.00300176192829404	0.3917296626186	7
-0.083970743786624	0.357109169794188	7
0.05597937661558	0.377744759719275	7
0.08662626166108	0.478329158918562	8
-0.027514804446402	0.510950161297935	8
0.035992903456802	0.293640871580907	2
-0.026885257595861	0.181763584301304	8
0.109009517600782	0.183036184348497	2
-0.093174053595203	0.495045257083913	8
0.109358501287323	0.182866469506345	2
-0.057905798081746	0.244331528329975	2
-0.018046844721437	1.20883823026433	8
0.036475722029371	0.293201471568973	8
0.056688043461399	0.376919374319485	46
0.086300572054347	0.478786236476422	46
-0.040110077595829	0.621088095261706	46
-0.026792074187708	0.5102902361033	9
0.115457891398053	0.329775292225605	9
0.043155098637378	0.416913404491375	9
0.0072987575497	0.567574396609603	9
0.11476440969168	0.826310373136067	21
0.078906675188106	0.805045840213682	21
0.068665718872251	0.783064932215136	21
0.013772026999935	0.532188154958446	21
-0.013023011223446	0.706370611948107	21
0.109832821964509	0.47372705980324	133
0.058852861378553	0.484064662529029	21
-0.091719875310336	0.747466318043715	21
-0.092521174576517	0.607091847318105	30
0.114915057916421	0.330353116861647	30
-0.086984440732056	0.406063110005478	30
-0.012945589364583	0.432581556033303	63
-0.093627211869388	0.495552592772405	63
0.052879436305578	1.07883072560424	30
0.104992279401582	0.610762455661788	63
0.065285454656852	0.648450907962304	7
0.020713028898557	0.496458978557645	7
0.00490383979647102	0.765857033501026	7
-0.056329466669213	0.243495546664247	7
-0.026647663695847	0.181669906995782	23
0.063387324348854	0.241179490901457	7
-0.065813139995029	1.62169264977243	8
-0.012411496073552	0.431975809229471	7
0.049296593427984	0.520224328523109	7
0.069567079697806	0.447302048362462	7
-0.012738421912977	0.432344974016667	7
-0.093268273497332	0.533250975965252	8
-0.031428606940359	0.54745216643899	8
0.121607428312136	0.438388869475157	8
-0.026583024025934	0.815837475480229	8
-0.00182324771703402	0.390525043771938	2
-0.078416452425551	0.305020392350438	2
-0.027539848413809	0.181940957910484	2
0.063387324348854	0.241179490901457	8
0.112545303192685	1.034106731873	8
0.059693086819126	1.2705994258706	8
0.058326072333536	0.4848190584667	8
-0.05773242323011	0.244317689807602	27
0.056313053014785	0.377323058279314	46
0.013613488925179	0.698902996379425	46
0.048601839450448	0.521225543523439	11
0.069192508616581	0.712506109168902	29
0.086670992457788	0.478213681121829	29
0.109542488430707	0.182767055906993	11
0.095772486719486	0.29172931532976	11
0.117170595831168	0.508167662719152	21
-0.091683129734627	0.781123325096478	21
-0.026717126755487	0.510198390930185	21
0.03192441179933	0.593604906412984	133
-0.091462853623645	0.67782327283584	133
0.099130268013484	0.575818198317779	21
-0.04023606788849	0.986009617997885	21
0.058912457026872	0.483930294166851	30
0.031454288835237	1.20262651741827	30
0.092983250412423	0.974371152718677	30
0.057062971504408	0.376461607576793	7
0.072815286700673	0.336495854778479	7
0.013772026999935	0.532188154958446	7
0.109242467862984	0.474659241177477	8
0.047258699241641	0.936444223595046	8
0.11806543748538	0.50658446682984	8
-0.010001428134875	0.674399673038071	7
-0.093437967101719	0.533430456005962	7
0.070568887087396	0.445901539043342	7
0.09787487232521	0.369498734061512	7
0.00740795196882199	0.567356810902742	8
0.047659261068363	0.522756245735011	8
0.021480837215187	0.495530306882134	8
0.109921195354096	0.473508686482532	8
-0.046422408031307	0.691192222667303	8
-0.057533352275733	0.244154034678395	2
0.063017115880723	0.241375112690589	2
0.013530480131903	0.344790116942594	8
0.032080329627518	0.593331606857353	8
-0.06080024768373	1.46138990986335	8
-0.085134892439183	1.91879579847841	8
0.095351744997297	0.292082971313414	8
0.063803094020906	0.240906518793572	46
0.021803696258444	0.495040547808394	46
-0.013393060614414	0.933614327931843	46
0.062728793755886	0.746821659683309	29
0.063432917030551	0.24113081715485	11
0.035849149040046	0.293741829852682	29
-0.0578190710334841	0.244364502966291	9
0.07240751900927	0.336924245052945	9
0.098654020460226	2.21052292188578	21
0.033677670480538	0.590444204458679	21
0.061513546059203	1.097227856735	21
0.108037919937056	1.30537103398656	21
0.111733467919609	0.999236131741987	21
0.024991526705251	0.629123202915956	133
-0.026430776614066	0.509875335219053	133
-0.093255716393555	0.533201707593114	21
0.014186112454634	0.344170598983924	30
0.035992903456802	0.293640871580907	63
-0.091191511111835	0.605035067978549	63
0.054633142059313	1.15923293675684	30
0.050556428839854	1.19399624466352	30
-0.0789475760378871	0.305352568186126	23
0.00939021267833101	0.731874711974317	8
0.023070978626692	1.03681300787936	8
0.003471448380234	0.769109820128377	7
0.108793551108544	0.540160939521363	7
-0.047375875151137	0.692763937268154	7
-0.0923108744758629	0.78224865473565	7
-0.092116850718691	0.606530500123122	8
0.035222618287215	0.294184070405532	2
0.063640832263339	0.24098714637522	8
0.115081752017939	0.330185927759459	8
0.098703414921607	0.576617671339069	8
-0.055784493477446	0.829038619804584	8
0.115081752017939	0.330185927759459	8
-0.083105577582352	0.356397272519899	27
0.028218258657436	0.979387996073949	46
0.123400822432614	0.540968899616139	11
0.013786679258054	0.344541149572927	29
0.062582066092044	1.07558737247441	21
-0.052824182746304	1.2142125911001	21
0.038878718044895	0.559009183896694	21
0.032515683071752	0.72319035862782	133
0.089426397150604	0.612888958109063	133
-0.036440676574623	0.585128919584933	54
0.112420917132722	0.404173481040559	54
-0.057691113828257	0.863427701031518	21
0.01488092179747	0.696295641045141	30
0.080027325231506	0.580501101008826	30
-0.053594579788933	0.794220153552521	30
0.070568887087396	0.445901539043342	63
-0.00324414197084699	0.83378009554294	30
0.039689624262323	0.557746322833943	30
0.055625007056894	0.378104530357655	7
0.121492973104433	0.438618838669056	7
0.121534415648667	0.438481360681481	7
-0.043054344348935	0.655643752207257	7
-0.036062367113771	0.584588231118359	2
0.109450536757953	0.182830031795741	8
-0.086456768495383	0.405540439224847	8
0.095492018395004	0.291986479317843	8
0.096789102937637	0.370810125109574	8
0.105413618334986	0.609919992743145	8
0.058412647118903	0.682964204507533	8
-0.056308564901626	0.830056796911732	8
0.094434121438899	0.292908908131499	27
-0.092110163879485	0.454069042202714	46
0.038285999060911	0.68886856273947	46
0.106013435699789	0.608651141288437	11
-0.093280714828985	0.533243948156875	29
0.082715969855353	0.408816896425183	9
-0.046691256657962	0.691659452145568	9
0.098550186846083	0.64147729124122	21
0.088004687402384	1.12600757447924	21
0.09000163109301	0.543241871440771	21
-0.013074909031163	1.12087174184994	21
0.09749861984117	0.706204221864779	21
-0.062193119536113	1.52328118378658	21
0.037254737437839	0.912076025631113	21
0.097353380536063	0.370168181665651	54
-0.03610316031864	0.584721263717598	21
0.01402892581842	0.531767711059876	21
-0.091898634743831	0.713407940835401	21
-0.091541082982712	0.814360808310569	21
0.115936849180915	0.32913395351503	30
0.121706752126516	0.438293610844884	30
0.057386105574764	0.486155170578892	30
0.124320281198764	0.677931435917939	63
-0.086937235044754	0.406028146644531	7
-0.026439196579555	0.181637496851545	23
-0.026647663695847	0.181669906995782	23
0.095252512938064	0.292219909465696	7
-0.087080955764592	0.40618193287197	7
-0.013479697906238	0.433094375097304	8
0.012515083183261	0.34557209968363	7
0.051352493901133	0.619461657526996	7
0.072528531657617	0.336574957529859	7
-0.018271381653263	0.743877423326644	7
-0.093317344559717	0.53285861803645	7
-0.00331935046083898	0.392001793363971	7
0.04262816388436	0.41739874826208	7
-0.092191605272942	0.606379393380075	7
0.013663614686415	0.344695396452043	7
0.066569450083385	0.550193712408969	7
0.109707402077049	0.182683575221982	2
-0.087128150081854	0.406130998050476	2
0.109193287778556	0.182936872483906	2
-0.083910772670489	0.356957275253707	8
-0.026439196579555	0.181637496851545	8
0.109615174777012	0.182675327209902	8
0.095193674400298	0.292230182053982	8
-0.092145503104089	0.748206236523798	8
0.012648007086222	0.34541975315962	27
-0.087080955764592	0.40618193287197	46
0.030934566669572	0.457313763108954	8
0.055873182552211	0.377669946792146	8
-0.092561082398516	0.883804455531629	46
0.07653554728593	0.513466674852996	11
-0.091325259244331	0.641862271133862	11
0.032469272170609	0.455181281685791	11
-0.0933324693719561	0.495212167816364	11
-0.092129909822551	0.643123869508035	11
-0.087368382529771	0.40636357886264	9
0.096866523763253	1.62563802309961	21
0.100469594173524	1.17937961340924	21
0.012936034488843	1.76751840587682	21
0.081800171934259	0.859672096337256	133
-0.074575744686428	1.38013732117559	133
0.11864506526745	0.609432495440718	54
-0.048646017719184	1.11943502638837	21
0.00859933949630298	1.04552884907933	21
-0.02819243360693	1.07680660698514	21
0.06386919695372	0.81428149400309	21
0.074389180640079	0.834699256226247	21
-0.121103145222722	1.16990880038685	7
0.090552054216176	0.610573430256175	8
0.061047676470339	1.09921653475579	7
0.11697309984404	0.670233513438989	7
0.048880761280212	0.52088636866505	7
0.099387234255202	0.50859384129794	8
-0.049088895068559	0.725579568290877	7
0.051800821590384	0.618627684266016	7
-0.094075781904973	1.1511901023172	7
-0.092167340693235	0.454028893013207	2
-0.012399064609477	0.431984414646556	8
0.110971639808286	0.853062487417547	8
-0.121102062524768	1.20485061859337	8
-0.014380591960179	0.708876811146122	8
0.097244209374017	0.707022857032047	11
0.062765415016665	0.746724513188821	11
0.08231340747662	0.409353046670969	29
0.058753352119514	0.484214158960354	11
-0.0321919548219169	0.548498777450079	11
-0.092291275421543	0.6433986912191	9
-0.059308855835327	0.897358044235103	9
-0.024797513409666	0.811918441392766	9
-0.021417808035236	1.88345032052115	21
0.036204621045762	1.34821404210149	133
0.090731992769768	0.676260003075497	21
-0.12193430284999	1.13673655869149	54
0.029000532541348	0.977156181263749	21
0.016709628656065	0.955496150011481	21
-0.02744070940323	1.07458357349172	30
0.046846850921793	0.749644664537612	30
0.121122683780651	0.439158067383373	30
0.118347893285735	0.610034140594121	30
0.074140619666393	1.06297462363843	63
0.100128217343643	0.976304426360932	7
-0.094228147653951	1.11940303441126	7
0.109193287778556	0.182936872483906	7
0.086244120435354	0.478810694661679	7
-0.058362412821994	0.864965900974742	8
-0.057691488971507	0.863553898055465	7
0.081815507604856	0.577002836043917	7
0.084255746388439	0.64170565363605	7
0.00497140972839899	0.765790061841879	8
-0.090727874976134	0.452551342258342	8
-0.03055838558929	0.879472094070003	8
0.013687774497364	0.698699914695752	8
-0.091481289542202	1.01435155299408	11
-0.092292902656953	0.849471629693632	11
0.045671062208786	0.848946485907085	46
-0.049829553188259	0.72695642096175	11
-0.029095931691371	0.848552679967485	11
0.032781403974708	0.592135720672584	11
-0.024196440528174	2.09233075519647	21
-0.094781368058659	1.3107420743668	133
0.083392839039998	0.71089852340996	54
0.010426624914047	1.18704164720231	21
0.045762201247189	0.94063577690785	21
0.000335438490524975	0.800812547325369	30
0.110422984615537	0.472742754024053	30
-0.014421619100494	0.709343587359346	30
0.055333456514939	1.13880446188279	63
0.054053257699399	0.966639904878761	7
0.121706752126516	0.438293610844884	7
0.00565514130488598	0.570084714868463	8
0.019397777610264	0.663391043967888	7
0.098996217447367	0.576117749249455	7
0.052024269359341	0.618175276210912	7
0.089927892215931	0.543409116471204	7
-0.093464655111244	1.08469575468914	7
-0.031306772202342	0.547211729026825	2
-0.012373842205199	0.431860546139181	8
0.063712041470486	0.240933086950153	8
0.043315987492669	0.416715314368974	8
0.12236322367241	0.642676286749686	8
0.10921729021695	0.704959088992282	8
-0.091399173438898	0.88123477784521	8
-0.092709089074806	0.679558753857031	46
0.019821496494196	1.06828648470008	11
0.090498089142836	0.676802365436891	11
0.076367978334033	0.892876434068918	46
0.112162918244702	0.404541563504977	11
0.116021967767546	0.329072500463831	11
-0.031228057350414	0.547145533568032	11
0.014138996050935	0.531610284677286	9
0.033416611994416	0.721100260987343	9
-0.046646258180747	0.6913279702933	9
0.075397256744622	1.55702037436658	21
0.033846239853558	1.65748379535776	21
0.058422772967479	1.41998613948001	21
0.051129054344106	0.61990305310292	133
-0.013090340540153	0.432693818985329	21
0.122645260155146	0.542487070771438	21
-0.03675848695074	0.585657604659791	30
0.114705541174621	0.330554541686165	30
-0.113665693432675	1.57657379489043	7
0.023795053932813	1.15446029973497	7
-0.07730069677208	1.5364953042242	7
0.072200862644443	0.337095800465375	7
0.026055867222047	0.11575139667589	7
-0.0573597572857401	0.244140038228301	7
-0.02050676090218	0.471646413172279	7
-0.092606350054166	0.60706920398821	96
0.066847336413676	0.717612628641748	8
-0.057273078545836	0.24401728972823	2
-0.088089012270016	0.406937645331534	8
-0.087033724198061	0.406040554766397	8
-0.012933195410562	0.432593473944586	8
0.095293271570304	0.292182997049605	8
-0.039631132563442	1.64538757967171	8
0.031163734994304	0.725984744603068	8
0.034786045289893	0.294452246766289	46
0.121591988547483	0.438443095422724	46
0.059369097476647	0.483015304995566	46
0.014433890617117	0.697231841796918	11
0.00532702532906898	0.925801409966585	46
0.114626095459075	0.574419784464422	11
0.017722896254432	0.824864277031158	11
0.08835649176605	0.68142456152306	11
0.096831927458347	0.370752102268957	21
0.101432372163169	0.856458294302799	21
0.117502238389239	0.76385806947472	21
0.038805177400315	0.687676456889509	133
0.072973218362183	0.336333990100465	133
0.114581765271035	0.330627313651301	133
-0.093280714828985	0.533243948156875	21
-0.079118217653428	0.305444570429297	21
0.055645830753117	0.378075583258279	21
0.014195922004385	0.343969106310309	30
0.096948694502644	0.370625682520371	30
-0.093607626293059	0.533568755549612	7
-0.026885257595861	0.181763584301304	7
0.00660723885577602	0.56861655523406	7
0.081070348682403	0.578548939610017	8
0.097980794647447	1.39730944138454	7
0.098489037513036	0.441903127065782	7
0.058276209548547	0.484940082928663	7
-0.092746626855599	0.532552940607008	7
-0.077544215954488	0.304376817410782	2
-0.027212517247273	0.181872309976908	8
-0.093423343498942	0.495335594146456	8
0.109542488430707	0.182767055906993	8
0.109009517600782	0.183036184348497	8
-0.087321173779376	0.406393743621821	8
-0.00325090561905705	0.391843081725258	8
-0.0837534889017561	0.356962102540156	46
0.014126600004448	0.531445948261827	46
-0.000537781054181008	0.60586501425792	11
-0.094668551769762	0.496501340590589	11
-0.026230952831322	0.181453225439456	11
-0.090967680323307	0.452852790574782	11
0.013407361297059	0.344927894499103	9
-0.027302490443492	0.181847387376395	9
-0.000493510074820014	0.605790754405004	9
-0.015577973328175	1.12848250164651	21
0.00857035626917801	0.733612876056358	133
0.036573395903395	0.293047297859577	133
-0.093042720144409	0.607711656501777	133
-0.025867890315471	0.50912316872029	133
-0.083970743786624	0.357109169794188	21
-0.057645854807335	0.24419493774738	30
-0.056527836168635	0.24359690780091	30
-0.07807556816897	0.304778520092845	30
-0.087608603795736	0.406575397883916	30
-0.049615490299623	0.726599292568708	30
0.0262529823974	0.115740974734865	7
0.03276253759616	0.59203054683929	7
-0.091553127616381	0.605656541821709	7
0.09491350311491	0.292529750547705	96
0.063595204288757	0.241050168239748	96
0.072370723121526	0.336900059842116	7
-0.012021958414735	0.431421239655315	7
0.063640832263339	0.24098714637522	7
-0.057905798081746	0.244331528329975	8
0.02638102091861	0.115707480624982	8
0.035171159008207	0.294195870921354	8
0.072815286700673	0.336495854778479	8
0.000258783249930006	0.604600392900574	8
-0.060625283295056	0.95991088998809	8
0.115577804675382	1.05968597291417	8
-0.093510306616406	0.986403502374338	8
0.099818357564962	0.439673974198088	8
0.121007573672283	0.439303051973661	8
-0.004270110143891	0.83638800695251	11
0.036784125599724	0.691873453369883	11
0.036234307494778	0.293430664949806	11
0.110240640351899	0.182387947376199	9
0.055249799086352	0.378430463212351	9
0.043377721174965	1.34822897680374	21
-0.026313402696433	0.509728769547615	21
0.034278308530533	0.589065214030288	21
0.062396798988617	0.747632030047124	21
-0.057074062543211	0.243988580759618	54
-0.012933195410562	0.432593473944586	21
0.095632265650063	0.291868106156233	21
-0.090801844754456	0.913491235784915	21
-0.019776744438086	0.470764826499039	21
0.039519794189586	0.558091187225538	30
-0.0833789236099119	0.356713788685056	30
-0.00947931966928694	0.873845118177781	7
0.013166246660216	0.699699982154918	7
-0.083813402457841	0.357028102443622	8
0.091225129107613	0.799824053149056	7
-0.013970868970103	0.93553335265786	7
0.097715232347271	0.369720410323528	7
-0.00302512565873403	0.39151328512323	96
0.056375234509279	0.377295693696547	7
0.031947540382866	0.455929377758231	8
-0.00308391362067495	0.635466573690458	8
-0.078245908749132	0.304934080913825	8
0.0262529823974	0.115740974734865	8
-0.057446515240923	0.244186902210422	8
-0.0578190710334841	0.244364502966291	8
0.110404954484474	0.18227543759944	8
-0.091031788177271	0.604724303882418	8
0.053221907133264	1.16536637378668	8
0.104262855131415	0.673761953538793	8
0.109307549618289	0.474566184437036	8
-0.027093762011952	0.18188013473994	46
0.02638102091861	0.115707480624982	46
0.080102058524356	0.580310564393317	11
-0.054819789810691	0.826712022788565	46
-0.057161009431051	0.243955833867403	9
0.087428069280387	0.888074889946662	21
-0.034971619828278	0.582834274692322	54
0.013407361297059	0.344927894499103	21
0.05685488957174	0.376670444502842	21
-0.035941657275906	0.584496967114743	21
0.00549786310331801	0.570344321336456	21
0.096820160804629	0.370562070877177	21
-0.093098545469151	0.533034636090881	21
0.071691493333067	0.337549461370667	30
-0.092209090422583	0.454173626769406	30
-0.086984440732056	0.406063110005478	30
-0.012933195410562	0.432593473944586	30
-0.069103974858979	1.10197117230948	30
0.029200347319227	0.856501663858716	7
-0.091272613954455	0.947803649093294	7
-0.087608603795736	0.406575397883916	7
-0.05810519233975	0.244471729839749	7
-0.094150416689768	1.4305738953842	7
0.085802147092385	0.831549737000529	7
0.028895787717782	1.09468988129285	7
0.021334221792009	0.793505739993354	7
-0.00214088138786595	0.390856079641577	7
0.056688043461399	0.376919374319485	8
0.095193674400298	0.292230182053982	8
-0.0290838455287979	0.848834602908449	11
-0.11463410209699	1.48345537340177	21
0.120166486591774	0.795575602162806	133
-0.091144447109701	0.780060775054298	133
-0.010253741458281	0.674913589686686	133
0.058276209548547	0.484940082928663	54
-0.026951569226773	0.510410295373615	21
-0.043415895934509	0.656301821900898	21
-0.025006625866888	0.812201734395767	21
-0.027664376321492	0.845409225350293	21
0.09622457053884	0.371389871725479	30
0.043315987492669	0.416715314368974	30
-0.096060645275682	1.28408071259845	7
0.057066640629594	0.780014348497864	7
0.106051229739594	0.608547627045927	7
0.109101444662979	0.182999809053684	7
0.0262529823974	0.115740974734865	7
-0.078998151141248	0.305339990915278	7
-0.031550367329648	0.547558812720146	7
-0.0833789236099119	0.356713788685056	7
0.058346516720364	0.683161300021057	7
0.072186620221613	0.774346617502087	7
-0.0402584092198131	0.621300067720212	7
0.059121322405897	0.483609637718453	7
0.059097632837556	0.583978756890259	7
0.013540439900116	0.344804347302225	7
0.05597937661558	0.377744759719275	8
-0.0917551185325039	0.605984465478589	8
-0.092797831715801	0.607305918501556	7
-0.093044487368309	0.570376511938254	8
-0.026439196579555	0.181637496851545	8
0.109009517600782	0.183036184348497	8
-0.027421152157757	0.181948809266462	8
0.025393073744116	1.40103001184636	8
0.091495963518717	0.67429241176121	8
0.00881124280512202	1.04480391789027	8
-0.012581259499698	0.432199645141202	8
0.013027803639888	0.345222091674203	46
-0.047319985123811	0.692598974338841	11
-0.032987217765145	0.912508329985238	11
0.032925704283994	1.06062161548545	11
0.083476763622712	0.643547285507289	11
-0.083693463507145	0.356790012099362	15
0.069983500318433	1.49131463049269	21
0.085910054733526	1.15025079770933	21
0.110415355540415	0.701672503665492	21
0.026062985351687	0.759922037640749	133
0.058135209828164	0.585691683831412	133
0.000628885568363991	0.603984859315808	133
-0.092576976830056	0.850061027910313	133
-0.017974765769628	0.743142144988157	54
0.04696338027322	0.523679240607459	21
-0.03696586190366	0.585913614876405	21
0.000673957805443992	0.603865844097164	21
-0.046579641777441	0.691443699095854	21
0.00376436760108301	0.768450615315179	21
0.026413004344183	0.626294699585082	21
0.114538808851988	0.330721817139015	30
0.109372506803124	0.474447701746781	30
-0.00296891280458	0.995774872566526	7
0.050340064421405	0.908350724465715	7
-0.051644275397164	1.23639626050335	7
-0.00715783679683801	1.05525295625248	7
0.109009517600782	0.183036184348497	7
0.035895270303869	0.293706352109275	7
0.0262529823974	0.115740974734865	7
-0.083498632291553	0.356732156784202	7
0.01256976458673	0.700829045903517	7
-0.050979447590913	0.758951631334178	96
0.094673832924927	0.292725548193684	8
0.097076980730237	0.370417253676572	7
-0.092916357795533	0.532806037333999	8
-0.083221610013229	0.356588056116416	8
-0.05698719456961	0.243941671319354	8
-0.092191450761823	0.748156948883237	8
0.106277812746077	1.08767260461218	8
0.097993083189154	0.642767481497371	8
0.022340780032451	0.790965297090051	8
0.082715969855353	0.408816896425183	8
0.04295525212879	0.417167647331946	8
0.043595536119201	0.656036943164554	11
0.107245546213524	0.823352003599711	11
0.012413029482416	0.534030858093382	11
0.097396044902972	0.370107429970269	9
0.058693837610417	0.484285933992704	9
-0.0950230283174049	1.24925234351989	21
0.022586321794092	1.03834982824522	21
0.082788013064111	0.856561989571287	21
-0.093086054304572	0.533022292767153	21
0.013722959200583	0.532236704280894	21
0.098276366231583	0.442207573749135	21
-0.019610024022344	0.470570567923677	30
0.115791298589336	0.329388290652637	30
-0.012920681721189	0.432560353545336	30
-0.00583090905419204	0.64066579856743	30
0.06256967513886	0.989719945162979	7
-0.068420065393561	1.12927043442401	7
-0.026230952831322	0.181453225439456	7
0.056229903287048	0.872704357282888	8
0.122959590473342	0.640742019758001	7
-0.121752229127967	1.17166854164917	7
-0.050323136976366	1.1787785822277	7
0.097353380536063	0.370168181665651	7
-0.092452605236983	0.643638671017576	7
0.00645730425500901	0.568919806301864	7
0.063549667647985	0.241070371910981	8
-0.083221610013229	0.356588056116416	8
0.012761754810116	0.345440279782239	8
0.00587955156195102	1.53894558352088	8
-0.037972898406945	1.26087374426062	8
0.086985084712893	0.477619372394353	8
-0.019985480172298	0.471064727432009	8
0.031253954031538	0.456886500825743	11
0.056271009993801	0.782013506624192	11
0.107977655765855	0.541504954070432	11
0.115122606062331	0.573355414626267	11
0.01391984669302	0.344446413676395	15
0.036188222431461	0.293371790808772	9
-0.093377899869592	0.495303063813253	9
0.115146120273567	0.329994502245479	9
0.11506040065107	0.330190581528907	9
0.022328473517307	0.494270434966232	9
-0.091914788762373	0.60622200598291	9
0.086819125252188	1.72925290330012	21
0.076288163938627	0.745889481554315	21
0.120321119329103	0.60565643114871	21
0.022304040593016	0.791177086251177	133
-0.091729350325486	0.453724018395289	133
-0.031507484554839	0.547486455808601	133
0.123708438381116	0.639383846704996	21
0.098858814873403	0.441361808635696	21
0.02704681302715	0.625258575809021	21
0.018738334882695	0.822051063168175	21
-0.092814132007377	0.570248118453724	30
0.01324090334328	0.699615323650892	30
0.053594505687597	0.987121439382427	7
0.027816983381507	0.755841499376887	8
0.039319472403725	0.558276669315067	96
0.097193797778579	0.370352533823233	7
-0.025666322935794	0.508815425207513	7
0.032567266500267	0.59252082180824	7
-0.083318901491766	0.356606509103196	7
-0.092234036631923	0.606588141032638	7
-0.032112675516951	0.548315348696387	8
0.106561976193711	0.607461445310545	8
0.02638102091861	0.115707480624982	8
0.036090554247024	0.293531598088991	8
-0.09183890851117	0.713428620330702	11
0.037188183161925	1.14089709754808	21
0.114872305354662	0.330369604168031	133
0.035510127392311	0.294013680601077	21
0.110642237694367	0.406462574803702	21
0.11080321529481	0.642600513800812	30
-0.092978086752451	0.680126823050474	30
0.036475722029371	0.293201471568973	124
-0.00754312940218704	0.869194599731686	7
0.115103155648089	0.33015307849116	7
0.109707402077049	0.182683575221982	7
0.02638102091861	0.115707480624982	7
-0.026112021289234	0.181460858177114	7
-0.122622587709714	1.13877275461789	7
0.012771453882004	0.345406412838106	7
0.075255769626615	1.1828840544852	7
-0.012934707670243	0.907515208139834	7
0.056540490545309	0.781262467234307	7
0.08631205310271	0.478738596015562	7
0.111695825188378	0.405114270757723	7
0.005710402969275	0.570066438825218	7
-0.026674824301794	0.510188317771831	7
0.115457891398053	0.329775292225605	7
-0.093437967101719	0.533430456005962	7
0.056226746173447	0.487339569596692	7
0.069152104261299	0.447915545511672	7
0.057543446017356	0.485915409078274	8
-0.026112021289234	0.181460858177114	8
0.059011563989559	0.584104368520769	8
0.114910093613197	0.675427618378605	8
0.077791174995134	0.742267174843482	8
0.1115866458712	0.405314768179737	8
0.035992903456802	0.293640871580907	101
0.034642284432607	0.294553249564409	8
-0.036917348045332	0.585878087049825	11
-0.051480861275524	0.759981517198922	11
-0.013445694248105	1.1221300563097	11
0.110497314606171	0.182238823572662	9
-0.093174053595203	0.495045257083913	9
0.072213211512181	0.337109362492184	9
-0.092308168833269	0.454218145313375	9
-0.0811889763617531	1.90057560360907	21
0.108906833720014	0.762188102302422	21
0.101187279518544	0.79925231069214	21
0.076089572480166	1.03937651712076	21
0.068479970805474	0.448830151476396	133
0.097353380536063	0.370168181665651	133
0.000785971126459006	0.603722561757213	54
-0.00259385893912201	0.391368853820251	21
0.019970012661044	0.6622515296804	21
0.098063618118002	0.442502121361906	21
-0.00326199280503403	0.833783962260626	30
-0.091687349913116	0.453619826245835	30
-0.092551927366732	0.532287424144035	124
-0.086553283344904	0.405596425521162	30
-0.031629241611513	0.54774268564907	7
0.063225011552794	0.241260158221318	7
0.060763262037714	0.927690346686653	7
-0.056701713000141	0.243766524436716	7
-0.041679617252066	0.623229755788458	7
0.11880265379931	0.706528412323139	7
-0.091888772926591	0.642804349582029	7
0.042795800044571	0.417341065388464	7
0.013264142008872	0.344833015595499	7
0.035464003435816	0.294005239624238	7
-0.043896008690501	0.657169125992429	7
0.098803397057102	0.441432039486365	7
-0.09205009583554	0.643044217941702	8
-0.056614735142323	0.243719575714471	8
-0.083596176019162	0.356881055209611	8
0.109450536757953	0.182830031795741	8
-0.02050676090218	0.471646413172279	8
0.122754747911681	0.87926846261454	8
-0.119256561034131	1.26803971236149	8
-0.046097275504974	0.690423515950664	8
-0.091447417815216	0.453384995570681	101
-0.0778349197441151	0.304616906853004	8
-0.092425395532922	0.71404035182515	11
0.076743580734592	0.891844987532234	11
0.047534195652834	0.747919764821363	11
0.04271203230985	0.417443077056562	15
0.063640832263339	0.24098714637522	15
-0.025867890315471	0.50912316872029	9
0.07256544226386	0.336762298131806	9
-0.00259385893912201	0.391368853820251	9
0.049560451240486	1.76476645875901	21
0.109809031144573	0.473735303269332	21
-0.021551747623457	0.777750944387936	21
-0.067884026641284	1.06877967061777	133
-0.091792607483679	0.949292167827779	21
0.08303860030284	0.408333541344697	21
0.021035835063875	0.496017248831297	21
0.117319646558153	0.507900190293392	21
-0.019964484096668	0.471020372152717	21
-0.012750988044986	0.432394494543797	21
-0.026142145348147	0.814996441408216	21
-0.045469110384692	0.689363060833508	30
-0.0919273242138851	0.453834621063209	30
-0.057074062543211	0.243988580759618	30
0.000628885568363991	0.603984859315808	7
-0.09225130793896	0.643350387263055	7
0.026578001979463	0.115632916852932	7
0.06884668324256	0.448379647702487	7
0.109101444662979	0.182999809053684	7
-0.093783681570347	1.05301308113004	7
-0.030266051753999	0.851324045144784	7
0.035705399262856	0.293811238824043	96
0.069738896959966	0.447128380287797	7
-0.093086054304572	0.533022292767153	7
-0.030988378129205	0.546701698319154	7
-0.026112021289234	0.181460858177114	8
-0.056701713000141	0.243766524436716	22
0.095673053907706	0.291802035985802	22
0.042633552974791	0.417493103951545	101
-0.056155370173357	0.24332601211411	8
-0.026885257595861	0.181763584301304	8
0.086356895360914	0.478733646485312	11
0.094872774043664	0.292536624058154	11
0.088689461545541	1.0060135483895	11
-0.0836560319662421	0.356902286202087	9
0.063387324348854	0.241179490901457	9
-0.091404589399695	0.641869402828917	9
-0.091988338410801	0.678732530843349	9
-0.039951063519303	0.620865933417823	21
0.030774918891382	0.457491460597075	21
-0.0490155104476671	0.725338648443231	133
0.035464003435816	0.294005239624238	133
-0.019651863064343	0.470588778923368	21
0.108917506724798	0.183027726744463	54
-0.031951566889572	0.548156182168956	21
0.048723649221681	0.521087152415706	21
0.03613666250554	0.29351240701007	30
0.0262529823974	0.115740974734865	124
-0.07848652678001	0.30496762426588	30
0.109101444662979	0.182999809053684	30
0.050309674500844	0.621410777829227	7
-0.092145503104089	0.748206236523798	7
0.11014847185024	0.182450980352605	7
0.063848757200206	0.24082752371999	7
0.026578001979463	0.115632916852932	7
0.037350136593164	1.25216647103319	7
-0.093560328293621	1.01952068839548	7
0.120966246478071	0.439364758200364	96
0.072769335246014	0.336554838975276	96
0.09491350311491	0.292529750547705	7
-0.014793190169694	0.71003754913426	7
-0.040159462604749	0.621203636574595	7
0.081950726310127	0.409816581116855	7
0.019750929400771	0.66269732367536	7
-0.020361002956686	0.471494329835881	8
0.0262529823974	0.115740974734865	80
-0.057446515240923	0.244186902210422	22
-0.010343055413868	1.49591053061129	8
-0.083536208101129	0.356794814269034	101
-0.092689591658989	0.569913994468616	8
0.0989694022373	0.441137585381131	11
-0.092813413072653	0.918121008708638	11
-0.0162416998563391	1.15497211863094	11
-0.119002821575311	1.30138301652252	11
0.099539947138055	0.508299134927254	11
-0.057074062543211	0.243988580759618	11
-0.026766443486322	0.181771361232728	11
0.096831927458347	0.370752102268957	9
0.088882884744471	0.613890554214977	21
0.073102893688282	0.838373261117547	21
-0.091414451746	0.677777155180889	21
-0.091828261289837	0.453809092898902	133
-0.087177451431011	0.406239915798469	54
0.034739880548271	0.294494835273152	21
0.097193797778579	0.370352533823233	21
0.072815286700673	0.336495854778479	21
0.072722692624886	0.336519788499293	30
0.035895270303869	0.293706352109275	30
0.012751810952708	0.345281938514978	30
0.109101444662979	0.182999809053684	30
-0.056701713000141	0.243766524436716	30
-0.026439196579555	0.181637496851545	30
-0.0205594158521401	1.00389003244592	7
0.04829812337955	0.521790265188037	7
-0.056701713000141	0.243766524436716	7
-0.121509503113308	1.17099840158006	7
-0.092735072505113	0.643837047838398	7
-0.078536636948972	0.305125011360688	7
-0.0000104769900459711	0.605079208158486	7
0.031745079205682	0.456234703313089	7
-0.0934504743696209	0.533460362845638	7
0.063757522025369	0.240941083882222	7
-0.021237014256268	0.472350170008321	7
0.04239307649431	0.417813151336015	7
0.088138685817855	0.546496057368612	7
-0.09148954354181	0.453468760711425	101
-0.09243816897969	0.569761494842043	8
0.03512499746635	0.294278276651813	101
0.026055867222047	0.11575139667589	8
0.013796726187491	0.344571853234149	11
0.086256012956059	0.478867530730066	11
-0.0578190710334841	0.244364502966291	9
0.071756648751587	0.924415430791626	21
-0.028914070289881	0.848291340654681	133
-0.012581259499698	0.432199645141202	54
0.0424350455886	0.417732308005051	21
-0.091856046219258	0.848562353724997	21
-0.020673476378016	0.47177660863003	21
-0.043471014734638	0.65645951522171	21
0.095293271570304	0.292182997049605	21
-0.092672763552511	0.749048414113951	21
-0.057765670537449	0.863676717431884	30
-0.02773174378931	0.845639908177454	30
0.071472516652598	0.337597958787007	30
-0.093831089326907	0.495749974642411	30
-0.00214088138786595	0.390856079641577	30
-0.092595689743357	0.607016053745279	30
-0.05698719456961	0.243941671319354	124
0.109799545860995	0.182647076841076	30
0.095433384845801	0.292022274552552	7
-0.0837534889017561	0.356962102540156	7
0.026706095798448	0.115599424911331	7
0.11014847185024	0.182450980352605	7
0.040799939998519	0.555936094145546	7
0.123550979529312	1.00108666843122	7
0.099606182199882	0.508212289264699	7
-0.0161269817545689	0.712244375780633	7
-0.091468627303369	0.605375509765825	7
0.072045704986648	0.337259139415646	7
-0.026313402696433	0.509728769547615	7
-0.093268273497332	0.533250975965252	8
0.030645389968689	0.45755598509446	7
-0.092452605236983	0.643638671017576	7
0.109799545860995	0.182647076841076	80
0.035607754420551	0.293935836116276	22
0.0262529823974	0.115740974734865	22
-0.077494437729833	0.304237312758316	43
0.07167906200205	0.337569298014793	8
0.026351808964868	1.00574999143513	8
0.046037551441948	1.56878971584134	8
0.115833959906814	0.329319685773572	101
0.110240640351899	0.182387947376199	101
-0.078536636948972	0.305125011360688	101
0.063803094020906	0.240906518793572	8
-0.0932649280048951	0.495091108515811	11
-0.094635072538837	1.12029860343314	11
0.099154703793697	0.575683504550821	11
-0.115328768111894	1.48620462465563	21
0.040940313502198	2.39281255370792	21
0.106843011127866	0.606823898219688	133
0.069421047306355	0.447620003219052	133
0.013018017801761	0.345239336325901	54
-0.019964484096668	0.471020372152717	54
-0.093268273497332	0.533250975965252	21
0.099181755655246	0.440790862354079	21
0.012771453882004	0.345406412838106	21
-0.092449023688663	0.454367857782029	21
-0.093853123742391	0.495672557519084	21
0.03210719792704	0.455727797299038	21
-0.091830094007427	0.605911135690251	21
-0.011235724622188	0.903492885058012	30
0.013929814598561	0.344419532622044	30
0.109009517600782	0.183036184348497	7
0.063270660230412	0.241156863238861	7
0.109702624485957	0.47384198493017	7
-0.00279780628444404	0.391557264053725	7
-0.04971411218529	0.726758019683413	7
0.035268755627529	0.294177274901549	7
0.02638102091861	0.115707480624982	7
0.025647947917022	0.627993020068792	7
-0.013127724403446	0.432748630938964	7
0.06905446648821	0.448113297214999	7
0.058594275909636	0.484476705353551	7
-0.00227623969608803	0.390978416886407	7
0.096660463794138	0.37080497004084	7
0.035849149040046	0.293741829852682	7
-0.02611164073451	0.509470652276945	7
0.115227177604838	0.329988049595205	7
0.031745079205682	0.456234703313089	7
-0.00514756816014095	0.639651149778991	7
0.098279139513224	0.368974324750935	7
-0.026766443486322	0.181771361232728	43
0.043155098637378	0.416913404491375	101
0.04311473551909	0.416971177617786	101
0.11468419201901	0.330537897766327	101
-0.026439196579555	0.181637496851545	101
-0.000223750514875998	0.605417182776028	11
-0.049031256727599	0.72553110493799	11
0.058187227327872	0.683437296292991	11
0.030593772833723	0.852857948253364	11
-0.044207548534546	1.05182655326746	11
0.115441840282184	0.673978848337934	11
-0.092891159858821	0.53268274498512	11
0.109634356172616	0.182661226811508	15
-0.0573597572857401	0.244140038228301	9
0.099024572159341	0.440981498801167	21
0.096651656583313	0.708067455332505	21
0.07255283022385	0.336739835306824	133
0.035803061675374	0.293605597947412	54
0.094813890958554	0.292586727182141	21
-0.0828470457771781	0.356229911654681	21
0.063965386232183	0.24079747670908	21
0.04295525212879	0.417167647331946	21
-0.091324792585844	1.0464198818684	30
0.094253500883371	0.293008587512762	21
-0.056155370173357	0.24332601211411	7
0.063965386232183	0.24079747670908	7
-0.083438834002424	0.356755276495767	7
0.11014847185024	0.182450980352605	7
0.106421414925793	0.607757575998977	7
0.076807677144891	0.513101404454865	7
-0.014640368899252	0.709775998821349	3
0.071887793266008	0.337374955698302	7
-0.019388376420636	0.746118373495804	7
0.099300703635628	0.508752038255196	7
0.095211445499938	0.292151507850831	7
0.040699114312824	0.556008487872847	7
-0.082629798397334	0.356017714403008	7
0.072657358742868	0.336635969919629	7
-0.092814132007377	0.570248118453724	7
0.094972021297853	0.292384861063912	7
0.056562752524367	0.377059361606541	7
0.057122026848999	0.486485262944717	7
0.035992903456802	0.293640871580907	80
0.025927884148525	0.115784867669351	43
-0.057533352275733	0.244154034678395	43
-0.026558069458088	0.181629780901929	43
-0.087080955764592	0.40618193287197	43
-0.083341203413514	0.356478706158023	8
0.097214009600912	0.707061844531731	8
0.090030272947814	0.677860219744332	101
-0.092318979290705	0.606820299010366	101
0.013454129668965	0.532630501415828	11
0.073096376299989	0.613124483924149	15
-0.091331914718233	0.567964080255305	21
-0.018344937449517	0.744069090509916	133
-0.0837534889017561	0.356962102540156	133
-0.057645854807335	0.24419493774738	54
-0.093620199482919	0.533639901994196	21
0.063549667647985	0.241070371910981	21
-0.093137645203462	0.644290814469825	21
-0.093174053595203	0.495045257083913	21
0.00681958171953401	0.568298731807866	21
0.12420990902485	0.539479145523027	21
-0.012539245767432	0.906792581164292	30
0.081869885420772	0.409818075310424	21
-0.078536636948972	0.305125011360688	7
0.115914005581921	0.673072068817601	7
0.069005560162663	0.448163850093577	7
-0.078878128666828	0.305158353502686	3
0.026578001979463	0.115632916852932	7
-0.057446515240923	0.244186902210422	42
0.111269852223423	0.641546751743572	7
0.069995115113366	0.446795071203263	7
0.027112002229309	0.625110482660741	7
0.027622107406214	1.00152535246369	7
-0.041152891925022	0.622623896416935	7
-0.09104530909926	0.641220219114439	7
-0.083693463507145	0.356790012099362	7
0.110056219848962	0.182487537638541	43
0.02638102091861	0.115707480624982	83
0.021642248983242	0.495297487901067	101
-0.026674824301794	0.510188317771831	101
0.021158120145753	0.495922287894102	101
-0.057533352275733	0.244154034678395	101
-0.078536636948972	0.305125011360688	101
-0.087417656387196	0.406431459716704	11
0.082749517519685	0.644987667458305	11
0.110240640351899	0.182387947376199	15
-0.056614735142323	0.243719575714471	9
-0.078827406622576	0.305295679912071	9
0.1079613452411	1.77141288912556	21
0.090988986842031	0.800662207618748	21
0.113952399151778	0.575493586538228	133
0.115372789122149	0.32970167134369	133
-0.091729350325486	0.453724018395289	21
0.000303642140213001	0.604529432302956	21
0.031542551341878	0.456525039152166	21
0.058070427421013	0.485105822058459	21
-0.00202717396306695	0.390763729949611	21
-0.092116850718691	0.606530500123122	21
-0.093174053595203	0.495045257083913	21
0.063387324348854	0.241179490901457	21
0.035607754420551	0.293935836116276	7
-0.0000552828663530347	0.604992498308699	7
0.015897422023039	1.3889805039483	21
0.104889054347487	0.610692246735384	7
-0.012229333650443	0.431760680747014	3
0.064127708917516	0.240660305444682	3
-0.027302490443492	0.181847387376395	42
0.059233089810359	0.681118316394385	7
0.120851190701865	0.439541484768156	7
-0.052114054642968	0.760817992425373	7
-0.0933356586684449	0.570771177812314	7
-0.086937235044754	0.406028146644531	7
-0.00223110848004704	0.390984588410001	7
-0.032344168402189	0.883859412455413	7
0.031382915981276	0.456702623567557	7
-0.0321919548219169	0.548498777450079	7
-0.0841879726486821	0.357235060706112	80
-0.026439196579555	0.181637496851545	80
-0.027093762011952	0.18188013473994	43
-0.094351771396851	0.496298882150727	43
-0.057273078545836	0.24401728972823	83
-0.026439196579555	0.181637496851545	8
0.112738896202432	0.403712615857408	101
0.109009517600782	0.183036184348497	50
0.110497314606171	0.182238823572662	101
0.082393482441626	0.409221878207293	11
-0.036346423148087	0.585102771984695	11
-0.092480334884984	0.78254817631667	11
0.068907571627207	0.448170420785957	11
-0.093437967101719	0.533430456005962	11
-0.0912075279440801	0.453129761635883	15
-0.086840726488142	0.405949365255773	9
0.115124611685984	0.330090526419913	9
0.051187689792352	1.93547036639385	21
0.094917893237922	1.61711799702876	21
0.100923689648141	1.17712965186608	21
-0.0439978508733	1.050795282375	21
-0.019818687757064	0.470841690625312	133
-0.087801575510689	0.406755989047342	133
-0.01362455396078	0.433167001478473	54
-0.092366004556369	0.714270873190108	54
0.097598225294407	0.369850990379448	21
-0.092129909822551	0.643123869508035	21
0.115915700652723	0.329059610260389	21
0.089927892215931	0.543409116471204	21
-0.092835332989796	0.570251047030614	21
-0.083318901491766	0.356606509103196	21
0.035705399262856	0.293811238824043	7
0.077520048871155	0.889386169115044	21
0.021245312523158	0.793718733657775	7
0.032740943025225	0.722685266643499	7
-0.092209090422583	0.454173626769406	3
-0.026439196579555	0.181637496851545	3
0.110240640351899	0.182387947376199	3
-0.092932719501284	0.884509677043187	7
0.096470012223592	0.371120112092345	7
0.1115866458712	0.405314768179737	7
-0.04690440884192	0.692011028773245	7
0.067968310062073	0.547756049921894	7
0.000359782932068009	0.604465541691325	7
0.109799545860995	0.182647076841076	80
-0.026439196579555	0.181637496851545	80
0.0262529823974	0.115740974734865	83
-0.083813402457841	0.357028102443622	8
0.033694838787362	0.590268303278959	8
0.09491350311491	0.292529750547705	101
0.055645830753117	0.378075583258279	101
-0.083536208101129	0.356794814269034	101
-0.057446515240923	0.244186902210422	101
-0.026320357908881	0.181536079478803	101
0.094434121438899	0.292908908131499	11
0.030122980991952	0.458179037547402	11
0.096520486598249	0.645788191309935	11
0.069746674540228	0.711119590695829	11
0.064700728024904	0.649719935897838	15
0.067749957642361	0.54815880357034	15
-0.0573597572857401	0.244140038228301	15
0.013540439900116	0.344804347302225	9
0.077021176505047	0.74417208206752	133
0.051204364345187	0.619797212413304	133
-0.049031256727599	0.72553110493799	21
-0.00291146240248996	0.391640956184023	133
-0.012920681721189	0.432560353545336	133
-0.090967680323307	0.452852790574782	133
0.082071814536667	0.409612536457368	21
-0.000223750514875998	0.605417182776028	21
0.011328631273481	0.863729390487044	21
0.055645830753117	0.378075583258279	7
-0.0276468314099489	1.60642636599339	21
-0.0426675030363129	1.02008723255048	7
-0.026885257595861	0.181763584301304	3
-0.012945589364583	0.432581556033303	3
-0.057533352275733	0.244154034678395	7
0.00482487905525197	0.766107648756518	7
-0.109579743076448	1.94380420289038	7
0.015178434469667	0.695648020451755	3
-0.059985938120081	0.898888382696046	7
-0.00229969220174697	0.390976797784221	7
-0.09215930010763	0.60658261982572	7
0.05775567349411	0.485647852421827	7
0.068748640573009	0.448426663303195	7
-0.078536636948972	0.305125011360688	7
0.050757128691355	0.620625524106917	7
0.068895616686586	0.448308657302993	7
-0.026439196579555	0.181637496851545	80
0.026055867222047	0.11575139667589	43
-0.057074062543211	0.243988580759618	83
0.02638102091861	0.115707480624982	83
-0.057273078545836	0.24401728972823	83
-0.091732388556249	0.678283475670183	101
-0.05698719456961	0.243941671319354	101
-0.078245908749132	0.304934080913825	101
0.01430923454387	0.344055602210119	11
0.112212473996511	0.404473684708393	11
-0.02050676090218	0.471646413172279	11
-0.046579641777441	0.691443699095854	11
0.052397141734286	0.617394066734226	11
-0.0144875486002251	0.70948841462433	11
-0.078366195943847	0.304991046538971	15
0.064127708917516	0.240660305444682	133
-0.093110920850395	0.532990657231293	133
-0.092205248366261	0.84935817530023	21
0.013151086631143	0.345144656989008	21
-0.018344937449517	0.744069090509916	21
0.109450536757953	0.182830031795741	7
0.00384353951760802	0.768322398516836	7
0.013786679258054	0.344541149572927	3
0.01469864366618	0.34361407420052	3
0.026706095798448	0.115599424911331	3
-0.028757349085106	2.03905545052709	7
0.067313035293333	0.548931742707624	7
0.043274250228148	0.416751661271107	7
-0.083438834002424	0.356755276495767	7
-0.051480861275524	0.759981517198922	7
-0.0919691992935689	0.453958851142532	80
0.026706095798448	0.115599424911331	80
-0.057905798081746	0.244331528329975	80
-0.057074062543211	0.243988580759618	43
-0.026439196579555	0.181637496851545	83
-0.00223110848004704	0.390984588410001	8
-0.0929038167565009	0.532773586225289	8
0.012382136045481	0.345695591448075	101
0.042821842545293	0.417252613357059	101
-0.02611164073451	0.509470652276945	8
0.073289092730679	0.335942474048137	11
0.121106181629823	0.439069750378064	11
-0.091943065012591	0.982651464478697	15
0.069024165988792	0.867241990130212	15
0.036090554247024	0.293531598088991	15
0.072213211512181	0.337109362492184	9
-0.029510987438128	0.849576443707847	21
-0.0256902812765341	0.814023466017161	21
-0.018568302779792	0.744530568590306	21
0.059754507946636	0.582706777910262	21
-0.064619900983936	0.999984643001986	21
-0.01197167302741	0.905336442013205	21
-0.00311540229671603	0.391829385632201	133
0.022167148614601	0.494453541447749	133
-0.093740163042471	0.495706975391969	133
0.072091683511285	0.337180223694258	21
-0.0321919548219169	0.548498777450079	21
-0.0927751575746401	0.644007554026022	21
0.000572915164170018	0.604100911686907	21
0.006559792013	0.568820927217917	21
-0.00842231703000895	0.871406919695418	21
-0.083438834002424	0.356755276495767	21
-0.092062276366186	0.569197235394131	21
-0.00214088138786595	0.390856079641577	21
0.063919870260714	0.24080384961771	21
-0.091767499413915	0.678046513987006	7
0.03235709246625	0.723411305705639	7
0.058809322343141	0.682003465026585	7
0.085358416570149	0.480000807543153	7
-0.08756138040428	0.406585318283645	3
-0.027212517247273	0.181872309976908	3
-0.026605396226885	0.815700702978	7
-0.090774428329626	0.779294162145156	7
0.04311473551909	0.416971177617786	7
0.063225011552794	0.241260158221318	7
-0.026320357908881	0.181536079478803	80
0.055645830753117	0.378075583258279	43
-0.078366195943847	0.304991046538971	83
0.110332725220997	0.182282162800986	8
0.115745349162147	0.673508884821195	8
-0.044433239422227	1.74418149622151	8
-0.083813402457841	0.357028102443622	11
0.084098592738079	0.773908694255221	11
0.05194053637386	0.717549821813376	15
0.00111045951419497	0.60299877701944	15
-0.057074062543211	0.243988580759618	15
0.063133988582993	0.241284069109317	9
-0.056701713000141	0.243766524436716	9
-0.05773242323011	0.244317689807602	9
0.04295525212879	0.417167647331946	9
-0.08756138040428	0.406585318283645	9
0.058153802864878	0.585584318892736	21
0.120542445454922	1.26102811599358	21
0.082554708276468	0.409029067568884	21
0.058862639722807	0.483932199576582	21
-0.083813402457841	0.357028102443622	133
0.035607754420551	0.293935836116276	133
-0.091546465208305	0.453382282537329	21
0.115103155648089	0.33015307849116	21
-0.012581259499698	0.432199645141202	21
-0.092011388986974	0.453896016328581	21
0.058693837610417	0.484285933992704	21
0.055854302548055	0.377798453793871	21
0.02192512391774	0.494899518298143	21
0.10996388448085	0.182479405514895	21
0.109101444662979	0.182999809053684	21
-0.077423898311452	0.30419545956689	21
-0.092291093838666	0.493714669420336	21
0.090022452763858	0.611746501383747	3
-0.012945589364583	0.432581556033303	7
0.082353466239687	0.409302966349417	7
-0.094166787019457	0.53415204329658	7
0.063595204288757	0.241050168239748	7
0.089797291599812	0.612200271859137	7
-0.026885257595861	0.181763584301304	7
0.026055867222047	0.11575139667589	43
-0.077544215954488	0.304376817410782	83
-0.025993123843889	0.181359528182694	83
-0.092209090422583	0.454173626769406	101
0.049352196668336	0.520153507805526	101
0.098544808825536	0.577014629575048	101
-0.010342502423287	0.675127362668899	11
-0.091497662401959	0.947698454856807	15
-0.035618545360611	0.583960819531969	15
0.035607754420551	0.293935836116276	15
0.109450536757953	0.182830031795741	15
-0.027212517247273	0.181872309976908	15
-0.057161009431051	0.243955833867403	9
-0.078005465590871	0.304647905871406	9
0.117176026126738	1.17411187521457	21
0.080126946473027	0.864464289985383	21
-0.092292572047933	0.569553839282692	21
0.083319174976969	0.407919187310863	21
0.121977548247487	0.437838719780413	21
0.056187701026521	0.377517665018346	133
0.11506040065107	0.330190581528907	21
0.056688043461399	0.376919374319485	21
-0.05698719456961	0.243941671319354	21
-0.090477314331665	0.710837630180865	21
0.043392070581053	0.416476243673664	21
0.068638816451337	0.448634733711406	21
0.043595536119201	0.656036943164554	21
-0.011514070747817	0.904132775489535	21
0.064010993494468	0.240746920738287	21
-0.027212517247273	0.181872309976908	21
-0.091942165914137	0.949657924835149	7
0.089187810438417	0.613381685562828	7
0.038432672421307	0.688525782174774	7
0.095591168444803	0.291834750994	3
0.063757522025369	0.240941083882222	3
0.026706095798448	0.115599424911331	3
-0.091870356409771	0.453834242597144	3
-0.054737890787545	1.27383308040051	7
0.039833350059879	0.557529330948165	7
-0.092583579158097	0.569796932932515	7
0.062646896613671	0.241499955390455	7
-0.092313672286143	0.569502376197892	7
0.00545106255151101	0.57040001788815	7
-0.026320357908881	0.181536079478803	7
-0.0919691992935689	0.453958851142532	8
0.110593375159056	1.00348741044175	8
-0.083154690787371	1.88216699726288	8
0.09883754748796	0.57644842098864	8
0.095153131982823	0.292321818790962	101
-0.031106145130174	0.546921387738654	101
-0.07795522213812	0.304721519494592	11
0.109450536757953	0.182830031795741	11
0.110056219848962	0.182487537638541	11
-0.031829961485171	0.548017569158822	11
0.098510720343063	0.510026835653772	15
0.118951684326764	0.608725257628165	15
0.068404797638468	0.546916157084681	15
-0.092183086495795	0.678589865461532	15
0.063757522025369	0.240941083882222	15
0.109542488430707	0.182767055906993	9
0.080874936586572	2.25382756522579	21
0.10882281099105	1.27548444641978	21
0.11313755894694	0.577367563070849	21
-0.092647344011628	0.570035717863214	21
0.044553451071334	0.851731885220344	21
-0.027093762011952	0.18188013473994	21
0.058385332575678	0.484785817333121	21
0.058594275909636	0.484476705353551	21
0.050843300678522	0.719907589538958	21
0.013151086631143	0.345144656989008	21
-0.083970743786624	0.357109169794188	21
0.037010037554153	0.691454226785188	21
-0.093437967101719	0.533430456005962	21
-0.05773242323011	0.244317689807602	21
0.073977675840036	0.611137591220503	7
-0.055978633588276	0.859308102449233	7
0.0262529823974	0.115740974734865	3
0.042821842545293	0.417252613357059	7
-0.01310292153929	0.432759392263541	7
0.042351082272475	0.41785622573826	7
0.114958019613005	0.33021644071038	7
0.013397322560559	0.34484951955903	7
-0.057446515240923	0.244186902210422	7
0.063848757200206	0.24082752371999	43
-0.026320357908881	0.181536079478803	83
-0.026766443486322	0.181771361232728	83
-0.077373974136382	0.304180255720298	83
0.107601398515379	0.542451385334634	8
0.056521230007164	0.377141653686316	11
0.084398013512264	0.708457155829442	15
-0.087033724198061	0.406040554766397	15
0.036475722029371	0.293201471568973	9
0.098803397057102	0.441432039486365	9
-0.094839472978403	1.21721191035709	21
0.097641769638892	0.578699876891953	21
0.096470012223592	0.371120112092345	133
0.000785971126459006	0.603722561757213	21
0.115603276124424	0.329598783975113	21
0.095153131982823	0.292321818790962	21
0.097955203487451	0.824017693171623	21
-0.0365079318928701	0.585327172979738	21
0.036234307494778	0.293430664949806	21
0.064543415628147	0.240320494894364	21
-0.083693463507145	0.356790012099362	21
0.096267555586515	0.371332792010029	3
0.087700668221286	1.50832814282037	3
-0.026632548094356	0.510133550197476	3
0.012381169191476	1.15806775862097	7
-0.0559357028022071	0.829341211824236	7
0.114537192408723	0.574561740069954	7
-0.04838987679151	0.724280116290449	7
-0.0911588632711871	0.677288867421349	7
-0.0836560319662421	0.356902286202087	43
-0.00259385893912201	0.391368853820251	83
-0.05698719456961	0.243941671319354	83
-0.111302776739712	1.85761530367449	8
-0.093944023431237	0.495924032976596	11
-0.012933195410562	0.432593473944586	11
-0.092011388986974	0.453896016328581	11
0.114705541174621	0.330554541686165	15
-0.0919691992935689	0.453958851142532	15
-0.05698719456961	0.243941671319354	15
-0.08387320379766	0.3570281304047	15
0.084548167645505	0.481083622783173	9
0.044866016816182	1.65558020815909	21
-0.010056757549328	1.08775773534732	21
-0.053680859656421	0.794405705570967	21
-0.031428606940359	0.54745216643899	133
0.068638816451337	0.448634733711406	133
-0.031629241611513	0.54774268564907	133
0.013160793306827	0.345069722081061	21
0.096831927458347	0.370752102268957	21
0.070874014500776	0.77782375889004	21
-0.092734151772936	0.532557425223047	21
-0.092525060135038	0.714469179878367	21
0.048769441096039	0.521121669473291	21
0.073177091630594	0.336098541834367	21
0.098291411100199	0.51036182909443	21
-0.0712697228636699	1.16752129017977	7
-0.11915983157221	1.33572958508373	7
-0.087224671595168	0.406295701025261	3
0.105872990170287	0.608962550492506	3
0.043603202630416	1.27804982753906	3
0.066918481875444	0.549534659889291	3
0.059270163436188	0.48335941325366	3
0.009391733730021	0.731924017678201	7
-0.093657224905741	0.533502299025894	7
0.031702217310564	0.456323315235259	7
0.03594680563803	0.29360101182784	7
0.11121893555875	0.405781445036312	7
-0.027421152157757	0.181948809266462	43
-0.078536636948972	0.305125011360688	43
0.10996388448085	0.182479405514895	83
-0.00223110848004704	0.390984588410001	83
0.09491350311491	0.292529750547705	83
0.112103053433795	0.404566873565992	101
-0.049187586259126	0.725840432851587	8
-0.078827406622576	0.305295679912071	11
0.013274259611184	0.345022596079899	11
-0.093086054304572	0.533022292767153	11
0.013550154301437	0.34468117084081	9
0.042594471482951	0.417583623853717	90
-0.026632548094356	0.510133550197476	9
-0.120532915537349	2.16708861338519	21
0.108555469891891	1.02554281034821	21
0.052767971119273	0.616544395643822	21
0.031542551341878	0.456525039152166	21
0.00724403659213302	0.567623152416448	21
0.038139321125991	0.689190891251581	21
0.072700326466672	0.613787710692852	21
0.11121893555875	0.405781445036312	21
-0.042731727748231	0.655157878205427	21
-0.031790422259439	0.547964332385098	21
0.114466566310639	0.574595255644931	21
-0.036444026918498	1.22993418629557	7
0.068958004318418	0.713060711847351	7
0.074757813573399	0.681032333270009	7
0.031243140794735	0.725893461971765	7
0.061514456326831	0.924997608278079	3
0.079622885823341	0.803030048860694	3
0.010150810673364	1.59426691040654	3
-0.0779269515439131	1.56839540970075	3
0.105942702680554	0.940662594910415	3
0.117070536021527	0.819055063841019	3
-0.060211668879099	0.899369103577727	3
0.065748801210369	0.647513815779201	3
0.039462929044335	0.558138813711759	7
-0.090923443926849	0.641114746903481	7
0.042913417158989	0.417213636272637	7
-0.031629241611513	0.54774268564907	7
0.09491350311491	0.292529750547705	7
0.031382915981276	0.456702623567557	7
0.076593564038183	0.513445192696509	7
0.014284672583702	0.697571242323268	7
-0.016326283044317	0.712689733777412	7
-0.0573597572857401	0.244140038228301	43
-0.091249778965717	0.453191742790658	83
0.02454308011517	1.03175105547959	8
-0.012411496073552	0.431975809229471	8
-0.092068193982618	0.454023887174225	11
0.037913501228594	0.689665771436351	15
0.035895270303869	0.293706352109275	90
-0.092074428124938	0.606424102676229	9
0.110512311571349	1.50308697179488	21
0.089357191242971	0.805064226826499	21
0.04555006657439	0.752755656214437	21
0.00924412497163402	0.73193277377064	21
-0.046153428747778	0.690633177068152	21
0.089406929399167	0.544359013126044	21
0.098929089450237	0.509378784967157	21
0.00924313338763	0.732219905375427	21
-0.044164086236836	0.657567612698379	21
0.087153614576672	0.477511196501079	21
0.025495525076316	0.760978737731447	21
0.041907009216151	0.781876524413885	7
0.035510127392311	0.294013680601077	7
-0.00259385893912201	0.391368853820251	94
-0.0786568652716531	0.305181939487086	3
0.079207179341106	0.581933593305939	3
-0.092980888103201	0.570423316483657	7
0.097795016885061	0.442834493113256	7
-0.031589783784354	0.547673752427331	7
-0.026515231336579	0.509971358841466	7
-0.057645854807335	0.24419493774738	7
-0.058018734366544	0.244349000758006	43
0.094633226587174	0.292744513150923	83
-0.09215930010763	0.60658261982572	83
-0.069713527911377	1.1333704969217	8
0.080250984217502	0.580080772716912	8
0.098803397057102	0.441432039486365	8
-0.093827113387405	0.533755782402428	11
0.00582067655716101	0.56991401171547	11
0.013967715536406	0.53159808907391	9
0.042309062733835	0.417863059412598	9
0.035751510045755	0.293834858211746	9
-0.092928783006452	0.532781435691555	9
0.02075391167065	0.496415805716064	9
-0.072476538996841	1.20053481834283	21
-0.00450009560068498	0.836932913862651	21
0.041548535712269	0.782943144946484	21
0.086783364253198	0.478096137196918	21
-0.091618207345877	0.747210396069126	21
0.057967196722628	0.485369635755996	21
0.091293768552281	0.609075221046442	7
0.117468875782379	0.507497058714324	7
-0.078827406622576	0.305295679912071	3
-0.022520612012913	0.779904647756691	3
0.091492913981066	0.60862699131351	3
-0.007072265552165	0.642623464581215	7
0.112568976613085	0.403768845926787	7
0.069323401580545	0.447671958048707	7
0.058852861378553	0.484064662529029	7
0.096470012223592	0.371120112092345	7
0.042191614976241	0.418029753020156	7
0.039890141995084	0.55749144410411	7
0.00523863399563201	0.570691483695116	7
-0.090431162931374	0.812012204644207	7
-0.079118217653428	0.305444570429297	7
0.063595204288757	0.241050168239748	43
0.036763240148911	0.292913561489659	83
-0.083064267290855	0.356418051836635	83
0.110589591377731	0.182175774427376	83
0.031499626830573	0.456599530340411	8
0.068260662032384	0.953298160500056	8
-0.018011701196337	1.44343059994037	8
0.076106898628296	0.514102861629186	8
-0.091683989703957	0.678113047379616	8
-0.0222969778772391	0.779430121570508	15
0.0456391595138	0.752478686171831	15
0.097310688999986	0.370199452955939	9
-0.094141823553294	0.534052863278351	9
-0.093694719657794	0.495596875034529	9
0.097108316888249	0.370422775839988	9
-0.025834451390404	0.508891919983064	9
0.095302350354389	1.12215225107928	21
0.043796157012498	0.966260891352857	21
0.08763572085825	0.476695439338292	133
0.109265263621413	0.474481372335425	21
-0.092513781463562	0.67948399188367	21
-0.040367944681448	0.621525993083236	21
-0.062614642056348	0.934970119253463	21
-0.0915130969318439	0.881441926579836	21
-0.0506078983980091	0.75817169333245	21
0.031585448045277	0.456412240023692	21
-0.00874052972481199	0.872162411626085	21
0.016038343095033	1.38824427169796	7
0.087138477273948	1.08658931451482	7
0.11449317752358	0.974695255538428	7
0.043521398635828	0.967120349749497	7
-0.119218704030298	1.26797734103492	7
0.120637114578311	0.4398312830695	7
0.01289479079552	0.345345626024005	94
0.09491350311491	0.292529750547705	3
0.013192465732554	1.27970125269692	3
0.013087173248605	0.533119337614412	7
0.042351082272475	0.41785622573826	7
-0.0196309712423141	0.470603087144187	7
0.097512994120141	0.369965390433363	7
0.111012956057787	0.471704878404597	7
0.013663614686415	0.344695396452043	7
0.063432917030551	0.24113081715485	7
0.109707402077049	0.182683575221982	7
0.109891605996089	0.182584068814176	43
0.095293271570304	0.292182997049605	83
0.050970393203084	1.27830220085559	8
0.06421890265835	0.240566424151432	8
-0.0828470457771781	0.356229911654681	11
0.031612572595014	0.594084624041906	9
0.056187701026521	0.377517665018346	9
0.04271203230985	0.417443077056562	9
-0.05623477982176	0.829777716102579	9
0.071337365388576	0.925645683561014	21
0.092847740735768	0.85485863195676	21
0.11032777102566	1.00373801248849	21
0.00624517180961998	0.569264618939958	21
0.115248477983352	0.330001096303471	133
0.095351744997297	0.292082971313414	21
-0.026195952130047	0.509448138954634	21
-0.010253741458281	0.674913589686686	21
-0.092045560942795	0.815172812290264	21
0.120908782280104	0.439465632192289	21
0.095252512938064	0.292219909465696	21
0.091067587334645	0.80045363902279	7
0.065285454656852	0.648450907962304	7
0.097267970105876	0.370200873977255	7
-0.086984440732056	0.406063110005478	7
0.114183937818527	0.331038514026779	7
0.045233592023353	0.652870032808266	7
0.058226287570858	0.485027867821175	7
-0.093423343498942	0.495335594146456	7
0.098701632035215	0.441588645621002	7
0.063919870260714	0.24080384961771	7
-0.026766443486322	0.181771361232728	83
0.114099246840066	0.733485351983066	8
0.106383581261227	0.607833096147383	8
-0.086600486077955	0.405694107810445	8
-0.00316055815585903	0.391881047964995	8
0.110240640351899	0.182387947376199	8
0.019245514443799	0.663687675458054	15
0.098849818435857	0.576376249884052	15
-0.00327658073003401	0.996864545356124	15
0.076503201851404	0.677083050991253	15
-0.091684529357601	0.881966226753402	15
0.026346537104156	0.759261558120343	9
-0.036185093621835	0.584849469376033	9
-0.092766388102955	0.494457994324127	15
0.048833754566177	0.931617778050357	21
0.055291485421579	0.378385516896763	21
-0.086937235044754	0.406028146644531	21
0.03613666250554	0.29351240701007	21
0.035992903456802	0.293640871580907	21
0.064335557390283	0.240500834874921	21
0.063965386232183	0.24079747670908	21
0.026853444161217	1.24097346801869	7
0.02638102091861	0.115707480624982	94
0.094511146676626	1.23486868209738	3
0.109000720134389	0.474997042191146	162
-0.070207137584969	1.10492505763241	7
0.012522429307649	0.533827360121001	7
-0.0926426378829101	0.850169366394302	7
0.111527209426844	0.405326649619335	7
0.063225011552794	0.241260158221318	7
0.064173260217721	0.240637929437678	43
-0.086840726488142	0.405949365255773	83
-0.02707869137943	0.510626575499253	8
0.062854808017014	0.241401139407557	11
-0.036305503498318	0.585031966151878	15
0.031693804580642	0.724984210561136	15
-0.092561339687159	0.748685120220787	9
0.072769335246014	0.336554838975276	9
-0.120554058212079	1.33998153261621	21
0.067378271563783	0.548825546942386	21
-0.035941657275906	0.584496967114743	21
-0.0321919548219169	0.548498777450079	21
-0.078366195943847	0.304991046538971	21
0.069946519425755	0.446839640432838	21
-0.086937235044754	0.406028146644531	21
-0.012581259499698	0.432199645141202	21
-0.026229071649901	0.509601314906587	21
0.00385524059787801	0.768228604732843	21
0.089638307574595	0.612538854574959	7
0.00991247967963899	0.730756187205369	3
0.039990126186479	0.557215704484571	3
-0.083715775564624	0.356857962308328	43
-0.091729350325486	0.453724018395289	43
-0.0836560319662421	0.356902286202087	43
-0.121219211100073	2.10758746029573	8
0.035156440731365	0.819953526522603	8
0.07224959941959	0.337064407883488	8
-0.078245908749132	0.304934080913825	11
0.095871770398966	0.291619870295729	11
-0.057161009431051	0.243955833867403	11
-0.00477743974102496	0.638988975973934	15
-0.02611164073451	0.509470652276945	15
0.104711240858226	0.61124295152017	15
-0.057074062543211	0.243988580759618	9
0.11014847185024	0.182450980352605	15
0.06910331445413	0.448031030084896	9
-0.00510506535206301	0.639537440611525	9
-0.093858271288582	1.1184059342683	21
-0.02770284126667	1.39301942368737	21
0.07825143422828	0.951020947763235	21
0.021601647019882	0.495293764253573	21
0.037541003533647	0.690431487145022	21
0.030934566669572	0.457313763108954	21
-0.093339251078037	0.644648490855413	21
0.030528908358599	0.457773700232949	21
-0.0759028172746	1.55834705363875	21
-0.014535842535979	0.937161107457889	21
0.064173260217721	0.240637929437678	21
0.036234307494778	0.293430664949806	21
0.095252512938064	0.292219909465696	21
-0.0512625120020021	0.759551882100972	7
0.079812439220682	0.945754796177362	7
-0.012933195410562	0.432593473944586	7
0.026055867222047	0.11575139667589	94
-0.012750988044986	0.432394494543797	3
0.095937939196061	0.94808451182413	162
-0.0919691992935689	0.453958851142532	7
0.012761754810116	0.345440279782239	3
0.034223735455175	0.822266071370647	7
-0.092513781463562	0.67948399188367	7
-0.092271419302771	0.569549220607367	7
0.098756972306413	0.441473075698634	7
-0.00336451834856399	0.392036790485142	7
0.07240751900927	0.336924245052945	83
0.063017115880723	0.241375112690589	11
0.035607754420551	0.293935836116276	11
0.013037939543271	0.533230532396662	15
0.11420098138217	0.575297912266427	15
-0.119447457365816	1.23431640671556	9
0.120752370904562	0.439672319890259	15
0.05632333832106	0.687227268533426	9
-0.078245908749132	0.304934080913825	9
0.109615174777012	0.182675327209902	9
0.064714194094773	1.06774556886193	21
0.026790379430236	0.884252918244801	21
-0.00045220336866203	0.965260467357517	21
0.06779303462821	0.870951100842683	21
-0.019091108878878	0.745518905238602	21
0.086292412902865	0.830031186279694	21
-0.093740163042471	0.495706975391969	21
-0.00275266265165297	0.391520211442136	21
0.08549610492191	0.893844424704699	7
-0.0919691992935689	0.453958851142532	3
-0.092074428124938	0.606424102676229	3
0.022541432951996	1.18001031611384	162
0.04275392866886	0.417410163821972	7
0.057598321647276	0.485887586833781	7
-0.0205697213570309	0.47163735355602	7
-0.083813402457841	0.357028102443622	7
-0.091233703545093	0.605072747001552	83
0.05474118079389	0.876796215494744	8
-0.040884618846425	0.622128958172598	8
0.063848757200206	0.24082752371999	8
-0.013491934859014	0.433032456497398	11
0.114027927320334	0.788157260019177	9
0.046396755517083	0.846968086885093	9
0.01574801050701	1.10301466450568	9
0.040773015459001	0.785013962158947	9
0.101403492864329	0.740472926025617	9
-0.072901121588788	1.23112553491178	9
-0.087177451431011	0.406239915798469	9
-0.02050676090218	0.471646413172279	9
0.100746720934659	1.40580309271726	21
0.060712492427122	1.39209335207973	21
0.027740410775431	1.11950333127806	21
-0.040554943684024	1.32228590662138	21
0.101887043265623	0.73943999545986	21
0.091947659981302	0.857914553125738	21
-0.056573095514361	1.3350729034284	7
0.098036454001368	0.941436896817369	7
0.098119222705618	0.442416884958397	3
-0.05076134043938	0.758475953069694	162
0.040132851548546	0.786496952960222	7
0.097966750588273	0.510905385435819	7
-0.036019446510916	0.947543616236452	7
0.035510127392311	0.294013680601077	7
-0.013285141398291	0.432942517880216	7
-0.087130193699581	0.40593971281562	7
-0.091351203150408	0.605307822067658	7
-0.093128161698863	0.607796665266289	11
0.058068367885012	0.585802351590598	11
-0.027195826530412	0.510760045947594	15
-0.035539589261344	1.22706089000884	9
0.118951684326764	0.608725257628165	9
0.102090200311073	0.738804853370258	9
0.083884139898475	0.642550393283336	9
0.06365244531772	0.651745102564096	9
0.031094245045972	0.457111877127544	9
0.00148669760752002	1.70142745340994	21
0.031071075044288	0.950109530328885	21
-0.017019628783599	1.15736700148178	21
0.063736189748244	0.744233705568967	21
0.077424660358315	0.743217232910385	21
-0.067010640226557	1.06645129116066	21
-0.031791032027353	1.46042472669961	21
0.077729739379914	0.951985611491349	21
-0.093280123867878	1.61090286168918	7
0.071472516652598	0.337597958787007	7
-0.026975041207015	0.181778673196894	94
-0.054556273540465	1.24672363844883	3
0.056961441230991	0.486654238149447	7
0.096543740232801	0.371039891077535	7
0.030688594853184	0.457571739568773	83
0.026845308419728	0.883991716867751	8
-0.093936973388249	1.08617781562009	8
0.064926215605407	0.649256096773029	8
0.089851963024326	0.54348684102313	8
-0.042841840255225	0.655281617455231	11
0.110641238609325	0.472372725775586	11
-0.091896505102039	0.781504226736513	11
0.021035835063875	0.496017248831297	11
0.026558279030145	0.758670224118206	9
-0.032786556159896	1.19206504266551	9
0.00442209092090901	0.928049894383605	9
-0.043479582770164	0.656322622478668	9
-0.045682107336808	0.689792135477932	15
-0.039841352472369	0.620670789936753	15
0.102121566281105	1.73510135848993	21
-0.08369378547416	1.94228883781785	21
0.104249363352647	1.00202796553962	21
0.069157190257081	0.867029086588113	21
0.084295318636055	0.914375906455611	21
0.073460870765962	0.837374312887736	21
0.090092634418133	0.677686232598711	21
-0.041697867951409	1.65515587807017	7
0.08819308614141	0.947025621066812	7
0.083123200817365	0.71144281943578	3
0.013407361297059	0.344927894499103	3
0.090352021676138	0.862565814264884	3
0.073005731453622	0.613267675048726	162
0.11799092191855	0.506725852829528	7
-0.092210323202914	0.782135348068184	7
0.000864406665080974	0.799440133589463	7
0.014052991104075	0.344322881708419	7
-0.09081319148433	0.452357814451297	7
-0.094351771396851	0.496298882150727	7
0.084128367379413	0.709135783945675	8
-0.049343916913864	0.72612074167913	11
-0.092891159858821	0.53268274498512	11
0.045308192648784	0.849892361568304	15
0.081214777167959	0.861532018624126	9
0.099086957189027	0.640063588455149	9
-0.032271402039157	0.548498526609926	9
0.098205490688503	0.510566976740503	15
-0.091294553046102	0.746657468691245	15
0.086682228549849	0.478209640444137	15
0.117020863361202	0.508357919520105	15
0.00722772794732002	1.2209149245569	21
0.124678776818946	0.67709005323341	21
-0.090875348894753	0.880094578407195	21
-0.095613055671553	1.37527144768189	21
-0.044275267010417	0.657566407543141	21
0.031296969441126	0.456862278708607	21
-0.016763097793949	1.91611422259311	7
-0.11574634164624	1.45491048237802	7
0.046626708255413	1.31514203430611	162
-0.092792878600216	0.57018932530359	3
0.039110091117431	0.687033596270653	3
-0.0246985912772501	1.0412932377187	7
-0.018344937449517	0.744069090509916	7
-0.087417656387196	0.406431459716704	8
-0.0878488137519	0.406766976027492	7
0.102285307858196	0.968563464704521	8
0.108603410371154	0.763154021856179	8
-0.015057929374717	0.710433224016663	15
0.094558297367246	0.774583863722105	9
-0.024988446927187	1.06719333094945	9
0.00314703718829401	0.931483463754636	9
0.096292477144138	0.29113203792968	9
-0.020194170901466	0.471271151397805	15
0.103380045612937	1.00541373735093	21
0.043965143029501	0.655360893389474	21
0.111854846049366	0.404857747360378	21
0.06768479286176	0.548256823610698	21
-0.091719875310336	0.747466318043715	21
0.098544465789546	0.441797886698855	21
0.060258065351932	0.581606659605781	21
-0.092139781831077	0.849217158535384	21
0.00452031686298499	0.766840422134836	21
0.036926832168943	1.02730245506078	21
0.07814990700411	0.887309093532966	21
-0.095123163172722	1.37347491601392	21
0.076047764019944	1.17950910906439	21
-0.092085595675203	0.678770856200585	21
0.066415443438868	1.04395170640707	7
-0.023414905525462	0.781704439902946	162
0.058329320475733	0.683076575079847	3
-0.051392653046171	0.759700407091277	7
0.086558107658533	0.478216202002921	7
-0.087801575510689	0.406755989047342	7
-0.011369476312436	0.676848309259788	7
0.014138996050935	0.531610284677286	7
-0.060138203398342	0.92914908765182	7
0.041990086826263	0.418233267954336	7
-0.003046929535785	0.391705410513783	7
-0.093042720144409	0.607711656501777	7
0.043274250228148	0.416751661271107	7
0.114893655566427	0.330375469541461	7
0.047558207988306	0.52277024134097	8
-0.018942002484426	0.974280777661456	8
-0.091696360407049	1.0475435911	8
-0.092250213907675	0.569489531215722	11
-0.090795655961712	0.711480201547995	11
0.021723321517916	0.495192735354864	11
0.090079301131047	0.543017370005524	11
-0.0272717952445241	1.07424201632938	9
-0.0165456048165	1.17956044330052	9
-0.095249904270397	1.40434618283342	9
0.026062985351687	0.759922037640749	9
0.059296710031685	0.583484380241123	15
0.063201289292058	0.652560815780586	15
0.07923066090499	1.15043288307604	21
-0.04114081437594	1.35037807594005	21
0.113420821227126	0.576826611490024	21
0.031931570611734	0.724448550678824	21
-0.054337861512238	0.795713507703285	21
-0.080560383991086	1.75496046782429	21
0.030818038421359	0.457392927080987	21
0.070813311588905	0.927387218655277	7
0.031390187543282	1.20291887566436	7
0.063122531782013	0.745543818495693	7
-0.03537569949126	0.583574063492791	7
-0.049187586259126	0.725840432851587	52
-0.087321173779376	0.406393743621821	7
-0.075787294789881	1.32716657897551	3
0.078255205364948	0.741042525292004	162
0.090434690970973	1.05842400915044	162
-0.049245197628947	0.725917930823366	162
0.026303718294865	0.626755467137742	7
-0.031750924607712	0.547865560625008	7
0.09505360193435	0.292390925335638	7
0.020428648274345	0.496608347960024	8
0.022512199408768	0.917539955156176	8
0.043864855757852	0.415956241448035	8
0.073019155788512	0.336260352944233	8
-0.0573597572857401	0.244140038228301	11
-0.012568760693037	0.432179180367717	11
-0.019091108878878	0.745518905238602	9
0.043371903180627	0.656476548503875	9
-0.00665449242951999	1.05352442069578	9
-0.092563748661132	0.607107485745998	9
-0.019255587963004	0.47007428640083	9
0.056146198493064	0.377545507353093	15
0.073340398465457	1.62328599420233	21
0.11446551273851	1.06414903725723	21
0.051899985017984	1.27416275699564	21
0.064052033341439	1.07009575832966	21
0.099635501300592	1.14384611836992	21
-0.038440157197152	1.28853181342296	21
0.011531949237487	1.01446516953301	21
-0.0916438999942249	0.948949915660008	21
-0.115926335319801	1.42369126816156	21
-0.074827735004997	1.26614257210662	21
0.0980828837441	0.823558683053507	7
0.057611085753229	0.586519393383423	3
-0.082629798397334	0.356017714403008	3
0.109372506803124	0.474447701746781	162
0.097749370428311	0.442902240625164	3
0.112113303416349	0.404582783187266	7
-0.025792380483095	0.508947740855216	7
0.035849149040046	0.293741829852682	7
-0.026876724416616	0.510415390723932	7
0.063965386232183	0.24079747670908	7
0.082273305922232	0.409372449448501	7
-0.055265991920196	0.827810887244219	8
0.067944710210761	0.547683282792302	7
0.031861913898413	0.456098148611805	11
0.063225011552794	0.241260158221318	11
-0.0913258531239221	0.914463116706015	9
-0.00542013154078702	0.838988376963001	9
-0.093209988880994	1.24314342047019	15
-0.013259964513693	0.432784714987545	9
-0.09225130793896	0.643350387263055	15
0.061331366370706	1.01207995273859	21
0.066350400429832	1.0441432993069	21
0.087281312375484	0.888548373840379	21
0.016963456305505	1.09915136829765	21
0.11512964672392	0.674924537257637	21
-0.041772562083672	1.01754710417804	21
-0.00562510231786895	1.02731311045546	21
0.00608016678708701	0.56951543901323	7
-0.026975041207015	0.181778673196894	3
0.067950778018259	0.870402187560331	162
0.079048716593535	0.738824371345729	162
-0.122428097381391	1.13842515757768	162
-0.091200460828056	0.780211529508623	162
0.068626934013102	0.448472375719339	3
-0.093944023431237	0.495924032976596	3
0.099606182199882	0.508212289264699	7
0.12190485231012	0.437888635608096	7
-0.012399064609477	0.431984414646556	7
-0.093423343498942	0.495335594146456	7
-0.083596176019162	0.356881055209611	7
0.021602496648746	0.495237664952342	7
0.110766760262213	0.642723026937781	8
-0.092727930004047	0.816613325507633	8
-0.0166513952834521	0.712826607766474	11
-0.057691488971507	0.863553898055465	15
-0.00851129544714302	0.871623955292449	9
-0.092362786193231	0.714036286836567	9
0.072018743747128	0.337243217183785	9
0.00644989302947502	0.56892645277844	15
0.029921981170285	0.45835668959746	15
0.124531733859868	2.43176911187007	21
0.119260523961667	0.943331680286957	21
0.039902866880805	0.557381484388906	21
0.117841808796881	0.506993183539957	21
0.000943393663621006	0.799144028845574	21
-0.044164086236836	0.657567612698379	21
0.123731732800782	0.639253672784437	21
0.077899803272633	0.807645851533462	21
0.073077057046417	0.920332230824465	21
0.06905446648821	0.448113297214999	21
0.114915057916421	0.330353116861647	21
0.122310428917542	0.736272854138038	7
0.019919282856165	1.21093223999445	7
-0.026558069458088	0.181629780901929	7
-0.0786568652716531	0.305181939487086	7
-0.040428019152343	0.621433189184456	3
0.114555367708813	0.882023131204736	3
0.01353910483005	0.699069897491653	162
0.107879931864716	0.708138576783484	162
-0.00346283000518999	1.19793225593997	162
0.114431401796573	0.57482520289938	162
0.096703371295584	0.370836899476871	162
-0.000869010337146037	0.803510586602192	162
0.045010072765408	0.653354339626544	162
-0.052136343999624	0.761181650770918	162
0.021170013035572	0.659728002013171	3
0.116355259694595	0.328686070677443	7
-0.00446415593267302	0.63838512092247	7
0.107710957981629	0.476728848695256	7
0.037247671047386	0.690972125419145	7
0.109542488430707	0.182767055906993	7
0.115645934474614	0.32955349035113	7
-0.091828261289837	0.453809092898902	7
0.036717146930656	0.29294643666098	7
0.043635037986076	0.416251721271983	7
-0.03696586190366	0.585913614876405	8
-0.0933324693719561	0.495212167816364	15
-0.086456768495383	0.405540439224847	11
0.014077791864234	0.531627835669715	11
-0.071521701492831	1.16825665615948	9
-0.061646836938701	0.932830974672697	9
-0.031829961485171	0.548017569158822	15
0.047490820407245	0.522948354901638	15
-0.00275266265165297	0.391520211442136	15
0.00430864788705698	1.25464209907656	21
-0.119914596416441	1.27022531786838	21
0.096734453874075	0.886656276707526	21
0.092030882511071	0.857702300337645	21
0.103920173185311	0.674474223772157	21
-0.032419850749239	1.16621918149	21
0.026470050773257	0.758953870746798	21
-0.053115341339262	1.2150889369651	21
0.116838651605038	1.21044684736078	7
0.119185045223625	0.852405757113071	7
-0.015399985016343	1.15225046680967	7
-0.026558069458088	0.181629780901929	7
0.028703523091042	0.753575795105168	7
-0.063353060837838	0.967162158150358	162
0.11126880102123	0.405708515338426	162
-0.056723263921554	0.861270273097363	7
0.058859013058041	0.584343742248457	7
0.0000436851924349724	0.80142618352751	7
0.030731771097849	0.457550336570778	7
0.096831927458347	0.370752102268957	7
0.110116010003128	0.47327104967805	11
0.024726862952519	1.01062802224443	9
0.097310688999986	0.370199452955939	9
0.090857188352036	1.91303365591548	21
0.104400359750905	1.14805544520084	21
0.077914803557589	1.40359484378846	21
0.101187279518544	0.79925231069214	21
0.089058249418555	0.679986423445796	21
-0.0720579278582481	1.19937101762364	21
0.020256531564744	1.32868705872919	7
0.025084032089208	1.00958108978801	7
0.109891605996089	0.182584068814176	7
-0.092308168833269	0.454218145313375	52
0.000630893607267979	1.16004069906261	162
0.090849913357547	0.739634097127473	162
-0.0462758032782991	0.690587479537422	7
0.038139321125991	0.689190891251581	7
0.072339112320918	0.614678261638996	7
-0.0239604134833979	1.30402642019509	7
-0.043471014734638	0.65645951522171	7
-0.092680827331197	0.607294078334704	15
0.094673832924927	0.292725548193684	11
0.112579892241832	0.403951393461452	11
0.021884691557011	0.494984147210403	11
0.045457057287734	0.652373887653679	15
0.105413618334986	0.609919992743145	9
-0.120087330691418	1.27070982913878	9
0.013796726187491	0.344571853234149	9
0.081789490111762	0.41000954669511	9
0.015275748745002	1.27157150368265	21
-0.020527802747776	0.47168884448775	21
-0.092354862853044	0.679284481567296	21
0.110116010003128	0.47327104967805	21
0.055249799086352	0.378430463212351	21
0.114741178795472	0.675949292839499	21
0.029102762518709	0.856726541542303	21
-0.090770376527475	0.452558823386808	21
0.063848757200206	0.24082752371999	21
0.01391984669302	0.344446413676395	21
0.013274259611184	0.345022596079899	21
0.072904787950154	0.336347025193216	21
-0.094980640267907	1.5876260035584	7
0.102240693861629	0.796277381386228	7
-0.115652883327087	1.45512792145728	7
0.109358501287323	0.182866469506345	52
0.072031037529095	0.337269712799533	7
-0.091317820852475	0.677524588510521	3
0.117245313818582	0.508037024446057	162
0.095392719502992	0.292101537771488	162
-0.093352445005338	0.986071563782129	162
-0.00138571624841799	0.804636127847319	7
-0.056701713000141	0.243766524436716	7
0.109891605996089	0.182584068814176	7
-0.083596176019162	0.356881055209611	7
0.076945337528599	1.0362356258138	7
0.041055569004766	1.08719837130748	7
0.012382136045481	0.345695591448075	7
0.072722692624886	0.336519788499293	15
-0.039852522330215	0.620555420349854	15
0.082636051784546	0.408869315877875	11
0.072175878812296	0.923149753664166	9
-0.119327376018117	1.23349445041338	9
0.057724822184786	0.955312949156118	15
-0.034135712005716	0.915599835114831	9
0.098396402866096	0.368733054817164	9
0.117487623030836	0.963549135932848	9
-0.0578190710334841	0.244364502966291	9
-0.083910772670489	0.356957275253707	9
0.083527657830245	0.710600346662433	21
0.109614374720087	0.474069487430589	21
0.115645934474614	0.32955349035113	21
0.00886941198674901	0.733051604266788	21
-0.00279780628444404	0.391557264053725	21
0.069359633526705	0.447614863216724	21
0.073459089908425	1.06593852978927	21
-0.031790422259439	0.547964332385098	21
-0.00243505128163402	0.391188927012563	21
0.072383003190483	0.336935508033797	21
-0.0371247210757339	0.586134120554044	21
0.115081752017939	0.330185927759459	7
-0.043828870546159	1.43987387235571	162
-0.049557806200124	0.726507608850206	7
-0.055860023793233	0.829256125578563	7
-0.026439196579555	0.181637496851545	7
-0.08387320379766	0.3570281304047	7
-0.05773242323011	0.244317689807602	7
0.095333720469844	0.292041447928685	7
-0.09148954354181	0.453468760711425	7
0.057858249962846	0.485547033484569	7
0.11562457905448	0.329590595151841	8
0.032436410506534	0.723317210288488	7
-0.087080955764592	0.40618193287197	7
0.035849149040046	0.293741829852682	15
0.06905446648821	0.448113297214999	9
0.096803236164436	0.827387455457219	15
0.074576651936272	0.609758098689972	9
0.121393775118375	0.438723127530887	9
-0.019715620378444	1.19009282767484	21
0.045264402475663	1.42458082206794	21
0.082434649364471	0.4091203199355	21
0.00592286571869399	0.569774991458425	21
0.079876219438403	0.580662913350565	21
0.04239307649431	0.417813151336015	21
-0.035335146733634	0.583466818580425	7
0.096111233724935	0.291353584299447	162
0.050682011580827	0.620753071484829	3
0.053456974667823	0.898772652973761	3
-0.037332177811541	0.586374126910026	7
0.040116035464025	0.557004431519762	7
0.021480837215187	0.495530306882134	7
-0.059015268235178	0.896626860140006	7
-0.046366674551547	0.691046600073149	7
-0.083970743786624	0.357109169794188	7
-0.087224671595168	0.406295701025261	7
-0.091547105275769	0.91532235212719	7
0.052567753745483	1.18582583058336	7
0.057331141137923	0.486171090590497	7
-0.02606952404173	0.509413531012852	8
-0.077544215954488	0.304376817410782	7
0.076495229213618	0.513668097688343	15
0.100812115791271	0.742126547833403	15
-0.026472990934628	0.509945679424723	15
0.110139693246116	0.47316637022417	15
0.00761980047456201	0.566952761021894	15
0.114032252970711	0.733694874419018	21
0.07496081157445	0.897068905155143	21
-0.017452022265088	0.742084438750448	21
0.071234632606347	0.843067833840229	21
0.116771014555951	0.820292331943737	21
-0.00573132676932397	0.640644612006728	21
0.071652099132934	0.924851953882555	21
-0.040907472326755	1.3496932273769	7
0.097850793099516	0.442786799092918	7
0.042913417158989	0.417213636272637	7
-0.012216849705747	0.431751887176327	7
-0.013309839556968	0.432899279592007	7
0.056146198493064	0.377545507353093	3
-0.092514873599567	0.917464388823568	3
0.099126591093634	0.440928435054212	7
-0.056788769606713	0.243733913647252	7
0.109891605996089	0.182584068814176	7
-0.082787084386744	0.356187527615365	7
0.095012966126298	0.292440183228284	7
0.109891605996089	0.182584068814176	7
-0.083813402457841	0.357028102443622	7
-0.087321173779376	0.406393743621821	15
-0.092771572625552	0.570068974154341	9
-0.057740203508468	0.893368365435985	9
-0.09356627166378	0.570993915369346	9
0.00640247355853502	0.569055614557725	9
-0.090954783643294	0.711750177033979	9
-0.026229071649901	0.509601314906587	15
-0.03889946165887	1.29002395306153	21
0.058125203622866	0.485108423586006	21
0.106102661748496	0.608470917320343	21
-0.00292552274597302	0.833007613506015	21
-0.052005917086612	0.760975940568797	21
0.11664788025421	0.508997655081265	21
-0.092721437304512	0.679782528496937	21
-0.03090560321692	0.546614954633273	21
0.039870470635973	1.31314853462935	21
-0.011419636758137	1.50138510845841	7
0.048242323837178	0.521923021693518	7
0.057649145625485	0.485833339554949	7
0.11014847185024	0.182450980352605	3
0.056564557269735	0.781256158079477	162
-0.0237778312435299	1.0384659848926	162
-0.118877285853002	1.40127492059869	162
0.072124585974902	0.615036360657504	3
-0.039424627941186	0.619980008311793	7
-0.031790422259439	0.547964332385098	7
0.059316662998013	0.583565907635698	7
0.121492973104433	0.438618838669056	7
0.112162918244702	0.404541563504977	7
-0.012581259499698	0.432199645141202	7
0.035751510045755	0.293834858211746	7
0.013160793306827	0.345069722081061	7
0.021898828893128	1.30134589344899	7
0.119508546018031	0.704591657806617	7
0.021682807073222	0.495263832805352	7
-0.0260274331017401	0.509310900055264	7
-0.0573597572857401	0.244140038228301	7
0.035895270303869	0.293706352109275	7
0.109707402077049	0.182683575221982	15
0.094154007841195	0.29312356086688	15
0.085407431087034	0.770415897855675	9
0.00679499639581299	0.898661927803105	9
0.048732948096256	0.520436483599617	9
0.056667422728459	0.376878642664608	15
0.112946227636474	1.4470753044914	21
0.084437190059781	0.976277434526133	21
0.054797690357822	0.876667470683703	21
-0.026852860346035	1.07276943908112	21
0.083387960342007	0.64373443907605	21
-0.056504224762548	1.30724972041123	21
0.000684773540795991	0.603829305291902	21
0.032606597612534	0.592370186518354	21
0.051303089983088	0.718953004138999	21
0.085765533884384	1.15039097252644	7
-0.00279780628444404	0.391557264053725	7
-0.057446515240923	0.244186902210422	7
-0.027302490443492	0.181847387376395	52
-0.035195669952038	0.918201865502346	7
0.021982196110786	0.918986931438713	162
0.076643448472977	0.676771952074571	162
-0.120099726317	1.16664427130594	162
0.00421563067000302	0.767499623016679	162
-0.09199994646114	0.982771841008294	162
0.110851175559363	0.406221056203223	7
-0.055635011236878	0.828653586116572	7
-0.035537231962495	0.583827375577407	7
0.096991483822928	0.370586706141046	7
-0.092478627612012	0.60702249140661	7
0.036234307494778	0.293430664949806	7
0.013673495383856	0.344651999833271	7
-0.092521174576517	0.607091847318105	7
0.051501939100948	0.619203660950411	8
-0.045737731880764	0.689865517394409	7
0.081829709115311	0.409930798337696	7
0.037545249812777	0.911394649484143	9
0.088537392471105	0.884498136289115	9
0.050261604166487	0.908474173606754	9
0.088885344010347	0.545205568497052	9
-0.010778919524178	0.902240243779632	9
-0.012945589364583	0.432581556033303	9
-0.086600486077955	0.405694107810445	9
-0.0500436900708901	0.727298534983032	9
-0.035416295992464	0.583634474990607	15
0.058226287570858	0.485027867821175	15
0.112693744212049	1.04688126315703	21
0.016021469235859	0.828968792916663	21
0.013613780346434	0.698884653874327	21
0.085427875091091	0.705763569725085	21
0.116331716553502	0.67200581382991	21
0.03967212747182	0.885146428026217	21
-0.0123793778034	1.3483024387349	21
-0.093830479796254	1.21370759467736	21
0.02621593459798	0.626839271567232	21
0.049250560897484	0.520292950995271	21
0.028510777987533	1.4406499737919	7
0.107874095002648	0.821401791934436	7
0.063225011552794	0.241260158221318	7
-0.087128150081854	0.406130998050476	7
-0.0617421444787291	0.963021279598118	3
0.035118825294356	1.26182080403167	162
0.075955428879316	0.678396728551572	162
0.07172824845305	0.615731187213713	7
-0.025624354853322	0.508676358654444	7
0.043155098637378	0.416913404491375	7
0.03512499746635	0.294278276651813	7
0.06947655763779	0.781228054075632	7
0.109891605996089	0.182584068814176	7
0.013018017801761	0.345239336325901	7
0.098590702996678	0.44173637960668	15
0.119407544978222	0.503907966320972	9
0.114253931501499	0.575191402274783	9
0.047659261068363	0.522756245735011	9
0.00688133915853001	0.568188213745714	9
0.032995467836562	0.59173840138931	15
0.096863033184045	0.370614892983423	15
0.071581992729566	1.00799051886982	21
0.072102265758921	0.77454969340863	21
0.10700511674743	0.543520945555578	21
0.022046097097358	0.494751453279563	21
0.108195010963018	0.541203272551695	21
-0.027272126290715	0.817191838417037	21
0.055168990969772	0.784657943273944	21
0.080783596506619	1.00567125567434	7
0.0262529823974	0.115740974734865	7
0.072734959001448	0.33656698033643	162
0.039170644298821	0.999844745477787	162
0.074229566439919	0.916271670300028	162
0.082676032131598	0.408859114561633	162
-0.00873561712456095	0.671949776032152	3
-0.053462002503839	0.79394012017106	7
0.058125203622866	0.485108423586006	7
0.082232292336388	0.409394322580698	7
0.087366689058185	0.477166778325128	7
0.110056219848962	0.182487537638541	7
0.036090554247024	0.293531598088991	7
-0.0926533652811889	0.494316251919992	7
-0.0578190710334841	0.244364502966291	7
-0.036264628102497	0.584914863399393	7
0.0850962262351	1.0351285029556	8
0.063832335506787	0.900425055983666	8
-0.092366004556369	0.714270873190108	7
-0.094147892877211	0.496121455564586	7
-0.078998151141248	0.305339990915278	7
-0.094034975888259	0.495927379070074	7
-0.00295660626168404	0.391708638897136	7
-0.032353106949372	0.548690695379948	7
0.045307640174901	0.65269103701636	9
-0.093672681888214	0.495505388887372	9
-0.0836560319662421	0.356902286202087	9
-0.084247776995583	0.357255403203694	9
0.055645830753117	0.378075583258279	9
0.095871770398966	0.291619870295729	15
0.091859596715635	1.49427274221818	21
0.097750119693054	1.16598462061399	21
0.045263444615647	1.05273401621984	21
0.036995259030743	0.913060490129965	21
-0.00487734266249196	0.639080050114912	21
0.108793551108544	0.540160939521363	21
0.040946471894555	1.10679007111832	21
0.03192441179933	0.593604906412984	21
-0.086937235044754	0.406028146644531	175
0.013141134879034	0.345081951768737	7
0.012793475402863	0.700427411691648	162
0.109037262260419	1.20206089530689	162
-0.092271419302771	0.569549220607367	162
-0.00316055815585903	0.391881047964995	162
-0.025985367727974	0.509159672629403	7
0.045233592023353	0.652870032808266	7
0.098306555308522	0.577418228812844	7
-0.092415899458092	0.714354469474294	7
-0.087033724198061	0.406040554766397	7
-0.057074062543211	0.243988580759618	7
0.013796726187491	0.344571853234149	7
-0.031948830928998	0.547904515539832	7
-0.086600486077955	0.405694107810445	7
-0.077664577229696	0.304481405888821	7
-0.043738762729186	0.656918551405998	7
-0.010527228275572	0.675206801748495	15
0.01421029346932	0.69768161763054	15
-0.000437100490682019	0.605741916494693	9
-0.092085595675203	0.678770856200585	9
-0.124338228681356	1.07182906197397	9
-0.000851745917742952	0.606194573984525	15
0.042913417158989	0.417213636272637	15
0.086941246150231	1.25838170145899	21
-0.120842495316993	1.27298992809174	21
0.06594251305524	1.58660699352999	21
-0.0184447126057951	1.21044390663013	21
0.046689266832209	0.938100656147192	21
-0.00202717396306695	0.390763729949611	21
0.095153131982823	0.292321818790962	21
0.036090554247024	0.293531598088991	21
0.07169504170854	0.924428106030208	7
0.014433135170604	0.69724548439296	7
0.0262529823974	0.115740974734865	52
0.02638102091861	0.115707480624982	52
0.096657114359821	0.708501245647993	162
-0.019238726873065	0.745834877385248	162
-0.0214459761532601	0.472518014895478	7
-0.091939796859878	0.678634905794069	7
0.086300572054347	0.478786236476422	7
0.026346537104156	0.759261558120343	7
-0.083536208101129	0.356794814269034	7
0.063803094020906	0.240906518793572	7
0.063757522025369	0.240941083882222	7
-0.078536636948972	0.305125011360688	7
0.111527209426844	0.405326649619335	7
0.069518460125727	0.447441378214116	9
0.075326293305077	0.515474877490331	9
0.031253954031538	0.456886500825743	9
-0.048618502412517	1.11952118682202	9
-0.083438834002424	0.356755276495767	9
-0.091525063252627	0.677913646014798	15
-0.010342502423287	0.675127362668899	15
0.098901757354041	0.509074893210273	15
0.013796726187491	0.344571853234149	15
-0.0928337959693381	0.984922232691981	21
0.082556105517231	0.645540789008503	21
0.044196884401191	0.415423961967726	21
0.056327735482316	1.04782207053645	7
-0.026647663695847	0.181669906995782	52
-0.092928783006452	0.532781435691555	7
0.089554809936228	0.544090997163656	162
0.076182776611593	0.514160857989229	7
0.042821842545293	0.417252613357059	7
-0.0317478656451951	0.54767637850668	7
0.109358501287323	0.182866469506345	7
-0.0573597572857401	0.244140038228301	7
-0.092631939321882	0.454302859536775	7
-0.0837534889017561	0.356962102540156	7
0.042594471482951	0.417583623853717	7
0.048713656912637	0.521189644348705	8
0.00440432233448701	1.25430658648681	7
0.059144108889929	0.583702481882489	7
0.00534346623656301	0.764904925381581	7
0.107825274052981	0.542040030306978	7
0.021158120145753	0.495922287894102	7
0.080325127663041	0.579985476593076	7
0.014042856884277	0.344273862241121	7
-0.013115382821158	0.43277654611974	7
0.050304489521154	0.5184076346508	7
0.048556529383925	0.521455172152383	15
0.042368781636532	0.97046965624253	9
0.038764564632178	0.789726078974014	9
0.115690434098157	0.673643275475027	9
0.00644989302947502	0.56892645277844	15
0.052024269359341	0.618175276210912	21
0.114039218246774	0.575274887152749	21
-0.0796650670192171	1.80761966856212	21
-0.0922098949021311	0.642985749044514	21
0.006645554973367	1.514503444084	7
0.119576111661545	0.704321205081897	7
0.0262529823974	0.115740974734865	52
0.078359472726996	1.01399014661095	7
-0.086937235044754	0.406028146644531	162
0.10939625410857	1.40215555714614	162
0.037286186433511	1.6692128390621	162
-0.092856481692793	0.570199412937202	7
-0.094446918255876	1.21599042140782	7
-0.014268773962192	0.709056032208291	7
-0.032392849151804	0.548742829210168	7
0.095433384845801	0.292022274552552	7
-0.091914788762373	0.60622200598291	7
0.095772486719486	0.29172931532976	8
-0.0318695425166859	0.54802631303248	7
-0.020861305574575	0.471983673984282	7
0.063965386232183	0.24079747670908	7
-0.027093762011952	0.18188013473994	7
0.110497314606171	0.182238823572662	7
-0.047802245883826	0.693421902081407	15
0.092918486732842	0.974725558417399	15
0.0865139445077	0.478482631356331	9
-0.063998804662369	0.998682014624531	9
-0.00279780628444404	0.391557264053725	9
0.012999452162724	0.532976281141125	15
-0.018715864300029	0.744769225442579	15
0.102252371191036	1.11838251803247	21
0.097522610926372	0.706303825299868	21
0.098221930009163	0.64224819605521	21
-0.091831082308352	0.747571749826869	21
0.124873067507703	0.538087128406475	21
-0.012928392475099	1.32793389060267	21
0.0113414040654	1.45117661041258	21
-0.051327520621534	0.7596482130564	21
0.045833377138948	1.25031825503053	7
-0.0866970073568421	0.405795631760332	7
0.063432917030551	0.24113081715485	52
-0.087464891236514	0.406507529555143	52
0.074668520228911	0.681222144610604	162
0.112824838380017	0.736987892668284	3
0.009391733730021	0.731924017678201	162
0.09907134403889	0.441037099126566	162
-0.092571436993501	0.748878265613359	7
0.058878530825616	0.584380796710671	7
0.099539947138055	0.508299134927254	3
-0.043258632601209	0.656081618635377	7
-0.030625096189316	0.879617525483656	7
0.04335416322207	1.05922454869864	7
-0.019406933165283	0.975484864735354	8
0.115645934474614	0.32955349035113	7
0.017494164900561	0.825462189620173	9
0.089967865079345	0.677851721441901	9
-0.090795655961712	0.711480201547995	9
0.021319460940592	0.495738990087645	15
-0.09238761189536	1.11400001562773	21
0.057568729693553	0.77868917697321	21
0.021193574501519	0.793803704460619	21
0.051279525383306	0.619600945614804	21
0.102464894227904	0.678039900139695	21
-0.044059995377702	1.81566941496874	21
-0.01847639726562	1.6484749236548	21
-0.063122901860972	0.96661490772896	21
-0.092266837105101	0.782200712098056	7
0.026456806613652	0.62646160886786	7
0.026578001979463	0.115632916852932	52
-0.031629241611513	0.54774268564907	7
0.013027803639888	0.345222091674203	162
0.102386904986337	0.795853863969106	3
0.056375234509279	0.377295693696547	162
-0.0569465971650121	0.861790300517251	3
0.018045253516946	0.951861102900476	7
0.0356227751225	0.818732250006566	7
-0.092206920276298	0.714035320495439	7
-0.0786568652716531	0.305181939487086	7
-0.087321173779376	0.406393743621821	7
-0.087033724198061	0.406040554766397	7
-0.093128161698863	0.607796665266289	7
0.055583533100028	0.378053931392986	7
0.035561654132757	0.2938157587266	7
-0.084030602818931	0.357153975147905	7
-0.092941092423286	0.532696157199773	7
0.072722692624886	0.336519788499293	7
-0.091988338410801	0.678732530843349	7
0.072018743747128	0.337243217183785	7
-0.09205009583554	0.643044217941702	7
-0.0573597572857401	0.244140038228301	7
0.040586767715769	0.556325734537481	7
-0.042397284708965	1.01928165187576	15
0.111327971339627	0.405604749696304	9
0.01391984669302	0.344446413676395	9
0.075149190078325	0.748596289146552	15
0.07644474789308	1.03809621171697	21
-0.054603557485688	1.32727928208054	21
-0.059977382398564	1.48582258693478	21
0.00359188312676001	0.930291725853089	21
0.076336712270601	0.677195624311491	21
0.058135209828164	0.585691683831412	21
0.057505155708407	0.86881353854797	7
-0.083693463507145	0.356790012099362	7
0.110068493963667	0.855909858929893	7
0.096561290625415	0.769385430067252	3
-0.037033362968281	0.585960172190621	162
0.016350364160744	0.828276259537921	3
0.078860386706032	1.01238957994585	7
0.066941254375218	0.549577372856091	7
-0.017971874524505	0.743284898681968	7
0.035803061675374	0.293605597947412	7
0.064127708917516	0.240660305444682	7
0.109891605996089	0.182584068814176	7
0.076240458761199	0.514024211590975	7
0.073311011544503	0.612688416754106	7
0.097151070999642	0.370402305705333	7
0.03613666250554	0.29351240701007	7
0.062119491386547	1.16104515592811	15
0.03248884194577	1.06206844955714	9
0.035607754420551	0.293935836116276	9
0.058693837610417	0.484285933992704	9
-0.0911511870707989	0.453000521827	9
0.064043110662772	0.899810288321933	21
0.067547828333257	1.03989447500685	21
0.09323908366103	1.08965194741545	7
0.069213345475356	0.447897543737265	7
-0.078125665272558	0.304829459171569	7
0.04275392866886	0.417410163821972	7
0.052620276035084	0.901687224884322	162
0.062784790874056	1.24025458298015	162
-0.092899128697243	1.05088129417863	7
0.075904370624476	0.678470084856336	7
0.107767954269863	0.708655242970168	7
0.07240751900927	0.336924245052945	7
-0.026472990934628	0.509945679424723	7
0.111735728608635	0.405036422548895	7
-0.019157191825127	1.21305228921113	8
0.119185045223625	0.852405757113071	7
0.046759579278834	0.845935696195706	7
0.076807677144891	0.513101404454865	7
0.032693536893199	0.945793794780182	15
-0.014467008363691	0.709297170362491	9
0.081194949762993	1.67239581857482	21
0.114512506774654	1.31651941528941	21
0.101729646203178	1.53947364945022	7
-0.027531999448793	1.36748794641391	162
0.121588726920243	0.791340951064246	3
0.06310229749894	1.00541860715037	3
-0.026814386757553	1.31439378428687	3
-0.120510226922351	1.30573422523717	3
0.00286691568028902	1.10828963302599	3
-0.049790107094512	1.12282374846533	7
0.069144814400326	0.867139536072063	3
0.082926945155489	0.712011771241237	7
-0.000682827859687984	1.142796981243	7
0.08622634700356	0.891514916802093	7
-0.00680972311303496	1.03085413408711	7
0.022288204864069	0.49438386768515	7
-0.026271224214702	0.509687504920789	7
0.026958839133016	0.625404123184991	7
-0.020509733865642	0.775315386484293	7
0.111685356405115	0.906021904854931	7
-0.123719036755383	2.05739735036025	7
0.11799092191855	0.506725852829528	7
0.117195591538445	0.818937310752415	7
-0.014574465196548	0.709605127320194	7
-0.055933978366175	0.829394471825562	7
0.107378068786408	0.990155623052794	15
0.110470267665825	0.85455245864583	9
0.117915822779367	0.506678233115581	9
0.050756154225978	0.620570554998082	9
0.090560423012699	0.676591939952806	9
0.0000435787375009933	1.75096490490665	21
0.029982363459776	0.974151779382553	7
0.113367987720561	0.576928470000398	7
0.115688803351018	0.329387372671388	3
-0.043712817573074	1.73973980682659	162
-0.095475826812527	1.28224098878085	3
-0.07512134592388	1.41106362256561	7
0.084655611323743	0.707614676071322	7
0.056234124090452	0.782119250379882	7
0.052823254037576	0.715495225853461	7
-0.046351423232587	1.08534283719919	7
0.113509663270645	0.576665557290401	7
0.098052874255918	0.510812136103259	7
0.119586241338553	0.704493175990953	7
-0.00280213314955802	0.99550226423674	7
0.000805222866487987	0.961799394902774	7
0.038444200094308	0.688508941361253	7
-0.058642789073804	0.895678321631727	7
0.090596839019413	0.676570864613291	15
0.10573251542811	0.609258810839695	15
0.108795638709161	0.930099594687438	9
0.00534346623656301	0.764904925381581	9
-0.000556425231976965	1.14226857877157	9
0.087466304672847	1.4054911633923	21
0.048284354080222	1.69745107084406	21
0.12457005081434	1.18310750958699	21
0.085166281751177	0.833375505376842	7
0.123788719090303	0.913473258148564	162
0.097495439291178	0.578958613580854	162
-0.019002391040513	0.974291604648039	7
0.068699530944295	0.448402194722994	7
0.088860680897199	0.680347699897013	7
0.03529144538642	0.819611915487352	7
-0.071083422754583	1.19609298013399	7
-0.113750684483996	1.51224388797905	7
-0.118966536741443	1.36849418230652	15
-0.072637131854854	1.25915585224061	15
0.026788670488709	1.00429832283076	15
-0.095551975264489	1.49706115245827	15
0.112236724068362	0.997248608378021	9
0.028375542931893	1.11716813969971	9
-0.047920652245409	1.11709672137229	9
0.113026137777038	0.736370524065987	9
0.069914241102779	0.864711289556153	15
0.048183885590264	0.841810851291879	15
0.010506918576496	0.729151265521808	7
0.065821899865047	0.809254863530773	7
-0.003046929535785	0.391705410513783	7
0.099366764183016	0.508605829026723	162
0.106408697798774	0.544539612163116	162
0.047886748449803	1.22330277148884	7
-0.012909142881295	0.907650661263475	7
0.115914005581921	0.673072068817601	7
-0.016259726213981	0.712585895914319	103
0.079132146197955	0.582085199583647	7
0.051575878942842	0.619009088969162	7
-0.036248380304915	0.948179910014417	7
-0.0281708186456751	0.846640149923788	7
0.123556229496879	1.08481244081705	7
0.061476212965222	1.01160175835264	7
-0.000173383207517031	0.964488669302764	7
-0.05361465766226	0.794214050752372	15
-0.118434723443653	1.33325886309686	15
-0.031589783784354	0.547673752427331	9
0.067168396691747	0.872484878157141	15
0.106221537552895	1.08795494142711	7
0.09066962569406	0.676306183889768	7
-0.092617010275376	0.748896951916548	7
-0.026320357908881	0.181536079478803	7
0.117139784389645	1.00271533674626	3
0.072327369453211	0.614571292527477	7
-0.055786168181555	0.829073753230511	7
0.00395835939376399	0.929399315677791	3
-0.057695588164696	1.36609716152196	3
-0.01837948866262	0.972728100961769	7
-0.049114841568766	0.725217325696668	7
0.046704258015643	0.846147785858333	7
0.09835810605417	0.5103051446333	7
-0.035820879943548	0.584271300070204	7
-0.092276494575936	0.606732647795631	7
0.098590702996678	0.44173637960668	15
-0.018714209686202	0.744435234314998	15
0.032976925432592	0.591669396450782	15
0.033637218350627	0.590468694047533	15
0.122552331356612	0.542624339484249	15
0.115855369624907	0.329239372403593	9
0.099446823828655	1.09061050193609	7
-0.05698719456961	0.243941671319354	7
-0.0837534889017561	0.356962102540156	162
0.108739855877582	0.475348307386156	162
-0.098629697305626	2.26267894021098	7
-0.110722843586858	1.75927514112582	7
-0.013909730670368	0.935100261425389	7
-0.052158921659909	1.2645242531911	7
0.099825058024256	0.507821167702413	7
-0.121739521755638	1.13644126043012	7
0.075597830201912	0.67900851332367	7
0.122835052963501	0.641381287739039	7
0.024877585126085	1.1504452313485	7
0.063121796836113	0.652681817224704	7
-0.0402089064147621	0.621274043227466	7
0.020682780440599	0.794863496652026	7
0.04396787141518	0.65537095654024	7
-0.013309839556968	0.432899279592007	7
0.046427556998891	0.750739571641577	7
-0.058957104532449	1.42645516703583	15
0.120627811102111	0.604887817262878	15
-0.121593597355525	1.20583597090009	15
0.063712041470486	0.240933086950153	15
0.022456508143207	0.917749657781659	9
0.050828509378007	0.619945123496407	9
0.041608251645542	0.992206145632633	9
0.056541962115469	0.37711886092681	7
0.014804425869361	0.696262478473798	7
0.013673495383856	0.344651999833271	162
0.101415271964094	1.12211430531393	162
0.109876898585708	1.0590563380626	7
0.094168698129735	0.850779149466536	7
0.119407051180467	0.504013096666753	7
0.107879467302344	0.708321191334313	3
-0.043424220965112	0.656329871741553	7
0.100856629574337	0.572177108577601	7
0.036466515463701	0.692017635596291	7
-0.092067854456069	0.916518181166554	7
0.013986228714578	0.698182081983395	15
0.033337458550548	0.721274026052372	15
-0.00157648836948299	0.991730877804765	15
0.054582209223174	1.39247671099003	21
0.107283724738916	1.30927975770917	21
0.087246607615265	1.5609716813308	7
0.092647043791066	0.916031371095852	7
0.035751510045755	0.293834858211746	7
-0.0935817551836891	0.495540001547722	7
-0.0925806053695189	0.782764542675945	7
-0.035664290711265	0.946295287026481	3
-0.075015726804144	1.38189073628171	3
0.064608744511052	0.649781000871429	162
-0.033195851208449	1.19374054832028	7
0.030391845881578	1.08969313972268	7
-0.025909945350407	0.509196743924446	7
-0.045783225757699	0.689952585780606	7
0.069628665752228	0.447331103541761	7
0.074070711004046	0.610865379023566	7
0.017932244275997	0.952318398019487	7
0.069459669212976	1.015335344867	7
0.090867290318352	0.800871541399306	7
-0.076317179635454	1.386207435289	7
0.025626004410077	0.627926932859516	15
0.07320295353549	0.919894532091597	9
0.065634873517246	0.894720672215926	21
0.001659915142458	1.45834214117251	7
0.00640247355853502	0.569055614557725	7
-0.042914068008473	1.40979557657371	3
0.039708338295568	0.685616773298258	7
0.05709825917057	0.376366524334784	7
-0.09265398784786	0.64390916695666	7
0.014061239185396	0.697795749762074	7
0.027000406335948	1.00362180026027	15
0.072791228533214	0.613778780339919	7
0.078487215668619	0.740415557619098	15
-0.049215597100187	1.59463182521919	15
-0.027849986084033	1.10132183813293	15
0.038822155746899	1.22708453508291	15
0.036109030523848	1.02976013283601	15
0.050533428925901	0.621023552712685	15
0.07665757355275	0.745097287141286	9
0.113881787447086	0.575940045801585	21
0.066350785101982	0.550543529090205	21
0.105962158174118	0.608767139436169	21
-0.041614024251998	1.01648475505165	7
0.04827748644424	0.933320708036773	3
0.056068008222058	1.22119993548891	162
0.064425143095546	0.742054636522383	162
-0.117353314104135	1.36292699243659	3
0.096991483822928	0.370586706141046	3
-0.01255614208422	0.43211228161095	7
-0.025422914953421	0.508328287892023	7
-0.012034614758051	0.431500334131681	7
0.120479801137239	1.09783503249641	7
-0.00563192649077804	0.640499052760351	7
0.057982757702902	0.585931086281291	7
0.05148093921026	0.718587741985725	15
0.095772486719486	0.29172931532976	15
-0.09219591501802	0.679048497288757	9
-0.0368719219081181	0.585800754731631	15
0.070779233177938	1.21825159467463	7
0.122937032180713	0.541970738726748	7
0.00488068285661403	0.765842026965951	7
0.063341823150478	0.241185283945239	7
0.06292937734148	0.920102194877344	3
0.11873599700339	0.505304369009786	3
0.096124359857075	0.70981215339435	3
0.051876149286378	0.618413617224746	3
-0.091670494586431	0.605747160284226	3
0.035607754420551	0.293935836116276	7
-0.087464891236514	0.406507529555143	7
0.01289479079552	0.345345626024005	7
-0.092856481692793	0.570199412937202	7
0.1120535300419	0.404679121658034	7
0.041713400763556	0.418377903800888	15
-0.00254872731178202	0.391315807605653	15
0.072124585974902	0.615036360657504	15
-0.093218603259436	1.64121595810622	15
0.086575294675443	1.08907456034826	15
0.074640589687115	1.36327025332955	15
0.056646856269623	0.487071073197084	15
0.097438682288484	0.370016268252638	15
-0.010253741458281	0.674913589686686	21
-0.0922012410623	0.748250424475836	21
-0.00263900238186898	0.39137730580378	7
0.067765932931407	1.18523304854887	7
0.071306692942906	0.707113862799131	3
-0.095941992666672	1.15607157385883	7
-0.00900920602229005	0.672518278833543	7
0.00922093574175298	0.892079744983654	7
0.013063377709047	0.859080226784331	3
0.032625382232672	0.592386975067839	3
0.063640832263339	0.24098714637522	7
0.035320257099037	0.294009702486468	7
0.109525946274467	0.474223697289082	5
0.069293922775436	1.36229505522557	7
0.000552697972063976	0.962427591214417	15
-0.0552918078311671	1.80602828390141	15
-0.094272478772117	1.18371285613341	15
0.100283425529566	0.917776681664192	15
-0.000922993600540045	0.80351580205705	9
0.083095844754575	0.776174245941615	21
0.121649433968966	0.438380467916126	21
-0.022595087634486	0.779914117921746	21
-0.030748985833125	0.546147314954	21
0.080129837474001	1.1464384567976	7
-0.031228057350414	0.547145533568032	7
-0.045098550285357	1.05415919601423	3
0.098544465789546	0.441797886698855	7
0.083233238868121	0.71126127242496	7
-0.093255923055981	0.749879201909479	7
0.022585304128956	0.79043082734819	7
-0.054271370181797	0.79556623885711	3
-0.056083465894636	0.829721402461676	3
0.013601144573657	0.532077645082772	3
-0.067768111533373	1.09794434197313	12
-0.0434274711641059	1.02173403433867	3
0.052017888335456	0.812269389756762	3
-0.057161009431051	0.243955833867403	7
0.025262150543371	1.69257415722781	7
0.10888293453696	0.705789326971909	7
0.114958019613005	0.33021644071038	7
0.057075450887482	0.957460254910623	15
-0.00295660626168404	0.391708638897136	15
0.098639885193956	0.641304061851839	9
0.108199592532437	0.541282670261884	9
0.000303642140213001	0.604529432302956	9
0.100642921781472	0.572631792671296	21
-0.0939939146857131	1.11877134801461	21
0.059940785634781	0.930181037531001	21
-0.0331478074573039	1.16840936983574	7
0.026055867222047	0.11575139667589	21
0.098532358704342	0.577001583364068	7
-0.011726104625792	0.904488452391687	3
-0.051875985097366	0.760588192772455	3
0.057127542862033	0.779710406442162	12
0.120185877474304	0.605951590624133	12
0.096826759196369	0.707984870384487	12
-0.092950910790117	0.783341202654102	3
-0.092792878600216	0.57018932530359	3
0.042913417158989	0.417213636272637	7
0.042309062733835	0.417863059412598	7
-0.020673476378016	0.47177660863003	7
-0.00988187639115101	0.674191415330892	7
0.014892257161538	1.48980652760742	172
-0.077680124850175	1.68351776647098	15
-0.091212709073051	0.712315040015493	15
-0.012945589364583	0.432581556033303	9
-0.043896008690501	0.657169125992429	21
-0.031829961485171	0.548017569158822	21
-0.091540940305273	0.568423318502511	21
-0.013285141398291	0.432942517880216	21
-0.011762766935599	0.904781858591774	21
0.023145429441901	1.72315765401724	21
-0.092227585125695	0.84924265442817	21
0.031253954031538	0.456886500825743	21
0.035607754420551	0.293935836116276	21
-0.078125665272558	0.304829459171569	7
0.052038606771105	0.903341768287039	3
0.097943149942247	0.64279833417002	162
0.028798936275461	1.11555906445101	3
0.066722636883148	0.549937593353416	3
0.08266034338753	0.645075532550371	3
-0.041103138527337	0.622537891681838	7
0.067488554488513	0.548366581508934	3
0.020275638680768	0.795866605395398	3
-0.0144875486002251	0.70948841462433	12
0.036088112522138	1.03002229027033	12
0.01391984669302	0.344446413676395	7
-0.0833789236099119	0.356713788685056	7
0.021400687888245	0.495530937603513	5
-0.091048108386666	0.677102487810963	7
-0.091665189768842	0.568350677009049	7
0.109663128227476	0.703772865603725	7
0.07350671827485	1.20650089791044	15
0.07256544226386	0.336762298131806	15
0.03133995669537	0.456801315054818	15
0.1090189806147	0.915257480606312	21
0.089993884985885	0.677941643137173	21
0.096575611577923	0.645667198643941	21
0.000146574361071017	0.604816743766871	21
-0.013458705318373	1.1219280679545	21
-0.00347813882640902	0.392083405416049	7
0.100610735644582	0.917161997105293	3
-0.037478584631729	1.30958425596986	3
0.121393775118375	0.438723127530887	3
0.089706078041398	0.543748833766408	7
-0.061173748045678	0.961489527555274	3
0.047760257681747	0.522630854258165	3
-0.010189817926705	1.08821274119141	12
0.09505360193435	0.292390925335638	7
0.041707037399291	0.879615344244509	7
0.082786284256363	0.645056585935742	7
0.057713031514726	1.04274970295124	172
-0.057762063906205	1.39422878824394	15
0.096672401894402	0.370896646334433	9
0.032211102282898	0.723799645123557	9
0.00756533219280198	0.567097689237682	9
-0.035539589261344	1.22706089000884	21
0.085118081110133	0.833403467967998	21
0.022664366849953	1.74408894987423	21
0.108034012669846	0.764804582549939	7
-0.083813402457841	0.357028102443622	3
0.013407361297059	0.344927894499103	3
0.018204986194768	1.07337777740186	3
0.058700610598434	1.2097581707038	3
-0.113650463765713	1.54397428933712	7
0.055625007056894	0.378104530357655	7
-0.00300176192829404	0.3917296626186	7
0.04311473551909	0.416971177617786	7
0.055833415911453	0.377879965772327	7
0.053431313776019	1.07683970279462	7
-0.0365899338180909	1.2560630048284	7
0.08283736872443	0.408607168892672	7
0.069933273290178	0.446802977682231	7
0.107525855440943	0.542565451845426	7
0.091047047252229	0.541201180973646	7
-0.072699412015225	1.20123045786836	172
0.064427576938732	0.812859771982326	172
0.02595397362802	0.627382960477457	9
0.090151296481571	0.542979606945365	15
0.066415443438868	1.04395170640707	21
-0.084186487627226	1.94478840733604	21
0.124884427476055	1.11365031278376	21
-0.094191288197949	0.533989992246502	7
-0.048973744984205	0.725438641064992	7
0.114998279345001	0.573625141442717	3
0.122672559892605	0.641932026880146	3
-0.092084995152334	0.815508227820332	3
0.110394496765493	0.472768211865522	3
0.109962521099239	0.473511332427932	3
0.05850688204949	0.585051268682879	3
-0.018121626759276	0.743594043621988	3
0.048769441096039	0.521121669473291	7
-0.0525663951074959	0.791966004213942	7
0.110859419848419	0.471993026411647	7
-0.00101481335997899	0.8038534023355	7
-0.123144807196037	1.06854413582614	7
-0.031473823407324	1.13795315093969	7
0.028218258657436	0.979387996073949	172
0.082627885067352	0.645136100133855	172
0.10657535877534	0.825077457515024	15
0.030301092522441	0.85363593583856	15
0.102386904986337	0.795853863969106	9
0.033196924392626	0.944358394497396	9
0.00747304549181399	1.04922428746389	12
0.11488040072941	0.675636084041848	12
0.045754706716164	0.651711003675216	3
-0.070767377299951	1.1660217599834	7
-0.023827345752699	1.30353120901722	3
-0.117022553459085	1.36102334766147	3
0.096542165433534	0.708707973243389	3
0.106843011127866	0.606823898219688	7
0.110224111239893	0.406914383816053	5
-0.117575590714042	1.36375282827969	15
0.016529077102731	0.827846462138723	7
0.073311011544503	0.612688416754106	7
0.053385120665569	0.987843796461068	7
0.109856007734938	0.473536340407222	172
0.078120704090706	0.741394158818138	15
0.037488271685687	0.911696945751628	15
0.046454724733577	0.846618294921409	9
0.079812386215688	1.37958372538342	21
-0.109720590426067	1.91310986810057	21
0.08720953542179	0.477417646816225	7
-0.0917837507138371	0.781356722601377	7
-0.056527836168635	0.24359690780091	7
0.056521230007164	0.377141653686316	3
0.108870537566126	0.4752240057347	3
0.096487591896537	0.708919024967126	7
0.074987144160368	0.680539051812503	7
-0.0295260257580821	0.876446979845633	7
0.056890236910961	0.870425112331067	3
-0.093201470544949	1.01878615049135	7
-0.048916359630411	0.725301974798068	5
-0.00429407146800698	0.637973366942231	5
0.051021304060787	0.71958403145851	7
0.059754507946636	0.582706777910262	7
0.080771811956162	0.579079531715669	172
0.015461416263649	0.980920458924603	172
0.051903748462066	0.717612764231601	15
0.090009229953644	0.611807599629875	15
0.103137656683788	0.67628640022804	15
0.070191846789172	0.946491779337429	15
0.119347863791023	0.60786992298969	7
0.110332725220997	0.182282162800986	3
0.040799939998519	0.555936094145546	7
-0.11939146857282	1.26841029102976	7
0.102525989689641	0.677851128134367	12
-0.022669596078149	0.780240675931083	12
0.099366764183016	0.508605829026723	5
-0.015536402191053	0.711301232493196	5
-0.00514756816014095	0.639651149778991	5
-0.00877532524358804	0.671849419046164	7
0.075649599536015	0.894825495155325	7
0.00716274027597802	0.897759132906625	7
0.044562872172688	0.654288688820996	172
0.068092526227786	0.714784923722267	15
0.106533547745634	1.17645980076241	15
0.11441012985666	0.882493830043243	21
0.00105474628542102	0.603184895157688	7
0.0262529823974	0.115740974734865	3
0.063803094020906	0.240906518793572	3
-0.015404484766423	0.710781413054533	7
0.109744270084613	0.473872119471015	3
-0.018012177904242	0.971720956730046	7
-0.022297477979622	0.779105761745184	5
-0.091317820852475	0.677524588510521	7
0.014603427655851	0.530822061761513	7
0.000031276336947994	0.801533185429617	7
0.10552740361093	0.828361799446882	7
0.115343093790066	0.769723092076109	172
0.00128158649204102	0.96016418308081	172
-0.046996561272696	1.08703499316842	172
0.00671712717272399	0.568561512577907	172
-0.041157686301838	1.01544578249909	15
-0.062290390888326	1.5236623656693	15
0.097737322577843	0.883619439824724	15
-0.091867338242311	0.949499404347985	15
-0.021403610309256	0.777365163405166	15
-0.019164868099122	0.745696895542303	7
0.063595204288757	0.241050168239748	7
0.056020985479645	0.377671388661758	3
0.077214610703575	0.953895978626008	3
0.104711240858226	0.61124295152017	12
0.089690277916569	1.00230977721232	3
0.111404741742049	0.641202335086869	3
-0.063211124692155	0.96682257577589	3
0.027816983381507	0.755841499376887	12
0.098491126265587	0.510114023448738	5
0.107304577246135	0.542981551637943	7
-0.039583702083266	0.620260789559289	7
-0.055625108651477	1.30443619256939	7
0.016300363646326	0.828397712373319	7
0.088644868846371	0.745140811554641	172
0.033931728515654	0.589760555161853	172
0.06333904469017	0.81543342604337	15
0.030613848772734	1.08886890887376	15
0.124117329808965	0.539567350183254	21
0.00428293245240802	0.767228999407231	21
0.01391984669302	0.344446413676395	7
0.118717398664518	0.609221460106788	3
0.096695737189452	0.76900740964486	3
0.08631881280858	0.829998410710418	3
0.079960009247552	0.801792800081712	12
-0.055148019616463	1.32952378307243	12
-0.037812148429324	1.28613272840684	12
-0.041152891925022	0.622623896416935	5
-0.020945339719204	0.471935303911845	5
0.012420637509985	0.701050235629998	5
0.088659010061838	0.545580887756773	5
0.047907104091045	0.934559658860835	7
-0.05608489125746	1.35995327989062	172
-0.073231416187876	1.23227601692486	172
0.124039005769211	0.678568772154532	172
-0.04838987679151	0.724280116290449	15
0.032469359387888	0.592615400116987	15
0.078157690819194	0.741291201334699	15
0.114334745165666	0.732695882853679	15
0.08809757717634	0.885822243906262	15
-0.029973495135595	0.850792932272957	15
-0.00965756173401899	0.874190584901504	15
0.045043419187212	1.65493043065975	21
-0.096446168764819	1.25374726487199	7
0.063919870260714	0.24080384961771	7
0.089405183946658	0.544336039874595	12
-0.021924348373655	0.778620118777572	12
-0.096290290932021	1.43843146865331	3
0.09491350311491	0.292529750547705	12
0.115436537426342	0.329801172974257	12
0.03072845249732	0.852514308831062	5
0.082233161345488	0.409360329966861	15
-0.047503142526326	1.11606234362473	172
0.095791611339422	0.710523850906116	15
0.058226287570858	0.485027867821175	15
0.112539018780868	0.792779261857294	15
-0.066363752893758	1.03468209509526	15
-0.018109770297002	0.972007147607184	15
0.089569596404828	0.804515166841619	21
-0.078005465590871	0.304647905871406	7
0.114892214144549	0.573854096755935	3
0.05547910674792	0.378202701355257	3
0.00924166044017799	0.732239732247989	3
0.124581195447335	0.538717661206633	3
-0.026074232160758	0.814769316863684	3
0.107601527784338	0.708625021543081	3
0.089783998091736	0.612242848101411	12
-0.091583100438569	0.568416859795372	12
0.00827525018136999	0.734186352642034	5
0.11157224936064	0.795503308411224	5
0.045607072927494	1.16232657058098	5
0.082264729052877	0.713514814622546	7
-0.018195206276735	0.743759891385933	15
-0.0949238023742111	1.21738954967716	172
0.077925671786221	0.74189854425135	172
0.074757813573399	0.681032333270009	172
0.04818644146766	0.522021671828244	15
-0.095368320942229	1.80395970039167	21
-0.123605927914634	1.06989856719256	7
-0.027212517247273	0.181872309976908	7
0.098701632035215	0.441588645621002	3
-0.092654506486466	1.11490923324803	12
-0.121789459863729	1.17189472235763	12
0.013662100039074	0.532310373400394	12
0.057699264834366	0.485747114165979	3
0.035524616598543	0.81900687199741	12
-0.00418168496573601	0.836141513796561	12
0.057915941518732	0.586061947410093	12
0.068297822694271	0.546876388417649	5
0.108495546804869	0.647532448359097	5
-0.038019972051282	0.951119038684346	15
0.00671712717272399	0.568561512577907	172
0.013772026999935	0.532188154958446	172
-0.01694753186283	0.968582483817013	15
0.012903237400167	0.859815487144661	15
0.068944491804931	0.448204567876542	15
0.076017318344383	1.35680843346619	21
0.094533748539278	0.292843881940239	7
-0.07807556816897	0.304778520092845	7
0.109891605996089	0.182584068814176	7
0.00491531313031401	0.571092444452444	7
-0.056242379062069	0.243448571326217	7
0.017553969120073	0.824723229752304	7
0.022328654887786	0.494181601762892	3
0.109744270084613	0.473872119471015	12
-0.0659449445886791	1.03377983342556	12
-0.094873572610197	1.15333056757643	3
0.123368360744159	0.640187870138244	3
-0.033601260456066	0.886382892917409	12
0.043767982719219	0.756570222080176	12
0.058717018959112	0.682338105220686	12
0.089783998091736	0.612242848101411	12
0.00316659644295397	0.769693832655068	12
0.121690444664913	0.644216208011531	12
0.106191791342162	0.608266765093376	5
0.098500595472781	0.641634316034221	5
0.00954141908623202	0.73146456155745	5
0.046276016768101	0.650488552577859	7
0.047534195652834	0.747919764821363	7
0.123175016504834	0.640731182975665	172
0.049564890331635	0.519783401085829	172
0.013017131777044	0.700013624104445	172
0.00761980047456201	0.566952761021894	172
-0.015144304800407	0.710705700817729	172
-0.120468662146345	1.16777344121895	15
0.106761503560582	0.768362189509266	15
0.05723939031232	0.587073812228967	15
-0.111657972387864	2.41143565392585	21
0.031614458349311	0.725098187918917	7
0.055937999582389	0.377675240402371	7
-0.026439196579555	0.181637496851545	7
0.083601013148829	0.710354239244353	7
0.076281167786675	0.514011985787041	3
0.084572739514082	0.772776682672639	3
0.045002827157415	0.754034221875217	12
0.052770972106751	0.715607631513081	12
-0.040272955416961	0.986174445260219	12
-0.022147962336909	0.7790881453897	3
0.097210145186741	0.767496050727601	3
0.014175350435795	0.531217416812017	12
0.113687052488201	0.576272393598727	5
0.101058512615805	0.799521767050954	5
0.013868560408102	1.13134708104881	7
-0.057691488971507	0.863553898055465	15
0.120595958341873	0.439861652210875	15
-0.010124301628996	0.674729214752435	172
-0.11826812110731	1.3327261887347	172
-0.0713977491399031	1.13816170650787	172
-0.091615805295949	1.01444583791394	172
0.091464673555522	0.859404624359025	172
-0.010214465958584	1.08793252896082	15
0.06983965863743	0.780378869427305	15
0.065510987724222	0.647987390085363	15
0.118096545713541	0.708326446381225	15
0.037576489938062	1.02504026078321	15
-0.091098995617182	0.914191213305756	15
0.121245332304259	1.35403091675693	21
0.079461344882992	1.62289028007311	21
0.066569450083385	0.550193712408969	3
-0.083536208101129	0.356794814269034	3
-0.051976283930356	0.790534854029989	12
-0.061342591208157	0.932196151472222	12
0.064650751708591	0.812282307706558	12
0.098279004689765	0.704280830927938	3
0.117244806283696	0.507992108225821	3
0.086256012956059	0.478867530730066	12
-0.028091945387378	0.846338505332996	5
0.097328982292572	0.706775064767708	5
-0.023917350210477	1.03895411489571	5
0.123348373539593	0.733376449678127	5
0.026369049784418	0.626590014412178	172
0.051303089983088	0.718953004138999	172
-0.0123073599193529	1.11834644296614	172
-0.096381152615133	1.37770591308556	172
-0.034042294745127	1.19667510952521	172
-0.094586298238085	1.2163935005911	172
-0.0247867729704661	0.811914007286071	15
0.068723497111211	0.713605547428538	15
-0.024063007175921	2.29367315237461	21
0.062135005214554	1.96947111091775	21
-0.0833789236099119	0.356713788685056	7
0.098905106043385	0.441194253828506	7
-0.059692419948004	0.898156773438232	3
-0.122971033641867	1.10421937005892	3
0.032197084923956	0.593145254112822	12
0.085427391278009	0.894072091527667	12
0.086953420221332	0.828126676207992	12
0.070071967003337	0.864353589703341	3
0.119014563317511	0.608638399916538	3
-0.0923824955924159	1.14556295939982	3
0.097665453569856	0.942793764503223	12
-0.018195206276735	0.743759891385933	5
0.072259858582691	0.614808926546767	5
-0.117569152785014	1.42962575357894	5
-0.09398825395433	1.33879434338473	5
-0.00514756816014095	0.639651149778991	172
-0.035071134111279	0.917789924202319	172
0.046290379933782	0.939206262665262	172
0.095367545564143	0.711535770307058	15
-0.0630652859633381	0.996218508449329	15
0.089630518996126	0.543958948319995	15
0.083527657830245	0.710600346662433	15
0.101741755688174	0.739809562834227	15
0.107623108439001	1.54417051217119	21
0.110056219848962	0.182487537638541	3
0.077754193712935	0.74234651842339	12
0.101393354947072	0.740677583045034	5
0.00473420461299801	0.766253903269295	5
0.085101292479395	0.833560471235249	7
0.056878799412951	0.87071818563809	15
-0.012942644193693	1.12050883150083	15
0.019970012661044	0.6622515296804	15
-0.052434537169791	0.791618549467296	172
0.040480408876938	0.88308164017419	172
-0.050221013471135	1.17831277170521	172
-0.121668080297181	1.20646193411759	172
0.119420246878363	0.60770872553603	172
0.013986641916506	0.698119343350369	172
0.024441818009181	1.15215964823023	15
-0.00456542592242504	1.02399833135625	15
0.089489686496082	0.679005731408569	15
0.080548827935913	0.579565204281516	15
0.040260466409128	0.556858740150598	7
-0.026439196579555	0.181637496851545	7
0.034695399250864	0.939724183022224	12
0.121677633027768	0.737890132593297	12
0.071001529636186	1.00978464597204	12
0.041901299044909	1.08439091582276	12
-0.047796814701399	1.14352001496818	12
0.089706760994628	0.742504453405816	12
0.068759813876773	0.713477422882222	12
-0.045906898162446	1.08355988890534	5
-0.120966492466553	1.20447099754583	5
0.075445776581077	0.679523845813626	5
0.108381421875454	0.70699983467849	5
0.118532625007902	0.707202166262721	172
0.091637514531934	0.798819384976468	172
0.045689889776573	0.75246896117768	172
-0.00764956561532904	1.05686067787755	172
-0.045383142797658	1.05461292957858	172
-0.096486393302615	1.31663710988072	15
-0.00277470268193103	0.995488792011576	15
-0.027547555608891	1.10003744568253	15
0.027000406335948	1.00362180026027	15
-0.0866970073568421	0.405795631760332	3
0.043568026993689	0.966833716100169	12
0.122326809120037	0.543017203178737	12
0.045932639508495	0.94024080963409	12
-0.1203790691369	1.23720923387771	12
-0.00530418695218005	0.639889723674012	5
-0.00805285540269696	0.870509676141347	5
0.123175016504834	0.640731182975665	7
-0.09318006192178	1.11609712273476	172
0.010627011116727	1.16448004273217	172
0.057397052636434	0.779108777503019	172
0.065738128981845	0.809531242714229	172
-0.044899325171976	1.08084596617013	172
-0.094611791635429	1.34101261229084	172
0.077520048871155	0.889386169115044	15
0.031468481939498	0.72544445489779	15
-0.055485531652915	0.828238482166844	15
-0.014377488483819	0.708836258495105	15
-0.057021183718855	0.861791837318145	3
0.11488040072941	0.675636084041848	12
-0.036388315813222	0.948580292483706	57
-0.117535890970071	1.39661786642765	12
-0.00316464573300601	0.996570406656885	12
0.071291908853317	0.77671497074574	12
0.092128630531052	0.797370499980493	12
0.071954412668441	0.615326396610737	172
0.006559792013	0.568820927217917	7
0.075866172947019	0.678590203852453	7
-0.095746477153878	1.59061463711927	7
-0.013044666042525	0.907923092529928	172
0.052250832704263	0.902670847115945	15
0.041344675169001	0.88066930226039	15
-0.00257917704182997	0.994867962273663	15
0.072721916699268	1.87752087028471	21
0.102597531691579	0.795234866586676	21
0.078268222643315	0.806774373961874	3
-0.044432500375946	0.657875502424191	3
0.097700035990478	0.511281444921745	12
0.074668520228911	0.681222144610604	12
-0.06380563374223	0.99829967371872	12
-0.026625364492288	1.3639096542323	12
0.111578192487498	0.795213099384789	12
-0.018207370596148	0.972255975632018	12
-0.091451784095743	0.746923713581135	12
0.090525855949972	0.610722061358855	172
-0.056829412802248	0.831173047898266	172
0.085832489700538	0.831303971100901	172
0.0714424221642	0.925499059526932	172
0.121296036577892	0.644999667029594	15
-0.07189824752398	1.22787125185245	15
-0.063098285013719	2.49463169564814	21
0.110990576400958	0.90853456799099	21
-0.091914788762373	0.60622200598291	3
-0.056329466669213	0.243495546664247	3
0.012718494986859	0.700466079777999	12
-0.018791722776337	0.744978646270457	12
-0.038536498864198	0.98130919497725	12
0.090040578004561	0.741734710089058	12
-0.0933770914655619	1.24368209454227	12
0.071002677581626	0.926705977169282	12
0.039562659803303	0.557839505824575	12
0.07001453882949	0.710173324847869	172
-0.039644376119818	0.620168736129261	15
-0.038710010609593	1.31525222605961	7
-0.094125289965317	1.30855836960375	172
0.099673191734562	0.574702377845099	172
0.017354676668174	0.82580359746727	172
0.09771647864151	0.705683499854349	15
0.109333103873743	0.857962792692112	15
0.090095964604944	0.741528396001185	15
0.097764226693942	0.643277893424442	15
0.092665854434064	1.25777782239871	21
-0.092480334884984	0.78254817631667	21
0.109891605996089	0.182584068814176	3
-0.09265398784786	0.64390916695666	12
0.090227786417978	0.677408068027403	12
-0.023024186100453	1.03629045344704	12
0.052222554976379	0.716918995513211	12
0.02573100033711	0.887109394965449	12
0.077245501167894	0.743624100907952	12
0.02087521521663	0.794560064539447	12
-0.0584063360009091	0.895108484546842	12
-0.015137831156584	0.938802009440616	172
-0.031445005907666	0.881708691808405	172
0.089993884985885	0.677941643137173	15
-0.056081256577223	1.81036187176006	21
0.059316662998013	0.583565907635698	12
0.069469782728801	0.447546749724372	12
0.114023433014785	0.575647227192138	57
0.00604253181924502	1.05325332524824	12
0.000302955045105024	0.963164911798493	12
0.020036636610136	0.662043823578769	12
0.03133995669537	0.456801315054818	12
0.122791148371418	0.542236370029469	12
-0.0225953529224771	0.77998424467066	12
0.121945856536261	0.643598731809471	12
-0.030783144867425	0.880057625377082	12
-0.023163639159153	1.03675289428434	12
0.063761321414762	0.744109840758911	15
0.019750929400771	0.66269732367536	172
0.099447552120993	0.575183772327927	172
-0.092216179418382	1.08065367678214	172
0.122164238898432	0.73666667247648	172
-0.03100792262551	0.880629164009005	15
-0.026245156651327	0.8415239172959	172
0.113367987720561	0.576928470000398	15
-0.06505680249184	1.00136565397551	15
-0.0571787397081051	1.30974924475881	15
0.063134591129192	0.65263981877332	15
0.03135741201591	1.60371262788347	21
0.021078196097565	0.495724795697408	12
-0.061722504915174	0.96289654807183	12
0.039306176606628	0.558409056381753	57
-0.00551156030663902	1.02702477360285	57
-0.034342339554382	1.22272835465994	57
0.00147201950723802	0.797553682902632	12
0.117618020104207	0.507293893071379	12
0.084658614588065	0.771974176986289	12
0.1226508589684	0.735361861980641	12
0.00242504572893199	0.956884375263139	12
0.080328312207616	0.800942167317477	12
0.020977991638264	0.659770890892153	5
-0.00791260941723604	0.870151907509552	172
-0.091122676042795	0.947543269441536	172
0.011807866501051	0.862349852793441	172
0.00527271337549701	1.05542970293746	172
0.090596839019413	0.676570864613291	172
0.042402642168285	0.877724812756657	21
0.014249090826306	0.531338219113777	12
0.118512831316221	0.505737801919481	12
0.058354406184595	0.585310839104359	12
0.051146469573912	0.719094386129963	57
0.028257683795706	0.858281091656495	57
0.032315009525708	0.723395182537727	12
-0.00905892384074403	0.872843959842598	12
-0.05968132063441	0.89820482290536	12
0.117612185641656	0.763608455498941	12
-0.074205279290659	1.29324055364498	12
-0.090003884790038	0.810940919272537	12
-0.075037001669944	1.43966032085623	5
0.067749957642361	0.54815880357034	12
-0.031378397945417	0.881573027550537	15
0.111508899615766	0.79560554014128	15
-0.062432481019672	0.964885219983342	172
0.075481488003944	0.747883875355573	172
-0.060442133440612	0.929991871098419	172
0.050830197864641	0.620354893130047	172
-0.028283778849776	1.10220464836198	172
0.064417443575159	0.89864410378392	15
0.042250664826858	0.658530116729893	15
0.070844476850976	0.777842627426377	15
-0.11099195021524	1.66283660370397	15
0.022449604024579	0.494151330323833	21
0.108844004164681	0.183090517671063	12
0.110589591377731	0.182175774427376	12
0.026558279030145	0.758670224118206	57
0.070874014500776	0.77782375889004	12
-0.029002333586607	1.10475963241694	12
0.046846850921793	0.749644664537612	12
-0.0554891744926071	0.828336299439699	12
0.03133995669537	0.456801315054818	12
-0.091942896869452	1.01536450331923	5
0.090154927301725	0.611495184730206	5
0.117465964066118	0.763994223152064	12
0.073616166772477	0.612049242873356	172
0.089480919486146	0.544238361884691	172
0.063785761137895	0.651364723864376	172
0.00551743440769498	1.07732460684916	15
0.00528966037964901	0.925788856234104	172
0.11420098138217	0.575297912266427	172
-0.013525006512914	1.1222611096744	15
-0.074440787775775	1.35115390559022	15
0.045275625622921	1.86528674683843	21
-0.093377899869592	0.495303063813253	12
0.00645730425500901	0.568919806301864	12
0.082956937086585	0.408444196375037	12
0.032138770472685	0.593255303158778	57
0.062972106523871	0.902778298673986	12
0.113012267102605	0.577492172358203	12
-0.047216882891901	1.08763162136594	12
0.00909119861728303	0.732413259108997	172
0.053029050360075	0.989025210372681	172
-0.00450733500023304	0.638415080505068	172
0.108782301150487	0.475330484098218	172
0.091334983061266	0.799555669222013	15
0.00353194008094498	0.930782559536778	15
0.114496060568369	0.330694917459117	21
0.00040450757768401	0.604215601708596	12
0.064010993494468	0.240746920738287	12
0.013530480131903	0.344790116942594	12
-0.092068193982618	0.454023887174225	12
0.063640832263339	0.24098714637522	12
0.02638102091861	0.115707480624982	12
0.111477488800931	0.405437777288876	12
0.050988899482741	0.906542229772452	12
0.074203727911579	0.61065247854618	12
0.120024029813327	0.606321748211699	12
-0.050979447590913	0.758951631334178	12
-0.01086781469507	0.676008085865577	12
0.076465069987135	0.677191204112937	12
-0.094592530134685	1.37102008571798	12
-0.023741322963307	1.27778392762428	12
-0.122919730974579	1.06784089448697	5
0.119249078526742	0.705328754493546	12
0.120637114578311	0.4398312830695	172
0.084066534371985	0.977566706124186	172
-0.003987155783713	0.835694758301539	172
0.04239307649431	0.417813151336015	172
-0.00284296179502896	0.391549682806448	172
0.00509620841484099	1.07874486727239	15
0.02537198711961	0.761362655321924	15
-0.00938088139119298	0.673294237675117	15
0.093317801170042	1.68370355765822	21
0.015626330298218	0.694561199344553	21
-0.026439196579555	0.181637496851545	12
-0.092350013488996	0.454283781079798	12
0.0262529823974	0.115740974734865	12
0.078426688793135	0.740503584280605	12
-0.116674581528269	1.39362159527496	12
0.122711588229528	0.542388450754255	12
0.108421331192912	0.540902571283603	12
0.114711669883324	0.676036294375407	12
-0.092651849178736	1.24084085048611	12
-0.02562228480317	0.813823446962781	12
-0.079227127917755	1.71982184932316	5
0.05217032069379	0.717015089731404	5
-0.020527802747776	0.47168884448775	12
-0.0786568652716531	0.305181939487086	172
0.063387324348854	0.241179490901457	172
0.115269830603753	0.329985940833731	172
0.088884167571084	0.545291567378458	172
0.095935863913055	0.82981107168525	172
0.116481653666947	0.821221920417461	172
-0.075492206814877	1.49923945766732	172
0.069152104261299	0.447915545511672	172
-0.019297329270849	0.470063124844501	172
0.116124833328649	0.328923675968001	172
0.115269830603753	0.329985940833731	172
-0.093785619553527	0.495757038638232	172
-0.093073447323898	0.532952929497923	172
-0.092925765682327	0.607580376502583	172
0.056527640072586	0.781217164287473	15
-0.011195170153232	0.903386575998559	15
-0.056300604425733	1.3339941290783	15
0.039833350059879	0.557529330948165	12
0.058098565503256	0.683550930989222	12
-0.058843322304217	1.39849155205759	12
0.076495229213618	0.513668097688343	12
-0.091656740394963	0.814688778425596	12
0.116871856946301	0.508640452019593	12
0.099778959724811	0.507680141166313	12
0.039324365319381	0.686387672334702	12
0.066184595963361	0.893161232317566	12
0.049190312800716	0.623279622290514	5
-0.044848448587505	0.658527663697724	12
0.112363353513225	0.638819815987136	172
0.011371087580238	1.30878251358897	172
0.076626663814503	0.744956780704058	172
0.109600154044187	0.645255372178483	172
0.012879038795897	0.533412740584044	172
0.095652476076861	0.710795363320907	15
-0.052967953701446	0.762588173068671	15
0.041175921281626	1.71067373487885	21
0.03395374503974	0.82288870344214	21
-0.091999590051239	0.60630945202531	21
-0.093740163042471	0.495706975391969	12
0.000031276336947994	0.801533185429617	12
0.058505201099547	0.682769254445764	12
0.026313337279163	1.12454366309438	12
-0.049008723047926	1.12054352340589	12
0.029697326876373	1.09185806402571	12
-0.019089080032871	0.745525528172747	5
-0.034647629102878	0.916902876759966	12
-0.028273305820642	0.846630043339067	172
0.107422261760404	0.879346967349364	172
-0.028914070289881	0.848291340654681	172
0.09491032513722	0.832828160437808	172
0.068191654561039	0.714665564195754	172
-0.000619650440135011	1.14255025439262	172
0.088034809157954	0.886093177398401	172
-0.015408211414256	0.939473305123626	172
-0.094752296674719	1.15283089522665	15
0.10173766435525	0.797691891800578	15
0.103439908824394	0.792676199636034	15
0.063122531782013	0.745543818495693	15
0.035607754420551	0.293935836116276	21
0.044196884401191	0.415423961967726	12
0.00556897815503199	0.764347189418465	12
0.09193392412985	0.918309490416128	12
0.083098427836675	0.711609404872957	12
0.053639077731967	0.898082867002193	12
0.050836833897454	0.815230470085335	12
0.051054963621827	0.620075426926341	5
0.121122683780651	0.439158067383373	172
-0.122442920567816	1.10278875656723	172
0.101251736693995	0.799083045568254	172
-0.120078538127164	1.37196827535412	172
0.075955428879316	0.678396728551572	15
-0.095202757123006	1.2183559382147	109
0.099213997604844	0.508833713076863	15
-0.081057913775083	1.75727695107232	21
-0.00227623969608803	0.390978416886407	21
0.02638102091861	0.115707480624982	12
-0.091546465208305	0.453382282537329	12
-0.091729350325486	0.453724018395289	12
-0.00163381655525796	0.829418057886486	12
-0.046691256657962	0.691659452145568	12
0.065933171622565	0.809013043988822	12
0.052966310914951	0.989259511007087	12
-0.025159635803098	0.812769620699178	12
-0.064243568760215	1.0289455225437	12
-0.071117372560185	1.22489176800281	12
0.055499453726236	0.783855731795056	12
-0.093974263750934	1.08618176177847	12
-0.094464681213375	0.496323936998471	172
-0.123628691875669	1.14152881513816	172
0.113251839600089	0.790598405366477	15
0.105693841021572	0.670055384446596	15
-0.094185950847144	1.24593812067839	15
0.116082782772791	0.672543996817562	15
0.048619155997181	1.22020190552105	21
0.040371996677671	2.19273096155647	21
0.04275392866886	0.417410163821972	21
0.049879285946117	0.519188350469517	21
-0.092758986098589	0.532487043749705	12
-0.025993123843889	0.181359528182694	12
-0.093023339816096	0.57044759528602	12
0.095591168444803	0.291834750994	12
0.051503157800352	0.619181530531661	57
0.122937032180713	0.541970738726748	12
0.081813230128427	0.64708199553432	12
0.048981380240376	1.02135104635009	5
0.115459328471743	0.572654504760403	12
-0.034632667871338	1.17294003254622	12
0.123708438381116	0.639383846704996	12
-0.049928049510778	0.727130019660043	172
-0.014467008363691	0.709297170362491	172
-0.091025076754878	0.914054550541992	15
0.084068577719225	1.21553226850381	109
0.121326970534495	0.645036061309423	15
0.072722692624886	0.336519788499293	21
0.107450214985107	0.542655172749251	21
-0.087321173779376	0.406393743621821	21
0.025997538725286	0.627276588431781	21
-0.010932615805875	0.676145111160925	21
-0.031912029425445	0.548024706570428	12
0.081870237472301	0.409841595669722	57
0.058706461187969	0.584561844390114	57
0.050876895245974	1.10472365623272	12
-0.015211819690609	0.938773096391146	12
0.089797291599812	0.612200271859137	5
-0.031087044025409	0.880774600904962	12
0.035458701138272	0.293812089400549	5
-0.095046179280101	1.15389621636803	172
0.061794642289084	0.749055626019521	172
-0.064775249423449	1.00078599806381	172
-0.091109245697849	0.980533294215359	172
0.097693672402113	0.442996160652662	172
0.00998734222978798	0.730577846960997	15
0.058287660952355	0.585432098158875	109
-0.052702749148988	1.24045121151592	109
-0.032702053445713	0.88439429714242	15
0.113970551484571	0.575762182480993	15
0.112014760746307	0.998167373215724	21
-0.026558069458088	0.181629780901929	21
-0.00259385893912201	0.391368853820251	12
0.097396044902972	0.370107429970269	12
0.063848757200206	0.24082752371999	12
0.038071729945577	0.689287503027347	5
-0.0408395348513509	0.987535799797553	5
0.059402678531621	0.583362768773973	12
0.075904370624476	0.678470084856336	12
0.022593439146666	1.15860229616214	12
0.101887043265623	0.73943999545986	12
-0.063495026698967	0.967471875619101	12
0.098063618118002	0.442502121361906	172
0.013306589201737	0.532809994404579	172
0.045009096386837	0.653262382683914	172
-0.092478627612012	0.60702249140661	15
0.013454129668965	0.532630501415828	15
-0.091831082308352	0.747571749826869	15
-0.00664785600027096	1.41203451584438	21
0.005117935923522	0.765449334041581	12
0.0262529823974	0.115740974734865	21
0.014042856884277	0.344273862241121	12
0.026930494352215	0.757868219255939	57
-0.03573940210572	0.584170436787578	12
0.027498308888966	0.756633556871418	5
-0.0503010172069071	0.757476470283231	5
-0.035018417300744	0.917789519636392	12
0.122406490178386	0.542918973682487	12
0.098782649150434	0.576378661935235	12
-0.023489156235687	0.781760219929105	12
-0.092595689743357	0.607016053745279	5
0.0000214021289690058	0.963741652334525	172
0.033289089070637	1.17544970196879	172
-0.117881887361087	1.39799845587014	172
0.096192509957541	0.770333212714469	109
0.050951849635247	0.815195780698169	15
0.043531547813991	0.41638886419229	21
0.035607754420551	0.293935836116276	12
-0.00177815226422595	0.390445769090858	57
0.065352216833308	0.648157480034975	57
0.094771062838012	0.774050824009069	12
-0.030783144867425	0.880057625377082	5
0.065032230829394	0.896840071049466	5
-0.111725616846951	1.6338337865827	5
0.106847853818851	0.710778592925789	12
0.101170444786126	0.741254419299692	12
0.06579376972632	0.809405160905644	12
0.024553550354792	0.629816958784352	12
-0.0830043601056421	0.356399829597777	172
0.055592001959336	0.874516071139412	172
-0.018244629424939	0.972379953220811	172
-0.00947560365267197	0.673463712351621	172
-0.011038368999899	1.09090794777644	172
0.080772473934378	0.579135132175254	172
-0.018344937449517	0.744069090509916	172
-0.093972135767567	0.533968633519731	172
0.04251058086902	0.417659605038019	172
0.066569450083385	0.550193712408969	15
0.043698186014174	0.416184044908661	109
0.029040622462789	0.752414705886399	15
0.110051196322842	0.473375552892696	15
0.052274545797807	0.716736100329408	15
-0.026766443486322	0.181771361232728	21
-0.019985480172298	0.471064727432009	12
-0.012933195410562	0.432593473944586	12
0.072611407780287	0.336716748686676	57
-0.091399173438898	0.88123477784521	12
-0.0955365464899131	1.21922602357746	12
-0.020589407746366	1.00410614863735	5
0.051260799634843	0.814389307563217	12
0.085312247799934	0.832972139745144	12
-0.06089232549844	0.931123565386337	12
0.076375736914662	0.677359860924712	12
0.043594293462014	0.656190583359103	5
0.013160793306827	0.345069722081061	172
0.00489238721324598	0.765980767826155	172
-0.075344814251446	1.29691152136807	172
-0.026380876520822	1.07166053379115	172
0.078683574989364	0.805555445472261	172
0.00761980047456201	0.566952761021894	172
-0.000564655412705006	0.802889224566915	15
-0.067318541437566	1.06712366219753	109
-0.115375356744027	1.45399449988393	109
0.114711669883324	0.676036294375407	15
-0.077319126295942	1.44819891877388	15
-0.018715864300029	0.744769225442579	15
0.055021442252933	1.68445319195416	21
-0.026439196579555	0.181637496851545	21
-0.078245908749132	0.304934080913825	12
-0.00320865315435503	0.833747469851525	12
0.066847336413676	0.717612628641748	12
-0.020956216988489	0.7764360050837	12
0.090684814060023	0.610446716297434	12
-0.061555857829916	0.932627379380295	3
0.034420093929557	0.821753673529807	12
0.083512553117832	0.64336758265801	12
0.114796020199429	0.675847431835349	12
-0.00379307835128195	0.835021388036267	12
0.11889086161117	0.70627594567006	12
-0.090801113065577	0.81284681246443	5
0.123966860518526	0.731463674793491	172
0.045755196231879	0.84872684945232	172
0.057488486870202	0.485910687960642	172
0.096905877686308	0.370635334207944	109
0.026842245861075	0.758140537374836	109
0.11870790288887	0.609152922278298	109
0.108046297519	0.764776922860531	109
-0.070181083970738	1.16414573678489	109
0.084962010750526	0.707009678044849	15
0.047816316258721	0.52255537096848	15
-0.056900405645807	0.243818949730406	21
-0.026766443486322	0.181771361232728	12
0.063387324348854	0.241179490901457	12
-0.091348522473823	0.453318990214818	12
0.095487212652446	0.772255585819734	12
0.035895270303869	0.293706352109275	57
-0.095215576189396	1.37295905780559	12
-0.092108872828036	1.11321743397285	12
-0.00636798953335405	1.23210860974013	12
0.114431401796573	0.57482520289938	5
0.090684814060023	0.610446716297434	12
-0.053508474510474	0.793903230486571	3
-0.070181083970738	1.16414573678489	12
0.040844165926679	0.555827847214121	12
-0.078416452425551	0.305020392350438	5
0.07255283022385	0.336739835306824	172
0.034078969025034	1.0564302922005	5
0.076518353791125	0.745461715331778	172
-0.048395405113097	1.11885676855732	172
-0.00584573333475102	0.640843273886893	172
0.072769335246014	0.336554838975276	109
0.097715232347271	0.369720410323528	109
0.086951625229677	1.08708061249942	109
0.044455302614558	0.755197646149628	15
-0.093607626293059	0.533568755549612	21
-0.027093762011952	0.18188013473994	21
-0.049343916913864	0.72612074167913	12
0.013796726187491	0.344571853234149	12
0.076725414725296	0.513093374573411	12
0.095770313641553	0.83047447725912	12
-0.07484224246704	1.35260184177485	5
-0.034405923303314	1.22291176502166	5
0.046147883525038	0.75137260832324	5
0.032984431434779	0.944980693128391	5
0.077245501167894	0.743624100907952	5
0.059730476595683	0.930792810791446	5
0.058121562546626	0.683643877644419	12
0.045071511229082	1.05389404309255	12
-0.0682708805186369	1.09958256928985	5
0.021319460940592	0.495738990087645	5
0.068626934013102	0.448472375719339	5
-0.093086054304572	0.533022292767153	5
0.032978398709574	0.722074518805291	172
0.038417343260405	0.908867154047629	5
0.094053318950086	0.714485929105216	172
0.034288200181477	1.05565485004123	172
0.123067074134264	0.640873246767	172
0.067264898677799	0.956466964990362	172
0.11118063566686	0.741130833058826	172
-0.072982815226588	1.26029868523823	172
0.112738896202432	0.403712615857408	109
-0.0581387175174321	0.864509887949527	109
-0.06505680249184	1.00136565397551	109
0.085881194224515	0.831347661204694	109
-0.073407492440089	1.26170689285992	109
-0.070581175103424	1.13593660091859	109
0.108869869728385	0.762062914149704	109
0.059766337518331	1.96252315213634	21
0.035366370519045	0.294114673004159	21
-0.00275266265165297	0.391520211442136	57
-0.012568760693037	0.432179180367717	12
-0.010407258166218	0.675225513356838	12
0.122703820551647	0.641712473940416	12
0.015328767569468	1.10434677309167	5
0.00542242899564599	0.764687695054439	12
0.035352755022961	0.819353946499638	12
0.021926423145458	0.919273526195377	5
0.109440215654512	0.704370160092017	5
-0.043573142621308	0.65648928023685	172
0.034027344492314	0.822653260496395	172
-0.062140463282071	0.933436169831392	172
-0.069055980128292	1.13132672295517	172
0.025840367640629	0.88696984219978	172
0.038590905715131	0.688207243111386	172
0.098500595472781	0.641634316034221	172
0.123507581896082	0.639797324271535	172
-0.018344937449517	0.744069090509916	172
0.034549937668261	0.94019860637132	15
0.039449166823529	0.8856895272204	109
0.107823654534831	0.70852171957182	109
-0.016468357407047	0.96668772861844	15
-0.026766443486322	0.181771361232728	21
-0.01310292153929	0.432759392263541	12
0.09401391155938	0.293191837169068	12
0.086783364253198	0.478096137196918	12
0.077611959885605	0.674381436115748	5
0.046982990931356	0.845317864724166	12
0.036917232463287	0.91334959292528	12
0.016628973037601	0.827528215947692	5
-0.093255716393555	0.533201707593114	5
-0.0914443180183681	0.641778384023874	32
0.09188967853369	0.607763770715885	172
0.066687735788248	0.891423418477019	172
-0.0463766648359411	1.08466497072133	172
-0.121986811084139	1.24188607826576	172
0.056521230007164	0.377141653686316	5
-0.00674295949217896	0.64220554908608	109
-0.048603596370544	0.72471246414232	109
0.065297895768015	0.64849254056797	109
0.046118017532184	0.84776089841415	15
-0.043167555143389	1.41048685247385	15
-0.020194170901466	0.471271151397805	12
0.05976829575049	0.844101818864306	12
0.112947260949842	0.403402050084948	12
-0.045950713313675	0.690262283597105	12
0.060714653089547	0.8415634069959	12
0.00368036671644301	0.930290278577134	5
-0.093217310188714	1.05166760151844	12
-0.00204987243325105	0.993338576132609	5
0.025631247571786	1.02787155135578	172
0.079728705582392	0.581063827502704	109
0.090154948732523	0.677320242856626	109
0.097067343016127	0.644522376412255	109
0.081547407361832	0.797200124561862	109
0.122358722473195	0.736080046641535	109
0.083833973540074	0.709802727087872	109
-0.036830843644086	0.585680247089418	12
0.075853072364555	0.678462013689385	12
-0.094744088559611	1.24848196012645	12
0.113509663270645	0.576665557290401	12
-0.062927341612562	0.966056073923825	12
0.077185194665345	1.0976098435642	12
0.070818594843098	1.0107866198089	12
0.075622398744976	1.04082510386991	5
0.070012912514686	1.01324787787855	12
0.073152572732663	0.612908960709093	12
0.111834822874872	0.404694289513608	32
0.010480628050828	1.18696844424337	172
0.098983910021407	0.57614132581184	109
0.04691599967152	1.13849526963682	15
0.031819058959769	0.456124900628318	12
0.101606375077786	0.740145097623	12
0.068872397315981	0.713080459540908	12
-0.0532851779053301	1.24231277490716	12
-0.094172101439484	1.49172575104873	12
0.051315204142068	0.81423356675346	5
0.082730657155225	0.712474813888146	12
0.077106284312292	0.744005021590749	12
-0.000181288146897995	0.801964168604869	12
0.035082733826479	0.819890141682902	12
0.088136326427535	0.546321465105928	12
-0.092016025359679	0.949841703257455	5
0.012681208034045	0.859832025277989	5
0.114253931501499	0.575191402274783	5
0.00913641489469202	0.892267996381432	172
-0.12033102603936	1.33933721427323	172
-0.021869883657325	1.27150264009199	5
-0.013933855825668	0.935445244014549	15
0.078255205364948	0.741042525292004	109
-0.00386488986507805	1.02116212574319	109
-0.115243492260952	1.45322160874456	109
-0.00942828950849395	0.873702613314167	12
-0.057074062543211	0.243988580759618	12
-0.05698719456961	0.243941671319354	12
0.108311302032526	0.183308386475589	12
0.035895270303869	0.293706352109275	12
-0.00234480022832195	0.391094866747402	12
0.068551743297748	0.71392081369809	12
0.12419687889014	0.539463159560279	12
-0.00477743974102496	0.638988975973934	12
0.089554809936228	0.544090997163656	12
0.036653534508951	0.81580128211175	5
-0.030915331215275	1.13615183846352	5
0.014308758509136	0.98468388637283	5
0.077102080214175	0.67563770770684	12
-0.093030694852155	1.14746436685998	12
-0.034329498067837	0.916059210699314	5
0.00143563976133698	0.797850423952354	172
0.089406929399167	0.544359013126044	172
0.029909610148264	1.09116844266578	172
-0.010211747782258	1.06448529385516	5
-0.00493408328259903	0.63925334532644	5
-0.017971874524505	0.743284898681968	109
-0.094040159067954	1.18299860255862	109
0.056423160057517	1.21972059012073	21
0.088421427037526	0.475255474462741	12
0.059734120357893	0.582577711509237	12
0.110056219848962	0.182487537638541	12
0.11014847185024	0.182450980352605	12
0.109101444662979	0.182999809053684	5
-0.087224671595168	0.406295701025261	12
-0.093110920850395	0.532990657231293	12
0.075445776581077	0.679523845813626	12
0.043744272048419	0.655821548930507	12
-0.06245270546808	1.02304962972782	5
0.032302831370908	0.723660382284365	5
0.017265423941548	0.826048239098977	12
0.026009455388137	0.886455591155078	5
-0.087271854530815	0.40610458770811	5
0.072927266379644	0.336371166267761	32
0.056166920722995	0.377549236342044	5
0.074998924491089	0.680347034022486	5
0.087579689213656	0.476811592123966	109
0.00692929350963001	0.568216828366864	109
0.105967225895705	0.827167615293257	109
0.079803611961087	0.580911704281809	109
0.120626810928416	1.18017843057272	21
0.03771785273604	2.1070654426803	21
0.072045704986648	0.337259139415646	12
0.07460157418289	0.834088855685745	12
-0.048859100457609	0.725119945145612	12
0.022005659930847	0.494774205229962	12
-0.029376421082538	0.849528495507092	12
0.10300310432625	0.676667484959971	5
0.034452084948509	1.15077323371152	5
0.017570163520348	0.953361660957351	5
0.058640056963772	0.584756683311749	5
0.098119222705618	0.442416884958397	5
-0.041036264814621	1.0154582749391	5
0.081829709115311	0.409930798337696	5
-0.09134993972933	0.746770541118234	109
0.024553550354792	0.629816958784352	109
-0.094677614732187	1.15289958946238	109
-0.116206303013222	1.32489654370231	109
0.080026420214642	0.580512326891011	21
0.121453092135508	1.05853243053356	21
0.08033388632698	1.26307823157699	21
0.032625382232672	0.592386975067839	12
-0.0195890212716719	0.470491208633759	12
-0.0578190710334841	0.244364502966291	12
0.042847363094836	0.657514120094095	12
0.013151086631143	0.345144656989008	12
0.059800043226985	0.582323226428219	5
0.071691493333067	0.337549461370667	12
0.058375876116358	0.484662667170899	5
0.024991526705251	0.629123202915956	12
0.018873880694252	0.664359263433189	5
-0.1218632581852	1.13660480187529	12
0.081990906174752	0.409758277732746	5
-0.047016736367913	0.692019694334963	5
0.031904740977326	0.45603304732395	32
-0.031750924607712	0.547865560625008	5
0.03057211924172	0.457728062149979	5
-0.043046326933582	0.6556877841004	5
0.06632840027187	0.550480960340415	109
-0.0478097530542561	1.1170567936037	109
0.017792765849185	0.952705034260691	109
-0.018418592677514	0.744221322019077	109
0.042634059895454	1.92844202741163	21
-0.072770506995199	1.25957300259031	12
-0.012047151217574	0.431528267904496	12
0.109009517600782	0.183036184348497	12
0.084140263866238	0.708725265417559	5
0.081293392129612	0.577965865070322	5
0.013315461289382	0.69949573964144	5
0.090088730356644	0.611659056615611	5
-0.0303435010036121	0.545637774775575	5
-0.078240165598393	1.4512458200465	5
0.025064518483976	1.02996211781356	5
-0.062290426357523	0.96454564655221	5
-0.011911764368167	1.09352453899205	5
0.121920457031466	0.437959385480014	5
-0.082944341307812	0.356313139705575	5
-0.091414451746	0.677777155180889	32
0.030688594853184	0.457571739568773	5
0.1120535300419	0.404679121658034	5
0.055737457694086	0.874078995488154	5
0.082006683621533	0.646611400925613	5
0.071599994493324	0.775936193838684	5
0.034047758309352	0.589682368069121	5
-0.05776626357827	0.863683906986987	5
-0.092313672286143	0.569502376197892	5
0.107156162876291	0.543222410107372	109
0.031456674324832	0.456636963750164	109
0.052342710593305	1.08018755298473	21
-0.0486610354574431	0.72479108999084	12
-0.091470945869704	0.712770707461314	12
-0.020194170901466	0.471271151397805	12
0.040710772496137	0.785099603684358	5
-0.1186956344154	1.26595479413697	5
-0.090636722294041	0.879473791124274	5
-0.03753298535464	0.951555908207873	5
0.105910638965819	0.608812791608024	5
-0.013115382821158	0.43277654611974	32
-0.092010252427437	0.64292379424121	32
0.017125963883799	0.826389688995391	32
0.118444571487225	0.707408070428321	5
0.006541302586764	1.07394407610459	5
0.109105891968006	0.70519133124088	5
-0.058290299093833	0.864168431892223	5
0.087052380682327	0.477650612702634	5
-0.091651014363481	1.01426352886412	109
0.101994170806512	0.854689903762757	109
-0.037304032424312	0.950987915268677	109
-0.036897131288151	0.949924674299734	12
0.00783062622803799	1.04813238915228	5
-0.0357016283827301	0.946628337113097	5
0.035156440731365	0.819953526522603	5
0.091064632029343	0.675458731500093	5
0.090962942337791	0.609634158140364	5
0.032741236097987	0.592012069492888	5
0.08405493137092	0.709104556497001	5
0.031020708228426	0.457130067329498	5
-0.02031896820791	0.471423655787509	5
-0.039841352472369	0.620670789936753	32
-0.064662456622727	1.03020410476331	5
-0.09097270923307	1.04514880908269	5
-0.091987191156688	0.815201163353173	5
0.04275392866886	0.417410163821972	5
0.07004365287506	0.446717898279924	5
0.111963711509546	0.739193222389065	109
-0.059760225695015	0.898392958778507	109
0.048130476088673	0.522087384771707	109
0.013315071093652	0.699371158355361	109
0.068014713841328	0.449329829252255	109
0.122134087882834	0.437615940782479	12
-0.031682366816069	0.882261764502763	12
-0.093545023271427	0.571012566503483	5
0.066175068661932	0.646364400613787	5
0.089554809936228	0.544090997163656	12
0.058811830776862	0.584473792408725	5
0.098224592715166	0.510392322677639	5
-0.023610837644237	1.01225071373847	5
0.048934424794435	0.819957736476356	5
-0.0916089985669401	0.747154841704561	32
-0.092380752835553	1.01675403020299	32
0.051621905011469	0.718281834829769	5
-0.012725735998495	0.432245654375435	5
-0.025985367727974	0.509159672629403	32
-0.0431834597955359	1.35803729044039	5
-0.04753303282595	0.692950497067104	5
-0.00418131291817503	0.637489492135981	5
0.021793190326825	0.792405570752259	5
-0.124082425028484	1.10720085869324	5
0.123905074550239	0.540094413099494	5
0.058182472523418	0.585338746418007	109
0.043966749917252	0.655480440379988	109
0.089895126961129	0.678171374383727	109
0.117094828895768	0.508104273027041	109
-0.086937235044754	0.406028146644531	12
0.031339605333343	0.594520019211735	12
0.105540472358822	0.609562080858686	5
-0.092589219642176	0.917536039526038	5
-0.0354948741369699	1.22686912063558	5
0.109897733741962	0.473631802767952	32
0.031978820975805	0.455849047533093	5
0.119461857251986	0.704789651813342	5
-0.011934974952744	0.905312375466215	5
-0.09197978092423	1.04834607161768	5
-0.012229333650443	0.431760680747014	5
0.014616153563167	0.530679490732561	5
0.04239307649431	0.417813151336015	109
0.080540955533609	0.800291841559874	109
0.041113807968795	0.555374824837559	109
0.112261970866323	0.404378858064621	109
0.039234084390863	0.99977122477488	21
0.112063629316592	0.404596872487782	12
0.02638102091861	0.115707480624982	12
-0.083438834002424	0.356755276495767	12
-0.093594937354714	0.533424137634579	12
0.021399512099593	0.495533735607484	12
-0.086937235044754	0.406028146644531	12
-0.00460751631812795	0.638423024516868	5
0.104825390931427	0.672360194334233	12
-0.091877931636603	0.678472481210195	5
-0.09257686147404	0.53225867383193	5
0.017369567173466	0.666194224614483	5
-0.00361565877986603	0.834755541013552	5
0.02573518888298	0.627771427647563	32
-0.015801710402687	0.71180265790786	5
0.095153131982823	0.292321818790962	5
-0.00177815226422595	0.390445769090858	32
0.024835517390791	0.889573277070733	5
0.107080688458056	0.543384236956742	5
0.057611085753229	0.586519393383423	5
-0.0177485973945209	0.742796088899798	5
-0.091520591299129	0.712784931468708	109
0.056746400761528	0.376811347588239	109
0.124918927835354	1.18154834867126	21
-0.00259385893912201	0.391368853820251	12
-0.057074062543211	0.243988580759618	12
0.109891605996089	0.182584068814176	12
0.11014847185024	0.182450980352605	12
0.096629542181773	0.370975551273379	12
-0.122552268089487	1.13843408519056	5
-0.00296999150531496	0.995886898407251	5
0.122193109724356	0.643025521147755	5
0.038629238771995	0.790025557367723	5
0.00931500748985298	0.731955724543288	32
-0.122887194654221	1.13966200974467	32
0.072565179626538	0.614233531018918	32
0.038060167602227	0.689343361544221	5
0.083895423457037	0.709715246926173	5
-0.019964484096668	0.471020372152717	5
0.019921697415361	0.662321292508397	32
0.1117456115216	0.405092418928254	5
-0.092053413586342	0.781836467041272	5
0.000831069898625025	0.603526930743094	5
0.061487891581855	0.749630429660884	109
0.124017326426072	1.23142166075282	21
0.094416228682922	1.90484138708827	21
0.121180047861524	0.439048378988526	12
-0.053897692389421	1.21749815659667	5
-0.0930943649670311	1.05123177754307	12
0.116477824418527	0.766754093714967	5
0.12145091227864	0.438578247897921	32
0.032899292242361	0.722310982330966	32
0.012859604865502	1.01042204622927	32
-0.06380563374223	0.99829967371872	5
-0.02826139653337	0.846912763184354	5
-0.036114668899096	0.920209971707945	5
0.029432592788632	0.855921596285948	5
0.025744060856673	0.760574168813596	109
-0.039742747333576	0.620512555017502	109
0.051539274991169	0.813643701300979	109
0.120310918033257	0.795177471730796	109
0.012618094049373	2.13666429663925	21
-0.060138203398342	0.92914908765182	12
0.109707402077049	0.182683575221982	12
0.035366370519045	0.294114673004159	12
-0.0924773295285219	1.1141103726532	12
0.04669483688971	0.74993330105621	5
0.111731584376328	0.849944364982371	12
0.000128473995464007	1.16196442514806	5
0.11485660461197	0.573947204795389	5
0.014476987041219	0.983544033155365	5
0.055737457694086	0.874078995488154	5
-0.090954783643294	0.711750177033979	5
-0.09192894789795	0.815178800663512	32
0.085832379906428	0.704674388764333	5
-0.016193292500608	0.712438477572984	32
0.065523357732077	0.648008404068881	32
0.082467146998228	0.645689937788688	5
0.057801316184721	0.778067024039427	5
0.008836978711243	1.04482924859424	5
0.017208067768107	0.954372472256102	5
-0.123527207006174	1.06972907885549	5
-0.034683928984222	0.916886707046458	5
-0.063435469470826	0.997280969204377	5
0.096935521382703	0.707812337834565	5
0.071905896016864	0.841273144662466	5
-0.00740291280856098	0.868789326471906	5
-0.09259734043659	0.984204324397138	5
0.090929472604943	0.675753195059957	109
-0.0915987263749139	0.88177802739434	109
-0.115780623765537	1.42309299656342	109
-0.091939796859878	0.678634905794069	12
0.099101784896697	0.509034035508119	12
0.032450656422423	0.592687065267981	12
-0.069081134941849	1.10174974660607	12
0.096821678679376	0.827454328193882	5
-0.031418646994828	1.13757516251035	5
0.061578063500022	0.924904560570996	5
0.108739855877582	0.475348307386156	5
0.077095361931562	0.512497541320279	32
-0.025296798051883	1.06782063429586	32
0.096799100197579	0.645306636436533	32
-0.124082425028484	1.10720085869324	32
-0.00604446423698901	0.641036480248626	32
-0.121053007567274	1.27349090982251	32
0.114656766658881	0.676175281389228	5
0.110135298184455	0.855738544665663	109
-0.051852599532207	0.760700778568686	21
0.042594471482951	0.417583623853717	12
-0.023331246691863	1.03716008619362	12
-0.055761747314671	1.25042363092873	5
0.122865781077058	0.641463194775828	5
-0.09510441977554	1.1861856086615	5
0.027728635027424	0.75607330340131	5
-0.012863107657174	1.12018742141304	5
-0.027866723465818	0.845742196996252	32
0.031852360695105	0.724659718867508	32
0.046780883832551	0.937908035406468	5
0.059011563989559	0.584104368520769	5
0.082755865185959	0.408743097223619	5
-0.119689086241263	1.33732471010254	109
0.0962032841928	0.770365389734113	109
-0.090034459916681	0.777602217746471	21
-0.092684087020803	0.714625438360815	21
0.095492018395004	0.291986479317843	12
-0.036710445614869	0.585607060124074	12
0.013796726187491	0.344571853234149	12
-0.036706276442863	0.949410871690563	12
0.058135209828164	0.585691683831412	5
0.109663128227476	0.703772865603725	5
0.108774037627161	0.762414188483425	5
-0.093464655111244	1.08469575468914	5
-0.0722807670515641	1.20006629063555	5
-0.00274872728648201	0.832515943389729	32
0.109245170872734	0.704858527759964	5
0.058492072249328	0.682830895536727	32
0.01529591610384	0.830661093196204	32
-0.00297868549323099	0.833138517090906	5
0.011734408383544	0.862795881388147	5
-0.093245893567507	1.18040474475927	5
-0.04838987679151	0.724280116290449	5
-0.00554224075125198	1.02696646475638	5
0.119083017555663	0.705741536018445	109
0.00995481815035598	2.3013487373809	21
-0.0830043601056421	0.356399829597777	5
0.067108403333339	0.717026961130089	5
-0.00497742659901401	0.639045711713797	5
0.046370502507152	0.846949842307701	12
-0.0967468438575571	1.34825976842194	5
-0.02907200955168	0.848824990062863	5
0.084744151844568	0.834544424918711	5
-0.047503142526326	1.11606234362473	5
0.032664992745136	0.5923257902038	32
0.114601977065009	0.676247630378487	5
-0.00631527900479001	0.64155733817278	32
-0.072425079196268	1.2296334670592	32
0.064475221946699	0.650173666933329	32
0.083159893662016	0.711459714353393	5
-0.122947566438672	1.10384969341541	5
-0.05698719456961	0.243941671319354	5
0.079499149607313	0.803048551984328	5
-0.036440676574623	0.585128919584933	5
0.040637668770885	0.785333056498449	5
-0.071775873523975	1.25594200587731	32
0.058492072249328	0.682830895536727	5
0.084663330955611	0.834722562589553	5
0.044711616100223	0.653966967233207	32
0.073275356553702	0.771209073634916	32
0.060492167761471	0.842196707122675	5
-0.00580203701163995	1.02782475991803	5
0.003471448380234	0.769109820128377	5
0.040601093318415	0.785312652149785	5
-0.045076105948072	1.05422836506948	5
0.111948522356081	0.579362697379554	5
0.035021435810075	0.820274888031445	109
-0.00912958699371802	1.08457025853652	109
0.110471446044675	0.643276420208735	109
0.114319420288345	0.676853709116016	5
0.00429474282379999	0.767346745965062	109
-0.087033724198061	0.406040554766397	12
0.014656506925848	0.696758395727497	12
0.087310740996917	0.477242387769048	5
0.09062270925678	0.676189089097392	12
0.026484237871721	1.00525157820408	5
0.074232244734341	0.835195490219816	5
-0.067417375360129	1.03722304701089	32
-0.039560051233324	1.31859991235309	5
-0.073274062616033	1.26137782906526	5
0.038193923226513	0.90956084937875	5
0.10763454631148	0.604844675240496	32
0.008596686851986	0.894009256461199	32
-0.041894014470632	1.01774911297487	5
-0.045541033460097	1.0828618318385	32
0.014358953123053	0.697425923684124	32
0.112530448425592	0.404012653008842	32
-0.054337861512238	0.795713507703285	5
0.073695240221073	0.611856141678431	109
0.029604345280966	0.855407732056203	109
-0.058789587643444	0.896087399095527	109
0.058438869933581	0.68278099636974	21
0.026706095798448	0.115599424911331	12
0.082556105517231	0.645540789008503	12
0.069469782728801	0.447546749724372	5
0.121296036577892	0.644999667029594	5
-0.060205595414058	0.929139031956467	5
-0.057021050952634	0.862009318209101	5
-0.021709124848702	1.00731678110798	32
-0.019818687757064	0.470841690625312	32
-0.091766196459377	0.747347960702376	5
0.080623532715367	0.579401924123816	5
0.060400274545856	0.84243512575652	5
-0.019569937547651	1.23848106432021	5
-0.000844316516403043	0.966198157324659	5
0.073898460663456	0.611213160122479	5
-0.0935817551836891	0.495540001547722	5
0.038137661807925	0.560035072834175	5
-0.00959898735171505	0.673719250815879	5
0.080711739749977	0.862997135601301	5
0.113104357227804	0.736232498897233	109
0.031095363191168	0.85150471336254	109
0.088005937159556	0.476066125020866	12
-0.091446969510513	0.642013231083911	12
-0.055609196295194	1.27721617365333	12
-0.05698719456961	0.243941671319354	5
0.00648716418261602	0.737320365981517	5
-0.046380662120079	1.08547031440466	5
0.07032789494724	0.946158097552517	5
0.121550264194257	0.438516442438696	5
0.098729957233875	0.509682486768827	32
0.089557703083918	0.543837503045976	32
-0.117378253646566	1.39622141446852	5
-0.00986902308326199	1.0862996464439	5
-0.030624314267549	1.13530386197043	5
0.026845308419728	0.883991716867751	5
-0.065487795368179	1.03253871285	5
0.01421029346932	0.69768161763054	5
0.04343548562192	1.07870053903792	109
0.106062106258488	1.43256355174767	21
-0.030189858185953	1.10834972537639	5
-0.052053984854983	1.23798879361282	5
0.018688148778903	0.822250302280299	5
-0.034968620128109	1.19974974270865	5
0.052265889254563	0.811613820611139	5
0.065562438586983	0.551600132230963	32
0.055390452809334	0.874873957871918	32
-0.03162124135129	1.1876499044392	32
0.078413605836582	0.806372494133143	32
-0.056484934855659	1.30744503502677	32
-0.00913821593803998	0.672626593451439	32
0.108258319678151	0.764172646614491	32
0.044363444998401	0.964455377234601	32
-0.03573940210572	0.584170436787578	32
-0.00462079728665499	0.638699558208901	32
0.057089466903051	0.6857091755079	5
0.086940465702241	0.477845182004603	5
0.113651309062391	0.576387527655803	5
-0.010371455474949	0.675028106843445	5
0.097433970616187	0.825425647670503	5
0.088063532270657	0.546651499916877	5
-0.091884553948884	0.781436411445044	5
0.122565715679375	0.542654127829366	109
0.110851175559363	0.406221056203223	12
0.115103155648089	0.33015307849116	12
0.076503201851404	0.677083050991253	12
0.115188431318017	0.674846734970551	5
0.044712495372806	0.653937135510208	5
0.003471448380234	0.769109820128377	5
-0.060609344829171	1.48864409592882	5
0.033463603283837	0.590853901154774	32
0.021480837215187	0.495530306882134	32
-0.091664395747969	0.747336972543381	32
-0.028249737459671	0.846900008434453	32
-0.074386373284839	1.37939361661072	32
-0.094129558590938	1.11910410038503	32
0.101315731760101	0.740899759323935	5
0.039430466638533	0.788192707169349	5
0.107977655765855	0.541504954070432	5
0.075815268143366	0.678707977315649	5
0.072938095451604	0.613474890160153	5
0.096758949613424	0.645398907114543	109
0.115562933494875	1.65810707766561	21
0.10731701533896	0.477322791035812	12
-0.04052695408212	0.621748234122988	12
0.05547910674792	0.378202701355257	12
-0.093775585370004	1.21372357910763	5
0.066044988050865	0.808629702459185	32
-0.120649613515776	1.30595888613379	32
-0.116350167227741	1.35909949745548	32
0.075623846978771	0.67900363998195	32
0.032849233386156	0.825280643117061	32
0.00677194704190998	0.568476181879384	32
0.04818644146766	0.522021671828244	32
-0.069483537325344	1.16146829019011	5
0.008124868326779	0.734570302577642	5
0.097037164198905	0.644753291548499	5
-0.0436460478365031	1.05013637500794	21
0.063595204288757	0.241050168239748	12
0.076967087841784	0.744369141860717	5
0.108948534741957	0.762000627145588	5
-0.095362351329646	1.28175743807093	5
0.087509608628814	0.82641416281225	32
0.07593034650118	0.746865193458752	32
-0.054340033368005	1.2985102761783	32
0.00138115165476799	0.798188991758989	32
-0.092777097109257	1.08290708032757	5
0.084066930861324	0.709242106444085	5
0.09053907881454	0.610742470147803	5
0.071264783714173	0.860428442783554	21
-0.067809811550411	1.0685463608973	5
-0.0836560319662421	0.356902286202087	12
0.111852126988126	0.79423491421789	12
-0.035032939581317	1.19991665082673	12
0.114661812719987	0.574343971565659	12
0.020559654764629	0.923041184623025	12
-0.059996549432554	1.48561294536837	5
-0.036337445385716	0.94837544482477	5
-0.070914309885184	1.19540857488963	5
0.065236363867535	0.810796977901585	5
0.077058146895416	0.744141392174576	32
-0.0549801347435051	1.24808582864295	32
0.114573165821414	0.574547261732729	32
-0.031365975497591	0.88144355171066	32
-0.017667944973549	0.970419684786256	32
-0.052785183005859	0.792462070682035	32
0.118725010251801	0.706621593616255	5
0.065961370408805	0.808542648047639	5
0.089538544031096	0.742994171442291	5
0.029530164534782	0.855654000330087	21
-0.00238991987813098	0.391164473912894	12
0.035464003435816	0.294005239624238	12
-0.0915883707790121	0.453574249796409	12
0.095012966126298	0.292440183228284	12
-0.09148954354181	0.453468760711425	12
0.059444788043417	0.680397994095111	12
0.053846983066613	0.712803176875274	12
-0.072782758356273	1.20155404868902	5
0.108074681352471	0.707851782914524	5
0.047204882733862	0.936682446828891	5
0.073583758625511	0.836934081169952	32
0.05863762350898	0.682481809758017	32
-0.03946027059116	0.98359199294397	5
0.12367966378878	0.540536525174786	5
-0.0915692433212481	0.948726157862859	21
0.090077533860843	0.543129829912757	21
0.047828029977058	0.934728935360098	109
0.075254677849181	0.608201187424256	109
0.096078618837162	1.97820019334487	21
-0.060509423515442	0.930073244524583	21
-0.118464823767848	1.36688992403517	12
0.102853001179449	0.852004126718353	5
0.056405750332126	0.781647171838323	5
0.061494914201815	0.839369303263259	5
0.095643511185575	0.77175124924058	32
-0.091473256378637	0.915087629934349	32
0.121968940068193	0.543715821204809	32
-0.093515978144592	1.08503629539297	32
0.014357928143072	0.697276099595245	32
0.116965293862954	0.819466943146059	32
0.060145906549998	0.581830221992725	32
-0.036274481398923	1.25487933620808	32
0.00516983070679999	0.926185682513042	5
0.098929068601886	0.576155313869726	5
-0.00722493476250097	0.86838629950162	5
0.00879598897171902	0.733196761009585	5
0.015982255924402	0.829146055895518	5
-0.031894550158461	0.882811117153597	21
0.05217032069379	0.717015089731404	21
-0.0958311143930129	1.34543913641005	21
0.057858249962846	0.485547033484569	21
0.101439858130086	0.914414123958737	12
-0.0683082889815499	1.09974369404864	12
0.00555286305175901	1.07728225859242	5
0.11408805163061	0.733349420395629	5
0.090153515842034	0.741343330449733	5
0.057908283577081	0.485449364648804	32
0.100789376075728	0.572325589721911	32
0.108935691157888	0.475123648156174	32
0.1030187461722	0.793972255620886	32
-0.098858468009328	1.47703508736462	32
-0.026686708109983	1.07251112547609	32
0.0433811036861	1.07910296715986	32
0.060613257488988	0.841857871410957	5
-0.00900920602229005	0.672518278833543	5
0.064542024149785	0.65001929840393	5
-0.044164086236836	0.657567612698379	21
0.035208340111394	1.03261867628582	5
-0.039123052591896	1.34210728389092	5
-0.02523849049067	0.812996437888228	5
0.109707402077049	0.182683575221982	12
0.065602567393069	0.647803267085404	12
0.058214015877345	0.683295076466332	12
-0.069043723358063	1.10181418540426	12
0.119451302131781	0.704892579627007	5
-0.09139653685621	0.847696554959338	5
0.060992134661302	0.926982539365985	32
-0.00914568440386199	1.26560986115924	32
-0.093989492995484	0.495954447882623	32
0.042426588895333	0.417588604605847	32
0.057858249962846	0.485547033484569	32
-0.073145409823844	1.28938139851035	32
0.093877941534574	1.02980319736047	32
0.050384091026583	0.621301860536186	5
-0.0243357852617	1.0402696589147	5
-0.011230229970812	1.32101339606071	21
-0.054734855661049	1.21988232497618	21
-0.017824966166099	0.742885420125474	21
-0.00453597178683196	0.836909997642751	21
0.040970562841622	0.784425911025742	21
-0.087464891236514	0.406507529555143	12
0.032369661517006	0.723536294125337	5
0.11255677407154	0.737500165478692	5
-0.00251877854196303	0.831879311902388	32
-0.063998804662369	0.998682014624531	32
0.120736876137976	0.79392799909167	32
0.077754193712935	0.74234651842339	32
0.101741755688174	0.739809562834227	32
0.03785732509547	0.910389471809142	32
-0.124428006190526	1.07213209945079	5
0.112757786484197	0.737149078282827	5
0.090208665930637	0.741292614706166	5
0.071376298835029	0.776523669673623	5
0.123494386711274	0.733010978872661	21
-0.110720886483482	1.79145782454103	21
-0.019408039147776	1.21368791509498	21
0.036930734200598	0.691550733025544	21
-0.036551195637423	0.585386024058808	21
-0.123924661310311	1.10672092791598	21
0.105889396474808	0.669547886544399	21
-0.04629637944917	1.08523946999044	21
-0.0465551806149001	1.11293409821593	5
0.03057211924172	0.457728062149979	12
-0.043893705158657	1.4402338599592	5
0.040118702640281	0.997177766062112	32
0.036136146311103	1.14489274584008	32
0.056301065127418	1.04786303403314	32
0.045232785282863	0.652801116501865	32
0.012534208385595	0.860768457391367	32
0.099019702663552	0.879339489444841	32
0.088159348327729	0.885084813188547	5
-0.00842077819331999	1.0590628039473	5
0.106046240256958	0.770244819491588	21
0.112666077282542	0.792358721184975	21
0.012189393941137	1.15898113098902	21
0.00592286571869399	0.569774991458425	12
-0.091390867982601	0.453302021961407	12
0.00985856900127902	1.18925416369936	5
-0.027244996071869	1.07422341568123	5
-0.042802612540388	1.02044991809164	32
0.097020264907962	0.707598059623014	32
0.056736424064091	1.04646242697875	5
-0.096152005016355	1.46849663034606	5
0.022503869348029	1.03861221951971	5
-0.094990756332413	1.37274434100709	5
-0.116328854642629	1.39205847480316	5
0.052023636873989	0.992114727466488	21
-0.06271667938987	0.965473851625923	21
0.11391742328012	0.57580811692466	21
0.084154533804987	0.773867401355409	21
0.087310740996917	0.477242387769048	12
0.063757522025369	0.240941083882222	12
-0.000294244712153002	0.987660036733361	12
0.068389885015819	0.714343204081382	12
-0.00407579650428302	0.835857580403281	12
0.017176076615224	0.82625949147796	12
0.079121119093786	0.94800099863615	12
-0.0529145047453981	1.24121975834393	5
0.049695639491181	1.01896236125982	5
0.109689801330574	0.856942641456165	5
0.01057970677659	1.01771653752823	5
0.031832210131825	0.948071760629429	5
0.082461038801235	0.713088578251237	5
0.00393425909575201	0.767966300276144	5
0.056870951414908	0.780494123797482	21
-0.024105504832666	1.30462877442458	21
0.069518460125727	0.447441378214116	21
-0.0133346095338021	1.35319217301223	12
-0.124563373719755	1.07243872135404	5
-0.060463604248837	1.51563406144824	32
0.08032412443521	0.57989062763474	32
-0.065576791494148	1.03280491959325	32
-0.011007317260046	0.902873058933273	32
0.042988454831178	0.417095378284032	5
0.098433526328736	0.441980637775942	21
-0.092638245083176	0.607186579346068	5
-0.00472067225048101	0.63884150012984	21
0.076881746641167	0.512896455883945	21
-0.0111748576112231	0.676388733668482	5
0.053724812955679	1.24876525896783	21
0.108871349185614	0.539616426806943	21
0.022167148614601	0.494453541447749	12
-0.078245908749132	0.304934080913825	12
-0.083438834002424	0.356755276495767	12
-0.039228331292916	0.619339426962442	12
0.097757799121005	0.369666753707457	5
0.09553708003501	0.711205159601577	12
-0.068938077823306	1.83023543146516	5
0.060771066346275	0.841456094292292	5
0.044340191159554	0.654670557633009	5
0.096711562998556	0.708369978908612	5
0.05824059879577	0.683170784702939	5
-0.117854852195212	1.36461227593795	5
0.061264569101933	1.01237537865429	5
-0.039866610998905	0.985004769315769	5
-0.06486389967163	1.00101590347355	32
0.103467889151141	0.675611004824889	5
0.122650063150166	0.641660521127536	32
-0.00963142420998497	0.673728883775196	32
0.020835544940347	0.496198061442188	32
0.095772486719486	0.29172931532976	5
-0.01185235973657	0.431226786495319	5
0.070620741764262	0.77839243776389	21
0.109962521099239	0.473511332427932	21
0.015246093391287	0.830784524753103	5
-0.091839849109951	0.605998168883027	21
-0.12121302717285	1.23968329984658	21
-0.092313672286143	0.569502376197892	21
0.058049451500597	0.585768318992455	21
0.082644966340153	0.645365417531343	21
0.098747896235029	0.441474542523971	12
-0.120120646574885	1.3049275113487	12
0.099598257344352	0.440196257352682	12
0.083159893662016	0.711459714353393	5
-0.123459480903193	1.06940424194214	5
-0.059480412933113	1.40087982539497	12
-0.016339005624886	1.17847633835161	5
-0.121265435397138	1.30813941959885	5
0.107413457730838	0.822651848156246	32
0.078045082991237	0.807312161650395	32
0.055364715070231	0.784127623896765	32
-0.003694780478672	0.997771626925882	32
0.000572915164170018	0.604100911686907	5
-0.049270680283997	1.1486690547049	5
0.033633405571796	0.942990712488694	5
0.080519180273335	0.863560148010176	21
0.124647689858188	0.538554350488363	21
0.00756533219280198	0.567097689237682	21
0.000471816469713005	0.604221937483789	21
-0.042765442136863	1.02030439553526	21
-0.092855455889718	0.644161719856606	12
-0.012920681721189	0.432560353545336	12
-0.0919273242138851	0.453834621063209	12
0.068551743297748	0.71392081369809	5
0.030031747094403	0.854384945640426	5
0.076973154875213	0.891054510295371	5
0.049125934800701	1.02090278933013	5
0.095756724704035	0.771313674818317	32
-0.013169104035303	0.908023425275843	5
0.083118191571172	0.408232196445356	5
-0.0150780845394271	0.710600813605189	5
0.112824838380017	0.736987892668284	21
-0.059151211264584	0.896877422923274	21
-0.091793504020391	0.949250812628497	21
-0.047583568952541	1.08869003726707	21
-0.057533352275733	0.244154034678395	21
-0.036466974156084	0.585225601641744	12
0.05597937661558	0.377744759719275	12
0.115410622307076	0.824495208860102	5
0.083504627686097	0.916956668829995	5
0.062360182591779	0.747703003821221	5
0.073248373435894	0.837948913432632	5
-0.024112441056529	1.03962232390971	5
0.124678776818946	0.67709005323341	32
-0.0121693465225941	0.905897068132162	32
0.102305171732756	0.796066899193551	32
-0.052479831651242	0.791649495036971	5
-0.039866610998905	0.985004769315769	5
-0.12069535363636	1.2036073458593	5
0.0456391595138	0.752478686171831	21
0.119384063209275	0.607822036695508	21
-0.044245025010335	1.05189748898526	21
0.072632794893957	0.614052251459617	5
0.118661707010909	0.505473177893667	21
0.045754706716164	0.651711003675216	21
0.03222363558425	0.723861475072226	21
0.056797140634769	0.780654082033285	21
0.061438417115714	0.839527631748758	21
0.040132851548546	0.786496952960222	12
-0.078245908749132	0.304934080913825	12
0.074098239813799	0.835596321344097	12
0.095293271570304	0.292182997049605	12
-0.091673125183135	0.45332186332738	12
-0.091828261289837	0.453809092898902	12
0.049037889874389	0.520663219804758	12
0.108942034557229	0.539841608376604	5
0.025507148585082	0.887741967040718	5
0.090263929294405	0.741167825042443	5
-0.00407579650428302	0.835857580403281	5
0.119420246878363	0.60770872553603	32
-0.119757515615434	1.30376454291463	32
-0.00166442489346597	0.390314755603148	5
-0.013090340540153	0.432693818985329	5
0.113279204969535	0.577104651844338	21
0.021117402532137	0.495992359637526	21
0.00428293245240802	0.767228999407231	21
0.03089145354877	0.457348409907563	21
0.096986445110972	0.768211964195859	21
-0.0145536008081431	0.70959439335508	21
0.011307659937685	1.30896129341372	21
0.069884765945603	0.446933410825505	12
-0.00263212108473598	1.17213568819281	12
0.00666962994618397	1.07355431266961	12
-0.07807556816897	0.304778520092845	12
0.122375162020135	0.736112527083738	5
0.08409228185656	0.914966419588867	32
-0.0138068187652171	0.433334240493372	5
-0.087273927483431	0.406232046952704	5
0.000452332329712979	1.11590275583661	21
0.097108316888249	0.370422775839988	21
0.081244088467156	0.924093225549351	21
-0.121752229127967	1.17166854164917	21
0.09981441919897	1.55108317772091	21
0.03904945154276	0.558769952831487	21
-0.092739937465983	1.08296886937855	12
0.095012966126298	0.292440183228284	12
-0.00942061464251798	1.08553376650031	12
-0.091729350325486	0.453724018395289	12
0.057908283577081	0.485449364648804	12
-0.01525356958212	1.15174839679051	32
0.085087344966252	0.833530552180729	32
0.065681486531898	0.894821136733425	32
-0.092746626855599	0.532552940607008	5
0.094773377984874	0.292648102299928	5
-0.0577908306891129	1.44875076914584	21
0.122943107529973	0.734588722020836	21
0.013100193730926	0.859184581076944	21
0.099008272898339	0.575906830343194	21
-0.122182208300712	1.24238335460101	21
0.110199382944259	0.911262834238562	21
-0.018418592677514	0.744221322019077	21
-0.021253831509791	0.777134976531301	21
0.102078952048187	0.854401931003356	21
-0.023833527458008	1.03877034875226	21
-0.115201080096759	1.48567373120468	5
0.11420098138217	0.575297912266427	32
0.114519989388647	0.574606831959365	32
-0.064433896779165	1.0295159562148	32
0.106694834531908	0.768525658383658	32
-0.0377644989034021	1.25973020346981	32
0.095856190202354	0.771210606670662	32
0.048287580727432	0.521821746928637	5
-0.019536345324633	0.74632819282206	5
0.071431247538607	0.77631106665611	5
0.092580457794269	0.916258592184675	21
-0.025712821198263	1.06959085332571	21
0.051799483038179	0.717836199755186	21
0.017341132600544	1.09773438472308	12
0.056599162374582	0.87146306705696	12
-0.1225771741437	1.10289772415364	12
-0.038359638261763	0.953552961817375	12
-0.076670073877692	1.50455278103195	12
-0.091628249224613	1.04675297906942	12
0.067758744752496	0.954935391594925	5
0.020324457885861	1.06665157098604	5
0.067290095737899	0.548926362919553	32
-0.091790922675516	0.848300274634844	32
0.119014563317511	0.608638399916538	32
0.073579925471591	0.918622536421088	32
0.089943013143361	0.611938251625043	5
-0.095349066927268	1.52723792159984	5
-0.0912024556363989	1.0458953402425	5
0.101606375077786	0.740145097623	21
0.033552819689039	1.26816241105303	21
0.025188901703773	0.628739878718057	21
-0.050914783430566	0.758751024578484	21
0.016579449675299	1.3655036159229	21
0.104634373524994	0.945269764195065	12
-0.077664577229696	0.304481405888821	12
-0.0611964749620451	0.93181712035351	12
0.00634756016597099	0.569152210254724	12
-0.067945179741125	1.06895462218573	5
0.032138770472685	0.593255303158778	32
-0.09524623052268	1.24999372659983	32
0.097915966481622	0.705243534412165	32
-0.0907463831145891	0.711301910738501	5
0.035156440731365	0.819953526522603	5
0.00262020736998397	0.933152024110897	5
0.038274254646193	0.688715174653414	21
0.098311710340567	0.822897991171846	21
0.108718259807471	0.540279365650773	21
0.044265376787869	0.654871700417858	21
0.099387234255202	0.50859384129794	12
0.118033012320408	0.762369344029138	12
-0.092492654636827	0.643669142899302	12
0.04016363697811	0.996712770360553	5
-0.02046815256973	1.24186225529249	5
-0.024921972205124	1.04191537156056	5
0.058459756893655	0.84731523689501	5
0.095827885263809	0.88966696492034	5
-0.00960637839905398	1.29109705319341	32
0.097129360355125	0.707220421305015	32
0.048713656912637	0.521189644348705	5
0.00846175437193503	0.894388526988597	5
0.056601461344006	0.781208002843461	5
-0.037494812623227	0.951449271732669	21
0.039441643563208	1.11286388496252	21
0.045282216952054	0.753400964677365	21
0.111894614915526	0.404867180935678	21
0.089783998091736	0.612242848101411	21
-0.094906890386238	1.40296289779589	21
0.096044488452076	0.829706436504273	21
0.013417154917444	0.344868748938826	12
0.064127708917516	0.240660305444682	12
0.058804143848626	1.19208157224811	12
-0.045839368890671	0.690101813730883	5
0.017438187223663	1.36190732506871	12
-0.091041490358092	1.04542288089088	12
-0.00283092325141698	1.37321329085449	12
-0.00694546185079203	1.05452843077243	12
0.061979351801049	0.923761973398579	5
0.103880696780451	0.733964676476141	5
-0.0948470740274639	1.52530019703723	5
0.109809031144573	0.473735303269332	5
-0.0937181653779851	0.495386922883261	5
-0.120822307990489	1.23856016023994	21
-0.119699989830339	1.3032885339569	21
-0.055487106761192	0.8284492693374	21
-0.094306288955395	0.496248324488152	21
0.027267973333688	0.75718206201601	21
0.021985564185716	0.791937704277499	21
0.098092239189821	0.642488895072022	21
0.075815394415227	1.04033578592483	21
0.025744060856673	0.760574168813596	21
0.103177559742263	1.1145119696275	21
0.04295525212879	0.417167647331946	21
0.094732555777849	0.292605055251777	12
-0.036948345896103	0.94991590569563	5
0.033767297823952	0.942646502863546	12
-0.03070514634109	0.54629163720228	12
0.00458772185488499	0.766641566603904	12
-0.0176751691934121	0.742602125852918	12
-0.063664872589545	0.997905430214589	12
0.120921105651594	0.545471449778469	12
0.092175074780896	0.977567605742144	5
-0.120399690229444	1.30579856183871	5
0.062122507155409	1.00928239003952	32
0.102390635339657	0.738099215890805	32
0.087045137386979	0.950651147695566	21
0.11488040072941	0.675636084041848	21
0.056166920722995	0.377549236342044	21
0.123030894831131	0.436139681534495	21
0.114845907567669	0.881041562521952	21
0.095997694579185	0.948236925063561	21
0.035328274713088	0.819462575111367	21
0.089993884985885	0.677941643137173	21
-0.00877880513820495	0.872056666603431	21
-0.031843066546705	1.92708719523708	21
-0.092271419302771	0.569549220607367	12
-0.077544215954488	0.304376817410782	12
0.00519589932778503	1.07847922539975	12
0.103895915566285	0.674678239100984	12
0.082927572591154	0.644730986617234	12
0.00753048570414799	0.896822288046372	12
-0.030745657551984	1.13538764107006	5
0.109238993967414	0.539153766599744	32
0.072200862644443	0.337095800465375	166
-0.00759445341296205	0.86934524608522	21
0.086682228549849	0.478209640444137	21
0.032294714038308	0.592982022157147	21
0.113970551484571	0.575762182480993	21
-0.035054677004034	0.917825479416793	21
-0.083498632291553	0.356732156784202	21
0.056834322047504	0.376593770626664	21
-0.028201139415415	1.10171082661886	21
0.045600644518744	0.752694443680592	21
0.042594471482951	0.417583623853717	21
-0.057542232216095	0.863161855535869	21
0.109542488430707	0.182767055906993	12
0.110404954484474	0.18227543759944	12
-0.05773242323011	0.244317689807602	12
-0.0833789236099119	0.356713788685056	12
0.050702480530271	0.720232716225924	12
-0.04260676411978	1.01983823063642	12
-0.112522896056687	1.60437163559001	5
0.015221096978822	1.12657889418245	5
0.079667655983526	0.946232952022861	32
0.094434121438899	0.292908908131499	166
0.070983838467213	0.777438363780324	5
0.082828805168875	0.712256308722475	21
0.033870591289472	1.17337636518592	21
0.07654284555407	1.03746993811527	21
-0.026822690402189	1.339923733666	21
0.076259978271966	0.893298204944691	21
-0.092084995152334	0.815508227820332	21
-0.087945296341389	0.406869793933775	21
0.087153614576672	0.477511196501079	21
0.00840014058949101	1.0463292039739	21
-0.091639031212231	1.01469267279583	21
0.033270545256854	0.72144575325678	21
0.024063678715724	2.00319939908691	21
-0.036440676574623	0.585128919584933	12
0.00810902902256899	1.04722130720179	12
-0.053569514842973	0.793476871163564	12
0.022924620112723	1.03726281980503	5
-0.123087831726198	1.06824500325926	5
-0.092730047673137	0.85031546091604	4
-0.092739772043681	1.01757468340526	5
-0.0917720554132489	0.915607710183542	5
0.064497885032528	0.240310907478263	166
0.026895778560548	0.758059682992598	5
0.033463603283837	0.590853901154774	21
-0.021999280790531	0.778682427944492	21
-0.122588749880302	1.1032060529786	21
0.110766760262213	0.642723026937781	21
0.113845491248788	0.575903800724433	21
0.020427097136398	0.661362390699616	21
-0.030400396126361	0.879002807617116	21
0.109266382151645	0.182858112984887	21
-0.000650526986240019	0.606053323941097	21
-0.0573597572857401	0.244140038228301	12
-0.09148954354181	0.453468760711425	5
0.029320622496515	1.09327705549182	5
0.017176076615224	0.82625949147796	12
0.054584950953829	0.877242892135149	12
0.062557074235296	0.747105699649456	12
0.09688108305648	0.707934637099394	5
0.085871605204187	1.09184620992366	5
0.06119248331723	0.75042192466656	5
-0.120597063106975	1.20335937222203	5
-0.092757521359514	1.05049580142364	4
-0.123924661310311	1.10672092791598	32
0.035653888899533	0.293885142019209	166
-0.0912433689814089	0.847341540461917	21
0.052770972106751	0.715607631513081	21
0.110533445128612	0.643246010432098	21
-0.00968983693014902	0.673895775253751	21
0.056000152004775	0.377726196996915	21
-0.047488038531782	0.692950030142882	21
0.008183198126752	1.36487129829906	21
0.018155625216092	1.35873975419424	21
0.090432014291031	0.740707898859907	21
0.073842153769186	0.611552646611278	21
0.010858932462821	1.01679128282175	21
0.117740664737041	0.763126078958622	5
0.026272469717923	1.00593970596819	12
-0.092236270912868	0.983485912149593	5
0.041241267612365	0.783808247318713	5
0.013663614686415	0.344695396452043	166
-0.093110920850395	0.532990657231293	166
-0.025317391418022	0.813183223213408	21
0.030657028926579	1.31968122456431	21
-0.032075135720773	1.16504127265514	21
-0.090673331827748	0.77906429349051	21
0.056166920722995	0.377549236342044	21
-0.042574403171037	0.654849290920333	21
0.011016229011525	1.01641941286609	21
-0.0283741338683881	1.37067793668793	21
-0.078587199509314	0.305009438954331	12
-0.056614735142323	0.243719575714471	12
-0.030988378129205	0.546701698319154	12
0.04519274349526	0.753555776273108	5
0.037197506148925	0.912540986978787	4
-0.00760031530998995	1.4388335230585	5
-0.024183965773332	1.30492974470256	5
0.00111045951419497	0.60299877701944	166
0.07538437458381	0.515379484211269	21
0.037247671047386	0.690972125419145	21
-0.044423039982365	0.657908966263648	21
0.006559792013	0.568820927217917	21
0.097267970105876	0.370200873977255	21
0.103198775396525	0.676326817294755	21
0.04275971273213	1.08121975681204	21
0.022489833918535	0.494062035948181	21
-0.090770376527475	0.452558823386808	12
-0.020027306572872	0.471018068298061	12
0.032080329627518	0.593331606857353	12
0.069011629113633	0.867492275976006	5
0.107040322104274	0.76759494185887	5
0.000560415739079001	0.800261951089848	5
-0.013159658581621	0.932935719168441	5
-0.092209603808215	1.04900422331324	5
0.118275569045654	0.610204004293533	5
0.10802072521857	0.82093377385655	5
-0.124934987567954	1.07330612116776	4
0.021933866173269	0.792085755320247	5
-0.076128048011703	1.3859417320935	5
0.097105039033611	0.707359280408735	5
-0.09230814184395	0.714083643527937	5
-0.090894811798647	0.846528485701988	21
0.119610668224188	0.90373437750493	21
0.017347949573326	1.24204061801471	21
0.072203714518365	0.614810571979982	21
0.042670110778429	0.417439895916878	21
-0.093740163042471	0.495706975391969	21
0.107452989128324	0.542724364894202	21
0.07610081678896	0.746453023263131	21
0.098643792493192	0.509868888159998	21
-0.026439196579555	0.181637496851545	5
0.053903473092906	1.0746919155121	5
0.055666712432865	0.378007058465858	12
-0.020276712152383	0.471143430628877	12
-0.056757405435832	1.36292611145603	5
0.105783725731752	0.609134105276437	12
0.108799265564501	0.706045832949802	5
0.057106261405567	1.04509238615385	5
-0.120882427161774	1.23881512452383	5
-0.055378653109276	1.33045692260705	4
0.058081133558455	0.954083564065819	4
0.022101678317948	1.03976988393654	5
-0.122209611038002	1.17297541896471	5
-0.083536208101129	0.356794814269034	166
-0.021070239402641	0.472219907715536	166
0.072177609489325	1.00575583314827	21
0.110113637915409	0.855610304170613	21
0.026835471178945	1.24097833643538	21
-0.078796704924205	1.48332749287012	21
-0.051392653046171	0.759700407091277	21
-0.034913713452576	0.917422842948146	21
0.042829672013215	0.417195395366167	21
-0.03598245640531	0.584554054119257	21
0.063225011552794	0.241260158221318	21
-0.01979774380441	0.470826038218344	5
0.085014461724164	1.03545557628438	12
0.045371595288174	0.753216183734478	12
0.082781332017295	1.11990656974618	5
0.104581122923749	1.00090809144625	5
0.030111936778992	1.09066321334097	5
0.107666992221226	0.542038786299811	21
0.020924014220921	1.4419768847768	21
0.059828835357827	0.843992852050427	4
-0.019130459842684	0.469729811542284	21
0.058726031221696	0.58465985269774	21
0.084160162681353	1.05422175135284	21
0.077977525488786	0.80752833084922	21
-0.09356627166378	0.570993915369346	21
0.079768259282671	0.802596416413228	12
-0.045006092936135	1.74697712963806	5
-0.017045104785994	0.968897244250051	5
-0.095557244115477	1.92435056419718	5
0.00509923850502603	1.42069069719063	4
0.099154703793697	0.575683504550821	166
0.08732234015654	0.949642796978173	21
0.034435937938972	1.17112834098428	21
-0.117435929664839	1.36327164547864	4
0.117543459527649	0.507517273214576	4
0.035525612318934	1.35103649730822	21
0.00608016678708701	0.56951543901323	21
0.013295224542082	0.532812669883893	5
-0.052947874701884	1.69027332300032	21
-0.095860111601333	1.25203254227199	21
0.090034198825855	1.11746196912706	5
-0.010741506255472	0.675611286724252	5
-0.05661055031867	1.36235968200055	5
0.115699927638659	0.823645121091255	5
0.098319076776457	0.577449459590172	4
-0.059613452765853	0.898041701493847	166
0.109679384665186	0.473983351990925	166
0.01322378166592	0.987557457465167	166
0.057480107294213	1.13046093414166	21
0.12191524160566	0.88219525696469	21
0.118908455562601	0.853271770976174	21
0.107266663988634	0.823163378581311	4
0.065815789299279	0.647374278592234	21
-0.047321322408846	1.14179112766779	21
0.111616824498751	0.740073192710048	21
-0.095818764626744	1.40636559067216	5
0.07267781566894	0.839495634753374	5
0.020779269697143	0.660563219090902	5
-0.091924687819436	0.605748927405367	5
0.097193797778579	0.370352533823233	5
-0.013090340540153	0.432693818985329	5
0.119809368862474	0.703942367114515	5
0.097552912834591	0.706181850511242	5
0.092051132417897	0.857566369644376	5
-0.091492153989289	0.981520386577969	5
0.050279488543512	0.816875066247797	5
0.037394339571766	0.6907125904853	5
0.058421029070208	0.585158799233521	5
-0.091414451746	0.677777155180889	5
0.120908782280104	0.439465632192289	5
0.048085245819898	0.522123871725681	5
-0.066970467205364	1.1239162529739	166
0.034788266512843	0.820869268938419	21
0.091360231024557	0.609001915069579	21
-0.092605664682808	1.01731445418068	21
-0.022659895902868	1.00989128010554	4
-0.0926776880421361	0.714674628222964	21
0.032937424601462	0.591862534296235	21
0.089554809936228	0.544090997163656	21
-0.021552003691613	0.777832107881589	21
0.112261970866323	0.404378858064621	21
0.112420917132722	0.404173481040559	21
0.042594415331845	1.85604163799981	21
0.055717131225913	1.23979106425162	21
-0.044477121552827	1.05257670511527	5
0.052299175667606	1.33867912359153	5
-0.05383349013495	0.794679646630524	5
0.00453412272946302	0.928118246347167	5
0.054366530384483	1.1608552743161	166
0.022473490770779	1.72714311332083	21
0.088064239866716	0.546558729937852	4
0.058592780191237	1.29200417252319	4
-0.092244599930095	0.679076264499811	21
0.098544808825536	0.577014629575048	21
0.113509663270645	0.576665557290401	21
-0.018535132078305	1.44592203591914	21
-0.012651326702292	1.11949115672351	21
0.024185848029338	0.912038258368142	21
-0.057952740094836	1.87145392242832	21
0.094631017368918	1.18017265926483	5
0.00508923230152097	1.22899886811945	5
-0.053813629861326	0.794656012305953	5
0.058818379695674	1.19212743116015	5
0.020734625605276	0.794858021677523	5
-0.095613055671553	1.37527144768189	5
0.058644086294906	0.484397752317054	5
-0.036806973344491	0.585663853737432	5
-0.00389861278715498	0.835495814815225	5
-0.066912298326553	1.09534659920693	5
0.06715979925241	0.549206720552006	5
0.066280085714151	1.19062947964936	166
0.120284886076403	0.605669305376197	4
-0.094635072538837	1.12029860343314	4
-0.020194170901466	0.471271151397805	21
0.080258276692184	0.944026769118132	21
0.094064513283858	0.970870515149505	21
0.10455624512472	0.673014152042189	21
0.085930128211591	0.479330749916228	5
-0.0709352642289059	1.16646744703598	5
0.122615683754169	0.93074831708801	5
-0.018342227263116	0.972653295350033	5
-0.073926854284128	1.29217718779613	5
0.056394531815095	0.377214677649399	5
-0.051197627026652	0.759411603528431	5
0.059097632837556	0.583978756890259	5
0.076854524270665	1.23596173020659	4
-0.040795336479998	0.621881832234555	21
-0.092047807286355	0.713764914572068	21
0.00650488398980897	0.568892742144565	21
0.022530526863658	0.493902281153348	21
-0.092104637711582	0.569301317238057	21
0.106500250219244	1.03330292542211	21
0.11891551718054	0.608855209314091	21
0.074757813573399	0.681032333270009	5
-0.074059651073985	1.29277383019152	5
0.068551743297748	0.71392081369809	4
-0.036185093621835	0.584849469376033	4
0.041169998718496	0.555263316996458	5
-0.072781581389516	2.01298333454349	166
-0.00107303623959898	0.989731204974465	21
0.039476307543264	0.558099243679258	4
0.067944710210761	0.547683282792302	4
0.063122531782013	0.745543818495693	21
0.000101741966853974	0.60481096462657	4
-0.091570575560238	0.780942132717641	4
0.053935339217867	1.16258505256837	21
0.0262529823974	0.115740974734865	21
0.03210719792704	0.455727797299038	21
-0.00234480022832195	0.391094866747402	21
0.122377806503482	1.13713270008168	21
-0.061398628998322	1.54764944947993	21
0.122010142632574	1.09133967930549	21
0.017633951875403	1.09648787068399	21
-0.051710308335275	1.23670390043851	21
-0.095175879376156	1.4341566512773	5
0.050951849635247	0.815195780698169	4
-0.00981716598284099	0.674130685171977	5
0.121592154496493	0.883282316740253	166
0.093602779847663	0.852668090213975	21
0.051651381666876	0.618925536494088	4
0.065961218698596	0.808915937419873	21
0.096124359857075	0.70981215339435	21
0.064780011454118	0.649526826703396	4
0.08882433313041	0.680475052604591	4
-0.00243505128163402	0.391188927012563	21
-0.051525987765402	2.00596670881936	21
-0.058270309601544	0.894685246826574	21
0.060095198887654	1.26896351881841	21
0.056747540070784	1.36518360519964	21
-0.052199684015424	1.23857569588203	5
-0.018286920470077	1.42130408109512	4
0.050097194312588	1.28221272754498	5
-0.092896652916679	1.6705835037137	4
-0.053024503124666	0.792963101839951	4
0.020293331631937	0.661535524528465	4
0.088959585745042	0.545130625691864	5
-0.048172320476635	1.11817878596087	5
0.00730773215862701	1.19829013230844	166
0.093305693943202	0.973639938509354	166
0.090976271540634	0.609805969456756	4
0.111134517537031	0.471486724612482	4
0.082205432203	0.77869261386628	4
0.053197164593421	0.988438746806695	4
-0.050870355591902	1.18076709206805	4
0.069150575011149	0.71254613333021	21
-0.095387000226074	1.49626253711395	4
0.079831242193032	1.00887361652251	4
-0.073565217479721	1.26234055179403	21
-0.039841352472369	0.620670789936753	44
0.097123321225127	0.57959886110514	44
0.117169867089923	0.508060294186958	21
0.055192574768522	1.05165363871513	5
0.081001194586139	1.06645744436705	5
0.037115767717919	1.02611097645231	4
0.036015325039397	0.817311265369258	5
0.064148947004745	1.0699079847317	5
-0.0434274711641059	1.02173403433867	5
0.039789974496354	0.557669236433113	5
-0.057212342110723	1.39194234261121	21
-0.011235440108945	1.11451597171711	4
0.110643460301643	1.05589393512841	4
0.062405307513692	1.24189336752544	4
-0.0563391900197751	1.36121987887697	21
0.088659010061838	0.545580887756773	4
0.068272022499204	0.44907382072335	21
0.035156440731365	0.819953526522603	21
0.039409045364013	1.31513888961578	21
-0.064647909280526	1.6175136516199	21
0.062981434703779	1.36457587287707	5
0.051704924293704	1.34145341780564	21
0.036281600731577	1.14431179304098	5
0.065127950856783	1.195795463145	5
0.118231715181339	0.707948217202888	4
0.122134087882834	0.437615940782479	5
0.035193273056072	0.819844343969686	166
0.049373534239239	1.11047947533572	21
0.047970329379093	1.02393029121668	21
0.118410793106957	0.609937136316893	4
0.119093215724255	0.705821742993639	4
0.057067010037413	1.04483843204801	21
0.102094510706868	0.796686301224064	21
0.096987024954288	0.826876325731642	21
-0.122375221347158	1.13821244366372	4
0.075342262413582	0.748214869774718	4
-0.110094051862665	1.75632953514876	21
-0.00129770492126302	0.990957044490843	21
0.023135630787096	0.492981526010821	44
-0.092318979290705	0.606820299010366	21
0.122950132149531	0.541862035909029	21
0.03707942594196	1.12090867707784	21
-0.094277124412954	1.43088929770786	21
0.00555840662900597	1.51976312154629	5
0.110419255804406	0.798828898537979	4
0.12286789127679	0.878902766057291	4
0.101705309157449	0.855497234540178	4
0.04583819176846	1.33654673253305	4
0.030658455921764	0.457512413004635	4
0.04295525212879	0.417167647331946	5
0.112530448425592	0.404012653008842	5
0.080115648549745	0.801582703566176	5
0.046480823566791	0.84676601092598	4
-0.0101329739306349	0.900453266116823	4
0.034788266512843	0.820869268938419	4
0.059821613905284	0.930292881919673	4
-0.080130557161432	1.7529367743212	4
0.118214479076126	0.506233365266674	4
0.012495177063973	0.700841829341533	21
0.097683349191533	0.369610569089534	21
0.111346480836826	1.05282355668258	21
0.108615802781606	0.763117229532636	21
-0.0458517864736811	1.44827963314929	4
-0.059313773233065	1.42781240169288	5
-0.024369067410861	1.32965339838002	4
-0.04992886418311	1.62391336983271	4
0.043370490804446	0.656608393440903	5
-0.092686601503847	0.951393501503126	5
0.00413980442103701	1.40386397686726	4
0.093136870271552	0.914346413472214	4
-0.091932038479732	0.982723087827743	4
0.016529077102731	0.827846462138723	4
0.049568220095578	1.1096591258707	4
-0.092562859015908	1.08236198279143	4
0.064065063357168	0.813710179407316	4
0.071237012177496	0.776893137948807	4
-0.020868910002766	1.24323398871593	21
0.091020749766957	0.921191380976585	21
-0.031619387488148	1.13839064047932	21
0.082858674007103	0.918898458301018	21
-0.056672762343607	1.36259834024962	4
-0.092934301748777	1.05080059976078	4
-0.066334381767067	1.73489124178041	4
0.029036005938977	1.43775525986453	4
-0.045524824685196	0.689453090637206	4
0.121438273324815	0.544618413881336	5
-0.030781148535425	1.43116792031501	5
0.074165230104653	0.835408990167019	5
-0.010233968442543	1.06430147270637	5
0.044552658539947	1.2558385426316	4
0.02087521521663	0.794560064539447	4
0.063038904237088	1.15761658941812	4
-0.091272952782793	0.712183603661688	4
0.097155813746997	0.443596550638893	4
0.056961441230991	0.486654238149447	4
0.097388487080777	0.825759525609593	21
-0.00289039561120397	0.83285052141009	21
0.069828946664283	1.16000891325171	4
-0.050634893699146	1.62725586240378	4
0.092602292857152	1.03414594710169	4
-0.092546975787834	1.04955674049414	4
0.033053385192662	0.591579686671578	5
0.026682782263623	0.758175033073943	5
-0.060298759559841	1.45959370457406	5
0.09932616084325	0.994105620534218	166
0.097043797228432	0.885843257118403	166
-0.052053984854983	1.23798879361282	4
0.07318585485751	1.06701038882867	4
0.10899435191248	0.705539754948628	4
0.120123068571966	0.606122926912236	4
-0.096922897651351	1.31768774838242	4
-0.050724746942549	1.18020783863231	4
0.059034318115675	0.846090731657739	21
-0.015130358772357	1.38413109554241	21
0.041323076713178	1.54609157299101	21
-0.039936052129131	1.34547889147408	21
0.000684798465173997	1.48429207397266	5
0.120644727647263	1.06161716122911	4
0.085895982162857	0.970940038754697	4
0.093384827725428	0.913243588968712	4
0.090697824778344	0.610329446511943	5
0.09389192429786	0.791647695668944	4
-0.041498619042069	1.37804306850878	155
0.026235297026724	1.12473020300228	4
-0.0112557366911989	1.29727632812157	4
-0.060752193774528	1.54472037980725	4
0.117670733797547	0.709352520088454	4
0.070426513731365	0.778952327509605	4
0.04331085472459	0.967761712131825	21
-0.036846155085311	0.949811382811512	21
0.026311313862176	1.3774202551949	21
0.042594471482951	0.417583623853717	21
0.052117843083404	0.717022274926295	21
0.071323825958275	1.15408225776307	21
0.088963175556481	1.00503186595203	5
0.121616037459723	1.00832810120154	4
0.010282859673749	1.45557814865795	4
0.048675500295445	0.931956363410123	4
-0.063612908232892	0.997639335255163	5
-0.024643030807081	1.0411122663364	166
0.081251473592277	0.861110749370163	155
0.107706944283378	0.821791824349693	4
0.077438971643097	0.742928615498068	21
0.067241947547442	1.04091840815895	4
-0.094526505528182	1.43197766305047	4
0.00709058063812701	1.07204279449697	4
-0.010714294795344	0.675773457018436	44
0.02547722375549	0.887959950727287	21
0.071670790915145	0.842111315771009	5
0.089049458268839	1.17806689813947	4
-0.00429450112556296	1.2013561427824	4
0.114991209580666	0.880530841035817	5
0.064821524537358	0.897491801374613	166
0.105418243572821	1.28246634748158	5
0.089097448902885	1.12161646903237	4
0.076030529740176	0.894010032499009	4
-0.056591920729193	1.30753657988445	4
0.069211719168295	1.01599456721757	155
0.061352787508792	0.839067628483852	155
0.106352636228987	0.979374200524384	155
-0.059937789405765	1.43049292736925	4
-0.00971935057425	1.06316809580312	4
0.084604097222775	0.975168876188123	4
0.121279119901838	0.438935203153981	21
0.096630297526921	0.827954550071235	4
0.10864506517416	0.540464618123128	5
0.116578066087531	0.76646300142915	4
0.013805233822644	0.986154464355527	4
0.100684013542078	0.800628327089336	155
0.032739306010577	1.06093937784483	4
0.064950689817292	0.896997888379771	4
-0.093217102828489	1.11647111971493	4
-0.031716655276859	1.48467834601754	21
0.121920457031466	0.437959385480014	21
0.058440013844275	0.484522079715433	21
-0.097462662117875	2.14081779713143	21
0.05792944312986	1.29457503316069	21
-0.12284108122927	2.02011889648176	4
0.053714580178418	1.33215119332929	4
0.080027325231506	0.580501101008826	5
0.078984622858991	0.804811503789947	5
0.083653055247585	0.775105816961432	5
0.12199980084568	0.789805332764619	166
0.029627728534327	0.855354157792395	4
0.000449474213284007	1.13900029085642	155
0.038591608701626	1.22839467099434	155
0.054782856646496	1.24411721097147	4
0.048343763336864	0.933165673841158	4
0.089929709827303	0.543348921003549	21
0.072213211512181	0.337109362492184	21
-0.092475762398232	0.883551235904313	21
0.048855792597502	1.37218920163209	21
0.10544215835675	0.997733984329365	21
-0.062417690578124	1.63442826982603	5
0.124871110230972	0.820014901088755	4
0.051517288375747	0.718347593031689	5
-0.060430838444882	1.46027612328021	5
0.06233454637133	1.16016972416417	4
-0.095667352324194	1.83523812578669	5
0.044410193590804	0.96404417886931	155
-0.00918457938192097	1.26581191099723	4
0.089591727381238	1.00272639682267	4
0.118546908895868	0.907521115493195	4
-0.093740163042471	0.495706975391969	21
-0.094351771396851	0.496298882150727	21
0.032138770472685	0.593255303158778	21
0.092368888276336	0.916946672387461	21
0.072777285676223	1.4462347669046	4
-0.00600164675747905	1.40933572658548	4
0.056834052558229	0.780616226885077	4
-0.027783982871308	1.39349147568361	5
-0.00744873610075503	1.05616550847864	166
-0.067809811550411	1.0685463608973	5
0.028487734929519	1.44067737036954	4
0.046843614342395	0.845742291038245	4
0.111840807025222	0.850310362833418	4
-0.02479415841938	1.30680441640246	4
0.106168196670386	0.769592680156207	4
0.011877491796159	1.01361794202536	4
-0.110601341672547	1.62854514137669	4
0.062328038021162	0.836814471596135	4
-0.092723436674331	0.607345267849919	166
-0.119188911662105	1.36922156512899	4
0.027179448424626	0.75735730563361	4
-0.032594173191334	0.884279689611395	4
0.073449531677385	0.837419377866738	4
0.082733720646133	1.23684524248351	4
0.103162040114904	0.676441189416358	21
0.089707818111625	1.06099541876403	21
0.022037020344436	0.791692065520705	21
-0.014302447503346	0.936507670956964	21
0.066788042420156	0.549833472437506	44
0.087523841577717	0.476898032309968	21
0.035607754420551	0.293935836116276	21
-0.053651228834979	1.27040807743785	4
-0.060919182279404	1.46219844709291	4
-0.022176470999928	1.71330652483913	4
0.036550184077297	1.0284052749326	4
0.095659782894365	0.371902625351375	166
0.096758039736262	0.370622179451029	166
-0.020173233198681	0.471287380637453	5
0.011491019710798	1.79540736368374	4
0.066187476028216	0.646535471902119	4
0.093487399359876	1.23964504157896	4
-0.111351772304193	1.76208362565667	4
0.046556211139354	0.938585782069163	21
-0.023042960548204	0.780826786215698	21
-0.025065127035677	1.75127759061534	44
-0.000606579214693981	0.605772271729855	21
0.079878420168811	0.580730897346817	21
-0.095276992441666	1.18659469777023	21
-0.095262215790018	1.8637594797798	21
0.039977917283374	1.2035341743526	4
0.082722611240367	0.919506407345005	4
0.101802228289887	0.797459520413793	5
0.103065650739371	0.851309771786684	5
0.025713570912182	0.627864501445633	4
0.029237426276662	0.856361760724987	4
-0.00851398372065404	1.44257539496946	4
0.112714623553452	0.94238021364544	4
0.120110906761886	0.702914153282423	4
0.052072958971549	1.08138964286612	4
0.000742797405232976	1.13795350678594	4
0.093470368343484	1.12959039100692	21
-0.116820147777771	1.39412110501589	21
0.083012420198089	1.27708613518776	21
-0.081911467922088	2.04309362631343	4
0.085108160080947	1.48488278715385	4
0.097120853964132	0.767799205883091	5
0.107303867508905	0.879447673150667	4
0.029710065412012	1.43485290985249	4
0.026502777521472	1.26248788369143	4
0.079749106638389	1.14821336612539	4
0.018294310041757	0.951243027668769	21
0.082519231909923	0.645452988888379	21
0.012780341518041	0.533568708190136	21
-0.090971654390442	0.745802576708063	21
0.053230532341412	0.714461543592482	21
0.07204541113779	0.615232233578916	21
0.058117219380395	0.485140094022064	21
0.031290442650943	0.850886123366998	21
-0.091056075906238	0.8131252167182	4
-0.0573597572857401	0.244140038228301	5
-0.00229969220174697	0.390976797784221	5
-0.057446515240923	0.244186902210422	5
-0.087224671595168	0.406295701025261	5
0.095293271570304	0.292182997049605	5
-0.00259385893912201	0.391368853820251	5
0.026238263759337	0.626886232715348	166
-0.031066848310478	0.546895114599143	166
-0.09221138296854	0.643248254835905	4
0.047928184307199	0.522300197581548	4
-0.092068193982618	0.454023887174225	4
0.035992903456802	0.293640871580907	4
0.019007967983133	0.664029014709326	4
-0.092350013488996	0.454283781079798	4
-0.093802413572341	0.533830252999633	4
0.072295563918291	0.336972703067653	4
-0.093437967101719	0.533430456005962	4
0.012472846754887	0.533793597704937	21
0.067048426917064	0.549104326792736	21
-0.039485384149715	0.619978373172074	21
0.022126697384888	0.494447752389597	21
0.013552197673018	0.532310628741117	21
0.05597937661558	0.377744759719275	21
0.06978757798138	0.447095535444526	21
0.043155098637378	0.416913404491375	4
0.030485668862764	0.457781494426325	4
-0.0778349197441151	0.304616906853004	5
-0.078366195943847	0.304991046538971	5
-0.00182324771703402	0.390525043771938	4
0.070299416912097	0.446268442306551	4
-0.0929038167565009	0.532773586225289	4
-0.00243505128163402	0.391188927012563	4
0.031137295169991	0.457064117389979	4
0.068332479659699	0.448878010132218	4
-0.05773242323011	0.244317689807602	4
-0.083970743786624	0.357109169794188	4
0.063640832263339	0.24098714637522	21
-0.091728821913437	0.568737422818704	21
-0.092814132007377	0.570248118453724	21
-0.00275266265165297	0.391520211442136	21
0.050011037927175	0.621947215607831	21
0.047470648965955	0.935786473856598	21
0.030818038421359	0.457392927080987	21
0.082503618858362	0.645657351861582	21
0.112824838380017	0.736987892668284	21
0.089628600838922	0.543916445606513	21
-0.044806542036639	1.05353249407792	4
-0.0520231842647621	1.18450713434693	4
0.026151449234869	0.759717401941394	4
-0.123076917340934	1.06841980133268	4
-0.094483977088868	1.40130299137203	4
0.123067074134264	0.640873246767	4
-0.040110077595829	0.621088095261706	5
-0.091053557424119	0.712010861203884	5
0.098220766803788	0.442275144938456	5
0.014432246135958	0.343889725382116	4
0.067903242894522	0.547865081227403	4
0.112689478917592	0.403756468983235	4
-0.014859190696715	0.710195040284618	4
-0.124598653569994	1.10839849047996	4
-0.031669768785819	0.882266717169651	4
0.02638102091861	0.115707480624982	21
0.063387324348854	0.241179490901457	21
-0.036185093621835	0.584849469376033	21
0.095012966126298	0.292440183228284	21
-0.093027055626599	0.680135094058183	21
0.00582067655716101	0.56991401171547	21
-0.031951566889572	0.548156182168956	21
0.112212473996511	0.404473684708393	4
0.071525989305372	0.337640838743541	4
0.03133995669537	0.456801315054818	4
0.012884925896817	0.34529864615809	4
-0.012581259499698	0.432199645141202	5
0.056000152004775	0.377726196996915	5
-0.092392172618476	0.454088286045624	4
-0.031188761840414	0.547043435048508	4
0.013405008171979	0.532728365926452	4
0.097310688999986	0.370199452955939	4
-0.049130101411208	0.725718931366561	4
-0.012216849705747	0.431751887176327	4
0.0424350455886	0.417732308005051	155
0.095252512938064	0.292219909465696	4
0.063965386232183	0.24079747670908	4
0.013530480131903	0.344790116942594	4
0.064173260217721	0.240637929437678	4
-0.0573597572857401	0.244140038228301	4
0.064010993494468	0.240746920738287	4
-0.092916357795533	0.532806037333999	4
-0.03090560321692	0.546614954633273	21
-0.039106392946445	0.619327606539321	21
-0.092271419302771	0.569549220607367	21
0.097310688999986	0.370199452955939	21
-0.036143997585816	0.584807614189286	21
0.026578001979463	0.115632916852932	4
0.02638102091861	0.115707480624982	5
0.0262529823974	0.115740974734865	21
0.035268755627529	0.294177274901549	21
0.026578001979463	0.115632916852932	21
0.0262529823974	0.115740974734865	21
0.026706095798448	0.115599424911331	21
0.063341823150478	0.241185283945239	21
0.108661707314159	0.47499687280437	21
-0.091233703545093	0.605072747001552	21
0.094673832924927	0.292725548193684	4
-0.092464425114499	0.950754176893821	4
-0.093802413572341	0.533830252999633	4
0.094813890958554	0.292586727182141	5
-0.092928783006452	0.532781435691555	5
-0.0836560319662421	0.356902286202087	5
0.013151086631143	0.345144656989008	5
-0.0919273242138851	0.453834621063209	5
-0.026885257595861	0.181763584301304	4
0.094633226587174	0.292744513150923	4
0.09491350311491	0.292529750547705	4
-0.00295660626168404	0.391708638897136	4
-0.013115382821158	0.43277654611974	4
-0.026320357908881	0.181536079478803	4
-0.078125665272558	0.304829459171569	4
0.013264142008872	0.344833015595499	21
0.026706095798448	0.115599424911331	4
0.055937999582389	0.377675240402371	21
0.050160543422671	0.621536097642661	21
-0.012373842205199	0.431860546139181	21
0.05217032069379	0.717015089731404	21
-0.0789475760378871	0.305352568186126	21
0.025560530531535	0.628113818547557	21
-0.000624062731979014	1.16510360572579	21
0.014656506925848	0.696758395727497	21
0.069005560162663	0.448163850093577	21
0.068404797638468	0.546916157084681	5
0.049139426591468	0.520510943496094	5
-0.092083483424596	0.569277332103868	4
0.064010993494468	0.240746920738287	4
0.068748640573009	0.448426663303195	4
0.106929447670693	0.543633003668283	4
-0.060003662116292	0.928768576531613	4
0.06713680642213	0.549142737783958	4
0.055791816804272	0.377927469192668	4
0.042670110778429	0.417439895916878	155
0.111169010607533	0.405827190463411	21
0.056915911051126	0.376631573911732	21
0.00564791103698697	0.76411606630213	21
0.097764226693942	0.643277893424442	21
0.071778321177919	0.924352433420192	21
0.008049531671875	0.73470781352447	21
0.10573251542811	0.609258810839695	4
-0.093418372277098	1.51923389578879	5
0.030628862018497	1.50066613835642	4
-0.090454774077997	0.978241878609233	155
0.075398348240811	0.977623759257096	21
-0.00551771988806205	0.64027387368789	21
0.031616409832145	0.456387493022067	21
0.114555367708813	0.882023131204736	21
0.06921144245395	0.866923481239012	21
0.012884925896817	0.34529864615809	21
0.052593391869008	0.716040483408121	21
0.00853583567501298	0.893976838200862	21
-0.073451457643	1.20351051769216	5
0.057303857556922	0.869443026122795	5
-0.040467062403359	0.621591902620875	4
0.069115528473791	0.447926896783931	4
-0.060870195009366	1.48990269335933	4
-0.07189133670701	1.19874281955483	4
0.018366287285095	0.665208120339976	4
-0.022805869741407	1.27496575490056	4
-0.00404013411304704	0.835830619453288	4
-0.037957675268658	0.979594161124644	4
0.120555375791725	0.605093487180506	4
-0.0911638717867021	0.641552013976654	4
0.0000456738121830114	0.604965115790427	4
0.018282735074041	0.66536912122491	4
-0.00250360736842403	0.391215597394412	4
-0.00590312748613298	0.640884585296656	4
0.038500139215889	0.688251822684088	21
0.034591913575105	0.821362156035481	21
0.075852822826262	0.514668964791563	21
0.021601647019882	0.495293764253573	21
0.099279909819283	0.50864232996237	21
0.094813890958554	0.292586727182141	21
-0.02606952404173	0.509413531012852	21
0.058594275909636	0.484476705353551	21
0.013722959200583	0.532236704280894	21
-0.091421359493673	0.712704030405311	21
0.1117456115216	0.405092418928254	21
-0.026472990934628	0.509945679424723	21
-0.00223110848004704	0.390984588410001	4
-0.092110163879485	0.454069042202714	5
-0.087417656387196	0.406431459716704	4
-0.084128055972864	0.357104328885979	5
0.035751510045755	0.293834858211746	5
0.035268755627529	0.294177274901549	4
0.110404954484474	0.18227543759944	4
-0.00336451834856399	0.392036790485142	4
-0.07795522213812	0.304721519494592	4
-0.092209090422583	0.454173626769406	4
0.063919870260714	0.24080384961771	21
0.095492018395004	0.291986479317843	21
-0.084030602818931	0.357153975147905	21
0.104924965386705	0.944344390356948	21
0.063640832263339	0.24098714637522	21
0.10301453172688	0.736113685746561	21
-0.0786568652716531	0.305181939487086	21
0.047973387932291	0.522332047149136	21
0.050830197864641	0.620354893130047	21
-0.12396662168959	1.07088780082417	21
0.00864566433727299	0.733509367482679	21
0.098279139513224	0.368974324750935	21
0.021441236216339	0.495358463490224	21
-0.091732388556249	0.678283475670183	21
-0.0463209733896121	0.690983039289184	21
0.00105474628542102	0.603184895157688	21
0.11299653424721	0.403318873156537	21
-0.036440676574623	0.585128919584933	21
-0.09353631169468	0.495470009908809	4
-0.00291146240248996	0.391640956184023	5
-0.093437967101719	0.533430456005962	4
0.014176057211165	0.344179114842199	4
0.11014847185024	0.182450980352605	4
-0.0836560319662421	0.356902286202087	4
-0.0836560319662421	0.356902286202087	4
-0.083970743786624	0.357109169794188	4
-0.092589905214655	0.454477971661214	4
0.072453483998906	0.336856890400165	4
0.013407361297059	0.344927894499103	4
-0.092350013488996	0.454283781079798	21
0.055625007056894	0.378104530357655	21
0.063225011552794	0.241260158221318	21
0.081910019256978	0.409666331262825	21
0.096520486598249	0.645788191309935	21
0.062211299886675	1.24283702167649	21
0.059402678531621	0.583362768773973	21
0.070768115469959	0.617555975608304	21
0.00803315778358199	0.89544993729947	21
0.03222363558425	0.723861475072226	4
0.123600116280169	0.540661797316173	4
0.042233645527385	0.417961856946587	4
0.115855369624907	0.329239372403593	4
0.027330256612756	0.624632384340336	4
-0.018644407793064	0.744609283144182	4
-0.039792020565484	0.620614099107556	4
0.094673832924927	0.292725548193684	4
-0.093629194772229	0.715930709589719	4
-0.00988187639115101	0.674191415330892	4
-0.091595417423695	0.605711479362522	21
0.056896199200658	0.376683671123149	21
0.094633226587174	0.292744513150923	21
0.031296969441126	0.456862278708607	21
0.1158109101559	1.57111757492953	4
-0.058621239016351	1.39770205522731	4
0.073098100802422	0.920131722251146	4
-0.050269332834222	1.15164841044534	4
0.109479502871194	1.32065625898422	21
-0.025848249320807	0.814303086985355	21
0.058434412480448	1.41914727194276	21
0.037633395841892	1.42982686297589	21
0.051957140748834	0.812384833720516	21
-0.0366682732734071	0.949302175358063	21
-0.091494683440845	0.948452518372809	21
0.115034037343472	0.573576227612319	21
-0.083161645337096	0.356525507063071	4
-0.121901948479455	1.20709206011175	4
-0.0919691992935689	0.453958851142532	4
0.121550264194257	0.438516442438696	4
0.013151086631143	0.345144656989008	4
-0.091348522473823	0.453318990214818	4
0.112321917527499	0.404302611795431	4
0.058494477165833	0.484536664432158	4
0.109891605996089	0.182584068814176	21
0.035222618287215	0.294184070405532	21
0.08283736872443	0.408607168892672	21
0.074606911206846	0.980273615484607	21
-0.094241923437239	1.24682632253104	4
0.05221141170085	0.811812527645723	4
-0.059609424289762	0.927560144593135	4
0.057781941408864	0.586231663429707	4
0.021647565006658	0.920103409383506	4
0.047804977068178	0.522395542466456	4
0.091413467709564	0.799437009792492	4
0.013434674084806	1.13276918632596	4
0.07627390021632	0.677634678902596	4
0.086884316503612	0.477900043663358	21
0.112261970866323	0.404378858064621	21
-0.043471014734638	0.65645951522171	21
0.109921195354096	0.473508686482532	21
-0.05675335435315	0.830757612904769	21
0.058287660952355	0.585432098158875	21
0.021954573812254	0.91919811523992	21
-0.091313103150066	0.881146178928327	21
0.122735919688219	1.05308912644781	4
0.100773955298379	0.973991555040737	4
-0.057809856264913	2.21785028879352	4
-0.094055647480682	1.55278862192654	4
0.090570600617727	1.04180846841417	21
0.100571181880744	1.37082956441249	4
0.110817541624375	1.19340360720505	4
-0.054109916331439	2.04650440239158	4
0.11171943319065	1.10196783280512	21
0.020251188115932	1.86414274732286	4
0.059336915956917	1.1055992383344	21
-0.0566487642118621	0.861109272479025	4
0.123228786551543	0.541396154501776	4
0.077350696417203	0.743248943721583	4
0.109808377407228	1.00632742601486	4
-0.067539076239202	1.06764215931309	4
0.097214009600912	0.707061844531731	4
-0.035539589261344	1.22706089000884	4
-0.077024228653527	1.53534707781298	4
0.074197222068818	0.682020916919655	21
0.041455351180449	0.880427342756133	21
-0.02274408798566	1.03506209293125	60
0.110134945315037	0.53732818484313	21
-0.086937235044754	0.406028146644531	98
-0.037076179757271	0.586067814972039	98
-0.087177451431011	0.406239915798469	98
-0.012399064609477	0.431984414646556	49
-0.036143997585816	0.584807614189286	49
-0.0573597572857401	0.244140038228301	49
0.01391984669302	0.344446413676395	4
0.063432917030551	0.24113081715485	4
0.055771104078338	0.37789781528763	155
-0.086216518588098	0.405258253811307	4
-0.087033724198061	0.406040554766397	4
-0.032030766682655	0.548277030969438	21
-0.087224671595168	0.406295701025261	4
-0.11314028073107	1.63984438888187	60
0.050642915740237	0.81594259797889	60
-0.00045220336866203	0.965260467357517	21
-0.11726466410581	1.4284009760269	98
-0.096419283211662	1.31634175656714	98
-0.122428097381391	1.13842515757768	49
-0.015024495616669	1.15079936827047	49
-0.092315137232363	0.983626458849083	49
0.056187701026521	0.377517665018346	49
-0.0927549317276281	0.984732871662992	49
-0.093831089326907	0.495749974642411	49
0.115415235821136	0.329798631553162	49
0.065961998406718	0.647029787315606	4
-0.087080955764592	0.40618193287197	4
-0.013077639809664	0.43256927260173	4
-0.0919691992935689	0.453958851142532	4
-0.083221610013229	0.356588056116416	155
-0.091988338410801	0.678732530843349	155
0.086367986849244	0.478577751098572	4
0.048982276279015	0.520776330389189	4
0.11014847185024	0.182450980352605	21
-0.091447417815216	0.453384995570681	21
-0.091828261289837	0.453809092898902	21
-0.069943712140101	1.13404924455005	60
-0.109122793837823	2.00356866374307	98
-0.075135317007097	1.35374371590844	98
0.00879417824634798	0.733167267305202	98
0.097193797778579	0.370352533823233	49
-0.040477457250447	0.621616311784318	49
0.093709353429131	0.972139109996156	4
0.073139764773598	1.06706354237936	4
0.105221883675754	0.610287979588454	4
0.099126591093634	0.440928435054212	4
0.014176057211165	0.344179114842199	4
0.006135251426096	0.569470217069731	155
-0.049928049510778	0.727130019660043	4
0.043082507795702	0.968423752836124	21
0.043274250228148	0.416751661271107	21
0.013407361297059	0.344927894499103	21
0.013663614686415	0.344695396452043	21
-0.01310292153929	0.432759392263541	21
-0.076021174898999	1.41427180112336	60
-0.02466156099841	1.30660339243913	49
-0.094064344987027	1.70631450910932	49
0.110334213499264	0.472900896359237	4
0.105362387987423	0.610022788395967	4
0.097906485992723	0.44271146020139	21
0.067247675081102	0.549008448189833	21
-0.091707664254985	0.56867089370734	21
0.117170595831168	0.508167662719152	21
-0.108996614063566	2.06448749110375	21
-0.075262728240372	1.35407364580684	60
-0.0958035230747269	1.71462509631555	60
0.016177929316108	0.957187617397594	98
0.013563969168579	0.532494706151843	49
0.048085245819898	0.522123871725681	49
0.122134087882834	0.437615940782479	4
0.007787089133026	0.895944038703952	4
-0.03038078732684	1.69106748616116	4
0.09042725749797	1.05833550653468	4
0.013663614686415	0.344695396452043	21
0.098489037513036	0.441903127065782	21
-0.0935817551836891	0.495540001547722	21
-0.082686343586285	1.93700125960363	98
0.116350602940487	0.509454958234794	49
-0.091812840158863	0.814984995205411	49
0.085797640925724	1.0921810735569	4
-0.080418429658179	1.66645356135482	4
0.030226865738645	0.853815689963617	4
-0.043471014734638	0.65645951522171	4
-0.027134818143997	0.844077570069731	4
0.03662141954361	1.43471418655253	4
0.09491350311491	0.292529750547705	4
-0.092299233014365	0.815893222798339	21
0.034883635393671	0.294425452050755	21
-0.093211364565285	0.570624736456167	21
-0.095430360995276	1.43548345654774	49
-0.073624791199183	1.23327488491395	49
-0.014946964982284	2.26184213870236	4
-0.094520736417482	1.40132124408992	4
0.103651270731277	1.05920245452203	4
0.047599887002225	1.46122543459496	4
0.012866445119264	0.85982829352085	4
0.097804985368664	0.442778128446237	21
-0.051975447997163	1.98396052823211	21
-0.037188917566244	1.6087199236171	21
0.062472945150441	1.3831531617125	4
-0.000527382557419021	1.61247154242356	4
0.060614058827619	1.37529699665909	4
-0.057183091712611	2.21311609440212	4
0.080771761556576	1.18723107185552	4
-0.062512332519334	2.0263443319994	4
0.094164453795249	1.48142785066658	4
0.078096328261598	1.27337887088424	4
0.036831068549972	1.86569360751463	21
-0.00100907165525899	2.2743963704376	25
-0.020790343304003	1.83523859931125	25
-0.00833343436073197	0.871152999258574	25
-0.059094191743192	0.896742216316423	25
-0.110473567976488	1.78978710952974	25
0.016947288302151	0.826822186697594	4
-0.113643055637158	1.57672517646538	4
0.028079582006429	1.53250361204956	4
0.111090288168786	1.22872604277401	21
-0.0196309712423141	0.470603087144187	4
-0.036551195637423	0.585386024058808	4
-0.004483531526431	0.836581033089326	21
-0.121827481675073	1.2064318922557	25
0.098995221074561	0.509225002790609	25
0.087181347247385	1.57397880015083	4
-0.017598826764627	0.742461554666327	4
0.048410063688965	0.932981811986143	21
-0.057467749911744	0.862897827420308	4
-0.119514847513404	1.40321243011485	21
0.051647557497849	1.1897010310664	21
0.020211646339883	1.66903050564603	25
-0.072484772230772	2.03777918647235	25
-0.09192894789795	0.815178800663512	25
-0.064316569377362	0.999610582051045	25
-0.015604636829227	0.940020246118684	4
0.063594296358279	1.29976624232676	4
-0.093645626661516	0.986570321244852	4
0.057543446017356	0.485915409078274	4
-0.031066848310478	0.546895114599143	21
-0.049410224185776	1.14907247406824	21
0.086071815849046	1.14958974082599	4
0.020724631444433	1.06506868314732	4
-0.091767221419359	0.642525112773507	4
0.013550154301437	0.34468117084081	4
0.09553708003501	0.711205159601577	21
0.080208732739912	0.864388126948964	65
0.04377229287476	0.853615456192492	25
-0.095764521403426	1.34520904840699	25
-0.092893058568158	0.714944622621686	25
-0.092688260660174	1.08275585711605	25
0.042871557183672	0.417223422775436	4
0.072200862644443	0.337095800465375	4
-0.09243816897969	0.569761494842043	4
0.057814408914935	0.684253602103975	21
-0.032878562292205	0.885009932060253	4
-0.082629798397334	0.356017714403008	4
-0.087080955764592	0.40618193287197	4
-0.056035091136419	2.08283438548886	25
-0.093922099208025	1.55225686721236	25
0.030934566669572	0.457313763108954	25
0.098747896235029	0.441474542523971	25
0.063803094020906	0.240906518793572	25
0.014187893273515	0.53153423952425	25
0.109832821964509	0.47372705980324	4
0.0865139445077	0.478482631356331	4
0.124158677067518	0.87420568519059	4
0.042191614976241	0.418029753020156	4
0.026391326109502	0.626570309499132	4
0.038681156192843	0.687721694933364	21
0.085986524946075	0.47927033491101	25
0.089697585379827	0.678554907028678	25
-0.095266387423975	1.31267868744714	4
-0.000594112500021948	0.605979154538146	4
-0.02539633860517	0.813330391816856	4
0.092986880003432	1.50116106570495	21
-0.04607268830568	1.08456528955181	21
0.013786679258054	0.344541149572927	4
0.068944491804931	0.448204567876542	4
0.044505310997416	0.754993847563645	25
0.035375239899887	1.0322676598953	25
0.087729105984889	1.33555379609341	4
0.000990952516180976	1.6054996207733	4
0.115751252374644	1.38767407552396	4
0.010591547770089	1.01768695398112	4
-0.015207757185508	1.1514450105846	4
0.033793341370455	0.590195730029318	4
0.103895012807791	1.23978591873856	4
0.028519809611498	2.09216042998662	25
0.069853088598719	1.29959420507721	21
0.033681172383242	1.64093481863765	21
-0.029126351987649	1.13024469086718	21
-0.018971433586767	1.62861170284356	21
-0.122826599773183	1.9544253697127	21
-0.034021043470034	1.78112649905525	4
0.002152908033762	1.89368504651688	4
0.083986662432608	0.97774336087061	4
-0.020490796014098	1.24204566903235	21
0.011734819424081	1.42840604747822	21
-0.032582888027378	1.46383071788658	21
0.012189393941137	1.15898113098902	4
0.059775830667866	1.35023086452677	21
0.013537529529109	1.51697383486302	21
0.11490338744227	1.14876841208229	4
-0.112786244864637	2.11443666821138	4
0.057725126114703	1.78089159851946	21
0.104133261786577	1.45624390401573	4
0.03259980201617	1.41924649538703	21
0.114281032842729	1.11517822090462	21
0.032646191873754	1.49078457430409	4
-0.061638469952769	2.07134369865348	4
0.121901442817607	1.16126624810431	4
0.101222216263919	1.12286383002984	4
-0.108449728893438	1.93750231876796	14
-0.098465615913929	2.2621134995197	14
0.071129951597646	1.841422895505	4
0.01608158587463	0.828671171755626	4
-0.062839000064945	0.96590655493553	4
-0.091930984376667	1.01558530533941	4
0.020780715276166	1.3268151527549	4
0.075610327088441	0.895262448968962	4
0.069697724567365	1.73872814500758	4
0.050798616682681	1.74158546420162	4
0.050991108007124	1.60310978838755	21
0.029391655635494	1.63270902595601	4
0.073732323890949	1.06481489429306	4
0.097699800165011	1.642903737603	4
0.090160570592647	1.05936824638485	4
0.09951797324942	1.65192351894892	4
0.090650674450117	1.1565934521244	21
0.031372457581479	1.77374750185315	21
-0.04364109928199	1.41292447885369	21
-0.001148224132001	1.16674930894497	21
0.107609925181204	0.766022347662077	4
-0.00886902699271996	1.0606794541289	21
0.0670690930543	1.32870683330179	4
-0.021485156282126	1.00670003443748	4
0.087460621413873	1.14349946521444	4
0.098909809500332	1.52354906798115	4
0.063679795171939	1.48243247247381	21
0.108324862440319	0.763989249349594	4
-0.024808155722015	2.29904485563025	4
0.089882445056589	1.00168358270228	4
0.118895831236733	0.995664117295647	4
0.064594638004417	1.21566660484965	21
0.114914956596282	1.23289545170121	21
0.015994290073607	1.38784338961672	21
0.116372676599079	1.29461940895456	21
-0.046141782377144	1.80277591756633	4
0.015514345357396	1.94807296310438	4
0.106346597461722	1.22785755831651	21
0.079652958472579	1.32362325491274	21
0.090741247866217	1.32123721938555	21
-0.03866590246475	2.06036421178371	4
0.026858740053256	1.95135840047843	4
0.114919980066424	1.3141959344216	21
0.123742659341533	1.26569883235928	21
-0.010741322992754	1.98007496265345	4
0.089343216332743	1.32809967834988	4
0.051558265277178	1.72162288388491	4
0.022020961041761	1.95335616448972	4
0.123006526460894	1.28108187942277	4
0.118509695780325	1.31672573163432	4
0.1134058910205	1.11902356401163	21
0.039814436391814	1.40085507459133	21
0.055301159593299	0.875336112900233	4
0.00417989719239298	1.42535407478377	4
0.021342752710058	1.18459067339674	4
-0.056757405435832	1.36292611145603	4
-0.051950155222679	1.21092915204316	4
0.103936633771315	1.20195181731238	4
0.066695020500323	1.18972131259318	4
0.016969636063505	1.81540612025391	4
0.072032208558134	1.00634465377205	4
0.118948808284834	1.23522356458322	4
0.00585680842074099	1.92508048381855	4
-0.03347273686937	1.95971370981242	4
0.055752980321557	0.96166380662342	4
0.00383514193807999	1.93884721816779	4
0.116428416568937	0.967470077250238	4
0.00718654838786698	1.988375583783	4
0.068616496820637	1.4248644520471	4
0.122480242141542	0.880291255467001	4
0.118135057694077	1.08545683468134	21
0.000497337404907983	1.33652862476576	4
0.039361861339096	1.1131859360127	4
0.042622091169452	1.36995684207795	4
0.101566517051212	1.49520531614753	4
-0.031365048643033	2.10016334660733	4
0.04544407273529	1.16273314470553	4
0.084122949274305	1.34256096812446	21
0.119389233155257	1.19859142486659	4
0.055746652433766	1.04986964264374	4
0.092110456252983	0.977762800895146	4
0.071500238247797	1.88652628547342	4
0.088351623656842	1.68337726086289	4
-0.0255386575682131	1.79933374422271	4
0.095363397463665	1.41169754883812	4
0.038855884204953	1.40578996244453	21
0.062952886951686	1.68988285395689	21
0.062298329182169	0.747841032910595	4
-0.00379247082966705	1.19941676384454	4
0.00231492517494403	0.956950010122564	4
0.100754171669284	0.742225476868443	4
-0.00752912246537696	1.87723806150356	21
0.037778319082815	0.6897837484548	4
-0.117881887361087	1.39799845587014	21
-0.066604729050361	1.09432220280495	4
0.108576293603942	0.706627016579943	4
0.099221948635401	1.28989051474966	4
0.066042814318341	0.977884285079037	4
0.106618461425076	1.92808843684561	4
0.029717239473423	1.73450740325612	21
0.089256854556643	1.58459356511794	21
0.092572705149113	1.61006328688471	4
0.106808565400254	1.75982115300044	4
0.025734483821387	1.58219017953479	4
0.056519860729424	1.66053610820332	4
0.12111171374612	1.17793801180963	21
0.043007303758122	1.94053317201729	21
0.089478142607918	1.11989640654041	21
0.055859803692625	1.80729497300772	4
0.019223426694296	1.5633922687266	21
0.027626758481267	1.23797023804569	4
0.07352215860448	1.14463904485041	21
0.00999183872912102	1.71091129474217	21
0.123588197108138	1.59268168804432	4
0.072635879492722	1.55877465542941	4
0.102015024004731	1.70719098730561	21
-0.054352253397046	2.40287169990581	21
0.018440320102716	1.5868913447908	21
0.039208124647345	2.22849982670681	4
0.01424543440631	1.51383286153785	21
0.109596986691482	1.93672382225484	4
0.072553714135877	1.46260855141978	4
0.073968374077114	1.67174758949467	21
0.057785275928232	1.90053747048426	21
0.088451371428911	1.64890125145945	21
0.105124966008054	1.49577402531798	21
-0.013637747886297	1.70788215719678	21
0.044177525817912	1.49581547100736	21
0.033912769505716	0.942190982376557	4
0.015467194448939	1.27080914810407	4
0.069246085997763	2.0192399803556	21
0.00761430947986103	1.87672273622122	4
-0.053375601499278	0.793769549429444	4
-0.09224104354408	0.815804465380043	4
0.06039332573818	0.752108846883395	21
-0.079068303306524	1.5435503952725	21
0.033763933897552	1.72453054140716	4
-0.027440301182067	0.511009194019592	4
-0.032030766682655	0.548277030969438	4
0.021061707846259	0.92173152088345	21
-0.075247843157111	1.46950718188887	21
0.100001483579186	1.033026130059	21
0.098776372496206	0.509606701015321	4
0.025800961289099	0.627699010867176	4
-0.012585225635956	1.11930312447752	4
-0.005428820171551	1.026796851791	21
-0.094826912232189	1.52452684581058	21
0.051948696486129	0.618287143680057	21
-0.0175557184631	1.18312418015307	21
0.057514889767849	1.04367240921853	21
0.072938095451604	0.613474890160153	21
-0.015383628658414	0.711096566945912	21
0.124699172391395	1.04434853071624	21
0.057596071121917	1.19691732835658	21
0.099810655883789	0.439849858927379	4
0.08832613194692	1.50459721796229	21
-0.00510506535206301	0.639537440611525	21
-0.046534077335469	0.691349539586738	4
-0.00514756816014095	0.639651149778991	4
0.098410953963169	0.641823188915521	4
0.084908787597011	0.974561373245644	21
0.040103636925055	0.557150288907575	4
-0.0915987263749139	0.88177802739434	21
0.122247357701469	0.642790029725621	21
-0.0498734368671619	2.45500800321256	21
-0.038967516886241	0.982665057129006	21
0.105912665772935	1.17918490596651	21
-0.044006846497631	0.657287775331968	4
-0.00659458357210796	1.60572452660059	4
0.00636633203366499	0.899600346590693	21
0.044355551549602	1.76884318103308	21
-0.0609408024841021	2.36071676671994	21
0.094191621023312	1.23643736129585	21
0.026019648667113	0.627298624523787	4
-0.091573434776098	0.678047629172149	4
-0.057244996865337	0.862400676552896	4
0.122761416269533	1.31456930823564	4
0.070687824140967	1.01117605601028	21
0.074948077354908	2.1586842490158	4
-0.015887895676432	0.711999800588389	21
0.019934641602522	1.79637200505858	21
-0.015707387021033	1.7183429649278	4
0.099866165356136	1.28662873906303	21
-0.079207150122517	1.63278566908085	21
0.017494164900561	0.825462189620173	4
0.116984183355587	1.25743926291714	4
0.116240543765871	1.76237871335503	21
0.033966815596108	1.7410305359151	21
-0.11818391363832	1.1951495291131	4
0.076538735298955	1.75351020356201	21
0.110848859403684	0.853491705540695	4
0.032991319211032	1.40030956117403	4
0.12475414283321	1.36563768046613	21
0.116274881508867	0.509613645470652	4
-0.052727198560854	1.2668373265013	4
0.02528656371554	1.14899908757756	4
0.107052480659232	0.767544732190752	4
0.0948784583405	1.01037511606524	4
0.077180121457216	1.15860863269586	4
0.089164840997054	1.94708087773024	21
0.080919508318365	1.74740564572674	21
0.118315191140973	1.20344254698482	4
0.102783873407351	0.909826884293763	4
0.033483136302101	1.37939110702855	4
0.092520856090527	1.40324963817818	4
0.103037828771289	1.779182850207	21
0.087024728787692	1.14543979393447	21
0.117069113347344	1.17460730497016	21
0.11569086745435	0.823586756415631	21
0.045779039882107	0.752212807470168	21
0.050702480530271	0.720232716225924	21
0.088656956211905	1.95107758221738	21
0.118107979726697	1.35040122887702	4
0.052882405716839	0.9894759278666	21
0.106024740019561	1.26625240624718	21
0.042040426871815	0.878772699445771	21
0.079876219438403	0.580662913350565	21
0.122552331356612	0.542624339484249	21
-0.00818700804745098	1.46392416683667	4
0.023491913160386	0.892939375294827	21
-0.093182431927015	1.05155509531882	21
-0.011304478944537	0.676738047418493	21
0.01943375457868	0.947398931427897	21
-0.042674808381158	1.38246209596553	21
0.05980424940831	1.18804216140461	21
0.084614584204609	0.83485352600579	21
0.013911896405691	0.698337903876295	21
-0.02194967919796	1.24699877371721	21
-0.039326363294549	0.619756371854709	21
-0.122092918832821	1.13723150906176	21
0.066306690891265	0.55039070669203	21
0.116752623672945	0.765932603039541	21
-0.049302935728232	0.725951514811073	21
-0.091228779859843	0.81380257309937	21
0.100392603688218	1.63496198702861	4
0.056276545171518	1.36714142406103	21
0.123905074550239	0.540094413099494	4
0.012103440901547	0.861867242549393	21
-0.096461592245375	1.22194381305447	4
-0.036337668530619	1.25519350729532	4
0.080175273630339	0.580210274683572	4
0.071798719165986	0.924415355182131	4
0.064711977345992	0.982699245742114	4
-0.044695493548417	1.41707167807908	4
0.10932853727882	1.06111968470155	21
0.051108325181445	2.1425290858516	21
0.070834847012572	1.15571164894366	4
0.066662341204613	1.8354830741176	4
-0.00821016984864997	1.92305788445159	4
0.052919345371492	1.40046076732863	4
0.085641224062051	1.37559520002514	4
0.061634669874509	2.27610948334976	4
0.076256905622013	1.41285670335342	4
0.109044229663924	1.02346674708039	4
0.040076943005956	1.40002866134918	4
0.074290626359436	1.9695902351985	4
0.100361349186908	1.59173633232865	4
0.101125576108757	1.17648598944899	4
0.075837041784008	1.18052716473392	4
0.117407493319225	1.44064192534134	4
0.000274198220079014	2.2480236245762	4
0.084393736145981	1.34120356935574	4
0.100526799661721	1.454697360208	4
0.117821018241209	1.24076733451815	4
0.04590791105447	1.31852841580576	4
0.071820352235055	1.21401059543719	4
0.043693192808747	1.75733669858998	4
-0.025712824434267	1.77725265202024	4
0.123257974383279	1.49315836986285	4
0.110373759787088	1.87792137917837	4
0.103798100080361	0.674886111700244	4
